date,kodex_open,kodex_close,pct_SC,rsi2,ma60,signal_T,pos_intraday,pos_overnight,net_ret_5bp,net_ret_stress,net_ret_lev122630,net_ret_fut2bp,period
2011-10-10,17863,17874,0.44,82.852665,18980.25,0,0,0,0,0,0,0,design
2011-10-11,18340,18195,0.8358209,92.674195,18923.65,1,0,0,0,0,0,0,design
2011-10-12,18195,18336,0.82673267,95.126474,18870.367,1,1,1,0.0074993817,0.0073993817,0.023209062,0.0076493817,design
2011-10-13,18534,18439,0.82758621,96.727114,18815.617,1,1,1,0.0056173647,0.0056173647,0.014382022,0.0056173647,design
2011-10-14,18417,18542,0.81862745,98.024659,18767.133,1,1,1,0.0055859862,0.0055859862,0.0084182543,0.0055859862,design
2011-10-17,18721,18829,0.81463415,99.384506,18723.167,1,1,1,0.015478373,0.015478373,0.030755712,0.015478373,design
2011-10-18,18495,18522,0.74757282,40.191597,18668.133,0,1,1,-0.016304636,-0.016304636,-0.032395567,-0.016304636,design
2011-10-19,18721,18766,0.2705314,69.277722,18619.25,0,1,1,0.013173523,0.013173523,0.022907489,0.013173523,design
2011-10-20,18754,18241,0.61057692,22.399838,18557.3,0,1,1,-0.027976127,-0.027976127,-0.051248923,-0.027976127,design
2011-10-21,18469,18547,0.45933014,56.618855,18503.883,0,1,1,0.016775396,0.016775396,0.031774852,0.016775396,design
2011-10-24,18771,19203,0.93809524,84.992738,18459.1,1,1,0,0.035119602,0.035019602,0.0705815,0.035269602,design
2011-10-25,19226,19154,0.66824645,77.427299,18412.233,0,1,1,-0.0039949287,-0.0040949287,-0.011315574,-0.0038449287,design
2011-10-26,18962,19184,0.28773585,79.645809,18369.35,0,1,1,0.0015662525,0.0015662525,0.0049730626,0.0015662525,design
2011-10-27,19278,19511,0.61032864,93.523067,18336.333,0,1,1,0.017045455,0.017045455,0.033402062,0.017045455,design
2011-10-28,19830,19601,0.80841121,95.290519,18297.767,1,1,1,0.0046127825,0.0046127825,0.0083798883,0.0046127825,design
2011-10-31,19596,19445,0.44186047,48.967424,18265.75,0,1,1,-0.0079587776,-0.0079587776,-0.020182034,-0.0079587776,design
2011-11-01,19211,19378,0.35648148,34.543243,18243.217,0,1,1,-0.0034456158,-0.0034456158,-0.00040387722,-0.0034456158,design
2011-11-02,18924,19230,0.17050691,15.00986,18226.167,-1,1,1,-0.0076375271,-0.0076375271,-0.015757576,-0.0076375271,design
2011-11-03,19321,18913,0.073394495,4.3857985,18215.867,-1,-1,-1,0.025599038,0.025449038,0.024539519,0.025749038,design
2011-11-04,19248,19546,0.8630137,75.014296,18228.5,1,-1,-1,-0.032920582,-0.032920582,-0.032920582,-0.032920582,design
2011-11-07,19541,19433,0.2,59.359354,18250.833,-1,1,1,-0.005622448,-0.005772448,-0.013638079,-0.005472448,design
2011-11-08,19498,19256,0.42081448,35.893118,18270.217,0,-1,-1,0.01544787,0.01529787,0.017783678,0.01559787,design
2011-11-09,19436,19341,0.18468468,53.535323,18290.683,-1,-1,-1,-0.004505589,-0.004505589,-0.004505589,-0.004505589,design
2011-11-10,18860,18410,0.013452915,7.6168964,18299.35,-1,-1,-1,0.049322855,0.049322855,0.049322855,0.049322855,design
2011-11-11,18657,18816,0.33482143,47.151927,18300.833,0,-1,-1,-0.021824552,-0.021824552,-0.021824552,-0.021824552,design
2011-11-14,19064,19219,0.99111111,71.426814,18307.067,1,-1,-1,-0.021203618,-0.021203618,-0.021203618,-0.021203618,design
2011-11-15,19125,19103,0.60176991,56.489331,18317.767,0,1,1,0.0033850402,0.0032350402,0.0015916277,0.0035350402,design
2011-11-16,19178,18734,0.083700441,24.239158,18341.083,-1,1,1,-0.019316338,-0.019316338,-0.035744323,-0.019316338,design
2011-11-17,18816,19007,0.39912281,58.931808,18374.2,0,-1,-1,-0.0061682983,-0.0063182983,-0.0027306418,-0.0060182983,design
2011-11-18,18702,18554,0.03930131,23.38841,18389.15,-1,-1,-1,0.024087299,0.024087299,0.024087299,0.024087299,design
2011-11-21,18534,18346,0.34782609,15.05176,18403.917,0,-1,-1,0.011232389,0.011232389,0.011232389,0.011232389,design
2011-11-22,18122,18448,0.35064935,37.056213,18418.217,0,-1,-1,-0.0059990818,-0.0059990818,-0.0059990818,-0.0059990818,design
2011-11-23,18448,18011,0.18103448,11.509703,18422.733,-1,-1,-1,0.023688205,0.023688205,0.023688205,0.023688205,design
2011-11-24,17921,18084,0.39484979,28.075701,18420.117,0,-1,-1,-0.0041439779,-0.0041439779,-0.0041439779,-0.0041439779,design
2011-11-25,17967,17953,0.54700855,16.792758,18412.083,0,-1,-1,0.0072540552,0.0072540552,0.0072540552,0.0072540552,design
2011-11-28,18195,18370,0.75319149,76.617371,18405.45,0,-1,-1,-0.022968021,-0.022968021,-0.022968021,-0.022968021,design
2011-11-29,18554,18874,0.99576271,91.459879,18407.5,1,-1,-1,-0.027090535,-0.027090535,-0.027090535,-0.027090535,design
2011-11-30,18803,18771,0.8185654,72.619009,18411.05,1,1,1,0.0017035306,0.0015535306,0.0051774207,0.0018535306,design
2011-12-01,19511,19535,0.96218487,93.249299,18440.833,1,1,1,0.040701081,0.040701081,0.085162423,0.040701081,design
2011-12-02,19531,19541,0.65690377,93.328255,18473.167,0,1,1,0.00030714103,0.00030714103,-0.001618123,0.00030714103,design
2011-12-05,19669,19601,0.34166667,94.593042,18494.6,0,1,1,0.0030704672,0.0030704672,0.0072933549,0.0030704672,design
2011-12-06,19541,19374,0.38589212,38.856162,18510.733,0,1,1,-0.011581042,-0.011581042,-0.020917136,-0.011581042,design
2011-12-07,19474,19535,0.33057851,66.694016,18535.533,0,1,1,0.0083101063,0.0083101063,0.015612161,0.0083101063,design
2011-12-08,19486,19468,0.63786008,48.366407,18568.233,0,1,0,-0.0036797415,-0.0037797415,-0.0067224919,-0.0035297415,design
2011-12-09,19184,18965,0.049180328,9.4352813,18588.517,-1,0,0,0,0,0,0,design
2011-12-12,19276,19273,0.33061224,54.39264,18602.717,0,-1,-1,5.5633949e-05,5.633949e-06,5.5633949e-05,5.5633949e-05,design
2011-12-13,19078,18892,0.077235772,24.411738,18613.233,-1,-1,-1,0.019965874,0.019965874,0.019965874,0.019965874,design
2011-12-14,18829,18837,0.064777328,21.060262,18619.6,-1,-1,-1,0.0029084515,0.0029084515,0.0029084515,0.0029084515,design
2011-12-15,18625,18370,0.068548387,6.321697,18615.6,-1,-1,-1,0.025099809,0.025099809,0.025099809,0.025099809,design
2011-12-16,18455,18574,0.71485944,41.865742,18625.9,0,-1,-1,-0.01104539,-0.01104539,-0.01104539,-0.01104539,design
2011-12-19,18539,18011,0.716,13.530015,18642.883,0,-1,-1,0.030418522,0.030418522,0.030418522,0.030418522,design
2011-12-20,18056,18141,0.276,34.121376,18668.3,0,-1,-1,-0.0071942878,-0.0071942878,-0.0071942878,-0.0071942878,design
2011-12-21,18621,18717,0.912,78.818696,18688.483,1,-1,-1,-0.03147846,-0.03147846,-0.03147846,-0.03147846,design
2011-12-22,18717,18721,0.704,79.016431,18711.883,0,1,1,-0.00013629054,-0.00028629054,0.0077000894,1.3709462e-05,design
2011-12-23,18874,18951,0.98,89.880446,18730.817,1,1,1,0.012285669,0.012285669,0.02484472,0.012285669,design
2011-12-26,19003,18837,0.228,59.396144,18747.633,0,1,1,-0.0060155137,-0.0060155137,-0.012987013,-0.0060155137,design
2011-12-27,18832,18661,0.904,29.0127,18771.55,1,1,1,-0.0093433137,-0.0093433137,-0.021052632,-0.0093433137,design
2011-12-28,18702,18665,0.684,30.625774,18801,0,1,1,0.00021435079,0.00021435079,0.0017921147,0.00021435079,design
2011-12-29,18570,18681,0.42,41.297198,18823.15,0,1,1,0.00085721939,0.00085721939,-0.00089445438,0.00085721939,design
2012-01-02,18712,18721,0.228,66.818082,18837.617,0,1,1,0.002141213,0.002141213,0.0044762757,0.002141213,design
2012-01-03,18892,19310,0.968,97.596089,18861.55,1,1,1,0.031461995,0.031461995,0.061942959,0.031461995,design
2012-01-04,19423,19197,0.124,71.978644,18878.25,-1,1,1,-0.0058518902,-0.0058518902,-0.011330256,-0.0058518902,design
2012-01-05,19223,19162,0.26,61.911738,18892.017,0,-1,-1,0.0041819581,0.0040319581,0.0087844136,0.0043319581,design
2012-01-06,19158,18892,0.024,19.60576,18899.567,-1,-1,-1,0.014096184,0.014096184,0.014096184,0.014096184,design
2012-01-09,18794,18653,0.104,8.8724192,18901.417,-1,-1,-1,0.012728693,0.012728693,0.012728693,0.012728693,design
2012-01-10,18775,18969,0.736,62.769705,18903.75,0,-1,-1,-0.01680581,-0.01680581,-0.01680581,-0.01680581,design
2012-01-11,19059,18924,0.436,53.720463,18910.45,0,-1,-1,0.0023050773,0.0023050773,0.0023050773,0.0023050773,design
2012-01-12,18940,19067,0.652,75.848949,18915.467,0,-1,-1,-0.0075452033,-0.0075452033,-0.0075452033,-0.0075452033,design
2012-01-13,19071,19278,0.9,89.983136,18932.75,1,-1,-1,-0.011061686,-0.011061686,-0.011061686,-0.011061686,design
2012-01-16,19125,19075,0.052,42.323023,18941.55,-1,1,1,0.0049513798,0.0048013798,0.00027014558,0.0051013798,design
2012-01-17,19244,19461,0.828,80.865285,18945.85,1,-1,-1,-0.0028663827,-0.0030163827,0.0075103469,-0.0027163827,design
2012-01-18,19461,19445,0.188,76.620624,18950.7,-1,1,1,-0.0011721571,-0.0013221571,-0.0024195364,-0.0010221571,design
2012-01-19,19573,19737,0.952,91.982118,18959.917,1,-1,-1,-0.0022013757,-0.0023513757,0.011424339,-0.0020513757,design
2012-01-20,19811,20129,0.884,97.099324,18970.217,1,1,1,0.011892202,0.011742202,0.029307906,0.012042202,design
2012-01-25,20129,20200,0.252,97.644013,18980.2,0,1,1,0.0035272492,0.0035272492,0.0081112399,0.0035272492,design
2012-01-26,20330,20219,0.208,97.859171,18993.1,0,1,1,0.00094059406,0.00094059406,0.0026819923,0.00094059406,design
2012-01-27,20322,20251,0.332,98.362801,19007.65,0,1,1,0.0015826698,0.0015826698,0.0026748185,0.0015826698,design
2012-01-30,20168,20021,0.244,22.448454,19020.833,0,1,1,-0.011357464,-0.011357464,-0.022484756,-0.011357464,design
2012-01-31,20027,20129,0.288,55.0374,19041.1,0,1,0,0.0051443359,0.0050443359,0.0091067251,0.0052943359,design
2012-02-01,20073,20154,0.176,62.360147,19051.233,-1,0,0,0,0,0,0,design
2012-02-02,20361,20378,0.484,90.394336,19066.983,0,-1,-1,-0.00093492952,-0.00098492952,-0.00093492952,-0.00093492952,design
2012-02-03,20378,20278,0.14,54.290872,19084.017,-1,-1,-1,0.0049072529,0.0049072529,0.0049072529,0.0049072529,design
2012-02-06,20507,20305,0.344,62.400232,19100.083,0,-1,-1,-0.0015539716,-0.0015539716,-0.0015539716,-0.0015539716,design
2012-02-07,20338,20340,0.412,74.245989,19132.25,0,-1,-1,-0.0017233937,-0.0017233937,-0.0017233937,-0.0017233937,design
2012-02-08,20378,20573,0.584,95.042203,19161.533,0,-1,-1,-0.011419506,-0.011419506,-0.011419506,-0.011419506,design
2012-02-09,20573,20663,0.2,96.946822,19185.6,-1,-1,-1,-0.0043746658,-0.0043746658,-0.0043746658,-0.0043746658,design
2012-02-10,20654,20433,0.068,32.713434,19207.767,-1,-1,-1,0.011140328,0.011140328,0.011140328,0.011140328,design
2012-02-13,20459,20545,0.344,59.103245,19237.95,0,-1,-1,-0.0054706316,-0.0054706316,-0.0054706316,-0.0054706316,design
2012-02-14,20535,20528,0.312,52.815044,19263.3,0,-1,-1,0.00082778377,0.00082778377,0.00082778377,0.00082778377,design
2012-02-15,20573,20791,0.452,89.006148,19300.583,0,-1,-1,-0.012765312,-0.012765312,-0.012765312,-0.012765312,design
2012-02-16,20646,20514,0.152,34.028067,19336.717,-1,-1,-1,0.013412251,0.013412251,0.013412251,0.013412251,design
2012-02-17,20754,20795,0.656,70.720997,19375.833,0,-1,-1,-0.013651738,-0.013651738,-0.013651738,-0.013651738,design
2012-02-20,21009,20854,0.112,76.264635,19423.217,-1,-1,-1,-0.0029890692,-0.0029890692,-0.0029890692,-0.0029890692,design
2012-02-21,20840,20857,0.316,76.713019,19469.433,0,-1,-1,-0.00014495256,-0.00014495256,-0.00014495256,-0.00014495256,design
2012-02-22,20829,20857,0.54,76.713019,19517.833,0,-1,-1,-3.6093234e-06,-3.6093234e-06,-3.6093234e-06,-3.6093234e-06,design
2012-02-23,20671,20680,0.128,14.054439,19556.333,-1,-1,-1,0.0084785939,0.0084785939,0.0084785939,0.0084785939,design
2012-02-24,20693,20767,0.54,52.33054,19587.883,0,-1,-1,-0.0042024672,-0.0042024672,-0.0042024672,-0.0042024672,design
2012-02-27,20747,20492,0.084,13.715434,19616.567,-1,-1,-1,0.013265837,0.013265837,0.013265837,0.013265837,design
2012-02-28,20584,20651,0.696,53.44248,19635.167,0,-1,-1,-0.0077298989,-0.0077298989,-0.0077298989,-0.0077298989,design
2012-02-29,20734,20878,0.86,79.885765,19657.45,1,-1,-1,-0.010936376,-0.010936376,-0.010936376,-0.010936376,design
2012-03-02,20949,20906,0.752,82.35773,19679.2,0,1,1,-0.0057963325,-0.0059463325,-0.010159708,-0.0056463325,design
2012-03-05,20906,20712,0.044,30.469108,19701.5,-1,1,1,-0.0092796326,-0.0092796326,-0.019417476,-0.0092796326,design
2012-03-06,20712,20528,0.012,13.880343,19718.05,-1,-1,-1,0.0085337389,0.0083837389,0.0081637779,0.0086837389,design
2012-03-07,20352,20361,0.308,6.9810571,19732.933,0,-1,-1,0.0081276471,0.0081276471,0.0081276471,0.0081276471,design
2012-03-08,20492,20591,0.468,60.73712,19760.033,0,-1,-1,-0.011233939,-0.011233939,-0.011233939,-0.011233939,design
2012-03-09,20767,20776,0.184,79.653085,19785.083,-1,-1,-1,-0.0089770992,-0.0089770992,-0.0089770992,-0.0089770992,design
2012-03-12,20693,20654,0.232,48.704816,19814.45,0,-1,-1,0.0058872189,0.0058872189,0.0058872189,0.0058872189,design
2012-03-13,20737,20895,0.836,79.765569,19848.75,1,-1,-1,-0.011607205,-0.011607205,-0.011607205,-0.011607205,design
2012-03-14,21119,21128,0.776,90.679063,19894.717,0,1,1,-0.01064868,-0.01079868,-0.014202001,-0.01049868,design
2012-03-15,21124,21124,0.528,89.03035,19937.217,0,1,1,-0.00018932223,-0.00018932223,0,-0.00018932223,design
2012-03-16,21236,21044,0.552,51.543855,19987.767,0,1,1,-0.0037871615,-0.0037871615,-0.0077628793,-0.0037871615,design
2012-03-19,21032,21140,0.516,75.898786,20037.75,0,1,1,0.0045618704,0.0045618704,0.0099573257,0.0045618704,design
2012-03-20,21232,21072,0.384,44.332311,20077,0,1,0,-0.0034666509,-0.0035666509,-0.0069401408,-0.0033166509,design
2012-03-21,21012,20949,0.076,17.700444,20114.133,-1,0,0,0,0,0,0,design
2012-03-22,20903,20965,0.316,28.824355,20147.7,0,-1,-1,-0.0030660814,-0.0031160814,-0.0030660814,-0.0030660814,design
2012-03-23,20903,20937,0.564,19.567501,20182.7,0,-1,-1,0.0013259388,0.0013259388,0.0013259388,0.0013259388,design
2012-03-26,21039,20920,0.044,14.077702,20220.35,-1,-1,-1,0.00075684878,0.00075684878,0.00075684878,0.00075684878,design
2012-03-27,21148,21148,0.904,89.921763,20261.733,1,-1,-1,-0.010898662,-0.010898662,-0.010898662,-0.010898662,design
2012-03-28,21105,21102,0.548,66.305217,20302.083,0,1,1,0.0015408538,0.0013908538,-9.2735772e-05,0.0016908538,design
2012-03-29,21009,20895,0.212,19.711934,20338.317,0,1,1,-0.0098094967,-0.0098094967,-0.018821023,-0.0098094967,design
2012-03-30,20866,20844,0.452,14.641969,20363.883,0,1,1,-0.0024407753,-0.0024407753,-0.0054288817,-0.0024407753,design
2012-04-02,20906,21016,0.808,68.788863,20394.2,1,1,1,0.0082517751,0.0082517751,0.01783115,0.0082517751,design
2012-04-03,21144,21320,1,90.373929,20430.167,1,1,1,0.014465169,0.014465169,0.026814444,0.014465169,design
2012-04-04,21247,21089,0.356,44.062857,20466.783,0,1,1,-0.010834897,-0.010834897,-0.021239554,-0.010834897,design
2012-04-05,20924,21144,0.44,55.035112,20508.3,0,1,1,0.0026079947,0.0026079947,0.0042689434,0.0026079947,design
2012-04-06,21148,21119,0.256,46.706376,20544.133,0,1,1,-0.0011823685,-0.0011823685,-0.0021253985,-0.0011823685,design
2012-04-09,20991,20844,0.128,10.788264,20576.133,-1,1,1,-0.01302145,-0.01302145,-0.028753994,-0.01302145,design
2012-04-10,20849,20809,0.596,9.0221707,20605.167,0,-1,-1,0.0018088946,0.0016588946,0.004864342,0.0019588946,design
2012-04-12,20816,20712,0.184,4.7301038,20629.067,-1,-1,-1,0.0046580832,0.0046580832,0.0046580832,0.0046580832,design
2012-04-13,20878,20895,0.968,65.914187,20659.4,1,-1,-1,-0.0088224057,-0.0088224057,-0.0088224057,-0.0088224057,design
2012-04-16,20717,20734,0.284,30.945284,20680.617,0,1,1,0.0089963569,0.0088463569,0.010786371,0.0091463569,design
2012-04-17,20754,20671,0.156,21.866509,20701.05,-1,1,1,-0.0030384875,-0.0030384875,-0.0066568047,-0.0030384875,design
2012-04-18,20937,20860,0.544,71.69373,20719.767,0,-1,-1,0.016243295,0.016093295,0.027242582,0.016393295,design
2012-04-19,20763,20829,0.416,59.290272,20731.433,0,-1,-1,0.0014565353,0.0014565353,0.0014565353,0.0014565353,design
2012-04-20,20742,20542,0,14.105298,20737.133,-1,-1,-1,0.013859415,0.013859415,0.013859415,0.013859415,design
2012-04-23,20521,20528,0.852,13.129134,20742.283,1,-1,-1,0.00068083308,0.00068083308,0.00068083308,0.00068083308,design
2012-04-24,20361,20428,0.396,6.6020338,20745.233,0,1,1,0.011102604,0.010952604,0.014364231,0.011252604,design
2012-04-25,20560,20430,0.616,8.423118,20752.05,0,1,1,9.7904836e-05,9.7904836e-05,0.001525553,9.7904836e-05,design
2012-04-26,20573,20501,0.832,61.592776,20758.25,1,1,1,0.0034752814,0.0034752814,0.0038080731,0.0034752814,design
2012-04-27,20665,20632,0.936,87.778133,20766.217,1,1,1,0.0063899322,0.0063899322,0.012139605,0.0063899322,design
2012-04-30,20758,20732,0.628,94.011498,20772.117,0,1,1,0.0048468399,0.0048468399,0.0082458771,0.0048468399,design
2012-05-02,20836,20891,0.716,97.715929,20782.333,0,1,1,0.0076693035,0.0076693035,0.016356877,0.0076693035,design
2012-05-03,20857,20854,0.688,75.87244,20791.483,0,1,1,-0.0017710976,-0.0017710976,-0.0025603511,-0.0017710976,design
2012-05-04,20775,20719,0.188,28.835207,20797.8,-1,1,1,-0.0064735782,-0.0064735782,-0.013934727,-0.0064735782,design
2012-05-07,20479,20343,0.108,6.4749336,20793.967,-1,-1,-1,-0.0053695473,-0.0055195473,-0.02066262,-0.0052195473,design
2012-05-08,20462,20481,0.616,40.400041,20790.933,0,-1,-1,-0.0067727968,-0.0067727968,-0.0067727968,-0.0067727968,design
2012-05-09,20350,20315,0.032,21.573447,20788.967,-1,-1,-1,0.0081270746,0.0081270746,0.0081270746,0.0081270746,design
2012-05-10,20251,20247,0.076,15.612719,20784,-1,-1,-1,0.0033485249,0.0033485249,0.0033485249,0.0033485249,design
2012-05-11,20242,19893,0.292,4.0272564,20773.417,0,-1,-1,0.017492587,0.017492587,0.017492587,0.017492587,design
2012-05-14,19911,19902,0.716,7.5167868,20758.6,0,-1,-1,-0.00045323845,-0.00045323845,-0.00045323845,-0.00045323845,design
2012-05-15,19757,19811,0.404,4.3317631,20746.883,0,-1,-1,0.0045325781,0.0045325781,0.0045325781,0.0045325781,design
2012-05-16,19673,19166,0.304,0.61824035,20719.733,0,-1,-1,0.032916708,0.032916708,0.032916708,0.032916708,design
2012-05-17,19166,19158,0.776,0.60536674,20691.467,0,-1,0,0.00031740582,0.00026740582,0.00031740582,0.00031740582,design
2012-05-18,18878,18522,0.664,0.1404285,20652.55,0,0,0,0,0,0,0,design
2012-05-21,18654,18720,0.564,32.445417,20616.933,0,0,0,0,0,0,0,design
2012-05-22,19024,19045,0.276,67.238458,20589.683,0,0,0,0,0,0,0,design
2012-05-23,18960,18820,0.508,39.248969,20557.233,0,0,0,0,0,0,0,design
2012-05-24,18806,18885,0.544,51.027483,20530.45,0,0,0,0,0,0,0,design
2012-05-25,18960,18981,0.668,68.860801,20502.617,0,0,0,0,0,0,0,design
2012-05-29,18963,19276,0.696,90.383206,20475.917,0,0,0,0,0,0,0,design
2012-05-30,19276,19162,0.792,58.912634,20446.85,0,0,0,0,0,0,0,design
2012-05-31,18881,19120,0.468,46.884007,20420.317,0,0,0,0,0,0,0,design
2012-06-01,19102,19068,0.52,31.140121,20395.983,0,0,0,0,0,0,0,design
2012-06-04,18689,18590,0.68,4.3409052,20366.467,0,0,0,0,0,0,0,design
2012-06-05,18689,18778,0.048,42.956774,20336.25,-1,0,0,0,0,0,0,design
2012-06-07,19188,19264,0.864,81.522203,20311.05,1,-1,-1,-0.0040608088,-0.0041108088,-0.0040608088,-0.0040608088,design
2012-06-08,19289,19162,0.652,63.501492,20286.183,0,1,1,-0.0082232764,-0.0083732764,-0.01853089,-0.0080732764,design
2012-06-11,19440,19489,0.472,84.901367,20262.75,0,1,1,0.017065025,0.017065025,0.03659612,0.017065025,design
2012-06-12,19102,19347,0.672,56.255075,20233.067,0,1,1,-0.0072861614,-0.0072861614,-0.015737984,-0.0072861614,design
2012-06-13,19482,19418,0.9,67.291233,20204.633,1,1,1,0.0036698196,0.0036698196,0.007346586,0.0036698196,design
2012-06-14,19455,19478,0.7,77.068944,20178.533,0,1,1,0.0030899166,0.0030899166,0.0038610039,0.0030899166,design
2012-06-15,19521,19368,0.776,36.768034,20149,0,1,1,-0.0056473971,-0.0056473971,-0.0081196581,-0.0056473971,design
2012-06-18,19673,19721,0.708,85.484595,20126.483,0,1,1,0.01822594,0.01822594,0.038345541,0.01822594,design
2012-06-19,19676,19728,0.704,85.914974,20106.133,0,1,1,0.00035495157,0.00035495157,-0.001659751,0.00035495157,design
2012-06-20,19897,19830,0.564,92.443979,20087.217,0,1,0,0.0049203163,0.0048203163,0.0118032,0.0050703163,design
2012-06-21,19777,19673,0.168,38.090078,20066.15,-1,0,0,0,0,0,0,design
2012-06-22,19432,19129,0.004,7.5060765,20036.3,-1,-1,-1,0.015492837,0.015442837,0.015492837,0.015492837,design
2012-06-25,19129,18865,0.104,4.2185014,19998.25,-1,-1,-1,0.013801035,0.013801035,0.013801035,0.013801035,design
2012-06-26,18787,18771,0.344,3.2155641,19959.4,0,-1,-1,0.0049898149,0.0049898149,0.0049898149,0.0049898149,design
2012-06-27,18790,18787,0.324,10.462319,19924.267,0,-1,-1,-0.00085270188,-0.00085270188,-0.00085270188,-0.00085270188,design
2012-06-28,18878,18806,0.52,23.980722,19890.3,0,-1,-1,-0.0010482856,-0.0010482856,-0.0010482856,-0.0010482856,design
2012-06-29,18737,19193,0.74,89.368602,19859.917,0,-1,-1,-0.020757125,-0.020757125,-0.020757125,-0.020757125,design
2012-07-02,19329,19166,0.872,79.791917,19824.017,1,-1,0,0.0011872529,0.0011372529,0.0011872529,0.0011872529,design
2012-07-03,19212,19320,0.896,90.907135,19794.533,1,1,1,0.0053714866,0.0052714866,0.011158513,0.0055214866,design
2012-07-04,19452,19410,0.796,94.465363,19765.633,0,1,1,0.0046583851,0.0046583851,0.0073752711,0.0046583851,design
2012-07-05,19384,19380,0.7,74.92015,19736.65,0,1,1,-0.0015455951,-0.0015455951,-0.0025839793,-0.0015455951,design
2012-07-06,19399,19178,0.16,19.787165,19708.883,-1,1,1,-0.010423117,-0.010423117,-0.021588946,-0.010423117,design
2012-07-09,18981,18952,0.236,7.4763206,19677.933,0,-1,-1,-0.0091100375,-0.0092600375,-0.01915326,-0.0089600375,design
2012-07-10,18960,18874,0.26,5.2301796,19647.3,0,-1,-1,0.0041118313,0.0041118313,0.0041118313,0.0041118313,design
2012-07-11,18845,18837,0.244,4.0700927,19613,0,-1,-1,0.0019616733,0.0019616733,0.0019616733,0.0019616733,design
2012-07-12,18853,18473,0.232,0.75875262,19575.317,0,-1,-1,0.019289431,0.019289431,0.019289431,0.019289431,design
2012-07-13,18520,18710,0.928,51.811542,19542.633,1,-1,0,-0.012877331,-0.012927331,-0.012877331,-0.012877331,design
2012-07-16,18845,18766,0.908,61.235461,19507.733,1,1,1,-0.0044420934,-0.0045420934,-0.0039366359,-0.0042920934,design
2012-07-17,18710,18809,0.96,70.188695,19474.067,1,1,1,0.002291378,0.002291378,0.0078630897,0.002291378,design
2012-07-18,18874,18562,0.156,19.211849,19441.067,-1,1,1,-0.013132011,-0.013132011,-0.031206976,-0.013132011,design
2012-07-19,18768,18841,0.572,69.407146,19412.95,0,-1,-1,0.0068151762,0.0066651762,0.019353731,0.0069651762,design
2012-07-20,18885,18865,0.72,72.361527,19386.9,0,-1,-1,-0.0012787642,-0.0012787642,-0.0012787642,-0.0012787642,design
2012-07-23,18618,18508,0.588,18.683656,19354.867,0,-1,-1,0.019078647,0.019078647,0.019078647,0.019078647,design
2012-07-24,18492,18555,0.528,31.971079,19322.433,0,-1,-1,-0.0025453328,-0.0025453328,-0.0025453328,-0.0025453328,design
2012-07-25,18225,18330,0.532,12.466753,19284.067,0,-1,0,0.011821182,0.011771182,0.011821182,0.011821182,design
2012-07-26,18380,18447,0.932,46.44529,19245.983,1,0,0,0,0,0,0,design
2012-07-27,18806,18993,1,88.415595,19214.35,1,1,1,0.009693635,0.009593635,0.01865272,0.009843635,design
2012-07-30,19174,19178,0.96,92.433796,19186.417,1,1,1,0.0097404307,0.0097404307,0.018099548,0.0097404307,design
2012-07-31,19174,19582,0.996,96.991506,19167.467,1,1,1,0.021065805,0.021065805,0.044888889,0.021065805,design
2012-08-01,19422,19593,0.932,97.087058,19154.967,1,1,1,0.00056174037,0.00056174037,0.0017014037,0.00056174037,design
2012-08-02,19641,19478,0.32,58.34239,19138.25,0,1,1,-0.0058694432,-0.0058694432,-0.014437367,-0.0058694432,design
2012-08-03,19212,19215,0.908,20.64985,19119.917,1,1,1,-0.013502413,-0.013502413,-0.02800517,-0.013502413,design
2012-08-06,19603,19616,0.824,73.28374,19109.4,1,1,1,0.020869113,0.020869113,0.045212766,0.020869113,design
2012-08-07,19648,19653,0.868,76.197344,19105.4,1,1,1,0.0018862153,0.0018862153,0.0029686175,0.0018862153,design
2012-08-08,19734,19831,1,88.385029,19104.217,1,1,1,0.0090571414,0.0090571414,0.018604651,0.0090571414,design
2012-08-09,19874,20258,0.948,96.639766,19111.667,1,1,1,0.021531945,0.021531945,0.04358655,0.021531945,design
2012-08-10,20221,20299,0.692,97.043298,19130.55,0,1,1,0.0020238918,0.0020238918,0.0015910899,0.0020238918,design
2012-08-13,20299,20155,0.2,52.638984,19147.167,-1,1,1,-0.0070939455,-0.0070939455,-0.013105639,-0.0070939455,design
2012-08-14,20258,20391,0.844,81.054229,19178.317,1,-1,-1,-0.0018384644,-0.0019884644,0.0006803702,-0.0016884644,design
2012-08-16,20382,20400,0.768,81.883261,19206.317,0,1,1,0.00097489316,0.00082489316,0.0036376384,0.0011248932,design
2012-08-17,20494,20267,0.584,35.705498,19226.683,0,1,1,-0.0065196078,-0.0065196078,-0.013343799,-0.0065196078,design
2012-08-20,20267,20243,0.768,29.667323,19250.4,0,1,1,-0.001184191,-0.001184191,-0.0019888624,-0.001184191,design
2012-08-21,20273,20201,0.54,18.636578,19272.333,0,1,1,-0.0020747913,-0.0020747913,-0.0035870865,-0.0020747913,design
2012-08-22,20182,20086,0.564,6.1382721,19290.75,0,1,0,-0.0059427875,-0.0060427875,-0.01385,-0.0057927875,design
2012-08-23,20086,20162,0.696,50.242988,19305.517,0,0,0,0,0,0,0,design
2012-08-24,19978,19905,0.44,12.025773,19317.9,0,0,0,0,0,0,0,design
2012-08-27,19729,19831,0.652,8.3626235,19329.75,0,0,0,0,0,0,0,design
2012-08-28,19836,19786,0.604,6.1020135,19341.717,0,0,0,0,0,0,0,design
2012-08-29,19840,19898,0.78,59.968596,19363.517,0,0,0,0,0,0,0,design
2012-08-30,19836,19636,0.252,16.278287,19377.817,0,0,0,0,0,0,0,design
2012-08-31,19522,19582,0.612,12.518682,19383.117,0,0,0,0,0,0,0,design
2012-09-03,19612,19648,0.504,44.085843,19391.217,0,0,0,0,0,0,0,design
2012-09-04,19628,19582,0.512,25.606156,19392.767,0,0,0,0,0,0,0,design
2012-09-05,19460,19215,0.052,4.5226696,19390.567,-1,0,0,0,0,0,0,design
2012-09-06,19299,19294,0.196,29.509861,19388.5,-1,-1,-1,0.00015908078,0.00010908078,0.00015908078,0.00015908078,design
2012-09-07,19700,19872,0.912,85.404413,19395.067,1,-1,-1,-0.029590052,-0.029590052,-0.029590052,-0.029590052,design
2012-09-10,19937,19831,0.464,76.768465,19402.783,0,1,1,-0.008920291,-0.009070291,-0.012693354,-0.008770291,design
2012-09-11,19831,19748,0.72,54.468677,19403.233,0,1,1,-0.0041853663,-0.0041853663,-0.0083507307,-0.0041853663,design
2012-09-12,19869,20095,0.844,86.721079,19409.35,1,1,1,0.0175714,0.0175714,0.037052632,0.0175714,design
2012-09-13,20073,20110,0.62,87.487367,19414.017,0,1,1,0.00074645434,0.00074645434,-0.0040600893,0.00074645434,design
2012-09-14,20514,20745,0.88,97.874124,19431.883,1,1,1,0.03157633,0.03157633,0.069302894,0.03157633,design
2012-09-17,20738,20667,0.584,81.295495,19457.517,0,1,1,-0.0037599422,-0.0037599422,-0.010293557,-0.0037599422,design
2012-09-18,20653,20671,0.612,81.6149,19487.617,0,1,1,0.00019354527,0.00019354527,0.0026964561,0.00019354527,design
2012-09-19,20650,20720,0.304,87.03788,19520.1,0,1,1,0.0023704707,0.0023704707,0.0026892048,0.0023704707,design
2012-09-20,20600,20542,0.304,27.692449,19549.35,0,1,1,-0.0085907336,-0.0085907336,-0.017624521,-0.0085907336,design
2012-09-21,20653,20607,0.496,51.729609,19579.367,0,1,0,0.0029142489,0.0028142489,0.0091103744,0.0030642489,design
2012-09-24,20586,20615,0.896,55.380748,19603.067,1,0,0,0,0,0,0,design
2012-09-25,20494,20542,0.596,23.265141,19626,0,1,1,0.0020921489,0.0019921489,0.0020964998,0.0022421489,design
2012-09-26,20372,20360,0.584,5.9783213,19643.333,0,1,1,-0.0088598968,-0.0088598968,-0.016387046,-0.0088598968,design
2012-09-27,20299,20512,0.74,58.046897,19661.7,0,1,1,0.0074656189,0.0074656189,0.01586672,0.0074656189,design
2012-09-28,20586,20543,0.644,65.777415,19681.083,0,1,1,0.0015113105,0.0015113105,-0.00039047247,0.0015113105,design
2012-10-02,20523,20525,0.276,54.18301,19703.533,0,1,0,-0.0011262109,-0.0012262109,0.00053125,-0.00097621087,design
2012-10-04,20542,20494,0.008,33.713875,19729.233,-1,0,0,0,0,0,0,design
2012-10-05,20607,20508,0.276,50.577688,19756.467,0,-1,-1,0.0047041928,0.0046541928,0.0047041928,0.0047041928,design
2012-10-08,20502,20369,0.312,8.3574016,19782,0,-1,-1,0.0067816387,0.0067816387,0.0067816387,0.0067816387,design
2012-10-09,20351,20377,0.4,16.391174,19813.733,0,-1,-1,-0.00039501168,-0.00039501168,-0.00039501168,-0.00039501168,design
2012-10-10,20159,19985,0.024,1.7090004,19834.983,-1,-1,-1,0.019422058,0.019422058,0.019422058,0.019422058,design
2012-10-11,19836,19802,0.088,0.93066312,19852.25,-1,-1,-1,0.0091824262,0.0091824262,0.0091824262,0.0091824262,design
2012-10-12,19864,19751,0.092,0.74224522,19867.95,-1,-1,-1,0.0025398749,0.0025398749,0.0025398749,0.0025398749,design
2012-10-15,19729,19684,0.428,0.48451262,19886.65,0,-1,-1,0.0033973146,0.0033973146,0.0033973146,0.0033973146,design
2012-10-16,19850,19887,0.524,67.940972,19904.083,0,-1,-1,-0.010281506,-0.010281506,-0.010281506,-0.010281506,design
2012-10-17,20007,20015,0.768,82.715867,19923.25,0,-1,-1,-0.0064315399,-0.0064315399,-0.0064315399,-0.0064315399,design
2012-10-18,20078,20133,0.844,90.655813,19950.333,1,-1,-1,-0.0058783336,-0.0058783336,-0.0058783336,-0.0058783336,design
2012-10-19,20086,19974,0.032,40.507799,19973.983,-1,1,1,-0.0036045645,-0.0037545645,-0.011543965,-0.0034545645,design
2012-10-22,19687,19883,0.792,24.802908,19999.867,0,-1,-1,-0.024531436,-0.024681436,-0.047658222,-0.024381436,design
2012-10-23,19891,19725,0.076,10.571071,20021.167,-1,-1,-1,0.0079397713,0.0079397713,0.0079397713,0.0079397713,design
2012-10-24,19538,19557,0.16,4.7612572,20030.567,-1,-1,-1,0.0084986717,0.0084986717,0.0084986717,0.0084986717,design
2012-10-25,19487,19681,0.408,47.419899,20038.95,0,-1,-1,-0.0064117068,-0.0064117068,-0.0064117068,-0.0064117068,design
2012-10-26,19616,19340,0.388,13.691245,20034.917,0,-1,-1,0.017419294,0.017419294,0.017419294,0.017419294,design
2012-10-29,19422,19390,0.46,28.586965,20031.533,0,-1,-1,-0.0025992869,-0.0025992869,-0.0025992869,-0.0025992869,design
2012-10-30,19405,19435,0.628,45.5135,20030.817,0,-1,-1,-0.002318392,-0.002318392,-0.002318392,-0.002318392,design
2012-10-31,19579,19603,0.62,80.328165,20037.283,0,-1,0,-0.0087260339,-0.0087760339,-0.0087260339,-0.0087260339,design
2012-11-01,19511,19399,0.1,31.47953,20033.667,-1,0,0,0,0,0,0,design
2012-11-02,19612,19628,0.86,71.030645,20033.25,1,-1,-1,-0.00091582704,-0.00096582704,-0.00091582704,-0.00091582704,design
2012-11-05,19532,19527,0.156,47.066345,20028.183,-1,1,1,0.0042837299,0.0041337299,0.0062901296,0.0044337299,design
2012-11-06,19552,19744,0.868,78.392052,20019.617,1,-1,-1,-0.008902261,-0.009052261,-0.0080192721,-0.008752261,design
2012-11-07,19782,19847,0.404,86.164655,20012.083,0,1,1,0.0010048561,0.00085485606,0.0036411374,0.0011548561,design
2012-11-08,19633,19536,0.028,27.162158,20001.767,-1,1,1,-0.015669875,-0.015669875,-0.03030303,-0.015669875,design
2012-11-09,19368,19422,0.52,18.083827,19985.617,0,-1,-1,-0.011713636,-0.011863636,-0.025644623,-0.011563636,design
2012-11-12,19368,19410,0.456,16.895031,19969.117,0,-1,-1,0.00060579751,0.00060579751,0.00060579751,0.00060579751,design
2012-11-13,19435,19303,0.628,7.7773831,19953.05,0,-1,-1,0.0054951266,0.0054951266,0.0054951266,0.0054951266,design
2012-11-14,19336,19384,0.28,49.246304,19938.733,0,-1,-1,-0.0041877512,-0.0041877512,-0.0041877512,-0.0041877512,design
2012-11-15,19174,19140,0.1,13.277268,19921.05,-1,-1,0,0.012526122,0.012476122,0.012526122,0.012526122,design
2012-11-16,19094,19039,0.608,8.2741544,19903.6,0,-1,-1,0.002780486,0.002730486,0.002780486,0.002780486,design
2012-11-19,19109,19241,0.468,63.416076,19888.25,0,-1,-1,-0.010559006,-0.010559006,-0.010559006,-0.010559006,design
2012-11-20,19455,19394,0.532,80.852813,19879.733,0,-1,-1,-0.0080215149,-0.0080215149,-0.0080215149,-0.0080215149,design
2012-11-21,19448,19336,0.184,59.391155,19871.483,-1,-1,-1,0.0029585456,0.0029585456,0.0029585456,0.0029585456,design
2012-11-22,19435,19527,0.84,85.223743,19867.167,1,-1,-1,-0.0098294747,-0.0098294747,-0.0098294747,-0.0098294747,design
2012-11-23,19522,19671,0.92,92.457992,19863.383,1,1,1,0.0075404248,0.0073904248,0.013846907,0.0076904248,design
2012-11-26,19705,19636,0.84,74.683764,19863.383,1,1,1,-0.001779269,-0.001779269,-0.0047250859,-0.001779269,design
2012-11-27,19710,19831,0.944,91.942932,19867.533,1,1,1,0.0099307395,0.0099307395,0.023305999,0.0099307395,design
2012-11-28,19722,19722,0.408,52.176452,19868.767,0,1,1,-0.005496445,-0.005496445,-0.014761704,-0.005496445,design
2012-11-29,19823,19928,0.872,81.849395,19874.533,1,1,1,0.010445188,0.010445188,0.023544521,0.010445188,design
2012-11-30,19915,19958,0.964,84.627493,19886.917,1,1,1,0.0015054195,0.0015054195,0.0016729402,0.0015054195,design
2012-12-03,19958,19985,0.82,87.947902,19898.433,1,1,1,0.001352841,0.001352841,0.0020876827,0.001352841,design
2012-12-04,19915,19928,0.384,45.998203,19899.367,0,1,1,-0.0028521391,-0.0028521391,-0.005,-0.0028521391,design
2012-12-05,19902,20066,0.864,83.683307,19903.283,1,1,1,0.0069249297,0.0069249297,0.014237856,0.0069249297,design
2012-12-06,20073,20113,0.788,88.940433,19909.367,0,1,1,0.0023422705,0.0023422705,0.0045417011,0.0023422705,design
2012-12-07,20145,20231,0.888,95.775277,19911.633,1,1,1,0.0058668523,0.0058668523,0.011919441,0.0058668523,design
2012-12-10,20293,20262,0.612,96.81084,19914.167,0,1,1,0.0015323019,0.0015323019,0.00040617384,0.0015323019,design
2012-12-11,20267,20325,0.888,98.402459,19907.167,1,1,1,0.0031092686,0.0031092686,0.0073081608,0.0031092686,design
2012-12-12,20403,20477,0.78,99.531268,19904,0,1,1,0.0074784748,0.0074784748,0.012898025,0.0074784748,design
2012-12-13,20477,20696,0.748,99.845614,19904.417,0,1,1,0.010694926,0.010694926,0.023079984,0.010694926,design
2012-12-14,20605,20768,0.424,99.892859,19905.217,0,1,1,0.0034789331,0.0034789331,0.002722676,0.0034789331,design
2012-12-17,20730,20563,0.108,36.422557,19905.567,-1,1,1,-0.0098709553,-0.0098709553,-0.013964313,-0.0098709553,design
2012-12-18,20634,20662,0.644,60.601149,19906.483,0,-1,-1,0.0017411346,0.0015911346,0.0073287321,0.0018911346,design
2012-12-20,20686,20658,0.956,58.794316,19907.2,1,-1,-1,0.00019044761,0.00019044761,0.00019044761,0.00019044761,design
2012-12-21,20768,20477,0.624,15.897778,19906.117,0,1,1,-0.019612144,-0.019762144,-0.030647346,-0.019462144,design
2012-12-24,20514,20553,0.92,47.850235,19909.333,1,1,1,0.0037114812,0.0037114812,0.0051505547,0.0037114812,design
2012-12-26,20620,20575,0.908,57.252751,19910.383,1,1,1,0.0010704033,0.0010704033,0.001182499,0.0010704033,design
2012-12-27,20571,20684,0.344,84.65967,19912.733,0,1,1,0.0052976914,0.0052976914,0.012204724,0.0052976914,design
2012-12-28,20686,20785,0.672,92.98941,19917.067,0,1,1,0.0048830014,0.0048830014,0.0089459354,0.0048830014,design
2013-01-02,20931,21186,0.732,98.680164,19928.6,0,1,1,0.019292759,0.019292759,0.040478026,0.019292759,design
2013-01-03,21331,21115,0.276,76.647887,19938.717,0,1,1,-0.0033512697,-0.0033512697,-0.0070396443,-0.0033512697,design
2013-01-04,21133,20987,0.056,42.463538,19949.017,-1,1,0,-0.0063120412,-0.0064120412,-0.015548507,-0.0061620412,design
2013-01-07,21006,20998,0.808,46.559977,19959.367,1,-1,-1,0.00028084357,0.00023084357,0.00028084357,0.00028084357,design
2013-01-08,20898,20777,0.012,12.059559,19972.567,-1,1,1,-0.0014052436,-0.0015552436,-0.0089742738,-0.0012552436,design
2013-01-09,20818,20696,0.152,7.8148055,19987.467,-1,-1,-1,0.0074952135,0.0073452135,0.0082267569,0.0076452135,design
2013-01-10,20734,20880,0.532,64.532293,20006.283,0,-1,-1,-0.0088647488,-0.0088647488,-0.0088647488,-0.0088647488,design
2013-01-11,21019,20764,0.204,36.340713,20024.283,0,-1,-1,0.0053940296,0.0053940296,0.0053940296,0.0053940296,design
2013-01-14,20745,20869,0.568,64.453376,20040.65,0,-1,-1,-0.0050677682,-0.0050677682,-0.0050677682,-0.0050677682,design
2013-01-15,20854,20653,0.092,22.880836,20051.283,-1,-1,-1,0.010364136,0.010364136,0.010364136,0.010364136,design
2013-01-16,20720,20507,0.196,12.223016,20057.517,-1,-1,-1,0.0070024931,0.0070024931,0.0070024931,0.0070024931,design
2013-01-17,20605,20537,0.412,26.325949,20066.9,0,-1,-1,-0.0014944572,-0.0014944572,-0.0014944572,-0.0014944572,design
2013-01-18,20699,20620,0.072,60.99897,20079.183,-1,-1,-1,-0.0041016985,-0.0041016985,-0.0041016985,-0.0041016985,design
2013-01-21,20625,20615,0.464,57.725797,20094.017,0,-1,-1,0.00024224789,0.00024224789,0.00024224789,0.00024224789,design
2013-01-22,20625,20720,0.536,87.007338,20113.4,0,-1,-1,-0.00508891,-0.00508891,-0.00508891,-0.00508891,design
2013-01-23,20751,20553,0.128,27.161695,20127.933,-1,-1,-1,0.0080312941,0.0080312941,0.0080312941,0.0080312941,design
2013-01-24,20537,20369,0.04,10.796952,20145.083,-1,-1,-1,0.0089652008,0.0089652008,0.0089652008,0.0089652008,design
2013-01-25,20408,20145,0.02,4.3766569,20157.667,-1,-1,-1,0.010947754,0.010947754,0.010947754,0.010947754,design
2013-01-28,20133,20113,0.2,3.7410617,20168.967,-1,-1,-1,0.001589667,0.001589667,0.001589667,0.001589667,design
2013-01-29,20162,20285,0.708,62.41584,20180.333,0,-1,-1,-0.0085219581,-0.0085219581,-0.0085219581,-0.0085219581,design
2013-01-30,20333,20374,0.816,76.953755,20196.583,1,-1,-1,-0.0043779356,-0.0043779356,-0.0043779356,-0.0043779356,design
2013-01-31,20304,20337,0.788,58.226971,20208.4,0,1,1,0.0047166311,0.0045666311,0.0059457068,0.0048666311,design
2013-02-01,20344,20296,0.268,37.826456,20221.217,0,1,1,-0.0020160299,-0.0020160299,-0.0024360536,-0.0020160299,design
2013-02-04,20396,20248,0.456,20.77966,20229.617,0,1,1,-0.002364998,-0.002364998,-0.0061050061,-0.002364998,design
2013-02-05,20133,20073,0.28,4.8482097,20233.383,0,1,1,-0.0086428289,-0.0086428289,-0.015970516,-0.0086428289,design
2013-02-06,20141,20051,0.212,4.0646763,20241.967,0,1,0,-0.0013459996,-0.0014459996,-0.0027468789,-0.0011959996,design
2013-02-07,20073,20047,0.632,3.8390611,20252.383,0,0,0,0,0,0,0,design
2013-02-08,20015,20262,0.968,86.197515,20266.583,1,0,0,0,0,0,0,design
2013-02-12,20296,20226,0.28,66.985108,20281.967,0,1,1,-0.0036989555,-0.0037989555,-0.0095957944,-0.0035489555,design
2013-02-13,20320,20629,0.968,94.488533,20302.717,1,1,1,0.019924849,0.019924849,0.037735849,0.019924849,design
2013-02-14,20629,20696,0.444,95.684044,20328.65,0,1,1,0.003247855,0.003247855,0.004743083,0.003247855,design
2013-02-15,20696,20653,0.312,74.845185,20355.55,0,1,1,-0.0020776962,-0.0020776962,-0.00078678206,-0.0020776962,design
2013-02-18,20615,20645,0.604,69.234588,20378.95,0,1,1,-0.00038735293,-0.00038735293,-0.0023622047,-0.00038735293,design
2013-02-19,20658,20704,0.592,85.389459,20400.783,0,1,1,0.0028578348,0.0028578348,0.0063141279,0.0028578348,design
2013-02-20,20791,21150,1,98.365488,20431.017,1,1,0,0.021291731,0.021191731,0.042495098,0.021441731,design
2013-02-21,21063,21052,0.56,70.751352,20456.433,0,1,1,-0.0007722428,-0.0008722428,0.00012950664,-0.0006222428,design
2013-02-22,20991,21081,0.584,74.918543,20479.933,0,1,1,0.0013775413,0.0013775413,0.003414264,0.0013775413,design
2013-02-25,21090,21002,0.128,42.178136,20502.7,-1,1,1,-0.0037474503,-0.0037474503,-0.006805293,-0.0037474503,design
2013-02-26,20876,20907,0.288,20.564219,20520.633,0,-1,-1,-0.0078254785,-0.0079754785,-0.017038842,-0.0076754785,design
2013-02-27,20946,20923,0.428,32.257438,20540.65,0,-1,-1,-0.00076939058,-0.00076939058,-0.00076939058,-0.00076939058,design
2013-02-28,21056,21133,0.304,86.072922,20560.733,0,-1,-1,-0.0099903102,-0.0099903102,-0.0099903102,-0.0099903102,design
2013-03-04,21111,20948,0.116,35.868533,20577.233,-1,-1,-1,0.008770157,0.008770157,0.008770157,0.008770157,design
2013-03-05,21032,21012,0.364,54.308157,20594.35,0,-1,-1,-0.0030628106,-0.0030628106,-0.0030628106,-0.0030628106,design
2013-03-06,21186,21002,0.556,49.830733,20612.25,0,-1,-1,0.00033207818,0.00033207818,0.00033207818,0.00033207818,design
2013-03-07,20991,20838,0.132,13.452537,20625.117,-1,-1,-1,0.0078164153,0.0078164153,0.0078164153,0.0078164153,design
2013-03-08,20842,20826,0.576,12.154065,20637,0,-1,-1,0.00057557628,0.00057557628,0.00057557628,0.00057557628,design
2013-03-11,20802,20799,0.196,8.4735619,20646.467,-1,-1,-1,0.0012967887,0.0012967887,0.0012967887,0.0012967887,design
2013-03-12,20872,20620,0.104,1.6895833,20652.433,-1,-1,-1,0.0085214316,0.0085214316,0.0085214316,0.0085214316,design
2013-03-13,20625,20699,0.456,42.396675,20658.667,0,-1,-1,-0.0038294918,-0.0038294918,-0.0038294918,-0.0038294918,design
2013-03-14,20693,20768,0.1,66.573958,20663.517,-1,-1,-1,-0.0033355956,-0.0033355956,-0.0033355956,-0.0033355956,design
2013-03-15,20813,20558,0.036,18.727805,20661.217,-1,-1,-1,0.010058615,0.010058615,0.010058615,0.010058615,design
2013-03-18,20444,20377,0.184,8.3647812,20654.7,-1,-1,-1,0.0088407049,0.0088407049,0.0088407049,0.0088407049,design
2013-03-19,20448,20456,0.096,38.210999,20652.917,-1,-1,-1,-0.0038741937,-0.0038741937,-0.0038741937,-0.0038741937,design
2013-03-20,20396,20276,0.148,15.381403,20646.483,-1,-1,-1,0.0088338884,0.0088338884,0.0088338884,0.0088338884,design
2013-03-21,20356,20141,0.072,8.1117324,20637.867,-1,-1,-1,0.0065747722,0.0065747722,0.0065747722,0.0065747722,design
2013-03-22,20145,20099,0.116,6.2683431,20631.567,-1,-1,-1,0.0020843917,0.0020843917,0.0020843917,0.0020843917,design
2013-03-25,20276,20444,0.872,80.19777,20629.75,1,-1,-1,-0.017019099,-0.017019099,-0.017019099,-0.017019099,design
2013-03-26,20463,20494,0.956,83.882527,20628.4,1,1,1,0.00023415343,8.4153428e-05,0.004385674,0.00038415343,design
2013-03-27,20600,20638,0.852,92.220579,20627.633,1,1,1,0.0070264468,0.0070264468,0.016512284,0.0070264468,design
2013-03-28,20638,20662,0.336,93.364778,20625.583,0,1,1,0.0011629034,0.0011629034,-0.00079239303,0.0011629034,design
2013-03-29,20742,20745,0.932,96.710849,20618.233,1,1,1,0.0040170361,0.0040170361,0.010309278,0.0040170361,design
2013-04-01,20777,20686,0.18,56.327405,20611.083,-1,1,1,-0.0028440588,-0.0028440588,-0.0062794349,-0.0028440588,design
2013-04-02,20667,20508,0.052,16.004066,20603.1,-1,-1,-1,0.0064178623,0.0062678623,0.0057514916,0.0065678623,design
2013-04-03,20582,20463,0.484,11.75077,20594.183,0,-1,-1,0.0021525405,0.0021525405,0.0021525405,0.0021525405,design
2013-04-04,20325,20201,0.032,2.8697738,20584.583,-1,-1,-1,0.012885884,0.012885884,0.012885884,0.012885884,design
2013-04-05,20086,19883,0.068,1.012394,20571.033,-1,-1,-1,0.015856864,0.015856864,0.015856864,0.015856864,design
2013-04-08,19953,19898,0.588,6.7086385,20554.667,0,-1,-1,-0.0007738222,-0.0007738222,-0.0007738222,-0.0007738222,design
2013-04-09,19898,19879,0.22,5.8550806,20539.917,0,-1,-1,0.00095486984,0.00095486984,0.00095486984,0.00095486984,design
2013-04-10,20000,20007,0.788,65.31512,20525.55,0,-1,-1,-0.0064346949,-0.0064346949,-0.0064346949,-0.0064346949,design
2013-04-11,20115,20186,0.36,87.462315,20517.767,0,-1,-1,-0.0089087611,-0.0089087611,-0.0089087611,-0.0089087611,design
2013-04-12,20189,19796,0.02,23.123476,20505.917,-1,-1,0,0.019214535,0.019164535,0.019214535,0.019214535,design
2013-04-15,19739,19840,0.42,34.067345,20494.3,0,-1,-1,-0.0052167739,-0.0052667739,-0.0052167739,-0.0052167739,design
2013-04-16,19633,19789,0.356,25.614388,20480.45,0,-1,-1,0.0024047599,0.0024047599,0.0024047599,0.0024047599,design
2013-04-17,19859,19789,0.112,25.614388,20466.683,-1,-1,-1,-2.4937037e-05,-2.4937037e-05,-2.4937037e-05,-2.4937037e-05,design
2013-04-18,19648,19522,0.088,4.1340019,20446.717,-1,-1,-1,0.01358373,0.01358373,0.01358373,0.01358373,design
2013-04-19,19516,19589,0.516,32.53024,20430.65,0,-1,-1,-0.0034343247,-0.0034343247,-0.0034343247,-0.0034343247,design
2013-04-22,19579,19761,0.768,73.23507,20420.517,0,-1,-1,-0.0087899287,-0.0087899287,-0.0087899287,-0.0087899287,design
2013-04-23,19751,19710,0.208,53.937608,20413.267,0,-1,-1,0.002582942,0.002582942,0.002582942,0.002582942,design
2013-04-24,19796,19859,0.468,81.862832,20409.033,0,-1,-1,-0.0075318426,-0.0075318426,-0.0075318426,-0.0075318426,design
2013-04-25,19879,19969,0.748,90.429597,20403.767,0,-1,0,-0.0056299312,-0.0056799312,-0.0056299312,-0.0056299312,design
2013-04-26,19962,19941,0.264,72.900055,20396.55,0,0,0,0,0,0,0,design
2013-04-29,19941,19883,0.196,40.430803,20388.983,-1,0,0,0,0,0,0,design
2013-04-30,19989,20138,0.944,87.883564,20386.35,1,-1,-1,-0.0075540998,-0.0076040998,-0.0075540998,-0.0075540998,design
2013-05-02,20067,20027,0.2,51.894338,20382.667,-1,1,1,0.0011753227,0.0010253227,-0.00021175557,0.0013253227,design
2013-05-03,20147,20115,0.436,70.832921,20383.367,0,-1,-1,0.0072397538,0.0070897538,0.013111515,0.0073897538,design
2013-05-06,20229,20044,0.184,43.315788,20383.25,-1,-1,-1,0.003426044,0.003426044,0.003426044,0.003426044,design
2013-05-07,20074,20008,0.28,31.074112,20382.6,0,-1,-1,0.0017862068,0.0017862068,0.0017862068,0.0017862068,design
2013-05-08,20048,19989,0.42,23.934177,20378.05,0,-1,-1,0.00093785311,0.00093785311,0.00093785311,0.00093785311,design
2013-05-09,20016,20275,0.984,90.39248,20378.867,1,-1,-1,-0.014272913,-0.014272913,-0.014272913,-0.014272913,design
2013-05-10,20253,19863,0.016,25.699992,20366.1,-1,1,1,-0.018542221,-0.018692221,-0.038677718,-0.018392221,design
2013-05-13,19839,19924,0.96,38.692618,20353.233,1,-1,-1,-0.00583759,-0.00598759,-0.011507419,-0.00568759,design
2013-05-14,19924,20164,0.944,74.197266,20345.083,1,1,1,0.011695774,0.011545774,0.0215009,0.011845774,design
2013-05-15,20191,20168,0.568,74.685933,20337.133,0,1,1,0.00019837334,0.00019837334,0.00083857442,0.00019837334,design
2013-05-16,20195,20343,0.98,90.473139,20331.117,1,1,1,0.0086771123,0.0086771123,0.01843318,0.0086771123,design
2013-05-20,20369,20343,0.584,90.473139,20317.667,0,1,1,0,0,-0.00082270671,0,design
2013-05-21,20426,20332,0.36,78.209546,20305.667,0,1,1,-0.00054072654,-0.00054072654,-0.0020584603,-0.00054072654,design
2013-05-22,20413,20456,0.948,94.627635,20295.25,1,1,1,0.0060987606,0.0060987606,0.014026403,0.0060987606,design
2013-05-23,20343,20179,0.616,21.672594,20281.533,0,1,1,-0.013541259,-0.013541259,-0.027664768,-0.013541259,design
2013-05-24,20253,20212,0.404,33.828149,20269.95,0,1,1,0.0016353635,0.0016353635,0.0029288703,0.0016353635,design
2013-05-27,20188,20303,0.964,64.344969,20259.617,1,1,1,0.0045022759,0.0045022759,0.0091781393,0.0045022759,design
2013-05-28,20336,20376,0.784,79.507514,20247,0,1,1,0.0035955278,0.0035955278,0.0070276974,0.0035955278,design
2013-05-29,20439,20534,0.972,92.786464,20240.1,1,1,1,0.0077542207,0.0077542207,0.01683087,0.0077542207,design
2013-05-30,20509,20549,0.98,93.576756,20232.383,1,1,1,0.00073049576,0.00073049576,-0.0020185709,0.00073049576,design
2013-05-31,20594,20567,0.848,94.91404,20225.133,1,1,1,0.00087595503,0.00087595503,0.0044498382,0.00087595503,design
2013-06-03,20502,20494,0.752,35.301239,20219.4,0,1,1,-0.0035493752,-0.0035493752,-0.0072492952,-0.0035493752,design
2013-06-04,20587,20463,0.448,23.021088,20213.35,0,1,1,-0.0015126378,-0.0015126378,-0.0048681542,-0.0015126378,design
2013-06-05,20426,20184,0.144,3.170244,20203.1,-1,1,1,-0.013634364,-0.013634364,-0.025682837,-0.013634364,design
2013-06-07,20126,19753,0.032,0.86520943,20188.65,-1,-1,-1,0.015256421,0.015106421,0.013921595,0.015406421,design
2013-06-10,19802,19849,0.24,25.119031,20174.483,0,-1,-1,-0.0048482457,-0.0048482457,-0.0048482457,-0.0048482457,design
2013-06-11,19883,19712,0.048,14.790812,20156.883,-1,-1,-1,0.0068726474,0.0068726474,0.0068726474,0.0068726474,design
2013-06-12,19620,19544,0.044,7.3644035,20139.983,-1,-1,-1,0.008558885,0.008558885,0.008558885,0.008558885,design
2013-06-13,19544,19276,0.14,2.8303667,20121.633,-1,-1,-1,0.013712648,0.013712648,0.013712648,0.013712648,design
2013-06-14,19367,19293,0.136,9.8701642,20102.25,-1,-1,-1,-0.00091800216,-0.00091800216,-0.00091800216,-0.00091800216,design
2013-06-17,19321,19276,0.132,8.6210057,20085.583,-1,-1,-1,0.00087438822,0.00087438822,0.00087438822,0.00087438822,design
2013-06-18,19321,19432,0.34,72.498825,20073.767,0,-1,-1,-0.0080661416,-0.0080661416,-0.0080661416,-0.0080661416,design
2013-06-19,19435,19335,0.412,38.78348,20061.033,0,-1,-1,0.0049901774,0.0049901774,0.0049901774,0.0049901774,design
2013-06-20,19133,18870,0.168,7.1048983,20034.8,-1,-1,-1,0.024336868,0.024336868,0.024336868,0.024336868,design
2013-06-21,18572,18585,0.456,3.5502371,20002.983,0,-1,-1,0.01508123,0.01508123,0.01508123,0.01508123,design
2013-06-24,18620,18408,0.556,2.189559,19965.817,0,-1,-1,0.0094809259,0.0094809259,0.0094809259,0.0094809259,design
2013-06-25,18360,18272,0.696,1.3779732,19925.983,0,-1,-1,0.0074130884,0.0074130884,0.0074130884,0.0074130884,design
2013-06-26,18431,18217,0.368,1.0601425,19883.85,0,-1,-1,0.0028079982,0.0028079982,0.0028079982,0.0028079982,design
2013-06-27,18458,18773,0.964,82.529771,19851.967,1,-1,0,-0.030169402,-0.030219402,-0.030169402,-0.030169402,design
2013-06-28,18824,19021,0.908,89.92819,19827.183,1,1,1,0.010215363,0.010115363,0.018700437,0.010365363,design
2013-07-01,18860,19005,0.836,85.268803,19802.883,1,1,1,-0.00084117554,-0.00084117554,-0.00095374344,-0.00084117554,design
2013-07-02,19054,18989,0.54,77.262506,19782.683,0,1,1,-0.00084188371,-0.00084188371,-0.00047732697,-0.00084188371,design
2013-07-03,18977,18645,0.596,15.337542,19762.05,0,1,1,-0.018115751,-0.018115751,-0.037249284,-0.018115751,design
2013-07-04,18688,18764,0.564,45.537801,19743.15,0,1,1,0.0063824082,0.0063824082,0.014384921,0.0063824082,design
2013-07-05,18893,18708,0.028,34.092056,19723.633,-1,1,1,-0.0029844383,-0.0029844383,-0.008801956,-0.0029844383,design
2013-07-08,18638,18522,0.516,12.770208,19698.883,0,-1,-1,0.0021088411,0.0019588411,-8.3080821e-05,0.0022588411,design
2013-07-09,18652,18686,0.68,58.519107,19673.883,0,-1,-1,-0.0088287472,-0.0088287472,-0.0088287472,-0.0088287472,design
2013-07-10,18708,18539,0.356,30.161411,19652.933,0,-1,-1,0.0078455808,0.0078455808,0.0078455808,0.0078455808,design
2013-07-11,18836,19186,0.98,86.737071,19642.033,1,-1,-1,-0.034304041,-0.034304041,-0.034304041,-0.034304041,design
2013-07-12,19115,19069,0.42,67.0828,19630.033,0,1,1,0.0009352225,0.0007852225,-0.0089011296,0.0010852225,design
2013-07-15,19069,19115,0.256,72.060929,19618.8,0,1,1,0.0024122922,0.0024122922,0.0066539924,0.0024122922,design
2013-07-16,19147,19040,0.3,48.261099,19610.767,0,1,1,-0.0039236202,-0.0039236202,-0.0084985836,-0.0039236202,design
2013-07-17,19063,19222,0.98,80.12281,19604.65,1,1,1,0.0095588235,0.0095588235,0.02,0.0095588235,design
2013-07-18,19201,19075,0.844,40.166202,19593.217,1,1,1,-0.0076474873,-0.0076474873,-0.015873016,-0.0076474873,design
2013-07-19,19147,19058,0.708,36.012398,19582.35,0,1,1,-0.00089121887,-0.00089121887,-0.0028462998,-0.00089121887,design
2013-07-22,19155,19115,0.744,62.215578,19569.95,0,1,1,0.00299087,0.00299087,0.0066603235,0.00299087,design
2013-07-23,19164,19384,0.984,92.233646,19560.2,1,1,1,0.014072718,0.014072718,0.027882798,0.014072718,design
2013-07-24,19375,19460,0.752,94.639872,19552.183,0,1,1,0.0039207594,0.0039207594,0.007816092,0.0039207594,design
2013-07-25,19410,19460,0.968,94.639872,19545.133,1,1,1,0,0,-0.00091240876,0,design
2013-07-26,19528,19491,0.66,96.439653,19534.35,0,1,1,0.0015930113,0.0015930113,0.003652968,0.0015930113,design
2013-07-29,19484,19432,0.768,42.333372,19524.433,0,1,1,-0.0030270381,-0.0030270381,-0.0077343039,-0.0030270381,design
2013-07-30,19463,19568,0.908,83.921102,19515.317,1,1,1,0.0069987649,0.0069987649,0.015589179,0.0069987649,design
2013-07-31,19539,19518,0.748,54.84051,19506.55,0,1,1,-0.0025551922,-0.0025551922,-0.00496614,-0.0025551922,design
2013-08-01,19517,19539,0.52,65.021909,19498.733,0,1,1,0.0010759299,0.0010759299,0.002722323,0.0010759299,design
2013-08-02,19660,19635,0.52,88.57409,19492.833,0,1,1,0.0049132504,0.0049132504,0.0085972851,0.0049132504,design
2013-08-05,19595,19528,0.26,35.415623,19480.383,0,1,1,-0.0054494525,-0.0054494525,-0.0094212651,-0.0054494525,design
2013-08-06,19509,19342,0.668,11.474247,19471.7,0,1,0,-0.0097747849,-0.0098747849,-0.019724638,-0.0096247849,design
2013-08-07,19222,19068,0.196,3.8353724,19457.433,-1,0,0,0,0,0,0,design
2013-08-08,19091,19110,0.696,20.135397,19439.867,0,-1,-1,-0.0010952334,-0.0011452334,-0.0010952334,-0.0010952334,design
2013-08-09,19130,19118,0.64,24.979606,19422.367,0,-1,-1,-0.00041994199,-0.00041994199,-0.00041994199,-0.00041994199,design
2013-08-12,19078,19155,0.808,51.942698,19402.567,1,-1,-1,-0.0019522379,-0.0019522379,-0.0019522379,-0.0019522379,design
2013-08-13,19191,19432,0.968,92.469206,19387.383,1,1,1,0.010304964,0.010154964,0.023075061,0.010454964,design
2013-08-14,19448,19568,0.9,95.880475,19374.65,1,1,1,0.0069987649,0.0069987649,0.012820513,0.0069987649,design
2013-08-16,19375,19518,0.736,71.924527,19359.017,0,1,1,-0.0025551922,-0.0025551922,-0.0040687161,-0.0025551922,design
2013-08-19,19484,19528,0.68,74.475471,19348.167,0,1,1,0.00051234758,0.00051234758,-0.00090785293,0.00051234758,design
2013-08-20,19427,19239,0.664,11.912794,19331.95,0,1,1,-0.014799263,-0.014799263,-0.028623353,-0.014799263,design
2013-08-21,19279,19008,0.048,5.0846194,19310.367,-1,1,1,-0.012006861,-0.012006861,-0.023854069,-0.012006861,design
2013-08-22,18843,18856,0.78,2.8983507,19285.033,0,-1,-1,-0.0097144781,-0.0098644781,-0.020671782,-0.0095644781,design
2013-08-23,18943,19078,0.824,56.958203,19260.767,1,-1,-1,-0.011707677,-0.011707677,-0.011707677,-0.011707677,design
2013-08-26,19115,19288,0.684,79.03756,19239.75,0,1,1,0.0067435247,0.0065935247,0.014771458,0.0068935247,design
2013-08-27,19213,19263,0.984,70.434867,19218.017,1,1,1,-0.0012961427,-0.0012961427,-0.002334267,-0.0012961427,design
2013-08-28,19062,19316,0.936,79.770619,19198.383,1,1,1,0.0027513887,0.0027513887,0.0051474029,0.0027513887,design
2013-08-29,19342,19604,0.812,95.435355,19184.067,1,1,1,0.014909919,0.014909919,0.030260708,0.014909919,design
2013-08-30,19679,19757,0.66,97.495741,19176.95,0,1,1,0.0078045297,0.0078045297,0.014911884,0.0078045297,design
2013-09-02,19746,19735,0.664,86.294047,19176.65,0,1,1,-0.0011135294,-0.0011135294,0.00089047195,-0.0011135294,design
2013-09-03,19836,19815,0.824,92.533233,19176.083,1,1,1,0.0040537117,0.0040537117,0.0075622776,0.0040537117,design
2013-09-04,19789,19801,0.868,79.816402,19177.567,1,1,1,-0.00070653545,-0.00070653545,0.0004415011,-0.00070653545,design
2013-09-05,19894,20025,0.948,96.260743,19185.583,1,1,1,0.01131256,0.01131256,0.020300088,0.01131256,design
2013-09-06,20028,20083,0.976,97.370272,19199.033,1,1,1,0.0028963795,0.0028963795,0.0051903114,0.0028963795,design
2013-09-09,20161,20262,0.672,99.071262,19215.183,0,1,1,0.008913011,0.008913011,0.017211704,0.008913011,design
2013-09-10,20320,20496,0.888,99.654892,19235.517,1,1,1,0.011548712,0.011548712,0.021996616,0.011548712,design
2013-09-11,20543,20561,0.88,99.744198,19254.333,1,1,1,0.0031713505,0.0031713505,0.0078642384,0.0031713505,design
2013-09-12,20581,20585,0.94,99.785238,19275.167,1,1,1,0.0011672584,0.0011672584,0.00082135524,0.0011672584,design
2013-09-13,20561,20478,0.68,41.054415,19301.967,0,1,1,-0.0051979597,-0.0051979597,-0.009848174,-0.0051979597,design
2013-09-16,20666,20703,0.856,83.038725,19337.267,1,1,1,0.010987401,0.010987401,0.022793203,0.010987401,design
2013-09-17,20685,20596,0.512,49.503423,19373.733,0,1,1,-0.0051683331,-0.0051683331,-0.0097244733,-0.0051683331,design
2013-09-23,20619,20641,0.516,62.307213,19413.217,0,1,1,0.0021848903,0.0021848903,0.0032733224,0.0021848903,design
2013-09-24,20556,20624,0.64,52.289715,19453.333,0,1,1,-0.00082360351,-0.00082360351,-0.0016313214,-0.00082360351,design
2013-09-25,20670,20500,0.268,15.630161,19482.117,0,1,1,-0.0060124127,-0.0060124127,-0.012663399,-0.0060124127,design
2013-09-26,20484,20695,0.776,73.675775,19510.017,0,1,0,0.0092621951,0.0091621951,0.017126914,0.0094121951,design
2013-09-27,20742,20720,0.22,77.623213,19538.6,0,0,0,0,0,0,0,design
2013-09-30,20574,20543,0.452,24.852496,19564.5,0,0,0,0,0,0,0,design
2013-10-01,20517,20574,0.276,39.305796,19596.65,0,0,0,0,0,0,0,design
2013-10-02,20717,20576,0.172,40.775574,19626.85,-1,0,0,0,0,0,0,design
2013-10-04,20574,20543,0.316,22.66403,19657.433,0,-1,-1,0.0014067561,0.0013567561,0.0014067561,0.0014067561,design
2013-10-07,20574,20543,0.304,22.66403,19691.117,0,-1,-1,-4.5474798e-06,-4.5474798e-06,-4.5474798e-06,-4.5474798e-06,design
2013-10-08,20525,20674,0.668,90.396604,19724.25,0,-1,-1,-0.0063895896,-0.0063895896,-0.0063895896,-0.0063895896,design
2013-10-10,20661,20610,0.032,48.711224,19758.767,-1,-1,-1,0.0030987801,0.0030987801,0.0030987801,0.0030987801,design
2013-10-11,20802,20966,0.876,91.633383,19788.433,1,-1,-1,-0.017126278,-0.017126278,-0.017126278,-0.017126278,design
2013-10-14,20988,20938,0.144,80.973766,19819.583,-1,1,1,-0.0037791318,-0.0039291318,-0.0033790062,-0.0036291318,design
2013-10-15,21037,21110,0.1,92.167645,19852.833,-1,-1,-1,0.00089176139,0.00074176139,0.0076570354,0.0010417614,design
2013-10-16,21145,21125,0.48,92.896579,19887.583,0,-1,-1,-0.00071370012,-0.00071370012,-0.00071370012,-0.00071370012,design
2013-10-17,21278,21235,0.464,96.996418,19921.133,0,-1,-1,-0.0052363733,-0.0052363733,-0.0052363733,-0.0052363733,design
2013-10-18,21312,21320,0.176,98.412467,19958.55,-1,-1,-1,-0.0040001032,-0.0040001032,-0.0040001032,-0.0040001032,design
2013-10-21,21363,21343,0.192,98.735174,19996.633,-1,-1,-1,-0.0010825757,-0.0010825757,-0.0010825757,-0.0010825757,design
2013-10-22,21343,21343,0.428,98.735174,20033.767,0,-1,-1,0,0,0,0,design
2013-10-23,21379,21105,0.664,10.488288,20062.45,0,-1,-1,0.011107962,0.011107962,0.011107962,0.011107962,design
2013-10-24,21105,21171,0.196,40.15422,20090.967,-1,-1,-1,-0.003127221,-0.003127221,-0.003127221,-0.003127221,design
2013-10-25,21176,21014,0.172,15.583259,20116.867,-1,-1,-1,0.0074121911,0.0074121911,0.0074121911,0.0074121911,design
2013-10-28,21063,21195,0.336,64.985554,20145.267,0,-1,-1,-0.0085840793,-0.0085840793,-0.0085840793,-0.0085840793,design
2013-10-29,21156,21278,0.58,77.214822,20176.033,0,-1,-1,-0.00393724,-0.00393724,-0.00393724,-0.00393724,design
2013-10-30,21348,21360,0.216,86.518532,20205.9,0,-1,-1,-0.0038500472,-0.0038500472,-0.0038500472,-0.0038500472,design
2013-10-31,21256,21037,0.104,20.51764,20231.217,-1,-1,-1,0.015222051,0.015222051,0.015222051,0.015222051,design
2013-11-01,21037,21094,0.336,37.378094,20257.133,0,-1,-1,-0.0027095118,-0.0027095118,-0.0027095118,-0.0027095118,design
2013-11-04,21042,20928,0.468,16.719835,20278.683,0,-1,-1,0.0078962475,0.0078962475,0.0078962475,0.0078962475,design
2013-11-05,20920,20814,0.048,9.5047255,20300.117,-1,-1,-1,0.0054511215,0.0054511215,0.0054511215,0.0054511215,design
2013-11-06,20780,20831,0.24,19.823584,20324.933,0,-1,-1,-0.00082477617,-0.00082477617,-0.00082477617,-0.00082477617,design
2013-11-07,20806,20674,0.152,6.3820715,20351.7,-1,-1,-1,0.0075520722,0.0075520722,0.0075520722,0.0075520722,design
2013-11-08,20535,20521,0.34,2.7490413,20375.217,0,-1,-1,0.0074097673,0.0074097673,0.0074097673,0.0074097673,design
2013-11-11,20596,20511,0.44,2.5586461,20398.433,0,-1,-1,0.00045713892,0.00045713892,0.00045713892,0.00045713892,design
2013-11-12,20535,20653,0.44,67.15773,20423.4,0,-1,-1,-0.0069096669,-0.0069096669,-0.0069096669,-0.0069096669,design
2013-11-13,20628,20270,0.008,14.675392,20437.367,-1,-1,-1,0.018586537,0.018586537,0.018586537,0.018586537,design
2013-11-14,20429,20372,0.4,39.752913,20450.767,0,-1,-1,-0.0050758396,-0.0050758396,-0.0050758396,-0.0050758396,design
2013-11-15,20487,20785,0.344,82.1758,20471.883,0,-1,-1,-0.020108701,-0.020108701,-0.020108701,-0.020108701,design
2013-11-18,20877,20827,0.328,84.408729,20493.533,0,-1,-1,-0.0020418896,-0.0020418896,-0.0020418896,-0.0020418896,design
2013-11-19,20806,21063,0.524,93.524827,20523.933,0,-1,-1,-0.011356354,-0.011356354,-0.011356354,-0.011356354,design
2013-11-20,21037,20912,0.272,53.497537,20555.667,0,-1,0,0.0070836386,0.0070336386,0.0070836386,0.0070836386,design
2013-11-21,20865,20591,0.02,18.973127,20584.583,-1,0,0,0,0,0,0,design
2013-11-22,20683,20738,0.412,49.073793,20612.25,0,-1,-1,-0.0027591887,-0.0028091887,-0.0027591887,-0.0027591887,design
2013-11-25,20831,20898,0.108,71.843526,20639.083,-1,-1,-1,-0.0076864576,-0.0076864576,-0.0076864576,-0.0076864576,design
2013-11-26,20780,20976,0.212,80.391533,20667.633,0,-1,-1,-0.0038389313,-0.0038389313,-0.0038389313,-0.0038389313,design
2013-11-27,20905,21056,0.844,87.916501,20696.633,1,-1,-1,-0.0038627807,-0.0038627807,-0.0038627807,-0.0038627807,design
2013-11-28,21150,21221,0.604,95.32194,20723.583,0,1,1,-0.0014722982,-0.0016222982,0.0022351411,-0.0013222982,design
2013-11-29,21164,21227,0.9,95.52155,20748.083,1,1,1,0.0002827388,0.0002827388,-0.001953125,0.0002827388,design
2013-12-02,21278,21063,0.02,28.662789,20770.217,-1,1,1,-0.0077260093,-0.0077260093,-0.013307241,-0.0077260093,design
2013-12-03,20954,20823,0.148,9.4019922,20787.017,-1,-1,-1,0.00069448559,0.00054448559,-0.0052743508,0.00084448559,design
2013-12-04,20725,20581,0.036,3.9920856,20800.017,-1,-1,-1,0.011687165,0.011687165,0.011687165,0.011687165,design
2013-12-05,20603,20540,0.288,3.3407406,20808.6,0,-1,-1,0.0019855914,0.0019855914,0.0019855914,0.0019855914,design
2013-12-06,20540,20540,0.576,3.3407406,20816.217,0,-1,-1,0,0,0,0,design
2013-12-09,20751,20742,0.552,77.070119,20824.217,0,-1,-1,-0.0098433801,-0.0098433801,-0.0098433801,-0.0098433801,design
2013-12-10,20742,20689,0.712,55.039522,20827.433,0,-1,-1,0.002555202,0.002555202,0.002555202,0.002555202,design
2013-12-11,20603,20465,0.532,16.11108,20825.833,0,-1,0,0.010782694,0.010732694,0.010782694,0.010782694,design
2013-12-12,20377,20461,0.188,15.71414,20823.767,-1,0,0,0,0,0,0,design
2013-12-13,20449,20295,0.3,5.1607561,20820.717,0,-1,-1,0.0074309306,0.0073809306,0.0074309306,0.0074309306,design
2013-12-16,20273,20304,0.524,11.598382,20814.067,0,-1,-1,-0.00044677416,-0.00044677416,-0.00044677416,-0.00044677416,design
2013-12-17,20474,20391,0.292,61.76953,20810.65,0,-1,-1,-0.0043527548,-0.0043527548,-0.0043527548,-0.0043527548,design
2013-12-18,20415,20511,0.236,85.098924,20808.483,0,-1,-1,-0.0058738798,-0.0058738798,-0.0058738798,-0.0058738798,design
2013-12-19,20725,20487,0.652,68.402428,20806.2,0,-1,0,0.00083047486,0.00078047486,0.00083047486,0.00083047486,design
2013-12-20,20474,20540,0.584,83.071712,20806.867,0,0,0,0,0,0,0,design
2013-12-23,20653,20747,0.784,96.340964,20807.733,0,0,0,0,0,0,0,design
2013-12-24,20791,20799,0.848,97.374812,20809.05,1,0,0,0,0,0,0,design
2013-12-26,20838,20768,0.68,72.837226,20812.8,0,1,1,-0.0036092475,-0.0037092475,-0.008001938,-0.0034592475,design
2013-12-27,20780,20924,0.796,92.318586,20818.633,0,1,1,0.0075115562,0.0075115562,0.016858553,0.0075115562,design
2013-12-30,20995,21008,0.556,95.666041,20825.833,0,1,1,0.0040145288,0.0040145288,0.004852406,0.0040145288,design
2014-01-02,21056,20418,0,13.432923,20823.75,-1,1,1,-0.028084539,-0.028084539,-0.051911469,-0.028084539,design
2014-01-03,20410,20220,0.104,8.5183369,20818.367,-1,-1,-1,0.0085637036,0.0084137036,0.0072455643,0.0087137036,design
2014-01-06,20223,20275,0.424,23.971587,20811.717,0,-1,-1,-0.0027193161,-0.0027193161,-0.0027193161,-0.0027193161,design
2014-01-07,20205,20337,0.408,44.94054,20807.167,0,-1,-1,-0.0031030641,-0.0031030641,-0.0031030641,-0.0031030641,design
2014-01-08,20386,20337,0.288,44.94054,20796.683,0,-1,-1,-1.1582525e-05,-1.1582525e-05,-1.1582525e-05,-1.1582525e-05,design
2014-01-09,20325,20230,0.436,15.475721,20784.883,0,-1,-1,0.0052668622,0.0052668622,0.0052668622,0.0052668622,design
2014-01-10,20139,20063,0.412,5.079707,20767.433,0,-1,0,0.0081890176,0.0081390176,0.0081890176,0.0081890176,design
2014-01-13,20123,20195,0.656,53.965728,20751.933,0,0,0,0,0,0,0,design
2014-01-14,20139,20168,0.328,44.57433,20734.15,0,0,0,0,0,0,0,design
2014-01-15,20266,20225,0.256,68.050193,20715.9,0,0,0,0,0,0,0,design
2014-01-16,20275,20320,0.388,86.753002,20698.85,0,0,0,0,0,0,0,design
2014-01-17,20288,20131,0.316,26.058212,20678.65,0,0,0,0,0,0,0,design
2014-01-20,20115,20253,0.796,61.14917,20664.45,0,0,0,0,0,0,0,design
2014-01-21,20284,20418,0.712,82.987678,20651.9,0,0,0,0,0,0,0,design
2014-01-22,20360,20382,0.452,66.641507,20641.367,0,0,0,0,0,0,0,design
2014-01-23,20400,20176,0.02,20.478461,20624.383,-1,0,0,0,0,0,0,design
2014-01-24,20093,20083,0.028,12.59861,20604.467,-1,-1,-1,0.00039768576,0.00034768576,0.00039768576,0.00039768576,design
2014-01-27,19840,19844,0.38,4.2309533,20579.2,0,-1,-1,0.011895734,0.011895734,0.011895734,0.011895734,design
2014-01-28,19774,19894,0.636,25.057284,20560.15,0,-1,-1,-0.0025624673,-0.0025624673,-0.0025624673,-0.0025624673,design
2014-01-29,19978,20115,0.872,74.355612,20543.833,1,-1,-1,-0.011050967,-0.011050967,-0.011050967,-0.011050967,design
2014-02-03,20001,19854,0.116,29.116252,20525.933,-1,1,1,-0.0020738735,-0.0022238735,-0.0094586449,-0.0019238735,design
2014-02-04,19643,19478,0.084,10.576219,20503.667,-1,-1,-1,-0.0026669135,-0.0028169135,-0.013366598,-0.0025169135,design
2014-02-05,19587,19564,0.204,30.748133,20482.55,0,-1,-1,-0.00442838,-0.00442838,-0.00442838,-0.00442838,design
2014-02-06,19630,19720,0.408,61.915436,20466.65,0,-1,-1,-0.0079428953,-0.0079428953,-0.0079428953,-0.0079428953,design
2014-02-07,19850,19887,0.748,80.604566,20456.083,0,-1,-1,-0.008443984,-0.008443984,-0.008443984,-0.008443984,design
2014-02-10,19934,19894,0.24,81.370943,20445.8,0,-1,-1,-0.00036147345,-0.00036147345,-0.00036147345,-0.00036147345,design
2014-02-11,19864,19970,0.888,89.973611,20434.417,1,-1,0,-0.0039363415,-0.0039863415,-0.0039363415,-0.0039363415,design
2014-02-12,20072,20022,0.816,93.856078,20430.283,1,1,1,-0.0027410323,-0.0028410323,-0.0024653301,-0.0025910323,design
2014-02-13,20017,19874,0.512,29.291553,20421.983,0,1,1,-0.0073918689,-0.0073918689,-0.01687389,-0.0073918689,design
2014-02-14,19938,20112,0.876,77.989362,20410.767,1,1,1,0.011975445,0.011975445,0.023486902,0.011975445,design
2014-02-17,20223,20148,0.576,81.784552,20399.45,0,1,1,0.0017899761,0.0017899761,0.0026478376,0.0017899761,design
2014-02-18,20148,20139,0.372,75.293317,20384.05,0,1,1,-0.00044669446,-0.00044669446,0.00044014085,-0.00044669446,design
2014-02-19,20093,20040,0.208,27.417886,20369.517,0,1,1,-0.0049158349,-0.0049158349,-0.01099868,-0.0049158349,design
2014-02-20,19974,19925,0.468,11.06795,20358.417,0,1,1,-0.005738523,-0.005738523,-0.011120996,-0.005738523,design
2014-02-21,20068,20237,0.9,79.004189,20350.067,1,1,0,0.01540872,0.01530872,0.031238979,0.01555872,design
2014-02-24,20225,20168,0.52,59.051597,20337.9,0,1,1,-0.0030682942,-0.0031682942,-0.0059268559,-0.0029182942,design
2014-02-25,20288,20337,0.768,81.696045,20327.25,0,1,1,0.0083796113,0.0083796113,0.0171278,0.0083796113,design
2014-02-26,20311,20423,0.908,88.287839,20316.7,1,1,1,0.0042287456,0.0042287456,0.0064766839,0.0042287456,design
2014-02-27,20405,20453,0.808,90.639654,20303.9,1,1,1,0.0014689321,0.0014689321,0.0038610039,0.0014689321,design
2014-02-28,20453,20478,0.628,92.986764,20291.417,0,1,1,0.0012223146,0.0012223146,-0.00042735043,0.0012223146,design
2014-03-03,20308,20308,0.2,21.084455,20278.833,-1,1,1,-0.008301592,-0.008301592,-0.01496366,-0.008301592,design
2014-03-04,20258,20247,0.232,13.559807,20269.233,0,-1,-1,-0.0022704254,-0.0024204254,-0.0050181661,-0.0021204254,design
2014-03-05,20449,20432,0.748,72.686045,20266.75,0,-1,-1,-0.0091537443,-0.0091537443,-0.0091537443,-0.0091537443,design
2014-03-06,20429,20453,0.612,76.35748,20265.3,0,-1,-1,-0.0010281445,-0.0010281445,-0.0010281445,-0.0010281445,design
2014-03-07,20504,20410,0.824,49.248088,20263.133,1,-1,-1,0.0020795181,0.0020795181,0.0020795181,0.0020795181,design
2014-03-10,20308,20153,0.072,9.3915401,20253.317,-1,1,1,-0.0030230535,-0.0031730535,-0.0088863004,-0.0028730535,design
2014-03-11,20200,20242,0.472,41.9373,20245.867,0,-1,-1,-0.00010189798,-0.00025189798,0.00020730672,4.810202e-05,design
2014-03-12,20171,19934,0.032,12.029905,20237.017,-1,-1,-1,0.015298312,0.015298312,0.015298312,0.015298312,design
2014-03-13,20031,19982,0.128,28.027817,20229.033,-1,-1,-1,-0.002431753,-0.002431753,-0.002431753,-0.002431753,design
2014-03-14,19796,19785,0.296,11.243793,20220.533,0,-1,-1,0.0098692177,0.0098692177,0.0098692177,0.0098692177,design
2014-03-17,19781,19859,0.428,38.784002,20213.117,0,-1,-1,-0.0037418016,-0.0037418016,-0.0037418016,-0.0037418016,design
2014-03-18,20012,19989,0.412,70.712991,20206.417,0,-1,-1,-0.0065638597,-0.0065638597,-0.0065638597,-0.0065638597,design
2014-03-19,20093,19989,0.388,70.712991,20197.717,0,-1,-1,-5.3859315e-05,-5.3859315e-05,-5.3859315e-05,-5.3859315e-05,design
2014-03-20,19905,19753,0.048,14.770439,20185.483,-1,-1,0,0.011770674,0.011720674,0.011770674,0.011770674,design
2014-03-21,19826,19905,0.724,57.787745,20174.9,0,-1,-1,-0.0040846666,-0.0041346666,-0.0040846666,-0.0040846666,design
2014-03-24,19938,20012,0.412,75.32308,20162.65,0,-1,-1,-0.0053632274,-0.0053632274,-0.0053632274,-0.0053632274,design
2014-03-25,19986,19986,0.4,62.671005,20149.1,0,-1,-1,0.0012992205,0.0012992205,0.0012992205,0.0012992205,design
2014-03-26,20112,20270,0.9,92.005809,20140.8,1,-1,-1,-0.014110892,-0.014110892,-0.014110892,-0.014110892,design
2014-03-27,20247,20382,0.924,95.06477,20131.767,1,1,1,0.0074599019,0.0073099019,0.013052415,0.0076099019,design
2014-03-28,20356,20382,0.776,95.06477,20121.333,0,1,1,0,0,0,0,design
2014-03-31,20436,20480,0.82,97.890267,20122.367,1,1,1,0.0048081641,0.0048081641,0.0034587116,0.0048081641,design
2014-04-01,20423,20496,0.872,98.222551,20126.967,1,1,1,0.00078125,0.00078125,0.0086169754,0.00078125,design
2014-04-02,20574,20556,0.728,99.185124,20131.65,0,1,1,0.0029274005,0.0029274005,0.0064075182,0.0029274005,design
2014-04-03,20561,20540,0.968,76.957766,20135.033,1,1,1,-0.00077836155,-0.00077836155,-0.0012733447,-0.00077836155,design
2014-04-04,20551,20614,0.912,92.501524,20139.65,1,1,1,0.0036027264,0.0036027264,0.0080747981,0.0036027264,design
2014-04-07,20540,20569,0.496,50.812971,20145.3,0,1,1,-0.0021829824,-0.0021829824,-0.0050590219,-0.0021829824,design
2014-04-08,20511,20679,0.704,84.644997,20155.567,0,1,1,0.0053478536,0.0053478536,0.011016949,0.0053478536,design
2014-04-09,20742,20708,0.78,88.731687,20164.117,0,1,1,0.0014023889,0.0014023889,0.0029337804,0.0014023889,design
2014-04-10,20802,20764,0.736,94.443299,20174.05,0,1,1,0.0027042689,0.0027042689,0.0037609695,0.0027042689,design
2014-04-11,20603,20599,0.704,23.688197,20180.283,0,1,0,-0.0081964458,-0.0082964458,-0.01523751,-0.0080464458,design
2014-04-14,20576,20666,0.592,52.554968,20186.05,0,0,0,0,0,0,0,design
2014-04-15,20717,20543,0.108,21.999775,20192.917,-1,0,0,0,0,0,0,design
2014-04-16,20569,20633,0.248,57.856439,20199.25,0,-1,-1,-0.0032114784,-0.0032614784,-0.0032114784,-0.0032114784,design
2014-04-17,20708,20599,0.528,42.941598,20202.267,0,-1,-1,0.0016095793,0.0016095793,0.0016095793,0.0016095793,design
2014-04-18,20683,20755,0.848,83.046624,20208.483,1,-1,-1,-0.0075447921,-0.0075447921,-0.0075447921,-0.0075447921,design
2014-04-21,20755,20725,0.264,65.373684,20217.633,0,1,1,-0.0017954348,-0.0019454348,-0.0020194491,-0.0016454348,design
2014-04-22,20725,20720,0.832,61.043512,20228.25,1,1,1,-0.00024125452,-0.00024125452,-1.110223e-16,-0.00024125452,design
2014-04-23,20773,20695,0.784,36.720724,20242.433,0,1,1,-0.0012065637,-0.0012065637,-0.0029264214,-0.0012065637,design
2014-04-24,20738,20679,0.384,24.318102,20255.517,0,1,1,-0.00077313361,-0.00077313361,-0.00083857442,-0.00077313361,design
2014-04-25,20644,20377,0.052,1.7685551,20259.883,-1,1,1,-0.014604188,-0.014604188,-0.027276542,-0.014604188,design
2014-04-28,20333,20382,0.876,4.6948466,20268.683,1,-1,-1,-0.0049139692,-0.0050639692,-0.0092153768,-0.0047639692,design
2014-04-29,20396,20298,0.076,2.3463252,20282.35,-1,1,1,-0.0058384439,-0.0059884439,-0.010113687,-0.0056884439,design
2014-04-30,20396,20287,0.14,2.0745331,20294.4,-1,-1,-1,0.0098480491,0.0096980491,0.010698888,0.0099980491,design
2014-05-02,20283,20215,0.164,0.82439974,20302.65,-1,-1,-1,0.0035503929,0.0035503929,0.0035503929,0.0035503929,design
2014-05-07,20223,20018,0.04,0.19182735,20304.833,-1,-1,-1,0.0097372154,0.0097372154,0.0097372154,0.0097372154,design
2014-05-08,20031,20110,0.18,41.859696,20308.433,-1,-1,-1,-0.0045907413,-0.0045907413,-0.0045907413,-0.0045907413,design
2014-05-09,20129,20138,0.24,53.640482,20311.233,0,-1,-1,-0.0013914972,-0.0013914972,-0.0013914972,-0.0013914972,design
2014-05-12,20150,20265,0.596,83.665384,20315.283,0,-1,-1,-0.0062996835,-0.0062996835,-0.0062996835,-0.0062996835,design
2014-05-13,20340,20542,0.796,95.729732,20326.417,0,-1,-1,-0.013595377,-0.013595377,-0.013595377,-0.013595377,design
2014-05-14,20530,20802,0.988,98.210653,20337.917,1,-1,-1,-0.012672475,-0.012672475,-0.012672475,-0.012672475,design
2014-05-15,20802,20806,0.6,98.242078,20348.883,0,1,1,-0.0001577108,-0.0003077108,-0.00076666667,-7.710797e-06,design
2014-05-16,20720,20796,0.584,90.311706,20359.833,0,1,1,-0.00048063059,-0.00048063059,0,-0.00048063059,design
2014-05-19,20827,20838,0.612,94.22653,20373.133,0,1,1,0.0020196192,0.0020196192,0.0029178825,0.0020196192,design
2014-05-20,20811,20811,0.568,62.010372,20387.9,0,1,1,-0.0012957098,-0.0012957098,-0.002078138,-0.0012957098,design
2014-05-21,20733,20814,0.724,64.692933,20397.517,0,1,0,-0.00010584547,-0.00020584547,0.00099947938,4.4154534e-05,design
2014-05-22,20882,20923,0.624,94.24142,20410.1,0,0,0,0,0,0,0,design
2014-05-23,20895,20890,0.444,62.546287,20419.317,0,0,0,0,0,0,0,design
2014-05-26,20866,20855,0.592,36.504133,20426.517,0,0,0,0,0,0,0,design
2014-05-27,20866,20642,0.572,6.0160704,20429.667,0,0,0,0,0,0,0,design
2014-05-28,20642,20870,0.956,66.290113,20436.2,1,0,0,0,0,0,0,design
2014-05-29,20899,20852,0.436,60.194707,20445.267,0,1,1,-0.0024989114,-0.0025989114,-0.0076757426,-0.0023489114,design
2014-05-30,20847,20677,0.328,21.591217,20452.433,0,1,1,-0.0083924803,-0.0083924803,-0.015793849,-0.0083924803,design
2014-06-02,20681,20724,0.712,41.680755,20457.3,0,1,1,0.002273057,0.002273057,0.0033783784,0.002273057,design
2014-06-03,20724,20745,0.808,52.545796,20462.167,1,1,1,0.0010133179,0.0010133179,0.0025252525,0.0010133179,design
2014-06-05,20747,20635,0.072,17.80161,20465.917,-1,1,1,-0.0053024825,-0.0053024825,-0.010915197,-0.0053024825,design
2014-06-09,20729,20631,0.424,16.984834,20473.883,0,-1,-1,0.0089545796,0.0088045796,0.013759683,0.0091045796,design
2014-06-10,20750,20847,0.72,86.060216,20483.967,0,-1,-1,-0.010415754,-0.010415754,-0.010415754,-0.010415754,design
2014-06-11,20834,20831,0.408,76.615697,20498.917,0,-1,-1,0.00076767611,0.00076767611,0.00076767611,0.00076767611,design
2014-06-12,20811,20754,0.196,37.25941,20511.783,-1,-1,-1,0.0037016733,0.0037016733,0.0037016733,0.0037016733,design
2014-06-13,20684,20501,0.004,8.5151905,20523.717,-1,-1,-1,0.012250103,0.012250103,0.012250103,0.012250103,design
2014-06-16,20479,20609,0.816,44.843464,20536.217,1,-1,-1,-0.0052816599,-0.0052816599,-0.0052816599,-0.0052816599,design
2014-06-17,20589,20647,0.196,56.890031,20547.183,-1,1,1,0.0034402218,0.0032902218,0.0048944483,0.0035902218,design
2014-06-18,20627,20525,0.084,23.680478,20556.117,-1,-1,-1,0.0036215213,0.0034715213,0.0028858849,0.0037715213,design
2014-06-19,20617,20578,0.076,49.363125,20569.867,-1,-1,-1,-0.0025991748,-0.0025991748,-0.0025991748,-0.0025991748,design
2014-06-20,20566,20279,0.076,10.290625,20576.1,-1,-1,-1,0.014546356,0.014546356,0.014546356,0.014546356,design
2014-06-23,20307,20391,0.832,43.684814,20582.417,1,-1,-1,-0.0055115319,-0.0055115319,-0.0055115319,-0.0055115319,design
2014-06-24,20324,20617,0.98,77.494532,20592.933,1,1,1,0.017399586,0.017249586,0.029291782,0.017549586,design
2014-06-25,20589,20501,0.288,47.945493,20596.783,0,1,1,-0.0056264248,-0.0056264248,-0.013225256,-0.0056264248,design
2014-06-26,20533,20635,0.768,72.325353,20601,0,1,1,0.0065362665,0.0065362665,0.014267185,0.0065362665,design
2014-06-27,20617,20582,0.876,52.773437,20604.333,1,1,1,-0.0025684517,-0.0025684517,-0.0051150895,-0.0025684517,design
2014-06-30,20606,20677,0.76,76.016383,20607.617,0,1,1,0.0046156836,0.0046156836,0.0047129392,0.0046156836,design
2014-07-01,20593,20622,0.228,48.422164,20609.717,0,1,1,-0.0026599603,-0.0026599603,-0.0012793177,-0.0026599603,design
2014-07-02,20702,20767,0.888,82.300102,20613.233,1,1,1,0.0070313258,0.0070313258,0.014944492,0.0070313258,design
2014-07-03,20767,20745,0.132,68.622629,20616.65,-1,1,1,-0.001059373,-0.001059373,-0.0025241902,-0.001059373,design
2014-07-04,20855,20716,0.164,47.716307,20618.35,-1,-1,-1,0.011652892,0.011502892,0.014381975,0.011802892,design
2014-07-07,20684,20601,0.32,13.967491,20618.883,0,-1,-1,0.0055636618,0.0055636618,0.0055636618,0.0055636618,design
2014-07-08,20617,20601,0.312,13.967491,20617.583,0,-1,-1,-1.2054694e-06,-1.2054694e-06,-1.2054694e-06,-1.2054694e-06,design
2014-07-09,20514,20505,0.12,4.1548868,20614.2,-1,-1,-1,0.0046636735,0.0046636735,0.0046636735,0.0046636735,design
2014-07-10,20553,20542,0.4,37.824879,20610.5,0,-1,-1,-0.0018069436,-0.0018069436,-0.0018069436,-0.0018069436,design
2014-07-11,20454,20377,0.056,9.1515213,20606.8,-1,-1,-1,0.0080645779,0.0080645779,0.0080645779,0.0080645779,design
2014-07-14,20479,20454,0.396,46.795024,20603.267,0,-1,-1,-0.0037909916,-0.0037909916,-0.0037909916,-0.0037909916,design
2014-07-15,20514,20668,0.944,83.892738,20605.35,1,-1,-1,-0.010418459,-0.010418459,-0.010418459,-0.010418459,design
2014-07-16,20664,20697,0.524,86.45284,20606.417,0,1,1,0.0014408252,0.0012908252,0.0023972215,0.0015908252,design
2014-07-17,20754,20763,0.628,92.139534,20609.15,0,1,1,0.003188868,0.003188868,0.0063667233,0.003188868,design
2014-07-18,20627,20737,0.848,69.239944,20608.85,1,1,1,-0.0012522275,-0.0012522275,-0.0029523408,-0.0012522275,design
2014-07-21,20834,20745,0.16,73.320391,20609.183,-1,1,1,0.00038578386,0.00038578386,0.00084602369,0.00038578386,design
2014-07-22,20745,20866,0.568,94.677689,20611.617,0,-1,-1,-0.0061827308,-0.0063327308,-0.0061827308,-0.0060327308,design
2014-07-23,20913,20862,0.588,89.918629,20614.4,0,-1,-1,0.00018071334,0.00018071334,0.00018071334,0.00018071334,design
2014-07-24,20882,20870,0.66,91.606298,20617.583,0,-1,-1,-0.00038457417,-0.00038457417,-0.00038457417,-0.00038457417,design
2014-07-25,20906,20913,0.54,97.001821,20626.517,0,-1,-1,-0.0020592186,-0.0020592186,-0.0020592186,-0.0020592186,design
2014-07-28,20924,21108,0.956,99.561034,20638.617,1,-1,0,-0.0094150929,-0.0094650929,-0.0094150929,-0.0094150929,design
2014-07-29,21167,21312,0.908,99.842437,20655.517,1,1,1,0.0066002858,0.0065002858,0.013148295,0.0067502858,design
2014-07-30,21358,21573,0.748,99.940325,20676.95,0,1,1,0.012246622,0.012246622,0.023237179,0.012246622,design
2014-07-31,21528,21468,0.304,66.632793,20697.833,0,1,1,-0.0048671951,-0.0048671951,-0.010571652,-0.0048671951,design
2014-08-01,21299,21373,0.372,41.565803,20720.417,0,1,1,-0.004425191,-0.004425191,-0.007518797,-0.004425191,design
2014-08-04,21457,21369,0.488,40.289447,20741.4,0,1,1,-0.00018715201,-0.00018715201,0.0011961722,-0.00018715201,design
2014-08-05,21349,21224,0.212,12.488017,20759.5,0,1,0,-0.0070355304,-0.0071355304,-0.014985165,-0.0068855304,design
2014-08-06,21163,21159,0.368,7.7150395,20774.4,0,0,0,0,0,0,0,design
2014-08-07,21075,21070,0.028,3.7695893,20783.2,-1,0,0,0,0,0,0,design
2014-08-08,21028,20806,0.052,0.93447592,20783.267,-1,-1,-1,0.010457352,0.010407352,0.010457352,0.010457352,design
2014-08-11,20947,20924,0.296,40.762085,20785.233,0,-1,-1,-0.0056863231,-0.0056863231,-0.0056863231,-0.0056863231,design
2014-08-12,20982,20924,0.52,40.762085,20787.367,0,-1,-1,-1.5324785e-05,-1.5324785e-05,-1.5324785e-05,-1.5324785e-05,design
2014-08-13,20959,21049,0.724,78.088676,20790.883,0,-1,-1,-0.0059596355,-0.0059596355,-0.0059596355,-0.0059596355,design
2014-08-14,21075,21108,0.572,86.261001,20795.833,0,-1,-1,-0.0027991152,-0.0027991152,-0.0027991152,-0.0027991152,design
2014-08-18,21175,20993,0.092,35.151737,20798.817,-1,-1,0,0.0052936074,0.0052436074,0.0052936074,0.0052936074,design
2014-08-19,21049,21167,0.948,76.781389,20802.883,1,-1,-1,-0.005705967,-0.005755967,-0.005705967,-0.005705967,design
2014-08-20,21251,21141,0.528,64.422102,20807.067,0,1,1,-0.0094741269,-0.0096241269,-0.014379366,-0.0093241269,design
2014-08-21,21117,20811,0.012,12.666329,20806.333,-1,1,1,-0.015609479,-0.015609479,-0.031020408,-0.015609479,design
2014-08-22,20859,20964,0.584,49.950827,20811.7,0,-1,-1,-0.0030889361,-0.0032389361,-0.0020309215,-0.0029389361,design
2014-08-25,20913,21019,0.532,61.704955,20814.183,0,-1,-1,-0.0026482064,-0.0026482064,-0.0026482064,-0.0026482064,design
2014-08-26,21092,21097,0.9,77.015497,20818.267,1,-1,-1,-0.0037092816,-0.0037092816,-0.0037092816,-0.0037092816,design
2014-08-27,21155,21101,0.676,77.920865,20825.333,0,1,1,-0.0056447765,-0.0057947765,-0.0071712795,-0.0054947765,design
2014-08-28,21155,21120,0.572,83.933201,20831.933,0,1,1,0.00090043126,0.00090043126,0.0016400164,0.00090043126,design
2014-08-29,21065,21061,0.348,31.188263,20837.2,0,1,1,-0.0027935606,-0.0027935606,-0.0094146541,-0.0027935606,design
2014-09-01,21035,21019,0.404,16.460849,20843.6,0,1,1,-0.0019942073,-0.0019942073,-0.00082644628,-0.0019942073,design
2014-09-02,21019,20838,0.052,3.2467147,20847.05,-1,1,0,-0.0088612565,-0.0089612565,-0.018446857,-0.0087112565,design
2014-09-03,20785,20785,0.356,2.2084609,20846.017,0,-1,-1,-0.0001,-0.00015,-0.0001,-0.0001,design
2014-09-04,20878,20855,0.668,46.988342,20846.417,0,-1,-1,-0.0033776716,-0.0033776716,-0.0033776716,-0.0033776716,design
2014-09-05,20838,20814,0.636,30.58319,20847.417,0,-1,-1,0.0019678331,0.0019678331,0.0019678331,0.0019678331,design
2014-09-11,20814,20720,0.252,11.758696,20851.067,0,-1,-1,0.004516191,0.004516191,0.004516191,0.004516191,design
2014-09-12,20720,20759,0.516,41.591011,20853.567,0,-1,0,-0.0019822394,-0.0020322394,-0.0019822394,-0.0019822394,design
2014-09-15,20724,20684,0.368,18.080734,20854.183,0,0,0,0,0,0,0,design
2014-09-16,20716,20750,0.46,58.935252,20857.933,0,0,0,0,0,0,0,design
2014-09-17,20838,20939,0.864,89.351222,20863.95,1,0,0,0,0,0,0,design
2014-09-18,20934,20806,0.004,43.747228,20872.733,-1,1,1,-0.006364455,-0.006464455,-0.0094704526,-0.006214455,design
2014-09-19,20913,20890,0.604,65.797621,20881.05,0,-1,-1,0.0058981976,0.0057481976,0.0083723817,0.0060481976,design
2014-09-22,20806,20640,0.004,19.739721,20881.433,-1,-1,-1,0.012031612,0.012031612,0.012031612,0.012031612,design
2014-09-23,20558,20571,0.044,14.238151,20882.6,-1,-1,-1,0.0033379987,0.0033379987,0.0033379987,0.0033379987,design
2014-09-24,20488,20563,0.492,13.373835,20881.4,0,-1,-1,0.00035935673,0.00035935673,0.00035935673,0.00035935673,design
2014-09-25,20647,20558,0.284,12.430598,20881,0,-1,-1,0.0002079379,0.0002079379,0.0002079379,0.0002079379,design
2014-09-26,20427,20492,0.172,4.343396,20877.917,-1,-1,-1,0.0031698755,0.0031698755,0.0031698755,0.0031698755,design
2014-09-29,20497,20462,0.352,2.7292171,20875.25,0,-1,-1,0.0014631527,0.0014631527,0.0014631527,0.0014631527,design
2014-09-30,20405,20372,0.172,0.84500099,20868.667,-1,-1,-1,0.0044074072,0.0044074072,0.0044074072,0.0044074072,design
2014-10-01,20294,20094,0.316,0.16049226,20857.817,0,-1,-1,0.013721647,0.013721647,0.013721647,0.013721647,design
2014-10-02,19970,19849,0.016,0.066105537,20843.367,-1,-1,-1,0.012267476,0.012267476,0.012267476,0.012267476,design
2014-10-06,19878,19818,0.288,0.057541756,20830.317,0,-1,-1,0.0015529715,0.0015529715,0.0015529715,0.0015529715,design
2014-10-07,19905,19853,0.176,22.676619,20817.85,-1,-1,-1,-0.0017890079,-0.0017890079,-0.0017890079,-0.0017890079,design
2014-10-08,19745,19791,0.304,12.585376,20805.95,0,-1,-1,0.0030976066,0.0030976066,0.0030976066,0.0030976066,design
2014-10-10,19710,19484,0.34,2.3276078,20788.317,0,-1,-1,0.015605959,0.015605959,0.015605959,0.015605959,design
2014-10-13,19305,19439,0.648,1.8787074,20772.683,0,-1,-1,0.0021820493,0.0021820493,0.0021820493,0.0021820493,design
2014-10-14,19484,19417,0.068,1.5806407,20755.4,-1,-1,-1,0.0011158246,0.0011158246,0.0011158246,0.0011158246,design
2014-10-15,19393,19390,0.168,1.137621,20734.1,-1,-1,-1,0.0013909165,0.0013909165,0.0013909165,0.0013909165,design
2014-10-16,19305,19295,0.368,0.38273705,20710.733,0,-1,-1,0.0049039742,0.0049039742,0.0049039742,0.0049039742,design
2014-10-17,19323,19068,0.188,0.091758473,20682.483,-1,-1,-1,0.011726405,0.011726405,0.011726405,0.011726405,design
2014-10-20,19198,19330,0.736,63.735071,20659.033,0,-1,-1,-0.013646545,-0.013646545,-0.013646545,-0.013646545,design
2014-10-21,19295,19192,0.436,38.140578,20633.15,0,-1,-1,0.0071584931,0.0071584931,0.0071584931,0.0071584931,design
2014-10-22,19374,19323,0.268,64.900722,20607.433,0,-1,-1,-0.0068756873,-0.0068756873,-0.0068756873,-0.0068756873,design
2014-10-23,19305,19361,0.516,71.94239,20582.417,0,-1,-1,-0.0019719727,-0.0019719727,-0.0019719727,-0.0019719727,design
2014-10-24,19444,19285,0.964,39.912875,20556,1,-1,0,0.0037553052,0.0037053052,0.0037553052,0.0037553052,design
2014-10-27,19357,19378,0.552,71.244599,20530.417,0,1,1,0.00083487886,0.00073487886,0.0022106299,0.00098487886,design
2014-10-28,19387,19361,0.244,59.837564,20501.3,0,1,1,-0.00087728352,-0.00087728352,-0.0019636721,-0.00087728352,design
2014-10-29,19463,19722,0.976,94.850971,20474.8,1,1,1,0.018645731,0.018645731,0.038366945,0.018645731,design
2014-10-30,19676,19710,0.368,89.654705,20443.75,0,1,1,-0.00060845756,-0.00060845756,-0.0018948366,-0.00060845756,design
2014-10-31,19772,19858,0.492,95.600229,20416.917,0,1,1,0.0075088787,0.0075088787,0.011865211,0.0075088787,design
2014-11-03,19853,19734,0.148,48.700481,20389.6,-1,1,1,-0.0062443348,-0.0062443348,-0.0098499062,-0.0062443348,design
2014-11-04,19696,19596,0.108,23.280051,20360.05,-1,-1,-1,0.0027917858,0.0026417858,-3.3969429e-05,0.0029417858,design
2014-11-05,19644,19539,0.436,16.266144,20331.967,0,-1,-1,0.0028825713,0.0028825713,0.0028825713,0.0028825713,design
2014-11-06,19491,19652,0.748,61.84489,20306.85,0,-1,-1,-0.0058238897,-0.0058238897,-0.0058238897,-0.0058238897,design
2014-11-07,19644,19667,0.376,66.662554,20283.467,0,-1,-1,-0.00076423435,-0.00076423435,-0.00076423435,-0.00076423435,design
2014-11-10,19795,19853,0.844,91.93067,20267.583,1,-1,-1,-0.0094193274,-0.0094193274,-0.0094193274,-0.0094193274,design
2014-11-11,19868,19853,0.216,91.93067,20249.733,0,1,1,-0.0018599658,-0.0020099658,-0.0034413281,-0.0017099658,design
2014-11-12,19849,19916,0.568,96.018881,20232.933,0,1,1,0.0031733239,0.0031733239,0.007497657,0.0031733239,design
2014-11-13,19902,19858,0.3,49.677278,20213.083,0,1,1,-0.0029122314,-0.0029122314,-0.0055813953,-0.0029122314,design
2014-11-14,19823,19687,0.736,12.917101,20189.4,0,1,1,-0.0086111391,-0.0086111391,-0.019176801,-0.0086111391,design
2014-11-17,19625,19737,0.912,39.219187,20168.467,1,1,0,0.002289747,0.002189747,0.0054724607,0.002439747,design
2014-11-18,19737,19893,0.952,78.929926,20147.233,1,1,1,0.0076539368,0.0075539368,0.016345543,0.0078039368,design
2014-11-19,19962,19868,0.844,65.263441,20126.017,1,1,1,-0.0012567235,-0.0012567235,-0.0041977612,-0.0012567235,design
2014-11-20,19763,19788,0.952,30.957812,20108.967,1,1,1,-0.0040265754,-0.0040265754,-0.0074941452,-0.0040265754,design
2014-11-21,19823,19853,0.696,62.764007,20090.45,0,1,1,0.0032848191,0.0032848191,0.0061349693,0.0032848191,design
2014-11-24,19994,20041,0.928,89.839676,20074.15,1,1,1,0.0094696016,0.0094696016,0.020168856,0.0094696016,design
2014-11-25,20076,20041,0.3,89.839676,20056.55,0,1,1,-1.110223e-16,-1.110223e-16,-0.00091954023,-1.110223e-16,design
2014-11-26,20056,19998,0.688,53.949565,20038.167,0,1,1,-0.0021456015,-0.0021456015,-0.0041417395,-0.0021456015,design
2014-11-27,20120,20113,0.956,85.319344,20021.383,1,1,1,0.0057505751,0.0057505751,0.012014787,0.0057505751,design
2014-11-28,20090,20110,0.7,82.391073,20005.533,0,1,1,-0.00014915726,-0.00014915726,-0.001826484,-0.00014915726,design
2014-12-01,20041,19938,0.264,16.693529,19987.517,0,1,1,-0.0085529587,-0.0085529587,-0.016925892,-0.0085529587,design
2014-12-02,19905,19929,0.724,15.407789,19972.367,0,1,1,-0.00045139934,-0.00045139934,-0.0018613309,-0.00045139934,design
2014-12-03,19959,19970,0.864,50.290768,19958.783,1,1,1,0.0020573034,0.0020573034,0.0046620047,0.0020573034,design
2014-12-04,19970,20183,1,90.593544,19947.583,1,1,1,0.010665999,0.010665999,0.022737819,0.010665999,design
2014-12-05,20194,20194,0.984,91.320388,19937.25,1,1,1,0.00054501313,0.00054501313,-0.00090744102,0.00054501313,design
2014-12-08,20190,20162,0.62,62.998025,19927.95,0,1,1,-0.0015846291,-0.0015846291,-0.0036330609,-0.0015846291,design
2014-12-09,20115,20099,0.688,28.362319,19916.95,0,1,1,-0.00312469,-0.00312469,-0.0059252507,-0.00312469,design
2014-12-10,20018,19802,0.08,4.5865982,19902.25,-1,1,1,-0.014776855,-0.014776855,-0.029344337,-0.014776855,design
2014-12-11,19700,19573,0.036,2.0005142,19882.633,-1,-1,-1,0.00091249874,0.00076249874,-0.0081656524,0.0010624987,design
2014-12-12,19591,19596,0.752,11.970664,19860.25,0,-1,-1,-0.0011746187,-0.0011746187,-0.0011746187,-0.0011746187,design
2014-12-15,19413,19605,0.776,18.462672,19840.233,0,-1,-1,-0.00064400094,-0.00064400094,-0.00064400094,-0.00064400094,design
2014-12-16,19504,19459,0.472,5.441849,19816.383,0,-1,-1,0.0074708522,0.0074708522,0.0074708522,0.0074708522,design
2014-12-17,19549,19393,0.52,3.323014,19795.6,0,-1,-1,0.0033179305,0.0033179305,0.0033179305,0.0033179305,design
2014-12-18,19528,19378,0.344,2.8233357,19775.717,0,-1,0,0.00056653199,0.00051653199,0.00056653199,0.00056653199,design
2014-12-19,19518,19670,0.992,85.822663,19760.833,1,0,0,0,0,0,0,design
2014-12-22,19740,19826,0.972,92.587432,19748.633,1,1,1,0.0041066363,0.0040066363,0.007860687,0.0042566363,design
2014-12-23,19802,19813,0.848,85.766776,19737.317,1,1,1,-0.00065570463,-0.00065570463,-0.0014197823,-0.00065570463,design
2014-12-24,19763,19868,0.932,91.232124,19727.417,1,1,1,0.0027759552,0.0027759552,0.0061611374,0.0027759552,design
2014-12-26,19868,19891,0.956,93.363458,19719.4,1,1,1,0.0011576404,0.0011576404,0.00047103156,0.0011576404,design
2014-12-29,19908,19810,0.168,34.424024,19714.667,-1,1,1,-0.0040721935,-0.0040721935,-0.0061205273,-0.0040721935,design
2014-12-30,19795,19621,0.144,8.7237311,19710.867,-1,-1,-1,0.0076762494,0.0075262494,0.0079622254,0.0078262494,design
2015-01-02,19569,19667,0.496,33.053186,19708.35,0,-1,-1,-0.0023709711,-0.0023709711,-0.0023709711,-0.0023709711,design
2015-01-05,19625,19626,0.556,22.406665,19704.567,0,-1,-1,0.0020844928,0.0020844928,0.0020844928,0.0020844928,design
2015-01-06,19421,19277,0.024,3.4558973,19696,-1,-1,-1,0.01793743,0.01793743,0.01793743,0.01793743,design
2015-01-07,19277,19321,0.124,20.425792,19693.283,-1,-1,-1,-0.0022825128,-0.0022825128,-0.0022825128,-0.0022825128,design
2015-01-08,19417,19565,0.82,73.021009,19695.383,1,-1,-1,-0.012553001,-0.012553001,-0.012553001,-0.012553001,design
2015-01-09,19763,19784,0.98,87.660959,19701.5,1,1,1,-0.0094182743,-0.0095682743,-0.005255228,-0.0092682743,design
2015-01-12,19684,19737,0.564,71.100565,19707.283,0,1,1,-0.0023756571,-0.0023756571,-0.0047641734,-0.0023756571,design
2015-01-13,19700,19823,0.116,82.913345,19716.083,-1,1,1,0.0043572985,0.0043572985,0.0090952609,0.0043572985,design
2015-01-14,19795,19737,0.504,45.619211,19727.233,0,-1,-1,0.0011633935,0.0010133935,-0.0012261532,0.0013133935,design
2015-01-15,19710,19795,0.22,66.153786,19734.983,0,-1,-1,-0.0029504421,-0.0029504421,-0.0029504421,-0.0029504421,design
2015-01-16,19725,19518,0.032,14.360032,19740.417,-1,-1,-1,0.014067654,0.014067654,0.014067654,0.014067654,design
2015-01-19,19639,19722,0.94,60.226578,19747.067,1,-1,-1,-0.01039949,-0.01039949,-0.01039949,-0.01039949,design
2015-01-20,19772,19893,0.668,79.043172,19755.933,0,1,1,0.0032190104,0.0030690104,0.0099883493,0.0033690104,design
2015-01-21,19858,19938,0.544,83.221077,19766.817,0,1,1,0.0022621022,0.0022621022,0.0051911279,0.0022621022,design
2015-01-22,20056,19994,0.34,88.785485,19777.083,0,1,1,0.002808707,0.002808707,0.0046948357,0.002808707,design
2015-01-23,20272,20110,0.704,95.27591,19789.567,0,1,1,0.0058017405,0.0058017405,0.012149533,0.0058017405,design
2015-01-26,20056,20110,0.736,95.27591,19796.033,0,1,0,-0.00025,-0.00035,-0.00071168052,-0.0001,design
2015-01-27,20203,20250,0.86,98.754844,19805.033,1,0,0,0,0,0,0,design
2015-01-28,20138,20269,0.78,98.962272,19811.883,0,1,1,0.0062551147,0.0061551147,0.011709522,0.0064051147,design
2015-01-29,20187,20174,0.892,37.121817,19819.217,1,1,1,-0.0046869604,-0.0046869604,-0.0090909091,-0.0046869604,design
2015-01-30,20236,20166,0.472,33.586973,19828.717,0,1,1,-0.00039655001,-0.00039655001,-0.0036697248,-0.00039655001,design
2015-02-02,20060,20115,0.688,15.169645,19838.317,0,1,1,-0.0025290092,-0.0025290092,-0.0023020258,-0.0025290092,design
2015-02-03,20194,20110,0.52,13.69696,19845.95,0,1,1,-0.00024857072,-0.00024857072,-0.0013844024,-0.00024857072,design
2015-02-04,20236,20250,0.836,86.591698,19855.667,1,1,1,0.0069617106,0.0069617106,0.013401109,0.0069617106,design
2015-02-05,20224,20041,0.044,24.587029,19858.8,-1,1,1,-0.010320988,-0.010320988,-0.020063839,-0.010320988,design
2015-02-06,20064,20073,0.952,38.149147,19862.467,1,-1,-1,0.00034856794,0.00019856794,-0.00033344061,0.00049856794,design
2015-02-09,20002,20050,0.508,30.312776,19864.7,0,1,1,0.0055953378,0.0054453378,0.0064666226,0.0057453378,design
2015-02-10,20041,19954,0.296,11.16591,19866.3,0,1,1,-0.0047880299,-0.0047880299,-0.0088413215,-0.0047880299,design
2015-02-11,19959,19982,0.64,35.084565,19871.217,0,1,1,0.0014032274,0.0014032274,0.003286385,0.0014032274,design
2015-02-12,19998,19921,0.28,16.144459,19874.283,0,1,1,-0.0030527475,-0.0030527475,-0.0088909686,-0.0030527475,design
2015-02-13,19974,20069,0.776,76.832663,19877.217,0,1,0,0.0071793459,0.0070793459,0.016275024,0.0073293459,design
2015-02-16,20069,20094,0.676,81.384238,19880.983,0,0,0,0,0,0,0,design
2015-02-17,20056,20138,0.932,88.994897,19886.817,1,0,0,0,0,0,0,design
2015-02-23,20232,20194,0.644,94.607074,19892.5,0,1,1,-0.0021282127,-0.0022282127,-0.0052728311,-0.0019782127,design
2015-02-24,20215,20218,0.712,96.24738,19895.45,0,1,1,0.0011884718,0.0011884718,0.0018357045,0.0011884718,design
2015-02-25,20279,20287,0.88,98.634872,19899.55,1,1,1,0.0034128005,0.0034128005,0.0087036189,0.0034128005,design
2015-02-26,20291,20279,0.492,85.954124,19904.233,0,1,1,-0.0003943412,-0.0003943412,0,-0.0003943412,design
2015-02-27,20245,20215,0.436,28.117145,19905.933,0,1,1,-0.0031559742,-0.0031559742,-0.0086285195,-0.0031559742,design
2015-03-02,20250,20336,0.78,79.718944,19909.7,0,1,1,0.0059856542,0.0059856542,0.011910215,0.0059856542,design
2015-03-03,20391,20415,0.852,89.531658,19917.65,1,1,1,0.0038847364,0.0038847364,0.00769579,0.0038847364,design
2015-03-04,20377,20396,0.516,72.62868,19925.433,0,1,1,-0.00093068822,-0.00093068822,-0.0017969452,-0.00093068822,design
2015-03-05,20396,20423,0.752,82.186746,19932.983,0,1,1,0.001323789,0.001323789,0.003150315,0.001323789,design
2015-03-06,20459,20525,0.828,95.104097,19938.683,1,1,1,0.0049943691,0.0049943691,0.0098698968,0.0049943691,design
2015-03-09,20479,20315,0.112,23.859964,19940.7,-1,1,1,-0.010231425,-0.010231425,-0.020435362,-0.010231425,design
2015-03-10,20369,20228,0.3,14.722036,19941.8,0,-1,-1,0.0092488186,0.0090988186,0.012052133,0.0093988186,design
2015-03-11,20099,20240,0.608,22.870749,19944.15,0,-1,-1,-0.0006827141,-0.0006827141,-0.0006827141,-0.0006827141,design
2015-03-12,20208,20240,0.528,22.870749,19951.45,0,-1,-1,-5.0072135e-06,-5.0072135e-06,-5.0072135e-06,-5.0072135e-06,design
2015-03-13,20275,20283,0.528,67.450764,19963.283,0,-1,-1,-0.0021231413,-0.0021231413,-0.0021231413,-0.0021231413,design
2015-03-16,20261,20298,0.704,76.804385,19974.983,0,-1,0,-0.00084349709,-0.00089349709,-0.00084349709,-0.00084349709,design
2015-03-17,20382,20759,0.996,98.757172,19994.217,1,0,0,0,0,0,0,design
2015-03-18,20759,20759,0.524,98.757172,20015.883,0,1,1,-0.00025,-0.00035,-0.0011195652,-0.0001,design
2015-03-19,20918,20818,0.756,99.162798,20039.633,0,1,1,0.0028421408,0.0028421408,0.0060922541,0.0028421408,design
2015-03-20,20818,20754,0.4,58.055683,20062.567,0,1,1,-0.0030742627,-0.0030742627,-0.0051903114,-0.0030742627,design
2015-03-23,20834,20763,0.512,62.435341,20080.783,0,1,1,0.00043365134,0.00043365134,0.00086956522,0.00043365134,design
2015-03-24,20745,20806,0.672,81.196544,20097.117,0,1,0,0.0018209917,0.0017209917,0.0019220243,0.0019709917,design
2015-03-25,20806,20806,0.384,81.196544,20113.667,0,0,0,0,0,0,0,design
2015-03-26,20684,20612,0.284,8.1090263,20126.067,0,0,0,0,0,0,0,design
2015-03-27,20598,20566,0.36,5.6831021,20137.317,0,0,0,0,0,0,0,design
2015-03-30,20543,20609,0.148,39.513524,20150.633,-1,0,0,0,0,0,0,design
2015-03-31,20720,20617,0.332,46.635809,20167.233,0,-1,-1,0.0048710425,0.0048210425,0.0048710425,0.0048710425,design
2015-04-01,20582,20462,0.12,8.3834922,20180.483,-1,-1,-1,0.0075378631,0.0075378631,0.0075378631,0.0075378631,design
2015-04-02,20492,20481,0.432,23.722186,20194.733,0,-1,-1,-0.00093012451,-0.00093012451,-0.00093012451,-0.00093012451,design
2015-04-03,20505,20635,0.796,79.462151,20217.367,0,-1,-1,-0.0075043056,-0.0075043056,-0.0075043056,-0.0075043056,design
2015-04-06,20622,20627,0.416,73.854936,20239.133,0,-1,-1,0.00038738532,0.00038738532,0.00038738532,0.00038738532,design
2015-04-07,20697,20582,0.452,41.171146,20256.083,0,-1,-1,0.0021438944,0.0021438944,0.0021438944,0.0021438944,design
2015-04-08,20589,20733,0.856,85.181416,20271.9,1,-1,0,-0.0074317502,-0.0074817502,-0.0074317502,-0.0074317502,design
2015-04-09,20711,20716,0.088,72.901338,20288.217,-1,1,1,-8.5823958e-06,-0.0001085824,0.0019410605,0.0001414176,design
2015-04-10,20754,20951,0.936,94.564729,20307.017,1,-1,-1,-0.0080252269,-0.0081752269,-0.0072435247,-0.0078752269,design
2015-04-13,21005,21113,0.7,97.41447,20329.95,0,1,1,0.0022009381,0.0020509381,0.0068179775,0.0023509381,design
2015-04-14,21120,21213,0.904,98.430434,20353.583,1,1,1,0.0047364183,0.0047364183,0.010517459,0.0047364183,design
2015-04-15,21242,21325,0.756,99.165209,20383.7,0,1,1,0.0052797813,0.0052797813,0.0070774355,0.0052797813,design
2015-04-16,21408,21480,0.776,99.636374,20413,0,1,1,0.0072684642,0.0072684642,0.014882183,0.0072684642,design
2015-04-17,21511,21494,0.812,99.670019,20439.683,1,1,1,0.00065176909,0.00065176909,0.00081466395,0.00065176909,design
2015-04-20,21387,21483,0.86,87.017983,20465.433,1,1,1,-0.00051177073,-0.00051177073,-0.002035002,-0.00051177073,design
2015-04-21,21528,21464,0.424,60.491438,20489.933,0,1,1,-0.00088442024,-0.00088442024,-0.001223491,-0.00088442024,design
2015-04-22,21472,21564,0.82,90.612957,20514.167,1,1,1,0.0046589638,0.0046589638,0.0077582687,0.0046589638,design
2015-04-23,21648,21868,0.476,98.334278,20543.467,0,1,1,0.01409757,0.01409757,0.029983793,0.01409757,design
2015-04-24,21898,21734,0.068,57.000633,20568.2,-1,1,1,-0.0061276751,-0.0061276751,-0.012588513,-0.0061276751,design
2015-04-27,21822,21672,0.356,41.038071,20591.583,0,-1,-1,0.010600584,0.010450584,0.015750131,0.010750584,design
2015-04-28,21716,21596,0.564,24.332495,20615.283,0,-1,-1,0.003484391,0.003484391,0.003484391,0.003484391,design
2015-04-29,21693,21547,0.356,15.956649,20638.3,0,-1,-1,0.0022084796,0.0022084796,0.0022084796,0.0022084796,design
2015-04-30,21478,21450,0.608,6.7531397,20660.55,0,-1,-1,0.0045101362,0.0045101362,0.0045101362,0.0045101362,design
2015-05-04,21486,21519,0.572,48.781687,20684.033,0,-1,0,-0.0033116278,-0.0033616278,-0.0033116278,-0.0033116278,design
2015-05-06,21438,21170,0.012,8.7744858,20699.367,-1,0,0,0,0,0,0,design
2015-05-07,21152,21072,0.272,6.007505,20716.55,0,-1,-1,0.0036821483,0.0036321483,0.0036821483,0.0036821483,design
2015-05-08,21080,20987,0.344,3.8832626,20731.783,0,-1,-1,0.0040304391,0.0040304391,0.0040304391,0.0040304391,design
2015-05-11,21120,21021,0.18,25.077286,20747.967,-1,-1,-1,-0.0016794623,-0.0016794623,-0.0016794623,-0.0016794623,design
2015-05-12,21006,21009,0.236,21.69974,20765.55,0,-1,-1,0.00057065389,0.00057065389,0.00057065389,0.00057065389,design
2015-05-13,21012,21139,0.272,80.016191,20784.833,0,-1,-1,-0.0061860981,-0.0061860981,-0.0061860981,-0.0061860981,design
2015-05-14,21106,21166,0.108,84.737845,20805.583,-1,-1,-1,-0.0012861358,-0.0012861358,-0.0012861358,-0.0012861358,design
2015-05-15,21251,20956,0.436,18.124297,20820.367,0,-1,-1,0.009810078,0.009810078,0.009810078,0.009810078,design
2015-05-18,21002,21006,0.388,40.425424,20835.567,0,-1,-1,-0.0023851154,-0.0023851154,-0.0023851154,-0.0023851154,design
2015-05-19,21006,21102,0.116,70.881433,20851.633,-1,-1,-1,-0.0045701228,-0.0045701228,-0.0045701228,-0.0045701228,design
2015-05-20,21152,21296,0.768,90.503373,20870,0,-1,-1,-0.0091611797,-0.0091611797,-0.0091611797,-0.0091611797,design
2015-05-21,21261,21056,0.116,33.930819,20883.967,-1,-1,-1,0.011301416,0.011301416,0.011301416,0.011301416,design
2015-05-22,21122,21330,0.964,72.780611,20901.35,1,-1,-1,-0.012951184,-0.012951184,-0.012951184,-0.012951184,design
2015-05-26,21398,21288,0.812,61.664482,20918.167,1,1,1,-0.008662277,-0.008812277,-0.0076758645,-0.008512277,design
2015-05-27,21178,20862,0.34,15.046232,20928.95,0,1,1,-0.020011274,-0.020011274,-0.041267195,-0.020011274,design
2015-05-28,20923,20858,0.904,14.835609,20937.65,1,1,1,-0.00019173617,-0.00019173617,0,-0.00019173617,design
2015-05-29,20804,20964,0.608,51.108785,20946.8,0,1,1,0.0050819829,0.0050819829,0.007826087,0.0050819829,design
2015-06-01,20903,20779,0.264,20.552854,20953.183,0,1,1,-0.0088246518,-0.0088246518,-0.015099223,-0.0088246518,design
2015-06-02,20757,20578,0.18,8.9393852,20955.767,-1,1,1,-0.0096732278,-0.0096732278,-0.019710907,-0.0096732278,design
2015-06-03,20598,20388,0.524,4.3221747,20953.483,0,-1,-1,0.010826985,0.010676985,0.013456229,0.010976985,design
2015-06-04,20448,20469,0.744,33.574868,20956.05,0,-1,-1,-0.0039668805,-0.0039668805,-0.0039668805,-0.0039668805,design
2015-06-05,20388,20445,0.532,28.424848,20959.667,0,-1,-1,0.001150378,0.001150378,0.001150378,0.001150378,design
2015-06-08,20421,20402,0.072,18.342819,20962.367,-1,-1,-1,0.0021053881,0.0021053881,0.0021053881,0.0021053881,design
2015-06-09,20402,20370,0.144,12.005157,20964.533,-1,-1,-1,0.0015684737,0.0015684737,0.0015684737,0.0015684737,design
2015-06-10,20428,20250,0.06,3.3428077,20963.983,-1,-1,-1,0.0058413957,0.0058413957,0.0058413957,0.0058413957,design
2015-06-11,20304,20325,0.12,49.179695,20964.433,-1,-1,-1,-0.0036981875,-0.0036981875,-0.0036981875,-0.0036981875,design
2015-06-12,20362,20154,0.048,15.551145,20954.35,-1,-1,-1,0.0083760926,0.0083760926,0.0083760926,0.0083760926,design
2015-06-15,20038,20083,0.552,9.9189286,20943.083,0,-1,-1,0.0034970224,0.0034970224,0.0034970224,0.0034970224,design
2015-06-16,20066,19916,0.216,3.6685862,20928.05,0,-1,-1,0.0083281463,0.0083281463,0.0083281463,0.0083281463,design
2015-06-17,19929,19934,0.156,15.189214,20914.383,-1,-1,-1,-0.00090346841,-0.00090346841,-0.00090346841,-0.00090346841,design
2015-06-18,20020,19995,0.108,53.158206,20901.583,-1,-1,-1,-0.0030708731,-0.0030708731,-0.0030708731,-0.0030708731,design
2015-06-19,20105,20097,0.172,81.242235,20889.767,-1,-1,-1,-0.0051056534,-0.0051056534,-0.0051056534,-0.0051056534,design
2015-06-22,20162,20165,0.024,89.57555,20879.083,-1,-1,-1,-0.0033826271,-0.0033826271,-0.0033826271,-0.0033826271,design
2015-06-23,20272,20435,0.784,97.697751,20876.133,0,-1,-1,-0.013304205,-0.013304205,-0.013304205,-0.013304205,design
2015-06-24,20464,20428,0.232,93.903999,20873.833,0,-1,-1,0.0003375565,0.0003375565,0.0003375565,0.0003375565,design
2015-06-25,20362,20412,0.392,79.747568,20870.55,0,-1,-1,0.00076737159,0.00076737159,0.00076737159,0.00076737159,design
2015-06-26,20340,20426,0.36,83.975224,20867.367,0,-1,-1,-0.00071569908,-0.00071569908,-0.00071569908,-0.00071569908,design
2015-06-29,20236,20162,0.628,9.464359,20862.367,0,-1,0,0.012892735,0.012842735,0.012892735,0.012892735,design
2015-06-30,20105,20245,0.664,41.88688,20858.433,0,0,0,0,0,0,0,design
2015-07-01,20224,20477,0.628,80.641955,20855.8,0,0,0,0,0,0,0,design
2015-07-02,20496,20500,0.24,82.902701,20853.683,0,0,0,0,0,0,0,design
2015-07-03,20487,20440,0.276,51.514198,20851.317,0,0,0,0,0,0,0,design
2015-07-06,20189,19929,0.024,6.915459,20837.917,-1,0,0,0,0,0,0,design
2015-07-07,20030,19971,0.124,18.512449,20825.5,-1,-1,-1,0.0028455816,0.0027955816,0.0028455816,0.0028455816,design
2015-07-08,19966,19697,0.12,7.0508977,20804.6,-1,-1,-1,0.01372664,0.01372664,0.01372664,0.01372664,design
2015-07-09,19601,19829,0.016,41.780578,20783.2,-1,-1,-1,-0.0068149137,-0.0068149137,-0.0068149137,-0.0068149137,design
2015-07-10,19891,19846,0.048,46.891772,20760.417,-1,-1,-1,-0.00087147758,-0.00087147758,-0.00087147758,-0.00087147758,design
2015-07-13,19846,20058,0.448,83.34974,20739.3,0,-1,-1,-0.010682253,-0.010682253,-0.010682253,-0.010682253,design
2015-07-14,20097,19963,0.244,51.601905,20714.017,0,-1,-1,0.0047103361,0.0047103361,0.0047103361,0.0047103361,design
2015-07-15,20033,20024,0.264,67.499615,20689.517,0,-1,-1,-0.0030588036,-0.0030588036,-0.0030588036,-0.0030588036,design
2015-07-16,19990,20173,0.908,87.522388,20667.683,1,-1,-1,-0.007472159,-0.007472159,-0.007472159,-0.007472159,design
2015-07-17,20261,20051,0.156,43.567765,20644.133,-1,1,1,-0.015031793,-0.015181793,-0.025021984,-0.014881793,design
2015-07-20,20047,20020,0.46,34.709225,20618.4,0,-1,-1,0.00079707496,0.00064707496,-0.00042485957,0.00094707496,design
2015-07-21,20024,20058,0.268,56.428699,20588.233,0,-1,-1,-0.0018974234,-0.0018974234,-0.0018974234,-0.0018974234,design
2015-07-22,19951,19886,0.152,14.066989,20557.433,-1,-1,-1,0.0086098917,0.0086098917,0.0086098917,0.0086098917,design
2015-07-23,19912,19878,0.24,13.148762,20527.533,0,-1,-1,0.00039782809,0.00039782809,0.00039782809,0.00039782809,design
2015-07-24,19777,19653,0.036,2.8145356,20495.15,-1,-1,-1,0.011382761,0.011382761,0.011382761,0.011382761,design
2015-07-27,19565,19689,0.988,22.344998,20464.183,1,-1,-1,-0.0018885392,-0.0018885392,-0.0018885392,-0.0018885392,design
2015-07-28,19632,19727,0.708,45.476582,20435.467,0,1,1,0.0073980649,0.0072480649,0.012479589,0.0075480649,design
2015-07-29,19797,19804,0.76,75.297281,20406.883,0,1,1,0.0039032798,0.0039032798,0.0073565473,0.0039032798,design
2015-07-30,19812,19625,0.124,21.253086,20381.133,-1,1,1,-0.0090385781,-0.0090385781,-0.017039922,-0.0090385781,design
2015-07-31,19627,19565,0.164,14.348856,20356.017,-1,-1,-1,0.0029111465,0.0027611465,0.0038026323,0.0030611465,design
2015-08-03,19596,19461,0.148,6.7486758,20330.583,-1,-1,-1,0.0052937834,0.0052937834,0.0052937834,0.0052937834,design
2015-08-04,19454,19544,0.592,49.469252,20305.967,0,-1,-1,-0.0042682682,-0.0042682682,-0.0042682682,-0.0042682682,design
2015-08-05,19532,19558,0.368,56.233288,20281.783,0,-1,-1,-0.00071796703,-0.00071796703,-0.00071796703,-0.00071796703,design
2015-08-06,19591,19339,0.008,10.839316,20251.783,-1,-1,-1,0.011154057,0.011154057,0.011154057,0.011154057,design
2015-08-07,19272,19306,0.372,8.7183302,20220.783,0,-1,-1,0.0016941721,0.0016941721,0.0016941721,0.0016941721,design
2015-08-10,19257,19253,0.412,5.353488,20192.4,0,-1,-1,0.0027463149,0.0027463149,0.0027463149,0.0027463149,design
2015-08-11,19359,19167,0.604,2.3766683,20161.75,0,-1,-1,0.004357628,0.004357628,0.004357628,0.004357628,design
2015-08-12,19112,19049,0.448,0.94091521,20127.533,0,-1,-1,0.0061753326,0.0061753326,0.0061753326,0.0061753326,design
2015-08-13,19024,19132,0.688,46.449923,20091.467,0,-1,0,-0.0044720853,-0.0045220853,-0.0044720853,-0.0044720853,design
2015-08-17,19186,18980,0.12,17.314821,20056.867,-1,0,0,0,0,0,0,design
2015-08-18,19020,18946,0.868,13.520803,20017.133,1,-1,-1,0.0037906414,0.0037406414,0.0037906414,0.0037906414,design
2015-08-19,18923,18805,0.336,4.7990283,19975.75,0,1,1,-0.0053793913,-0.0055293913,-0.010373593,-0.0052293913,design
2015-08-20,18779,18612,0.464,1.735058,19938.25,0,1,1,-0.010263228,-0.010263228,-0.021621622,-0.010263228,design
2015-08-21,18235,18319,0.992,0.59045187,19895.933,1,1,1,-0.015742532,-0.015742532,-0.031491713,-0.015742532,design
2015-08-24,18141,17893,0.784,0.2023281,19844.75,0,1,1,-0.023254544,-0.023254544,-0.049629207,-0.023254544,design
2015-08-25,17917,17955,0.16,16.230492,19797.683,-1,1,1,0.0034650422,0.0034650422,0.0084033613,0.0034650422,design
2015-08-26,17854,18290,0.328,69.377872,19759.55,0,-1,-1,-0.030258104,-0.030408104,-0.035222938,-0.030108104,design
2015-08-27,18405,18402,0.624,78.499136,19726.45,0,-1,-1,-0.0061256145,-0.0061256145,-0.0061256145,-0.0061256145,design
2015-08-28,18558,18668,0.908,91.096432,19696.433,1,-1,-1,-0.014354454,-0.014354454,-0.014354454,-0.014354454,design
2015-08-31,18598,18644,0.968,82.386095,19666.417,1,1,1,0.0058823909,0.0057323909,0.012351792,0.0060323909,design
2015-09-01,18612,18457,0.732,33.086436,19634,0,1,1,-0.010030036,-0.010030036,-0.023756906,-0.010030036,design
2015-09-02,18263,18500,0.648,47.526963,19602.833,0,1,1,0.0023297394,0.0023297394,0.0039615167,0.0023297394,design
2015-09-03,18578,18532,0.272,60.283913,19574.2,0,1,1,0.0017297297,0.0017297297,0.003945885,0.0017297297,design
2015-09-04,18550,18377,0.444,17.967466,19541.733,0,1,1,-0.0083639111,-0.0083639111,-0.017405952,-0.0083639111,design
2015-09-07,18336,18333,0.132,12.847413,19511.383,-1,1,0,-0.0026442972,-0.0027442972,-0.0053928571,-0.0024942972,design
2015-09-08,18377,18369,0.372,40.56301,19482.817,0,-1,-1,0.00033532677,0.00028532677,0.00033532677,0.00033532677,design
2015-09-09,18553,18918,0.552,94.444817,19466.183,0,-1,-1,-0.029493179,-0.029493179,-0.029493179,-0.029493179,design
2015-09-10,18801,18885,0.212,85.163484,19448.7,0,-1,-1,0.0016891069,0.0016891069,0.0016891069,0.0016891069,design
2015-09-11,18885,18839,0.768,66.84879,19429.433,0,-1,-1,0.0024357956,0.0024357956,0.0024357956,0.0024357956,design
2015-09-14,18898,18737,0.8,34.216246,19406.767,1,-1,0,0.0052609379,0.0052109379,0.0052609379,0.0052609379,design
2015-09-15,18742,18779,0.896,53.078958,19383.667,1,1,1,0.0017241756,0.0016241756,0.00305033,0.0018741756,design
2015-09-16,18902,19191,0.996,92.918145,19362.933,1,1,1,0.0219394,0.0219394,0.046600877,0.0219394,design
2015-09-17,19388,19272,0.708,94.690694,19343.667,0,1,1,0.0042207285,0.0042207285,0.0083813515,0.0042207285,design
2015-09-18,19226,19411,0.832,97.144053,19326.983,1,1,1,0.0072125363,0.0072125363,0.010909091,0.0072125363,design
2015-09-21,19186,19069,0.456,29.672588,19304.367,0,1,1,-0.017618876,-0.017618876,-0.031860226,-0.017618876,design
2015-09-22,19129,19175,0.908,50.838562,19287.917,1,1,1,0.0055587603,0.0055587603,0.011677282,0.0055587603,design
2015-09-23,18962,18918,0.728,20.671222,19265.8,0,1,1,-0.013402868,-0.013402868,-0.028856243,-0.013402868,design
2015-09-24,18980,18923,0.552,22.46153,19239.9,0,1,1,0.00026429855,0.00026429855,-0.0016207455,0.00026429855,design
2015-09-25,18889,18894,0.292,17.801305,19213.133,0,1,1,-0.0015325266,-0.0015325266,-0.0016233766,-0.0015325266,design
2015-09-30,18619,19029,0.856,71.961836,19189.617,1,1,1,0.0071451254,0.0071451254,0.015176152,0.0071451254,design
2015-10-01,19016,19241,0.888,90.865342,19178.15,1,1,1,0.01114089,0.01114089,0.02082221,0.01114089,design
2015-10-02,19220,19112,0.396,49.912401,19163.833,0,1,1,-0.0067044332,-0.0067044332,-0.013075314,-0.0067044332,design
2015-10-05,19191,19132,0.448,56.053938,19154.417,0,1,1,0.001046463,0.001046463,0.0037095919,0.001046463,design
2015-10-06,19351,19319,0.832,86.65437,19145.917,1,1,1,0.0097742003,0.0097742003,0.018479409,0.0097742003,design
2015-10-07,19359,19611,0.896,95.796119,19142,1,1,1,0.015114654,0.015114654,0.027475376,0.015114654,design
2015-10-08,19689,19750,0.768,97.455519,19136.867,0,1,1,0.0070878589,0.0070878589,0.015136226,0.0070878589,design
2015-10-12,19817,19867,0.652,98.471334,19135.267,0,1,1,0.0059240506,0.0059240506,0.012425447,0.0059240506,design
2015-10-13,19848,19817,0.508,73.419441,19131.817,0,1,1,-0.0025167363,-0.0025167363,-0.0034364261,-0.0025167363,design
2015-10-14,19786,19747,0.696,42.876614,19124.717,0,1,1,-0.0035323207,-0.0035323207,-0.00591133,-0.0035323207,design
2015-10-15,19743,19966,0.808,84.145606,19123.3,1,1,0,0.010840292,0.010740292,0.023535927,0.010990292,design
2015-10-16,20011,19929,0.928,67.634817,19121.783,1,1,1,-0.0043477462,-0.0044477462,-0.01370507,-0.0041977462,design
2015-10-19,19982,19938,0.544,70.455082,19119.783,0,1,1,0.00045160319,0.00045160319,0.00097418412,0.00045160319,design
2015-10-20,19921,19982,0.94,84.047231,19121.383,1,1,1,0.0022068412,0.0022068412,0.0068126521,0.0022068412,design
2015-10-21,19975,20062,0.54,94.031686,19124.45,0,1,1,0.0040036032,0.0040036032,0.0067665539,0.0040036032,design
2015-10-22,20007,19955,0.212,35.162309,19129.483,0,1,1,-0.0053334663,-0.0053334663,-0.012481997,-0.0053334663,design
2015-10-23,20159,20108,0.584,76.764111,19136.467,0,1,1,0.0076672513,0.0076672513,0.015556636,0.0076672513,design
2015-10-26,20211,20159,0.648,83.725558,19143.667,0,1,1,0.002536304,0.002536304,0.0052656774,0.002536304,design
2015-10-27,20127,20149,0.472,74.922886,19149.417,0,1,0,-0.00074605635,-0.00084605635,-0.0021547619,-0.00059605635,design
2015-10-28,20154,20136,0.408,58.838881,19157.933,0,0,0,0,0,0,0,design
2015-10-29,20154,20093,0.564,24.312061,19166.733,0,0,0,0,0,0,0,design
2015-10-30,20033,20186,0.724,78.608732,19178.817,0,0,0,0,0,0,0,design
2015-11-02,20118,20136,0.572,44.377327,19188.683,0,0,0,0,0,0,0,design
2015-11-03,20269,20325,0.556,87.040748,19201.467,0,0,0,0,0,0,0,design
2015-11-04,20388,20320,0.316,83.646153,19217.817,0,0,0,0,0,0,0,design
2015-11-05,20272,20292,0.252,58.216946,19234.25,0,0,0,0,0,0,0,design
2015-11-06,20257,20162,0.088,15.228305,19249.4,-1,0,0,0,0,0,0,design
2015-11-09,20105,20083,0.58,8.0256006,19264.667,0,-1,-1,0.00099425516,0.00094425516,0.00099425516,0.00099425516,design
2015-11-10,19975,19789,0.068,1.7754111,19277,-1,-1,-1,0.014739397,0.014739397,0.014739397,0.014739397,design
2015-11-11,19750,19761,0.468,1.5460684,19287.483,0,-1,-1,0.0014127322,0.0014127322,0.0014127322,0.0014127322,design
2015-11-12,19754,19793,0.08,23.989195,19301.033,-1,-1,-1,-0.00162075,-0.00162075,-0.00162075,-0.00162075,design
2015-11-13,19580,19518,0.108,4.8778483,19310.567,-1,-1,-1,0.013961953,0.013961953,0.013961953,0.013961953,design
2015-11-16,19306,19306,0.248,2.1890326,19318.917,0,-1,-1,0.010861769,0.010861769,0.010861769,0.010861769,design
2015-11-17,19477,19469,0.364,47.061844,19333.2,0,-1,-1,-0.0084502472,-0.0084502472,-0.0084502472,-0.0084502472,design
2015-11-18,19424,19415,0.328,36.091179,19351.467,0,-1,-1,0.0027757821,0.0027757821,0.0027757821,0.0027757821,design
2015-11-19,19591,19678,0.868,80.460083,19381.217,1,-1,-1,-0.013465714,-0.013465714,-0.013465714,-0.013465714,design
2015-11-20,19712,19712,0.244,83.433767,19410.5,0,1,1,-0.0020778179,-0.0022278179,-0.0025757092,-0.0019278179,design
2015-11-23,19750,19838,0.44,92.21497,19436.3,0,1,1,0.0063920455,0.0063920455,0.012974052,0.0063920455,design
2015-11-24,19838,19925,0.628,95.50517,19461.683,0,1,1,0.0043855227,0.0043855227,0.0078817734,0.0043855227,design
2015-11-25,19912,19908,0.396,81.966981,19482.35,0,1,1,-0.0008531995,-0.0008531995,-0.0019550342,-0.0008531995,design
2015-11-26,19925,20144,0.952,96.346443,19507.35,1,1,0,0.011604531,0.011504531,0.023746082,0.011754531,design
2015-11-27,20162,20097,0.368,73.122292,19534.683,0,1,1,-0.0034738865,-0.0035738865,-0.005980659,-0.0033238865,design
2015-11-30,20007,19716,0.064,14.898409,19554.95,-1,1,1,-0.018958053,-0.018958053,-0.037944284,-0.018958053,design
2015-12-01,19770,20003,0.9,61.310513,19579.467,1,-1,-1,-0.0094289207,-0.0095789207,-0.0057217603,-0.0092789207,design
2015-12-02,20003,19874,0.056,41.140663,19604.417,-1,1,1,-0.0067990326,-0.0069490326,-0.015362107,-0.0066490326,design
2015-12-03,19754,19697,0,21.621361,19627.15,-1,-1,-1,-0.0035199708,-0.0036699708,-0.0092979656,-0.0033699708,design
2015-12-04,19477,19487,0.056,10.170832,19645.783,-1,-1,-1,0.010650053,0.010650053,0.010650053,0.010650053,design
2015-12-07,19622,19420,0.14,7.601911,19654.15,-1,-1,-1,0.0032955543,0.0032955543,0.0032955543,0.0032955543,design
2015-12-08,19399,19328,0.14,4.4884912,19661.533,-1,-1,-1,0.0047452997,0.0047452997,0.0047452997,0.0047452997,design
2015-12-09,19342,19324,0.272,4.3341365,19669.617,0,-1,-1,0.00020560548,0.00020560548,0.00020560548,0.00020560548,design
2015-12-10,19321,19442,0.22,68.41616,19681.367,0,-1,-1,-0.0061083407,-0.0061083407,-0.0061083407,-0.0061083407,design
2015-12-11,19402,19399,0.232,45.972497,19691.7,0,-1,-1,0.0022123429,0.0022123429,0.0022123429,0.0022123429,design
2015-12-14,19236,19236,0.252,13.183786,19692.45,0,-1,-1,0.008402495,0.008402495,0.008402495,0.008402495,design
2015-12-15,19310,19272,0.052,33.982272,19692.45,-1,-1,0,-0.0019866317,-0.0020366317,-0.0019866317,-0.0019866317,design
2015-12-16,19433,19658,0.752,89.24342,19696.567,0,-1,-1,-0.011678243,-0.011728243,-0.011678243,-0.011678243,design
2015-12-17,19747,19632,0.476,80.199681,19705.95,0,-1,-1,0.0012698844,0.0012698844,0.0012698844,0.0012698844,design
2015-12-18,19469,19596,0.812,62.625277,19712.967,1,-1,-1,0.0017254197,0.0017254197,0.0017254197,0.0017254197,design
2015-12-21,19617,19685,0.228,82.061494,19725.75,0,1,1,0.0020410192,0.0018910192,0.0056522004,0.0021910192,design
2015-12-22,19653,19716,0.98,86.831926,19738.967,1,1,1,0.0015748031,0.0015748031,0.0040180814,0.0015748031,design
2015-12-23,19770,19912,0.992,96.98171,19755.933,1,1,1,0.0099411645,0.0099411645,0.016508254,0.0099411645,design
2015-12-24,20007,19786,0.852,48.709751,19768.55,1,1,1,-0.0063278425,-0.0063278425,-0.0088582677,-0.0063278425,design
2015-12-28,19801,19518,0.368,15.625208,19773.167,0,1,1,-0.013544931,-0.013544931,-0.027805362,-0.013544931,design
2015-12-29,19569,19697,0.636,55.762499,19782.917,0,1,1,0.0091710216,0.0091710216,0.015321757,0.0091710216,design
2015-12-30,19747,19596,0.24,36.284194,19790.65,0,1,1,-0.0051276844,-0.0051276844,-0.0070422535,-0.0051276844,design
2016-01-04,19532,19198,0,9.6681419,19788.633,-1,1,1,-0.020310267,-0.020310267,-0.038500507,-0.020310267,design
2016-01-05,19163,19321,0.204,37.847754,19783.8,0,-1,-1,-0.010403131,-0.010553131,-0.015910424,-0.010253131,design
2016-01-06,19321,19180,0.308,22.065864,19774.3,0,-1,-1,0.0072977589,0.0072977589,0.0072977589,0.0072977589,design
2016-01-07,19136,18997,0.016,10.59645,19759.8,-1,-1,-1,0.0095745159,0.0095745159,0.0095745159,0.0095745159,design
2016-01-08,18882,19129,0.144,48.907815,19748.333,-1,-1,-1,-0.0071068424,-0.0071068424,-0.0071068424,-0.0071068424,design
2016-01-11,18885,18914,0.3,20.41277,19734.45,0,-1,-1,0.011200304,0.011200304,0.011200304,0.011200304,design
2016-01-12,19004,18860,0.22,15.791184,19716.017,0,-1,-1,0.0027829162,0.0027829162,0.0027829162,0.0027829162,design
2016-01-13,18946,19124,0.768,73.797364,19702.6,0,-1,-1,-0.013912197,-0.013912197,-0.013912197,-0.013912197,design
2016-01-14,18907,18942,0.032,37.849448,19686,-1,-1,-1,0.0094748271,0.0094748271,0.0094748271,0.0094748271,design
2016-01-15,19100,18751,0.212,18.715028,19665.483,0,-1,-1,0.0097785856,0.0097785856,0.0097785856,0.0097785856,design
2016-01-18,18553,18733,0.368,17.086901,19643.333,0,-1,-1,0.00075505486,0.00075505486,0.00075505486,0.00075505486,design
2016-01-19,18733,18832,0.116,57.631523,19624.617,-1,-1,-1,-0.0052847915,-0.0052847915,-0.0052847915,-0.0052847915,design
2016-01-20,18746,18402,0.02,10.981845,19596.183,-1,-1,-1,0.023001078,0.023001078,0.023001078,0.023001078,design
2016-01-21,18409,18356,0.628,9.3607174,19566.133,0,-1,-1,0.002497538,0.002497538,0.002497538,0.002497538,design
2016-01-22,18537,18757,0.8,74.637148,19542.933,1,-1,-1,-0.021611665,-0.021611665,-0.021611665,-0.021611665,design
2016-01-25,18823,18856,0.556,81.290302,19521.6,0,1,1,-0.0021216809,-0.0022716809,-0.0011144539,-0.0019716809,design
2016-01-26,18751,18619,0.08,36.033722,19497.033,-1,1,1,-0.012568944,-0.012568944,-0.027012128,-0.012568944,design
2016-01-27,18768,18878,0.736,71.144958,19475.233,0,-1,-1,0.0017446345,0.0015946345,0.0089967514,0.0018946345,design
2016-01-28,18742,18907,0.852,74.303569,19454.75,1,-1,-1,-0.0016630269,-0.0016630269,-0.0016630269,-0.0016630269,design
2016-01-29,18846,18933,0.896,78.519748,19431.55,1,1,1,0.0075075764,0.0073575764,0.012853155,0.0076575764,design
2016-02-01,19034,19072,0.944,92.201352,19410.75,1,1,1,0.0073416786,0.0073416786,0.013129103,0.0073416786,design
2016-02-02,19000,18938,0.544,41.382,19388.183,0,1,1,-0.0070260067,-0.0070260067,-0.012958963,-0.0070260067,design
2016-02-03,18746,18725,0.212,15.035686,19364.233,0,1,1,-0.011247228,-0.011247228,-0.023522976,-0.011247228,design
2016-02-04,18856,19069,0.988,72.201595,19347.333,1,1,1,0.018371162,0.018371162,0.037535014,0.018371162,design
2016-02-05,19041,19117,0.948,76.596028,19336.133,1,1,1,0.0025171745,0.0025171745,0.0043196544,0.0025171745,design
2016-02-11,18709,18603,0.2,17.465371,19316.833,-1,1,1,-0.026887064,-0.026887064,-0.054301075,-0.026887064,design
2016-02-12,18503,18464,0.644,12.320985,19294.683,0,-1,-1,-0.003629041,-0.003779041,-0.010205999,-0.003479041,design
2016-02-15,18660,18709,0.484,56.984959,19281.2,0,-1,-1,-0.013213314,-0.013213314,-0.013213314,-0.013213314,design
2016-02-16,18725,18980,0.868,79.775946,19275.767,1,-1,-1,-0.014461715,-0.014461715,-0.014461715,-0.014461715,design
2016-02-17,18933,19004,0.632,81.511055,19268.017,0,1,1,0.0058856431,0.0057356431,0.0098418863,0.0060356431,design
2016-02-18,19261,19167,0.852,91.461543,19263.883,1,1,1,0.0085771417,0.0085771417,0.01745772,0.0085771417,design
2016-02-19,19132,19206,0.92,93.210173,19256.017,1,1,1,0.0020347472,0.0020347472,0.0042895442,0.0020347472,design
2016-02-22,19159,19241,0.516,95.035152,19248.167,0,1,1,0.0018223472,0.0018223472,0.0037373198,0.0018223472,design
2016-02-23,19339,19245,0.568,95.322517,19238.283,0,1,1,0.0002078894,0.0002078894,0,0.0002078894,design
2016-02-24,19220,19226,0.704,61.504007,19226.633,0,1,1,-0.00098726942,-0.00098726942,-0.0021276596,-0.00098726942,design
2016-02-25,19269,19249,0.832,79.291436,19215.65,1,1,1,0.0011962967,0.0011962967,0.0026652452,0.0011962967,design
2016-02-26,19331,19286,0.972,91.672021,19201.35,1,1,1,0.0019221778,0.0019221778,0.0031897927,0.0019221778,design
2016-02-29,19236,19264,0.968,53.579445,19187.467,1,1,1,-0.0011407238,-0.0011407238,-0.0042395337,-0.0011407238,design
2016-03-02,19487,19558,0.968,96.165496,19184.833,1,1,1,0.015261628,0.015261628,0.031399681,0.015261628,design
2016-03-03,19601,19617,0.884,97.197424,19178.4,1,1,1,0.0030166684,0.0030166684,0.0061919505,0.0030166684,design
2016-03-04,19617,19622,0.84,97.319681,19174.2,1,1,1,0.00025488097,0.00025488097,0.001025641,0.00025488097,design
2016-03-07,19663,19663,0.728,98.437514,19173.633,0,1,1,0.0020894914,0.0020894914,0.0035860656,0.0020894914,design
2016-03-08,19689,19522,0.084,25.445874,19174.217,-1,1,1,-0.0071708285,-0.0071708285,-0.015313936,-0.0071708285,design
2016-03-09,19487,19611,0.58,61.492246,19177.4,0,-1,-1,-0.0084946573,-0.0086446573,-0.0092887395,-0.0083446573,design
2016-03-10,19648,19789,0.992,86.875208,19185.083,1,-1,-1,-0.0090494597,-0.0090494597,-0.0090494597,-0.0090494597,design
2016-03-11,19797,19834,0.836,90.156054,19193.583,1,1,1,0.0011139495,0.00096394949,0.0048018508,0.0012639495,design
2016-03-14,19947,19817,0.304,75.833488,19199.833,0,1,1,-0.00085711405,-0.00085711405,-0.0010050251,-0.00085711405,design
2016-03-15,19817,19801,0.708,58.376631,19206.533,0,1,1,-0.0008073876,-0.0008073876,-0.0015090543,-0.0008073876,design
2016-03-16,19848,19853,0.636,83.325968,19216.817,0,1,1,0.00262613,0.00262613,0.0060453401,0.00262613,design
2016-03-17,19938,19963,0.948,95.28443,19228.333,1,1,1,0.0055407243,0.0055407243,0.0085127692,0.0055407243,design
2016-03-18,20051,19975,0.712,95.922473,19233.617,0,1,1,0.00060111206,0.00060111206,0.0019860973,0.00060111206,design
2016-03-21,20047,19951,0.664,62.237912,19238.933,0,1,1,-0.0012015019,-0.0012015019,-0.00099108028,-0.0012015019,design
2016-03-22,19999,20051,0.708,90.382444,19246.517,0,1,1,0.0050122801,0.0050122801,0.0079365079,0.0050122801,design
2016-03-23,20058,20033,0.692,71.26198,19252.317,0,1,1,-0.00089771084,-0.00089771084,-0.001476378,-0.00089771084,design
2016-03-24,19975,19982,0.732,32.40968,19256.75,0,1,0,-0.0027957994,-0.0028957994,-0.0056713898,-0.0026457994,design
2016-03-25,20020,19947,0.428,18.537625,19257.333,0,0,0,0,0,0,0,design
2016-03-28,19947,19979,0.628,54.303134,19260.55,0,0,0,0,0,0,0,design
2016-03-29,19979,20083,0.832,88.14233,19269.967,1,0,0,0,0,0,0,design
2016-03-30,20173,20173,0.6,94.803051,19277.9,0,1,1,-0.00025,-0.00035,0.00072323601,-0.0001,design
2016-03-31,20211,20088,0.452,45.997865,19286.1,0,1,1,-0.0042135528,-0.0042135528,-0.0092367526,-0.0042135528,design
2016-04-01,20062,19801,0.12,10.275511,19296.15,-1,1,1,-0.014287137,-0.014287137,-0.02747792,-0.014287137,design
2016-04-04,19817,19838,0.804,25.244583,19304.767,1,-1,-1,-0.0006025125,-0.0007525125,0.0001023224,-0.0004525125,design
2016-04-05,19786,19674,0.368,10.183544,19313,0,1,1,-0.0034041738,-0.0035541738,-0.0093871544,-0.0032541738,design
2016-04-06,19674,19774,0.668,48.009851,19325.95,0,1,1,0.0050828505,0.0050828505,0.010741688,0.0050828505,design
2016-04-07,19848,19786,0.076,52.782428,19336.9,-1,1,1,0.00060685749,0.00060685749,0.00050607287,0.00060685749,design
2016-04-08,19671,19747,0.384,33.057506,19350.783,0,-1,-1,-0.01000329,-0.01015329,-0.016810122,-0.0098532902,design
2016-04-11,19743,19761,0.18,47.218689,19365.8,-1,-1,-1,-0.00070933781,-0.00070933781,-0.00070933781,-0.00070933781,design
2016-04-12,19765,19916,0.828,90.714309,19379,1,-1,-1,-0.0078406397,-0.0078406397,-0.0078406397,-0.0078406397,design
2016-04-14,20218,20325,0.972,98.264024,19402.05,1,1,1,-0.010301625,-0.010451625,-0.00014812825,-0.010151625,design
2016-04-15,20311,20308,0.2,92.042989,19428,-1,1,1,-0.00083640836,-0.00083640836,-0.00048007681,-0.00083640836,design
2016-04-18,20162,20240,0.752,61.098247,19453.117,0,-1,-1,-0.011380136,-0.011530136,-0.01952904,-0.011230136,design
2016-04-19,20299,20269,0.436,69.767618,19477.067,0,-1,-1,-0.0014414226,-0.0014414226,-0.0014414226,-0.0014414226,design
2016-04-20,20299,20202,0.616,34.372782,19507.067,0,-1,-1,0.0032913951,0.0032913951,0.0032913951,0.0032913951,design
2016-04-21,20292,20358,0.82,80.482422,19540.433,1,-1,-1,-0.0076930278,-0.0076930278,-0.0076930278,-0.0076930278,design
2016-04-22,20288,20280,0.276,47.270324,19565.817,0,1,1,0.0026927741,0.0025427741,0.0021226784,0.0028427741,design
2016-04-25,20284,20257,0.616,38.018052,19589.167,0,1,1,-0.0011341223,-0.0011341223,-0.0038535645,-0.0011341223,design
2016-04-26,20253,20316,0.74,69.073748,19617.45,0,1,1,0.0029125734,0.0029125734,0.0087040619,0.0029125734,design
2016-04-27,20308,20316,0.704,69.073748,19641.417,0,1,1,0,0,-0.0014381592,0,design
2016-04-28,20423,20108,0.032,8.564023,19661.433,-1,1,0,-0.010488236,-0.010588236,-0.020893303,-0.010338236,design
2016-04-29,20108,20042,0.052,5.5041065,19679.917,-1,-1,-1,0.0031822757,0.0031322757,0.0031822757,0.0031822757,design
2016-05-02,20001,19891,0.076,2.0889136,19693.567,-1,-1,-1,0.0075566798,0.0075566798,0.0075566798,0.0075566798,design
2016-05-03,19973,19953,0.612,35.138203,19710.483,0,-1,-1,-0.0031252437,-0.0031252437,-0.0031252437,-0.0031252437,design
2016-05-04,19857,19848,0.176,16.394487,19729.2,-1,-1,-1,0.0052667279,0.0052667279,0.0052667279,0.0052667279,design
2016-05-09,19848,19816,0.128,12.371916,19741.65,-1,-1,-1,0.0016122531,0.0016122531,0.0016122531,0.0016122531,design
2016-05-10,19776,19894,0.744,60.098972,19754.6,0,-1,-1,-0.0039603021,-0.0039603021,-0.0039603021,-0.0039603021,design
2016-05-11,19957,19874,0.372,46.97764,19775.783,0,-1,-1,0.0009789873,0.0009789873,0.0009789873,0.0009789873,design
2016-05-12,19808,19828,0.352,23.438286,19798.517,0,-1,-1,0.0023078756,0.0023078756,0.0023078756,0.0023078756,design
2016-05-13,19821,19675,0.032,5.4089482,19814.617,-1,-1,-1,0.0077215616,0.0077215616,0.0077215616,0.0077215616,design
2016-05-16,19621,19703,0.46,26.189933,19826.667,0,-1,-1,-0.0014460662,-0.0014460662,-0.0014460662,-0.0014460662,design
2016-05-17,19733,19717,0.504,39.484713,19838.55,0,-1,-1,-0.00071302083,-0.00071302083,-0.00071302083,-0.00071302083,design
2016-05-18,19663,19605,0.124,10.171376,19845.85,-1,-1,-1,0.0056965344,0.0056965344,0.0056965344,0.0056965344,design
2016-05-19,19542,19551,0.668,5.9277798,19851.6,0,-1,-1,0.0027514395,0.0027514395,0.0027514395,0.0027514395,design
2016-05-20,19519,19551,0.212,5.9277798,19856.767,0,-1,-1,-5.3666517e-06,-5.3666517e-06,-5.3666517e-06,-5.3666517e-06,design
2016-05-23,19583,19605,0.604,64.751627,19862.767,0,-1,-1,-0.0027583295,-0.0027583295,-0.0027583295,-0.0027583295,design
2016-05-24,19579,19466,0.304,15.347029,19866.767,0,-1,-1,0.0071053363,0.0071053363,0.0071053363,0.0071053363,design
2016-05-25,19579,19740,0.756,78.879168,19874.95,0,-1,0,-0.014080354,-0.014130354,-0.014080354,-0.014080354,design
2016-05-26,19748,19703,0.284,65.585616,19881.9,0,0,0,0,0,0,0,design
2016-05-27,19736,19803,0.748,81.991201,19890.883,0,0,0,0,0,0,0,design
2016-05-30,19803,19759,0.592,57.760525,19894.233,0,0,0,0,0,0,0,design
2016-05-31,19736,19917,0.864,86.472228,19899.233,1,0,0,0,0,0,0,design
2016-06-01,19857,19930,0.944,87.833155,19904.367,1,1,1,0.0034262854,0.0033262854,0.0068350202,0.0035762854,design
2016-06-02,19922,19968,0.888,92.338921,19909.45,1,1,1,0.0019066734,0.0019066734,0.0050251256,0.0019066734,design
2016-06-03,20005,20001,0.452,95.337728,19917.433,0,1,1,0.0016526442,0.0016526442,0.0025,0.0016526442,design
2016-06-07,20030,20268,0.956,99.364303,19928.383,1,1,1,0.013349333,0.013349333,0.026932668,0.013349333,design
2016-06-08,20268,20476,0.496,99.728985,19939.833,0,1,1,0.010262483,0.010262483,0.017969888,0.010262483,design
2016-06-09,20462,20467,0.524,95.012134,19950.383,0,1,1,-0.00043953897,-0.00043953897,-0.0023854962,-0.00043953897,design
2016-06-10,20455,20380,0.392,49.630174,19959.767,0,1,1,-0.0042507451,-0.0042507451,-0.006217121,-0.0042507451,design
2016-06-13,20235,19961,0.072,8.8613392,19962.433,-1,1,1,-0.020559372,-0.020559372,-0.038017324,-0.020559372,design
2016-06-14,19926,19894,0.532,7.0177264,19963.117,0,-1,-1,-0.00050029307,-0.00065029307,-0.0047567,-0.00035029307,design
2016-06-15,19857,19886,0.704,6.6855617,19961.833,0,-1,-1,0.00039669887,0.00039669887,0.00039669887,0.00039669887,design
2016-06-16,19894,19736,0.412,2.4092472,19957.85,0,-1,-1,0.007536605,0.007536605,0.007536605,0.007536605,design
2016-06-17,19867,19768,0.34,23.332596,19954.8,0,-1,-1,-0.0016875548,-0.0016875548,-0.0016875548,-0.0016875548,design
2016-06-20,19953,20042,0.604,83.588553,19954.65,0,-1,0,-0.013877298,-0.013927298,-0.013877298,-0.013877298,design
2016-06-21,20025,20042,0.252,83.588553,19954.8,0,0,0,0,0,0,0,design
2016-06-22,20054,20159,0.86,92.993771,19957.75,1,0,0,0,0,0,0,design
2016-06-23,20155,20170,0.924,93.67532,19961.467,1,1,1,0.0004942322,0.0003942322,0.00073570724,0.0006442322,design
2016-06-24,20248,19519,0.36,7.4855611,19953.8,0,1,1,-0.032275657,-0.032275657,-0.064007878,-0.032275657,design
2016-06-27,19478,19575,0.188,20.128784,19945.333,-1,1,1,0.0028689994,0.0028689994,0.006838506,0.0028689994,design
2016-06-28,19387,19625,0.22,35.796885,19936.2,0,-1,-1,-0.022112452,-0.022262452,-0.030688091,-0.021962452,design
2016-06-29,19724,19857,0.868,77.236411,19932.35,1,-1,-1,-0.011753624,-0.011753624,-0.011753624,-0.011753624,design
2016-06-30,19961,20001,0.952,87.362275,19935.683,1,1,1,-0.0035940355,-0.0037440355,-0.0075899894,-0.0034440355,design
2016-07-01,20018,20167,0.92,93.760916,19941.167,1,1,1,0.008299585,0.008299585,0.021684317,0.008299585,design
2016-07-04,20167,20235,0.492,95.590163,19950.517,0,1,1,0.0033718451,0.0033718451,0.0069101678,0.0033718451,design
2016-07-05,20213,20213,0.208,80.347302,19957.833,0,1,1,-0.0010872251,-0.0010872251,-0.0034313725,-0.0010872251,design
2016-07-06,20128,19803,0,11.571535,19958.117,-1,1,1,-0.020283976,-0.020283976,-0.039842597,-0.020283976,design
2016-07-07,19905,20030,0.672,54.601838,19962.833,0,-1,-1,-0.0015114402,-0.0016614402,0.0035517299,-0.0013614402,design
2016-07-08,19981,19926,0.112,37.763693,19965.583,-1,-1,-1,0.0052056793,0.0052056793,0.0052056793,0.0052056793,design
2016-07-11,20115,20223,0.82,77.461453,19970.7,1,-1,-1,-0.014803296,-0.014803296,-0.014803296,-0.014803296,design
2016-07-12,20252,20223,0.8,77.461453,19969,1,1,1,-0.0032139147,-0.0033639147,-0.0047209696,-0.0030639147,design
2016-07-13,20376,20359,1,89.605562,19969.85,1,1,1,0.0067250161,0.0067250161,0.013274336,0.0067250161,design
2016-07-14,20341,20395,0.752,91.912548,19972.433,0,1,1,0.0017682597,0.0017682597,0.0043668122,0.0017682597,design
2016-07-15,20490,20499,0.932,96.456516,19976.267,1,1,1,0.005099289,0.005099289,0.0086956522,0.005099289,design
2016-07-18,20507,20532,0.46,97.387893,19981.767,0,1,1,0.0016098346,0.0016098346,0.004789272,0.0016098346,design
2016-07-19,20563,20507,0.628,69.65007,19984.25,0,1,1,-0.0012176115,-0.0012176115,-0.0042897998,-0.0012176115,design
2016-07-20,20499,20471,0.4,38.263471,19987.433,0,1,1,-0.0017554981,-0.0017554981,-0.0028721876,-0.0017554981,design
2016-07-21,20548,20490,0.26,58.163669,19991.317,0,1,1,0.00092814225,0.00092814225,0.0019203072,0.00092814225,design
2016-07-22,20404,20479,0.756,42.355168,19994.033,0,1,0,-0.00078684724,-0.00088684724,-0.0012083134,-0.00063684724,design
2016-07-25,20529,20490,0.064,62.65527,19996.933,-1,0,0,0,0,0,0,design
2016-07-26,20471,20671,0.772,97.033591,20006.317,0,-1,-1,-0.0098699184,-0.0099199184,-0.0098699184,-0.0098699184,design
2016-07-27,20668,20659,0.604,86.47776,20016.6,0,-1,-1,0.00058064983,0.00058064983,0.00058064983,0.00058064983,design
2016-07-28,20668,20610,0.228,45.793868,20028.583,0,-1,-1,0.0023694025,0.0023694025,0.0023694025,0.0023694025,design
2016-07-29,20606,20594,0.856,35.031067,20039.267,1,-1,-1,0.00077654822,0.00077654822,0.00077654822,0.00077654822,design
2016-08-01,20668,20765,0.528,89.214456,20054.55,0,1,1,0.00073310186,0.00058310186,0.0045008452,0.00088310186,design
2016-08-02,20708,20602,0.064,34.446476,20067.65,-1,1,1,-0.0078497472,-0.0078497472,-0.014939309,-0.0078497472,design
2016-08-03,20462,20341,0.216,11.613943,20075.1,0,-1,-1,-0.0012722406,-0.0014222406,-0.006831741,-0.0011222406,design
2016-08-04,20462,20385,0.692,27.758867,20083.617,0,-1,-1,-0.0022078887,-0.0022078887,-0.0022078887,-0.0022078887,design
2016-08-05,20438,20606,0.948,74.517578,20096.583,1,-1,-1,-0.010798562,-0.010798562,-0.010798562,-0.010798562,design
2016-08-08,20748,20765,0.632,86.805901,20114.75,0,1,1,-0.006427487,-0.006577487,-0.0053814424,-0.006277487,design
2016-08-09,20805,20922,0.848,93.241847,20135.067,1,1,1,0.0075607994,0.0075607994,0.01588785,0.0075607994,design
2016-08-10,20893,20856,0.42,66.123519,20154.05,0,1,1,-0.0031545741,-0.0031545741,-0.0059797608,-0.0031545741,design
2016-08-11,20856,20879,0.148,71.833108,20175.283,-1,1,1,0.0011028002,0.0011028002,0.0027764924,0.0011028002,design
2016-08-12,20943,20951,0.148,86.294922,20198.617,-1,-1,-1,0.0023321208,0.0021821208,0.0066486698,0.0024821208,design
2016-08-16,21022,20938,0.436,72.797753,20221.733,0,-1,-1,0.00059341294,0.00059341294,0.00059341294,0.00059341294,design
2016-08-17,20911,20922,0.12,52.561443,20243.683,-1,-1,-1,0.00076280418,0.00076280418,0.00076280418,0.00076280418,design
2016-08-18,20933,21074,0.864,92.448035,20270.483,1,-1,-1,-0.007257997,-0.007257997,-0.007257997,-0.007257997,design
2016-08-19,21102,21125,0.692,95.172071,20293.567,0,1,1,-0.00059015549,-0.00074015549,-0.0007756936,-0.00044015549,design
2016-08-22,21092,21002,0.504,34.735927,20315.217,0,1,1,-0.0058224852,-0.0058224852,-0.010388437,-0.0058224852,design
2016-08-23,21017,21114,0.552,69.735533,20337.067,0,1,1,0.0053328254,0.0053328254,0.01049749,0.0053328254,design
2016-08-24,21104,21013,0.416,35.44889,20357.967,0,1,1,-0.0047835559,-0.0047835559,-0.0090334237,-0.0047835559,design
2016-08-25,21006,21052,0.728,53.213765,20376.883,0,1,0,0.0016059939,0.0015059939,0.00020578851,0.0017559939,design
2016-08-26,20983,20969,0.64,24.506762,20394.2,0,0,0,0,0,0,0,design
2016-08-29,20835,20974,0.644,29.114056,20410.967,0,0,0,0,0,0,0,design
2016-08-30,21038,21060,0.588,77.129179,20428.617,0,0,0,0,0,0,0,design
2016-08-31,21060,20983,0.492,34.853676,20440.533,0,0,0,0,0,0,0,design
2016-09-01,20875,20924,0.396,18.942572,20448,0,0,0,0,0,0,0,design
2016-09-02,20928,20969,0.8,52.217227,20456.367,1,0,0,0,0,0,0,design
2016-09-05,21087,21236,0.936,91.861708,20470.633,1,1,1,0.0068159648,0.0067159648,0.014743185,0.0069659648,design
2016-09-06,21224,21315,0.604,94.541622,20493.2,0,1,1,0.0037200979,0.0037200979,0.0071620412,0.0037200979,design
2016-09-07,21319,21274,0.48,70.458709,20516.2,0,1,1,-0.001923528,-0.001923528,-0.0044444444,-0.001923528,design
2016-09-08,21328,21270,0.612,67.122449,20539.267,0,1,1,-0.00018802294,-0.00018802294,0.00044642857,-0.00018802294,design
2016-09-09,21130,21017,0.212,9.6028496,20560.617,0,1,1,-0.011894687,-0.011894687,-0.022757697,-0.011894687,design
2016-09-12,20680,20490,0.112,2.1012802,20572.65,-1,1,0,-0.025324939,-0.025424939,-0.050478311,-0.025174939,design
2016-09-13,20748,20563,0.472,19.518878,20581.333,0,-1,-1,0.0088165221,0.0087665221,0.0088165221,0.0088165221,design
2016-09-19,20576,20779,0.456,60.795681,20593.617,0,-1,-1,-0.010491829,-0.010491829,-0.010491829,-0.010491829,design
2016-09-20,20698,20810,0.388,65.826508,20604.467,0,-1,-1,-0.001534078,-0.001534078,-0.001534078,-0.001534078,design
2016-09-21,20791,20947,0.252,83.987771,20617.417,0,-1,-1,-0.0065970746,-0.0065970746,-0.0065970746,-0.0065970746,design
2016-09-22,21097,21133,0.844,93.445783,20644.317,1,-1,0,-0.0089551143,-0.0090051143,-0.0089551143,-0.0089551143,design
2016-09-23,21189,21118,0.336,85.317574,20670.033,0,1,1,-0.0036007952,-0.0037007952,-0.0070158999,-0.0034507952,design
2016-09-26,21114,21047,0.296,46.789336,20693.733,0,1,1,-0.0033620608,-0.0033620608,-0.0054495913,-0.0033620608,design
2016-09-27,20974,21189,0.884,81.039156,20715.933,1,1,1,0.0067468048,0.0067468048,0.014155251,0.0067468048,design
2016-09-28,21165,21130,0.344,52.798497,20734.75,0,1,1,-0.0027844636,-0.0027844636,-0.0063034669,-0.0027844636,design
2016-09-29,21221,21278,0.8,82.825292,20753.267,1,1,1,0.0070042593,0.0070042593,0.01449932,0.0070042593,design
2016-09-30,21151,21047,0.12,27.739821,20766.8,-1,1,1,-0.010856283,-0.010856283,-0.022778026,-0.010856283,design
2016-10-04,21169,21169,0.416,57.556656,20782.733,0,-1,-1,0.0054465506,0.0052965506,0.010161883,0.0055965506,design
2016-10-05,21022,21157,0.38,53.235359,20805.3,0,-1,-1,0.00047767858,0.00047767858,0.00047767858,0.00047767858,design
2016-10-06,21319,21306,0.336,83.674198,20826.567,0,-1,-1,-0.0070519247,-0.0070519247,-0.0070519247,-0.0070519247,design
2016-10-07,21285,21239,0.212,52.779037,20848.45,0,-1,-1,0.0031489143,0.0031489143,0.0031489143,0.0031489143,design
2016-10-10,21177,21274,0.04,65.924248,20865.967,-1,-1,0,-0.0017746539,-0.0018246539,-0.0017746539,-0.0017746539,design
2016-10-11,21231,20979,0.004,11.580622,20878.567,-1,-1,-1,0.011769436,0.011719436,0.011769436,0.011769436,design
2016-10-12,20859,20959,0.088,10.416344,20888.567,-1,-1,-1,0.0008984898,0.0008984898,0.0008984898,0.0008984898,design
2016-10-13,20924,20779,0.504,3.7073308,20894.967,0,-1,-1,0.0086113407,0.0086113407,0.0086113407,0.0086113407,design
2016-10-14,20827,20884,0.444,45.020631,20901.383,0,-1,-1,-0.0050405344,-0.0050405344,-0.0050405344,-0.0050405344,design
2016-10-17,20907,20916,0.864,56.417789,20907.783,1,-1,-1,-0.0015313253,-0.0015313253,-0.0015313253,-0.0015313253,design
2016-10-18,20943,21060,0.844,84.791719,20917,1,1,1,0.0039385028,0.0037885028,0.011761512,0.0040885028,design
2016-10-19,21033,21082,0.736,87.315122,20927.183,0,1,1,0.0010446344,0.0010446344,0.00091324201,0.0010446344,design
2016-10-20,21114,21104,0.448,90.475717,20937.417,0,1,1,0.0010435443,0.0010435443,0.0022810219,0.0010435443,design
2016-10-21,21087,21002,0.496,27.330625,20946.133,0,1,1,-0.004833207,-0.004833207,-0.0086481566,-0.004833207,design
2016-10-24,21097,21162,0.644,77.216508,20957.333,0,1,1,0.0076183221,0.0076183221,0.014233242,0.0076183221,design
2016-10-25,21141,21130,0.324,60.581403,20964.983,0,1,0,-0.0017621444,-0.0018621444,-0.0038715482,-0.0016121444,design
2016-10-26,21038,20871,0.044,13.500494,20968.517,-1,0,0,0,0,0,0,design
2016-10-27,20943,20964,0.952,44.484288,20974.417,1,-1,-1,-0.0011027217,-0.0011527217,-0.0011027217,-0.0011027217,design
2016-10-28,20947,20979,0.676,50.234545,20980.833,0,1,1,0.0019898178,0.0018398178,0.004167621,0.0021398178,design
2016-10-31,20898,20933,0.472,30.719157,20983.633,0,1,1,-0.0021926689,-0.0021926689,-0.0041512915,-0.0021926689,design
2016-11-01,20924,20943,0.216,40.73022,20989.317,0,1,1,0.00047771461,0.00047771461,0.0004631774,0.00047771461,design
2016-11-02,20791,20671,0.012,4.5966828,20994.817,-1,1,1,-0.012987633,-0.012987633,-0.024537037,-0.012987633,design
2016-11-03,20654,20742,0.076,34.795538,21000.767,-1,-1,-1,-0.0054295801,-0.0055795801,-0.00791878,-0.0052795801,design
2016-11-04,20688,20668,0.336,20.963347,21001.8,0,-1,-1,0.0035726742,0.0035726742,0.0035726742,0.0035726742,design
2016-11-07,20905,20867,0.136,74.813487,21003.5,-1,-1,-1,-0.0096700993,-0.0096700993,-0.0096700993,-0.0096700993,design
2016-11-08,20959,20911,0.228,80.644998,21003.317,0,-1,-1,-0.0021287868,-0.0021287868,-0.0021287868,-0.0021287868,design
2016-11-09,20969,20483,0.156,14.651083,20997.1,-1,-1,-1,0.020339126,0.020339126,0.020339126,0.020339126,design
2016-11-10,20757,20889,0.768,66.562951,20997.267,0,-1,-1,-0.019651179,-0.019651179,-0.019651179,-0.019651179,design
2016-11-11,20752,20680,0.068,40.931378,20992.75,-1,-1,-1,0.010050776,0.010050776,0.010050776,0.010050776,design
2016-11-14,20642,20514,0.076,25.396489,20985.683,-1,-1,-1,0.0080498681,0.0080498681,0.0080498681,0.0080498681,design
2016-11-15,20486,20443,0.208,19.172046,20977.7,0,-1,-1,0.0034667809,0.0034667809,0.0034667809,0.0034667809,design
2016-11-16,20543,20514,0.94,45.759654,20968.367,1,-1,-1,-0.0034868823,-0.0034868823,-0.0034868823,-0.0034868823,design
2016-11-17,20447,20503,0.872,41.527002,20958,1,1,1,0.0056637953,0.0055137953,0.0063335135,0.0058137953,design
2016-11-18,20543,20495,0.632,36.602444,20949.55,0,1,1,-0.0003901868,-0.0003901868,0.0009699321,-0.0003901868,design
2016-11-21,20447,20455,0.5,16.745032,20938.567,0,1,1,-0.0019516955,-0.0019516955,-0.0062984496,-0.0019516955,design
2016-11-22,20532,20688,0.908,88.626855,20933.15,1,1,1,0.011390858,0.011390858,0.023403218,0.011390858,design
2016-11-23,20688,20765,0.996,92.75898,20928.367,1,1,1,0.0037219644,0.0037219644,0.0066698428,0.0037219644,design
2016-11-24,20738,20659,0.144,46.37212,20923.2,-1,1,1,-0.0051047436,-0.0051047436,-0.0099384761,-0.0051047436,design
2016-11-25,20698,20668,0.436,50.569699,20918.1,0,-1,-1,0.0029899487,0.0028399487,0.0049290499,0.0031399487,design
2016-11-28,20676,20730,0.768,76.217353,20912.6,0,-1,-1,-0.0029977846,-0.0029977846,-0.0029977846,-0.0029977846,design
2016-11-29,20730,20738,0.54,79.025811,20908.517,0,-1,-1,-0.00038591413,-0.00038591413,-0.00038591413,-0.00038591413,design
2016-11-30,20742,20839,0.604,94.7324,20907.1,0,-1,-1,-0.0048684824,-0.0048684824,-0.0048684824,-0.0048684824,design
2016-12-01,20859,20856,0.364,95.792951,20905.217,0,-1,0,-0.00091605417,-0.00096605417,-0.00091605417,-0.00091605417,design
2016-12-02,20765,20708,0.308,21.260887,20896.417,0,0,0,0,0,0,0,design
2016-12-05,20692,20684,0.38,16.976905,20885.9,0,0,0,0,0,0,0,design
2016-12-06,20831,20928,1,83.711648,20880.133,1,0,0,0,0,0,0,design
2016-12-07,20991,20991,0.768,88.489463,20875.483,0,1,1,-0.00025,-0.00035,-0.00071382189,-0.0001,design
2016-12-08,21165,21348,0.94,97.338219,20881,1,1,1,0.017007289,0.017007289,0.031554524,0.017007289,design
2016-12-09,21343,21361,0.636,97.479344,20895.517,0,1,1,0.00060895634,0.00060895634,0.0026990553,0.00060895634,design
2016-12-12,21431,21333,0.376,79.355353,20908.35,0,1,1,-0.0013108001,-0.0013108001,-0.0017945267,-0.0013108001,design
2016-12-13,21324,21373,0.648,86.517504,20918.25,0,1,1,0.0018750293,0.0018750293,0.004494382,0.0018750293,design
2016-12-14,21455,21392,0.856,89.859576,20927.95,1,1,1,0.00088897207,0.00088897207,0.0017897092,0.00088897207,design
2016-12-15,21239,21384,0.872,74.341344,20935.233,1,1,1,-0.00037397158,-0.00037397158,0.00044662796,-0.00037397158,design
2016-12-16,21377,21438,0.828,92.297872,20940.317,1,1,1,0.0025252525,0.0025252525,0.0035714286,0.0025252525,design
2016-12-19,21377,21455,0.676,94.653637,20945.933,0,1,1,0.00079298442,0.00079298442,0.00044483986,0.00079298442,design
2016-12-20,21476,21503,0.504,98.039618,20953.533,0,1,1,0.0022372407,0.0022372407,0.0048910627,0.0022372407,design
2016-12-21,21541,21476,0.456,57.24976,20958.317,0,1,1,-0.0012556387,-0.0012556387,-0.0030973451,-0.0012556387,design
2016-12-22,21491,21463,0.372,40.873842,20963.867,0,1,1,-0.00060532688,-0.00060532688,-0.00088770528,-0.00060532688,design
2016-12-23,21459,21435,0.356,18.311119,20966.483,0,1,0,-0.0015545707,-0.0016545707,-0.002915482,-0.0014045707,design
2016-12-26,21459,21476,0.72,68.780493,20973.633,0,0,0,0,0,0,0,design
2016-12-27,21463,21508,0.916,84.107427,20979.283,1,0,0,0,0,0,0,design
2016-12-28,21534,21579,0.908,95.000056,20986.317,1,1,1,0.0018397186,0.0017397186,0.0019565313,0.0019897186,design
2016-12-29,21553,21590,0.94,95.875909,20991.05,1,1,1,0.00050975485,0.00050975485,0.00088066931,0.00050975485,design
2017-01-02,21586,21663,0.348,98.759678,20998.117,0,1,1,0.003381195,0.003381195,0.0065992081,0.003381195,design
2017-01-03,21720,21834,0.664,99.70993,21007.45,0,1,1,0.0078936435,0.0078936435,0.016171329,0.0078936435,design
2017-01-04,21825,21859,0.468,99.763018,21022.117,0,1,1,0.0011450032,0.0011450032,0.0017204301,0.0011450032,design
2017-01-05,21834,21773,0.26,44.159414,21035.683,0,1,1,-0.0039343062,-0.0039343062,-0.0055817948,-0.0039343062,design
2017-01-06,21821,21865,0.66,74.530909,21053.783,0,1,0,0.0039754168,0.0038754168,0.0079537997,0.0041254168,design
2017-01-09,21895,21922,0.476,84.785113,21071.083,0,0,0,0,0,0,0,design
2017-01-10,21851,21890,0.448,58.389641,21087.317,0,0,0,0,0,0,0,design
2017-01-11,21922,22285,0.984,95.20936,21107.733,1,0,0,0,0,0,0,design
2017-01-12,22315,22341,0.08,96.170244,21128.717,-1,1,1,0.00091513556,0.00081513556,0.0013933854,0.0010651356,design
2017-01-13,22306,22285,0.228,68.63662,21148.4,0,-1,-1,-0.00097665055,-0.0011266506,-0.0026930167,-0.00082665055,design
2017-01-16,22274,22166,0.024,30.962325,21167.8,-1,-1,-1,0.0053447014,0.0053447014,0.0053447014,0.0053447014,design
2017-01-17,22187,22251,0.324,61.304694,21185.95,0,-1,-1,-0.0038292361,-0.0038292361,-0.0038292361,-0.0038292361,design
2017-01-18,22251,22237,0.204,53.551603,21204.4,0,-1,-1,0.00062918521,0.00062918521,0.00062918521,0.00062918521,design
2017-01-19,22328,22251,0.256,62.928365,21227.4,0,-1,-1,-0.00065780647,-0.00065780647,-0.00065780647,-0.00065780647,design
2017-01-20,22176,22220,0.252,33.224813,21248.333,0,-1,-1,0.0013798203,0.0013798203,0.0013798203,0.0013798203,design
2017-01-23,22187,22197,0.34,19.539189,21268.633,0,-1,0,0.00093376475,0.00088376475,0.00093376475,0.00093376475,design
2017-01-24,22211,22202,0.256,31.760315,21289.783,0,0,0,0,0,0,0,design
2017-01-25,22341,22282,0.18,88.355904,21312.1,-1,0,0,0,0,0,0,design
2017-01-26,22364,22464,0.932,97.560736,21341.983,1,-1,-1,-0.004571472,-0.004621472,-0.004571472,-0.004571472,design
2017-01-31,22395,22336,0.132,46.194994,21368.55,-1,1,1,7.8972432e-05,-7.1027568e-05,-0.003422181,0.00022897243,design
2017-02-01,22387,22406,0.308,65.856725,21397.517,0,-1,-1,0.0010826648,0.00093266476,0.0033167674,0.0012326648,design
2017-02-02,22401,22320,0.288,34.69973,21421.733,0,-1,-1,0.0038398714,0.0038398714,0.0038398714,0.0038398714,design
2017-02-03,22372,22333,0.028,42.870957,21445.433,-1,-1,-1,-0.00059055995,-0.00059055995,-0.00059055995,-0.00059055995,design
2017-02-06,22524,22391,0.268,73.008701,21477.233,0,-1,-1,-0.0026980539,-0.0026980539,-0.0026980539,-0.0026980539,design
2017-02-07,22444,22369,0.2,52.141576,21501.9,-1,-1,-1,0.0009667181,0.0009667181,0.0009667181,0.0009667181,design
2017-02-08,22306,22261,0.1,13.699106,21528.25,-1,-1,-1,0.0048394739,0.0048394739,0.0048394739,0.0048394739,design
2017-02-09,22290,22293,0.804,39.939581,21557.9,1,-1,-1,-0.0014371409,-0.0014371409,-0.0014371409,-0.0014371409,design
2017-02-10,22409,22333,0.224,65.877573,21589.4,0,1,1,-0.0089272742,-0.0090772742,-0.010034493,-0.0087772742,design
2017-02-13,22333,22345,0.512,72.899759,21619.917,0,1,1,0.00053732145,0.00053732145,0,0.00053732145,design
2017-02-14,22412,22285,0.172,23.839509,21649.617,-1,1,1,-0.0026851645,-0.0026851645,-0.0045248869,-0.0026851645,design
2017-02-15,22274,22355,0.616,70.368936,21680.617,0,-1,-1,-0.0044783374,-0.0046283374,-0.0064568496,-0.0043283374,design
2017-02-16,22398,22341,0.536,56.549592,21712.05,0,-1,-1,0.00061646796,0.00061646796,0.00061646796,0.00061646796,design
2017-02-17,22274,22341,0.82,56.549592,21739.6,1,-1,-1,-1.8041755e-05,-1.8041755e-05,-1.8041755e-05,-1.8041755e-05,design
2017-02-20,22387,22417,0.9,91.746279,21767.133,1,1,1,-0.0010716904,-0.0012216904,0.0012749549,-0.00092169043,design
2017-02-21,22449,22625,0.98,98.481074,21799.9,1,1,1,0.0092786724,0.0092786724,0.017981201,0.0092786724,design
2017-02-22,22652,22667,0.972,98.857544,21833.217,1,1,1,0.0018563536,0.0018563536,0.004014452,0.0018563536,design
2017-02-23,22660,22675,0.172,98.956108,21865.633,-1,1,1,0.00035293599,0.00035293599,0.00039984006,0.00035293599,design
2017-02-24,22656,22505,0.012,21.204971,21895.083,-1,-1,-1,0.0054713892,0.0053213892,0.005510213,0.0056213892,design
2017-02-27,22496,22401,0.044,10.811452,21921.117,-1,-1,-1,0.0046245729,0.0046245729,0.0046245729,0.0046245729,design
2017-02-28,22426,22444,0.46,36.534724,21947.583,0,-1,-1,-0.0019177656,-0.0019177656,-0.0019177656,-0.0019177656,design
2017-03-02,22597,22652,0.928,83.255617,21979.983,1,-1,-1,-0.0092343259,-0.0092343259,-0.0092343259,-0.0092343259,design
2017-03-03,22560,22436,0.016,32.920926,22009.183,-1,1,1,-0.001807326,-0.001957326,-0.006844795,-0.001657326,design
2017-03-06,22355,22460,0.696,40.865688,22034.717,0,-1,-1,-0.0086402478,-0.0087902478,-0.012775076,-0.0084902478,design
2017-03-07,22496,22592,0.848,74.320985,22061.4,1,-1,-1,-0.0058634348,-0.0058634348,-0.0058634348,-0.0058634348,design
2017-03-08,22570,22638,0.468,81.583012,22082.9,0,1,1,0.0036395788,0.0034895788,0.0058814362,0.0037895788,design
2017-03-09,22645,22590,0.584,51.303894,22103.383,0,1,1,-0.0021203287,-0.0021203287,-0.0044212219,-0.0021203287,design
2017-03-10,22512,22607,0.476,61.440869,22124.617,0,1,1,0.00075254537,0.00075254537,0.0040371417,0.00075254537,design
2017-03-13,22652,22859,0.984,94.623336,22149.383,1,1,1,0.01114699,0.01114699,0.021310816,0.01114699,design
2017-03-14,22947,23071,0.456,97.803585,22177.367,0,1,1,0.0092742465,0.0092742465,0.017322835,0.0092742465,design
2017-03-15,23062,23102,0.172,98.127497,22206,-1,1,1,0.0013436782,0.0013436782,0.0023219814,0.0013436782,design
2017-03-16,23357,23266,0.472,99.268656,22236.467,0,-1,-1,0.014627058,0.014477058,0.02370149,0.014777058,design
2017-03-17,23281,23369,0.616,99.585759,22268.367,0,-1,-1,-0.004422187,-0.004422187,-0.004422187,-0.004422187,design
2017-03-20,23364,23341,0.136,80.588096,22299,-1,-1,-1,0.0011985898,0.0011985898,0.0011985898,0.0011985898,design
2017-03-21,23429,23565,0.456,95.209622,22333.817,0,-1,-1,-0.0095530766,-0.0095530766,-0.0095530766,-0.0095530766,design
2017-03-22,23412,23488,0.668,62.726965,22367.567,0,-1,-1,0.0032254048,0.0032254048,0.0032254048,0.0032254048,design
2017-03-23,23569,23526,0.568,72.116448,22402.417,0,-1,-1,-0.0016304308,-0.0016304308,-0.0016304308,-0.0016304308,design
2017-03-24,23544,23488,0.276,47.955449,22435.95,0,-1,-1,0.0016115945,0.0016115945,0.0016115945,0.0016115945,design
2017-03-27,23382,23341,0.304,13.35042,22466.5,0,-1,0,0.0061743417,0.0061243417,0.0061743417,0.0061743417,design
2017-03-28,23441,23394,0.084,43.006562,22496.75,-1,0,0,0,0,0,0,design
2017-03-29,23492,23475,0.536,72.145794,22528.167,0,-1,-1,0.0006236506,0.0005736506,0.0006236506,0.0006236506,design
2017-03-30,23496,23454,0.404,57.027526,22558.017,0,-1,-1,0.00089137054,0.00089137054,0.00089137054,0.00089137054,design
2017-03-31,23481,23408,0.8,29.732255,22584.25,1,-1,-1,0.0019541281,0.0019541281,0.0019541281,0.0019541281,design
2017-04-03,23471,23466,0.316,68.161251,22611.033,0,1,1,-0.0032538431,-0.0034038431,-0.0022923762,-0.0031038431,design
2017-04-04,23441,23416,0.576,35.081855,22638.417,0,1,1,-0.0021307424,-0.0021307424,-0.0052532833,-0.0021307424,design
2017-04-05,23421,23373,0.196,19.120941,22663.55,-1,1,1,-0.0018363512,-0.0018363512,-0.0033949453,-0.0018363512,design
2017-04-06,23306,23281,0.752,6.4886818,22686.2,0,-1,-1,-0.0021469452,-0.0022969452,-0.0053398292,-0.0019969452,design
2017-04-07,23328,23241,0.844,4.121162,22708.717,1,-1,-1,0.0017030812,0.0017030812,0.0017030812,0.0017030812,design
2017-04-10,23241,23109,0.348,1.2092128,22722.45,0,1,1,-0.0060296179,-0.0061796179,-0.011839851,-0.0058796179,design
2017-04-11,23062,23013,0.064,0.59632955,22733.65,-1,1,1,-0.0041542256,-0.0041542256,-0.0089112747,-0.0041542256,design
2017-04-12,23018,23026,0.092,12.594521,22746,-1,-1,-1,-0.0004803611,-0.0006303611,-0.00030675954,-0.0003303611,design
2017-04-13,23062,23241,0.776,82.492435,22763.917,0,-1,-1,-0.0093130009,-0.0093130009,-0.0093130009,-0.0093130009,design
2017-04-14,23168,23142,0.388,47.505951,22778.767,0,-1,-1,0.0042667633,0.0042667633,0.0042667633,0.0042667633,design
2017-04-17,23173,23191,0.392,63.028024,22794.667,0,-1,-1,-0.0021152813,-0.0021152813,-0.0021152813,-0.0021152813,design
2017-04-18,23298,23177,0.008,53.917715,22810.1,-1,-1,-1,0.00055575758,0.00055575758,0.00055575758,0.00055575758,design
2017-04-19,23144,23075,0.06,17.358043,22824.35,-1,-1,-1,0.0044094045,0.0044094045,0.0044094045,0.0044094045,design
2017-04-20,23013,23173,0.932,64.114693,22840.617,1,-1,-1,-0.0042843823,-0.0042843823,-0.0042843823,-0.0042843823,design
2017-04-21,23266,23364,0.972,88.804604,22859.983,1,1,1,-0.00016804086,-0.00031804086,0.0047776957,-1.804086e-05,design
2017-04-24,23466,23488,0.648,94.086988,22880.083,0,1,1,0.0053073104,0.0053073104,0.0094732853,0.0053073104,design
2017-04-25,23509,23727,0.988,97.902331,22901.133,1,1,1,0.010175409,0.010175409,0.021021021,0.010175409,design
2017-04-26,23808,23870,0.8,98.816304,22926.7,1,1,1,0.0060268892,0.0060268892,0.011029412,0.0060268892,design
2017-04-27,23851,23915,0.484,99.071044,22951.85,0,1,1,0.0018852116,0.0018852116,0.0047272727,0.0018852116,design
2017-04-28,23975,23966,0.572,99.375619,22979.283,0,1,1,0.0021325528,0.0021325528,0.00072385089,0.0021325528,design
2017-05-02,24066,24153,0.344,99.816594,23009.617,0,1,1,0.0078027205,0.0078027205,0.016636528,0.0078027205,design
2017-05-04,24252,24391,0.216,99.934445,23042.95,0,1,1,0.0098538484,0.0098538484,0.019921736,0.0098538484,design
2017-05-08,24440,25034,0.208,99.985341,23087.367,0,1,0,0.026112183,0.026012183,0.051023108,0.026262183,design
2017-05-10,25069,24761,0.032,60.258778,23129.033,-1,0,0,0,0,0,0,design
2017-05-11,24892,25074,0.228,79.204832,23175.383,0,-1,-1,-0.0074115861,-0.0074615861,-0.0074115861,-0.0074115861,design
2017-05-12,25082,24960,0.204,58.789103,23219.167,0,-1,-1,0.0045434384,0.0045434384,0.0045434384,0.0045434384,design
2017-05-15,24991,25021,0.1,67.699185,23263.767,-1,-1,-1,-0.0024409284,-0.0024409284,-0.0024409284,-0.0024409284,design
2017-05-16,25183,25056,0.42,74.120141,23309.95,0,-1,-1,-0.0014641285,-0.0014641285,-0.0014641285,-0.0014641285,design
2017-05-17,24978,25043,0.432,64.583162,23354.75,0,-1,-1,0.00050263581,0.00050263581,0.00050263581,0.00050263581,design
2017-05-18,24800,24991,0.436,31.824499,23398.917,0,-1,-1,0.0019269663,0.0019269663,0.0019269663,0.0019269663,design
2017-05-19,24965,24942,0.496,16.270712,23442.267,0,-1,-1,0.0019626228,0.0019626228,0.0019626228,0.0019626228,design
2017-05-22,25110,25144,0.3,83.352631,23487.717,0,-1,0,-0.0081805485,-0.0082305485,-0.0081805485,-0.0081805485,design
2017-05-23,25191,25215,0.888,89.350476,23530.883,1,0,0,0,0,0,0,design
2017-05-24,25281,25241,0.46,91.573896,23573.783,0,1,1,-0.0018322159,-0.0019322159,-0.0028618185,-0.0016822159,design
2017-05-25,25368,25540,0.572,98.547716,23621.533,0,1,1,0.011845806,0.011845806,0.023567921,0.011845806,design
2017-05-26,25561,25694,0.784,99.216065,23674.683,0,1,1,0.0060297572,0.0060297572,0.011832427,0.0060297572,design
2017-05-29,25798,25671,0.716,87.225675,23729.183,0,1,1,-0.00089515062,-0.00089515062,-0.002528445,-0.00089515062,design
2017-05-30,25645,25497,0.208,30.837783,23780.067,0,1,0,-0.0070280764,-0.0071280764,-0.013241128,-0.0068780764,design
2017-05-31,25441,25501,0.612,32.834107,23827.55,0,0,0,0,0,0,0,design
2017-06-01,25479,25429,0.2,16.102117,23877.433,-1,0,0,0,0,0,0,design
2017-06-02,25531,25742,0.976,84.550949,23932.133,1,-1,-1,-0.0083644628,-0.0084144628,-0.0083644628,-0.0083644628,design
2017-06-05,25781,25702,0.148,69.962031,23983.967,-1,1,1,-0.0049246635,-0.0050746635,-0.0084484512,-0.0047746635,design
2017-06-07,25682,25551,0.148,30.382325,24032.517,-1,-1,-1,0.0039687301,0.0038187301,0.0015741711,0.0041187301,design
2017-06-08,25579,25678,0.776,64.328398,24083.983,0,-1,-1,-0.0049619686,-0.0049619686,-0.0049619686,-0.0049619686,design
2017-06-09,25699,25871,0.62,85.627987,24138.383,0,-1,-1,-0.0075052146,-0.0075052146,-0.0075052146,-0.0075052146,design
2017-06-12,25707,25621,0.024,33.620519,24184.417,-1,-1,-1,0.0097057434,0.0097057434,0.0097057434,0.0097057434,design
2017-06-13,25624,25762,0.16,60.608175,24229.267,-1,-1,-1,-0.0055020369,-0.0055020369,-0.0055020369,-0.0055020369,design
2017-06-14,25857,25757,0.212,58.909549,24273.517,0,-1,-1,0.00016556127,0.00016556127,0.00016556127,0.00016556127,design
2017-06-15,25737,25654,0.436,27.340201,24313.317,0,-1,-1,0.0040039212,0.0040039212,0.0040039212,0.0040039212,design
2017-06-16,25663,25663,0.276,33.562206,24351.55,0,-1,-1,-0.00035082248,-0.00035082248,-0.00035082248,-0.00035082248,design
2017-06-19,25654,25803,0.836,81.867946,24392.583,1,-1,-1,-0.0054593986,-0.0054593986,-0.0054593986,-0.0054593986,design
2017-06-20,25931,25881,0.632,89.983272,24431.183,0,1,1,-0.0072292924,-0.0073792924,-0.010572147,-0.0070792924,design
2017-06-21,25744,25716,0.136,31.097809,24468.317,-1,1,1,-0.0063753333,-0.0063753333,-0.012195122,-0.0063753333,design
2017-06-22,25793,25890,0.8,71.051916,24507.717,1,-1,-1,-0.0011277259,-0.0012777259,0.0015658669,-0.00097772593,design
2017-06-23,25885,25950,0.676,79.321443,24548.75,0,1,1,0.0023547165,0.0022047165,0.0054727296,0.0025047165,design
2017-06-26,25974,26093,0.548,91.244139,24594.617,0,1,1,0.0055105973,0.0055105973,0.010572139,0.0055105973,design
2017-06-27,26042,26100,0.444,91.711978,24639.717,0,1,1,0.00026827118,0.00026827118,-0.00030769231,0.00026827118,design
2017-06-28,25985,26018,0.324,40.727823,24682.1,0,1,1,-0.0031417625,-0.0031417625,-0.0052323792,-0.0031417625,design
2017-06-29,26157,26198,0.34,82.772755,24727.833,0,1,0,0.0066682873,0.0065682873,0.012126238,0.0068182873,design
2017-06-30,26030,26118,0.496,50.764122,24773,0,0,0,0,0,0,0,design
2017-07-03,26176,26176,0.152,68.453143,24818.167,-1,0,0,0,0,0,0,design
2017-07-04,26183,26014,0.072,22.764885,24861.467,-1,-1,-1,0.0063545698,0.0063045698,0.0063545698,0.0063545698,design
2017-07-05,25950,26114,0.74,57.656142,24907.15,0,-1,-1,-0.0038751803,-0.0038751803,-0.0038751803,-0.0038751803,design
2017-07-06,26176,26118,0.608,59.133085,24954.433,0,-1,-1,-0.00016369593,-0.00016369593,-0.00016369593,-0.00016369593,design
2017-07-07,26014,26014,0.824,21.015783,25000.65,1,-1,-1,0.0039819282,0.0039819282,0.0039819282,0.0039819282,design
2017-07-10,26096,26100,0.716,61.770839,25050.5,0,1,1,-0.0033493518,-0.0034993518,-0.004115405,-0.0031993518,design
2017-07-11,26136,26247,0.976,86.168726,25104.4,1,1,1,0.0056321839,0.0056321839,0.012003693,0.0056321839,design
2017-07-12,26247,26242,0.88,82.583367,25158,1,1,1,-0.00019049796,-0.00019049796,-0.001216545,-0.00019049796,design
2017-07-13,26393,26525,0.992,96.949851,25212.733,1,1,1,0.010784239,0.010784239,0.021924482,0.010784239,design
2017-07-14,26574,26564,0.644,97.514849,25269.767,0,1,1,0.001470311,0.001470311,0.0017878427,0.001470311,design
2017-07-17,26731,26677,0.296,98.801425,25327.867,0,1,1,0.0042538774,0.0042538774,0.00892326,0.0042538774,design
2017-07-18,26665,26670,0.276,92.846225,25386.083,0,1,1,-0.00026239832,-0.00026239832,0.00058962264,-0.00026239832,design
2017-07-19,26714,26701,0.012,95.336094,25446.517,-1,1,1,0.0011623547,0.0011623547,0.001473188,0.0011623547,design
2017-07-20,26771,26838,0.348,98.855851,25507.6,0,-1,-1,-0.00023764466,-0.00038764466,0.0027231814,-8.7644658e-05,design
2017-07-21,26807,26954,0.856,99.497739,25567.433,1,-1,-1,-0.0043348978,-0.0043348978,-0.0043348978,-0.0043348978,design
2017-07-24,26954,26945,0.224,91.529667,25625.05,0,1,1,-0.0006839022,-0.0008339022,0.00080606936,-0.0005339022,design
2017-07-25,26954,26807,0.024,26.485219,25676.383,-1,1,1,-0.0051215439,-0.0051215439,-0.0060623557,-0.0051215439,design
2017-07-26,26859,26748,0.076,16.474525,25724.35,-1,-1,-1,0.0057305014,0.0055805014,0.0066991399,0.0058805014,design
2017-07-27,26833,26833,0.184,60.01795,25772.983,-1,-1,-1,-0.0031778077,-0.0031778077,-0.0031778077,-0.0031778077,design
2017-07-28,26743,26311,0.008,8.1072196,25812.067,-1,-1,-1,0.01956202,0.01956202,0.01956202,0.01956202,design
2017-07-31,26196,26311,0.832,8.1072196,25848.033,1,-1,-1,-3.8375438e-05,-3.8375438e-05,-3.8375438e-05,-3.8375438e-05,design
2017-08-01,26258,26547,0.616,64.162432,25883.967,0,1,1,0.012692707,0.012542707,0.02329496,0.012842707,design
2017-08-02,26633,26616,0.568,73.584729,25910.333,0,1,1,0.0025991637,0.0025991637,0.0041666667,0.0025991637,design
2017-08-03,26532,26148,0.004,16.113952,25933.45,-1,1,1,-0.017583408,-0.017583408,-0.034084173,-0.017583408,design
2017-08-04,26211,26284,0.796,42.303661,25953.617,0,-1,-1,-0.00073243843,-0.00088243843,-0.0034410782,-0.00058243843,design
2017-08-07,26308,26300,0.74,46.251999,25975.95,0,-1,-1,-0.00060929068,-0.00060929068,-0.00060929068,-0.00060929068,design
2017-08-08,26356,26258,0.948,34.026996,25996.567,1,-1,-1,0.0015811235,0.0015811235,0.0015811235,0.0015811235,design
2017-08-09,26055,25928,0.64,6.6027098,26011.1,0,1,1,0.0024689897,0.0023189897,-0.0022757957,0.0026189897,design
2017-08-10,25842,25807,0.5,4.1499465,26023.833,0,1,1,-0.0046667695,-0.0046667695,-0.010299625,-0.0046667695,design
2017-08-11,25441,25333,0.528,1.0612521,26029.533,0,1,1,-0.01836711,-0.01836711,-0.035950804,-0.01836711,design
2017-08-14,25517,25561,0.348,42.343715,26039.85,0,1,1,0.0090001184,0.0090001184,0.017010141,0.0090001184,design
2017-08-16,25790,25712,0.212,62.866527,26049.317,0,1,0,0.0056574371,0.0055574371,0.011007639,0.0058074371,design
2017-08-17,25763,25859,0.848,78.067031,26060.05,1,0,0,0,0,0,0,design
2017-08-18,25650,25838,0.648,69.892633,26070,0,1,1,0.0070794347,0.0069794347,0.014136189,0.0072294347,design
2017-08-21,25908,25807,0.256,53.388049,26074.45,0,1,1,-0.0011997833,-0.0011997833,-0.0034667507,-0.0011997833,design
2017-08-22,25859,25894,0.4,79.95566,26077.783,0,1,1,0.0033711784,0.0033711784,0.0091714105,0.0033711784,design
2017-08-23,26060,25913,0.536,83.951101,26081.817,0,1,1,0.00073376072,0.00073376072,0.00031338139,0.00073376072,design
2017-08-24,25936,26031,0.576,95.382795,26090.717,0,1,0,0.0043036989,0.0042036989,0.0085219298,0.0044536989,design
2017-08-25,26087,26047,0.336,96.130295,26099.817,0,0,0,0,0,0,0,design
2017-08-28,26031,25899,0.348,24.062365,26107.65,0,0,0,0,0,0,0,design
2017-08-29,25758,25833,0.332,14.420323,26109.167,0,0,0,0,0,0,0,design
2017-08-30,25882,25928,0.648,60.261307,26112.933,0,0,0,0,0,0,0,design
2017-08-31,25947,25767,0.332,21.402799,26116.533,0,0,0,0,0,0,0,design
2017-09-01,25858,25767,0.584,21.402799,26118.017,0,0,0,0,0,0,0,design
2017-09-04,25378,25479,0.92,3.812422,26111.483,1,0,0,0,0,0,0,design
2017-09-05,25579,25455,0.136,3.3531162,26108.717,-1,1,1,-0.0050977267,-0.0051977267,-0.0086262887,-0.0049477267,design
2017-09-06,25408,25401,0.228,2.1743231,26102.7,0,-1,-1,-0.0019214005,-0.0020714005,-0.0026743026,-0.0017714005,design
2017-09-07,25489,25717,0.976,80.872706,26102.033,1,-1,-1,-0.012378476,-0.012378476,-0.012378476,-0.012378476,design
2017-09-08,25758,25734,0.536,82.396428,26103.367,0,1,1,-0.0028745401,-0.0030245401,-0.0028957429,-0.0027245401,design
2017-09-11,25855,25968,0.492,94.486914,26108.45,0,1,1,0.0090930287,0.0090930287,0.017488076,0.0090930287,design
2017-09-12,26087,25987,0.208,95.040114,26111.517,0,1,1,0.00073166975,0.00073166975,0.0009375,0.00073166975,design
2017-09-13,26035,26001,0.768,95.679068,26113.517,0,1,1,0.0005387309,0.0005387309,-0.00062441461,0.0005387309,design
2017-09-14,26006,26102,0.148,98.488524,26119.95,-1,1,0,0.003634466,0.003534466,0.0091220712,0.003784466,design
2017-09-15,26087,26250,0.74,99.479793,26125.95,0,-1,-1,-0.0063483229,-0.0063983229,-0.0063483229,-0.0063483229,design
2017-09-18,26274,26673,0.876,99.890456,26138,1,-1,-1,-0.016086517,-0.016086517,-0.016086517,-0.016086517,design
2017-09-19,26692,26660,0.164,95.267828,26147.45,-1,1,1,-0.0022603379,-0.0024103379,-0.0025475979,-0.0021103379,design
2017-09-20,26714,26642,0.632,84.445941,26156.483,0,-1,-1,0.0043761815,0.0042261815,0.0065243565,0.0045261815,design
2017-09-21,26616,26664,0.772,87.82628,26167.25,0,-1,-1,-0.00082928377,-0.00082928377,-0.00082928377,-0.00082928377,design
2017-09-22,26638,26492,0.7,19.968571,26172.15,0,-1,-1,0.0064613339,0.0064613339,0.0064613339,0.0064613339,design
2017-09-25,26519,26464,0.524,15.954999,26177.917,0,-1,-1,0.0010526953,0.0010526953,0.0010526953,0.0010526953,design
2017-09-26,26379,26332,0.196,5.5110534,26180.517,-1,-1,0,0.0048993536,0.0048493536,0.0048993536,0.0048993536,design
2017-09-27,26356,26279,0.144,3.612257,26184.933,-1,-1,-1,0.0028215359,0.0027715359,0.0028215359,0.0028215359,design
2017-09-28,26311,26308,0.684,30.004046,26188.167,0,-1,-1,-0.0011038204,-0.0011038204,-0.0011038204,-0.0011038204,design
2017-09-29,26321,26511,0.844,85.518038,26194.717,1,-1,-1,-0.00770915,-0.00770915,-0.00770915,-0.00770915,design
2017-10-10,26919,26996,0.988,96.976439,26211.083,1,1,1,-0.012923427,-0.013073427,0.00025353421,-0.012773427,design
2017-10-11,27104,27276,0.96,98.419939,26230.683,1,1,1,0.010371907,0.010371907,0.018308631,0.010371907,design
2017-10-12,27324,27455,0.772,99.018847,26250.817,0,1,1,0.0065625458,0.0065625458,0.013127854,0.0065625458,design
2017-10-13,27441,27420,0.46,86.236203,26270.45,0,1,1,-0.0012748133,-0.0012748133,-0.001971831,-0.0012748133,design
2017-10-16,27487,27446,0.628,88.451208,26285.8,0,1,1,0.00094821298,0.00094821298,0.0050804403,0.00094821298,design
2017-10-17,27459,27505,0.74,93.325839,26301.483,0,1,1,0.0021496757,0.0021496757,0.0030890199,0.0021496757,design
2017-10-18,27469,27487,0.436,74.212634,26314.983,0,1,0,-0.00090442647,-0.0010044265,-0.0019297312,-0.00075442647,design
2017-10-19,27559,27379,0.324,21.463567,26326.8,0,0,0,0,0,0,0,design
2017-10-20,27389,27526,0.776,73.240589,26340.55,0,0,0,0,0,0,0,design
2017-10-23,27635,27610,0.568,84.739045,26353.417,0,0,0,0,0,0,0,design
2017-10-24,27606,27559,0.616,55.684319,26363.5,0,0,0,0,0,0,0,design
2017-10-25,27589,27581,0.896,65.800839,26374.1,1,0,0,0,0,0,0,design
2017-10-26,27589,27393,0.624,13.424454,26383.867,0,1,1,-0.0073542807,-0.0074542807,-0.011146899,-0.0072042807,design
2017-10-27,27407,27581,0.824,66.598516,26397.75,1,1,1,0.0068630672,0.0068630672,0.012711864,0.0068630672,design
2017-10-30,27733,27661,0.38,78.064551,26411.55,0,1,1,0.0029005475,0.0029005475,0.0050209205,0.0029005475,design
2017-10-31,27665,27939,0.796,93.521321,26438.683,0,1,1,0.010050251,0.010050251,0.021648626,0.010050251,design
2017-11-01,28184,28400,0.712,98.058531,26473.5,0,1,1,0.016500233,0.016500233,0.030426515,0.016500233,design
2017-11-02,28411,28301,0.256,75.383698,26502.733,0,1,1,-0.0034859155,-0.0034859155,-0.0055365146,-0.0034859155,design
2017-11-03,28386,28361,0.084,80.772843,26531.817,-1,1,0,0.0018700664,0.0017700664,0.0050522269,0.0020200664,design
2017-11-06,28361,28251,0.14,44.805893,26566.867,-1,-1,-1,0.0037785656,0.0037285656,0.0037785656,0.0037785656,design
2017-11-07,28237,28221,0.756,36.049974,26599.15,0,-1,-1,0.0010624709,0.0010624709,0.0010624709,0.0010624709,design
2017-11-08,28099,28305,0.724,69.465395,26632.567,0,-1,-1,-0.0030398929,-0.0030398929,-0.0030398929,-0.0030398929,design
2017-11-09,28361,28225,0.08,34.814795,26665.35,-1,-1,-1,0.0028073812,0.0028073812,0.0028073812,0.0028073812,design
2017-11-10,28063,28151,0.12,18.106173,26702.4,-1,-1,-1,0.0025857927,0.0025857927,0.0025857927,0.0025857927,design
2017-11-13,28161,28000,0.104,6.1197864,26738.95,-1,-1,-1,0.0053598685,0.0053598685,0.0053598685,0.0053598685,design
2017-11-14,28021,27980,0.336,5.2067083,26783.067,0,-1,-1,0.00071209093,0.00071209093,0.00071209093,0.00071209093,design
2017-11-15,27951,27812,0.328,1.484841,26820.583,0,-1,-1,0.0060145973,0.0060145973,0.0060145973,0.0060145973,design
2017-11-16,27880,27987,0.436,60.423147,26858.5,0,-1,-1,-0.0062734808,-0.0062734808,-0.0062734808,-0.0062734808,design
2017-11-17,28133,27980,0.76,57.663306,26893.85,0,-1,-1,0.00019337448,0.00019337448,0.00019337448,0.00019337448,design
2017-11-20,28031,27862,0.792,22.702913,26927.583,0,-1,0,0.0040953194,0.0040453194,0.0040953194,0.0040953194,design
2017-11-21,27968,27923,0.888,52.486273,26962.85,1,0,0,0,0,0,0,design
2017-11-22,28129,28095,0.46,85.025129,26999.533,0,1,1,-0.001458717,-0.001558717,-0.0021322264,-0.001308717,design
2017-11-23,28138,28042,0.692,59.790669,27035.017,0,1,1,-0.0018864567,-0.0018864567,-0.0040409483,-0.0018864567,design
2017-11-24,28054,28103,0.592,76.110993,27069.55,0,1,1,0.0021753085,0.0021753085,0.0035163646,0.0021753085,design
2017-11-27,28125,27625,0,10.339668,27095.85,-1,1,1,-0.01700886,-0.01700886,-0.033962264,-0.01700886,design
2017-11-28,27630,27701,0.664,29.666725,27125.883,0,-1,-1,-0.0027391403,-0.0028891403,-0.0023630689,-0.0025891403,design
2017-11-29,27741,27686,0.432,27.340363,27156.767,0,-1,-1,0.00053577091,0.00053577091,0.00053577091,0.00053577091,design
2017-11-30,27509,27237,0.328,4.8011562,27178.583,0,-1,-1,0.016344009,0.016344009,0.016344009,0.016344009,design
2017-12-01,27316,27227,0.296,4.6310963,27202.917,0,-1,-1,0.00034824724,0.00034824724,0.00034824724,0.00034824724,design
2017-12-04,27345,27517,0.74,68.776501,27232.083,0,-1,0,-0.010696671,-0.010746671,-0.010696671,-0.010696671,design
2017-12-05,27374,27594,0.692,76.993762,27267.333,0,0,0,0,0,0,0,design
2017-12-06,27610,27196,0.048,20.6938,27296.35,-1,0,0,0,0,0,0,design
2017-12-07,27270,27113,0.452,15.857508,27324.883,0,-1,-1,0.0056572424,0.0056072424,0.0056572424,0.0056572424,design
2017-12-08,27208,27192,0.344,41.765412,27349.467,0,-1,-1,-0.0029178524,-0.0029178524,-0.0029178524,-0.0029178524,design
2017-12-11,27232,27227,0.276,54.247848,27374.35,0,-1,-1,-0.0012876835,-0.0012876835,-0.0012876835,-0.0012876835,design
2017-12-12,27222,27138,0.18,25.954542,27393.85,-1,-1,-1,0.0032699474,0.0032699474,0.0032699474,0.0032699474,design
2017-12-13,27191,27349,0.9,78.679667,27416.55,1,-1,-1,-0.007752379,-0.007752379,-0.007752379,-0.007752379,design
2017-12-14,27407,27379,0.972,82.269738,27439.517,1,1,1,-0.0034902059,-0.0036402059,-0.0004834939,-0.0033402059,design
2017-12-15,27474,27330,0.092,53.075027,27459.983,-1,1,1,-0.0017896928,-0.0017896928,-0.0051107325,-0.0017896928,design
2017-12-18,27357,27364,0.212,68.558781,27478.55,0,-1,-1,0.00038179656,0.00023179656,0.0028179052,0.00053179656,design
2017-12-19,27469,27374,0.568,73.669505,27490.233,0,-1,-1,-0.00039198484,-0.00039198484,-0.00039198484,-0.00039198484,design
2017-12-20,27328,27300,0.372,21.631124,27500.9,0,-1,-1,0.0027067386,0.0027067386,0.0027067386,0.0027067386,design
2017-12-21,27232,26766,0.268,1.9322602,27502.967,0,-1,-1,0.019645687,0.019645687,0.019645687,0.019645687,design
2017-12-22,26842,26897,0.804,32.217919,27506.85,1,-1,0,-0.0049826327,-0.0050326327,-0.0049826327,-0.0049826327,design
2017-12-26,26956,26785,0.884,21.084125,27511.733,1,1,1,-0.0065936712,-0.0066936712,-0.011980205,-0.0064436712,design
2017-12-27,26879,27103,0.144,73.360719,27522.383,-1,1,1,0.011872317,0.011872317,0.020771513,0.011872317,design
2017-12-28,27117,27441,0.924,88.938067,27540.867,1,-1,-1,-0.011787848,-0.011937848,-0.010862103,-0.011637848,design
2018-01-02,27550,27564,0.672,92.240442,27562.283,0,1,1,-0.00381601,-0.00396601,-0.00038973042,-0.00366601,design
2018-01-03,27681,27677,0.712,94.989074,27585.1,0,1,1,0.0040995501,0.0040995501,0.0070224719,0.0040995501,design
2018-01-04,27844,27462,0.108,40.456393,27600.95,-1,1,1,-0.007768183,-0.007768183,-0.014504881,-0.007768183,design
2018-01-05,27538,27836,0.88,80.134344,27614.95,1,-1,-1,-0.0084338977,-0.0085838977,-0.0064117059,-0.0082838977,design
2018-01-08,27951,28021,0.532,88.027263,27627.367,0,1,1,-0.0019873045,-0.0021373045,-0.00012305336,-0.0018373045,design
2018-01-09,27942,27911,0.808,59.781536,27634.967,1,1,1,-0.0039256272,-0.0039256272,-0.0057189542,-0.0039256272,design
2018-01-10,27987,27728,0.088,28.912962,27640.1,-1,1,1,-0.0065565548,-0.0065565548,-0.014516571,-0.0065565548,design
2018-01-11,27716,27589,0.172,16.203092,27642.483,-1,-1,-1,0.0037974322,0.0036474322,0.001998545,0.0039474322,design
2018-01-12,27649,27639,0.284,36.336744,27644.717,0,-1,-1,-0.0018138896,-0.0018138896,-0.0018138896,-0.0018138896,design
2018-01-15,27781,27701,0.284,60.107312,27648.283,0,-1,-1,-0.0022727966,-0.0022727966,-0.0022727966,-0.0022727966,design
2018-01-16,27705,27918,0.676,88.96058,27657.267,0,-1,-1,-0.0078314319,-0.0078314319,-0.0078314319,-0.0078314319,design
2018-01-17,27862,27853,0.484,62.06711,27662.717,0,-1,-1,0.0023295429,0.0023295429,0.0023295429,0.0023295429,design
2018-01-18,28009,27876,0.448,68.752274,27667.15,0,-1,0,-0.00097895465,-0.0010289546,-0.00097895465,-0.00097895465,design
2018-01-19,27903,27895,0.604,75.798974,27672.75,0,0,0,0,0,0,0,design
2018-01-22,27872,27610,0.1,9.7612124,27673.233,-1,0,0,0,0,0,0,design
2018-01-23,27728,27980,0.8,72.33739,27683.017,1,-1,-1,-0.0091882862,-0.0092382862,-0.0091882862,-0.0091882862,design
2018-01-24,27973,28026,0.612,76.40566,27690.433,0,1,1,0.0017953369,0.0016453369,0.005104109,0.0019453369,design
2018-01-25,27973,28246,0.916,90.196524,27700.183,1,1,1,0.0078498537,0.0078498537,0.018251158,0.0078498537,design
2018-01-26,28241,28356,0.7,93.812885,27707.133,0,1,1,0.0038943567,0.0038943567,0.006153023,0.0038943567,design
2018-01-29,28506,28551,0.904,97.31912,27709.65,1,1,1,0.0068768515,0.0068768515,0.01542143,0.0068768515,design
2018-01-30,28530,28197,0.128,31.829065,27707.917,-1,1,1,-0.012398865,-0.012398865,-0.025661168,-0.012398865,design
2018-01-31,28099,28216,0.264,36.421744,27705.5,0,-1,-1,-0.0079749246,-0.0081249246,-0.013880757,-0.0078249246,design
2018-02-01,28332,28225,0.072,40.236129,27705.067,-1,-1,-1,-0.00035002064,-0.00035002064,-0.00035002064,-0.00035002064,design
2018-02-02,28154,27677,0.016,4.8441827,27696,-1,-1,-1,0.01950065,0.01950065,0.01950065,0.01950065,design
2018-02-05,27330,27389,0.028,2.5170475,27680.733,-1,-1,-1,0.01035162,0.01035162,0.01035162,0.01035162,design
2018-02-06,26824,26999,0.184,1.093856,27660.3,-1,-1,-1,0.013970129,0.013970129,0.013970129,0.013970129,design
2018-02-07,27246,26315,0.18,0.36665692,27629.7,-1,-1,-1,0.024709061,0.024709061,0.024709061,0.024709061,design
2018-02-08,26324,26536,0.716,30.306601,27605.3,0,-1,-1,-0.0083927432,-0.0083927432,-0.0083927432,-0.0083927432,design
2018-02-09,26235,25836,0.668,10.437495,27569.567,0,-1,-1,0.026724285,0.026724285,0.026724285,0.026724285,design
2018-02-12,25953,26123,0.404,41.75155,27541.417,0,-1,-1,-0.011049204,-0.011049204,-0.011049204,-0.011049204,design
2018-02-13,26304,26324,0.572,60.900011,27513.7,0,-1,-1,-0.0076838325,-0.0076838325,-0.0076838325,-0.0076838325,design
2018-02-14,26491,26668,0.144,81.60201,27491.833,-1,-1,0,-0.013083147,-0.013133147,-0.013083147,-0.013083147,design
2018-02-19,27030,26801,0.416,86.946321,27474.15,0,-1,-1,0.0083720681,0.0083220681,0.0083720681,0.0083720681,design
2018-02-20,26722,26495,0.74,37.209649,27450.35,0,-1,-1,0.011467564,0.011467564,0.011467564,0.011467564,design
2018-02-21,26514,26632,0.936,58.477971,27425.967,1,-1,-1,-0.0051644039,-0.0051644039,-0.0051644039,-0.0051644039,design
2018-02-22,26464,26456,0.588,31.266846,27399.533,0,1,1,0.0056539962,0.0055039962,0.0047223294,0.0058039962,design
2018-02-23,26562,26872,0.852,78.518923,27379.017,1,1,1,0.015724221,0.015724221,0.029203812,0.015724221,design
2018-02-26,26995,26918,0.384,81.35383,27367.233,0,1,1,0.001711819,0.001711819,0.002688172,0.001711819,design
2018-02-27,27061,26832,0.792,54.473333,27352.75,0,1,1,-0.0031948882,-0.0031948882,-0.0044682752,-0.0031948882,design
2018-02-28,26742,26527,0.896,16.291632,27333.433,1,1,1,-0.011367024,-0.011367024,-0.02513465,-0.011367024,design
2018-03-02,26283,26157,0.256,6.0325884,27315.433,0,1,1,-0.013948053,-0.013948053,-0.026703499,-0.013948053,design
2018-03-05,26118,25814,0.54,2.7831742,27291.883,0,1,1,-0.013113125,-0.013113125,-0.027120782,-0.013113125,design
2018-03-06,26042,26331,0.668,62.94783,27272.117,0,1,1,0.020027892,0.020027892,0.040194489,0.020027892,design
2018-03-07,26438,26368,0.6,65.962877,27251.683,0,1,1,0.0014051878,0.0014051878,0.0015581178,0.0014051878,design
2018-03-08,26559,26632,0.812,84.25093,27242.283,1,1,0,0.0097621359,0.0096621359,0.019662881,0.0099121359,design
2018-03-09,26762,26940,0.764,93.011885,27239.4,0,1,1,0.0064012219,0.0063012219,0.012434989,0.0065512219,design
2018-03-12,27191,27177,0.652,96.235054,27239.15,0,1,1,0.0087973274,0.0087973274,0.018789144,0.0087973274,design
2018-03-13,27172,27303,0.936,97.473916,27240.417,1,1,1,0.0046362733,0.0046362733,0.010245902,0.0046362733,design
2018-03-14,27113,27281,0.528,87.427848,27242.8,0,1,1,-0.00080577226,-0.00080577226,-0.0023181686,-0.00080577226,design
2018-03-15,27307,27379,0.7,93.445887,27243.3,0,1,1,0.0035922437,0.0035922437,0.0069706651,0.0035922437,design
2018-03-16,27352,27328,0.664,62.371352,27242.45,0,1,1,-0.0018627415,-0.0018627415,-0.0046149409,-0.0018627415,design
2018-03-19,27281,27134,0.512,17.669362,27239.183,0,1,1,-0.0070989461,-0.0070989461,-0.013909012,-0.0070989461,design
2018-03-20,26982,27261,0.408,57.525819,27237.467,0,1,0,0.0044304747,0.0043304747,0.0085657508,0.0045804747,design
2018-03-21,27261,27265,0.652,58.782725,27235.65,0,0,0,0,0,0,0,design
2018-03-22,27291,27369,0.864,83.765032,27236.8,1,0,0,0,0,0,0,design
2018-03-23,26806,26456,0.408,7.1951111,27231.633,0,1,1,-0.013306778,-0.013406778,-0.027651385,-0.013156778,design
2018-03-26,26390,26687,0.248,36.546203,27228.133,0,1,1,0.0087314787,0.0087314787,0.017027864,0.0087314787,design
2018-03-27,26879,26798,0.5,51.337044,27228.35,0,1,1,0.0041593285,0.0041593285,0.0097412481,0.0041593285,design
2018-03-28,26514,26467,0.332,21.478339,27217.75,0,1,1,-0.012351668,-0.012351668,-0.026831474,-0.012351668,design
2018-03-29,26498,26687,0.096,55.716336,27205.183,-1,1,0,0.0080622379,0.0079622379,0.017717782,0.0082122379,design
2018-03-30,26883,26754,0.296,65.009289,27191.683,0,-1,-1,0.0046985716,0.0046485716,0.0046985716,0.0046985716,design
2018-04-02,26806,26691,0.376,46.613523,27175.25,0,-1,-1,0.0023381114,0.0023381114,0.0023381114,0.0023381114,design
2018-04-03,26442,26637,0.22,31.387597,27161.5,0,-1,-1,0.0018855582,0.0018855582,0.0018855582,0.0018855582,design
2018-04-04,26672,26228,0.156,5.2769834,27134.7,-1,-1,-1,0.015310836,0.015310836,0.015310836,0.015310836,design
2018-04-05,26413,26591,0.956,61.753296,27110.867,1,-1,-1,-0.013745102,-0.013745102,-0.013745102,-0.013745102,design
2018-04-06,26399,26460,0.06,43.174045,27086.683,-1,1,1,0.0091978661,0.0090478661,0.009688326,0.0093478661,design
2018-04-09,26438,26645,0.812,69.279354,27068.633,1,-1,-1,-0.0090045729,-0.0091545729,-0.013100509,-0.0088545729,design
2018-04-10,26546,26672,0.292,72.91169,27053.35,0,1,1,0.0081296323,0.0079796323,0.014208125,0.0082796323,design
2018-04-11,26691,26587,0.976,41.796159,27035.817,1,1,1,-0.0031868626,-0.0031868626,-0.0067175573,-0.0031868626,design
2018-04-12,26680,26582,0.856,39.798033,27017.167,1,1,1,-0.00018806183,-0.00018806183,0.00061481709,-0.00018806183,design
2018-04-13,26680,26758,0.836,86.209837,26997.833,1,1,1,0.0066210217,0.0066210217,0.011059908,0.0066210217,design
2018-04-16,26897,26779,0.18,88.352638,26979.933,-1,1,1,0.00078481202,0.00078481202,0.001215436,0.00078481202,design
2018-04-17,26806,26742,0.324,57.091889,26961.033,0,-1,-1,0.0030481851,0.0028981851,0.0038628135,0.0031981851,design
2018-04-18,26918,27041,0.928,93.613404,26946.8,1,-1,-1,-0.011120767,-0.011120767,-0.011120767,-0.011120767,design
2018-04-19,27121,27191,0.828,96.55524,26939.817,1,1,1,-0.00073508059,-0.00088508059,0.0025964246,-0.00058508059,design
2018-04-20,27061,27012,0.148,45.992656,26923.683,-1,1,1,-0.0065830606,-0.0065830606,-0.013835737,-0.0065830606,design
2018-04-23,26948,26995,0.46,41.831773,26906.5,0,-1,-1,-0.0044592848,-0.0046092848,-0.0056699418,-0.0043092848,design
2018-04-24,27041,26842,0.48,15.915107,26883.1,0,-1,-1,0.0056426358,0.0056426358,0.0056426358,0.0056426358,design
2018-04-25,26655,26672,0.288,6.6961166,26855.033,0,-1,-1,0.0063244717,0.0063244717,0.0063244717,0.0063244717,design
2018-04-26,26762,27008,0.972,71.638278,26829.317,1,-1,-1,-0.012535446,-0.012535446,-0.012535446,-0.012535446,design
2018-04-27,27276,27253,0.952,85.924994,26813.583,1,1,1,-0.011107851,-0.011257851,-0.0094014391,-0.010957851,design
2018-04-30,27331,27429,0.776,91.834563,26800.467,0,1,1,0.0064580046,0.0064580046,0.0085019056,0.0064580046,design
2018-05-02,27331,27236,0.188,47.809707,26783.983,-1,1,1,-0.0070363484,-0.0070363484,-0.0125,-0.0070363484,design
2018-05-03,27148,27144,0.26,32.812945,26775.1,0,-1,-1,-0.0034341533,-0.0035841533,-0.004618971,-0.0032841533,design
2018-05-04,27123,26925,0.388,13.160073,26767.367,0,-1,-1,0.0080793768,0.0080793768,0.0080793768,0.0080793768,design
2018-05-08,27053,26799,0.764,7.7907723,26764.033,0,-1,-1,0.0045903964,0.0045903964,0.0045903964,0.0045903964,design
2018-05-09,26803,26714,0.424,5.024764,26770.683,0,-1,-1,0.0031707689,0.0031707689,0.0031707689,0.0031707689,design
2018-05-10,26856,26895,0.688,62.191954,26776.667,0,-1,0,-0.0068600351,-0.0069100351,-0.0068600351,-0.0068600351,design
2018-05-11,27017,27062,0.976,82.087602,26797.1,1,0,0,0,0,0,0,design
2018-05-14,27132,27008,0.176,61.245006,26811.85,-1,1,1,-0.0048202492,-0.0049202492,-0.0091494364,-0.0046702492,design
2018-05-15,26991,26759,0.372,18.328133,26819.1,0,-1,-1,0.0076106043,0.0074606043,0.0064341519,0.0077606043,design
2018-05-16,26671,26843,0.956,44.546117,26822.017,1,-1,-1,-0.003181547,-0.003181547,-0.003181547,-0.003181547,design
2018-05-17,26925,26748,0.456,25.807262,26821.133,0,1,1,-0.0099585346,-0.010108535,-0.01839195,-0.0098085346,design
2018-05-18,26796,26830,0.628,57.0195,26826.717,0,1,1,0.0030656498,0.0030656498,0.0067155067,0.0030656498,design
2018-05-21,26890,26875,0.876,70.59623,26830.767,1,1,1,0.001677227,0.001677227,0.0039417829,0.001677227,design
2018-05-23,26861,27057,0.972,91.729194,26840.783,1,1,1,0.006772093,0.006772093,0.012382966,0.006772093,design
2018-05-24,27114,26974,0.06,55.407674,26842.483,-1,1,1,-0.003067598,-0.003067598,-0.0065632458,-0.003067598,design
2018-05-25,26846,27017,0.98,68.380441,26844.133,1,-1,-1,-0.011434748,-0.011584748,-0.016268064,-0.011284748,design
2018-05-28,27132,27132,0.24,87.629667,26849.133,0,1,1,-0.0046065792,-0.0047565792,-0.0013467049,-0.0044565792,design
2018-05-29,27091,26878,0.344,23.753018,26854.983,0,1,1,-0.0093616394,-0.0093616394,-0.018985464,-0.0093616394,design
2018-05-30,26763,26306,0,5.545762,26857.467,-1,1,1,-0.021281345,-0.021281345,-0.04293922,-0.021281345,design
2018-05-31,26430,26413,0.892,26.596232,26867.45,1,-1,-1,0.0050099939,0.0048599939,0.01230725,0.0051599939,design
2018-06-01,26430,26571,0.848,55.732287,26871.45,1,1,1,0.0043377907,0.0041877907,0.012829603,0.0044877907,design
2018-06-04,26613,26714,0.72,74.240358,26877.217,0,1,1,0.0053818072,0.0053818072,0.012093023,0.0053818072,design
2018-06-05,26727,26771,0.772,80.67987,26879.533,0,1,1,0.0021337127,0.0021337127,0.0045955882,0.0021337127,design
2018-06-07,26900,27008,0.868,93.724823,26880.667,1,1,1,0.0088528632,0.0088528632,0.016163464,0.0088528632,design
2018-06-08,26964,26743,0.5,37.341443,26873.433,0,1,1,-0.0098119076,-0.0098119076,-0.019507803,-0.0098119076,design
2018-06-11,26786,26979,0.604,69.7521,26868.033,0,1,1,0.0088247392,0.0088247392,0.016222834,0.0088247392,design
2018-06-12,27034,26943,0.388,60.244983,26862.4,0,1,1,-0.0013343712,-0.0013343712,-0.0021084337,-0.0013343712,design
2018-06-14,26763,26449,0.032,12.708195,26846.9,-1,1,1,-0.018335004,-0.018335004,-0.032900694,-0.018335004,design
2018-06-15,26507,26318,0.064,8.9589705,26830.067,-1,-1,-1,0.0089887274,0.0088387274,0.014324238,0.0091387274,design
2018-06-18,26309,26002,0.084,3.6969781,26811.2,-1,-1,-1,0.012014972,0.012014972,0.012014972,0.012014972,design
2018-06-19,25947,25668,0.052,1.6492591,26784.65,-1,-1,-1,0.012890654,0.012890654,0.012890654,0.012890654,design
2018-06-20,25747,25854,0.46,39.173547,26761.133,0,-1,-1,-0.0072207955,-0.0072207955,-0.0072207955,-0.0072207955,design
2018-06-21,25832,25628,0.252,20.326959,26732.117,0,-1,-1,0.0087548339,0.0087548339,0.0087548339,0.0087548339,design
2018-06-22,25394,25827,0.552,56.86951,26721.633,0,-1,-1,-0.0080763226,-0.0080763226,-0.0080763226,-0.0080763226,design
2018-06-25,25755,25814,0.66,53.654279,26707.083,0,-1,-1,0.00049057662,0.00049057662,0.00049057662,0.00049057662,design
2018-06-26,25578,25783,0.264,42.259513,26690.167,0,-1,0,0.00095435274,0.00090435274,0.00095435274,0.00095435274,design
2018-06-27,25709,25686,0.544,18.144533,26677.15,0,0,0,0,0,0,0,design
2018-06-28,25607,25461,0.084,4.9747846,26656.717,-1,0,0,0,0,0,0,design
2018-06-29,25490,25516,0.66,29.8628,26636.083,0,-1,-1,-0.0011200078,-0.0011700078,-0.0011200078,-0.0011200078,design
2018-07-02,25472,24944,0.156,4.631529,26606.967,-1,-1,-1,0.022488796,0.022488796,0.022488796,0.022488796,design
2018-07-03,25089,24978,0.168,13.336325,26579.317,-1,-1,-1,-0.0014144898,-0.0014144898,-0.0014144898,-0.0014144898,design
2018-07-04,24992,24908,0.088,9.6932243,26557.317,-1,-1,-1,0.0027986985,0.0027986985,0.0027986985,0.0027986985,design
2018-07-05,24908,24848,0.172,6.6016937,26528.267,-1,-1,-1,0.0024088646,0.0024088646,0.0024088646,0.0024088646,design
2018-07-06,24840,25025,0.276,67.589501,26504.35,0,-1,-1,-0.0071281054,-0.0071281054,-0.0071281054,-0.0071281054,design
2018-07-09,25017,25211,0.376,86.338391,26480.45,0,-1,-1,-0.0074375255,-0.0074375255,-0.0074375255,-0.0074375255,design
2018-07-10,25315,25247,0.596,88.837903,26456.7,0,-1,-1,-0.0014501099,-0.0014501099,-0.0014501099,-0.0014501099,design
2018-07-11,25066,25105,0.92,36.35918,26432,1,-1,-1,0.0056021217,0.0056021217,0.0056021217,0.0056021217,design
2018-07-12,25152,25181,0.38,61.012158,26408.65,0,1,1,-0.0010713058,-0.0012213058,0.0002038682,-0.00092130576,design
2018-07-13,25216,25430,0.692,88.981311,26386.517,0,1,1,0.0098884079,0.0098884079,0.020090059,0.0098884079,design
2018-07-16,25457,25354,0.192,61.881981,26362.767,-1,1,1,-0.0029885961,-0.0029885961,-0.0064516129,-0.0029885961,design
2018-07-17,25359,25325,0.472,50.211748,26339.15,0,-1,-1,0.0011882188,0.0010382188,0.00064852516,0.0013382188,design
2018-07-18,25457,25264,0.308,27.998505,26309.533,0,-1,-1,0.0023296548,0.0023296548,0.0023296548,0.0023296548,design
2018-07-19,25354,25194,0.456,13.892803,26276.25,0,-1,-1,0.0027257792,0.0027257792,0.0027257792,0.0027257792,design
2018-07-20,25220,25320,0.252,69.397025,26248.05,0,-1,-1,-0.0049930068,-0.0049930068,-0.0049930068,-0.0049930068,design
2018-07-23,25307,25117,0.24,22.553274,26216.75,0,-1,0,0.007925087,0.007875087,0.007925087,0.007925087,design
2018-07-24,25163,25191,0.568,48.096397,26189.233,0,0,0,0,0,0,0,design
2018-07-25,25247,25148,0.424,34.769343,26163.833,0,0,0,0,0,0,0,design
2018-07-26,25287,25315,0.428,79.30686,26135.617,0,0,0,0,0,0,0,design
2018-07-27,25349,25394,0.592,87.428026,26104.633,0,0,0,0,0,0,0,design
2018-07-30,25325,25333,0.864,54.435909,26069.7,1,0,0,0,0,0,0,design
2018-07-31,25340,25368,0.256,68.204586,26038.567,0,1,1,0.00085497238,0.00075497238,0.0028343043,0.0010049724,design
2018-08-01,25418,25457,0.472,87.466402,26010.45,0,1,1,0.003508357,0.003508357,0.0071745815,0.003508357,design
2018-08-02,25452,24997,0.02,12.043977,25978.317,-1,1,1,-0.018069686,-0.018069686,-0.034938942,-0.018069686,design
2018-08-03,25078,25193,0.936,49.299947,25951.55,1,-1,-1,-0.0017101632,-0.0018601632,0.00031253745,-0.0015601632,design
2018-08-06,25216,25158,0.196,42.821977,25925.617,-1,1,1,-0.003560979,-0.003710979,-0.0047211972,-0.003410979,design
2018-08-07,25202,25330,0.496,75.047403,25899.533,0,-1,-1,-0.0036888982,-0.0038388982,-0.0030099112,-0.0035388982,design
2018-08-08,25394,25333,0.872,75.528522,25870.717,1,-1,-1,-0.00013057537,-0.00013057537,-0.00013057537,-0.00013057537,design
2018-08-09,25333,25320,0.024,64.714431,25842.583,-1,1,1,-0.00086316465,-0.0010131646,-0.0010358711,-0.00071316465,design
2018-08-10,25266,25044,0.3,9.1409774,25814,0,-1,-1,0.0062850711,0.0061350711,0.0035899051,0.0064350711,design
2018-08-13,24867,24710,0.092,2.9693716,25778.45,-1,-1,-1,0.013425771,0.013425771,0.013425771,0.013425771,design
2018-08-14,24723,24823,0.412,33.396673,25746.367,0,-1,-1,-0.0045687914,-0.0045687914,-0.0045687914,-0.0045687914,design
2018-08-16,24520,24578,0.072,14.152385,25708.833,-1,-1,-1,0.0098121322,0.0098121322,0.0098121322,0.0098121322,design
2018-08-17,24591,24587,0.832,17.639174,25670.7,1,-1,-1,-0.00036635321,-0.00036635321,-0.00036635321,-0.00036635321,design
2018-08-20,24695,24610,0.452,31.797534,25629.917,0,1,1,-0.0081694383,-0.0083194383,-0.01050585,-0.0080194383,design
2018-08-21,24605,24877,0.96,86.335512,25594.967,1,1,1,0.010849248,0.010849248,0.02147016,0.010849248,design
2018-08-22,24903,24964,0.636,91.016819,25560.75,0,1,1,0.0034972063,0.0034972063,0.0074812968,0.0034972063,design
2018-08-23,25088,25070,0.58,95.10404,25526.383,0,1,1,0.0042461144,0.0042461144,0.0074257426,0.0042461144,design
2018-08-24,25024,25167,0.908,97.328568,25497.867,1,1,1,0.0038691663,0.0038691663,0.0087750088,0.0038691663,design
2018-08-27,25260,25292,0.848,98.76951,25480.967,1,1,1,0.0049668216,0.0049668216,0.010090466,0.0049668216,design
2018-08-28,25414,25312,0.836,98.950635,25462.617,1,1,1,0.00079076388,0.00079076388,0.0013778849,0.00079076388,design
2018-08-29,25344,25386,0.944,99.497734,25442.867,1,1,1,0.0029235145,0.0029235145,0.0048159615,0.0029235145,design
2018-08-30,25421,25399,0.964,99.575496,25420.95,1,1,1,0.00051209328,0.00051209328,0.0017117426,0.00051209328,design
2018-08-31,25283,25498,0.912,99.873586,25399.733,1,1,1,0.0038977913,0.0038977913,0.0071770335,0.0038977913,design
2018-09-03,25486,25349,0.176,32.075373,25372.083,-1,1,1,-0.0058435956,-0.0058435956,-0.012215813,-0.0058435956,design
2018-09-04,25359,25461,0.812,66.382907,25350.717,1,-1,-1,-0.0039793345,-0.0041293345,-0.0023193837,-0.0038293345,design
2018-09-05,25378,25134,0.732,16.808691,25319.967,0,1,1,-0.0067360818,-0.0068860818,-0.0163439,-0.0065860818,design
2018-09-06,25075,25097,0.304,14.378707,25289.2,0,1,1,-0.0014721095,-0.0014721095,-0.0038434661,-0.0014721095,design
2018-09-07,24907,24952,0.24,6.7407765,25264.25,0,1,1,-0.005777583,-0.005777583,-0.010522624,-0.005777583,design
2018-09-10,24944,25006,0.904,33.178665,25242.383,1,1,1,0.0021641552,0.0021641552,0.0035448423,0.0021641552,design
2018-09-11,24991,24928,0.392,18.2404,25224.483,0,1,1,-0.0031192514,-0.0031192514,-0.0052984811,-0.0031192514,design
2018-09-12,24952,24903,0.332,14.155059,25211.733,0,1,1,-0.0010028883,-0.0010028883,-0.0028409091,-0.0010028883,design
2018-09-13,24919,24937,0.412,46.653792,25196.45,0,1,1,0.0013652974,0.0013652974,0.0032051282,0.0013652974,design
2018-09-14,25101,25333,0.884,94.566803,25191.533,1,1,1,0.015880018,0.015880018,0.031948882,0.015880018,design
2018-09-17,25256,25134,0.66,49.70168,25179.983,0,1,1,-0.0078553665,-0.0078553665,-0.016511868,-0.0078553665,design
2018-09-18,24964,25242,0.96,66.798843,25170.45,1,1,1,0.0042969683,0.0042969683,0.0094438615,0.0042969683,design
2018-09-19,25364,25264,0.772,70.837396,25161.8,0,1,1,0.00087156327,0.00087156327,0.00069300069,0.00087156327,design
2018-09-20,25349,25503,0.984,91.994634,25158.75,1,1,1,0.0094601013,0.0094601013,0.01800554,0.0094601013,design
2018-09-21,25574,25604,0.956,95.037517,25161.133,1,1,1,0.0039603184,0.0039603184,0.0088435374,0.0039603184,design
2018-09-27,25554,25802,0.964,98.007286,25165.9,1,1,1,0.0077331667,0.0077331667,0.015171949,0.0077331667,design
2018-09-28,25837,25637,0.14,49.067257,25177.45,-1,1,1,-0.0063948531,-0.0063948531,-0.01129193,-0.0063948531,design
2018-10-01,25680,25632,0.292,47.625921,25188.35,0,-1,-1,0.0031995573,0.0030495573,0.0052210604,0.0033495573,design
2018-10-02,25612,25325,0.028,10.33725,25195.3,-1,-1,-1,0.011994703,0.011994703,0.011994703,0.011994703,design
2018-10-04,25359,24933,0.008,3.4463784,25196.717,-1,-1,-1,0.01543367,0.01543367,0.01543367,0.01543367,design
2018-10-05,24894,24894,0.28,3.042781,25194.533,0,-1,-1,0.001564192,0.001564192,0.001564192,0.001564192,design
2018-10-08,24778,24768,0.588,1.7321046,25187.15,0,-1,-1,0.0050652218,0.0050652218,0.0050652218,0.0050652218,design
2018-10-10,24814,24610,0.04,0.83262557,25176.533,-1,-1,-1,0.0063486617,0.0063486617,0.0063486617,0.0063486617,design
2018-10-11,23995,23591,0.96,0.10815719,25151.3,1,-1,-1,0.042247433,0.042247433,0.042247433,0.042247433,design
2018-10-12,23578,23821,0.836,28.278992,25128.633,1,1,1,0.010512955,0.010362955,0.01728073,0.010662955,design
2018-10-15,23755,23689,0.692,21.363559,25099.617,0,1,1,-0.0055413291,-0.0055413291,-0.016003123,-0.0055413291,design
2018-10-16,23791,23625,0.2,17.268607,25070.8,-1,1,1,-0.0027016759,-0.0027016759,-0.0039666799,-0.0027016759,design
2018-10-17,23914,23933,0.648,70.919537,25047.6,0,-1,-1,0.011078571,0.010928571,0.022333433,0.011228571,design
2018-10-18,23844,23720,0.144,37.386186,25021.867,-1,-1,-1,0.0089385235,0.0089385235,0.0089385235,0.0089385235,design
2018-10-19,23540,23813,0.392,55.684171,24998.85,0,-1,-1,-0.0040967547,-0.0040967547,-0.0040967547,-0.0040967547,design
2018-10-22,23646,23858,0.28,65.454062,24974.483,0,-1,-1,-0.0020154748,-0.0020154748,-0.0020154748,-0.0020154748,design
2018-10-23,23689,23304,0.232,10.182287,24944.267,0,-1,-1,0.023450971,0.023450971,0.023450971,0.023450971,design
2018-10-24,23430,23187,0.216,7.5053245,24910.867,0,-1,-1,0.0049084461,0.0049084461,0.0049084461,0.0049084461,design
2018-10-25,22706,22815,0.756,2.8090901,24871.983,0,-1,0,0.015744306,0.015694306,0.015744306,0.015744306,design
2018-10-26,22844,22456,0.724,1.2724014,24824.333,0,0,0,0,0,0,0,design
2018-10-29,22536,22270,0.868,0.81207565,24772.267,1,0,0,0,0,0,0,design
2018-10-30,22247,22426,0.712,38.271896,24723.817,0,1,1,0.0077960287,0.0076960287,0.023279412,0.0079460287,design
2018-10-31,22490,22528,0.544,58.67906,24676.483,0,1,1,0.0045482922,0.0045482922,0.0048629531,0.0045482922,design
2018-11-01,22568,22435,0.548,36.6091,24626.117,0,1,1,-0.004128196,-0.004128196,-0.0061592609,-0.004128196,design
2018-11-02,22725,23282,0.668,91.925672,24597.533,0,1,1,0.03775351,0.03775351,0.072598495,0.03775351,design
2018-11-05,23181,23029,0.508,60.425368,24561.467,0,1,0,-0.011116764,-0.011216764,-0.019647441,-0.010966764,design
2018-11-06,23150,23190,0.504,72.443507,24528.667,0,0,0,0,0,0,0,design
2018-11-07,23185,23071,0.676,49.998191,24491.017,0,0,0,0,0,0,0,design
2018-11-08,23442,23266,0.924,75.190326,24456.567,1,0,0,0,0,0,0,design
2018-11-09,23262,23127,0.736,43.759247,24420.017,0,1,1,-0.0060534563,-0.0061534563,-0.008942053,-0.0059034563,design
2018-11-12,22956,23185,0.892,58.304709,24389.033,1,1,1,0.0025078912,0.0025078912,0.0054279749,0.0025078912,design
2018-11-13,22836,23011,0.448,22.848723,24360.717,0,1,1,-0.0075048523,-0.0075048523,-0.015365449,-0.0075048523,design
2018-11-14,23033,22952,0.376,16.177232,24329.533,0,1,1,-0.0025639911,-0.0025639911,-0.0059046816,-0.0025639911,design
2018-11-15,22929,23181,0.184,74.339427,24306.25,-1,1,1,0.009977344,0.009977344,0.020364871,0.009977344,design
2018-11-16,23278,23163,0.844,67.028001,24282.517,1,-1,-1,0.0087954208,0.0086454208,0.013783088,0.0089454208,design
2018-11-19,23204,23244,0.34,82.509776,24259.75,0,1,1,-0.00039927492,-0.00054927492,0.00036309472,-0.00024927492,design
2018-11-20,22998,23016,0.608,22.646655,24228.733,0,1,1,-0.009808983,-0.009808983,-0.019851117,-0.009808983,design
2018-11-21,22719,22903,0.28,13.173068,24194.383,0,1,1,-0.0049096281,-0.0049096281,-0.0084388186,-0.0049096281,design
2018-11-22,22912,22878,0.396,11.115593,24157.85,0,1,1,-0.0010915601,-0.0010915601,-0.0034042553,-0.0010915601,design
2018-11-23,22869,22729,0.556,3.8841793,24117.217,0,1,0,-0.0067628071,-0.0068628071,-0.013913535,-0.0066128071,design
2018-11-26,22791,23040,0.8,74.133074,24079.683,1,0,0,0,0,0,0,design
2018-11-27,23123,23216,0.916,85.843649,24044.75,1,1,1,0.0037719695,0.0036719695,0.007268797,0.0039219695,design
2018-11-28,23300,23359,0.636,91.843899,24010.967,0,1,1,0.0061595451,0.0061595451,0.010779436,0.0061595451,design
2018-11-29,23680,23405,0.684,93.591449,23977.733,0,1,1,0.0019692624,0.0019692624,0.004511895,0.0019692624,design
2018-11-30,23462,23185,0.292,30.691038,23939.183,0,1,1,-0.0093997009,-0.0093997009,-0.018374847,-0.0093997009,design
2018-12-03,23518,23591,0.968,80.086866,23909.883,1,1,1,0.017511322,0.017511322,0.03452579,0.017511322,design
2018-12-04,23497,23325,0.408,41.412743,23874.283,0,1,1,-0.011275486,-0.011275486,-0.02291918,-0.011275486,design
2018-12-05,23025,23185,0.296,27.45624,23841.8,0,1,1,-0.0060021436,-0.0060021436,-0.012345679,-0.0060021436,design
2018-12-06,23071,22841,0.032,10.336806,23804.2,-1,1,1,-0.014837179,-0.014837179,-0.029583333,-0.014837179,design
2018-12-07,22937,22915,0.452,29.30205,23770.25,0,-1,-1,0.0048161486,0.0046661486,0.010064323,0.0049661486,design
2018-12-10,22610,22703,0.324,13.247263,23731.867,0,-1,-1,0.0091420874,0.0091420874,0.0091420874,0.0091420874,design
2018-12-11,22734,22648,0.064,10.314844,23693.867,-1,-1,-1,0.0024122566,0.0024122566,0.0024122566,0.0024122566,design
2018-12-12,22734,22942,0.44,73.359871,23661.183,0,-1,-1,-0.012911794,-0.012911794,-0.012911794,-0.012911794,design
2018-12-13,22942,23062,0.588,83.073213,23629.933,0,-1,-1,-0.0052305815,-0.0052305815,-0.0052305815,-0.0052305815,design
2018-12-14,23049,22693,0.272,25.62113,23585.933,0,-1,-1,0.01601776,0.01601776,0.01601776,0.01601776,design
2018-12-17,22765,22756,0.532,39.83025,23546.3,0,-1,-1,-0.0027786952,-0.0027786952,-0.0027786952,-0.0027786952,design
2018-12-18,22641,22676,0.536,26.818585,23503.533,0,-1,0,0.0033999319,0.0033499319,0.0033999319,0.0033999319,design
2018-12-19,22734,22826,0.708,67.110103,23462.9,0,0,0,0,0,0,0,design
2018-12-20,22693,22627,0.724,27.271143,23414.967,0,0,0,0,0,0,0,design
2018-12-21,22576,22605,0.472,24.106957,23364.983,0,0,0,0,0,0,0,design
2018-12-24,22568,22614,0.796,30.686924,23311.85,0,0,0,0,0,0,0,design
2018-12-26,22341,22318,0.92,4.5781097,23256.533,1,0,0,0,0,0,0,design
2018-12-27,22623,22595,0.388,63.191663,23205.917,0,1,1,-0.0014876785,-0.0015876785,-0.0059492547,-0.0013376785,design
2018-12-28,22652,22688,0.676,73.940286,23161.967,0,1,1,0.0041159549,0.0041159549,0.0092592593,0.0041159549,design
2019-01-02,22859,22426,0.048,27.951173,23120.183,-1,1,1,-0.011547955,-0.011547955,-0.024901704,-0.011547955,design
2019-01-03,22421,22210,0.452,13.799308,23075.45,0,-1,-1,0.0088357665,0.0086857665,0.0067995953,0.0089857665,design
2019-01-04,22201,22377,0.428,51.651418,23035.6,0,-1,-1,-0.0075255604,-0.0075255604,-0.0075255604,-0.0075255604,design
2019-01-07,22660,22698,0.404,82.013838,23003.733,0,-1,-1,-0.01430267,-0.01430267,-0.01430267,-0.01430267,design
2019-01-08,22708,22552,0.472,52.19637,22986.417,0,-1,-1,0.0064262315,0.0064262315,0.0064262315,0.0064262315,design
2019-01-09,22645,23016,0.98,85.561686,22973,1,-1,0,-0.020539549,-0.020589549,-0.020539549,-0.020539549,design
2019-01-10,23038,23006,0.752,83.062763,22961.617,0,1,1,-0.0016390095,-0.0017390095,-0.0019506803,-0.0014890095,design
2019-01-11,23107,23147,0.832,90.712257,22953.65,1,1,1,0.006128836,0.006128836,0.014480409,0.006128836,design
2019-01-14,23103,22947,0.52,39.764424,22937.217,0,1,1,-0.0086404286,-0.0086404286,-0.018891688,-0.0086404286,design
2019-01-15,23033,23409,0.956,83.243632,22932.033,1,1,1,0.020133351,0.020133351,0.039794608,0.020133351,design
2019-01-16,23400,23510,0.736,87.263333,22926.983,0,1,1,0.0043145799,0.0043145799,0.0086419753,0.0043145799,design
2019-01-17,23560,23560,0.852,89.707875,22922.017,1,1,1,0.0021267546,0.0021267546,0.0044879641,0.0021267546,design
2019-01-18,23693,23739,0.708,95.665041,22929.267,0,1,1,0.0075976231,0.0075976231,0.01584078,0.0075976231,design
2019-01-21,23898,23751,0.588,95.977231,22938.667,0,1,1,0.00050549728,0.00050549728,0.00079968013,0.00050549728,design
2019-01-22,23775,23632,0.732,39.523954,22952.283,0,1,1,-0.0050103154,-0.0050103154,-0.010787056,-0.0050103154,design
2019-01-23,23543,23770,0.892,74.420251,22974.183,1,1,1,0.0058395396,0.0058395396,0.010904685,0.0058395396,design
2019-01-24,23755,23966,0.472,90.307362,23002.45,0,1,1,0.0082456878,0.0082456878,0.016380344,0.0082456878,design
2019-01-25,24040,24400,0.956,97.415644,23035.35,1,1,1,0.018108988,0.018108988,0.038522013,0.018108988,design
2019-01-28,24448,24386,0.436,93.014732,23066.317,0,1,1,-0.00057377049,-0.00057377049,-0.0011355034,-0.00057377049,design
2019-01-29,24351,24506,0.616,96.063433,23100.833,0,1,1,0.0049208562,0.0049208562,0.0094732853,0.0049208562,design
2019-01-30,24491,24803,0.724,98.754414,23126.183,0,1,1,0.012119481,0.012119481,0.025525526,0.012119481,design
2019-01-31,25039,24777,0.144,88.198386,23155.317,-1,1,1,-0.0010482603,-0.0010482603,-0.0025622255,-0.0010482603,design
2019-02-01,24862,24752,0.188,73.159623,23181.35,-1,-1,-1,0.0075202022,0.0073702022,0.011077749,0.0076702022,design
2019-02-07,24893,24752,0.4,73.159623,23209.367,0,-1,-1,-6.4532826e-05,-6.4532826e-05,-6.4532826e-05,-6.4532826e-05,design
2019-02-08,24621,24400,0.228,6.8997947,23228.267,0,-1,-1,0.014316085,0.014316085,0.014316085,0.014316085,design
2019-02-11,24405,24444,0.272,24.08796,23250.217,0,-1,-1,-0.0018026238,-0.0018026238,-0.0018026238,-0.0018026238,design
2019-02-12,24448,24577,0.264,64.126646,23273.417,0,-1,-1,-0.0054392811,-0.0054392811,-0.0054392811,-0.0054392811,design
2019-02-13,24690,24702,0.32,81.98604,23301.6,0,-1,0,-0.0051815868,-0.0052315868,-0.0051815868,-0.0051815868,design
2019-02-14,24626,24941,0.524,93.796337,23334.75,0,0,0,0,0,0,0,design
2019-02-15,24834,24612,0.484,33.43886,23358.6,0,0,0,0,0,0,0,design
2019-02-18,24733,24789,0.504,60.670396,23385.7,0,0,0,0,0,0,0,design
2019-02-19,24743,24678,0.476,40.095842,23409.6,0,0,0,0,0,0,0,design
2019-02-20,24841,24959,0.52,77.951987,23441.983,0,0,0,0,0,0,0,design
2019-02-21,24876,24959,0.34,77.951987,23476.25,0,0,0,0,0,0,0,design
2019-02-22,24915,24972,0.668,80.260406,23511.15,0,0,0,0,0,0,0,design
2019-02-25,25116,25024,0.028,89.257932,23549.4,-1,0,0,0,0,0,0,design
2019-02-26,25011,24933,0.576,34.39163,23580.95,0,-1,-1,0.0030186278,0.0029686278,0.0030186278,0.0030186278,design
2019-02-27,25016,25011,0.456,68.054524,23610.867,0,-1,-1,-0.0031297148,-0.0031297148,-0.0031297148,-0.0031297148,design
2019-02-28,24972,24589,0.352,10.387023,23631.367,0,-1,-1,0.016920407,0.016920407,0.016920407,0.016920407,design
2019-03-04,24760,24469,0.18,7.0091764,23649.1,-1,-1,-1,0.0047167649,0.0047167649,0.0047167649,0.0047167649,design
2019-03-05,24390,24302,0.084,3.6790942,23667.717,-1,-1,-1,0.0068482598,0.0068482598,0.0068482598,0.0068482598,design
2019-03-06,24284,24231,0.144,2.6204749,23678.383,-1,-1,-1,0.0029248033,0.0029248033,0.0029248033,0.0029248033,design
2019-03-07,24214,24157,0.448,1.6380074,23692.25,0,-1,-1,0.0030572422,0.0030572422,0.0030572422,0.0030572422,design
2019-03-08,24050,23830,0.12,0.37974163,23703,-1,-1,-1,0.013617485,0.013617485,0.013617485,0.013617485,design
2019-03-11,23859,23845,0.12,6.9381959,23719.733,-1,-1,-1,-0.00063088684,-0.00063088684,-0.00063088684,-0.00063088684,design
2019-03-12,24012,24090,0.296,70.462151,23739.317,0,-1,-1,-0.01022919,-0.01022919,-0.01022919,-0.01022919,design
2019-03-13,24017,23914,0.176,35.574106,23759.5,-1,-1,-1,0.0073319278,0.0073319278,0.0073319278,0.0073319278,design
2019-03-14,23991,23978,0.228,52.631355,23781.667,0,-1,-1,-0.0026797461,-0.0026797461,-0.0026797461,-0.0026797461,design
2019-03-15,23954,24259,0.936,85.753376,23803.617,1,-1,-1,-0.011744565,-0.011744565,-0.011744565,-0.011744565,design
2019-03-18,24310,24280,0.428,87.101439,23823.917,0,1,1,-0.0036837782,-0.0038337782,-0.0062771408,-0.0035337782,design
2019-03-19,24306,24255,0.24,71.086178,23849.95,0,1,1,-0.001029654,-0.001029654,-0.00076952674,-0.001029654,design
2019-03-20,24190,24284,0.152,79.732018,23875.417,-1,1,1,0.0011956298,0.0011956298,0.0019252984,0.0011956298,design
2019-03-21,24331,24448,0.856,95.374751,23904.95,1,-1,-1,-0.0032325564,-0.0033825564,-0.0017164351,-0.0030825564,design
2019-03-22,24573,24506,0.776,97.008062,23932.95,0,1,1,-0.0081755218,-0.0083255218,-0.0095770875,-0.0080255218,design
2019-03-25,24186,24031,0.06,14.299507,23956.35,-1,1,1,-0.019383008,-0.019383008,-0.040392601,-0.019383008,design
2019-03-26,24082,24050,0.34,19.771686,23980.433,0,-1,-1,0.0031038721,0.0029538721,0.0080692411,0.0032538721,design
2019-03-27,23995,24045,0.496,19.128833,24004.283,0,-1,-1,0.00019836946,0.00019836946,0.00019836946,0.00019836946,design
2019-03-28,23901,23911,0.148,6.9743484,24030.833,-1,-1,-1,0.0055678729,0.0055678729,0.0055678729,0.0055678729,design
2019-03-29,23929,24054,0.244,60.518024,24055.15,0,-1,-1,-0.0059726462,-0.0059726462,-0.0059726462,-0.0059726462,design
2019-04-01,24171,24371,0.976,88.884174,24083.2,1,-1,-1,-0.013098187,-0.013098187,-0.013098187,-0.013098187,design
2019-04-02,24422,24465,0.86,92.205376,24117.183,1,1,1,-0.00068562809,-0.00083562809,0.00021843516,-0.00053562809,design
2019-04-03,24491,24825,0.964,97.62976,24160.767,1,1,1,0.014714899,0.014714899,0.030015198,0.014714899,design
2019-04-04,24822,24849,0.816,97.831017,24201.967,1,1,1,0.00096676737,0.00096676737,0.0029509406,0.00096676737,design
2019-04-05,24852,24897,0.652,98.38092,24238.617,0,1,1,0.0019316673,0.0019316673,0.004045605,0.0019316673,design
2019-04-08,24986,24839,0.476,61.003915,24276.733,0,1,1,-0.0023295979,-0.0023295979,-0.0051282051,-0.0023295979,design
2019-04-09,24866,24879,0.64,74.412511,24307.783,0,1,1,0.0016103708,0.0016103708,0.0040500736,0.0016103708,design
2019-04-10,24789,25006,0.708,91.962248,24341.117,0,1,1,0.0051047068,0.0051047068,0.0091675834,0.0051047068,design
2019-04-11,25039,24952,0.028,58.084071,24371.2,-1,1,0,-0.0024094817,-0.0025094817,-0.004247093,-0.0022594817,design
2019-04-12,24933,25011,0.684,76.777946,24405.6,0,-1,-1,-0.0032283841,-0.0032783841,-0.0032283841,-0.0032283841,design
2019-04-15,25092,25116,0.356,91.024961,24434.05,0,-1,-1,-0.0041919575,-0.0041919575,-0.0041919575,-0.0041919575,design
2019-04-16,25078,25212,0.76,95.770184,24462.417,0,-1,-1,-0.0038384334,-0.0038384334,-0.0038384334,-0.0038384334,design
2019-04-17,25225,25194,0.68,79.923876,24489.65,0,-1,-1,0.00071267839,0.00071267839,0.00071267839,0.00071267839,design
2019-04-18,25216,24794,0.024,9.5673009,24507.233,-1,-1,0,0.015747569,0.015697569,0.015747569,0.015747569,design
2019-04-19,24889,24798,0.152,11.131903,24524.683,-1,-1,-1,0.0035562337,0.0035062337,0.0035562337,0.0035562337,design
2019-04-22,24808,24803,0.844,14.816371,24544.2,1,-1,-1,-0.00020179172,-0.00020179172,-0.00020179172,-0.00020179172,design
2019-04-23,24798,24846,0.596,50.275481,24562.133,0,1,1,0.0017876187,0.0016376187,0.003547825,0.0019376187,design
2019-04-24,24944,24577,0.024,8.0982714,24572.317,-1,1,1,-0.010826692,-0.010826692,-0.021723122,-0.010826692,design
2019-04-25,24547,24539,0.496,6.546603,24574.633,0,-1,-1,-0.0012451459,-0.0013951459,-0.00040058157,-0.0010951459,design
2019-04-26,24422,24390,0.664,2.6159355,24574.7,0,-1,-1,0.0060844618,0.0060844618,0.0060844618,0.0060844618,design
2019-04-29,24488,24883,0.876,80.418247,24580.983,1,-1,-1,-0.020083577,-0.020083577,-0.020083577,-0.020083577,design
2019-04-30,24883,24727,0.056,53.412542,24579.717,-1,1,1,-0.0066193405,-0.0067693405,-0.011043215,-0.0064693405,design
2019-05-02,24638,24837,0.72,68.384979,24580.717,0,-1,-1,-0.011997187,-0.012147187,-0.019148448,-0.011847187,design
2019-05-03,24821,24615,0.04,29.768576,24578.433,-1,-1,-1,0.0089489706,0.0089489706,0.0089489706,0.0089489706,design
2019-05-07,24395,24418,0.784,14.867934,24572.867,0,-1,-1,0.0079863969,0.0079863969,0.0079863969,0.0079863969,design
2019-05-08,24102,24309,0.72,9.5680952,24571.35,0,-1,-1,0.0042416278,0.0042416278,0.0042416278,0.0042416278,design
2019-05-09,24204,23596,0.008,1.6894536,24557.217,-1,-1,-1,0.029547705,0.029547705,0.029547705,0.029547705,design
2019-05-10,23708,23637,0.58,10.194078,24541.55,0,-1,-1,-0.0017660124,-0.0017660124,-0.0017660124,-0.0017660124,design
2019-05-13,23459,23359,0.544,4.6909667,24519.167,0,-1,-1,0.011825424,0.011825424,0.011825424,0.011825424,design
2019-05-14,23107,23317,0.8,4.0331053,24492.1,1,-1,-1,0.0016019337,0.0016019337,0.0016019337,0.0016019337,design
2019-05-15,23396,23427,0.364,44.674618,24472.35,0,1,1,-0.0024175624,-0.0025675624,0.0025299135,-0.0022675624,design
2019-05-16,23391,23098,0.192,12.643983,24444.167,-1,1,1,-0.014043625,-0.014043625,-0.027083333,-0.014043625,design
2019-05-17,23201,22944,0.252,7.565758,24415.267,0,-1,-1,0.015235765,0.015085765,0.021552345,0.015385765,design
2019-05-20,23025,23005,0.332,29.877152,24382.7,0,-1,-1,-0.0026647802,-0.0026647802,-0.0026647802,-0.0026647802,design
2019-05-21,23005,23119,0.7,63.135762,24352.033,0,-1,-1,-0.0049554445,-0.0049554445,-0.0049554445,-0.0049554445,design
2019-05-22,23178,23169,0.456,73.96675,24321.983,0,-1,-1,-0.0021647052,-0.0021647052,-0.0021647052,-0.0021647052,design
2019-05-23,23169,23140,0.552,55.165447,24290.583,0,-1,0,0.0011516725,0.0011016725,0.0011516725,0.0011516725,design
2019-05-24,23048,22970,0.58,13.860281,24257.867,0,0,0,0,0,0,0,design
2019-05-27,22944,22988,0.32,25.649258,24224.15,0,0,0,0,0,0,0,design
2019-05-28,22979,23025,0.64,52.419839,24198.083,0,0,0,0,0,0,0,design
2019-05-29,22949,22710,0.028,7.3512712,24168.767,-1,0,0,0,0,0,0,design
2019-05-30,22759,22917,0.8,56.502382,24145.683,1,-1,-1,-0.0070423085,-0.0070923085,-0.0070423085,-0.0070423085,design
2019-05-31,22875,22879,0.632,47.291163,24123.15,0,1,1,0.0016578845,0.0015078845,0.0019221009,0.0018078845,design
2019-06-03,22841,23256,1,87.553202,24108.133,1,1,1,0.016477993,0.016477993,0.034633932,0.016477993,design
2019-06-04,23237,23210,0.672,73.797027,24097.8,0,1,1,-0.0019779842,-0.0019779842,-0.0038135593,-0.0019779842,design
2019-06-05,23431,23237,0.348,77.877383,24087.667,0,1,1,0.0011632917,0.0011632917,0.0017014037,0.0011632917,design
2019-06-07,23237,23247,0.752,80.165296,24073.617,0,1,1,0.00043034815,0.00043034815,0.0012738854,0.00043034815,design
2019-06-10,23368,23587,0.996,97.530704,24068.167,1,1,1,0.014625543,0.014625543,0.02841391,0.014625543,design
2019-06-11,23542,23722,0.912,98.543407,24063.9,1,1,1,0.0057234918,0.0057234918,0.010721649,0.0057234918,design
2019-06-12,23717,23637,0.792,64.983165,24053.533,0,1,1,-0.0035831717,-0.0035831717,-0.0069359445,-0.0035831717,design
2019-06-13,23550,23444,0.624,25.518049,24039.6,0,1,1,-0.0081651648,-0.0081651648,-0.015201315,-0.0081651648,design
2019-06-14,23444,23439,0.796,24.73957,24026,0,1,1,-0.00021327419,-0.00021327419,-0.0008343763,-0.00021327419,design
2019-06-17,23418,23454,0.74,36.383983,24012.167,0,1,1,0.00063995904,0.00063995904,0.00083507307,0.00063995904,design
2019-06-18,23435,23568,0.956,81.020161,23997.5,1,1,0,0.0046105782,0.0045105782,0.0089281393,0.0047605782,design
2019-06-19,23833,23864,0.828,95.912738,23986.8,1,1,1,0.0010507175,0.00095071749,0.0050110279,0.0012007175,design
2019-06-20,23873,23947,0.716,97.161706,23985.4,0,1,1,0.0034780422,0.0034780422,0.0064412238,0.0034780422,design
2019-06-21,23958,23883,0.324,66.040281,23982.617,0,1,1,-0.0026725686,-0.0026725686,-0.0056,-0.0026725686,design
2019-06-24,23902,23920,0.608,75.218273,23980.533,0,1,1,0.0015492191,0.0015492191,0.0024135157,0.0015492191,design
2019-06-25,23898,23886,0.688,50.256209,23980.117,0,1,1,-0.0014214047,-0.0014214047,-0.0024077047,-0.0014214047,design
2019-06-26,23854,23911,0.892,66.57075,23977.733,1,1,0,0.0007966382,0.0006966382,0.0017612631,0.0009466382,design
2019-06-27,23979,24204,0.992,96.152095,23974.95,1,1,1,0.0091332103,0.0090332103,0.019342163,0.0092832103,design
2019-06-28,24204,24142,0.464,69.954518,23969.567,0,1,1,-0.0025615601,-0.0025615601,-0.0043137255,-0.0025615601,design
2019-07-01,24325,24147,0.084,71.21929,23958.267,-1,1,1,0.00020710794,0.00020710794,0.0011815675,0.00020710794,design
2019-07-02,24043,24010,0.472,21.537098,23944.283,0,-1,-1,-0.0032903238,-0.0034403238,-0.0096135955,-0.0031403238,design
2019-07-03,23993,23704,0.06,5.232198,23924.4,-1,-1,-1,0.012761747,0.012761747,0.012761747,0.012761747,design
2019-07-04,23729,23902,0.852,52.130854,23908.783,1,-1,-1,-0.008337642,-0.008337642,-0.008337642,-0.008337642,design
2019-07-05,23907,23869,0.256,44.749055,23891.95,0,1,1,-0.0021483476,-0.0022983476,-0.0041728892,-0.0019983476,design
2019-07-08,23694,23368,0.036,8.4439642,23864.65,-1,1,1,-0.020989568,-0.020989568,-0.042724708,-0.020989568,design
2019-07-09,23439,23321,0.456,7.3284259,23837.467,0,-1,-1,0.0077379836,0.0075879836,0.010608757,0.0078879836,design
2019-07-10,23410,23410,0.684,38.232715,23810.783,0,-1,-1,-0.0038163029,-0.0038163029,-0.0038163029,-0.0038163029,design
2019-07-11,23547,23694,0.988,80.255248,23787.083,1,-1,-1,-0.012058499,-0.012058499,-0.012058499,-0.012058499,design
2019-07-12,23662,23745,0.38,84.132429,23762.633,0,1,1,0.0045130242,0.0043630242,0.0051010875,0.0046630242,design
2019-07-15,23670,23732,0.576,76.476538,23738.267,0,1,1,-0.00054748368,-0.00054748368,-0.0020391517,-0.00054748368,design
2019-07-16,23763,23836,0.544,90.421924,23722.3,0,1,1,0.0043822687,0.0043822687,0.010216592,0.0043822687,design
2019-07-17,23699,23625,0.084,26.5516,23702.75,-1,1,1,-0.0088521564,-0.0088521564,-0.020226537,-0.0088521564,design
2019-07-18,23587,23572,0.484,19.597399,23682.233,0,-1,-1,-0.001323545,-0.001473545,-0.0059112238,-0.001173545,design
2019-07-19,23704,23902,0.936,81.133033,23666.5,1,-1,-1,-0.013906109,-0.013906109,-0.013906109,-0.013906109,design
2019-07-22,23836,23895,0.72,78.581558,23655.133,0,1,1,0.0048933576,0.0047433576,0.0089253558,0.0050433576,design
2019-07-23,23952,24010,0.936,89.46613,23646.317,1,1,1,0.0048127223,0.0048127223,0.010084712,0.0048127223,design
2019-07-24,23955,23781,0.084,29.586245,23636.167,-1,1,1,-0.0095376926,-0.0095376926,-0.01956869,-0.0095376926,design
2019-07-25,23845,23737,0.08,23.533459,23617.067,-1,-1,-1,0.0068826647,0.0067326647,0.011135258,0.0070326647,design
2019-07-26,23629,23686,0.384,15.962939,23599.717,0,-1,-1,0.0021265933,0.0021265933,0.0021265933,0.0021265933,design
2019-07-29,23647,23368,0.132,3.1851434,23575.233,-1,-1,-1,0.013464506,0.013464506,0.013464506,0.013464506,design
2019-07-30,23444,23431,0.78,26.497599,23555.5,0,-1,-1,-0.0026996014,-0.0026996014,-0.0026996014,-0.0026996014,design
2019-07-31,23352,23196,0.196,9.4756073,23535.133,-1,-1,-1,0.010074495,0.010074495,0.010074495,0.010074495,design
2019-08-01,23052,23168,0.728,8.2176355,23516.117,0,-1,-1,0.0011446264,0.0011446264,0.0011446264,0.0011446264,design
2019-08-02,22921,22909,0.428,2.37776,23504.667,0,-1,-1,0.011190376,0.011190376,0.011190376,0.011190376,design
2019-08-05,22794,22411,0.672,0.63698194,23484.233,0,-1,-1,0.021906876,0.021906876,0.021906876,0.021906876,design
2019-08-06,21903,22097,0.864,0.33120579,23463.2,1,-1,-1,0.013609435,0.013609435,0.013609435,0.013609435,design
2019-08-07,22097,21965,0.112,0.23596885,23440.667,-1,1,1,-0.0063236616,-0.0064736616,-0.016836105,-0.0061736616,design
2019-08-08,22149,22058,0.132,29.002599,23417.85,-1,-1,-1,0.012169918,0.012019918,0.021070754,0.012319918,design
2019-08-09,22196,22215,0.32,64.025677,23403.133,0,-1,-1,-0.0071068883,-0.0071068883,-0.0071068883,-0.0071068883,design
2019-08-12,22232,22248,0.5,70.204513,23391.533,0,-1,-1,-0.0014843813,-0.0014843813,-0.0014843813,-0.0014843813,design
2019-08-13,22154,22020,0.54,20.811406,23375.117,0,-1,-1,0.010299224,0.010299224,0.010299224,0.010299224,design
2019-08-14,22238,22177,0.348,59.781069,23359.417,0,-1,-1,-0.0071841949,-0.0071841949,-0.0071841949,-0.0071841949,design
2019-08-16,22043,22102,0.604,40.66267,23341.633,0,-1,0,0.0032495367,0.0031995367,0.0032495367,0.0032495367,design
2019-08-19,22243,22243,0.532,73.058783,23326.683,0,0,0,0,0,0,0,design
2019-08-20,22232,22462,0.384,90.006881,23318.217,0,0,0,0,0,0,0,design
2019-08-21,22416,22505,0.52,91.986495,23310.167,0,0,0,0,0,0,0,design
2019-08-22,22526,22324,0.348,34.481489,23298.483,0,0,0,0,0,0,0,design
2019-08-23,22232,22302,0.776,29.932647,23291.683,0,0,0,0,0,0,0,design
2019-08-26,21913,21978,0.836,6.1266072,23276.033,1,0,0,0,0,0,0,design
2019-08-27,22085,22043,0.236,28.83581,23262.1,0,1,1,-0.0021517433,-0.0022517433,-0.0016751781,-0.0020017433,design
2019-08-28,22126,22258,0.308,72.632822,23245.467,0,1,1,0.0097536633,0.0097536633,0.018553758,0.0097536633,design
2019-08-29,22268,22140,0.18,43.348685,23227.633,-1,1,1,-0.0053014646,-0.0053014646,-0.010275572,-0.0053014646,design
2019-08-30,22281,22505,0.836,83.787285,23215.433,1,-1,-1,-0.0040988708,-0.0042488708,0.0040790567,-0.0039488708,design
2019-09-02,22475,22545,0.18,85.980651,23203.733,-1,1,1,0.0041017607,0.0039517607,0.008795181,0.0042517607,design
2019-09-03,22484,22457,0.224,53.897517,23184.9,0,-1,-1,-0.0018580949,-0.0020080949,-0.0041642687,-0.0017080949,design
2019-09-04,22441,22789,0.152,87.917175,23169.35,-1,-1,-1,-0.014805906,-0.014805906,-0.014805906,-0.014805906,design
2019-09-05,22830,22990,0.416,93.618781,23158.567,0,-1,-1,-0.0087948272,-0.0087948272,-0.0087948272,-0.0087948272,design
2019-09-06,23147,23097,0.42,95.75264,23152.783,0,-1,-1,-0.0046837005,-0.0046837005,-0.0046837005,-0.0046837005,design
2019-09-09,23147,23281,0.636,98.024552,23150.15,0,-1,-1,-0.0079413383,-0.0079413383,-0.0079413383,-0.0079413383,design
2019-09-10,23307,23382,0.792,98.755409,23148.95,0,-1,-1,-0.0043311141,-0.0043311141,-0.0043311141,-0.0043311141,design
2019-09-11,23459,23554,0.444,99.44932,23148.717,0,-1,0,-0.007429414,-0.007479414,-0.007429414,-0.007429414,design
2019-09-16,23653,23630,0.808,99.631087,23144.817,1,0,0,0,0,0,0,design
2019-09-17,23630,23622,0.792,93.157561,23139.4,0,1,1,-0.00058855269,-0.00068855269,0.0026606029,-0.00043855269,design
2019-09-18,23666,23750,0.864,97.777851,23137.183,1,1,1,0.0054186775,0.0054186775,0.01119403,0.0054186775,design
2019-09-19,23726,23908,0.756,99.166798,23136.983,0,1,1,0.0066526316,0.0066526316,0.012710127,0.0066526316,design
2019-09-20,23899,24040,0.924,99.592443,23139.55,1,1,1,0.0055211645,0.0055211645,0.0097165992,0.0055211645,design
2019-09-23,23986,24070,0.668,99.669246,23142.2,0,1,1,0.0012479201,0.0012479201,0.0012028869,0.0012479201,design
2019-09-24,24070,24214,0.768,99.882256,23142.367,0,1,1,0.0059825509,0.0059825509,0.012815378,0.0059825509,design
2019-09-25,24094,23865,0.096,24.233392,23137.75,-1,1,1,-0.014413149,-0.014413149,-0.027678924,-0.014413149,design
2019-09-26,23943,23908,0.564,36.149892,23133.767,0,-1,-1,0.0043849675,0.0042349675,0.0088498183,0.0045349675,design
2019-09-27,23865,23658,0.04,12.779114,23127.9,-1,-1,-1,0.010487952,0.010487952,0.010487952,0.010487952,design
2019-09-30,23601,23855,0.832,56.797357,23130.417,1,-1,-1,-0.0083788527,-0.0083788527,-0.0083788527,-0.0083788527,design
2019-10-01,23822,23912,0.192,66.562605,23130.583,-1,1,1,0.0048166045,0.0046666045,0.0096201485,0.0049666045,design
2019-10-02,23743,23406,0,13.277767,23122.867,-1,-1,-1,0.0066757611,0.0065257611,-0.0025805317,0.0068257611,design
2019-10-04,23348,23307,0.588,10.110633,23121.85,0,-1,-1,0.0042383876,0.0042383876,0.0042383876,0.0042383876,design
2019-10-07,23423,23348,0.276,24.94017,23122.3,0,-1,-1,-0.001791001,-0.001791001,-0.001791001,-0.001791001,design
2019-10-08,23413,23691,0.58,80.038981,23126.983,0,-1,-1,-0.014624654,-0.014624654,-0.014624654,-0.014624654,design
2019-10-10,23431,23521,0.42,46.328377,23124.1,0,-1,-1,0.0070914122,0.0070914122,0.0070914122,0.0070914122,design
2019-10-11,23713,23687,0.136,70.551108,23123.133,-1,-1,0,-0.0071754234,-0.0072254234,-0.0071754234,-0.0071754234,design
2019-10-14,23953,23931,0.376,87.343353,23126.45,0,-1,-1,0.00081846533,0.00076846533,0.00081846533,0.00081846533,design
2019-10-15,23891,23960,0.292,88.854104,23128.517,0,-1,-1,-0.0012214721,-0.0012214721,-0.0012214721,-0.0012214721,design
2019-10-16,24099,24094,0.62,94.70023,23136.333,0,-1,-1,-0.0055950617,-0.0055950617,-0.0055950617,-0.0055950617,design
2019-10-17,24123,24017,0.456,59.084459,23143.75,0,-1,-1,0.0031852386,0.0031852386,0.0031852386,0.0031852386,design
2019-10-18,24074,23778,0.2,17.718148,23141.683,-1,-1,0,0.0097929226,0.0097429226,0.0097929226,0.0097929226,design
2019-10-21,23800,23912,0.212,53.905627,23141.967,0,-1,-1,-0.0048058824,-0.0048558824,-0.0048058824,-0.0048058824,design
2019-10-22,24008,24231,0.984,85.101861,23145.65,1,-1,-1,-0.013266,-0.013266,-0.013266,-0.013266,design
2019-10-23,24179,24083,0.084,52.274073,23150.683,-1,1,1,-0.0021828967,-0.0023328967,-0.0061765107,-0.0020328967,design
2019-10-24,24179,24149,0.444,64.490817,23157.55,0,-1,-1,0.0048819063,0.0047319063,0.0097228617,0.0050319063,design
2019-10-25,24218,24169,0.42,69.259781,23165.6,0,-1,-1,-0.00083975377,-0.00083975377,-0.00083975377,-0.00083975377,design
2019-10-28,24275,24262,0.22,86.331674,23180.5,0,-1,-1,-0.0038526018,-0.0038526018,-0.0038526018,-0.0038526018,design
2019-10-29,24358,24211,0.14,53.651993,23193.5,-1,-1,-1,0.0020542941,0.0020542941,0.0020542941,0.0020542941,design
2019-10-30,24235,24025,0.044,14.265015,23207.317,-1,-1,-1,0.0076652791,0.0076652791,0.0076652791,0.0076652791,design
2019-10-31,24152,24118,0.852,50.559935,23223.15,1,-1,-1,-0.0038858509,-0.0038858509,-0.0038858509,-0.0038858509,design
2019-11-01,24103,24302,0.756,81.51874,23246.367,0,1,1,0.0085333107,0.0083833107,0.015919198,0.0086833107,design
2019-11-04,24528,24649,0.92,94.502603,23283.667,1,1,1,0.01427866,0.01427866,0.030398737,0.01427866,design
2019-11-05,24677,24817,0.528,96.728268,23329,0,1,1,0.0068156923,0.0068156923,0.012260536,0.0068156923,design
2019-11-06,24817,24829,0.428,96.907149,23376.733,0,1,1,0.00048353951,0.00048353951,0.0011355034,0.00048353951,design
2019-11-07,24797,24797,0.184,75.028871,23422.383,-1,1,1,-0.0012888155,-0.0012888155,-0.002268431,-0.0012888155,design
2019-11-08,24929,24713,0.124,34.333942,23464.017,-1,-1,-1,0.013683956,0.013533956,0.019781049,0.013833956,design
2019-11-11,24702,24524,0.3,9.9786035,23501.95,0,-1,-1,0.0076542115,0.0076542115,0.0076542115,0.0076542115,design
2019-11-12,24588,24741,0.42,65.757205,23547.3,0,-1,-1,-0.0088159971,-0.0088159971,-0.0088159971,-0.0088159971,design
2019-11-13,24659,24540,0.068,30.615247,23586.683,-1,-1,-1,0.0081561552,0.0081561552,0.0081561552,0.0081561552,design
2019-11-14,24588,24736,0.008,66.025367,23630.583,-1,-1,-1,-0.0079634131,-0.0079634131,-0.0079634131,-0.0079634131,design
2019-11-15,24797,25088,0.88,88.007854,23678,1,-1,-1,-0.014172392,-0.014172392,-0.014172392,-0.014172392,design
2019-11-18,25064,25060,0.06,79.79416,23721.3,-1,1,1,0.00044688854,0.00029688854,-0.0034683203,0.00059688854,design
2019-11-19,24934,24949,0.312,45.859596,23762.033,0,-1,-1,-0.0059764964,-0.0061264964,-0.011350383,-0.0058264964,design
2019-11-20,24825,24628,0.08,13.255345,23800.433,-1,-1,-1,0.012945129,0.012945129,0.012945129,0.012945129,design
2019-11-21,24602,24266,0.024,5.0912938,23833.167,-1,-1,-1,0.014727553,0.014727553,0.014727553,0.014727553,design
2019-11-22,24298,24382,0.352,31.951647,23873.233,0,-1,-1,-0.0047712333,-0.0047712333,-0.0047712333,-0.0047712333,design
2019-11-25,24531,24654,0.196,70.759951,23916.75,-1,-1,-1,-0.011094488,-0.011094488,-0.011094488,-0.011094488,design
2019-11-26,24705,24659,0.104,71.360439,23956.767,-1,-1,-1,-0.00021051031,-0.00021051031,-0.00021051031,-0.00021051031,design
2019-11-27,24732,24685,0.192,76.400756,23999.183,-1,-1,-1,-0.0010656334,-0.0010656334,-0.0010656334,-0.0010656334,design
2019-11-28,24574,24574,0.296,30.527383,24033.667,0,-1,-1,0.0044966579,0.0044966579,0.0044966579,0.0044966579,design
2019-11-29,24628,24152,0,5.4851713,24060.45,-1,-1,-1,0.017087679,0.017087679,0.017087679,0.017087679,design
2019-12-02,24306,24231,0.536,27.693078,24090.017,0,-1,-1,-0.0033103007,-0.0033103007,-0.0033103007,-0.0033103007,design
2019-12-03,24021,24108,0.288,15.992115,24112,0,-1,-1,0.0050133643,0.0050133643,0.0050133643,0.0050133643,design
2019-12-04,23947,23947,0.144,7.5931745,24127.95,-1,-1,-1,0.0066782811,0.0066782811,0.0066782811,0.0066782811,design
2019-12-05,24074,23890,0.2,5.534886,24141.167,-1,-1,-1,0.0022991879,0.0022991879,0.0022991879,0.0022991879,design
2019-12-06,23985,24169,0.796,74.14494,24155.967,0,-1,-1,-0.011617515,-0.011617515,-0.011617515,-0.011617515,design
2019-12-09,24293,24280,0.576,83.614431,24170.933,0,-1,-1,-0.0045981511,-0.0045981511,-0.0045981511,-0.0045981511,design
2019-12-10,24206,24399,0.916,90.821947,24185.017,1,-1,-1,-0.0049497544,-0.0049497544,-0.0049497544,-0.0049497544,design
2019-12-11,24389,24497,0.712,94.67782,24199.467,0,1,1,0.0044898936,0.0043398936,0.010300269,0.0046398936,design
2019-12-12,24641,24942,0.992,98.89475,24221.467,1,1,1,0.01816549,0.01816549,0.03390491,0.01816549,design
2019-12-13,25256,25331,0.964,99.536631,24247.817,1,1,1,0.015596183,0.015596183,0.034300792,0.015596183,design
2019-12-16,25331,25322,0.62,96.931781,24271.383,0,1,1,-0.00035529588,-0.00035529588,-0.0021865889,-0.00035529588,design
2019-12-17,25421,25669,0.932,98.983353,24298.533,1,1,1,0.013703499,0.013703499,0.027392257,0.013703499,design
2019-12-18,25702,25665,0.736,97.480629,24325.117,0,1,1,-0.00015582999,-0.00015582999,-0.0010664771,-0.00015582999,design
2019-12-19,25755,25689,0.764,97.868875,24349.7,0,1,1,0.00093512566,0.00093512566,0.0021352313,0.00093512566,design
2019-12-20,25784,25746,0.82,98.769556,24381.05,1,1,1,0.0022188485,0.0022188485,0.0046164773,0.0022188485,design
2019-12-23,25856,25743,0.364,94.562696,24411.633,0,1,1,-0.00011652296,-0.00011652296,-0.0014139272,-0.00011652296,design
2019-12-24,25760,25578,0.42,16.63315,24443.633,0,1,1,-0.0064095094,-0.0064095094,-0.01380531,-0.0064095094,design
2019-12-26,25574,25681,0.532,58.909957,24474.067,0,1,1,0.0040268981,0.0040268981,0.0082555635,0.0040268981,design
2019-12-27,25793,26057,0.916,91.261996,24509.817,1,1,1,0.014641174,0.014641174,0.031327875,0.014641174,design
2019-12-30,26133,25965,0.116,65.879035,24552.467,-1,1,1,-0.0035307211,-0.0035307211,-0.0041422161,-0.0035307211,design
2020-01-02,25985,25689,0.052,24.684916,24592.167,-1,-1,-1,0.011820229,0.011670229,0.011041187,0.011970229,validation
2020-01-03,25921,25685,0.704,24.245476,24631.117,0,-1,-1,-8.7402536e-06,-8.7402536e-06,-8.7402536e-06,-8.7402536e-06,validation
2020-01-06,25510,25491,0.516,8.8915797,24661.117,0,-1,-1,0.0075631957,0.0075631957,0.0075631957,0.0075631957,validation
2020-01-07,25661,25746,0.64,65.810128,24698.2,0,-1,-1,-0.0099593495,-0.0099593495,-0.0099593495,-0.0099593495,validation
2020-01-08,25553,25583,0.556,36.588017,24729.8,0,-1,-1,0.0063134788,0.0063134788,0.0063134788,0.0063134788,validation
2020-01-09,25936,26010,0.184,80.936899,24764.45,-1,-1,0,-0.016712034,-0.016762034,-0.016712034,-0.016712034,validation
2020-01-10,26010,26225,0.736,88.814642,24802.2,0,-1,-1,-0.0083660515,-0.0084160515,-0.0083660515,-0.0083660515,validation
2020-01-13,26225,26495,0.664,94.511383,24842.217,0,-1,-1,-0.01029552,-0.01029552,-0.01029552,-0.01029552,validation
2020-01-14,26633,26619,0.708,96.260662,24885.583,0,-1,-1,-0.0046856042,-0.0046856042,-0.0046856042,-0.0046856042,validation
2020-01-15,26560,26462,0.504,53.2693,24930.317,0,-1,-1,0.0059143992,0.0059143992,0.0059143992,0.0059143992,validation
2020-01-16,26462,26734,0.612,81.656276,24977.35,0,-1,0,-0.01037889,-0.01042889,-0.01037889,-0.01037889,validation
2020-01-17,26870,26793,0.288,85.482161,25020.05,0,0,0,0,0,0,0,validation
2020-01-20,26914,26997,0.816,94.055645,25068.617,1,0,0,0,0,0,0,validation
2020-01-21,26976,26694,0.068,34.14896,25111.033,-1,1,1,-0.010703737,-0.010803737,-0.020605412,-0.010553737,validation
2020-01-22,26638,27048,0.536,73.535387,25159.017,0,-1,-1,-0.017807106,-0.017957106,-0.021586847,-0.017657106,validation
2020-01-23,26875,26694,0.076,33.482584,25199.55,-1,-1,-1,0.013173997,0.013173997,0.013173997,0.013173997,validation
2020-01-28,26072,25883,0.02,9.5783502,25227.417,-1,-1,-1,0.030719186,0.030719186,0.030719186,0.030719186,validation
2020-01-29,25995,25969,0.856,21.468976,25259.817,1,-1,-1,-0.0033313002,-0.0033313002,-0.0033313002,-0.0033313002,validation
2020-01-30,25936,25482,0.26,8.6243773,25282.55,0,1,1,-0.016606125,-0.016756125,-0.034763956,-0.016456125,validation
2020-01-31,25651,25210,0.776,5.1695236,25297.683,0,1,1,-0.010674201,-0.010674201,-0.02173913,-0.010674201,validation
2020-02-03,24927,25236,0.044,11.915371,25307.467,-1,1,1,0.0010313368,0.0010313368,0.00037037037,0.0010313368,validation
2020-02-04,25241,25668,0.728,73.814724,25321.65,0,-1,-1,-0.017072143,-0.017222143,-0.016902951,-0.016922143,validation
2020-02-05,25932,25798,0.264,81.597725,25337.8,0,-1,-1,-0.0051709664,-0.0051709664,-0.0051709664,-0.0051709664,validation
2020-02-06,26075,26564,0.944,95.913075,25367.25,1,-1,-1,-0.0292895,-0.0292895,-0.0292895,-0.0292895,validation
2020-02-07,26506,26343,0.048,66.198378,25394.417,-1,1,1,-0.0043295719,-0.0044795719,-0.0089645296,-0.0041795719,validation
2020-02-10,26040,26202,0.368,47.443104,25422.383,0,-1,-1,-0.018001748,-0.018151748,-0.030248705,-0.017851748,validation
2020-02-11,26287,26454,0.776,73.887569,25450.933,0,-1,-1,-0.0095763682,-0.0095763682,-0.0095763682,-0.0095763682,validation
2020-02-12,26427,26673,0.136,86.069938,25486.483,-1,-1,-1,-0.0082975228,-0.0082975228,-0.0082975228,-0.0082975228,validation
2020-02-13,26735,26607,0.396,67.179195,25517.667,0,-1,-1,0.0024521547,0.0024521547,0.0024521547,0.0024521547,validation
2020-02-14,26560,26769,0.776,84.201426,25545.683,0,-1,-1,-0.0061164236,-0.0061164236,-0.0061164236,-0.0061164236,validation
2020-02-17,26727,26749,0.396,74.642709,25573.833,0,-1,-1,0.00074454991,0.00074454991,0.00074454991,0.00074454991,validation
2020-02-18,26553,26326,0.012,12.865036,25596.783,-1,-1,-1,0.015938958,0.015938958,0.015938958,0.015938958,validation
2020-02-19,26463,26374,0.616,26.643842,25625.883,0,-1,-1,-0.0018582965,-0.0018582965,-0.0018582965,-0.0018582965,validation
2020-02-20,26543,26237,0.184,14.003405,25658.733,-1,-1,-1,0.005046765,0.005046765,0.005046765,0.005046765,validation
2020-02-21,25869,25859,0.392,3.8705026,25683.35,0,-1,-1,0.014417979,0.014417979,0.014417979,0.014417979,validation
2020-02-24,25424,24887,0.22,0.81978109,25687.233,0,-1,-1,0.038299081,0.038299081,0.038299081,0.038299081,validation
2020-02-25,24874,25163,0.12,31.487322,25695.633,-1,-1,-1,-0.011102266,-0.011102266,-0.011102266,-0.011102266,validation
2020-02-26,24796,24796,0.36,17.278701,25697.483,0,-1,-1,0.014584906,0.014584906,0.014584906,0.014584906,validation
2020-02-27,24786,24538,0.596,10.571546,25696.883,0,-1,-1,0.010412974,0.010412974,0.010412974,0.010412974,validation
2020-02-28,24181,23746,0.208,3.1247065,25690.117,0,-1,-1,0.032799918,0.032799918,0.032799918,0.032799918,validation
2020-03-02,23865,23974,0.02,31.07791,25685.833,-1,-1,-1,-0.0095558397,-0.0095558397,-0.0095558397,-0.0095558397,validation
2020-03-03,24512,24083,0.308,45.98128,25685.417,0,-1,-1,-0.0053320996,-0.0053320996,-0.0053320996,-0.0053320996,validation
2020-03-04,23896,24630,0.584,82.960929,25696.8,0,-1,-1,-0.023190132,-0.023190132,-0.023190132,-0.023190132,validation
2020-03-05,24778,24848,0.444,88.976144,25712.767,0,-1,-1,-0.0088170432,-0.0088170432,-0.0088170432,-0.0088170432,validation
2020-03-06,24521,24350,0.66,34.052608,25715.783,0,-1,-1,0.0202254,0.0202254,0.0202254,0.0202254,validation
2020-03-09,23581,23322,0.82,9.5964334,25699.817,1,-1,0,0.042811396,0.042761396,0.042811396,0.042811396,validation
2020-03-10,23283,23457,0.192,23.943,25684.117,-1,1,1,0.0072232638,0.0071232638,0.012884851,0.0073732638,validation
2020-03-11,23416,22753,0.092,9.017648,25655.05,-1,-1,-1,0.026166605,0.026016605,0.018187436,0.026316605,validation
2020-03-12,22586,21992,0.256,3.8410828,25605.883,0,-1,-1,0.033832199,0.033832199,0.033832199,0.033832199,validation
2020-03-13,20283,21425,0.98,2.0702016,25540.783,1,-1,-1,0.017031434,0.017031434,0.017031434,0.017031434,validation
2020-03-16,21572,20646,0.808,0.91325628,25462.85,1,1,1,-0.049842637,-0.049992637,-0.091865391,-0.049692637,validation
2020-03-17,19890,20185,0.312,0.54967594,25371.45,0,1,1,-0.02232878,-0.02232878,-0.035795455,-0.02232878,validation
2020-03-18,20193,19072,0.832,0.18809395,25261.567,1,1,1,-0.055139955,-0.055139955,-0.11196229,-0.055139955,validation
2020-03-19,19504,17676,0.964,0.07097515,25128.017,1,1,1,-0.073196309,-0.073196309,-0.14399469,-0.073196309,validation
2020-03-20,18186,19035,0.16,54.830582,25016.167,-1,1,1,0.07688391,0.07688391,0.13953488,0.07688391,validation
2020-03-23,17666,17916,0.856,28.821473,24885.717,1,-1,-1,-0.085403848,-0.085553848,-0.13991214,-0.085253848,validation
2020-03-24,18426,19579,0.204,70.464373,24785.733,0,1,1,0.031977187,0.031827187,0.08987157,0.032127187,validation
2020-03-25,20166,20703,0.208,83.507514,24702.767,0,1,1,0.057408448,0.057408448,0.096479791,0.057408448,validation
2020-03-26,20694,20299,0.704,63.385517,24606.8,0,1,1,-0.01951408,-0.01951408,-0.035077289,-0.01951408,validation
2020-03-27,21159,20791,0.508,76.926943,24520.567,0,1,1,0.024237647,0.024237647,0.046210721,0.024237647,validation
2020-03-30,20138,20668,0.496,64.92169,24436.883,0,1,0,-0.0061660214,-0.0062660214,-0.0049614252,-0.0060160214,validation
2020-03-31,20799,21033,0.56,81.788971,24359.35,0,0,0,0,0,0,0,validation
2020-04-01,20848,20047,0.412,22.732494,24268.617,0,0,0,0,0,0,0,validation
2020-04-02,20153,20664,0.68,59.411344,24183.917,0,0,0,0,0,0,0,validation
2020-04-03,20708,20609,0.62,54.775658,24101.017,0,0,0,0,0,0,0,validation
2020-04-06,20816,21434,0.676,86.463053,24024.75,0,0,0,0,0,0,0,validation
2020-04-07,21756,21767,0.316,91.35369,23950.45,0,0,0,0,0,0,0,validation
2020-04-08,21655,21449,0.728,54.055008,23866.35,0,0,0,0,0,0,0,validation
2020-04-09,21822,21790,0.364,75.504341,23785.867,0,0,0,0,0,0,0,validation
2020-04-10,21747,21974,0.924,83.710963,23711.067,1,0,0,0,0,0,0,validation
2020-04-13,21908,21600,0.476,35.44156,23625.5,0,1,1,-0.014308791,-0.014408791,-0.02515726,-0.014158791,validation
2020-04-14,21781,21974,0.952,70.017997,23545.183,1,1,1,0.017314815,0.017314815,0.0375,0.017314815,validation
2020-04-16,21742,21974,0.856,70.017997,23461.467,1,1,1,-1.110223e-16,-1.110223e-16,-0.00052383447,-1.110223e-16,validation
2020-04-17,22424,22645,0.724,93.809975,23393.983,0,1,1,0.030536088,0.030536088,0.063417191,0.030536088,validation
2020-04-20,22612,22370,0.188,56.839227,23316.017,-1,1,1,-0.012143961,-0.012143961,-0.022671267,-0.012143961,validation
2020-04-21,22260,22123,0.428,33.279182,23239.833,0,-1,-1,0.00085697363,0.00070697363,-0.0094171652,0.0010069736,validation
2020-04-22,21822,22314,0.632,59.342695,23180.35,0,-1,-1,-0.0092470607,-0.0092470607,-0.0092470607,-0.0092470607,validation
2020-04-23,22456,22533,0.632,78.554041,23123.083,0,-1,-1,-0.0097708248,-0.0097708248,-0.0097708248,-0.0097708248,validation
2020-04-24,22401,22198,0.22,32.120483,23068.35,0,-1,-1,0.014973257,0.014973257,0.014973257,0.014973257,validation
2020-04-27,22274,22640,0.948,73.482565,23025.517,1,-1,0,-0.019899188,-0.019949188,-0.019899188,-0.019899188,validation
2020-04-28,22721,22774,0.584,80.636681,22984.483,0,1,1,0.0020826438,0.0019826438,0.0056468059,0.0022326438,validation
2020-04-29,22801,22925,0.9,87.958377,22938.767,1,1,1,0.006630368,0.006630368,0.013678554,0.006630368,validation
2020-05-04,22484,22231,0.02,19.652356,22879.317,-1,1,1,-0.030272628,-0.030272628,-0.058313253,-0.030272628,validation
2020-05-06,22645,22645,0.524,58.293796,22814,0,-1,-1,0.018272644,0.018122644,0.025750307,0.018422644,validation
2020-05-07,22560,22589,0.328,51.582584,22751.433,0,-1,-1,0.0024633019,0.0024633019,0.0024633019,0.0024633019,validation
2020-05-08,22737,22783,0.508,73.066546,22694.45,0,-1,-1,-0.0085617403,-0.0085617403,-0.0085617403,-0.0085617403,validation
2020-05-11,22839,22622,0.46,42.077146,22630.583,0,-1,-1,0.0070199647,0.0070199647,0.0070199647,0.0070199647,validation
2020-05-12,22648,22462,0.148,22.831003,22560.4,-1,-1,0,0.0069538831,0.0069038831,0.0069538831,0.0069538831,validation
2020-05-13,22200,22718,0.504,68.6774,22495.583,0,-1,-1,-0.023433333,-0.023483333,-0.023433333,-0.023433333,validation
2020-05-14,22509,22480,0.024,32.631086,22424.1,-1,-1,-1,0.01049998,0.01049998,0.01049998,0.01049998,validation
2020-05-15,22663,22531,0.652,45.002357,22353.8,0,-1,-1,-0.0023635123,-0.0023635123,-0.0023635123,-0.0023635123,validation
2020-05-18,22648,22677,0.72,73.190174,22292.983,0,-1,-1,-0.0064666624,-0.0064666624,-0.0064666624,-0.0064666624,validation
2020-05-19,23184,23264,0.904,94.765019,22241.15,1,-1,-1,-0.025730962,-0.025730962,-0.025730962,-0.025730962,validation
2020-05-20,23170,23317,0.792,95.429237,22192.483,0,1,1,0.010060624,0.0099106237,0.017925558,0.010210624,validation
2020-05-21,23462,23421,0.732,96.948647,22151.85,0,1,1,0.004460265,0.004460265,0.0074557316,0.004460265,validation
2020-05-22,23421,23025,0.084,27.45253,22120.817,-1,1,1,-0.016907903,-0.016907903,-0.032377428,-0.016907903,validation
2020-05-25,23148,23312,0.468,64.420906,22089.967,0,-1,-1,-0.0021306732,-0.0022806732,0.003006901,-0.0019806732,validation
2020-05-26,23349,23734,0.68,85.760053,22072.267,0,-1,-1,-0.018049924,-0.018049924,-0.018049924,-0.018049924,validation
2020-05-27,23623,23747,0.568,86.267502,22059.083,0,-1,-1,-0.00059683597,-0.00059683597,-0.00059683597,-0.00059683597,validation
2020-05-28,23920,23820,0.716,90.192581,22060.317,0,-1,-1,-0.003134985,-0.003134985,-0.003134985,-0.003134985,validation
2020-05-29,23665,23775,0.608,66.691453,22057,0,-1,0,0.0017286756,0.0016786756,0.0017286756,0.0017286756,validation
2020-06-01,23832,24246,0.872,94.839498,22059.717,1,0,0,0,0,0,0,validation
2020-06-02,24246,24499,0.456,97.295146,22057.533,0,1,1,0.010184711,0.010084711,0.021329629,0.010334711,validation
2020-06-03,24711,25398,0.516,99.382702,22066.7,0,1,1,0.036695375,0.036695375,0.071398395,0.036695375,validation
2020-06-04,25719,25426,0.552,99.411017,22084.633,0,1,1,0.001102449,0.001102449,0.0031545741,0.001102449,validation
2020-06-05,25366,25856,0.62,99.755494,22126.867,0,1,1,0.016911823,0.016911823,0.034591195,0.016911823,validation
2020-06-08,26195,25819,0.24,90.633125,22166.233,0,1,0,-0.0016810025,-0.0017810025,-0.0029095745,-0.0015310025,validation
2020-06-09,26008,25833,0.604,91.239389,22217.567,0,0,0,0,0,0,0,validation
2020-06-10,25824,25913,0.588,94.964313,22282.917,0,0,0,0,0,0,0,validation
2020-06-11,25704,25485,0.308,17.112127,22350.583,0,0,0,0,0,0,0,validation
2020-06-12,24570,24963,0.596,5.7045928,22422.533,0,0,0,0,0,0,0,validation
2020-06-15,24686,23709,0.468,1.3572958,22481.267,0,0,0,0,0,0,0,validation
2020-06-16,24321,25165,0.38,64.384474,22582.817,0,0,0,0,0,0,0,validation
2020-06-17,25108,25096,0.668,60.708039,22706.483,0,0,0,0,0,0,0,validation
2020-06-18,24981,25022,0.552,54.083943,22806.267,0,0,0,0,0,0,0,validation
2020-06-19,25263,25112,0.348,63.714551,22926.2,0,0,0,0,0,0,0,validation
2020-06-22,24884,24935,0.372,34.912231,23015.467,0,0,0,0,0,0,0,validation
2020-06-23,25140,24997,0.432,50.567207,23087.033,0,0,0,0,0,0,0,validation
2020-06-24,25122,25408,0.904,88.198939,23172.183,1,0,0,0,0,0,0,validation
2020-06-25,25030,24768,0.008,26.16506,23238.467,-1,1,1,-0.010717439,-0.010817439,-0.021134521,-0.010567439,validation
2020-06-26,25007,25117,0.888,58.216429,23312.617,1,-1,-1,0.0048583333,0.0047083333,0.018152975,0.0050083333,validation
2020-06-29,24806,24711,0.244,28.963602,23373.917,0,1,1,0.0081549136,0.0080049136,0.0035884986,0.0083049136,validation
2020-06-30,25068,24925,0.696,53.562248,23455.217,0,1,1,0.0086601109,0.0086601109,0.016820858,0.0086601109,validation
2020-07-01,25203,24938,0.292,55.437085,23526.45,0,1,1,0.00052156469,0.00052156469,0,0.00052156469,validation
2020-07-02,25007,25254,0.828,84.958958,23603.867,1,1,1,0.012671425,0.012671425,0.023986766,0.012671425,validation
2020-07-03,25351,25463,0.824,91.983727,23671.017,1,1,1,0.0082759167,0.0082759167,0.018982229,0.0082759167,validation
2020-07-06,25516,25856,0.336,97.091789,23739.167,0,1,1,0.015434159,0.015434159,0.032500991,0.015434159,validation
2020-07-07,25998,25544,0.036,48.262212,23807.417,-1,1,1,-0.012066832,-0.012066832,-0.024184261,-0.012066832,validation
2020-07-08,25544,25467,0.288,38.6643,23868.7,0,-1,-1,0.0026644065,0.0025144065,0.0050318677,0.0028144065,validation
2020-07-09,25595,25586,0.7,62.013934,23928.9,0,-1,-1,-0.0046762484,-0.0046762484,-0.0046762484,-0.0046762484,validation
2020-07-10,25633,25339,0.1,24.03337,23991.217,-1,-1,-1,0.0096115789,0.0096115789,0.0096115789,0.0096115789,validation
2020-07-13,25600,25824,0.936,77.690838,24055.383,1,-1,-1,-0.0189602,-0.0189602,-0.0189602,-0.0189602,validation
2020-07-14,25638,25783,0.312,69.40272,24118.867,0,1,1,0.012549005,0.012399005,0.018257864,0.012699005,validation
2020-07-15,26061,26039,0.452,86.880556,24175.433,0,1,1,0.009929023,0.009929023,0.018146718,0.009929023,validation
2020-07-16,26039,25754,0.312,38.242017,24231.833,0,1,1,-0.010945121,-0.010945121,-0.020477816,-0.010945121,validation
2020-07-17,25793,25950,0.832,65.108778,24295.617,1,1,1,0.0076104683,0.0076104683,0.014711576,0.0076104683,validation
2020-07-20,26026,25889,0.476,51.235051,24355.2,0,1,1,-0.0023506744,-0.0023506744,-0.004959939,-0.0023506744,validation
2020-07-21,26125,26267,0.944,86.606205,24417.433,1,1,1,0.014600796,0.014600796,0.028757669,0.014600796,validation
2020-07-22,26258,26169,0.512,62.935887,24483.617,0,1,1,-0.0037309171,-0.0037309171,-0.0074543422,-0.0037309171,validation
2020-07-23,26176,26013,0.052,33.653235,24539.833,-1,1,1,-0.0059612519,-0.0059612519,-0.012392039,-0.0059612519,validation
2020-07-24,25797,25870,0.644,18.161401,24591.433,0,-1,-1,-0.01145983,-0.01160983,-0.021379091,-0.01130983,validation
2020-07-27,25829,26120,0.8,68.639053,24644.683,1,-1,-1,-0.0096994142,-0.0096994142,-0.0096994142,-0.0096994142,validation
2020-07-28,26306,26666,0.96,91.510672,24718.6,1,1,1,0.0061166595,0.0059666595,0.014592998,0.0062666595,validation
2020-07-29,26666,26801,0.736,93.760802,24787.867,0,1,1,0.0050626266,0.0050626266,0.010507246,0.0050626266,validation
2020-07-30,26911,26839,0.244,94.570907,24858.7,0,1,1,0.0014178575,0.0014178575,0.0028684116,0.0014178575,validation
2020-07-31,26952,26625,0.292,38.405641,24922.733,0,1,1,-0.0079734714,-0.0079734714,-0.014658563,-0.0079734714,validation
2020-08-03,26629,26625,0.1,38.405641,24989.45,-1,1,1,0,0,-0.0014513788,0,validation
2020-08-04,26784,26947,0.4,86.535209,25064.2,0,-1,-1,-0.00050023474,-0.00065023474,0.0051214199,-0.00035023474,validation
2020-08-05,27023,27240,0.744,94.44073,25139.567,0,-1,-1,-0.0108279,-0.0108279,-0.0108279,-0.0108279,validation
2020-08-06,27328,27668,0.536,97.952604,25226.033,0,-1,-1,-0.015631803,-0.015631803,-0.015631803,-0.015631803,validation
2020-08-07,27755,27788,0.116,98.488151,25313.65,-1,-1,-1,-0.0043296631,-0.0043296631,-0.0043296631,-0.0043296631,validation
2020-08-10,27737,28202,0.504,99.46099,25405.733,0,-1,-1,-0.014960054,-0.014960054,-0.014960054,-0.014960054,validation
2020-08-11,28269,28557,0.544,99.743761,25493.95,0,-1,-1,-0.012539353,-0.012539353,-0.012539353,-0.012539353,validation
2020-08-12,28453,28713,0.336,99.824622,25583.883,0,-1,-1,-0.005529316,-0.005529316,-0.005529316,-0.005529316,validation
2020-08-13,29004,28699,0.068,94.473582,25671.85,-1,-1,-1,0.00027443352,0.00027443352,0.00027443352,0.00027443352,validation
2020-08-14,28661,28396,0.12,28.453281,25761.367,-1,-1,-1,0.010582344,0.010582344,0.010582344,0.010582344,validation
2020-08-18,28500,27811,0.508,7.693351,25836.35,0,-1,-1,0.020424409,0.020424409,0.020424409,0.020424409,validation
2020-08-19,28003,27907,0.196,25.526918,25905.9,-1,-1,-1,-0.0034992064,-0.0034992064,-0.0034992064,-0.0034992064,validation
2020-08-20,27672,26829,0.108,4.7812788,25957.267,-1,-1,-1,0.039141365,0.039141365,0.039141365,0.039141365,validation
2020-08-21,27143,27236,0.984,40.992403,26014.2,1,-1,-1,-0.015089951,-0.015089951,-0.015089951,-0.015089951,validation
2020-08-24,27302,27538,0.784,62.280227,26076.917,0,1,1,0.0058498452,0.0056998452,0.016984163,0.0059998452,validation
2020-08-25,27737,27900,0.52,79.7736,26137.817,0,1,1,0.013145472,0.013145472,0.026916525,0.013145472,validation
2020-08-26,27876,27904,0.796,79.978799,26194.567,0,1,1,0.00014336918,0.00014336918,-0.000331785,0.00014336918,validation
2020-08-27,27964,27651,0.756,35.026827,26232.117,0,1,1,-0.0090668005,-0.0090668005,-0.017590441,-0.0090668005,validation
2020-08-28,27851,27801,0.284,61.01128,26271.7,0,1,0,0.0051747586,0.0050747586,0.0088716216,0.0053247586,validation
2020-08-31,28003,27349,0.02,17.890717,26296.583,-1,0,0,0,0,0,0,validation
2020-09-01,27403,27566,0.812,51.085198,26325.7,1,-1,-1,-0.0060482538,-0.0060982538,-0.0060482538,-0.0060482538,validation
2020-09-02,27750,27706,0.176,67.853919,26356.917,-1,1,1,-0.0085998913,-0.0087498913,-0.011028887,-0.0084498913,validation
2020-09-03,27968,28126,0.9,89.484054,26393.8,1,-1,-1,0.0034036996,0.0032536996,0.01244564,0.0035536996,validation
2020-09-04,27407,27732,0.556,39.552145,26431.25,0,1,1,0.03737496,0.03722496,0.05032216,0.03752496,validation
2020-09-07,27732,27861,0.136,55.728488,26479.55,-1,1,1,0.0046516659,0.0046516659,0.0084146752,0.0046516659,validation
2020-09-08,28095,28214,0.644,82.036927,26554.633,0,-1,-1,0.0037776336,0.0036276336,0.012364966,0.0039276336,validation
2020-09-09,27879,27871,0.216,38.071085,26599.733,0,-1,-1,0.012163899,0.012163899,0.012163899,0.012163899,validation
2020-09-10,28134,28134,0.628,66.007856,26650.367,0,-1,-1,-0.0094363317,-0.0094363317,-0.0094363317,-0.0094363317,validation
2020-09-11,27999,28116,0.34,62.168987,26701.933,0,-1,-1,0.00059969238,0.00059969238,0.00059969238,0.00059969238,validation
2020-09-14,28364,28495,0.432,89.031589,26758.317,0,-1,0,-0.013498393,-0.013548393,-0.013498393,-0.013498393,validation
2020-09-15,28587,28718,0.964,94.024601,26821.367,1,0,0,0,0,0,0,validation
2020-09-16,28694,28638,0.816,70.875659,26882.05,1,1,1,-0.0022016275,-0.0023016275,-0.0033996063,-0.0020516275,validation
2020-09-17,28575,28214,0.288,19.634617,26928.817,0,1,1,-0.014805503,-0.014805503,-0.030015798,-0.014805503,validation
2020-09-18,28335,28309,0.708,39.299825,26987.833,0,1,1,0.0033671227,0.0033671227,0.0074918567,0.0033671227,validation
2020-09-21,28273,28066,0.424,17.452465,27036.983,0,1,1,-0.0085838426,-0.0085838426,-0.017782089,-0.0085838426,validation
2020-09-22,28017,27412,0.012,4.3714961,27082,-1,1,1,-0.023302216,-0.023302216,-0.047070441,-0.023302216,validation
2020-09-23,27585,27517,0.724,22.92198,27125.2,0,-1,-1,0.00844177,0.00829177,0.014234721,0.00859177,validation
2020-09-24,27164,26879,0.208,6.8273453,27157.55,0,-1,-1,0.023454854,0.023454854,0.023454854,0.023454854,validation
2020-09-25,27067,27001,0.872,26.55088,27186.667,1,-1,-1,-0.0045729691,-0.0045729691,-0.0045729691,-0.0045729691,validation
2020-09-28,27262,27395,0.332,68.973416,27218.867,0,1,1,-0.005184881,-0.005334881,2.2026559e-05,-0.005034881,validation
2020-09-29,27668,27651,0.04,82.276166,27248.783,-1,1,1,0.0093447709,0.0093447709,0.01349481,0.0093447709,validation
2020-10-05,27640,27955,0.976,91.218387,27288.967,1,-1,-1,-0.012139809,-0.012289809,-0.0090463466,-0.011989809,validation
2020-10-06,28066,28017,0.8,92.717162,27331.467,1,1,1,-0.0060596195,-0.0062096195,-0.0095750256,-0.0059096195,validation
2020-10-07,27846,28291,0.972,97.096759,27376.55,1,1,1,0.0097797766,0.0097797766,0.02021876,0.0097797766,validation
2020-10-08,28486,28299,0.904,97.19525,27425.883,1,1,1,0.00028277544,0.00028277544,0.0016244314,0.00028277544,validation
2020-10-12,28481,28413,0.808,98.573988,27469.033,1,1,1,0.0040284109,0.0040284109,0.007460266,0.0040284109,validation
2020-10-13,28584,28434,0.808,98.792647,27513.217,1,1,1,0.0007390983,0.0007390983,0.0009658725,0.0007390983,validation
2020-10-14,28467,28156,0.064,19.525218,27548.5,-1,1,1,-0.0097770275,-0.0097770275,-0.019620457,-0.0097770275,validation
2020-10-15,28108,27947,0.768,8.8492406,27585.05,0,-1,-1,0.0036633542,0.0035133542,0.001418348,0.0038133542,validation
2020-10-16,28013,27783,0.208,4.7625141,27615.6,0,-1,-1,0.0058294707,0.0058294707,0.0058294707,0.0058294707,validation
2020-10-19,27876,27846,0.288,29.704193,27648.217,0,-1,-1,-0.0022747785,-0.0022747785,-0.0022747785,-0.0022747785,validation
2020-10-20,27722,28039,0.936,73.010815,27677.75,1,-1,-1,-0.0070328187,-0.0070328187,-0.0070328187,-0.0070328187,validation
2020-10-21,28090,28130,0.384,82.928505,27710.433,0,1,1,-0.0007474909,-0.0008974909,0.0024431628,-0.0005974909,validation
2020-10-22,27973,27939,0.596,32.616115,27742.533,0,1,1,-0.006789904,-0.006789904,-0.014454665,-0.006789904,validation
2020-10-23,28054,28039,0.948,58.793766,27778.683,1,1,1,0.0035792262,0.0035792262,0.007,0.0035792262,validation
2020-10-26,28126,27985,0.772,41.416772,27809.767,0,1,1,-0.0019258889,-0.0019258889,-0.005958292,-0.0019258889,validation
2020-10-27,27788,27745,0.48,11.418431,27827.75,0,1,1,-0.0085760229,-0.0085760229,-0.014319014,-0.0085760229,validation
2020-10-28,27644,27896,0.828,53.656575,27846,1,1,1,0.0054424221,0.0054424221,0.0097972973,0.0054424221,validation
2020-10-29,27546,27606,0.004,18.949719,27858.783,-1,1,1,-0.010395756,-0.010395756,-0.021411843,-0.010395756,validation
2020-10-30,27497,26854,0.02,4.3516445,27862.6,-1,-1,-1,0.018993621,0.018843621,0.014287494,0.019143621,validation
2020-11-02,26918,27265,0.944,48.075536,27873.267,1,-1,-1,-0.015243537,-0.015243537,-0.015243537,-0.015243537,validation
2020-11-03,27376,27811,1,76.553239,27887.667,1,1,1,0.011403987,0.011253987,0.028915377,0.011553987,validation
2020-11-04,27995,27981,0.404,82.522274,27900.017,0,1,1,0.0061126892,0.0061126892,0.012145749,0.0061126892,validation
2020-11-05,28156,28598,1,93.863026,27915.517,1,1,1,0.022050677,0.022050677,0.044666667,0.022050677,validation
2020-11-06,28709,28670,0.996,94.670164,27930.217,1,1,1,0.0025176586,0.0025176586,0.0060625399,0.0025176586,validation
2020-11-09,28944,29031,0.368,97.701527,27944.033,0,1,1,0.012591559,0.012591559,0.025372661,0.012591559,validation
2020-11-10,29169,29026,0.772,96.18612,27951.85,0,1,1,-0.00017222969,-0.00017222969,-0.0015465512,-0.00017222969,validation
2020-11-11,29133,29492,0.964,99.019863,27964.833,1,1,1,0.016054572,0.016054572,0.032527881,0.016054572,validation
2020-11-12,29477,29351,0.876,68.306923,27975.7,1,1,1,-0.0047809575,-0.0047809575,-0.0093009301,-0.0047809575,validation
2020-11-13,29240,29659,0.904,86.542599,27996.75,1,1,1,0.01049368,0.01049368,0.019987886,0.01049368,validation
2020-11-16,29855,30291,0.416,95.996387,28038.083,0,1,1,0.021308878,0.021308878,0.043349169,0.021308878,validation
2020-11-17,30367,30282,0.836,94.113382,28077.667,1,1,1,-0.00029711796,-0.00029711796,-0.0011383039,-0.00029711796,validation
2020-11-18,30296,30251,0.768,82.90992,28134.7,0,1,1,-0.0010237105,-0.0010237105,-0.0031339031,-0.0010237105,validation
2020-11-19,30130,30291,0.552,86.926249,28185.617,0,1,1,0.0013222703,0.0013222703,0.0022863675,0.0013222703,validation
2020-11-20,30229,30323,0.644,90.498832,28232.033,0,1,1,0.0010564194,0.0010564194,0.001710864,0.0010564194,validation
2020-11-23,30429,31019,0.98,99.262731,28284.017,1,1,1,0.022952874,0.022952874,0.044691147,0.022952874,validation
2020-11-24,31127,31187,0.244,99.489884,28338.733,0,1,1,0.0054160353,0.0054160353,0.014168937,0.0054160353,validation
2020-11-25,31388,31005,0.328,59.662232,28394.633,0,1,1,-0.0058357649,-0.0058357649,-0.011552929,-0.0058357649,validation
2020-11-26,30990,31311,0.42,82.806651,28453.133,0,1,1,0.0098693759,0.0098693759,0.019570535,0.0098693759,validation
2020-11-27,31311,31383,0.604,86.462008,28520.367,0,1,1,0.0022995114,0.0022995114,0.0050653159,0.0022995114,validation
2020-11-30,31482,30907,0.024,22.686989,28576.05,-1,1,0,-0.015417447,-0.015517447,-0.027836207,-0.015267447,validation
2020-12-01,31099,31395,0.632,69.227491,28637.533,0,-1,-1,-0.0096179909,-0.0096679909,-0.0096179909,-0.0096179909,validation
2020-12-02,31548,31944,0.464,86.93003,28701.167,0,-1,-1,-0.017364517,-0.017364517,-0.017364517,-0.017364517,validation
2020-12-03,32053,32170,0.372,91.130763,28775.133,0,-1,-1,-0.0070499704,-0.0070499704,-0.0070499704,-0.0070499704,validation
2020-12-04,32295,32748,0.34,96.645513,28856.583,0,-1,-1,-0.017858044,-0.017858044,-0.017858044,-0.017858044,validation
2020-12-07,33024,32925,0.136,97.570649,28935.1,-1,-1,0,-0.0055554414,-0.0056054414,-0.0055554414,-0.0055554414,validation
2020-12-08,32895,32397,0.168,36.883219,29010.533,-1,-1,-1,0.015039079,0.014989079,0.015039079,0.015039079,validation
2020-12-09,32597,33148,0.124,77.208871,29094.1,-1,-1,-1,-0.022972456,-0.022972456,-0.022972456,-0.022972456,validation
2020-12-10,32774,32885,0.004,53.339867,29173.583,-1,-1,-1,0.0078576883,0.0078576883,0.0078576883,0.0078576883,validation
2020-12-11,33097,33171,0.66,72.099372,29251.517,0,-1,-1,-0.0086681465,-0.0086681465,-0.0086681465,-0.0086681465,validation
2020-12-14,33194,33042,0.128,52.909803,29323.583,-1,-1,-1,0.003882589,0.003882589,0.003882589,0.003882589,validation
2020-12-15,33059,33042,0.372,52.909803,29396.983,0,-1,-1,-5.2914147e-07,-5.2914147e-07,-5.2914147e-07,-5.2914147e-07,validation
2020-12-16,33297,33180,0.412,77.983851,29479.75,0,-1,-1,-0.0042307383,-0.0042307383,-0.0042307383,-0.0042307383,validation
2020-12-17,33203,33148,0.276,62.540083,29560.4,0,-1,-1,0.00096213991,0.00096213991,0.00096213991,0.00096213991,validation
2020-12-18,33229,33101,0.4,39.53887,29644.317,0,-1,-1,0.0013990578,0.0013990578,0.0013990578,0.0013990578,validation
2020-12-21,33152,33144,0.82,63.859909,29739.85,1,-1,0,-0.001399798,-0.001449798,-0.001399798,-0.001399798,validation
2020-12-22,33020,32604,0.512,5.7514602,29824.633,0,1,1,-0.012848425,-0.012948425,-0.022713768,-0.012698425,validation
2020-12-23,32774,33069,0.872,63.286167,29927.8,1,1,1,0.014262054,0.014262054,0.026686434,0.014262054,validation
2020-12-24,33130,33729,0.404,86.566034,30039.933,0,1,1,0.019958269,0.019958269,0.037063779,0.019958269,validation
2020-12-28,33941,33895,0.1,89.814778,30148.267,-1,1,1,0.0049215808,0.0049215808,0.011835693,0.0049215808,validation
2020-12-29,34212,34472,0.052,96.201187,30261.95,-1,-1,-1,0.001331664,0.001181664,0.0045691388,0.001481664,validation
2020-12-30,34325,35199,0.216,98.527629,30382.683,0,-1,-1,-0.021306741,-0.021306741,-0.021306741,-0.021306741,validation
2021-01-04,35273,36125,0.06,99.424876,30517.817,-1,-1,-1,-0.026206004,-0.026206004,-0.026206004,-0.026206004,validation
2021-01-05,35934,36670,0.016,99.665103,30657.467,-1,-1,-1,-0.01530309,-0.01530309,-0.01530309,-0.01530309,validation
2021-01-06,36776,36311,0.088,64.28822,30791,-1,-1,-1,0.0097169198,0.0097169198,0.0097169198,0.0097169198,validation
2021-01-07,36723,37158,0.096,86.649428,30936.75,-1,-1,-1,-0.023057458,-0.023057458,-0.023057458,-0.023057458,validation
2021-01-08,37646,38802,0.156,96.108504,31109.55,-1,-1,-1,-0.043436941,-0.043436941,-0.043436941,-0.043436941,validation
2021-01-11,39211,38900,0.036,96.411616,31288.617,-1,-1,-1,-0.0026928489,-0.0026928489,-0.0026928489,-0.0026928489,validation
2021-01-12,38701,38600,0.22,65.280525,31466.167,0,-1,-1,0.0077387836,0.0077387836,0.0077387836,0.0077387836,validation
2021-01-13,38640,38814,0.328,76.230403,31650.017,0,-1,-1,-0.0055347086,-0.0055347086,-0.0055347086,-0.0055347086,validation
2021-01-14,38623,38767,0.652,66.954992,31832.033,0,-1,-1,0.0011742096,0.0011742096,0.0011742096,0.0011742096,validation
2021-01-15,38971,37914,0.088,12.361118,31996.617,-1,-1,-1,0.021717799,0.021717799,0.021717799,0.021717799,validation
2021-01-18,37512,37037,0.428,4.6181363,32145.067,0,-1,-1,0.023399819,0.023399819,0.023399819,0.023399819,validation
2021-01-19,37235,38009,0.168,60.066275,32312.9,-1,-1,-1,-0.026021773,-0.026021773,-0.026021773,-0.026021773,validation
2021-01-20,38683,38229,0.072,68.385668,32482.733,-1,-1,-1,-0.0062043384,-0.0062043384,-0.0062043384,-0.0062043384,validation
2021-01-21,38586,38789,0.244,84.657623,32662.8,0,-1,-1,-0.014550306,-0.014550306,-0.014550306,-0.014550306,validation
2021-01-22,38918,38521,0.356,56.716583,32842.4,0,-1,-1,0.0068413251,0.0068413251,0.0068413251,0.0068413251,validation
2021-01-25,38678,39439,0.452,86.727243,33034.783,0,-1,-1,-0.023670776,-0.023670776,-0.023670776,-0.023670776,validation
2021-01-26,39352,38366,0,33.09135,33214.117,-1,-1,-1,0.027317116,0.027317116,0.027317116,0.027317116,validation
2021-01-27,38646,38238,0.32,28.836512,33403.85,0,-1,-1,0.0031821893,0.0031821893,0.0031821893,0.0031821893,validation
2021-01-28,37609,37534,0.244,11.943731,33575,0,-1,-1,0.018476612,0.018476612,0.018476612,0.018476612,validation
2021-01-29,37963,36688,0.384,4.9601314,33722.95,0,-1,-1,0.021771828,0.021771828,0.021771828,0.021771828,validation
2021-02-01,36577,37604,0.18,58.061586,33883.333,-1,-1,-1,-0.025137191,-0.025137191,-0.025137191,-0.025137191,validation
2021-02-02,38005,38162,0.124,75.047371,34042.733,-1,-1,-1,-0.014750742,-0.014750742,-0.014750742,-0.014750742,validation
2021-02-03,38475,38479,0.136,82.911277,34206.217,-1,-1,-1,-0.0083049871,-0.0083049871,-0.0083049871,-0.0083049871,validation
2021-02-04,38389,37836,0.044,36.388396,34352.967,-1,-1,-1,0.016777799,0.016777799,0.016777799,0.016777799,validation
2021-02-05,38059,38319,0.616,65.484445,34507.85,0,-1,-1,-0.012685092,-0.012685092,-0.012685092,-0.012685092,validation
2021-02-08,38277,37940,0.32,38.120514,34648.65,0,-1,-1,0.0099099548,0.0099099548,0.0099099548,0.0099099548,validation
2021-02-09,38216,37813,0.612,29.780499,34789.683,0,-1,-1,0.0031939637,0.0031939637,0.0031939637,0.0031939637,validation
2021-02-10,37935,38078,0.912,63.293898,34930,1,-1,-1,-0.0069838473,-0.0069838473,-0.0069838473,-0.0069838473,validation
2021-02-15,38637,38637,0.432,87.81954,35069.1,0,1,1,-0.015030393,-0.015180393,-0.013444862,-0.014880393,validation
2021-02-16,38786,38802,0.344,91.264999,35211.1,0,1,1,0.0042705179,0.0042705179,0.0082113531,0.0042705179,validation
2021-02-17,38591,38384,0.06,37.50827,35346.65,-1,1,1,-0.010772641,-0.010772641,-0.02266289,-0.010772641,validation
2021-02-18,38319,37836,0.084,14.741436,35472.4,-1,-1,-1,0.010539954,0.010389954,0.0062010979,0.010689954,validation
2021-02-19,37863,38166,0.764,50.747098,35603.117,0,-1,-1,-0.0087104309,-0.0087104309,-0.0087104309,-0.0087104309,validation
2021-02-22,38409,37766,0.168,25.075338,35715.567,-1,-1,-1,0.010267357,0.010267357,0.010267357,0.010267357,validation
2021-02-23,37516,37726,0.86,22.771432,35824.55,1,-1,-1,0.00098504459,0.00098504459,0.00098504459,0.00098504459,validation
2021-02-24,37695,36921,0.832,4.8468993,35923.15,1,1,1,-0.020078385,-0.020228385,-0.040358951,-0.019928385,validation
2021-02-25,37480,38264,0.988,73.761298,36039.033,1,1,1,0.036374963,0.036374963,0.071344571,0.036374963,validation
2021-02-26,37436,37206,0.06,34.450063,36136.083,-1,1,1,-0.02765001,-0.02765001,-0.053055251,-0.02765001,validation
2021-03-02,38099,37621,0.792,53.776236,36247.983,0,-1,-1,0.036498895,0.036348895,0.056407129,0.036648895,validation
2021-03-03,37534,38041,0.944,71.051653,36358.75,1,-1,-1,-0.011226452,-0.011226452,-0.011226452,-0.011226452,validation
2021-03-04,37553,37553,0.1,38.026285,36452.233,-1,1,1,0.012478264,0.012328264,0.014984311,0.012628264,validation
2021-03-05,36997,37353,0.568,27.535524,36538.617,0,-1,-1,-0.024635676,-0.024785676,-0.036485263,-0.024485676,validation
2021-03-08,37695,37002,0.256,13.989174,36609.517,0,-1,-1,0.0090601844,0.0090601844,0.0090601844,0.0090601844,validation
2021-03-09,37012,36769,0.436,8.4621724,36673.583,0,-1,-1,0.0062934082,0.0062934082,0.0062934082,0.0062934082,validation
2021-03-10,37255,36559,0.748,4.9423327,36742.95,0,-1,-1,0.0052174669,0.0052174669,0.0052174669,0.0052174669,validation
2021-03-11,36706,37305,0.872,75.966558,36812.233,1,-1,0,-0.020374139,-0.020424139,-0.020374139,-0.020374139,validation
2021-03-12,37699,37636,0.948,85.548472,36891.417,1,1,1,-0.0019211319,-0.0020211319,-0.0013837868,-0.0017711319,validation
2021-03-15,37677,37453,0.86,59.373675,36962.783,1,1,1,-0.0048623658,-0.0048623658,-0.011161559,-0.0048623658,validation
2021-03-16,37631,37766,0.952,80.149675,37041.517,1,1,1,0.0083571409,0.0083571409,0.017026975,0.0083571409,validation
2021-03-17,37773,37465,0.036,40.40672,37115.233,-1,1,1,-0.0079701319,-0.0079701319,-0.013920241,-0.0079701319,validation
2021-03-18,37757,37740,0.9,68.734754,37191.233,1,-1,-1,0.0078976979,0.0077476979,0.014986764,0.0080476979,validation
2021-03-19,37216,37338,0.164,28.762096,37261.067,-1,1,1,0.016858148,0.016708148,0.020602606,0.017008148,validation
2021-03-22,37494,37403,0.348,40.038627,37332.767,0,-1,-1,0.0062652445,0.0061152445,0.007860288,0.0064152445,validation
2021-03-23,37631,37052,0.068,14.776719,37397.9,-1,-1,-1,0.009196692,0.009196692,0.009196692,0.009196692,validation
2021-03-24,36815,36880,0.236,9.1306996,37469.167,0,-1,-1,0.0046195378,0.0046195378,0.0046195378,0.0046195378,validation
2021-03-25,36784,37043,0.4,47.297447,37535.4,0,-1,-1,-0.0044563962,-0.0044563962,-0.0044563962,-0.0044563962,validation
2021-03-26,37189,37383,0.928,80.850912,37596.3,1,-1,-1,-0.0091374012,-0.0091374012,-0.0091374012,-0.0091374012,validation
2021-03-29,37516,37316,0.848,64.633269,37653.317,1,1,1,-0.009219859,-0.009369859,-0.012661843,-0.009069859,validation
2021-03-30,37418,37740,0.984,90.005934,37707.783,1,1,1,0.011362418,0.011362418,0.022736031,0.011362418,validation
2021-03-31,37836,37636,0.616,66.57539,37748.4,0,1,1,-0.0027556969,-0.0027556969,-0.0054634514,-0.0027556969,validation
2021-04-01,37903,37978,0.92,87.675833,37779.283,1,1,1,0.0090870443,0.0090870443,0.017995833,0.0090870443,validation
2021-04-02,38290,38402,0.972,95.195801,37808.15,1,1,1,0.011164358,0.011164358,0.022887979,0.011164358,validation
2021-04-05,38543,38479,0.484,96.067361,37844.283,0,1,1,0.0020051039,0.0020051039,0.0038202656,0.0020051039,validation
2021-04-06,38702,38534,0.824,96.876791,37867.217,1,1,1,0.0014293511,0.0014293511,0.0030808264,0.0014293511,validation
2021-04-07,38605,38628,0.736,98.166639,37864.317,0,1,1,0.0024394042,0.0024394042,0.0028906956,0.0024394042,validation
2021-04-08,38567,38591,0.632,74.081421,37859.167,0,1,1,-0.00095785441,-0.00095785441,0.00018014772,-0.00095785441,validation
2021-04-09,38623,38405,0.324,21.369031,37855.917,0,1,1,-0.0048197766,-0.0048197766,-0.010987032,-0.0048197766,validation
2021-04-12,38543,38405,0.332,21.369031,37849.1,0,1,1,0,0,-0.00036423238,0,validation
2021-04-13,38414,38844,0.98,89.811491,37850.383,1,1,0,0.011180803,0.011080803,0.022705001,0.011330803,validation
2021-04-14,38950,39113,0.868,95.070199,37870.367,1,1,1,0.0039348524,0.0038348524,0.0098617616,0.0040848524,validation
2021-04-15,39043,39149,0.268,95.668582,37905.567,0,1,1,0.00092041009,0.00092041009,0.0029855989,0.00092041009,validation
2021-04-16,39276,39126,0.872,82.82295,37924.183,1,1,1,-0.00058749904,-0.00058749904,-0.0021012082,-0.00058749904,validation
2021-04-19,39126,39121,0.776,78.254513,37939.05,0,1,1,-0.00012779226,-0.00012779226,0.00035093876,-0.00012779226,validation
2021-04-20,39040,39365,0.892,96.593499,37948.65,1,1,1,0.0062370594,0.0062370594,0.011576916,0.0062370594,validation
2021-04-21,39113,38660,0.004,16.445818,37950.967,-1,1,1,-0.01790931,-0.01790931,-0.035200277,-0.01790931,validation
2021-04-22,38825,38721,0.488,26.936723,37939,0,-1,-1,0.0066080962,0.0064580962,0.0095370163,0.0067580962,validation
2021-04-23,38516,38742,0.84,32.750437,37945.267,1,-1,-1,-0.00060447182,-0.00060447182,-0.00060447182,-0.00060447182,validation
2021-04-26,38844,39097,0.876,81.776449,37959.583,1,1,1,0.0035132828,0.0033632828,0.0074877793,0.0036632828,validation
2021-04-27,39131,39140,0.668,84.511774,37986.35,0,1,1,0.0010998286,0.0010998286,0.0036978341,0.0010998286,validation
2021-04-28,39097,38725,0.116,21.684993,38020.3,-1,1,1,-0.010602964,-0.010602964,-0.021929825,-0.010602964,validation
2021-04-29,38860,38594,0.856,14.758396,38036.8,1,-1,-1,0.010005068,0.0098550678,0.012093685,0.010155068,validation
2021-04-30,38535,38325,0.368,6.3839081,38039.517,0,1,1,-0.0042791872,-0.0044291872,-0.010997354,-0.0041291872,validation
2021-05-03,38283,38082,0.704,3.1522561,38032.9,0,1,1,-0.0063405088,-0.0063405088,-0.0097354886,-0.0063405088,validation
2021-05-04,38122,38401,0.92,58.418094,38042.317,1,1,1,0.0083766609,0.0083766609,0.015581525,0.0083766609,validation
2021-05-06,38243,38631,0.816,77.188845,38047.517,1,1,1,0.0059894274,0.0059894274,0.011872146,0.0059894274,validation
2021-05-07,38688,38879,0.952,88.441206,38063.167,1,1,1,0.0064197147,0.0064197147,0.013898917,0.0064197147,validation
2021-05-10,39093,39531,0.976,96.783609,38091.8,1,1,1,0.016769979,0.016769979,0.033291793,0.016769979,validation
2021-05-11,39244,38836,0.016,38.123727,38104.433,-1,1,1,-0.017581139,-0.017581139,-0.034458994,-0.017581139,validation
2021-05-12,38855,38195,0.032,17.999854,38097.067,-1,-1,-1,0.017133778,0.016983778,0.015365905,0.017283778,validation
2021-05-13,37688,37756,0.632,10.446665,38079.633,0,-1,-1,0.011445751,0.011445751,0.011445751,0.011445751,validation
2021-05-14,37899,38108,0.856,46.469149,38075.033,1,-1,-1,-0.0092812482,-0.0092812482,-0.0092812482,-0.0092812482,validation
2021-05-17,38325,37941,0.344,33.632432,38076.783,0,1,1,-0.016006857,-0.016156857,-0.025211241,-0.015856857,validation
2021-05-18,38063,38393,0.784,73.403443,38080.567,0,1,1,0.011913234,0.011913234,0.023961063,0.011913234,validation
2021-05-20,38098,38271,0.54,55.461991,38088.983,0,1,1,-0.0031776626,-0.0031776626,-0.0071297989,-0.0031776626,validation
2021-05-21,38485,38252,0.344,51.538299,38097.75,0,1,1,-0.00049645946,-0.00049645946,-0.00036825631,-0.00049645946,validation
2021-05-24,38213,38145,0.768,28.683077,38118.15,0,1,0,-0.0030472394,-0.0031472394,-0.0065126635,-0.0028972394,validation
2021-05-25,38339,38507,0.924,82.173506,38122.2,1,0,0,0,0,0,0,validation
2021-05-26,38557,38428,0.584,61.90725,38142.567,0,1,1,-0.003595696,-0.003695696,-0.0064250817,-0.003445696,validation
2021-05-27,38457,38361,0.748,43.647976,38154.9,0,1,1,-0.0017435203,-0.0017435203,-0.0014619883,-0.0017435203,validation
2021-05-28,38476,38598,0.96,81.743191,38164.183,1,1,1,0.0061781497,0.0061781497,0.012079063,0.0061781497,validation
2021-05-31,38721,38747,0.696,90.131558,38184.083,0,1,1,0.0038603036,0.0038603036,0.0068716094,0.0038603036,validation
2021-06-01,38747,38966,0.904,95.801811,38210.967,1,1,1,0.0056520505,0.0056520505,0.011673851,0.0056520505,validation
2021-06-02,38976,38936,0.728,82.771837,38243.2,0,1,1,-0.00076990197,-0.00076990197,-0.0014202024,-0.00076990197,validation
2021-06-03,39009,39300,0.988,95.993918,38285.383,1,1,1,0.0093486747,0.0093486747,0.018488889,0.0093486747,validation
2021-06-04,39147,39151,0.608,58.953006,38328.583,0,1,1,-0.0037913486,-0.0037913486,-0.0094257287,-0.0037913486,validation
2021-06-07,39375,39290,0.56,76.13464,38361.667,0,1,1,0.0035503563,0.0035503563,0.0075770925,0.0035503563,validation
2021-06-08,39290,39214,0.484,52.228123,38387.967,0,1,1,-0.0019343344,-0.0019343344,-0.0034977265,-0.0019343344,validation
2021-06-09,39128,38769,0.404,11.166674,38409.9,0,1,1,-0.011347988,-0.011347988,-0.021411021,-0.011347988,validation
2021-06-10,38794,38899,0.744,39.128132,38428.783,0,1,0,0.0031031946,0.0030031946,0.006026901,0.0032531946,validation
2021-06-11,39009,39186,0.916,74.528472,38457.467,1,0,0,0,0,0,0,validation
2021-06-14,39224,39170,0.48,69.990145,38481.3,0,1,1,-0.0016267081,-0.0017267081,-0.0020040782,-0.0014767081,validation
2021-06-15,39196,39258,0.836,82.028225,38513.3,1,1,1,0.0022466173,0.0022466173,0.0047443332,0.0022466173,validation
2021-06-16,39210,39499,0.936,94.378796,38548.233,1,1,1,0.0061388762,0.0061388762,0.011717384,0.0061388762,validation
2021-06-17,39280,39271,0.196,41.028891,38585.217,-1,1,1,-0.005772298,-0.005772298,-0.011581677,-0.005772298,validation
2021-06-18,39363,39388,0.292,62.680054,38627.017,0,-1,-1,0.0013560936,0.0012060936,0.0026851661,0.0015060936,validation
2021-06-21,38984,39009,0.016,18.551963,38659.783,-1,-1,-1,0.0096090647,0.0096090647,0.0096090647,0.0096090647,validation
2021-06-22,39224,39276,0.852,59.111313,38691.333,1,-1,-1,-0.0068299608,-0.0068299608,-0.0068299608,-0.0068299608,validation
2021-06-23,39412,39482,0.836,76.878353,38727.433,1,1,1,-0.0020427157,-0.0021927157,0.00051558013,-0.0018927157,validation
2021-06-24,39545,39630,0.728,85.765705,38758.933,0,1,1,0.0037485436,0.0037485436,0.0069192181,0.0037485436,validation
2021-06-25,39789,39829,0.792,93.000629,38795.483,0,1,1,0.0050214484,0.0050214484,0.010307507,0.0050214484,validation
2021-06-28,39884,39789,0.252,77.221798,38825.667,0,1,1,-0.0010042934,-0.0010042934,-0.0022105084,-0.0010042934,validation
2021-06-29,39811,39635,0.348,33.481376,38846.217,0,1,1,-0.0038704164,-0.0038704164,-0.0074982958,-0.0038704164,validation
2021-06-30,39731,39774,0.78,67.110839,38867.8,0,1,0,0.0032570014,0.0031570014,0.0059313187,0.0034070014,validation
2021-07-01,39793,39545,0.024,25.174584,38884.65,-1,0,0,0,0,0,0,validation
2021-07-02,39531,39495,0.46,19.777756,38899.1,0,-1,-1,0.0008106777,0.0007606777,0.0008106777,0.0008106777,validation
2021-07-05,39663,39680,0.852,68.98284,38917.25,1,-1,-1,-0.0046804909,-0.0046804909,-0.0046804909,-0.0046804909,validation
2021-07-06,39789,39861,0.532,85.902544,38941.517,0,1,1,-0.0012924012,-0.0014424012,0.00082116898,-0.0011424012,validation
2021-07-07,39726,39612,0.04,34.349139,38961.633,-1,1,1,-0.0062467073,-0.0062467073,-0.013101923,-0.0062467073,validation
2021-07-08,39658,39200,0.008,11.503396,38967.567,-1,-1,-1,0.012373417,0.012223417,0.014163626,0.012523417,validation
2021-07-09,38817,38783,0.14,4.9026753,38962.067,-1,-1,-1,0.010654871,0.010654871,0.010654871,0.010654871,validation
2021-07-12,39019,39133,0.908,51.560634,38961.8,1,-1,-1,-0.0089890153,-0.0089890153,-0.0089890153,-0.0089890153,validation
2021-07-13,39309,39462,0.928,74.802549,38967.4,1,1,1,-0.0009727498,-0.0011227498,0.0029979835,-0.0008227498,validation
2021-07-14,39327,39327,0.276,53.669266,38970.833,0,1,1,-0.0034210126,-0.0034210126,-0.0076455256,-0.0034210126,validation
2021-07-15,39438,39593,0.74,78.077025,38974.633,0,1,1,0.006763801,0.006763801,0.014533357,0.006763801,validation
2021-07-16,39417,39426,0.276,46.992161,38987.4,0,1,1,-0.0042179173,-0.0042179173,-0.0096651709,-0.0042179173,validation
2021-07-19,39088,38980,0.092,15.030072,38991.717,-1,1,1,-0.011312332,-0.011312332,-0.022133147,-0.011312332,validation
2021-07-20,38697,38855,0.488,10.881465,38993.6,0,-1,-1,-0.011663494,-0.011813494,-0.018809991,-0.011513494,validation
2021-07-21,39098,38655,0.092,5.7779776,38986.233,-1,-1,-1,0.0050056203,0.0050056203,0.0050056203,0.0050056203,validation
2021-07-22,38883,39137,0.972,71.102996,38986.183,1,-1,-1,-0.012392219,-0.012392219,-0.012392219,-0.012392219,validation
2021-07-23,39200,39210,0.552,76.118308,38994.267,0,1,1,-0.0017050385,-0.0018550385,-0.0017835227,-0.0015550385,validation
2021-07-26,39332,38787,0.112,25.276941,38997.483,-1,1,1,-0.010788064,-0.010788064,-0.020116464,-0.010788064,validation
2021-07-27,38989,38851,0.868,37.84032,39006.25,1,-1,-1,0.0084158236,0.0082658236,0.013671233,0.0085658236,validation
2021-07-28,38783,38966,0.34,61.252551,39020.983,0,1,1,0.0061270977,0.0059770977,0.0098820391,0.0062770977,validation
2021-07-29,39083,39023,0.432,71.78662,39031.35,0,1,1,0.0014628137,0.0014628137,0.0028581636,0.0014628137,validation
2021-07-30,38860,38549,0.008,13.001192,39029.983,-1,1,1,-0.012146683,-0.012146683,-0.024225151,-0.012146683,validation
2021-08-02,38729,38729,0.64,46.361354,39027.483,0,-1,-1,0.0043193818,0.0041693818,0.009872709,0.0044693818,validation
2021-08-03,38678,39069,0.944,78.09424,39019.783,1,-1,-1,-0.0088055754,-0.0088055754,-0.0088055754,-0.0088055754,validation
2021-08-04,39170,39618,0.992,92.473633,39032.817,1,1,1,0.0084725872,0.0083225872,0.019813506,0.0086225872,validation
2021-08-05,39608,39546,0.268,78.890577,39055.333,0,1,1,-0.0018173557,-0.0018173557,-0.0036300778,-0.0018173557,validation
2021-08-06,39541,39359,0.236,44.748177,39082.05,0,1,1,-0.0047286704,-0.0047286704,-0.0086745316,-0.0047286704,validation
2021-08-09,39186,39177,0.144,24.287717,39099.867,-1,1,1,-0.0046241012,-0.0046241012,-0.00840042,-0.0046241012,validation
2021-08-10,39309,38922,0.064,10.646602,39116.217,-1,-1,-1,0.012897569,0.012747569,0.015554857,0.013047569,validation
2021-08-11,38817,38573,0.024,4.1959203,39119.217,-1,-1,-1,0.0090005663,0.0090005663,0.0090005663,0.0090005663,validation
2021-08-12,38564,38417,0.14,2.7216964,39121.65,-1,-1,-1,0.0040460585,0.0040460585,0.0040460585,0.0040460585,validation
2021-08-13,38328,37772,0.112,0.69691141,39113.65,-1,-1,-1,0.016856655,0.016856655,0.016856655,0.016856655,validation
2021-08-17,37805,37342,0.528,0.34986865,39100.267,0,-1,-1,0.011362694,0.011362694,0.011362694,0.011362694,validation
2021-08-18,37357,37531,0.768,30.69035,39084,0,-1,-1,-0.0050575831,-0.0050575831,-0.0050575831,-0.0050575831,validation
2021-08-19,37240,36782,0.508,8.9916459,39056.567,0,-1,-1,0.020147552,0.020147552,0.020147552,0.020147552,validation
2021-08-20,36927,36424,0.716,5.3653601,39024.283,0,-1,-1,0.009625626,0.009625626,0.009625626,0.009625626,validation
2021-08-23,36673,36750,0.728,45.439582,38993.483,0,-1,0,-0.0090214359,-0.0090714359,-0.0090214359,-0.0090214359,validation
2021-08-24,37055,37451,0.852,80.660211,38971.883,1,0,0,0,0,0,0,validation
2021-08-25,37547,37566,0.708,84.040466,38948.55,0,1,1,0.00025603244,0.00015603244,0.001094086,0.00040603244,validation
2021-08-26,37625,37287,0.456,45.474606,38921.067,0,1,1,-0.0074269286,-0.0074269286,-0.015340364,-0.0074269286,validation
2021-08-27,37148,37262,0.592,42.018986,38887.1,0,1,1,-0.00067047496,-0.00067047496,-0.0013631938,-0.00067047496,validation
2021-08-30,37635,37352,0.5,62.523471,38857.117,0,1,1,0.0024153293,0.0024153293,0.0044851794,0.0024153293,validation
2021-08-31,37383,38092,0.856,94.501228,38837.15,1,1,0,0.019561523,0.019461523,0.038771549,0.019711523,validation
2021-09-01,38047,38148,0.564,95.130142,38819.383,0,1,1,0.0024046114,0.0023046114,0.0080113594,0.0025546114,validation
2021-09-02,38071,37797,0.204,39.087823,38803.183,0,1,1,-0.0092010066,-0.0092010066,-0.018063315,-0.0092010066,validation
2021-09-03,37914,38043,0.724,66.637431,38788.917,0,1,1,0.0065084531,0.0065084531,0.012706239,0.0065084531,validation
2021-09-06,38085,38174,0.644,77.483601,38772.05,0,1,1,0.0034434719,0.0034434719,0.0059925094,0.0034434719,validation
2021-09-07,38144,37945,0.492,36.264754,38751.633,0,1,0,-0.0062488474,-0.0063488474,-0.011791325,-0.0060988474,validation
2021-09-08,37810,37615,0.516,14.315874,38724.25,0,0,0,0,0,0,0,validation
2021-09-09,37499,36949,0.3,4.1580028,38681.75,0,0,0,0,0,0,0,validation
2021-09-10,37019,37122,0.284,29.972137,38645.933,0,0,0,0,0,0,0,validation
2021-09-13,36986,37203,0.796,44.076799,38609.517,0,0,0,0,0,0,0,validation
2021-09-14,37342,37442,0.848,74.447923,38583.4,1,0,0,0,0,0,0,validation
2021-09-15,37451,37495,0.78,79.40788,38553.717,0,1,1,0.00092486849,0.00082486849,0.0032269171,0.0010748685,validation
2021-09-16,37644,37167,0.336,23.337482,38515.133,0,1,1,-0.008747833,-0.008747833,-0.018094321,-0.008747833,validation
2021-09-17,37038,37262,0.608,45.591795,38475.667,0,1,1,0.0025560309,0.0025560309,0.0047049598,0.0025560309,validation
2021-09-23,37038,37203,0.796,33.509336,38431.9,0,1,1,-0.0015833825,-0.0015833825,-0.0042926829,-0.0015833825,validation
2021-09-24,37379,37167,0.516,25.320511,38388.2,0,1,0,-0.0012176639,-0.0013176639,-0.0012298158,-0.0010676639,validation
2021-09-27,37172,37291,0.816,72.170535,38349.133,1,0,0,0,0,0,0,validation
2021-09-28,37262,36805,0.264,12.195916,38299.65,0,1,1,-0.012514505,-0.012614505,-0.021984874,-0.012364505,validation
2021-09-29,36359,36317,0.364,4.5697021,38245.85,0,1,1,-0.013259068,-0.013259068,-0.024619696,-0.013259068,validation
2021-09-30,36251,36469,0.556,31.322216,38195.417,0,1,1,0.0041853677,0.0041853677,0.0080032834,0.0041853677,validation
2021-10-01,36263,35788,0.344,8.9187409,38130.55,0,1,1,-0.018673394,-0.018673394,-0.038680782,-0.018673394,validation
2021-10-05,35462,35259,0.484,4.2244416,38053.85,0,1,0,-0.015031491,-0.015131491,-0.030110229,-0.014881491,validation
2021-10-06,35439,34713,0.424,2.0246437,37972.2,0,0,0,0,0,0,0,validation
2021-10-07,35020,35294,0.54,53.527032,37907.1,0,0,0,0,0,0,0,validation
2021-10-08,35449,35217,0.544,46.98101,37847.667,0,0,0,0,0,0,0,validation
2021-10-12,35106,34614,0.472,16.114739,37772.35,0,0,0,0,0,0,0,validation
2021-10-13,34585,34962,0.82,52.292439,37697.35,1,0,0,0,0,0,0,validation
2021-10-14,35162,35401,0.516,77.152694,37631.917,0,1,1,0.0065471105,0.0064471105,0.011158513,0.0066971105,validation
2021-10-15,35649,35766,0.752,87.759385,37568.133,0,1,1,0.010310443,0.010310443,0.021041215,0.010310443,validation
2021-10-18,35806,35653,0.604,68.16534,37505.25,0,1,1,-0.0031594252,-0.0031594252,-0.0065859358,-0.0031594252,validation
2021-10-19,35906,35953,0.36,85.433727,37454.8,0,1,1,0.0084144392,0.0084144392,0.016894782,0.0084144392,validation
2021-10-20,36093,35793,0.356,54.119849,37403.767,0,1,0,-0.0047002545,-0.0048002545,-0.0088725026,-0.0045502545,validation
2021-10-21,35837,35731,0.632,42.147464,37355.033,0,0,0,0,0,0,0,validation
2021-10-22,35685,35761,0.52,52.348809,37298.767,0,0,0,0,0,0,0,validation
2021-10-25,35670,35948,0.576,85.10105,37244.4,0,0,0,0,0,0,0,validation
2021-10-26,36146,36280,0.624,95.669645,37202.617,0,0,0,0,0,0,0,validation
2021-10-27,36170,35977,0.148,41.690108,37154.717,-1,0,0,0,0,0,0,validation
2021-10-28,35953,35877,0.624,30.3769,37103.233,0,-1,-1,0.0020138709,0.0019638709,0.0020138709,0.0020138709,validation
2021-10-29,36028,35301,0.152,7.3621029,37041.2,-1,-1,-1,0.015884996,0.015884996,0.015884996,0.015884996,validation
2021-11-01,35594,35448,0.62,33.196047,36989.517,0,-1,-1,-0.0042322785,-0.0042322785,-0.0042322785,-0.0042322785,validation
2021-11-02,35638,35919,0.888,76.030547,36942.683,1,-1,-1,-0.013202543,-0.013202543,-0.013202543,-0.013202543,validation
2021-11-03,36059,35410,0.316,31.867186,36881.7,0,1,1,-0.022175788,-0.022325788,-0.037290734,-0.022025788,validation
2021-11-04,35747,35609,0.82,53.147299,36814.883,1,1,1,0.0056198814,0.0056198814,0.01237785,0.0056198814,validation
2021-11-05,35873,35457,0.204,35.980072,36746.733,0,1,1,-0.0042685838,-0.0042685838,-0.009009009,-0.0042685838,validation
2021-11-08,35524,35410,0.496,29.989452,36680.917,0,1,1,-0.0013255493,-0.0013255493,-0.0021645022,-0.0013255493,validation
2021-11-09,35420,35500,0.524,57.24946,36619.633,0,1,1,0.0025416549,0.0025416549,0.0045553145,0.0025416549,validation
2021-11-10,35301,35123,0.192,13.432359,36556.317,-1,1,1,-0.010619718,-0.010619718,-0.0209458,-0.010619718,validation
2021-11-11,34887,35118,0.452,13.165087,36498.733,0,-1,-1,-0.013646131,-0.013796131,-0.020774389,-0.013496131,validation
2021-11-12,35354,35491,0.98,78.120243,36449.967,1,-1,-1,-0.010569251,-0.010569251,-0.010569251,-0.010569251,validation
2021-11-15,35733,35901,0.912,91.726202,36418.783,1,1,1,-0.0024991517,-0.0026491517,0.0021590071,-0.0023491517,validation
2021-11-16,35887,35837,0.824,76.813673,36393.7,1,1,1,-0.0017826801,-0.0017826801,-0.0033833791,-0.0017826801,validation
2021-11-17,35906,35387,0.08,23.374386,36357.967,-1,1,1,-0.012556855,-0.012556855,-0.024400594,-0.012556855,validation
2021-11-18,35243,35243,0.544,16.173269,36332.317,0,-1,-1,-0.004419291,-0.004569291,-0.0031773162,-0.004269291,validation
2021-11-19,35335,35500,0.756,60.076136,36316.917,0,-1,-1,-0.0072678488,-0.0072678488,-0.0072678488,-0.0072678488,validation
2021-11-22,35694,36323,1,90.831247,36309.8,1,-1,-1,-0.022990497,-0.022990497,-0.022990497,-0.022990497,validation
2021-11-23,36264,36005,0.488,56.936481,36285.7,0,1,1,-0.0058793551,-0.0060293551,-0.012651568,-0.0057293551,validation
2021-11-24,36111,35934,0.66,48.804145,36258.5,0,1,1,-0.0019719483,-0.0019719483,-0.0039983165,-0.0019719483,validation
2021-11-25,35956,35669,0.264,23.620144,36231.533,0,1,1,-0.0073746313,-0.0073746313,-0.014789774,-0.0073746313,validation
2021-11-26,35505,35013,0.236,6.6445876,36194.05,0,1,1,-0.01839132,-0.01839132,-0.036671671,-0.01839132,validation
2021-11-29,34656,34738,0.732,4.1462332,36150.483,0,1,0,-0.0081042256,-0.0082042256,-0.017391585,-0.0079542256,validation
2021-11-30,35040,34032,0.308,1.4148161,36082.817,0,0,0,0,0,0,0,validation
2021-12-01,34136,34850,0.992,60.980416,36027.85,1,0,0,0,0,0,0,validation
2021-12-02,34624,35400,0.932,78.471951,35987.9,1,1,1,0.0221622,0.0220622,0.046736019,0.0223122,validation
2021-12-03,35282,35669,0.952,85.034327,35948.333,1,1,1,0.0075988701,0.0075988701,0.01619965,0.0075988701,validation
2021-12-06,35551,35737,0.856,87.032765,35907.717,1,1,1,0.0019064173,0.0019064173,0.002800517,0.0019064173,validation
2021-12-07,35774,36032,0.468,93.992785,35875.833,0,1,1,0.00825475,0.00825475,0.016756176,0.00825475,validation
2021-12-08,36348,36192,0.664,96.203313,35852.117,0,1,1,0.0044404973,0.0044404973,0.0078174519,0.0044404973,validation
2021-12-09,36146,36299,0.376,97.455596,35841.283,0,1,1,0.0029564545,0.0029564545,0.0083857442,0.0029564545,validation
2021-12-10,36174,36102,0.872,44.00724,35824.283,1,1,1,-0.0054271468,-0.0054271468,-0.011850312,-0.0054271468,validation
2021-12-13,36277,36128,0.616,51.088003,35806.367,0,1,1,0.00072018171,0.00072018171,0.0012623606,0.00072018171,validation
2021-12-14,35914,35924,0.724,17.118198,35781.067,0,1,1,-0.0056465899,-0.0056465899,-0.013658332,-0.0056465899,validation
2021-12-15,35765,35934,0.204,22.190516,35755.05,0,1,1,0.00027836544,0.00027836544,0.00063911376,0.00027836544,validation
2021-12-16,36223,36142,0.48,78.056467,35737.967,0,1,1,0.0057883898,0.0057883898,0.012561209,0.0057883898,validation
2021-12-17,35924,36232,0.828,86.465739,35720.8,1,1,0,0.0022401776,0.0021401776,0.0039552145,0.0023901776,validation
2021-12-20,36050,35564,0.016,12.927067,35693.483,-1,1,1,-0.013731276,-0.013831276,-0.026532323,-0.013581276,validation
2021-12-21,35750,35837,0.656,48.634539,35671.317,0,-1,-1,0.0024337139,0.0022837139,0.010462309,0.0025837139,validation
2021-12-22,36041,36028,0.748,67.362583,35650.267,0,-1,-1,-0.0053337937,-0.0053337937,-0.0053337937,-0.0053337937,validation
2021-12-23,36223,36204,0.764,80.479314,35640.25,0,-1,-1,-0.0048907674,-0.0048907674,-0.0048907674,-0.0048907674,validation
2021-12-24,36348,36475,0.944,91.27624,35642.883,1,-1,-1,-0.0074575662,-0.0074575662,-0.0074575662,-0.0074575662,validation
2021-12-27,36488,36262,0.296,48.825144,35639.433,0,1,1,-0.0068980181,-0.0070480181,-0.012075391,-0.0067480181,validation
2021-12-28,36408,36556,0.784,77.593148,35652.233,0,1,1,0.0081076609,0.0081076609,0.013386321,0.0081076609,validation
2021-12-29,36556,36475,0.164,59.242411,35672.5,-1,1,1,-0.0022157785,-0.0022157785,-0.0024767802,-0.0022157785,validation
2021-12-30,36503,36252,0.072,25.732879,35698.15,-1,-1,-1,0.0072990747,0.0071490747,0.0092344836,0.0074490747,validation
2022-01-03,36418,36338,0.704,48.291812,35715.55,0,-1,-1,-0.0023924007,-0.0023924007,-0.0023924007,-0.0023924007,validation
2022-01-04,36434,36313,0.212,41.043485,35733.817,0,-1,-1,0.00067043739,0.00067043739,0.00067043739,0.00067043739,validation
2022-01-05,36232,35797,0.204,5.7037373,35753.533,0,-1,-1,0.014263348,0.014263348,0.014263348,0.014263348,validation
2022-01-06,35551,35438,0.32,2.594846,35761.467,0,-1,-1,0.01007246,0.01007246,0.01007246,0.01007246,validation
2022-01-07,35665,35882,0.856,58.519786,35769.483,1,-1,0,-0.012550976,-0.012600976,-0.012550976,-0.012550976,validation
2022-01-10,35842,35609,0.072,34.301403,35766.867,-1,1,1,-0.0067507533,-0.0068507533,-0.013557577,-0.0066007533,validation
2022-01-11,35665,35716,0.48,50.394045,35767.917,0,-1,-1,-0.00020958606,-0.00035958606,0.0027816909,-5.958606e-05,validation
2022-01-12,35956,36299,0.98,86.480555,35773.683,1,-1,-1,-0.016195013,-0.016195013,-0.016195013,-0.016195013,validation
2022-01-13,36348,36115,0.128,59.266227,35779.05,-1,1,1,-0.0081015027,-0.0082515027,-0.015439926,-0.0079515027,validation
2022-01-14,35827,35555,0.104,20.328067,35776.117,-1,-1,-1,-0.00079302921,-0.00094302921,-0.004258694,-0.00064302921,validation
2022-01-17,35555,35297,0.088,12.662445,35768.383,-1,-1,-1,0.0072563634,0.0072563634,0.0072563634,0.0072563634,validation
2022-01-18,35405,35023,0.224,7.0309322,35752.967,0,-1,-1,0.0076966734,0.0076966734,0.0076966734,0.0076966734,validation
2022-01-19,34782,34769,0.24,3.8535011,35727.783,0,-1,-1,0.0072575208,0.0072575208,0.0072575208,0.0072575208,validation
2022-01-20,34774,34972,0.144,44.177567,35711.033,-1,-1,-1,-0.0058368967,-0.0058368967,-0.0058368967,-0.0058368967,validation
2022-01-21,34641,34577,0.132,16.78379,35689.367,-1,-1,-1,0.011329723,0.011329723,0.011329723,0.011329723,validation
2022-01-24,34478,34185,0.06,7.5238398,35670.767,-1,-1,-1,0.011385679,0.011385679,0.011385679,0.011385679,validation
2022-01-25,34100,33352,0.044,2.2494077,35635.833,-1,-1,-1,0.024476496,0.024476496,0.024476496,0.024476496,validation
2022-01-26,33469,33253,0.148,1.9281223,35591.4,-1,-1,-1,0.0029230579,0.0029230579,0.0029230579,0.0029230579,validation
2022-01-27,33332,32151,0.44,0.46129587,35537.083,0,-1,-1,0.032971516,0.032971516,0.032971516,0.032971516,validation
2022-01-28,32324,33015,0.38,54.608772,35493.85,0,-1,-1,-0.026643136,-0.026643136,-0.026643136,-0.026643136,validation
2022-02-03,33583,33332,0.624,67.558544,35458.433,0,-1,-1,-0.0098588668,-0.0098588668,-0.0098588668,-0.0098588668,validation
2022-02-04,33423,33772,0.868,81.896295,35431.133,1,-1,-1,-0.013143513,-0.013143513,-0.013143513,-0.013143513,validation
2022-02-07,33702,33423,0.216,48.142981,35396.517,0,1,1,-0.0065728764,-0.0067228764,-0.0074049705,-0.0064228764,validation
2022-02-08,33688,33488,0.616,55.044613,35369.267,0,1,1,0.0019447686,0.0019447686,0.0044720497,0.0019447686,validation
2022-02-09,33789,33951,0.716,84.476815,35349.817,0,1,1,0.013825848,0.013825848,0.027949542,0.013825848,validation
2022-02-10,34156,34234,0.896,91.377654,35328.867,1,1,1,0.0083355424,0.0083355424,0.015880654,0.0083355424,validation
2022-02-11,33924,33915,0.372,45.638577,35295.767,0,1,1,-0.0093182217,-0.0093182217,-0.017527238,-0.0093182217,validation
2022-02-14,33578,33461,0.816,18.821873,35256.167,1,1,1,-0.013386407,-0.013386407,-0.027724204,-0.013386407,validation
2022-02-15,33561,33257,0.168,12.317551,35220.667,-1,1,1,-0.0060966498,-0.0060966498,-0.012149764,-0.0060966498,validation
2022-02-16,33618,33856,0.552,71.056084,35197.55,0,-1,-1,0.0033484695,0.0031984695,0.014751664,0.0034984695,validation
2022-02-17,33961,34077,0.876,80.630677,35173.833,1,-1,-1,-0.0065064599,-0.0065064599,-0.0065064599,-0.0065064599,validation
2022-02-18,33717,33947,0.336,58.042162,35134.233,0,1,1,0.017107859,0.016957859,0.025039215,0.017257859,validation
2022-02-21,33541,33971,0.504,61.975397,35100.333,0,1,1,0.00070698442,0.00070698442,0.00096385542,0.00070698442,validation
2022-02-22,33433,33478,0.124,12.775121,35059.4,-1,1,1,-0.014512378,-0.014512378,-0.028887819,-0.014512378,validation
2022-02-23,33717,33595,0.22,36.64691,35024.833,0,-1,-1,0.010433201,0.010283201,0.018195745,0.010583201,validation
2022-02-24,33186,32717,0.116,7.1750417,34986.567,-1,-1,-1,0.026478951,0.026478951,0.026478951,0.026478951,validation
2022-02-25,33023,33086,0.232,44.614432,34959.033,0,-1,-1,-0.011242854,-0.011242854,-0.011242854,-0.011242854,validation
2022-02-28,32871,33337,0.448,64.237568,34947.45,0,-1,-1,-0.0077705359,-0.0077705359,-0.0077705359,-0.0077705359,validation
2022-03-02,33353,33201,0.268,46.416333,34919.967,0,-1,-1,0.0040751767,0.0040751767,0.0040751767,0.0040751767,validation
2022-03-03,33509,33834,0.656,85.043019,34893.867,0,-1,-1,-0.018885741,-0.018885741,-0.018885741,-0.018885741,validation
2022-03-04,33707,33308,0.072,38.690595,34854.517,-1,-1,0,0.015535357,0.015485357,0.015535357,0.015535357,validation
2022-03-07,32785,32562,0.032,15.196463,34801.6,-1,-1,-1,0.0067018911,0.0066518911,0.0067018911,0.0067018911,validation
2022-03-08,32151,32139,0.22,8.999289,34736.717,0,-1,-1,0.013000025,0.013000025,0.013000025,0.013000025,validation
2022-03-10,32785,32804,0.152,60.126228,34680.25,-1,-1,-1,-0.020668074,-0.020668074,-0.020668074,-0.020668074,validation
2022-03-11,32707,32682,0.116,49.849909,34619.967,-1,-1,-1,0.003723579,0.003723579,0.003723579,0.003723579,validation
2022-03-14,32643,32622,0.54,42.675677,34561.967,0,-1,-1,0.0018374083,0.0018374083,0.0018374083,0.0018374083,validation
2022-03-15,32518,32339,0.404,18.101216,34498.817,0,-1,-1,0.0087102252,0.0087102252,0.0087102252,0.0087102252,validation
2022-03-16,32678,32823,0.552,72.421547,34447.133,0,-1,-1,-0.014873421,-0.014873421,-0.014873421,-0.014873421,validation
2022-03-17,33373,33317,0.592,88.284086,34403.517,0,-1,-1,-0.015106657,-0.015106657,-0.015106657,-0.015106657,validation
2022-03-18,33228,33390,0.708,89.986331,34357.65,0,-1,0,-0.0023171211,-0.0023671211,-0.0023171211,-0.0023171211,validation
2022-03-21,33561,33050,0.148,38.236447,34304.617,-1,0,0,0,0,0,0,validation
2022-03-22,33050,33348,0.9,69.242668,34267.683,1,-1,-1,-0.0091166415,-0.0091666415,-0.0091166415,-0.0091166415,validation
2022-03-23,33538,33642,0.672,84.548347,34231.1,0,1,1,-0.0029642007,-0.0031142007,-0.00036293987,-0.0028142007,validation
2022-03-24,33410,33488,0.736,55.575521,34188.767,0,1,1,-0.0045776113,-0.0045776113,-0.0088976767,-0.0045776113,validation
2022-03-25,33632,33348,0.204,34.241406,34141.167,0,1,1,-0.004180602,-0.004180602,-0.0067331671,-0.004180602,validation
2022-03-28,33243,33373,0.664,42.16984,34089.467,0,1,1,0.00074967015,0.00074967015,0.0012553352,0.00074967015,validation
2022-03-29,33546,33546,0.264,78.329987,34044.2,0,1,0,0.0049338312,0.0048338312,0.008526329,0.0050838312,validation
2022-03-30,33772,33665,0.584,88.350798,33996.017,0,0,0,0,0,0,0,validation
2022-03-31,33642,33772,0.752,93.63985,33950.967,0,0,0,0,0,0,0,validation
2022-04-01,33627,33509,0.144,28.973212,33905.25,-1,0,0,0,0,0,0,validation
2022-04-04,33447,33669,0.56,61.403943,33860.767,0,-1,-1,-0.0067373666,-0.0067873666,-0.0067373666,-0.0067373666,validation
2022-04-05,33801,33637,0.368,51.921102,33816.167,0,-1,-1,0.00091238502,0.00091238502,0.00091238502,0.00091238502,validation
2022-04-06,33423,33289,0.048,11.911422,33774.367,-1,-1,-1,0.010396764,0.010396764,0.010396764,0.010396764,validation
2022-04-07,33135,32853,0.044,4.0640919,33731.283,-1,-1,-1,0.013176163,0.013176163,0.013176163,0.013176163,validation
2022-04-08,32922,32876,0.36,10.298958,33681.183,0,-1,-1,-0.00070595743,-0.00070595743,-0.00070595743,-0.00070595743,validation
2022-04-11,32751,32876,0.676,10.298958,33635.633,0,-1,-1,-2.902328e-05,-2.902328e-05,-2.902328e-05,-2.902328e-05,validation
2022-04-12,32648,32567,0.164,2.2924775,33583.15,-1,-1,-1,0.009433366,0.009433366,0.009433366,0.009433366,validation
2022-04-13,32658,33186,0.956,76.253799,33531.267,1,-1,-1,-0.018916618,-0.018916618,-0.018916618,-0.018916618,validation
2022-04-14,33178,33001,0.196,52.499474,33479.367,-1,1,1,-0.005445081,-0.005595081,-0.0070053872,-0.005295081,validation
2022-04-15,32785,32608,0.088,22.594757,33430.25,-1,-1,-1,-0.0015317824,-0.0016817824,-0.012789327,-0.0013817824,validation
2022-04-18,32504,32634,0.812,28.019863,33385.867,1,-1,-1,-0.00082286241,-0.00082286241,-0.00082286241,-0.00082286241,validation
2022-04-19,32769,33020,0.932,76.637763,33352.483,1,1,1,0.003141202,0.002991202,0.0071895636,0.003291202,validation
2022-04-20,33027,32992,0.756,69.798199,33322.867,0,1,1,-0.00084797093,-0.00084797093,-0.0010301313,-0.00084797093,validation
2022-04-21,33094,33135,0.888,84.200588,33292.25,1,1,1,0.0043343841,0.0043343841,0.010054138,0.0043343841,validation
2022-04-22,32839,32772,0.06,24.612557,33262.167,-1,1,1,-0.010955183,-0.010955183,-0.022460439,-0.010955183,validation
2022-04-25,32416,32249,0.14,8.0982526,33229.9,-1,-1,-1,-0.0061171183,-0.0062671183,-0.018555536,-0.0059671183,validation
2022-04-26,32380,32385,0.828,31.87195,33213.783,1,-1,-1,-0.0042159305,-0.0042159305,-0.0042159305,-0.0042159305,validation
2022-04-27,31947,32005,0.388,13.032373,33192.983,0,1,1,0.015014841,0.014864841,0.02470489,0.015164841,validation
2022-04-28,32197,32320,0.856,56.076625,33195.8,1,1,1,0.0098422122,0.0098422122,0.019753086,0.0098422122,validation
2022-04-29,32345,32807,0.964,82.641751,33192.333,1,1,1,0.015068069,0.015068069,0.030400861,0.015068069,validation
2022-05-02,32427,32683,0.472,63.182172,33181.517,0,1,1,-0.0037796812,-0.0037796812,-0.007310705,-0.0037796812,validation
2022-05-03,32688,32603,0.268,48.458862,33162.033,0,1,1,-0.0024477557,-0.0024477557,-0.0042083114,-0.0024477557,validation
2022-05-04,32753,32683,0.288,64.843749,33149.7,0,1,1,0.0024537619,0.0024537619,0.0026413101,0.0024537619,validation
2022-05-06,32345,32229,0.208,14.071518,33128.717,0,1,1,-0.013891014,-0.013891014,-0.026606955,-0.013891014,validation
2022-05-09,32101,31924,0.112,6.8573323,33094.933,-1,1,0,-0.0097135266,-0.0098135266,-0.020277064,-0.0095635266,validation
2022-05-10,31685,31758,0.156,4.4011856,33053.667,-1,-1,-1,-0.0024039293,-0.0024539293,-0.0024039293,-0.0024039293,validation
2022-05-11,31593,31754,0.36,4.3265033,33017.65,0,-1,-1,7.2998878e-05,7.2998878e-05,7.2998878e-05,7.2998878e-05,validation
2022-05-12,31429,31233,0.388,0.79819716,32980.517,0,-1,-1,0.016535038,0.016535038,0.016535038,0.016535038,validation
2022-05-13,31420,31972,1,70.061152,32959.1,1,-1,-1,-0.023450498,-0.023450498,-0.023450498,-0.023450498,validation
2022-05-16,32197,31844,0.424,56.415978,32925.567,0,1,1,-0.018274006,-0.018424006,-0.030052858,-0.018124006,validation
2022-05-17,31895,32153,0.788,77.537831,32893.5,0,1,1,0.0097035548,0.0097035548,0.019466073,0.0097035548,validation
2022-05-18,32325,32215,0.184,81.194973,32864.633,-1,1,1,0.0019282804,0.0019282804,0.004091653,0.0019282804,validation
2022-05-19,31526,31754,0.668,23.732941,32827.683,0,-1,-1,-0.028815001,-0.028965001,-0.051003921,-0.028665001,validation
2022-05-20,31886,32320,0.992,72.14284,32808.383,1,-1,-1,-0.017711365,-0.017711365,-0.017711365,-0.017711365,validation
2022-05-23,32460,32427,0.3,77.534381,32788.917,0,1,1,-0.0056939153,-0.0058439153,-0.0097317894,-0.0055439153,validation
2022-05-24,32289,31825,0.252,24.39873,32774.05,0,1,1,-0.018564776,-0.018564776,-0.035685538,-0.018564776,validation
2022-05-25,32024,31962,0.612,42.373647,32755.317,0,1,1,0.0043047918,0.0043047918,0.0080690039,0.0043047918,validation
2022-05-26,31962,31854,0.352,30.820299,32730.6,0,1,1,-0.0033790126,-0.0033790126,-0.0077284019,-0.0033790126,validation
2022-05-27,32182,32192,0.904,74.440486,32713.783,1,1,0,0.010360912,0.010260912,0.021724965,0.010510912,validation
2022-05-30,32545,32613,0.956,90.057526,32693.433,1,1,1,0.0018394147,0.0017394147,0.0048166667,0.0019894147,validation
2022-05-31,32557,32743,0.852,92.781415,32684.017,1,1,1,0.0039861405,0.0039861405,0.007959671,0.0039861405,validation
2022-06-02,32557,32386,0.352,37.04293,32681.083,0,1,1,-0.010903094,-0.010903094,-0.022111082,-0.010903094,validation
2022-06-03,32664,32566,0.848,60.793925,32688.2,1,1,1,0.0055579571,0.0055579571,0.011305518,0.0055579571,validation
2022-06-07,32409,31962,0.052,17.213231,32674.167,-1,1,1,-0.018546951,-0.018546951,-0.036731435,-0.018546951,validation
2022-06-08,31986,32032,0.768,29.009049,32663.333,0,-1,-1,-0.0010383174,-0.0011883174,0.0012470133,-0.00088831738,validation
2022-06-09,31919,31933,0.056,20.676043,32651.85,-1,-1,-1,0.0030875648,0.0030875648,0.0030875648,0.0030875648,validation
2022-06-10,31685,31605,0.18,7.1212479,32639.617,-1,-1,-1,0.010310723,0.010310723,0.010310723,0.010310723,validation
2022-06-13,30958,30487,0.108,1.3020794,32600.683,-1,-1,-1,0.035997061,0.035997061,0.035997061,0.035997061,validation
2022-06-14,29942,30367,0.428,1.1077585,32551.517,0,-1,-1,0.0034286227,0.0034286227,0.0034286227,0.0034286227,validation
2022-06-15,30308,29827,0.208,0.47276472,32492.133,0,-1,-1,0.01784413,0.01784413,0.01784413,0.01784413,validation
2022-06-16,30205,29808,0.9,0.45443378,32438.1,1,-1,-1,0.00030386896,0.00030386896,0.00030386896,0.00030386896,validation
2022-06-17,29267,29590,0.516,0.24047175,32375.467,0,1,1,0.029036114,0.028886114,0.039369026,0.029186114,validation
2022-06-20,29784,29112,0.18,0.078463736,32299.967,-1,1,1,-0.016154106,-0.016154106,-0.030794165,-0.016154106,validation
2022-06-21,29267,29277,0.416,31.799434,32229.783,0,-1,-1,0.0046307639,0.0044807639,0.0093383348,0.0047807639,validation
2022-06-22,29381,28536,0.348,8.2566827,32149.583,0,-1,-1,0.025105643,0.025105643,0.025105643,0.025105643,validation
2022-06-23,28518,28309,0.744,5.6801516,32065.183,0,-1,-1,0.0079641097,0.0079641097,0.0079641097,0.0079641097,validation
2022-06-24,28452,28901,0.732,64.104591,31987.767,0,-1,-1,-0.020752646,-0.020752646,-0.020752646,-0.020752646,validation
2022-06-27,29120,29272,0.612,79.792931,31914.55,0,-1,0,-0.012857819,-0.012907819,-0.012857819,-0.012857819,validation
2022-06-28,29309,29498,0.512,86.814131,31843.317,0,0,0,0,0,0,0,validation
2022-06-29,29152,29003,0.332,34.421769,31768.217,0,0,0,0,0,0,0,validation
2022-06-30,28896,28523,0.52,15.85946,31682.45,0,0,0,0,0,0,0,validation
2022-07-01,28685,28233,0.452,9.6024435,31592.383,0,0,0,0,0,0,0,validation
2022-07-04,28242,28242,0.616,11.763187,31508.267,0,0,0,0,0,0,0,validation
2022-07-05,28504,28690,0.628,73.891687,31438.883,0,0,0,0,0,0,0,validation
2022-07-06,28462,28037,0.376,24.206077,31358.233,0,0,0,0,0,0,0,validation
2022-07-07,28262,28602,0.936,64.968459,31287,1,0,0,0,0,0,0,validation
2022-07-08,28812,28762,0.668,73.14763,31223.583,0,1,1,-0.001985388,-0.002085388,-0.0043652263,-0.001835388,validation
2022-07-11,28824,28597,0.448,49.372269,31147.1,0,1,1,-0.005736736,-0.005736736,-0.012052342,-0.005736736,validation
2022-07-12,28482,28326,0.464,23.878069,31069.183,0,1,1,-0.0094765185,-0.0094765185,-0.019170443,-0.0094765185,validation
2022-07-13,28393,28472,0.656,51.090409,31000.25,0,1,1,0.0051542752,0.0051542752,0.011016347,0.0051542752,validation
2022-07-14,28262,28370,0.76,34.071685,30929.183,0,1,0,-0.003832467,-0.003932467,-0.0086858524,-0.003682467,validation
2022-07-15,28546,28541,0.688,68.85617,30854.533,0,0,0,0,0,0,0,validation
2022-07-18,28828,29176,0.884,93.668039,30790.933,1,0,0,0,0,0,0,validation
2022-07-19,29061,29079,0.524,75.332359,30723.333,0,1,1,0.00036938681,0.00026938681,-0.00025,0.00051938681,validation
2022-07-20,29550,29296,0.248,86.849799,30665.4,0,1,1,0.0074624299,0.0074624299,0.015530047,0.0074624299,validation
2022-07-21,29336,29618,0.936,94.487798,30621.55,1,1,1,0.010991262,0.010991262,0.021941489,0.010991262,validation
2022-07-22,29550,29427,0.468,55.941178,30572.25,0,1,1,-0.0064487811,-0.0064487811,-0.012361744,-0.0064487811,validation
2022-07-25,29332,29545,0.576,70.706897,30531.25,0,1,1,0.0040099229,0.0040099229,0.0072463768,0.0040099229,validation
2022-07-26,29442,29651,0.624,81.715918,30486.767,0,1,1,0.0035877475,0.0035877475,0.0071942446,0.0035877475,validation
2022-07-27,29643,29661,0.3,82.926593,30434.333,0,1,1,0.00033725675,0.00033725675,-0.00032467532,0.00033725675,validation
2022-07-28,29947,29856,0.56,95.234052,30387.217,0,1,0,0.0063242895,0.0062242895,0.012091669,0.0064742895,validation
2022-07-29,30091,29986,0.452,97.569808,30343.6,0,0,0,0,0,0,0,validation
2022-08-01,29910,29971,0.704,87.656057,30298.4,0,0,0,0,0,0,0,validation
2022-08-02,29938,29808,0.284,27.322048,30258.05,0,0,0,0,0,0,0,validation
2022-08-03,29823,30018,0.972,73.795997,30226.283,1,0,0,0,0,0,0,validation
2022-08-04,30217,30170,0.548,86.392342,30199.817,0,1,1,-0.0018054158,-0.0019054158,-0.0043163122,-0.0016554158,validation
2022-08-05,30263,30368,0.804,93.958484,30176.717,1,1,1,0.0065628107,0.0065628107,0.013819095,0.0065628107,validation
2022-08-08,30161,30315,0.684,72.405656,30161.417,0,1,1,-0.0017452582,-0.0017452582,-0.0049566295,-0.0017452582,validation
2022-08-09,30324,30410,0.972,84.857656,30135.383,1,1,1,0.0031337622,0.0031337622,0.0074719801,0.0031337622,validation
2022-08-10,30249,30055,0.06,19.407063,30105.567,-1,1,1,-0.011673792,-0.011673792,-0.024103832,-0.011673792,validation
2022-08-11,30397,30556,0.832,74.632517,30078.95,1,-1,-1,0.0057388371,0.0055888371,0.017099203,0.0058888371,validation
2022-08-12,30521,30670,0.92,80.662751,30053.2,1,1,1,0.0056829144,0.0055329144,0.0093968715,0.0058329144,validation
2022-08-16,30878,30749,0.424,85.454862,30036.45,0,1,1,0.002575807,0.002575807,0.0057803468,0.002575807,validation
2022-08-17,30804,30590,0.048,42.779958,30007.617,-1,1,1,-0.0051708999,-0.0051708999,-0.010284332,-0.0051708999,validation
2022-08-18,30429,30476,0.596,24.928597,29975.1,0,-1,-1,-0.0071496077,-0.0072996077,-0.017457301,-0.0069996077,validation
2022-08-19,30507,30301,0.148,10.928166,29949.7,-1,-1,-1,0.0057284861,0.0057284861,0.0057284861,0.0057284861,validation
2022-08-22,29976,29906,0.428,3.0911398,29915.433,0,-1,-1,0.013085967,0.013085967,0.013085967,0.013085967,validation
2022-08-23,29695,29533,0.288,1.3129225,29876.75,0,-1,-1,0.012549395,0.012549395,0.012549395,0.012549395,validation
2022-08-24,29629,29651,0.56,27.647346,29834.4,0,-1,-1,-0.0039907032,-0.0039907032,-0.0039907032,-0.0039907032,validation
2022-08-25,29767,30001,0.78,71.988853,29790.867,0,-1,-1,-0.011742479,-0.011742479,-0.011742479,-0.011742479,validation
2022-08-26,30142,30018,0.624,73.562774,29745.45,0,-1,0,-0.00070531678,-0.00075531678,-0.00070531678,-0.00070531678,validation
2022-08-29,29300,29296,0.564,12.743072,29693.95,0,0,0,0,0,0,0,validation
2022-08-30,29432,29618,0.476,49.778852,29644.817,0,0,0,0,0,0,0,validation
2022-08-31,29341,29842,0.524,68.424945,29609.483,0,0,0,0,0,0,0,validation
2022-09-01,29460,29165,0.052,21.091124,29561.7,-1,0,0,0,0,0,0,validation
2022-09-02,29292,29003,0.172,15.845298,29512.867,-1,-1,-1,0.0097661751,0.0097161751,0.0097661751,0.0097661751,validation
2022-09-05,28999,29003,0.588,15.845298,29469.5,0,-1,-1,-3.8047317e-08,-3.8047317e-08,-3.8047317e-08,-3.8047317e-08,validation
2022-09-06,29073,29003,0.22,15.845298,29444.767,0,-1,-1,-1.1622333e-05,-1.1622333e-05,-1.1622333e-05,-1.1622333e-05,validation
2022-09-07,28805,28582,0.064,2.5677199,29415.017,-1,-1,-1,0.014621443,0.014621443,0.014621443,0.014621443,validation
2022-09-08,28781,28638,0.204,20.328344,29395.2,0,-1,-1,-0.0020284614,-0.0020284614,-0.0020284614,-0.0020284614,validation
2022-09-13,29160,29541,0.988,88.417715,29390.75,1,-1,-1,-0.031055215,-0.031055215,-0.031055215,-0.031055215,validation
2022-09-14,28693,28957,0.968,41.995121,29380.2,1,1,1,0.037820835,0.037670835,0.048512454,0.037970835,validation
2022-09-15,29022,28795,0.164,32.521891,29374.917,-1,1,1,-0.0055945022,-0.0055945022,-0.011667811,-0.0055945022,validation
2022-09-16,28521,28590,0.412,20.702573,29363.467,0,-1,-1,-0.01226179,-0.01241179,-0.024244966,-0.01211179,validation
2022-09-19,28656,28386,0.188,12.013279,29360.967,-1,-1,-1,0.0070918601,0.0070918601,0.0070918601,0.0070918601,validation
2022-09-20,28586,28485,0.512,37.481714,29363.9,0,-1,-1,-0.0035374226,-0.0035374226,-0.0035374226,-0.0035374226,validation
2022-09-21,28273,28221,0.076,14.734684,29352.567,-1,-1,-1,0.0092954125,0.0092954125,0.0092954125,0.0092954125,validation
2022-09-22,27883,27914,0.392,6.1102661,29329.933,0,-1,-1,0.010851792,0.010851792,0.010851792,0.010851792,validation
2022-09-23,27910,27574,0.076,2.6607313,29297.867,-1,-1,-1,0.012183718,0.012183718,0.012183718,0.012183718,validation
2022-09-26,27220,26897,0.648,0.81913343,29262.767,0,-1,-1,0.024856797,0.024856797,0.024856797,0.024856797,validation
2022-09-27,26919,26948,0.172,10.185121,29236.517,-1,-1,-1,-0.0018943599,-0.0018943599,-0.0018943599,-0.0018943599,validation
2022-09-28,26638,26286,0.444,2.95087,29204.067,0,-1,-1,0.024869853,0.024869853,0.024869853,0.024869853,validation
2022-09-29,26609,26295,0.792,4.7896346,29171.617,0,-1,-1,-0.000632395,-0.000632395,-0.000632395,-0.000632395,validation
2022-09-30,26192,26178,0.708,3.2088877,29129.75,0,-1,-1,0.0044537026,0.0044537026,0.0044537026,0.0044537026,validation
2022-10-04,26558,26811,0.484,78.825643,29109.317,0,-1,-1,-0.023904041,-0.023904041,-0.023904041,-0.023904041,validation
2022-10-05,27281,26816,0.156,79.083787,29079.55,-1,-1,0,-0.00088408638,-0.00093408638,-0.00088408638,-0.00088408638,validation
2022-10-06,27035,27114,0.632,91.473936,29052.083,0,-1,-1,-0.003022138,-0.003072138,-0.003022138,-0.003022138,validation
2022-10-07,26821,27012,0.852,65.082129,29025.667,1,-1,-1,0.0036079858,0.0036079858,0.0036079858,0.0036079858,validation
2022-10-11,26478,26460,0.936,15.786002,28994.567,1,1,1,0.018725743,0.018575743,0.022383436,0.018875743,validation
2022-10-12,26411,26688,0.476,48.198805,28964.833,0,1,1,0.00861678,0.00861678,0.016563147,0.00861678,validation
2022-10-13,26591,26262,0.004,19.767715,28929.7,-1,1,1,-0.01596223,-0.01596223,-0.030549898,-0.01596223,validation
2022-10-14,26646,26902,0.924,71.060174,28902.383,1,-1,-1,0.0045239624,0.0043739624,0.018755616,0.0046739624,validation
2022-10-17,26543,26919,0.688,72.010767,28864.767,0,1,1,0.027349464,0.027199464,0.039245028,0.027499464,validation
2022-10-18,27315,27267,0.288,88.063291,28834.567,0,1,1,0.012927672,0.012927672,0.026452906,0.012927672,validation
2022-10-19,27286,27044,0.432,50.75592,28797.033,0,1,1,-0.0081783841,-0.0081783841,-0.016399844,-0.0081783841,validation
2022-10-20,26892,26780,0.348,25.339136,28749.733,0,1,1,-0.0097618695,-0.0097618695,-0.020643112,-0.0097618695,validation
2022-10-21,26703,26835,0.412,38.227992,28706.533,0,1,0,0.0018037715,0.0017037715,0.0038035063,0.0019537715,validation
2022-10-24,27259,27085,0.42,75.958418,28665.533,0,0,0,0,0,0,0,validation
2022-10-25,27123,27128,0.38,80.132823,28623.483,0,0,0,0,0,0,0,validation
2022-10-26,27119,27315,0.96,92.085423,28584.383,1,0,0,0,0,0,0,validation
2022-10-27,27469,27792,0.716,98.055031,28549.983,0,1,1,0.01150871,0.01140871,0.021288462,0.01165871,validation
2022-10-28,27588,27430,0.184,45.717078,28507.383,-1,1,1,-0.013025331,-0.013025331,-0.025978916,-0.013025331,validation
2022-10-31,27729,27843,0.556,75.525289,28471.917,0,-1,-1,0.0063944404,0.0062444404,0.01748144,0.0065444404,validation
2022-11-01,27915,28266,0.812,88.481653,28446.217,1,-1,-1,-0.015127298,-0.015127298,-0.015127298,-0.015127298,validation
2022-11-02,28126,28213,0.796,78.118646,28416.133,0,1,1,0.0077114909,0.0075614909,0.010883903,0.0078614909,validation
2022-11-03,27739,28054,0.764,45.878674,28380.867,0,1,1,-0.0056356999,-0.0056356999,-0.01242236,-0.0056356999,validation
2022-11-04,27934,28303,0.528,76.393282,28346.45,0,1,1,0.0088757396,0.0088757396,0.016278209,0.0088757396,validation
2022-11-07,28389,28603,0.356,89.991211,28317.917,0,1,1,0.010599583,0.010599583,0.023298143,0.010599583,validation
2022-11-08,28822,29017,0.628,96.135325,28294.7,0,1,0,0.014224006,0.014124006,0.028209623,0.014374006,validation
2022-11-09,29152,29306,0.86,97.918915,28282.217,1,0,0,0,0,0,0,validation
2022-11-10,29083,28937,0.424,44.947246,28255.233,0,1,1,-0.0052701148,-0.0053701148,-0.0067994657,-0.0051201148,validation
2022-11-11,29863,30098,0.7,87.499894,28245.7,0,1,1,0.040121644,0.040121644,0.077723803,0.040121644,validation
2022-11-14,30136,29909,0.34,69.907308,28231.7,0,1,1,-0.006279487,-0.006279487,-0.01545396,-0.006279487,validation
2022-11-15,30000,29995,0.136,74.561826,28221.783,-1,1,1,0.0028753887,0.0028753887,0.0085022891,0.0028753887,validation
2022-11-16,30054,29937,0.212,61.691279,28212.8,0,-1,-1,0.0055176446,0.0053676446,0.0071236745,0.0056676446,validation
2022-11-17,29778,29543,0.192,18.441766,28200.167,-1,-1,-1,0.0132448,0.0132448,0.0132448,0.0132448,validation
2022-11-18,29543,29475,0.504,14.848545,28192.983,0,-1,-1,0.0023017297,0.0023017297,0.0023017297,0.0023017297,validation
2022-11-21,29547,29250,0.156,6.4858015,28188.267,-1,-1,-1,0.0075844798,0.0075844798,0.0075844798,0.0075844798,validation
2022-11-22,29181,29042,0.24,3.1772904,28178.117,0,-1,-1,0.0071335845,0.0071335845,0.0071335845,0.0071335845,validation
2022-11-23,29250,29235,0.496,50.262074,28165.35,0,-1,-1,-0.0066528935,-0.0066528935,-0.0066528935,-0.0066528935,validation
2022-11-24,29439,29510,0.768,79.152745,28156.883,0,-1,-1,-0.009372875,-0.009372875,-0.009372875,-0.009372875,validation
2022-11-25,29530,29387,0.688,52.087749,28158.4,0,-1,-1,0.0041615147,0.0041615147,0.0041615147,0.0041615147,validation
2022-11-28,29205,29032,0.304,17.515765,28148.633,0,-1,0,0.012053544,0.012003544,0.012053544,0.012053544,validation
2022-11-29,29017,29360,0.916,62.953252,28140.6,1,0,0,0,0,0,0,validation
2022-11-30,29205,29803,0.88,85.109834,28151.233,1,1,1,0.020225946,0.020125946,0.040629423,0.020375946,validation
2022-12-01,30231,29980,0.152,89.924895,28167.517,-1,1,1,0.0059389994,0.0059389994,0.012541254,0.0059389994,validation
2022-12-02,29873,29310,0.056,26.079352,28172.633,-1,-1,-1,0.01486014,0.01471014,0.010194246,0.01501014,validation
2022-12-05,29410,29219,0.38,21.862836,28176.233,0,-1,-1,0.0030604272,0.0030604272,0.0030604272,0.0030604272,validation
2022-12-06,28967,28842,0.264,9.3445451,28180.567,0,-1,-1,0.012976997,0.012976997,0.012976997,0.012976997,validation
2022-12-07,28746,28682,0.248,6.2883367,28181.3,0,-1,-1,0.0055622865,0.0055622865,0.0055622865,0.0055622865,validation
2022-12-08,28707,28682,0.08,6.2883367,28166.983,-1,-1,-1,-1.5181433e-06,-1.5181433e-06,-1.5181433e-06,-1.5181433e-06,validation
2022-12-09,28826,29017,0.604,74.937447,28167.983,0,-1,-1,-0.011613267,-0.011613267,-0.011613267,-0.011613267,validation
2022-12-12,28813,28835,0.52,41.725285,28168.65,0,-1,-1,0.0062614493,0.0062614493,0.0062614493,0.0062614493,validation
2022-12-13,28990,28813,0.2,37.687217,28172.367,-1,-1,-1,0.00069732195,0.00069732195,0.00069732195,0.00069732195,validation
2022-12-14,28917,29139,0.82,83.890732,28184.917,1,-1,-1,-0.011258916,-0.011258916,-0.011258916,-0.011258916,validation
2022-12-15,28962,28655,0.3,26.202038,28187.75,0,1,1,-0.0049401518,-0.0050901518,-0.015088565,-0.0047901518,validation
2022-12-16,28227,28519,0.92,18.898569,28192.717,1,1,1,-0.0047461176,-0.0047461176,-0.010383101,-0.0047461176,validation
2022-12-19,28448,28524,0.42,20.527388,28202.883,0,1,1,0.00017532172,0.00017532172,-0.0010853835,0.00017532172,validation
2022-12-20,28417,28290,0.284,7.1279704,28214.817,0,1,1,-0.008203618,-0.008203618,-0.017022818,-0.008203618,validation
2022-12-21,28458,28218,0.208,5.0852425,28236.833,0,1,1,-0.0025450689,-0.0025450689,-0.0051584377,-0.0025450689,validation
2022-12-22,28349,28585,0.784,75.796409,28264.117,0,1,1,0.013005883,0.013005883,0.025555556,0.013005883,validation
2022-12-23,28266,28093,0.62,25.286677,28294.233,0,1,0,-0.017461824,-0.017561824,-0.034197273,-0.017311824,validation
2022-12-26,28064,28134,0.528,32.755187,28324.883,0,0,0,0,0,0,0,validation
2022-12-27,28256,28335,0.432,66.039988,28360.833,0,0,0,0,0,0,0,validation
2022-12-28,28206,27999,0.092,24.875161,28380.633,-1,0,0,0,0,0,0,validation
2022-12-29,27848,27497,0.184,8.6897854,28391.983,-1,-1,-1,0.012504137,0.012454137,0.012504137,0.012504137,validation
2023-01-02,27564,27335,0.588,6.1197802,28395.667,0,-1,-1,0.0058510651,0.0058510651,0.0058510651,0.0058510651,validation
2023-01-03,27367,27335,0.428,6.1197802,28401.05,0,-1,-1,-2.7376863e-06,-2.7376863e-06,-2.7376863e-06,-2.7376863e-06,validation
2023-01-04,27183,27911,0.916,81.967695,28425.233,1,-1,-1,-0.02136973,-0.02136973,-0.02136973,-0.02136973,validation
2023-01-05,28069,28134,0.956,88.907147,28449.333,1,1,1,-0.0037082375,-0.0038582375,-0.0026490728,-0.0035582375,validation
2023-01-06,27939,28434,0.984,94.550116,28485.533,1,1,1,0.010663254,0.010663254,0.022463497,0.010663254,validation
2023-01-09,28755,29205,0.96,98.492314,28523.917,1,1,1,0.027115425,0.027115425,0.055657268,0.027115425,validation
2023-01-10,29125,29240,0.504,98.585228,28562.6,0,1,1,0.0011984249,0.0011984249,0.0017343045,0.0011984249,validation
2023-01-11,29370,29293,0.704,98.807751,28596.367,0,1,1,0.0018125855,0.0018125855,0.0058864266,0.0018125855,validation
2023-01-12,29465,29375,0.596,99.198054,28635.217,0,1,1,0.0027993036,0.0027993036,0.0037865749,0.0027993036,validation
2023-01-13,29449,29592,0.952,99.706532,28682.083,1,1,1,0.007387234,0.007387234,0.015432099,0.007387234,validation
2023-01-16,29645,29826,0.868,99.876041,28731.933,1,1,1,0.0079075426,0.0079075426,0.015873016,0.0079075426,validation
2023-01-17,29808,29592,0.468,46.341657,28773.717,0,1,1,-0.0078455039,-0.0078455039,-0.016954787,-0.0078455039,validation
2023-01-18,29557,29395,0.232,24.358172,28811.5,0,1,1,-0.0066572046,-0.0066572046,-0.012512682,-0.0066572046,validation
2023-01-19,29240,29582,0.868,60.201011,28849.283,1,1,1,0.0063616261,0.0063616261,0.012328767,0.0063616261,validation
2023-01-20,29552,29775,0.572,79.880258,28882.333,0,1,1,0.0065242377,0.0065242377,0.01285521,0.0065242377,validation
2023-01-25,30192,30245,0.932,94.096805,28929.25,1,1,1,0.015785055,0.015785055,0.030394122,0.015785055,validation
2023-01-26,30272,30661,0.944,97.377322,28976.217,1,1,1,0.01375434,0.01375434,0.027876823,0.01375434,validation
2023-01-27,30727,30904,0.94,98.409755,29020.183,1,1,1,0.0079253775,0.0079253775,0.01671397,0.0079253775,validation
2023-01-30,30917,30414,0.628,38.031515,29056.867,0,1,1,-0.015855553,-0.015855553,-0.032258065,-0.015855553,validation
2023-01-31,30414,29945,0.416,17.489861,29088.383,0,1,1,-0.01542053,-0.01542053,-0.032692308,-0.01542053,validation
2023-02-01,30159,30271,0.348,52.87486,29121.183,0,1,1,0.010886625,0.010886625,0.022200133,0.010886625,validation
2023-02-02,30686,30596,0.24,74.596731,29154.4,0,1,1,0.010736348,0.010736348,0.022366288,0.010736348,validation
2023-02-03,30542,30723,0.836,81.324456,29182.833,1,1,0,0.0039008694,0.0038008694,0.0067252695,0.0040508694,validation
2023-02-06,30447,30024,0.548,20.770981,29194.8,0,1,1,-0.014142994,-0.014242994,-0.028134615,-0.013992994,validation
2023-02-07,30047,30211,0.54,43.342833,29216.033,0,1,1,0.0062283507,0.0062283507,0.011869436,0.0062283507,validation
2023-02-08,30401,30681,0.74,76.704293,29225.75,0,1,1,0.015557247,0.015557247,0.030628869,0.015557247,validation
2023-02-09,30498,30581,0.208,61.335656,29236.95,0,1,1,-0.0032593462,-0.0032593462,-0.0075877332,-0.0032593462,validation
2023-02-10,30391,30503,0.66,46.729616,29245.417,0,1,0,-0.0028006033,-0.0029006033,-0.0066214559,-0.0026506033,validation
2023-02-13,30345,30323,0.46,22.262003,29251.85,0,0,0,0,0,0,0,validation
2023-02-14,30568,30503,0.668,62.02715,29267.85,0,0,0,0,0,0,0,validation
2023-02-15,30568,29927,0.016,14.513424,29275.383,-1,0,0,0,0,0,0,validation
2023-02-16,30127,30522,0.98,66.898586,29296.583,1,-1,-1,-0.013211163,-0.013261163,-0.013211163,-0.013211163,validation
2023-02-17,30092,30252,0.584,42.989975,29316.75,0,1,1,0.019130134,0.018980134,0.020070001,0.019280134,validation
2023-02-20,30286,30354,0.228,55.111096,29335.4,0,1,1,0.0033716779,0.0033716779,0.0084911822,0.0033716779,validation
2023-02-21,30350,30314,0.536,47.234467,29348.8,0,1,1,-0.0013177835,-0.0013177835,-0.004857513,-0.0013177835,validation
2023-02-22,29949,29786,0.068,9.895847,29355.45,-1,1,1,-0.017417695,-0.017417695,-0.033517735,-0.017417695,validation
2023-02-23,29902,30164,0.708,57.7342,29374.317,0,-1,-1,-0.0052516316,-0.0054016316,-0.0017694517,-0.0051016316,validation
2023-02-24,30107,29894,0.156,32.832228,29383.217,-1,-1,-1,0.0089778054,0.0089778054,0.0089778054,0.0089778054,validation
2023-02-27,29624,29628,0.232,17.748474,29380.3,0,-1,-1,0.0088956676,0.0088956676,0.0088956676,0.0088956676,validation
2023-02-28,29734,29710,0.88,35.903785,29375.8,1,-1,-1,-0.0027734277,-0.0027734277,-0.0027734277,-0.0027734277,validation
2023-03-02,29734,29786,0.572,54.514481,29383.733,0,1,1,0.00058961817,0.00043961817,0.0015481958,0.00073961817,validation
2023-03-03,29949,29853,0.192,69.915847,29394.3,-1,1,1,0.0022493789,0.0022493789,0.0047265361,0.0022493789,validation
2023-03-06,30107,30271,0.832,94.242169,29418.117,1,-1,-1,0.0026647724,0.0025147724,0.01458842,0.0028147724,validation
2023-03-07,30225,30112,0.776,58.348431,29441.95,0,1,1,-0.002574702,-0.002724702,-0.0050714146,-0.002424702,validation
2023-03-08,29839,29683,0.368,19.097792,29458.633,0,1,1,-0.014246812,-0.014246812,-0.029372937,-0.014246812,validation
2023-03-09,29801,29594,0.312,14.930495,29468.25,0,1,1,-0.0029983492,-0.0029983492,-0.0057803468,-0.0029983492,validation
2023-03-10,29241,29270,0.756,5.7674473,29475.5,0,1,1,-0.010948165,-0.010948165,-0.022913817,-0.010948165,validation
2023-03-13,29402,29507,0.688,50.347479,29487.067,0,1,0,0.0078470277,0.0077470277,0.016900858,0.0079970277,validation
2023-03-14,29223,28817,0.028,13.409282,29481.7,-1,0,0,0,0,0,0,validation
2023-03-15,29112,29182,0.796,51.249362,29490.483,0,-1,-1,-0.0025045067,-0.0025545067,-0.0025045067,-0.0025045067,validation
2023-03-16,28882,29074,0.74,40.719088,29499.733,0,-1,-1,0.0035642299,0.0035642299,0.0035642299,0.0035642299,validation
2023-03-17,29402,29407,0.368,73.851345,29514.45,0,-1,-1,-0.011449695,-0.011449695,-0.011449695,-0.011449695,validation
2023-03-20,29397,29196,0.16,43.231431,29529.55,-1,-1,-1,0.0071798126,0.0071798126,0.0071798126,0.0071798126,validation
2023-03-21,29357,29270,0.412,56.021325,29547.083,0,-1,-1,-0.0025672781,-0.0025672781,-0.0025672781,-0.0025672781,validation
2023-03-22,29532,29637,0.648,86.404184,29564.617,0,-1,-1,-0.012474784,-0.012474784,-0.012474784,-0.012474784,validation
2023-03-23,29417,29724,0.644,89.75867,29591.8,0,-1,-1,-0.003090458,-0.003090458,-0.003090458,-0.003090458,validation
2023-03-24,29715,29624,0.092,57.273497,29616.633,-1,-1,-1,0.0033661393,0.0033661393,0.0033661393,0.0033661393,validation
2023-03-27,29720,29487,0.2,28.756778,29635.833,-1,-1,-1,0.0045738169,0.0045738169,0.0045738169,0.0045738169,validation
2023-03-28,29594,29834,0.672,79.773265,29666.417,0,-1,-1,-0.011709042,-0.011709042,-0.011709042,-0.011709042,validation
2023-03-29,29777,29880,0.536,83.000693,29706.133,0,-1,-1,-0.0015550825,-0.0015550825,-0.0015550825,-0.0015550825,validation
2023-03-30,30062,30089,0.876,93.06133,29752.033,1,-1,-1,-0.006983704,-0.006983704,-0.006983704,-0.006983704,validation
2023-03-31,30196,30442,0.908,97.68648,29803.817,1,1,1,0.0042116867,0.0040616867,0.012860177,0.0043616867,validation
2023-04-03,30532,30291,0.004,62.20992,29843.483,-1,1,1,-0.0049602523,-0.0049602523,-0.010707333,-0.0049602523,validation
2023-04-04,30318,30428,0.304,77.22107,29881.717,0,-1,-1,-0.0030900878,-0.0032400878,-0.0013639163,-0.0029400878,validation
2023-04-05,30433,30601,0.524,88.628784,29917.833,0,-1,-1,-0.0056837386,-0.0056837386,-0.0056837386,-0.0056837386,validation
2023-04-06,30471,30057,0.012,21.358665,29932.033,-1,-1,-1,0.017892636,0.017892636,0.017892636,0.017892636,validation
2023-04-07,30276,30568,0.968,67.583068,29954.167,1,-1,-1,-0.016860487,-0.016860487,-0.016860487,-0.016860487,validation
2023-04-10,30552,30862,0.796,80.66229,29980.317,0,1,1,0.010325369,0.010175369,0.018892894,0.010475369,validation
2023-04-11,30952,31267,0.804,90.842143,30011.85,1,1,1,0.013122934,0.013122934,0.027549082,0.013122934,validation
2023-04-12,31236,31365,0.712,92.701529,30041.4,0,1,1,0.0031342949,0.0031342949,0.006779661,0.0031342949,validation
2023-04-13,31211,31425,0.252,94.154756,30068.05,0,1,1,0.0019129603,0.0019129603,0.0033670034,0.0019129603,validation
2023-04-14,31616,31537,0.704,96.647136,30100.467,0,1,1,0.0035640414,0.0035640414,0.0082367297,0.0035640414,validation
2023-04-17,31523,31547,0.344,96.884366,30136.333,0,1,1,0.00031708787,0.00031708787,-0.00030257186,0.00031708787,validation
2023-04-18,31571,31501,0.284,58.684317,30168.317,0,1,0,-0.0017081418,-0.0018081418,-0.0035792978,-0.0015581418,validation
2023-04-19,31486,31523,0.752,69.99897,30197.45,0,0,0,0,0,0,0,validation
2023-04-20,31416,31430,0.244,21.113602,30217.2,0,0,0,0,0,0,0,validation
2023-04-21,31360,31272,0.284,6.259656,30227.383,0,0,0,0,0,0,0,validation
2023-04-24,31171,31057,0.26,2.1476479,30229.933,0,0,0,0,0,0,0,validation
2023-04-25,31132,30666,0.232,0.63365416,30234.133,0,0,0,0,0,0,0,validation
2023-04-26,30642,30634,0.34,0.56810152,30245.617,0,0,0,0,0,0,0,validation
2023-04-27,30652,30739,0.568,40.775645,30253.417,0,0,0,0,0,0,0,validation
2023-04-28,30903,30801,0.256,59.917051,30256.833,0,0,0,0,0,0,0,validation
2023-05-02,30888,31135,0.932,91.057378,30263.7,1,0,0,0,0,0,0,validation
2023-05-03,30893,30856,0.048,39.62583,30277.567,-1,1,1,-0.0014476823,-0.0015476823,-0.0056297468,-0.0012976823,validation
2023-05-04,30734,30739,0.084,26.888215,30286.367,-1,-1,-1,-0.0044658932,-0.0046158932,-0.007829345,-0.0043158932,validation
2023-05-08,31078,31125,0.368,76.574262,30293.767,0,-1,-1,-0.012523981,-0.012523981,-0.012523981,-0.012523981,validation
2023-05-09,31068,31032,0.496,57.684325,30301.283,0,-1,-1,0.0029921959,0.0029921959,0.0029921959,0.0029921959,validation
2023-05-10,31024,30838,0.16,28.427236,30306.867,-1,-1,-1,0.0062547024,0.0062547024,0.0062547024,0.0062547024,validation
2023-05-11,30947,30753,0.488,19.680352,30314.033,0,-1,-1,0.0027120243,0.0027120243,0.0027120243,0.0027120243,validation
2023-05-12,30639,30606,0.252,9.5338605,30315.75,0,-1,-1,0.0047880067,0.0047880067,0.0047880067,0.0047880067,validation
2023-05-15,30541,30692,0.836,43.573124,30328.5,1,-1,-1,-0.0028309071,-0.0028309071,-0.0028309071,-0.0028309071,validation
2023-05-16,30888,30778,0.572,67.802628,30332.767,0,1,1,-0.01027454,-0.01042454,-0.014002522,-0.01012454,validation
2023-05-17,30720,30874,0.928,83.56147,30343.133,1,1,1,0.0031191111,0.0031191111,0.0070467649,0.0031191111,validation
2023-05-18,31063,31174,0.848,95.950134,30356.8,1,1,1,0.0097169139,0.0097169139,0.020038168,0.0097169139,validation
2023-05-19,31398,31612,0.372,98.734661,30378.433,0,1,1,0.01405017,0.01405017,0.026816339,0.01405017,validation
2023-05-22,31612,31815,0.752,99.227192,30412.25,0,1,1,0.006421612,0.006421612,0.0142727,0.006421612,validation
2023-05-23,31923,31909,0.624,99.431962,30441.333,0,1,1,0.0029545812,0.0029545812,0.004491018,0.0029545812,validation
2023-05-24,31722,31793,0.736,60.117314,30472.983,0,1,1,-0.003635338,-0.003635338,-0.0056631893,-0.003635338,validation
2023-05-25,31947,31763,0.076,49.910044,30508.567,-1,1,0,-0.0011936039,-0.0012936039,-0.0038471223,-0.0010436039,validation
2023-05-26,31815,31871,0.628,77.462156,30544.583,0,-1,-1,-0.001860176,-0.001910176,-0.001860176,-0.001860176,validation
2023-05-30,32192,32301,0.74,95.810848,30586.5,0,-1,-1,-0.013423684,-0.013423684,-0.013423684,-0.013423684,validation
2023-05-31,32260,32071,0.092,51.210342,30623.467,-1,-1,-1,0.0071353955,0.0071353955,0.0071353955,0.0071353955,validation
2023-06-01,32029,31967,0.1,36.03877,30651.733,-1,-1,-1,0.0032478751,0.0032478751,0.0032478751,0.0032478751,validation
2023-06-02,32172,32376,0.672,80.793566,30689.467,0,-1,-1,-0.012713117,-0.012713117,-0.012713117,-0.012713117,validation
2023-06-05,32571,32469,0.612,85.429902,30735.9,0,-1,-1,-0.0029102215,-0.0029102215,-0.0029102215,-0.0029102215,validation
2023-06-07,32566,32399,0.424,62.659905,30782.65,0,-1,-1,0.0021252628,0.0021252628,0.0021252628,0.0021252628,validation
2023-06-08,32301,32358,0.468,47.750854,30834.117,0,-1,-1,0.0012547958,0.0012547958,0.0012547958,0.0012547958,validation
2023-06-09,32523,32787,0.792,91.261585,30888.783,0,-1,0,-0.013275143,-0.013325143,-0.013275143,-0.013275143,validation
2023-06-12,32863,32576,0,50.166694,30951.433,-1,0,0,0,0,0,0,validation
2023-06-13,32764,32731,0.052,70.008392,31010.583,-1,-1,-1,0.00090720303,0.00085720303,0.00090720303,0.00090720303,validation
2023-06-14,32731,32571,0.208,38.423702,31068.867,0,-1,-1,0.0048883322,0.0048883322,0.0048883322,0.0048883322,validation
2023-06-15,32651,32456,0.076,23.307767,31119.683,-1,-1,-1,0.0035014104,0.0035014104,0.0035014104,0.0035014104,validation
2023-06-16,32622,32613,0.396,63.02486,31176.633,0,-1,-1,-0.0048401403,-0.0048401403,-0.0048401403,-0.0048401403,validation
2023-06-19,32519,32433,0.008,28.811534,31229.35,-1,-1,-1,0.0055345165,0.0055345165,0.0055345165,0.0055345165,validation
2023-06-20,32344,32376,0.08,21.440219,31275,-1,-1,-1,0.0017520394,0.0017520394,0.0017520394,0.0017520394,validation
2023-06-21,32315,32074,0.024,5.777369,31314.167,-1,-1,-1,0.009356,0.009356,0.009356,0.009356,validation
2023-06-22,32015,32153,0.912,31.83145,31356.317,1,-1,-1,-0.0024789124,-0.0024789124,-0.0024789124,-0.0024789124,validation
2023-06-23,32284,32000,0.088,15.369622,31398.2,-1,1,1,-0.013185356,-0.013335356,-0.020731826,-0.013035356,validation
2023-06-26,31947,32157,0.664,58.944258,31436.917,0,-1,-1,-0.00856875,-0.00871875,-0.008990565,-0.00841875,validation
2023-06-27,32099,32145,0.552,54.643384,31474.667,0,-1,-1,0.00036799964,0.00036799964,0.00036799964,0.00036799964,validation
2023-06-28,32264,31972,0.028,17.605165,31506.05,-1,-1,-1,0.0053148552,0.0053148552,0.0053148552,0.0053148552,validation
2023-06-29,32066,31967,0.728,16.941398,31531.467,0,-1,-1,0.00013823258,0.00013823258,0.00013823258,0.00013823258,validation
2023-06-30,31976,32061,0.692,65.644641,31560.967,0,-1,-1,-0.0029390356,-0.0029390356,-0.0029390356,-0.0029390356,validation
2023-07-03,32177,32561,0.152,95.253474,31596.517,-1,-1,-1,-0.015508915,-0.015508915,-0.015508915,-0.015508915,validation
2023-07-04,32546,32433,0.008,66.090314,31627.05,-1,-1,-1,0.0039342821,0.0039342821,0.0039342821,0.0039342821,validation
2023-07-05,32381,32127,0.196,26.824051,31661.55,-1,-1,-1,0.0094599879,0.0094599879,0.0094599879,0.0094599879,validation
2023-07-06,32107,31880,0.776,13.691667,31683.417,0,-1,-1,0.00769704,0.00769704,0.00769704,0.00769704,validation
2023-07-07,31698,31427,0.104,4.8972811,31692.833,-1,-1,-1,0.014307152,0.014307152,0.014307152,0.014307152,validation
2023-07-10,31475,31375,0.62,4.2679191,31694.633,0,-1,-1,0.001644923,0.001644923,0.001644923,0.001644923,validation
2023-07-11,31602,31952,0.912,75.147368,31704.417,1,-1,-1,-0.018230178,-0.018230178,-0.018230178,-0.018230178,validation
2023-07-12,31957,32157,0.7,83.714972,31716.617,0,1,1,0.0057509457,0.0056009457,0.012972532,0.0059009457,validation
2023-07-13,32399,32414,0.896,91.265099,31731.233,1,1,1,0.0079920391,0.0079920391,0.015370973,0.0079920391,validation
2023-07-14,32608,32906,0.996,96.852424,31753.883,1,1,1,0.015178627,0.015178627,0.030858806,0.015178627,validation
2023-07-17,32731,32778,0.176,72.666819,31775.167,-1,1,1,-0.0038898681,-0.0038898681,-0.0067777464,-0.0038898681,validation
2023-07-18,32863,32566,0.148,39.769832,31792.55,-1,-1,-1,0.011304158,0.011154158,0.01270416,0.011454158,validation
2023-07-19,32746,32528,0.372,34.216724,31810.85,0,-1,-1,0.0010932682,0.0010932682,0.0010932682,0.0010932682,validation
2023-07-20,32315,32428,0.792,19.722582,31830.117,0,-1,-1,0.0030284786,0.0030284786,0.0030284786,0.0030284786,validation
2023-07-21,32192,32461,0.308,37.262427,31853.517,0,-1,-1,-0.001139265,-0.001139265,-0.001139265,-0.001139265,validation
2023-07-24,32442,32676,0.352,83.691802,31887.017,0,-1,-1,-0.0066317763,-0.0066317763,-0.0066317763,-0.0066317763,validation
2023-07-25,32741,32731,0.048,88.170754,31921.967,-1,-1,0,-0.0017844077,-0.0018344077,-0.0017844077,-0.0017844077,validation
2023-07-26,32717,32306,0.208,16.812038,31948.083,0,-1,-1,0.012462276,0.012412276,0.012462276,0.012462276,validation
2023-07-27,32409,32699,0.696,66.681815,31979.717,0,-1,-1,-0.012107865,-0.012107865,-0.012107865,-0.012107865,validation
2023-07-28,32561,32622,0.324,53.997222,32004.5,0,-1,-1,0.0023389993,0.0023389993,0.0023389993,0.0023389993,validation
2023-07-31,32817,32770,0.348,73.428107,32036.4,0,-1,-1,-0.0045539376,-0.0045539376,-0.0045539376,-0.0045539376,validation
2023-08-01,32849,33306,0.96,93.454292,32079.183,1,-1,0,-0.016389346,-0.016439346,-0.016389346,-0.016389346,validation
2023-08-02,33091,32586,0.04,30.896438,32103.533,-1,1,1,-0.015510947,-0.015610947,-0.030790768,-0.015360947,validation
2023-08-03,32596,32367,0.04,21.955727,32125.783,-1,-1,-1,0.0069844381,0.0068344381,0.0090037843,0.0071344381,validation
2023-08-04,32428,32372,0.116,22.973521,32151.35,-1,-1,-1,-0.00016098749,-0.00016098749,-0.00016098749,-0.00016098749,validation
2023-08-07,32206,32292,0.608,16.209135,32177,0,-1,-1,0.0024438854,0.0024438854,0.0024438854,0.0024438854,validation
2023-08-08,32404,32024,0.264,5.4525431,32200.633,0,-1,-1,0.0082179228,0.0082179228,0.0082179228,0.0082179228,validation
2023-08-09,32074,32372,0.856,65.283464,32228.633,1,-1,-1,-0.010837837,-0.010837837,-0.010837837,-0.010837837,validation
2023-08-10,32171,32269,0.172,47.492817,32253.483,-1,1,1,0.0089242055,0.0087742055,0.0097405882,0.0090742055,validation
2023-08-11,32334,32161,0.392,30.22161,32274.933,0,-1,-1,0.0070254997,0.0068754997,0.010052417,0.0071754997,validation
2023-08-14,32065,31875,0.36,10.328475,32286.617,0,-1,-1,0.0089281331,0.0089281331,0.0089281331,0.0089281331,validation
2023-08-16,31634,31396,0.412,3.2227331,32283.017,0,-1,-1,0.015141219,0.015141219,0.015141219,0.015141219,validation
2023-08-17,31203,31302,0.42,2.5375456,32274.467,0,-1,-1,0.0029550041,0.0029550041,0.0029550041,0.0029550041,validation
2023-08-18,30938,31137,0.456,1.4530158,32261.6,0,-1,0,0.0050216326,0.0049716326,0.0050216326,0.0050216326,validation
2023-08-21,31208,31161,0.62,12.350681,32251.067,0,0,0,0,0,0,0,validation
2023-08-22,31349,31283,0.596,58.738992,32243.067,0,0,0,0,0,0,0,validation
2023-08-23,31132,31217,0.412,37.350802,32232.167,0,0,0,0,0,0,0,validation
2023-08-24,31549,31644,0.868,89.031091,32221.217,1,0,0,0,0,0,0,validation
2023-08-25,31203,31298,0.584,38.098513,32208.333,0,1,1,0.002794579,0.002694579,0.0054462025,0.002944579,validation
2023-08-28,31497,31510,0.7,63.609655,32200.717,0,1,1,0.0067735958,0.0067735958,0.014159849,0.0067735958,validation
2023-08-29,31667,31658,0.62,76.901173,32188.75,0,1,1,0.0046969216,0.0046969216,0.009308098,0.0046969216,validation
2023-08-30,31971,31752,0.696,84.221728,32176.8,0,1,1,0.0029692337,0.0029692337,0.0055333538,0.0029692337,validation
2023-08-31,31817,31766,0.536,85.582754,32166.25,0,1,0,0.00019091711,9.0917108e-05,0.00066715072,0.00034091711,validation
2023-09-01,31681,32083,0.876,97.061498,32161.667,1,0,0,0,0,0,0,validation
2023-09-04,32176,32287,0.856,98.5487,32153.333,1,1,1,0.0031997762,0.0030997762,0.0048080184,0.0033497762,validation
2023-09-05,32206,32254,0.644,84.682664,32147.967,0,1,1,-0.0010220832,-0.0010220832,-0.0014801658,-0.0010220832,validation
2023-09-06,32191,32028,0.336,28.929616,32136.25,0,1,1,-0.0070068829,-0.0070068829,-0.014527127,-0.0070068829,validation
2023-09-07,31936,31865,0.488,14.838036,32124.483,0,1,1,-0.0050892969,-0.0050892969,-0.01022864,-0.0050892969,validation
2023-09-08,31908,31912,0.18,33.514149,32115.417,-1,1,1,0.0014749725,0.0014749725,0.0036474164,0.0014749725,validation
2023-09-11,31926,32004,0.616,64.226849,32105.267,0,-1,-1,-0.0023555152,-0.0025055152,-0.0024910429,-0.0022055152,validation
2023-09-12,32111,31836,0.216,23.901941,32095.317,0,-1,-1,0.0051920789,0.0051920789,0.0051920789,0.0051920789,validation
2023-09-13,31836,31860,0.756,35.47655,32086.717,0,-1,-1,-0.00075386355,-0.00075386355,-0.00075386355,-0.00075386355,validation
2023-09-14,31951,32310,0.588,90.375088,32090.65,0,-1,-1,-0.014060108,-0.014060108,-0.014060108,-0.014060108,validation
2023-09-15,32349,32732,0.932,96.292093,32100.3,1,-1,0,-0.01313239,-0.01318239,-0.01313239,-0.01313239,validation
2023-09-18,32474,32339,0.064,44.890879,32105.95,-1,1,1,-0.0044071719,-0.0045071719,-0.0093143275,-0.0042571719,validation
2023-09-19,32404,32093,0.292,26.908558,32104.883,0,-1,-1,0.011276828,0.011126828,0.0098433891,0.011426828,validation
2023-09-20,32074,32088,0.228,26.477409,32103.933,0,-1,-1,0.00015528038,0.00015528038,0.00015528038,0.00015528038,validation
2023-09-21,31898,31524,0.2,5.7375773,32096.467,-1,-1,-1,0.017715515,0.017715515,0.017715515,0.017715515,validation
2023-09-22,31227,31411,0.2,4.366907,32087.2,-1,-1,-1,0.0034735424,0.0034735424,0.0034735424,0.0034735424,validation
2023-09-25,31320,31438,0.14,14.165863,32076.817,-1,-1,-1,-0.00088140129,-0.00088140129,-0.00088140129,-0.00088140129,validation
2023-09-26,31438,31029,0.184,3.451484,32051.283,-1,-1,-1,0.013009733,0.013009733,0.013009733,0.013009733,validation
2023-09-27,30862,31105,0.484,24.635606,32029.15,0,-1,-1,-0.0025340757,-0.0025340757,-0.0025340757,-0.0025340757,validation
2023-10-04,30730,30281,0.316,4.2786304,31998.383,0,-1,-1,0.02684322,0.02684322,0.02684322,0.02684322,validation
2023-10-05,30497,30291,0.548,6.160708,31971.9,0,-1,-1,-0.00042660604,-0.00042660604,-0.00042660604,-0.00042660604,validation
2023-10-06,30331,30346,0.352,22.847451,31953.883,0,-1,-1,-0.0018144147,-0.0018144147,-0.0018144147,-0.0018144147,validation
2023-10-10,30658,30416,0.612,46.888018,31937.9,0,-1,0,-0.0025690426,-0.0026190426,-0.0025690426,-0.0025690426,validation
2023-10-11,30839,30928,0.9,90.444445,31920.833,1,0,0,0,0,0,0,validation
2023-10-12,31095,31279,0.924,95.502031,31906.2,1,1,1,0.0056673501,0.0055673501,0.012245995,0.0058173501,validation
2023-10-13,30991,31006,0.548,52.377865,31882.733,0,1,1,-0.0087279005,-0.0087279005,-0.01835443,-0.0087279005,validation
2023-10-16,30852,30769,0.408,29.35956,31847.117,0,1,1,-0.0076436819,-0.0076436819,-0.014829142,-0.0076436819,validation
2023-10-17,30986,31146,0.96,70.543571,31819.917,1,1,1,0.012252592,0.012252592,0.023887435,0.012252592,validation
2023-10-18,31065,31279,0.836,79.128955,31798.467,1,1,1,0.0042702113,0.0042702113,0.0073505912,0.0042702113,validation
2023-10-19,30875,30683,0.268,21.906108,31767.717,0,1,1,-0.019054318,-0.019054318,-0.03680203,-0.019054318,validation
2023-10-20,30440,30220,0.756,10.315716,31730.917,0,1,1,-0.015089789,-0.015089789,-0.030961792,-0.015089789,validation
2023-10-23,30185,30058,0.308,7.528337,31690.867,0,1,1,-0.0053606883,-0.0053606883,-0.011556764,-0.0053606883,validation
2023-10-24,30200,30291,0.496,47.969598,31651.117,0,1,1,0.0077516801,0.0077516801,0.015818432,0.0077516801,validation
2023-10-25,30374,30125,0.276,29.553252,31607.683,0,1,0,-0.0057301756,-0.0058301756,-0.012436865,-0.0055801756,validation
2023-10-26,29666,29352,0.316,6.4589981,31558.45,0,0,0,0,0,0,0,validation
2023-10-27,29484,29381,0.608,11.639877,31503.15,0,0,0,0,0,0,0,validation
2023-10-30,29244,29461,0.816,32.321119,31450.467,1,0,0,0,0,0,0,validation
2023-10-31,29620,29103,0.228,10.443673,31389.35,0,1,1,-0.017704423,-0.017804423,-0.037129433,-0.017554423,validation
2023-11-01,29289,29505,0.768,64.463733,31326,0,1,1,0.013813009,0.013813009,0.030927835,0.013813009,validation
2023-11-02,29996,29996,0.668,85.633088,31282.833,0,1,1,0.016641247,0.016641247,0.028571429,0.016641247,validation
2023-11-03,30280,30300,0.976,91.732049,31248.383,1,1,1,0.010134685,0.010134685,0.021875,0.010134685,validation
2023-11-06,30798,31718,0.996,98.333166,31237.483,1,1,1,0.04679868,0.04679868,0.086986069,0.04679868,validation
2023-11-07,31471,31143,0.584,59.686218,31218.333,0,1,1,-0.018128507,-0.018128507,-0.031259769,-0.018128507,validation
2023-11-08,31369,30853,0.2,42.741759,31198.817,-1,1,1,-0.0093118839,-0.0093118839,-0.017747661,-0.0093118839,validation
2023-11-09,30853,31002,0.788,55.673001,31175.983,0,-1,-1,-0.0051793521,-0.0053293521,-0.0028908519,-0.0050293521,validation
2023-11-10,30693,30824,0.452,36.160866,31151.9,0,-1,-1,0.0056564844,0.0056564844,0.0056564844,0.0056564844,validation
2023-11-13,31128,30802,0.828,33.277844,31129.25,1,-1,-1,0.00050715304,0.00050715304,0.00050715304,0.00050715304,validation
2023-11-14,31062,31119,0.732,79.766493,31116.65,0,1,1,-0.0069714603,-0.0071214603,-0.0029961851,-0.0068214603,validation
2023-11-15,31770,31795,0.94,94.905487,31123.3,1,1,1,0.021723063,0.021723063,0.040671401,0.021723063,validation
2023-11-16,31770,31770,1,89.928717,31131.1,1,1,1,-0.00078628715,-0.00078628715,-0.00093052109,-0.00078628715,validation
2023-11-17,31746,31608,0.4,53.541354,31138.95,0,1,1,-0.0050991501,-0.0050991501,-0.011797578,-0.0050991501,validation
2023-11-20,31561,31859,0.98,79.38686,31150.583,1,1,1,0.0079410276,0.0079410276,0.016336789,0.0079410276,validation
2023-11-21,32018,32013,0.864,87.749568,31162.75,1,1,1,0.0048337989,0.0048337989,0.0089644513,0.0048337989,validation
2023-11-22,31790,32070,0.864,90.578923,31176.967,1,1,1,0.0017805267,0.0017805267,0.0036764706,0.0017805267,validation
2023-11-23,32083,32074,0.264,90.874722,31184.133,0,1,1,0.00012472716,0.00012472716,0.00030525031,0.00012472716,validation
2023-11-24,32074,31821,0.032,18.278037,31192.85,-1,1,1,-0.007888009,-0.007888009,-0.016173329,-0.007888009,validation
2023-11-27,31831,31785,0.596,14.892337,31197.433,0,-1,-1,0.0014098441,0.0012598441,0.00078451016,0.0015598441,validation
2023-11-28,31893,32149,0.728,82.066847,31205.617,0,-1,-1,-0.011397395,-0.011397395,-0.011397395,-0.011397395,validation
2023-11-29,32098,32047,0.776,56.898068,31210.533,0,-1,-1,0.0031777681,0.0031777681,0.0031777681,0.0031777681,validation
2023-11-30,31974,32229,0.664,79.420875,31218.25,0,-1,-1,-0.0057154924,-0.0057154924,-0.0057154924,-0.0057154924,validation
2023-12-01,32065,31864,0.144,25.653298,31214.6,-1,-1,0,0.011289,0.011239,0.011289,0.011289,validation
2023-12-04,32093,32028,0.836,53.775084,31210.283,1,-1,-1,0.0019253638,0.0018753638,0.0019253638,0.0019253638,validation
2023-12-05,31878,31675,0.872,20.459803,31200.633,1,1,1,-0.0020644501,-0.0022144501,-0.0071931982,-0.0019144501,validation
2023-12-06,31826,31780,0.356,41.880329,31196.5,0,1,1,0.0033149171,0.0033149171,0.0059598494,0.0033149171,validation
2023-12-07,31679,31656,0.78,25.598106,31193.017,0,1,1,-0.003901825,-0.003901825,-0.0077954475,-0.003901825,validation
2023-12-08,31921,32116,0.996,80.846442,31196.417,1,1,1,0.014531211,0.014531211,0.027341295,0.014531211,validation
2023-12-11,32181,32225,0.616,85.832243,31200.1,0,1,1,0.0033939469,0.0033939469,0.005506271,0.0033939469,validation
2023-12-12,32306,32359,0.712,91.361231,31208.817,0,1,1,0.0041582622,0.0041582622,0.0088226346,0.0041582622,validation
2023-12-13,32345,32047,0.444,32.428758,31211.933,0,1,1,-0.0096418307,-0.0096418307,-0.018094089,-0.0096418307,validation
2023-12-14,32480,32434,0.992,74.013237,31214,1,1,1,0.012076013,0.012076013,0.0254914,0.012076013,validation
2023-12-15,32538,32619,0.948,83.639486,31212.117,1,1,1,0.005703891,0.005703891,0.015573525,0.005703891,validation
2023-12-18,32705,32724,0.812,88.48246,31218.533,1,1,1,0.0032189828,0.0032189828,0.0038336774,0.0032189828,validation
2023-12-19,32638,32754,0.664,90.148809,31229.55,0,1,1,0.00091675834,0.00091675834,0.0049941246,0.00091675834,validation
2023-12-20,33000,33382,0.996,98.604101,31251.117,1,1,1,0.019173231,0.019173231,0.035662087,0.019173231,validation
2023-12-21,33136,33165,0.116,61.892253,31278.467,-1,1,1,-0.0065005093,-0.0065005093,-0.011854361,-0.0065005093,validation
2023-12-22,33474,33271,0.536,72.05638,31309.467,0,-1,-1,0.015087962,0.014937962,0.02410576,0.015237962,validation
2023-12-26,33436,33407,0.54,83.410494,31342.283,0,-1,-1,-0.0040962465,-0.0040962465,-0.0040962465,-0.0040962465,validation
2023-12-27,33469,33778,0.708,94.842929,31388.1,0,-1,-1,-0.011071188,-0.011071188,-0.011071188,-0.011071188,validation
2023-12-28,33791,34332,0.888,98.313648,31441.883,1,-1,-1,-0.016388884,-0.016388884,-0.016388884,-0.016388884,validation
2024-01-02,34157,34541,0.32,98.881572,31512.883,0,1,1,0.016046795,0.015896795,0.033892383,0.016196795,validation
2024-01-03,34147,33583,0.016,24.191856,31567.75,-1,1,1,-0.027735155,-0.027735155,-0.056360284,-0.027735155,validation
2024-01-04,33325,33287,0.176,16.493301,31616.767,-1,-1,-1,-0.0069009335,-0.0070509335,-0.016253968,-0.0067509335,validation
2024-01-05,33276,33194,0.028,13.74478,31663.067,-1,-1,-1,0.0027955122,0.0027955122,0.0027955122,0.0027955122,validation
2024-01-08,33368,33084,0.236,9.8584486,31699,0,-1,-1,0.0032246225,0.0032246225,0.0032246225,0.0032246225,validation
2024-01-09,33516,32962,0.08,6.0585724,31727.05,-1,-1,-1,0.0032559117,0.0032559117,0.0032559117,0.0032559117,validation
2024-01-10,32962,32601,0.076,1.8465245,31753.633,-1,-1,-1,0.010952005,0.010952005,0.010952005,0.010952005,validation
2024-01-11,32663,32653,0.66,18.224881,31785.033,0,-1,-1,-0.0015962076,-0.0015962076,-0.0015962076,-0.0015962076,validation
2024-01-12,32538,32340,0.064,6.0572026,31804.933,-1,-1,-1,0.0096285056,0.0096285056,0.0096285056,0.0096285056,validation
2024-01-15,32429,32475,0.136,40.388615,31824.867,-1,-1,-1,-0.0041665897,-0.0041665897,-0.0041665897,-0.0041665897,validation
2024-01-16,32284,32033,0.04,11.903435,31847.367,-1,-1,-1,0.013701923,0.013701923,0.013701923,0.013701923,validation
2024-01-17,32161,31248,0.004,3.3959639,31864.5,-1,-1,-1,0.024279105,0.024279105,0.024279105,0.024279105,validation
2024-01-18,31337,31393,0.3,23.574689,31886.75,0,-1,-1,-0.0046301174,-0.0046301174,-0.0046301174,-0.0046301174,validation
2024-01-19,31723,31864,0.488,67.575241,31912.967,0,-1,-1,-0.0149099,-0.0149099,-0.0149099,-0.0149099,validation
2024-01-22,32201,31897,0.492,69.995853,31942.5,0,-1,-1,-0.001235345,-0.001235345,-0.001235345,-0.001235345,validation
2024-01-23,32047,32065,0.828,82.95321,31987.717,1,-1,-1,-0.0052616703,-0.0052616703,-0.0052616703,-0.0052616703,validation
2024-01-24,32088,31940,0.476,50.500019,32030.367,0,1,1,-0.0056763007,-0.0058263007,-0.010280102,-0.0055263007,validation
2024-01-25,31960,31979,0.68,60.212954,32072.333,0,1,1,0.0012210394,0.0012210394,0.0015508685,0.0012210394,validation
2024-01-26,31826,32038,0.816,75.034706,32121.25,1,1,1,0.0018449608,0.0018449608,0.001548467,0.0018449608,validation
2024-01-29,32144,32415,0.98,95.666327,32169.75,1,1,1,0.011767276,0.011767276,0.021954236,0.011767276,validation
2024-01-30,32583,32359,0.436,76.808815,32209.133,0,1,1,-0.0017275952,-0.0017275952,-0.0018154312,-0.0017275952,validation
2024-01-31,32116,32201,0.632,36.362538,32240.817,0,1,1,-0.004882722,-0.004882722,-0.011518642,-0.004882722,validation
2024-02-01,32161,32755,0.892,86.439202,32258.1,1,1,1,0.017204435,0.017204435,0.032812021,0.017204435,validation
2024-02-02,33020,33811,1,96.609715,32302.567,1,1,1,0.032239353,0.032239353,0.063539192,0.032239353,validation
2024-02-05,33721,33400,0.448,60.99861,32345.017,0,1,1,-0.012155807,-0.012155807,-0.022613065,-0.012155807,validation
2024-02-06,33265,33274,0.32,49.753852,32382.883,0,1,1,-0.0037724551,-0.0037724551,-0.0079977149,-0.0037724551,validation
2024-02-07,33439,33744,0.92,78.846118,32431.55,1,1,1,0.014125143,0.014125143,0.028217679,0.014125143,validation
2024-02-08,33882,33782,0.816,80.657092,32481.217,1,1,1,0.0011261261,0.0011261261,0.002800336,0.0011261261,validation
2024-02-13,34185,34195,0.748,93.238829,32532.483,0,1,1,0.012225446,0.012225446,0.02094387,0.012225446,validation
2024-02-14,33668,33730,0.372,37.829529,32564.733,0,1,1,-0.013598479,-0.013598479,-0.025437637,-0.013598479,validation
2024-02-15,34083,33683,0.36,33.772368,32596.617,0,1,1,-0.0013934183,-0.0013934183,-0.0022452989,-0.0013934183,validation
2024-02-16,33953,34020,0.856,73.905474,32636.817,1,1,1,0.010005047,0.010005047,0.019690577,0.010005047,validation
2024-02-19,34120,34553,0.972,91.053905,32681.717,1,1,1,0.015667255,0.015667255,0.030344828,0.015667255,validation
2024-02-20,34458,34148,0.236,45.556683,32717.3,0,1,1,-0.011721124,-0.011721124,-0.024096386,-0.011721124,validation
2024-02-21,34130,34073,0.596,38.442374,32750.683,0,1,1,-0.0021963219,-0.0021963219,-0.0046639232,-0.0021963219,validation
2024-02-22,34392,34247,0.304,64.306153,32786.9,0,1,1,0.0051066827,0.0051066827,0.011300992,0.0051066827,validation
2024-02-23,34553,34353,0.496,76.39161,32829.1,0,1,1,0.0030951616,0.0030951616,0.0051785228,0.0030951616,validation
2024-02-26,34148,34078,0.444,27.710075,32867.317,0,1,0,-0.0082551233,-0.0083551233,-0.01679013,-0.0081051233,validation
2024-02-27,34090,33786,0.564,11.774913,32894.6,0,0,0,0,0,0,0,validation
2024-02-28,33872,34200,0.748,66.462892,32930.483,0,0,0,0,0,0,0,validation
2024-02-29,34078,34110,0.272,52.35326,32961.833,0,0,0,0,0,0,0,validation
2024-03-04,34468,34601,0.744,85.632806,33007.45,0,0,0,0,0,0,0,validation
2024-03-05,34490,34324,0.312,47.89082,33045.717,0,0,0,0,0,0,0,validation
2024-03-06,34153,34200,0.188,34.340197,33087.8,-1,0,0,0,0,0,0,validation
2024-03-07,34333,34224,0.292,40.821879,33128.533,0,-1,-1,0.0030747881,0.0030247881,0.0030747881,0.0030747881,validation
2024-03-08,34634,34725,0.5,88.44493,33179.683,0,-1,-1,-0.014575896,-0.014575896,-0.014575896,-0.014575896,validation
2024-03-11,34524,34434,0.372,45.71155,33218.317,0,-1,-1,0.0084103086,0.0084103086,0.0084103086,0.0084103086,validation
2024-03-12,34543,34730,0.26,72.622118,33260.067,0,-1,-1,-0.0085618821,-0.0085618821,-0.0085618821,-0.0085618821,validation
2024-03-13,34862,34891,0.6,82.213341,33302.267,0,-1,0,-0.0047294383,-0.0047794383,-0.0047294383,-0.0047294383,validation
2024-03-14,34929,35206,0.884,92.49776,33354.917,1,0,0,0,0,0,0,validation
2024-03-15,34920,34543,0.104,26.935963,33390.067,-1,1,1,-0.011046105,-0.011146105,-0.023683386,-0.010896105,validation
2024-03-18,34653,34764,0.364,50.381933,33425.817,0,-1,-1,-0.00037894943,-0.00052894943,0.0020905815,-0.00022894943,validation
2024-03-19,34490,34348,0.208,22.81708,33452.883,0,-1,-1,0.012031302,0.012031302,0.012031302,0.012031302,validation
2024-03-20,34610,34953,0.952,70.215472,33489.533,1,-1,-1,-0.017462645,-0.017462645,-0.017462645,-0.017462645,validation
2024-03-21,35520,35900,0.988,89.808555,33531.5,1,1,1,-0.0060471292,-0.0061971292,0.0025014676,-0.0058971292,validation
2024-03-22,35895,35795,0.6,78.375514,33575.333,0,1,1,-0.0029247911,-0.0029247911,-0.0057557558,-0.0029247911,validation
2024-03-25,35939,35654,0.304,58.406211,33615.05,0,1,1,-0.0039390976,-0.0039390976,-0.0065441732,-0.0039390976,validation
2024-03-26,35953,36004,0.54,81.635609,33658.333,0,1,1,0.0098165704,0.0098165704,0.01849506,0.0098165704,validation
2024-03-27,35818,36024,0.792,82.73742,33695.767,0,1,1,0.00055549383,0.00055549383,-0.00024875622,0.00055549383,validation
2024-03-28,36009,36004,0.476,73.873073,33723.633,0,1,0,-0.00080518543,-0.00090518543,-0.00074763623,-0.00065518543,validation
2024-03-29,36162,36123,0.604,88.515363,33750,0,0,0,0,0,0,0,validation
2024-04-01,36461,36147,0.512,90.632857,33792.733,0,0,0,0,0,0,0,validation
2024-04-02,36123,36248,0.652,96.329249,33842.083,0,0,0,0,0,0,0,validation
2024-04-03,36029,35702,0.132,12.716777,33883.883,-1,0,0,0,0,0,0,validation
2024-04-04,36101,36208,0.608,66.542708,33935.95,0,-1,-1,-0.0030639068,-0.0031139068,-0.0030639068,-0.0030639068,validation
2024-04-05,35862,35837,0.316,34.943333,33983.867,0,-1,-1,0.010259678,0.010259678,0.010259678,0.010259678,validation
2024-04-08,35914,35989,0.668,53.166816,34040.333,0,-1,-1,-0.0042324524,-0.0042324524,-0.0042324524,-0.0042324524,validation
2024-04-09,36172,35767,0.4,29.240866,34092.233,0,-1,-1,0.0060546856,0.0060546856,0.0060546856,0.0060546856,validation
2024-04-11,35201,35752,0.872,27.56458,34149.1,1,-1,0,-0.00017602415,-0.00022602415,-0.00017602415,-0.00017602415,validation
2024-04-12,35757,35404,0.116,7.5313778,34197.917,-1,1,1,-0.010122193,-0.010222193,-0.019266227,-0.0099721929,validation
2024-04-15,35162,35249,0.228,4.571639,34251.517,0,-1,-1,-0.0096427353,-0.0097927353,-0.016746823,-0.0094927353,validation
2024-04-16,34805,34434,0.052,0.89068732,34304.617,-1,-1,-1,0.023389757,0.023389757,0.023389757,0.023389757,validation
2024-04-17,34504,34058,0.076,0.51102848,34349.033,-1,-1,-1,0.010866886,0.010866886,0.010866886,0.010866886,validation
2024-04-18,34148,34653,0.776,57.647108,34395.517,0,-1,-1,-0.017392039,-0.017392039,-0.017392039,-0.017392039,validation
2024-04-19,34120,34001,0.04,25.523106,34430.583,-1,-1,-1,0.018922399,0.018922399,0.018922399,0.018922399,validation
2024-04-22,34290,34458,0.532,58.18675,34470.467,0,-1,-1,-0.013357494,-0.013357494,-0.013357494,-0.013357494,validation
2024-04-23,34533,34419,0.352,54.134506,34511.783,0,-1,-1,0.0011174421,0.0011174421,0.0011174421,0.0011174421,validation
2024-04-24,34886,35053,0.84,85.949189,34563.017,1,-1,-1,-0.018290157,-0.018290157,-0.018290157,-0.018290157,validation
2024-04-25,34624,34448,0.172,36.985743,34603.183,-1,1,1,0.0067432198,0.0065932198,0.0019862759,0.0068932198,validation
2024-04-26,34810,34844,0.896,63.904431,34643.667,1,-1,-1,0.0091715978,0.0090215978,0.017315855,0.0093215978,validation
2024-04-29,35132,35186,0.9,79.229916,34690.783,1,1,1,-0.0070910558,-0.0072410558,-0.0036238997,-0.0069410558,validation
2024-04-30,35206,35310,0.608,84.119312,34742.6,0,1,1,0.0035241289,0.0035241289,0.0057986294,0.0035241289,validation
2024-05-02,35027,35182,0.156,56.607925,34783.05,-1,1,1,-0.0036250354,-0.0036250354,-0.0073375262,-0.0036250354,validation
2024-05-03,35552,35152,0.268,49.083196,34805.4,0,-1,-1,0.021536192,0.021386192,0.032258065,0.021686192,validation
2024-05-07,35721,35966,0.96,93.800849,34848.167,1,-1,-1,-0.022934535,-0.022934535,-0.022934535,-0.022934535,validation
2024-05-08,35948,36092,0.684,95.126034,34895.133,0,1,1,0.0041582636,0.0040082636,0.0079826733,0.0043082636,validation
2024-05-09,36111,35688,0.008,40.123435,34927.533,-1,1,1,-0.011193616,-0.011193616,-0.023051867,-0.011193616,validation
2024-05-10,35994,35870,0.58,60.63237,34962.333,0,-1,-1,0.011698868,0.011548868,0.019823392,0.011848868,validation
2024-05-13,35970,35803,0.188,48.421247,34989.133,-1,-1,-1,0.0018419696,0.0018419696,0.0018419696,0.0018419696,validation
2024-05-14,35899,35875,0.376,64.002718,35024.883,0,-1,-1,-0.0020145898,-0.0020145898,-0.0020145898,-0.0020145898,validation
2024-05-16,36487,36216,0.264,90.677834,35067.1,0,-1,-1,-0.0097586347,-0.0097586347,-0.0097586347,-0.0097586347,validation
2024-05-17,36144,35793,0.02,31.946214,35096.65,-1,-1,-1,0.011718533,0.011718533,0.011718533,0.011718533,validation
2024-05-20,36111,36092,0.112,64.474917,35122.3,-1,-1,-1,-0.0083629379,-0.0083629379,-0.0083629379,-0.0083629379,validation
2024-05-21,35970,35904,0.02,40.269682,35151.567,-1,-1,-1,0.0052213152,0.0052213152,0.0052213152,0.0052213152,validation
2024-05-22,35840,35904,0.328,40.269682,35182.083,0,-1,-1,-6.3661828e-06,-6.3661828e-06,-6.3661828e-06,-6.3661828e-06,validation
2024-05-23,35855,35904,0.176,40.269682,35209.7,-1,-1,-1,-3.7301783e-06,-3.7301783e-06,-3.7301783e-06,-3.7301783e-06,validation
2024-05-24,35372,35343,0.112,4.0422571,35226.2,-1,-1,-1,0.015649296,0.015649296,0.015649296,0.015649296,validation
2024-05-27,35441,35835,0.46,62.777409,35255.483,0,-1,-1,-0.013859068,-0.013859068,-0.013859068,-0.013859068,validation
2024-05-28,35726,35875,0.744,66.146739,35290.3,0,-1,-1,-0.0011415989,-0.0011415989,-0.0011415989,-0.0011415989,validation
2024-05-29,35745,35348,0.02,19.540211,35309.433,-1,-1,-1,0.014770388,0.014770388,0.014770388,0.014770388,validation
2024-05-30,35051,34710,0.088,7.2210753,35319.433,-1,-1,-1,0.018212596,0.018212596,0.018212596,0.018212596,validation
2024-05-31,34997,34696,0.536,7.026657,35321.017,0,-1,-1,0.0002611114,0.0002611114,0.0002611114,0.0002611114,validation
2024-06-03,34941,35319,0.504,72.624399,35337.6,0,-1,-1,-0.017803178,-0.017803178,-0.017803178,-0.017803178,validation
2024-06-04,35098,35061,0.104,45.837867,35351.95,-1,-1,-1,0.0073180428,0.0073180428,0.0073180428,0.0073180428,validation
2024-06-05,35353,35412,0.712,72.967302,35371.75,0,-1,-1,-0.0099833254,-0.0099833254,-0.0099833254,-0.0099833254,validation
2024-06-07,35749,35880,0.5,88.42637,35391,0,-1,-1,-0.013146113,-0.013146113,-0.013146113,-0.013146113,validation
2024-06-10,35461,35566,0.116,50.032599,35409.867,-1,-1,-1,0.0086822375,0.0086822375,0.0086822375,0.0086822375,validation
2024-06-11,35640,35600,0.552,54.327137,35424.367,0,-1,-1,-0.00096063953,-0.00096063953,-0.00096063953,-0.00096063953,validation
2024-06-12,35528,35913,0.604,82.314013,35441.4,0,-1,-1,-0.008835968,-0.008835968,-0.008835968,-0.008835968,validation
2024-06-13,36357,36159,0.964,90.99125,35457.283,1,-1,-1,-0.0069845472,-0.0069845472,-0.0069845472,-0.0069845472,validation
2024-06-14,36179,36279,0.792,93.907496,35486.217,0,1,1,0.0018593929,0.0017093929,0.0046325952,0.0020093929,validation
2024-06-17,36102,36082,0.092,45.523042,35508.183,-1,1,1,-0.0054301386,-0.0054301386,-0.010265398,-0.0054301386,validation
2024-06-18,36332,36462,0.664,81.766315,35543.417,0,-1,-1,0.002975758,0.002825758,0.0091793847,0.003125758,validation
2024-06-19,36800,37006,0.804,93.723011,35577.633,1,-1,-1,-0.01481586,-0.01481586,-0.01481586,-0.01481586,validation
2024-06-20,36972,37152,0.684,95.357196,35598.5,0,1,1,0.0054417922,0.0052917922,0.01021618,0.0055917922,validation
2024-06-21,36862,36834,0.176,44.682483,35615.817,-1,1,1,-0.0085594315,-0.0085594315,-0.018854415,-0.0085594315,validation
2024-06-24,36563,36554,0.08,23.081777,35630.817,-1,-1,-1,-0.0074629934,-0.0076129934,-0.013729192,-0.0073129934,validation
2024-06-25,36563,36661,0.408,43.833835,35641.767,0,-1,-1,-0.0029258564,-0.0029258564,-0.0029258564,-0.0029258564,validation
2024-06-26,36487,36962,0.456,77.693296,35657.4,0,-1,-1,-0.0083339347,-0.0083339347,-0.0083339347,-0.0083339347,validation
2024-06-27,36583,36920,0.136,66.504815,35672.667,-1,-1,-1,0.00094738807,0.00094738807,0.00094738807,0.00094738807,validation
2024-06-28,37055,37138,0.06,86.574772,35689.583,-1,-1,-1,-0.005888278,-0.005888278,-0.005888278,-0.005888278,validation
2024-07-01,36987,37210,0.632,90.381661,35707.3,0,-1,-1,-0.0019877431,-0.0019877431,-0.0019877431,-0.0019877431,validation
2024-07-02,37011,36943,0.296,29.126369,35718.883,0,-1,-1,0.0071951422,0.0071951422,0.0071951422,0.0071951422,validation
2024-07-03,37098,37098,0.704,60.336869,35742.15,0,-1,-1,-0.0041956528,-0.0041956528,-0.0041956528,-0.0041956528,validation
2024-07-04,37397,37595,0.956,89.627949,35765.267,1,-1,-1,-0.013311603,-0.013311603,-0.013311603,-0.013311603,validation
2024-07-05,37791,38288,0.972,96.609852,35806.117,1,1,1,0.0075192565,0.0073692565,0.021136041,0.0076692565,validation
2024-07-08,38245,38163,0.728,77.733286,35842.35,0,1,1,-0.0032647305,-0.0032647305,-0.0067598017,-0.0032647305,validation
2024-07-09,38403,38298,0.656,84.341729,35884.533,0,1,1,0.0035374577,0.0035374577,0.0065789474,0.0035374577,validation
2024-07-10,38149,38283,0.496,79.123355,35926.717,0,1,1,-0.00039166536,-0.00039166536,-0.0011268875,-0.00039166536,validation
2024-07-11,38593,38521,0.648,92.955167,35978.667,0,1,1,0.0062168587,0.0062168587,0.012184116,0.0062168587,validation
2024-07-12,38217,37991,0.264,23.527885,36024.367,0,1,0,-0.014008729,-0.014108729,-0.028783214,-0.013858729,validation
2024-07-15,38202,38231,0.292,54.383913,36087.65,0,0,0,0,0,0,0,validation
2024-07-16,38105,38254,0.484,57.658453,36157.583,0,0,0,0,0,0,0,validation
2024-07-17,38259,37936,0.1,19.316036,36212.3,-1,0,0,0,0,0,0,validation
2024-07-18,37451,37659,0.12,8.9487891,36273.267,-1,-1,-1,-0.0056539238,-0.0057039238,-0.0056539238,-0.0056539238,validation
2024-07-19,37243,37215,0.024,3.2892766,36319.217,-1,-1,-1,0.01180662,0.01180662,0.01180662,0.01180662,validation
2024-07-22,37180,36844,0.236,1.5991393,36359.633,0,-1,-1,0.009986097,0.009986097,0.009986097,0.009986097,validation
2024-07-23,37118,36948,0.612,23.606479,36391.217,0,-1,-1,-0.0028908325,-0.0028908325,-0.0028908325,-0.0028908325,validation
2024-07-24,36637,36733,0.42,12.264978,36429.3,0,-1,-1,0.0057748775,0.0057748775,0.0057748775,0.0057748775,validation
2024-07-25,36202,36062,0.096,3.0671335,36449.6,-1,-1,-1,0.018378759,0.018378759,0.018378759,0.018378759,validation
2024-07-26,36134,36256,0.552,32.386845,36467.433,0,-1,-1,-0.0053661419,-0.0053661419,-0.0053661419,-0.0053661419,validation
2024-07-29,36487,36689,0.78,71.231148,36490.417,0,-1,-1,-0.011872304,-0.011872304,-0.011872304,-0.011872304,validation
2024-07-30,36268,36346,0.1,37.290073,36509.817,-1,-1,-1,0.0092994943,0.0092994943,0.0092994943,0.0092994943,validation
2024-07-31,36346,36877,0.544,74.665925,36538.567,0,-1,-1,-0.014609586,-0.014609586,-0.014609586,-0.014609586,validation
2024-08-01,37178,36907,0.756,76.26442,36554.25,0,-1,-1,-0.00093250896,-0.00093250896,-0.00093250896,-0.00093250896,validation
2024-08-02,36022,35421,0.004,10.518106,36543.067,-1,-1,-1,0.041063514,0.041063514,0.041063514,0.041063514,validation
2024-08-05,34493,32170,0.908,2.2041058,36484.433,1,-1,-1,0.095310579,0.095310579,0.095310579,0.095310579,validation
2024-08-06,33454,33062,0.828,31.790652,36437.633,1,1,1,-0.051512861,-0.051662861,-0.060947064,-0.051362861,validation
2024-08-07,32926,33817,0.544,54.89207,36404.533,0,1,1,0.022835884,0.022835884,0.0382263,0.022835884,validation
2024-08-08,33232,33566,0.372,44.802858,36366.05,0,1,1,-0.0074223024,-0.0074223024,-0.015316642,-0.0074223024,validation
2024-08-09,34202,34024,0.596,66.962922,36329.517,0,1,1,0.01364476,0.01364476,0.029015854,0.01364476,validation
2024-08-12,34271,34415,0.644,80.399026,36306.55,0,1,1,0.011491888,0.011491888,0.022383721,0.011491888,validation
2024-08-13,34547,34532,0.728,84.235917,36280.55,0,1,0,0.0031496804,0.0030496804,0.006858331,0.0032996804,validation
2024-08-14,34963,34856,0.604,92.43622,36263.083,0,0,0,0,0,0,0,validation
2024-08-16,35631,35684,0.928,97.932684,36259.417,1,0,0,0,0,0,0,validation
2024-08-19,35790,35368,0.54,62.992764,36250.483,0,1,1,-0.012041003,-0.012141003,-0.023456751,-0.011891003,validation
2024-08-20,35751,35723,0.832,79.458848,36256.817,1,1,1,0.010037322,0.010037322,0.018898488,0.010037322,validation
2024-08-21,35496,35674,0.392,70.766642,36254.133,0,1,1,-0.0013716653,-0.0013716653,-0.0023847377,-0.0013716653,validation
2024-08-22,35785,35728,0.632,76.445798,36251.683,0,1,1,0.0015137075,0.0015137075,0.002124834,0.0015137075,validation
2024-08-23,35510,35704,0.472,65.188735,36257.617,0,1,1,-0.00067174205,-0.00067174205,-0.00053008216,-0.00067174205,validation
2024-08-26,35813,35515,0.32,19.639456,36271.033,0,1,1,-0.0052935245,-0.0052935245,-0.011667993,-0.0052935245,validation
2024-08-27,35481,35334,0.24,8.3990069,36281.667,0,1,0,-0.0053464381,-0.0054464381,-0.010177556,-0.0051964381,validation
2024-08-28,35310,35397,0.304,34.497011,36282.967,0,0,0,0,0,0,0,validation
2024-08-29,34842,34929,0.22,6.5922773,36280.767,0,0,0,0,0,0,0,validation
2024-08-30,35121,35111,0.648,42.664635,36275.75,0,0,0,0,0,0,0,validation
2024-09-02,35111,35073,0.716,36.739865,36262.3,0,0,0,0,0,0,0,validation
2024-09-03,35073,34779,0.296,11.667872,36249.183,0,0,0,0,0,0,0,validation
2024-09-04,33725,33570,0.164,1.764504,36215.35,-1,0,0,0,0,0,0,validation
2024-09-05,33734,33517,0.424,1.6422901,36175.417,0,-1,-1,0.0063326792,0.0062826792,0.0063326792,0.0063326792,validation
2024-09-06,33541,33218,0.392,0.92186327,36126.4,0,-1,-1,0.0089070549,0.0089070549,0.0089070549,0.0089070549,validation
2024-09-09,32539,32994,0.32,0.55625259,36071.65,0,-1,-1,0.0061716776,0.0061716776,0.0061716776,0.0061716776,validation
2024-09-10,33013,32853,0.196,0.37101051,36017.833,-1,-1,-1,0.0042679224,0.0042679224,0.0042679224,0.0042679224,validation
2024-09-11,32782,32544,0.128,0.15084116,35952.533,-1,-1,-1,0.0094369139,0.0094369139,0.0094369139,0.0094369139,validation
2024-09-12,32991,33288,0.5,74.116852,35890.567,0,-1,-1,-0.022614055,-0.022614055,-0.022614055,-0.022614055,validation
2024-09-13,33306,33360,0.384,77.362528,35827.367,0,-1,-1,-0.0021611882,-0.0021611882,-0.0021611882,-0.0021611882,validation
2024-09-19,33561,33302,0.452,64.359953,35768.5,0,-1,-1,0.001645613,0.001645613,0.001645613,0.001645613,validation
2024-09-20,33667,33384,0.712,75.841216,35715.667,0,-1,-1,-0.0026465761,-0.0026465761,-0.0026465761,-0.0026465761,validation
2024-09-23,33478,33488,0.4,86.705111,35662.783,0,-1,0,-0.0032135827,-0.0032635827,-0.0032135827,-0.0032135827,validation
2024-09-24,33667,33888,0.496,97.018503,35611.55,0,0,0,0,0,0,0,validation
2024-09-25,34202,33389,0.332,33.05037,35552.7,0,0,0,0,0,0,0,validation
2024-09-26,33976,34512,0.94,83.126289,35508.933,1,0,0,0,0,0,0,validation
2024-09-27,34595,34373,0.488,70.139332,35461.65,0,1,1,-0.0066671123,-0.0067671123,-0.017261625,-0.0065171123,validation
2024-09-30,34590,33585,0.164,25.308498,35405.683,-1,1,1,-0.02292497,-0.02292497,-0.043841938,-0.02292497,validation
2024-10-02,33043,33232,0.276,16.09284,35341.25,0,-1,-1,-0.022115669,-0.022265669,-0.037862791,-0.021965669,validation
2024-10-04,33148,33218,0.2,15.641078,35268.3,-1,-1,-1,0.00041060506,0.00041060506,0.00041060506,0.00041060506,validation
2024-10-07,33297,33744,0.884,72.869967,35192.567,1,-1,-1,-0.015770935,-0.015770935,-0.015770935,-0.015770935,validation
2024-10-08,33473,33488,0.28,43.888545,35114.65,0,1,1,0.0081327786,0.0079827786,0.0076810574,0.0082827786,validation
2024-10-10,33759,33551,0.916,53.074258,35035.533,1,1,1,0.0018812709,0.0018812709,0.0051781907,0.0018812709,validation
2024-10-11,33754,33593,0.648,61.481752,34957.367,0,1,1,0.0012518256,0.0012518256,0,0.0012518256,validation
2024-10-14,33662,33991,0.972,91.237132,34881.867,1,1,1,0.011847706,0.011847706,0.024545455,0.011847706,validation
2024-10-15,34165,34111,0.868,94.021905,34817.2,1,1,1,0.0035303463,0.0035303463,0.0070984916,0.0035303463,validation
2024-10-16,33642,33802,0.764,35.65986,34743.383,0,1,1,-0.0090586614,-0.0090586614,-0.017914831,-0.0090586614,validation
2024-10-17,33903,33879,0.412,50.861371,34670.467,0,1,1,0.0022779717,0.0022779717,0.0029904306,0.0022779717,validation
2024-10-18,33942,33682,0.5,23.025079,34599.567,0,1,1,-0.0058148115,-0.0058148115,-0.013118664,-0.0058148115,validation
2024-10-21,33700,33778,0.544,49.801361,34534.883,0,1,1,0.002850187,0.002850187,0.0063444109,0.002850187,validation
2024-10-22,33642,33285,0.372,10.89082,34469.383,0,1,0,-0.014845299,-0.014945299,-0.028469754,-0.014695299,validation
2024-10-23,33316,33715,0.924,62.288895,34417.233,1,0,0,0,0,0,0,validation
2024-10-24,33517,33434,0.08,35.515262,34358.667,-1,1,1,-0.0027263553,-0.0028263553,-0.0054345075,-0.0025763553,validation
2024-10-25,33478,33459,0.448,40.096791,34304.1,0,-1,-1,0.0015343094,0.0013843094,0.0023646775,0.0016843094,validation
2024-10-28,33502,33764,0.812,78.086152,34265.8,1,-1,-1,-0.0090955331,-0.0090955331,-0.0090955331,-0.0090955331,validation
2024-10-29,33710,33851,0.556,83.908103,34225.717,0,1,1,0.0054387613,0.0052887613,0.0097169638,0.0055887613,validation
2024-10-30,33754,33526,0.108,28.110628,34173,-1,1,1,-0.0096008981,-0.0096008981,-0.018263473,-0.0096008981,validation
2024-10-31,33211,33083,0.412,9.993659,34118.617,0,-1,-1,-0.0059277605,-0.0060777605,-0.014558495,-0.0057777605,validation
2024-11-01,32827,32850,0.692,5.9558768,34051.5,0,-1,-1,0.0070320488,0.0070320488,0.0070320488,0.0070320488,validation
2024-11-04,32933,33398,0.948,67.576833,33993.017,1,-1,-1,-0.016610537,-0.016610537,-0.016610537,-0.016610537,validation
2024-11-05,33088,33211,0.204,46.695346,33956.183,0,1,1,0.012683857,0.012533857,0.015249877,0.012833857,validation
2024-11-06,33344,33132,0.328,37.027964,33972.217,0,1,1,-0.0023787299,-0.0023787299,-0.0055987558,-0.0023787299,validation
2024-11-07,32988,33117,0.956,34.329037,33973.133,1,1,1,-0.00045273452,-0.00045273452,0.00062558649,-0.00045273452,validation
2024-11-08,33428,33078,0.308,24.893753,33960.817,0,1,1,-0.0011776429,-0.0011776429,-0.0031259769,-0.0011776429,validation
2024-11-11,32870,32545,0.384,2.9243676,33943.8,0,1,1,-0.016113429,-0.016113429,-0.031357792,-0.016113429,validation
2024-11-12,32384,31865,0.708,0.89929384,33907.817,0,1,1,-0.020894147,-0.020894147,-0.042084817,-0.020894147,validation
2024-11-13,31609,31050,0.524,0.33809036,33851.733,0,1,1,-0.025576651,-0.025576651,-0.053396418,-0.025576651,validation
2024-11-14,31095,30918,0.888,0.28123902,33791.5,1,1,0,-0.0045012077,-0.0046012077,-0.0084613531,-0.0043512077,validation
2024-11-15,30933,31143,0.684,36.616201,33729.617,0,1,1,0.0065388663,0.0064388663,0.013054567,0.0066888663,validation
2024-11-18,31487,31865,0.744,81.014139,33665.967,0,1,1,0.02318338,0.02318338,0.044712562,0.02318338,validation
2024-11-19,31812,31977,0.912,84.40353,33609.45,1,1,1,0.0035148282,0.0035148282,0.0078125,0.0035148282,validation
2024-11-20,31924,32042,0.892,87.080597,33548.1,1,1,1,0.002032711,0.002032711,0.0026963263,0.002032711,validation
2024-11-21,31870,32080,0.852,89.240048,33488.2,1,1,1,0.0011859434,0.0011859434,0.003697479,0.0011859434,validation
2024-11-22,32229,32365,0.936,96.932056,33432.15,1,1,1,0.0088840399,0.0088840399,0.016075017,0.0088840399,validation
2024-11-25,32657,32745,0.796,98.944392,33382.833,0,1,1,0.011741078,0.011741078,0.023731048,0.011741078,validation
2024-11-26,32535,32642,0.452,72.990472,33334.95,0,1,1,-0.0031455184,-0.0031455184,-0.00772698,-0.0031455184,validation
2024-11-27,32540,32389,0.756,31.89278,33285.867,0,1,1,-0.0077507506,-0.0077507506,-0.014925373,-0.0077507506,validation
2024-11-28,32297,32292,0.408,22.275381,33234.117,0,1,1,-0.0029948439,-0.0029948439,-0.005599473,-0.0029948439,validation
2024-11-29,32175,31681,0.272,4.6417101,33179.983,0,1,0,-0.019171095,-0.019271095,-0.036023435,-0.019021095,validation
2024-12-02,31992,31739,0.68,17.10076,33123.783,0,0,0,0,0,0,0,validation
2024-12-03,31899,32205,0.94,73.253933,33075.983,1,0,0,0,0,0,0,validation
2024-12-04,31638,31769,0.412,32.30577,33025.817,0,1,1,0.0038905904,0.0037905904,-0.00025,0.0040405904,validation
2024-12-05,31794,31545,0.74,20.519752,32992.067,0,1,1,-0.0070508987,-0.0070508987,-0.015731874,-0.0070508987,validation
2024-12-06,31628,31384,0.976,13.460528,32956.517,1,1,1,-0.0051038199,-0.0051038199,-0.010076442,-0.0051038199,validation
2024-12-09,30943,30604,0.94,3.1062491,32912.95,1,1,1,-0.024853428,-0.024853428,-0.04984205,-0.024853428,validation
2024-12-10,30904,31225,0.824,56.449413,32883.467,1,1,1,0.020291465,0.020291465,0.041004802,0.020291465,validation
2024-12-11,31085,31550,0.208,72.370618,32861.75,0,1,1,0.010408327,0.010408327,0.018452803,0.010408327,validation
2024-12-12,31749,32002,0.984,86.300886,32852.717,1,1,1,0.014326466,0.014326466,0.031358885,0.014326466,validation
2024-12-13,31924,32146,0.884,89.631697,32833.683,1,1,1,0.0044997188,0.0044997188,0.0067567568,0.0044997188,validation
2024-12-16,32365,32032,0.46,64.717304,32811.55,0,1,1,-0.0035463199,-0.0035463199,-0.0070469799,-0.0035463199,validation
2024-12-17,31987,31661,0.34,23.037588,32784.2,0,1,1,-0.011582168,-0.011582168,-0.023318689,-0.011582168,validation
2024-12-18,31739,32108,0.936,69.841311,32762.933,1,1,1,0.014118316,0.014118316,0.028373702,0.014118316,validation
2024-12-19,31306,31379,0.2,23.408488,32727.783,-1,1,1,-0.022704622,-0.022704622,-0.045423957,-0.022704622,validation
2024-12-20,31249,30928,0.272,12.843418,32678.45,0,-1,-1,0.0057368734,0.0055868734,-0.0018291647,0.0058868734,validation
2024-12-23,31196,31448,0.84,57.292357,32646.1,1,-1,-1,-0.016673248,-0.016673248,-0.016673248,-0.016673248,validation
2024-12-24,31589,31473,0.288,59.288734,32595.45,0,1,1,-0.0084892918,-0.0086392918,-0.012125481,-0.0083392918,validation
2024-12-26,31584,31287,0.276,34.966879,32544.017,0,1,1,-0.0059098275,-0.0059098275,-0.01054111,-0.0059098275,validation
2024-12-27,31235,31201,0.732,25.35026,32504.283,0,1,1,-0.0027487455,-0.0027487455,-0.0060369318,-0.0027487455,validation
2024-12-30,31090,31119,0.228,16.629028,32469.067,0,1,1,-0.0026281209,-0.0026281209,-0.0057163273,-0.0026281209,validation
2025-01-02,30992,31050,0.044,10.531526,32432.933,-1,1,0,-0.0024672949,-0.0025672949,-0.006358516,-0.0023172949,validation
2025-01-03,31040,31671,0.972,88.228154,32398.383,1,-1,-1,-0.020428608,-0.020478608,-0.020428608,-0.020428608,validation
2025-01-06,31769,32352,0.792,95.947256,32379.45,0,1,1,0.014850125,0.014700125,0.029946519,0.015000125,validation
2025-01-07,32657,32361,0.764,96.016301,32359.617,0,1,1,0.00027818991,0.00027818991,0.0026729034,0.00027818991,validation
2025-01-08,32090,32672,0.728,98.170453,32344.267,0,1,1,0.0096103334,0.0096103334,0.018660447,0.0096103334,validation
2025-01-09,32657,32696,0.744,98.311383,32322.683,0,1,1,0.00073457395,0.00073457395,-0.0013084724,0.00073457395,validation
2025-01-10,32677,32647,0.82,74.787778,32298.283,1,1,0,-0.0017486543,-0.0018486543,-0.0025428267,-0.0015986543,validation
2025-01-13,32466,32214,0.192,14.302922,32271.817,-1,1,1,-0.0080119664,-0.0081119664,-0.014217409,-0.0078619664,validation
2025-01-14,32403,32356,0.168,44.005397,32246.433,-1,-1,-1,0.0069760073,0.0068260073,0.010557688,0.0071260073,validation
2025-01-15,32481,32307,0.32,35.511084,32223.517,0,-1,-1,0.0014730114,0.0014730114,0.0014730114,0.0014730114,validation
2025-01-16,32750,32769,0.9,86.101447,32206.7,1,-1,-1,-0.014284396,-0.014284396,-0.014284396,-0.014284396,validation
2025-01-17,32637,32700,0.42,69.75586,32196.95,0,1,1,0.0056162976,0.0054662976,0.0063203768,0.0057662976,validation
2025-01-20,32860,32647,0.18,54.005658,32179.15,-1,1,1,-0.0016207951,-0.0016207951,-0.0032808399,-0.0016207951,validation
2025-01-21,32846,32677,0.4,63.368978,32166.533,0,-1,-1,0.010922092,0.010772092,0.01604438,0.011072092,validation
2025-01-22,32909,33050,0.896,93.957514,32159.717,1,-1,-1,-0.011353918,-0.011353918,-0.011353918,-0.011353918,validation
2025-01-23,33006,32696,0.08,36.346954,32141.917,-1,1,1,-0.0084234196,-0.0085734196,-0.020268802,-0.0082734196,validation
2025-01-24,32856,32890,0.844,61.931045,32125.9,1,-1,-1,0.0035036824,0.0033536824,0.0038659839,0.0036536824,validation
2025-01-31,32530,32570,0.032,26.626063,32109.967,-1,1,1,0.011838669,0.011688669,0.011265742,0.011988669,validation
2025-02-03,31873,31678,0.104,6.3727134,32086.55,-1,-1,-1,-0.015762957,-0.015912957,-0.037222769,-0.015612957,validation
2025-02-04,32068,32073,0.852,44.058949,32073.6,1,-1,-1,-0.012465382,-0.012465382,-0.012465382,-0.012465382,validation
2025-02-05,32418,32452,0.868,68.438005,32057.833,1,1,1,-0.010069193,-0.010219193,-0.008125067,-0.0099191928,validation
2025-02-06,32662,32780,0.604,82.008902,32050.65,0,1,1,0.010107235,0.010107235,0.020367279,0.010107235,validation
2025-02-07,32799,32565,0.248,52.445825,32041.2,0,1,1,-0.0065588774,-0.0065588774,-0.013743455,-0.0065588774,validation
2025-02-10,32393,32632,0.52,61.169967,32033.117,0,1,1,0.0020574236,0.0020574236,0.00331785,0.0020574236,validation
2025-02-11,32804,32890,0.824,83.907265,32029.983,1,1,1,0.0079063496,0.0079063496,0.014880952,0.0079063496,validation
2025-02-12,32837,32934,0.46,86.586322,32036.467,0,1,1,0.0013377926,0.0013377926,0.0029325513,0.0013377926,validation
2025-02-13,33048,33299,0.796,96.43442,32060.367,0,1,1,0.011082772,0.011082772,0.02014295,0.011082772,validation
2025-02-14,33352,33465,0.78,97.862113,32100.617,0,1,1,0.0049851347,0.0049851347,0.012738854,0.0049851347,validation
2025-02-17,33578,33709,0.42,99.018015,32147.133,0,1,1,0.0072911998,0.0072911998,0.013836478,0.0072911998,validation
2025-02-18,33743,33957,0.804,99.532182,32194.033,1,1,0,0.0071070856,0.0070070856,0.01401799,0.0072570856,validation
2025-02-19,34084,34648,0.94,99.880592,32240.417,1,1,1,0.016297354,0.016197354,0.032850516,0.016447354,validation
2025-02-20,34557,34346,0.064,60.497504,32279.9,-1,1,1,-0.0087162318,-0.0087162318,-0.017048795,-0.0087162318,validation
2025-02-21,34424,34386,0.196,64.233358,32318.967,-1,-1,-1,0.0030273947,0.0028773947,0.0022507469,0.0031773947,validation
2025-02-24,34092,34171,0.148,31.851429,32353.817,-1,-1,-1,0.0062129195,0.0062129195,0.0062129195,0.0062129195,validation
2025-02-25,33753,33992,0.116,17.315884,32380.933,-1,-1,-1,0.0050651256,0.0050651256,0.0050651256,0.0050651256,validation
2025-02-26,33957,34162,0.296,55.708546,32404.55,0,-1,-1,-0.0050136089,-0.0050136089,-0.0050136089,-0.0050136089,validation
2025-02-27,34190,34025,0.088,31.862775,32427.6,-1,-1,-1,0.0040023929,0.0040023929,0.0040023929,0.0040023929,validation
2025-02-28,33480,32895,0.004,3.9526181,32436.033,-1,-1,-1,0.03377063,0.03377063,0.03377063,0.03377063,validation
2025-03-04,32731,32814,0.232,3.5116326,32444.733,0,-1,-1,0.0024370953,0.0024370953,0.0024370953,0.0024370953,validation
2025-03-05,33052,33062,0.36,42.675009,32467.75,0,-1,-1,-0.0075533609,-0.0075533609,-0.0075533609,-0.0075533609,validation
2025-03-06,33218,33386,0.352,72.179674,32495.2,0,-1,-1,-0.0097520434,-0.0097520434,-0.0097520434,-0.0097520434,validation
2025-03-07,33080,33232,0.444,48.46634,32512.317,0,-1,-1,0.0045284822,0.0045284822,0.0045284822,0.0045284822,validation
2025-03-10,33038,33308,0.252,61.085096,32537.967,0,-1,0,-0.0024823692,-0.0025323692,-0.0024823692,-0.0024823692,validation
2025-03-11,32521,32934,0,17.913619,32561.117,-1,0,0,0,0,0,0,validation
2025-03-12,33080,33456,0.568,72.387836,32595.65,0,-1,-1,-0.011466385,-0.011516385,-0.011466385,-0.011466385,validation
2025-03-13,33656,33294,0.128,51.269714,32640.483,-1,-1,-1,0.0047135834,0.0047135834,0.0047135834,0.0047135834,validation
2025-03-14,33333,33480,0.468,70.818647,32678.067,0,-1,-1,-0.0055762605,-0.0055762605,-0.0055762605,-0.0055762605,validation
2025-03-17,33733,34132,0.908,92.345825,32721.1,1,-1,-1,-0.019295548,-0.019295548,-0.019295548,-0.019295548,validation
2025-03-18,34522,34215,0.716,93.556116,32757.983,0,1,1,-0.020567495,-0.020717495,-0.029712872,-0.020417495,validation
2025-03-19,34235,34507,0.78,96.949738,32797.333,0,1,1,0.0085342686,0.0085342686,0.017267495,0.0085342686,validation
2025-03-20,34762,34742,0.808,98.349137,32842.5,1,1,1,0.0068102124,0.0068102124,0.014592019,0.0068102124,validation
2025-03-21,34668,34906,0.752,98.993585,32896.583,0,1,1,0.0047205112,0.0047205112,0.0082183739,0.0047205112,validation
2025-03-24,34772,34786,0.22,63.002135,32941.217,0,1,1,-0.0034378044,-0.0034378044,-0.0069868996,-0.0034378044,validation
2025-03-25,34989,34624,0.364,31.792789,32995.3,0,1,1,-0.0046570459,-0.0046570459,-0.0093814131,-0.0046570459,validation
2025-03-26,34772,34916,0.82,75.515912,33061.767,1,1,1,0.0084334566,0.0084334566,0.017460787,0.0084334566,validation
2025-03-27,34557,34488,0.16,26.228136,33112.433,-1,1,1,-0.012257991,-0.012257991,-0.025014543,-0.012257991,validation
2025-03-28,34346,33933,0.032,9.7404602,33153.433,-1,-1,-1,0.0075078056,0.0073578056,0.00080568967,0.0076578056,validation
2025-03-31,33323,32979,0.016,3.0813392,33181.633,-1,-1,-1,0.028485377,0.028485377,0.028485377,0.028485377,validation
2025-04-01,33227,33451,0.404,42.189521,33219.133,0,-1,-1,-0.014210747,-0.014210747,-0.014210747,-0.014210747,validation
2025-04-02,33495,33285,0.252,32.862266,33255.233,0,-1,-1,0.0049459889,0.0049459889,0.0049459889,0.0049459889,validation
2025-04-03,32283,32871,0.432,15.628338,33285.583,0,-1,-1,0.011341424,0.011341424,0.011341424,0.011341424,validation
2025-04-04,32447,32580,0.108,8.9960687,33300.733,-1,-1,-1,0.0087470431,0.0087470431,0.0087470431,0.0087470431,validation
2025-04-07,31123,30724,0.248,1.4027146,33273.6,0,-1,-1,0.058114112,0.058114112,0.058114112,0.058114112,validation
2025-04-08,31307,30710,0.256,1.3850772,33246.083,0,-1,-1,-0.000268022,-0.000268022,-0.000268022,-0.000268022,validation
2025-04-09,30645,30198,0.156,0.72151398,33204.85,-1,-1,-1,0.01673384,0.01673384,0.01673384,0.01673384,validation
2025-04-10,31883,32059,0.876,77.852918,33194.233,1,-1,-1,-0.061010563,-0.061010563,-0.061010563,-0.061010563,validation
2025-04-11,31527,31961,0.476,71.964431,33182.8,0,1,1,0.030238821,0.030088821,0.042358081,0.030388821,validation
2025-04-14,32135,32164,0.64,78.65338,33181.967,0,1,1,0.0063514909,0.0063514909,0.013756614,0.0063514909,validation
2025-04-15,32208,32481,0.868,87.768008,33184.05,1,1,1,0.0098557393,0.0098557393,0.018441197,0.0098557393,validation
2025-04-16,32346,31975,0.516,37.140882,33178.517,0,1,1,-0.015578338,-0.015578338,-0.030748206,-0.015578338,validation
2025-04-17,32063,32292,0.48,63.512257,33170.567,0,1,1,0.0099139953,0.0099139953,0.020796616,0.0099139953,validation
2025-04-18,32346,32511,0.824,76.901638,33167.417,1,1,1,0.0067818655,0.0067818655,0.011740331,0.0067818655,validation
2025-04-21,32516,32555,0.48,79.869875,33165.883,0,1,1,0.0013533881,0.0013533881,0.0030716724,0.0013533881,validation
2025-04-22,32393,32447,0.732,48.974719,33162.05,0,1,1,-0.0033174628,-0.0033174628,-0.0057842804,-0.0033174628,validation
2025-04-23,32989,33033,0.672,90.183101,33161.767,0,1,1,0.018060221,0.018060221,0.037303217,0.018060221,validation
2025-04-24,33038,32974,0.304,77.568589,33166.4,0,1,1,-0.0017860927,-0.0017860927,-0.0049488618,-0.0017860927,validation
2025-04-25,33333,33280,0.932,90.847774,33172.9,1,1,0,0.0090300388,0.0089300388,0.018649204,0.0091800388,validation
2025-04-28,33338,33304,0.64,91.625446,33185.133,0,1,1,-0.0012698572,-0.0013698572,-0.00025,-0.0011198572,validation
2025-04-29,33398,33532,0.92,96.796814,33216.033,1,1,1,0.0068460245,0.0068460245,0.012995452,0.0068460245,validation
2025-04-30,33498,33463,0.388,70.46144,33239.2,0,1,1,-0.0020577359,-0.0020577359,-0.0025657473,-0.0020577359,validation
2025-05-02,33438,33493,0.524,76.112725,33256.55,0,1,1,0.00089651257,0.00089651257,0,0.00089651257,validation
2025-05-07,33852,33779,0.38,94.860535,33273.2,0,1,1,0.0085390977,0.0085390977,0.014790997,0.0085390977,validation
2025-05-08,33833,33793,0.444,95.227263,33293.667,0,1,1,0.00041445869,0.00041445869,0.0012674271,0.00041445869,validation
2025-05-09,33857,33788,0.784,90.609099,33312.933,0,1,0,-0.00039795964,-0.00049795964,-0.00025,-0.00024795964,validation
2025-05-12,34021,34267,0.592,99.087543,33335.883,0,0,0,0,0,0,0,validation
2025-05-13,34414,34345,0.336,99.294874,33359.4,0,0,0,0,0,0,0,validation
2025-05-14,34656,34805,0.844,99.808393,33384.5,1,0,0,0,0,0,0,validation
2025-05-15,34711,34548,0.528,55.028513,33402.55,0,1,1,-0.0049459177,-0.0050459177,-0.0074528812,-0.0047959177,validation
2025-05-16,34676,34676,0.66,68.919005,33418.667,0,1,1,0.0037049902,0.0037049902,0.0057436518,0.0037049902,validation
2025-05-19,34508,34286,0.356,23.911971,33424.15,0,1,1,-0.011246972,-0.011246972,-0.024346258,-0.011246972,validation
2025-05-20,34553,34355,0.372,38.193909,33419.267,0,1,1,0.0020124832,0.0020124832,0.0030807147,0.0020124832,validation
2025-05-21,34518,34573,0.668,71.72723,33423.05,0,1,0,0.0060955101,0.0059955101,0.014184889,0.0062455101,validation
2025-05-22,34380,34128,0.176,22.310001,33418.75,-1,0,0,0,0,0,0,validation
2025-05-23,34222,34158,0.6,28.91348,33418.533,0,-1,-1,0.001770142,0.001720142,0.001770142,0.001770142,validation
2025-05-26,34242,34701,0.604,82.563673,33430.35,0,-1,-1,-0.015830787,-0.015830787,-0.015830787,-0.015830787,validation
2025-05-27,34607,34810,0.376,86.618308,33441.15,0,-1,-1,-0.0031728994,-0.0031728994,-0.0031728994,-0.0031728994,validation
2025-05-28,34922,35283,0.776,95.566314,33462.117,0,-1,-1,-0.013521529,-0.013521529,-0.013521529,-0.013521529,validation
2025-05-29,35683,35982,0.684,98.510356,33513.567,0,-1,0,-0.019721249,-0.019771249,-0.019721249,-0.019721249,validation
2025-05-30,35849,35638,0.236,59.574449,33560.633,0,0,0,0,0,0,0,validation
2025-06-02,35539,35623,0.232,57.589389,33603.317,0,0,0,0,0,0,0,validation
2025-06-04,36106,36624,0.848,92.214234,33657.283,1,0,0,0,0,0,0,validation
2025-06-05,36909,37265,0.72,96.193903,33724.5,0,1,1,0.009395344,0.009295344,0.020022073,0.009545344,validation
2025-06-09,37845,37910,0.216,98.123849,33801.2,0,1,1,0.017308466,0.017308466,0.032679739,0.017308466,validation
2025-06-10,38167,38133,0.508,98.6109,33887.85,0,1,1,0.0058823529,0.0058823529,0.010379747,0.0058823529,validation
2025-06-11,38324,38581,0.34,99.320088,33973.267,0,1,1,0.011748354,0.011748354,0.027311451,0.011748354,validation
2025-06-12,38606,38651,0.716,99.413638,34062.55,0,1,0,0.0015643646,0.0014643646,0.0034085366,0.0017143646,validation
2025-06-13,38797,38324,0.584,43.497603,34143.283,0,0,0,0,0,0,0,validation
2025-06-16,38458,39024,0.2,83.421041,34224.817,-1,0,0,0,0,0,0,validation
2025-06-17,39168,39128,0.136,86.297872,34306.7,-1,-1,-1,0.00092124183,0.00087124183,0.00092124183,0.00092124183,validation
2025-06-18,38857,39459,0.34,93.489255,34389.233,0,-1,-1,-0.0086740198,-0.0086740198,-0.0086740198,-0.0086740198,validation
2025-06-19,39716,39523,0.096,94.587721,34468.917,-1,-1,-1,-0.0016852374,-0.0016852374,-0.0016852374,-0.0016852374,validation
2025-06-20,39687,40075,0.636,98.615909,34555.067,0,-1,-1,-0.013885416,-0.013885416,-0.013885416,-0.013885416,validation
2025-06-23,39701,40035,0.044,89.014376,34642.55,-1,-1,-1,0.00084110196,0.00084110196,0.00084110196,0.00084110196,validation
2025-06-24,40652,41358,0.348,98.523548,34754.783,0,-1,-1,-0.032510784,-0.032510784,-0.032510784,-0.032510784,validation
2025-06-25,41638,41486,0.108,98.735366,34864.283,-1,-1,-1,-0.0031443563,-0.0031443563,-0.0031443563,-0.0031443563,validation
2025-06-26,41486,41111,0.172,53.642721,34974.667,-1,-1,-1,0.0090391939,0.0090391939,0.0090391939,0.0090391939,validation
2025-06-27,41116,40859,0.312,33.23985,35090.1,0,-1,-1,0.0061282259,0.0061282259,0.0061282259,0.0061282259,validation
2025-06-30,41111,41121,0.428,62.722178,35225.8,0,-1,-1,-0.0064092955,-0.0064092955,-0.0064092955,-0.0064092955,validation
2025-07-01,41308,41239,0.468,73.330908,35355.6,0,-1,-1,-0.0028847723,-0.0028847723,-0.0028847723,-0.0028847723,validation
2025-07-02,41145,41081,0.216,41.615385,35485.533,0,-1,-1,0.0038384158,0.0038384158,0.0038384158,0.0038384158,validation
2025-07-03,41368,41718,0.772,86.989104,35632.983,0,-1,0,-0.015487736,-0.015537736,-0.015487736,-0.015487736,validation
2025-07-04,41884,40914,0.144,29.370447,35771.883,-1,0,0,0,0,0,0,validation
2025-07-07,40706,40978,0.568,36.107951,35942.783,0,-1,-1,-0.0067820616,-0.0068320616,-0.0067820616,-0.0067820616,validation
2025-07-08,41106,41737,0.8,80.416723,36126.567,1,-1,-1,-0.018426235,-0.018426235,-0.018426235,-0.018426235,validation
2025-07-09,41751,41859,0.112,83.986743,36320.917,-1,1,1,0.0019004629,0.0017504629,0.0016164942,0.0020504629,validation
2025-07-10,41979,42403,0.732,93.901459,36493.317,0,-1,-1,-0.0076124764,-0.0077624764,-0.005074893,-0.0074624764,validation
2025-07-11,42487,42428,0.488,94.229827,36667.767,0,-1,-1,-0.00059508277,-0.00059508277,-0.00059508277,-0.00059508277,validation
2025-07-14,42388,42821,0.472,97.85722,36845.383,0,-1,-1,-0.0092820122,-0.0092820122,-0.0092820122,-0.0092820122,validation
2025-07-15,42709,43103,0.128,98.873513,37022.417,-1,-1,-1,-0.0066338117,-0.0066338117,-0.0066338117,-0.0066338117,validation
2025-07-16,43009,42699,0.032,41.914209,37201.15,-1,-1,-1,0.0094043353,0.0094043353,0.0094043353,0.0094043353,validation
2025-07-17,42841,42781,0.416,52.923335,37375.967,0,-1,-1,-0.0019297349,-0.0019297349,-0.0019297349,-0.0019297349,validation
2025-07-18,42866,42736,0.392,43.809869,37546.383,0,-1,-1,0.0010398177,0.0010398177,0.0010398177,0.0010398177,validation
2025-07-21,42714,43083,0.912,84.629558,37721.85,1,-1,-1,-0.0081285125,-0.0081285125,-0.0081285125,-0.0081285125,validation
2025-07-22,43053,42492,0.024,24.356927,37889.267,-1,1,1,-0.012693194,-0.012843194,-0.026523305,-0.012543194,validation
2025-07-23,42786,42644,0.532,44.638172,38049.45,0,-1,-1,0.009910755,0.009760755,0.014164326,0.010060755,validation
2025-07-24,42896,42600,0.66,38.640206,38209.883,0,-1,-1,0.00095024372,0.00095024372,0.00095024372,0.00095024372,validation
2025-07-25,42506,42709,0.948,63.163532,38367.033,1,-1,-1,-0.0025797617,-0.0025797617,-0.0025797617,-0.0025797617,validation
2025-07-28,43103,42931,0.416,85.98303,38527.483,0,1,1,-0.013528851,-0.013678851,-0.017202584,-0.013378851,validation
2025-07-29,42751,43222,0.976,94.658259,38688.983,1,1,1,0.0067783187,0.0067783187,0.013129103,0.0067783187,validation
2025-07-30,43212,43593,0.84,97.928041,38857.817,1,1,1,0.0085835917,0.0085835917,0.017278618,0.0085835917,validation
2025-07-31,43934,43488,0.02,72.728785,39024.4,-1,1,1,-0.0024086436,-0.0024086436,-0.0054043621,-0.0024086436,validation
2025-08-01,42860,41722,0.044,7.5320594,39156.783,-1,-1,-1,0.011377373,0.011227373,-0.0032821611,0.011527373,validation
2025-08-04,41712,42203,0.74,37.870896,39296.95,0,-1,-1,-0.011534333,-0.011534333,-0.011534333,-0.011534333,validation
2025-08-05,42677,42775,0.76,65.102844,39446.733,0,-1,-1,-0.013501957,-0.013501957,-0.013501957,-0.013501957,validation
2025-08-06,42480,42750,0.7,62.700535,39588.117,0,-1,-1,0.00049678551,0.00049678551,0.00049678551,0.00049678551,validation
2025-08-07,43063,43118,0.684,82.122078,39734.333,0,-1,-1,-0.0085894848,-0.0085894848,-0.0085894848,-0.0085894848,validation
2025-08-08,43158,43014,0.096,63.448817,39871.15,-1,-1,0,0.0023057951,0.0022557951,0.0023057951,0.0023057951,validation
2025-08-11,43073,43023,0.124,64.83282,40012.4,-1,-1,-1,0.00106082,0.00101082,0.00106082,0.00106082,validation
2025-08-12,43068,42885,0.78,29.998712,40149.217,0,-1,-1,0.0031986979,0.0031986979,0.0031986979,0.0031986979,validation
2025-08-13,43301,43326,0.888,84.212581,40299.883,1,-1,-1,-0.010272115,-0.010272115,-0.010272115,-0.010272115,validation
2025-08-14,43434,43286,0.028,73.838731,40448.733,-1,1,1,-0.0062417044,-0.0063917044,-0.0086863574,-0.0060917044,validation
2025-08-18,43063,42632,0.36,14.68493,40583.05,0,-1,-1,0.0044552488,0.0043052488,-0.0022448681,0.0046052488,validation
2025-08-19,42745,42330,0.104,8.4402274,40719.75,-1,-1,-1,0.0070324129,0.0070324129,0.0070324129,0.0070324129,validation
2025-08-20,41949,42078,0.108,4.936725,40851.75,-1,-1,-1,0.0058978674,0.0058978674,0.0058978674,0.0058978674,validation
2025-08-21,42178,42183,0.752,29.368936,40976.45,0,-1,-1,-0.0024948023,-0.0024948023,-0.0024948023,-0.0024948023,validation
2025-08-22,42455,42533,0.812,73.969534,41105.167,1,-1,-1,-0.0082734879,-0.0082734879,-0.0082734879,-0.0082734879,validation
2025-08-25,42905,43053,0.808,90.950125,41234.667,1,1,1,-0.0056768383,-0.0058268383,-0.0019405177,-0.0055268383,validation
2025-08-26,42920,42647,0.076,45.055001,41345.75,-1,1,1,-0.0094302371,-0.0094302371,-0.017718495,-0.0094302371,validation
2025-08-27,42692,42717,0.472,53.198723,41463.733,0,-1,-1,0.00011896616,-3.1033836e-05,0.00027974997,0.00026896616,validation
2025-08-28,42504,42935,0.944,75.664556,41585.6,1,-1,-1,-0.0052044791,-0.0052044791,-0.0052044791,-0.0052044791,validation
2025-08-29,43063,42770,0.056,43.821722,41688.033,-1,1,1,-0.010114951,-0.010264951,-0.018788906,-0.0099649512,validation
2025-09-01,42385,42053,0.204,9.4088492,41767.833,0,-1,-1,-0.0015891863,-0.0017391863,-0.010830177,-0.0014391863,validation
2025-09-02,42153,42499,0.996,54.17656,41844.317,1,-1,-1,-0.010566627,-0.010566627,-0.010566627,-0.010566627,validation
2025-09-03,42509,42712,0.384,68.870218,41920.633,0,1,1,0.004189036,0.004039036,0.0092203206,0.004339036,validation
2025-09-04,42692,42870,0.32,78.905333,41992.117,0,1,1,0.0036991946,0.0036991946,0.0074868474,0.0036991946,validation
2025-09-05,43004,43043,0.588,87.63455,42065.317,0,1,1,0.004035456,0.004035456,0.0072303675,0.004035456,validation
2025-09-08,43143,43212,0.496,93.162545,42146.783,0,1,1,0.0039263063,0.0039263063,0.0081754736,0.0039263063,validation
2025-09-09,43336,43801,0.98,98.338865,42226.4,1,1,0,0.013380473,0.013280473,0.025857595,0.013530473,validation
2025-09-10,43959,44721,1,99.506348,42319.617,1,1,1,0.017084334,0.016984334,0.035163476,0.017234334,validation
2025-09-11,44989,45014,0.328,99.659002,42412.2,0,1,1,0.0065517318,0.0065517318,0.014605287,0.0065517318,validation
2025-09-12,45528,45924,1,99.883253,42518.883,1,1,1,0.020215933,0.020215933,0.041180758,0.020215933,validation
2025-09-15,46262,46198,0.336,99.916372,42620.933,0,1,1,0.0059663792,0.0059663792,0.00980049,0.0059663792,validation
2025-09-16,46291,46950,0.988,99.967296,42736.183,1,1,1,0.016277761,0.016277761,0.032582322,0.016277761,validation
2025-09-17,46672,46374,0.184,51.72041,42819.783,-1,1,1,-0.012268371,-0.012268371,-0.024504867,-0.012268371,validation
2025-09-18,46701,47188,0.716,79.577946,42914.817,0,-1,-1,-0.0038002092,-0.0039502092,0.0018214631,-0.0036502092,validation
2025-09-19,47265,47014,0.044,63.831893,43013.2,-1,-1,-1,0.0036700472,0.0036700472,0.0036700472,0.0036700472,validation
2025-09-22,47290,47474,0.696,82.324315,43123.45,0,-1,-1,-0.009738636,-0.009738636,-0.009738636,-0.009738636,validation
2025-09-23,47831,47856,0.552,90.441377,43235.7,0,-1,-1,-0.0080386488,-0.0080386488,-0.0080386488,-0.0080386488,validation
2025-09-24,47904,47706,0.044,66.469464,43343.483,-1,-1,-1,0.0031261118,0.0031261118,0.0031261118,0.0031261118,validation
2025-09-25,47435,47721,0.484,68.157467,43454.15,0,-1,-1,-0.00038292631,-0.00038292631,-0.00038292631,-0.00038292631,validation
2025-09-26,47226,46578,0.04,7.8593423,43535.15,-1,-1,-1,0.024236375,0.024236375,0.024236375,0.024236375,validation
2025-09-29,46890,47290,0.96,56.169082,43641.417,1,-1,-1,-0.015171903,-0.015171903,-0.015171903,-0.015171903,validation
2025-09-30,47270,47163,0.512,47.318564,43744.5,0,1,1,-0.0021916271,-0.0023416271,-0.0062378464,-0.0020416271,validation
2025-10-01,47370,47658,0.764,76.357966,43843.183,0,1,1,0.010495516,0.010495516,0.021550284,0.010495516,validation
2025-10-02,48815,49079,0.924,94.323395,43963.517,1,1,1,0.02981661,0.02981661,0.061651676,0.02981661,validation
2025-10-10,49999,50325,0.424,97.566427,44095.55,0,1,1,0.02538764,0.02538764,0.049599507,0.02538764,validation
2025-10-13,49285,49866,0.044,68.664846,44219.517,-1,1,1,-0.0091207154,-0.0091207154,-0.019958908,-0.0091207154,validation
2025-10-14,50113,49360,0.344,41.536666,44328.5,0,-1,-1,0.019703744,0.019553744,0.026531691,0.019853744,validation
2025-10-15,49603,50731,0.868,81.386636,44455.633,1,-1,-1,-0.027551623,-0.027551623,-0.027551623,-0.027551623,validation
2025-10-16,50811,52063,0.724,91.992417,44611.7,0,1,1,0.022674532,0.022524532,0.043436345,0.022824532,validation
2025-10-17,51841,52211,0.488,92.892389,44768.867,0,1,1,0.0028427098,0.0028427098,0.0056388392,0.0028427098,validation
2025-10-20,52662,53166,0.26,97.099453,44942.7,0,1,1,0.018291165,0.018291165,0.038156455,0.018291165,validation
2025-10-21,53648,53281,0.332,97.461348,45112.667,0,1,1,0.0021630365,0.0021630365,0.0036885786,0.0021630365,validation
2025-10-22,53113,53885,0.16,98.901305,45302.55,-1,1,0,0.011086124,0.010986124,0.022587643,0.011236124,validation
2025-10-23,53088,53315,0.116,47.765306,45480.4,-1,-1,-1,-0.0043759192,-0.0044259192,-0.0043759192,-0.0043759192,validation
2025-10-24,54013,54707,0.916,85.183058,45682.183,1,-1,-1,-0.025772543,-0.025772543,-0.025772543,-0.025772543,validation
2025-10-27,55599,56211,0.052,94.184762,45907.217,-1,1,1,-0.005827127,-0.005977127,0.0050650554,-0.005677127,validation
2025-10-28,55780,55652,0.004,64.883125,46119.233,-1,-1,-1,-0.005740404,-0.005890404,-0.016513301,-0.005590404,validation
2025-10-29,56336,56816,0.056,84.702757,46345.8,-1,-1,-1,-0.02070625,-0.02070625,-0.02070625,-0.02070625,validation
2025-10-30,57397,57015,0.172,87.177272,46569.5,-1,-1,-1,-0.0036386506,-0.0036386506,-0.0036386506,-0.0036386506,validation
2025-10-31,57168,57709,0.404,93.97505,46806.517,0,-1,-1,-0.012121446,-0.012121446,-0.012121446,-0.012121446,validation
2025-11-03,57848,59482,0.14,98.375468,47102.517,-1,-1,-1,-0.03058704,-0.03058704,-0.03058704,-0.03058704,validation
2025-11-04,59472,57843,0,41.855979,47363.183,-1,-1,-1,0.027563764,0.027563764,0.027563764,0.027563764,validation
2025-11-05,56746,56240,0.316,19.707893,47587.6,0,-1,-1,0.028051169,0.028051169,0.028051169,0.028051169,validation
2025-11-06,57596,56549,0.408,33.312294,47817.583,0,-1,-1,-0.0063709046,-0.0063709046,-0.0063709046,-0.0063709046,validation
2025-11-07,55527,55527,0.36,15.707403,48024.4,0,-1,-1,0.018072822,0.018072822,0.018072822,0.018072822,validation
2025-11-10,56087,57223,0.8,69.392853,48261.217,1,-1,-1,-0.030135164,-0.030135164,-0.030135164,-0.030135164,validation
2025-11-11,58012,57759,0.28,78.177735,48506.817,0,1,1,-0.018439196,-0.018589196,-0.022283215,-0.018289196,validation
2025-11-12,57709,58360,0.448,86.723325,48764.733,0,1,1,0.010405305,0.010405305,0.02070673,0.010405305,validation
2025-11-13,57953,58627,0.712,90.150424,49019.75,0,1,1,0.0045750514,0.0045750514,0.0099228225,0.0045750514,validation
2025-11-14,56885,56087,0.032,15.250721,49233.1,-1,1,1,-0.043324748,-0.043324748,-0.08919214,-0.043324748,validation
2025-11-17,56970,57283,0.596,52.452681,49477.283,0,-1,-1,0.0098127828,0.0096627828,0.029082193,0.0099627828,validation
2025-11-18,56554,55382,0.152,21.8969,49694.817,-1,-1,-1,0.033713579,0.033713579,0.033713579,0.033713579,validation
2025-11-19,55507,54995,0.484,17.698991,49910.1,0,-1,-1,0.0069461916,0.0069461916,0.0069461916,0.0069461916,validation
2025-11-20,56604,56176,0.752,62.074844,50143.317,0,-1,-1,-0.021917125,-0.021917125,-0.021917125,-0.021917125,validation
2025-11-21,53779,53819,0.252,19.692589,50331.417,0,-1,-1,0.041893946,0.041893946,0.041893946,0.041893946,validation
2025-11-24,54787,53804,0.784,19.522931,50510.6,0,-1,-1,-0.00036671294,-0.00036671294,-0.00036671294,-0.00036671294,validation
2025-11-25,55327,54195,0.396,44.465875,50703.067,0,-1,0,-0.0085254272,-0.0085754272,-0.0085254272,-0.0085254272,validation
2025-11-26,54667,55660,0.792,83.285728,50918.783,0,0,0,0,0,0,0,validation
2025-11-27,56166,56052,0.512,87.836087,51137.4,0,0,0,0,0,0,0,validation
2025-11-28,56315,55233,0.016,41.091162,51345.117,-1,0,0,0,0,0,0,validation
2025-12-01,55788,55158,0.592,37.441734,51563.533,0,-1,-1,0.011192751,0.011142751,0.011192751,0.011192751,validation
2025-12-02,55507,56250,0.968,82.555998,51792.717,1,-1,-1,-0.019628282,-0.019628282,-0.019628282,-0.019628282,validation
2025-12-03,56469,56866,0.892,90.381623,52028.617,1,1,1,0.002759701,0.002609701,0.010829411,0.002909701,validation
2025-12-04,56579,56721,0.416,74.621663,52259.467,0,1,1,-0.002549854,-0.002549854,-0.0063380282,-0.002549854,validation
2025-12-05,56589,57803,0.88,92.955043,52505.467,1,1,1,0.019075827,0.019075827,0.038506969,0.019075827,validation
2025-12-08,58017,58579,0.504,96.540146,52761.583,0,1,1,0.013424909,0.013424909,0.026728844,0.013424909,validation
2025-12-09,58330,58265,0.732,68.379293,53002.65,0,1,1,-0.0053602827,-0.0053602827,-0.011299435,-0.0053602827,validation
2025-12-10,58410,58240,0.66,65.344111,53227.967,0,1,1,-0.00042907406,-0.00042907406,-0.00011204482,-0.00042907406,validation
2025-12-11,58589,57764,0.644,24.289021,53440.467,0,1,1,-0.0081730769,-0.0081730769,-0.018377409,-0.0081730769,validation
2025-12-12,58052,58554,0.96,75.46235,53650.967,1,1,0,0.013426338,0.013326338,0.028631279,0.013576338,validation
2025-12-15,57133,57223,0.584,23.024091,53834.717,0,1,1,0.0013252717,0.0012252717,0.0038359211,0.0014752717,validation
2025-12-16,57143,55978,0.284,10.010528,53985.183,0,1,1,-0.021756986,-0.021756986,-0.044762237,-0.021756986,validation
2025-12-17,56206,57060,0.556,54.606483,54163.283,0,1,1,0.019329022,0.019329022,0.039191821,0.019329022,validation
2025-12-18,56151,56395,0.124,33.934871,54316.733,-1,1,1,-0.011654399,-0.011654399,-0.02377606,-0.011654399,validation
2025-12-19,57223,56692,0.396,50.629089,54478.033,0,-1,-1,0.023747881,0.023597881,0.040775977,0.023897881,validation
2025-12-22,57903,57988,0.968,84.597215,54653.267,1,-1,-1,-0.022797653,-0.022797653,-0.022797653,-0.022797653,validation
2025-12-23,58275,58156,0.816,86.928795,54824.933,1,1,1,-0.0073312352,-0.0074812352,-0.0073135725,-0.0071812352,validation
2025-12-24,58479,58171,0.868,87.272824,54999.35,1,1,1,0.00025792696,0.00025792696,0,0.00025792696,validation
2025-12-26,58410,58667,0.884,95.356069,55181.783,1,1,1,0.0085265854,0.0085265854,0.016565247,0.0085265854,validation
2025-12-29,59193,60265,0.876,99.088067,55409.9,1,1,1,0.027238482,0.027238482,0.053985146,0.027238482,validation
2025-12-30,60003,60440,0.148,99.224556,55629.067,-1,1,1,0.0029038414,0.0029038414,0.0051535549,0.0029038414,validation
2026-01-02,60460,62191,0.468,99.805902,55879.533,0,-1,-1,-0.028659067,-0.028809067,-0.024609997,-0.028509067,validation
2026-01-05,63372,64553,0.332,99.935784,56161.117,0,-1,-1,-0.037271981,-0.037271981,-0.037271981,-0.037271981,validation
2026-01-06,64359,65714,0.204,99.961265,56438.367,0,-1,-1,-0.018111767,-0.018111767,-0.018111767,-0.018111767,validation
2026-01-07,66519,66220,0.412,99.971219,56703.283,0,-1,-1,-0.0078101604,-0.0078101604,-0.0078101604,-0.0078101604,validation
2026-01-08,65774,66121,0.628,90.836593,56974.2,0,-1,0,0.0013239524,0.0012739524,0.0013239524,0.0013239524,validation
2026-01-09,65839,66677,0.556,95.477822,57262.817,0,0,0,0,0,0,0,validation
2026-01-12,67526,67103,0.436,97.453931,57535.683,0,0,0,0,0,0,0,validation
2026-01-13,67640,67953,0.64,99.072073,57800.517,0,0,0,0,0,0,0,validation
2026-01-14,67814,68325,0.588,99.403757,58069.083,0,0,0,0,0,0,0,validation
2026-01-15,68086,69491,0.552,99.816018,58341.167,0,0,0,0,0,0,0,validation
2026-01-16,69719,70225,0.288,99.901641,58623.567,0,0,0,0,0,0,0,validation
2026-01-19,70042,71243,0.604,99.957065,58912.867,0,0,0,0,0,0,0,validation
2026-01-20,71093,70657,0.308,60.626478,59201.9,0,0,0,0,0,0,0,validation
2026-01-21,69377,71218,0.776,77.544174,59477.083,0,0,0,0,0,0,0,validation
2026-01-22,72588,71987,0.184,89.689512,59740.017,-1,0,0,0,0,0,0,validation
2026-01-23,72459,72479,0.304,93.906579,60020.467,0,-1,-1,-0.00037601816,-0.00042601816,-0.00037601816,-0.00037601816,validation
2026-01-26,72593,71764,0.088,42.903577,60269.6,-1,-1,-1,0.0098290026,0.0098290026,0.0098290026,0.0098290026,validation
2026-01-27,71531,74215,0.728,87.912606,60556.267,0,-1,-1,-0.034397265,-0.034397265,-0.034397265,-0.034397265,validation
2026-01-28,75084,75605,0.132,93.61844,60854.533,-1,-1,-1,-0.018566869,-0.018566869,-0.018566869,-0.018566869,validation
2026-01-29,76698,76539,0.1,96.095421,61138.817,-1,-1,-1,-0.01241362,-0.01241362,-0.01241362,-0.01241362,validation
2026-01-30,75994,76808,0.28,96.808887,61454.9,0,-1,-1,-0.0036670899,-0.0036670899,-0.0036670899,-0.0036670899,validation
2026-02-02,75193,72232,0.032,13.414484,61721.433,-1,-1,-1,0.061233115,0.061233115,0.061233115,0.061233115,validation
2026-02-03,74965,77787,0.872,71.992038,62075.4,1,-1,-1,-0.074056327,-0.074056327,-0.074056327,-0.074056327,validation
2026-02-04,77135,78875,0.452,77.859478,62464.533,0,1,1,0.030778793,0.030628793,0.054835231,0.030928793,validation
2026-02-05,76654,75521,0.008,33.975889,62769.5,-1,1,1,-0.042522979,-0.042522979,-0.084775411,-0.042522979,validation
2026-02-06,73176,74711,0.292,26.705688,63052.033,0,-1,-1,-0.051726438,-0.051876438,-0.089156756,-0.051576438,validation
2026-02-09,77861,77836,0.876,72.353133,63376.633,1,-1,-1,-0.041854919,-0.041854919,-0.041854919,-0.041854919,validation
2026-02-10,78790,77931,0.676,73.361816,63698.367,0,1,1,-0.023375312,-0.023525312,-0.032157185,-0.023225312,validation
2026-02-11,77722,78606,0.716,82.457152,64073.683,0,1,1,0.0086615083,0.0086615083,0.017234727,0.0086615083,validation
2026-02-12,79749,81448,0.984,95.473019,64476.433,1,1,1,0.036155001,0.036155001,0.072196232,0.036155001,validation
2026-02-13,81259,81334,0.6,90.109447,64908.967,0,1,1,-0.001399666,-0.001399666,-0.0021816038,-0.001399666,validation
2026-02-19,83371,83848,0.624,97.156078,65389.85,0,1,1,0.030909583,0.030909583,0.061277551,0.030909583,validation
2026-02-20,84031,85745,0.5,98.629573,65882.667,0,1,1,0.022624272,0.022624272,0.046547884,0.022624272,validation
2026-02-23,87459,86381,0.044,98.982923,66425.367,-1,1,1,0.0074173421,0.0074173421,0.012928283,0.0074173421,validation
2026-02-24,86465,88512,0.636,99.62715,67003.833,0,-1,-1,-0.023074905,-0.023224905,-0.020434698,-0.022924905,validation
2026-02-25,89282,90306,0.336,99.819573,67605.683,0,-1,-1,-0.020068887,-0.020068887,-0.020068887,-0.020068887,validation
2026-02-26,90966,94414,0.224,99.946358,68251.583,0,-1,-1,-0.044935734,-0.044935734,-0.044935734,-0.044935734,validation
2026-02-27,92393,93515,0.024,76.43751,68875.967,-1,-1,-1,0.0090020003,0.0090020003,0.0090020003,0.0090020003,validation
2026-03-03,91443,86147,0.252,15.742356,69391.2,0,-1,-1,0.081355968,0.081355968,0.081355968,0.081355968,validation
2026-03-04,82744,75412,0.932,4.7505137,69728.767,1,-1,-1,0.13161322,0.13161322,0.13161322,0.13161322,validation
2026-03-05,83474,83032,0.1,52.166009,70175.133,-1,1,1,-0.11198505,-0.11213505,-0.10868088,-0.11183505,validation
2026-03-06,81229,83022,0.072,52.09794,70611.067,-1,-1,-1,-0.043658604,-0.043808604,-0.073122557,-0.043508604,validation
2026-03-09,77125,77727,0.084,21.872869,70961.167,-1,-1,-1,0.062669435,0.062669435,0.062669435,0.062669435,validation
2026-03-10,82168,82367,0.696,61.261532,71370.567,0,-1,-1,-0.059419365,-0.059419365,-0.059419365,-0.059419365,validation
2026-03-11,84404,83286,0.564,67.710103,71782.35,0,-1,-1,-0.01181254,-0.01181254,-0.01181254,-0.01181254,validation
2026-03-12,82530,82665,0.1,55.274847,72189.017,-1,-1,-1,0.0074265389,0.0074265389,0.0074265389,0.0074265389,validation
2026-03-13,79575,81015,0.584,27.973935,72568.6,0,-1,-1,0.01860722,0.01860722,0.01860722,0.01860722,validation
2026-03-16,81433,82452,0.552,61.282657,72980.067,0,-1,-1,-0.01760833,-0.01760833,-0.01760833,-0.01760833,validation
2026-03-17,85149,84090,0.816,81.152828,73405.667,1,-1,-1,-0.020679732,-0.020679732,-0.020679732,-0.020679732,validation
2026-03-18,86083,88796,0.984,95.227268,73931.883,1,1,1,0.0067183416,0.0065683416,0.038041157,0.0068683416,validation
2026-03-19,85720,86192,0.084,52.138585,74435.45,-1,1,1,-0.029325645,-0.029325645,-0.060216296,-0.029325645,validation
2026-03-20,86769,86103,0.7,50.574318,74919.5,0,-1,-1,0.014071292,0.013921292,0.020385199,0.014221292,validation
2026-03-23,82630,80503,0.016,10.59027,75321.3,-1,-1,-1,0.067114953,0.067114953,0.067114953,0.067114953,validation
2026-03-24,84190,82967,0.624,47.273538,75759.217,0,-1,-1,-0.031938184,-0.031938184,-0.031938184,-0.031938184,validation
2026-03-25,84752,83966,0.82,60.436025,76192.183,1,-1,-1,-0.012439989,-0.012439989,-0.012439989,-0.012439989,validation
2026-03-26,83062,81075,0.084,24.719756,76574.167,-1,1,1,-0.013763176,-0.013913176,-0.037890616,-0.013613176,validation
2026-03-27,78378,80703,0.192,21.456482,76949.7,-1,-1,-1,-0.062292646,-0.062442646,-0.097690241,-0.062142646,validation
2026-03-30,76828,78174,0.284,7.6769555,77274.817,0,-1,-1,0.029654693,0.029654693,0.029654693,0.029654693,validation
2026-03-31,75794,74945,0.36,2.9080162,77519.483,0,-1,-1,0.041987345,0.041987345,0.041987345,0.041987345,validation
2026-04-01,79421,81641,0.88,72.851894,77872.833,1,-1,-1,-0.086006684,-0.086006684,-0.086006684,-0.086006684,validation
2026-04-02,82680,77687,0.76,39.362794,78131.1,0,1,1,-0.072697359,-0.072847359,-0.13359014,-0.072547359,validation
2026-04-03,79694,80056,0.832,60.900269,78389.483,1,1,1,0.030494162,0.030494162,0.058302272,0.030494162,validation
2026-04-06,80887,81224,0.592,71.042344,78647.983,0,1,1,0.014589787,0.014589787,0.027179692,0.014589787,validation
2026-04-07,83017,82238,0.708,80.034421,78914.95,0,1,1,0.012483995,0.012483995,0.027366242,0.012483995,validation
2026-04-08,87285,88428,0.892,95.832885,79286.733,1,1,1,0.07526934,0.07526934,0.15107053,0.07526934,validation
2026-04-09,87742,86689,0.9,66.338586,79620.267,1,1,1,-0.019665717,-0.019665717,-0.039444171,-0.019665717,validation
2026-04-10,88224,88085,0.836,77.470861,79969.967,1,1,1,0.016103543,0.016103543,0.032577742,0.016103543,validation
2026-04-13,85909,87315,0.224,56.762407,80292.667,0,1,1,-0.0087415565,-0.0087415565,-0.019911748,-0.0087415565,validation
2026-04-14,89665,89849,0.928,84.330583,80651.4,1,1,1,0.029021359,0.029021359,0.060104677,0.029021359,validation
2026-04-15,92805,92069,0.708,92.598918,81027.7,0,1,1,0.024708121,0.024708121,0.051494399,0.024708121,validation
2026-04-16,92859,94101,0.844,96.235414,81425.633,1,1,1,0.022070404,0.022070404,0.041399505,0.022070404,validation
2026-04-17,93947,93445,0.248,73.057965,81795.667,0,1,1,-0.006971233,-0.006971233,-0.011829156,-0.006971233,validation
2026-04-20,93878,93893,0.752,79.726884,82182.933,0,1,1,0.004794264,0.004794264,0.0096649168,0.004794264,validation
2026-04-21,95065,96297,0.892,94.45561,82600.917,1,1,1,0.025603613,0.025603613,0.052186589,0.025603613,validation
2026-04-22,96362,96675,0.688,95.486758,83012.383,0,1,1,0.0039253559,0.0039253559,0.0049875312,0.0039253559,validation
2026-04-23,97803,97723,0.78,97.778102,83433.117,0,1,1,0.010840445,0.010840445,0.022056796,0.010840445,validation
2026-04-24,98060,97370,0.448,72.85917,83859.883,0,1,1,-0.003612251,-0.003612251,-0.0089470371,-0.003612251,validation
2026-04-27,98349,99596,0.596,93.55962,84282.9,0,1,1,0.022861251,0.022861251,0.04663612,0.022861251,validation
2026-04-28,100207,100053,0.608,95.095541,84690.367,0,1,0,0.0043385377,0.0042385377,0.0081588249,0.0044885377,validation
2026-04-29,99549,100842,0.532,97.310371,85095.417,0,0,0,0,0,0,0,validation
2026-04-30,101550,99704,0.696,42.259238,85477.017,0,0,0,0,0,0,0,validation
2026-05-04,102324,105083,0.908,90.90419,86024.533,1,0,0,0,0,0,0,validation
2026-05-06,111236,113042,0.324,97.396075,86612.117,0,1,1,0.015985751,0.015885751,0.021948328,0.016135751,validation
2026-05-07,115073,115387,0.216,98.166992,87220.65,0,1,1,0.020744502,0.020744502,0.039021411,0.020744502,validation
2026-05-08,112773,115577,0.116,98.250906,87888.25,-1,1,1,0.0016466326,0.0016466326,0.0038535645,0.0016466326,validation
2026-05-11,120387,121560,0.148,99.549566,88669.067,-1,-1,-1,0.031118199,0.030968199,0.072731149,0.031268199,validation
2026-05-12,123815,118860,0.272,59.605986,89352.8,0,-1,-1,0.020726494,0.020726494,0.020726494,0.020726494,validation
2026-05-13,116251,122408,0.092,80.339014,90094.083,-1,-1,-1,-0.03217534,-0.03217534,-0.03217534,-0.03217534,validation
2026-05-14,122543,124604,0.192,87.977629,90860.717,-1,-1,-1,-0.017902907,-0.017902907,-0.017902907,-0.017902907,validation
2026-05-15,124284,116964,0.448,23.756307,91452.65,0,-1,-1,0.061616756,0.061616756,0.061616756,0.061616756,validation
2026-05-18,115826,117603,0.496,32.053166,92057.133,0,-1,-1,-0.0057617587,-0.0057617587,-0.0057617587,-0.0057617587,validation
2026-05-19,115871,114085,0.164,14.581451,92561.083,-1,-1,-1,0.030368214,0.030368214,0.030368214,0.030368214,validation
2026-05-20,114564,113112,0.34,11.203429,93017.2,0,-1,-1,0.0084223007,0.0084223007,0.0084223007,0.0084223007,validation
2026-05-21,117458,122812,0.484,84.197168,93624.383,0,-1,-1,-0.08225298,-0.08225298,-0.08225298,-0.08225298,validation
2026-05-22,123855,123102,0.4,84.937526,94200.883,0,-1,-1,-0.0024645982,-0.0024645982,-0.0024645982,-0.0024645982,validation
2026-05-26,126126,126500,0.624,92.820211,94804.117,0,-1,-1,-0.027457441,-0.027457441,-0.027457441,-0.027457441,validation
2026-05-27,129484,130337,0.404,96.709368,95402.833,0,-1,0,-0.030121223,-0.030171223,-0.030121223,-0.030121223,validation
2026-05-28,129274,129728,0.576,82.520126,96006.383,0,0,0,0,0,0,0,validation
2026-05-29,133261,134544,0.936,94.735841,96813,1,0,0,0,0,0,0,validation
2026-06-01,134728,141110,0.592,98.188253,97907.967,0,1,1,0.047119515,0.047019515,0.10514216,0.047269515,validation
2026-06-02,142413,141290,0.444,98.251138,98878.933,0,1,1,0.0012756006,0.0012756006,-0.0044789357,0.0012756006,validation
2026-06-04,138097,138451,0.48,46.900072,99802.75,0,1,1,-0.020093425,-0.020093425,-0.040669963,-0.020093425,validation
2026-06-05,133176,130766,0.684,12.246827,100686.73,0,1,1,-0.055507002,-0.055507002,-0.11854569,-0.055507002,validation
2026-06-08,118775,119319,0.904,3.825767,101302.6,1,1,0,-0.087788045,-0.087888045,-0.16705714,-0.087638045,validation
2026-06-09,124529,129868,0.24,57.582772,102078.97,0,1,1,0.042623548,0.042523548,0.086796784,0.042773548,validation
2026-06-10,125662,123546,0.344,34.481507,102760.32,0,1,1,-0.048680198,-0.048680198,-0.10105711,-0.048680198,validation
2026-06-11,118905,123601,0.536,34.935683,103470.08,0,1,1,0.00044517831,0.00044517831,-0.002214243,0.00044517831,validation
2026-06-12,131240,129010,0.556,72.470817,104246.05,0,1,1,0.043761782,0.043761782,0.093804354,0.043761782,validation
2026-06-15,136046,136016,0.852,88.963779,105111.48,1,1,0,0.054055868,0.053955868,0.11303618,0.054205868,validation
2026-06-16,139219,139269,0.812,92.908915,105952.7,1,1,1,0.00010914638,9.1463809e-06,0.00646109,0.00025914638,validation
2026-06-17,137443,141769,0.272,95.42348,106878.98,0,1,1,0.017950872,0.017950872,0.037232282,0.017950872,validation
2026-06-18,142019,146649,0.32,98.080637,107888.08,0,1,1,0.034422194,0.034422194,0.070378558,0.034422194,validation
2026-06-19,148700,146614,0.56,97.270532,108989.93,0,1,1,-0.00023866511,-0.00023866511,0.0012988396,-0.00023866511,validation
2026-06-22,144399,148056,0.296,98.375886,110074.75,0,1,1,0.00983535,0.00983535,0.01645898,0.00983535,validation
2026-06-23,148012,132553,0.664,10.133787,110884.53,0,1,0,-0.10496038,-0.10506038,-0.20949686,-0.10481038,validation
2026-06-24,134374,137867,0.172,44.352742,111831.07,-1,0,0,0,0,0,0,validation
2026-06-25,145686,145537,0.292,73.491124,112911.63,0,-1,-1,0.00092274755,0.00087274755,0.00092274755,0.00092274755,validation
2026-06-26,143700,137104,0.68,34.159162,113893.8,0,-1,-1,0.059102778,0.059102778,0.059102778,0.059102778,validation
2026-06-29,136220,136140,0.26,30.43515,114913.72,0,-1,-1,0.0070387321,0.0070387321,0.0070387321,0.0070387321,validation
2026-06-30,136130,138301,0.32,53.273858,115858.05,0,-1,-1,-0.015875709,-0.015875709,-0.015875709,-0.015875709,validation
2026-07-01,139389,134254,0.652,23.893112,116800.83,0,-1,0,0.028582638,0.028532638,0.028582638,0.028582638,validation
2026-07-02,127308,123281,0.884,5.9872189,117521.25,1,0,0,0,0,0,0,validation
2026-07-03,124135,130746,0.708,53.451309,118346.62,0,1,1,0.053006535,0.052906535,0.11037235,0.053156535,validation
2026-07-06,132493,129863,0.4,47.748382,119140.37,0,1,1,-0.0067535527,-0.0067535527,-0.014671427,-0.0067535527,validation
2026-07-07,127094,123461,0.704,18.746017,119724.25,0,1,1,-0.049298106,-0.049298106,-0.10040763,-0.049298106,validation
2026-07-08,119733,116630,0.884,8.1639159,120223.27,1,1,1,-0.055329213,-0.055329213,-0.10318135,-0.055329213,validation
2026-07-09,121071,117463,0.92,19.277367,120712.9,1,1,1,0.0071422447,0.0071422447,0.013473684,0.0071422447,validation
2026-07-10,122004,120362,0.68,56.183865,121263.68,0,1,1,0.024680112,0.024680112,0.043449661,0.024680112,validation
2026-07-13,119389,108601,0.752,11.929507,121576.22,0,1,1,-0.097713564,-0.097713564,-0.19108132,-0.097713564,validation
2026-07-14,108601,109499,0.964,21.385539,121866.72,1,1,1,0.0082688005,0.0082688005,0.013781788,0.0082688005,validation
2026-07-15,116350,116500,0.712,70.601986,122240.03,0,1,1,0.063936657,0.063936657,0.12858068,0.063936657,validation
2026-07-16,110896,108781,0.84,29.658376,122495.63,1,1,1,-0.066257511,-0.066257511,-0.13601491,-0.066257511,validation
2026-07-20,104040,103885,0.948,17.087624,122662.17,1,1,1,-0.04500786,-0.04500786,-0.091825726,-0.04500786,validation
2026-07-21,103596,107922,0.772,51.19857,122855.92,0,1,1,0.038860278,0.038860278,0.078859597,0.038860278,validation
2026-07-22,113341,108097,0.84,52.879291,123046.28,1,1,1,0.0016215415,0.0016215415,0.0035150129,0.0016215415,validation
2026-07-23,110996,113002,0.928,83.921179,123300.93,1,1,1,0.045375912,0.045375912,0.088369345,0.045375912,validation
2026-07-24,111305,106151,0.44,29.546914,123447.28,0,1,1,-0.060627246,-0.060627246,-0.12066693,-0.060627246,validation
2026-07-27,108581,107513,0.176,43.978913,123579.23,-1,1,1,0.012830779,0.012830779,0.02685422,0.012830779,validation
2026-07-28,101350,95482,0.82,9.521435,123503.05,1,-1,-1,-0.0030938542,-0.0032438542,-0.071196592,-0.0029438542,validation
2026-07-29,96420,89425,0.992,5.3224927,123312.77,1,1,1,-0.082008338,-0.082158338,-0.15001342,-0.081858338,validation
2026-07-30,89325,87635,0.952,4.222012,123111.62,1,1,1,-0.020016774,-0.020016774,-0.043343457,-0.020016774,validation
2026-07-31,97905,108820,0.988,83.750191,123173.9,1,1,1,0.24174131,0.24174131,0.46762352,0.24174131,validation
2026-08-03,101980,99105,0.028,47.543407,122941.62,-1,1,1,-0.089275868,-0.089275868,-0.15570778,-0.089275868,validation
2026-08-04,100720,100330,0.612,52.700275,122690.67,0,-1,-1,0.019881068,0.019731068,0.029457538,0.020031068,validation
2026-08-05,105050,104300,0.636,71.109239,122502.72,0,-1,-1,-0.040241169,-0.040241169,-0.040241169,-0.040241169,validation
2026-08-06,102060,98900,0.488,34.539575,122125.05,0,-1,-1,0.053103649,0.053103649,0.053103649,0.053103649,validation
2026-08-07,99800,98090,0.528,29.922987,121778.88,0,-1,-1,0.0078782438,0.0078782438,0.0078782438,0.0078782438,validation
2026-08-10,98835,98265,0.176,33.749276,121376.5,-1,-1,0,-0.0019716802,-0.0020216802,-0.0019716802,-0.0019716802,validation
2026-08-11,97570,99265,0.644,59.205565,120954.18,0,-1,-1,-0.017472143,-0.017522143,-0.017472143,-0.017472143,validation
2026-08-12,100550,103250,0.832,89.958061,120725.62,1,-1,-1,-0.039449852,-0.039449852,-0.039449852,-0.039449852,validation
2026-08-13,107030,107270,0.66,96.016562,120553.4,0,1,1,-0.034799901,-0.034949901,-0.03238818,-0.034649901,validation
2026-08-14,110220,110060,0.876,97.832077,120486.32,1,1,1,0.026009136,0.026009136,0.051400787,0.026009136,validation
2026-08-18,113010,108550,0.552,65.512355,120410.28,0,1,1,-0.013719789,-0.013719789,-0.026954415,-0.013719789,validation
2026-08-19,102635,101760,0.284,16.497512,120059.42,0,1,1,-0.062551819,-0.062551819,-0.1242475,-0.062551819,validation
2026-08-20,104975,108190,0.184,65.45228,119810.88,-1,1,1,0.063187893,0.063187893,0.12373372,0.063187893,validation
2026-08-21,106835,109980,0.692,73.954027,119535.55,0,-1,-1,-0.041943493,-0.042093493,-0.055411257,-0.041793493,validation
2026-08-24,109495,105995,0.256,35.288357,119129.85,0,-1,-1,0.036515785,0.036515785,0.036515785,0.036515785,validation
2026-08-25,103035,106795,0.168,46.5158,118747.63,-1,-1,-1,-0.0095856911,-0.0095856911,-0.0095856911,-0.0095856911,validation
2026-08-26,106350,107710,0.684,61.71168,118300.4,0,-1,-1,-0.0086743882,-0.0086743882,-0.0086743882,-0.0086743882,validation
2026-08-27,110900,109135,0.608,79.687474,117767.48,0,-1,-1,-0.014172679,-0.014172679,-0.014172679,-0.014172679,validation
2026-08-28,108045,107180,0.548,34.825381,117198.98,0,-1,-1,0.018073514,0.018073514,0.018073514,0.018073514,validation
2026-08-31,104455,107615,0.548,47.882456,116685.05,0,-1,-1,-0.0055968915,-0.0055968915,-0.0055968915,-0.0055968915,validation
2026-09-01,106630,107885,0.324,58.262484,116303.7,0,-1,0,-0.0028243995,-0.0028743995,-0.0028243995,-0.0028243995,validation
2026-09-02,104525,103500,0.024,7.8003675,116040.05,-1,0,0,0,0,0,0,validation
2026-09-03,104920,103610,0.644,11.639963,115602.42,0,-1,-1,0.012385703,0.012335703,0.012385703,0.012385703,validation
2026-09-04,105005,105720,0.968,65.984354,115305.32,1,-1,-1,-0.020181472,-0.020181472,-0.020181472,-0.020181472,validation
2026-09-07,109500,110820,0.996,91.438616,115092.3,1,1,1,-0.024481047,-0.024631047,-0.010537551,-0.024331047,validation
2026-09-08,111860,110335,0.256,80.046011,114781.05,0,1,1,-0.0043764663,-0.0043764663,-0.0079172011,-0.0043764663,validation
2026-09-09,110640,112100,0.528,89.535523,114382.45,0,1,1,0.015996737,0.015996737,0.030584039,0.015996737,validation
2026-09-10,111815,111865,0.028,79.471354,113925.72,-1,1,1,-0.0020963426,-0.0020963426,-0.0050181692,-0.0020963426,validation
2026-09-11,107720,109500,0.652,24.359532,113387.9,0,-1,-1,-0.053315628,-0.053465628,-0.090549479,-0.053165628,validation
2026-09-14,105745,105410,0.032,7.1675373,112700.58,-1,-1,-1,0.037568874,0.037568874,0.037568874,0.037568874,validation
2026-09-15,104770,104275,0.132,5.1501818,111994.93,-1,-1,-1,0.010824851,0.010824851,0.010824851,0.010824851,validation
2026-09-16,104345,106365,0.84,53.426371,111300.08,1,-1,-1,-0.020017164,-0.020017164,-0.020017164,-0.020017164,validation
2026-09-17,107430,106280,0.144,51.302455,110862.2,-1,1,1,-0.020960155,-0.021110155,-0.031840415,-0.020810155,validation
2026-09-18,109150,109285,0.924,87.221331,110385.83,1,-1,-1,0.02538391,0.02523391,0.045316146,0.02553391,validation
2026-09-21,110185,111700,0.612,94.1531,109821.88,0,1,1,0.0050510222,0.0049010222,0.019490211,0.0052010222,validation
2026-09-22,114345,111880,0.156,94.59052,109401.48,-1,1,1,0.0016114593,0.0016114593,0.0029808873,0.0016114593,validation
2026-09-23,114290,113145,0.428,97.363197,109018.23,0,-1,-1,0.031425116,0.031275116,0.051517038,0.031575116,validation
2026-09-28,112740,109500,,24.625234,108538.22,,-1,-1,0.032421038,0.032421038,0.032421038,0.032421038,validation
2026-09-29,109285,109990,,37.232712,108133.82,,-1,-1,-0.0045002186,-0.0045002186,-0.0045002186,-0.0045002186,validation
