date,open,high,low,close,volume
2014-07-04,20855.0,20859.0,20694.0,20716.0,8157599.0
2014-07-07,20684.0,20711.0,20533.0,20601.0,7339469.0
2014-07-08,20617.0,20664.0,20518.0,20601.0,5737660.0
2014-07-09,20514.0,20542.0,20446.0,20505.0,6106172.0
2014-07-10,20553.0,20601.0,20511.0,20542.0,8069114.0
2014-07-11,20454.0,20454.0,20336.0,20377.0,10360797.0
2014-07-14,20479.0,20537.0,20415.0,20454.0,17549473.0
2014-07-15,20514.0,20720.0,20511.0,20668.0,7767130.0
2014-07-16,20664.0,20750.0,20651.0,20697.0,11543512.0
2014-07-17,20754.0,20852.0,20745.0,20763.0,8158604.0
2014-07-18,20627.0,20737.0,20598.0,20737.0,8364590.0
2014-07-21,20834.0,20895.0,20742.0,20745.0,7979924.0
2014-07-22,20745.0,20882.0,20745.0,20866.0,6045613.0
2014-07-23,20913.0,20924.0,20834.0,20862.0,7374480.0
2014-07-24,20882.0,20964.0,20823.0,20870.0,7087578.0
2014-07-25,20906.0,20934.0,20874.0,20913.0,8231985.0
2014-07-28,20924.0,21149.0,20924.0,21108.0,6446370.0
2014-07-29,21167.0,21336.0,21155.0,21312.0,15057391.0
2014-07-30,21358.0,21698.0,21349.0,21573.0,25861113.0
2014-07-31,21528.0,21648.0,21421.0,21468.0,16482106.0
2014-08-01,21299.0,21464.0,21291.0,21373.0,10485882.0
2014-08-04,21457.0,21457.0,21291.0,21369.0,8873388.0
2014-08-05,21349.0,21349.0,21175.0,21224.0,6543336.0
2014-08-06,21163.0,21256.0,21103.0,21159.0,8561028.0
2014-08-07,21075.0,21159.0,21009.0,21070.0,8892214.0
2014-08-08,21028.0,21032.0,20767.0,20806.0,12893843.0
2014-08-11,20947.0,20982.0,20882.0,20924.0,12130837.0
2014-08-12,20982.0,21070.0,20924.0,20924.0,5425630.0
2014-08-13,20959.0,21049.0,20923.0,21049.0,5679113.0
2014-08-14,21075.0,21227.0,21035.0,21108.0,6056252.0
2014-08-18,21175.0,21208.0,20978.0,20993.0,3751845.0
2014-08-19,21049.0,21227.0,21049.0,21167.0,6758278.0
2014-08-20,21251.0,21266.0,21113.0,21141.0,8127949.0
2014-08-21,21117.0,21133.0,20780.0,20811.0,10297174.0
2014-08-22,20859.0,20993.0,20811.0,20964.0,17371922.0
2014-08-25,20913.0,21049.0,20827.0,21019.0,5598365.0
2014-08-26,21092.0,21155.0,21028.0,21097.0,6724082.0
2014-08-27,21155.0,21224.0,21087.0,21101.0,8247394.0
2014-08-28,21155.0,21299.0,21113.0,21120.0,8153768.0
2014-08-29,21065.0,21083.0,20934.0,21061.0,7570811.0
2014-09-01,21035.0,21070.0,20973.0,21019.0,4396002.0
2014-09-02,21019.0,21019.0,20799.0,20838.0,9363983.0
2014-09-03,20785.0,20847.0,20688.0,20785.0,19053998.0
2014-09-04,20878.0,20955.0,20838.0,20855.0,8997087.0
2014-09-05,20838.0,20906.0,20724.0,20814.0,8751978.0
2014-09-11,20814.0,20834.0,20702.0,20720.0,12415691.0
2014-09-12,20720.0,20791.0,20688.0,20759.0,13851398.0
2014-09-15,20724.0,20745.0,20589.0,20684.0,7755499.0
2014-09-16,20716.0,20789.0,20694.0,20750.0,10885051.0
2014-09-17,20838.0,20951.0,20834.0,20939.0,6387258.0
2014-09-18,20934.0,20947.0,20785.0,20806.0,9175827.0
2014-09-19,20913.0,20959.0,20866.0,20890.0,8729056.0
2014-09-22,20806.0,20811.0,20558.0,20640.0,7905446.0
2014-09-23,20558.0,20647.0,20530.0,20571.0,22866381.0
2014-09-24,20488.0,20578.0,20429.0,20563.0,7848459.0
2014-09-25,20647.0,20664.0,20511.0,20558.0,6461682.0
2014-09-26,20427.0,20497.0,20391.0,20492.0,7556847.0
2014-09-29,20497.0,20548.0,20405.0,20462.0,6014721.0
2014-09-30,20405.0,20475.0,20283.0,20372.0,12644984.0
2014-10-01,20294.0,20303.0,20076.0,20094.0,17118736.0
2014-10-02,19970.0,20002.0,19756.0,19849.0,23432894.0
2014-10-06,19878.0,19947.0,19784.0,19818.0,16385175.0
2014-10-07,19905.0,19938.0,19784.0,19853.0,8315123.0
2014-10-08,19745.0,19826.0,19684.0,19791.0,7997449.0
2014-10-10,19710.0,19710.0,19393.0,19484.0,16091616.0
2014-10-13,19305.0,19451.0,19261.0,19439.0,15322542.0
2014-10-14,19484.0,19565.0,19413.0,19417.0,13319980.0
2014-10-15,19393.0,19496.0,19300.0,19390.0,13637528.0
2014-10-16,19305.0,19337.0,19164.0,19295.0,7994653.0
2014-10-17,19323.0,19354.0,19041.0,19068.0,10754349.0
2014-10-20,19198.0,19393.0,19198.0,19330.0,10880916.0
2014-10-21,19295.0,19295.0,19097.0,19192.0,7468325.0
2014-10-22,19374.0,19431.0,19272.0,19323.0,11202472.0
2014-10-23,19305.0,19470.0,19272.0,19361.0,8902446.0
2014-10-24,19444.0,19444.0,19172.0,19285.0,8281918.0
2014-10-27,19357.0,19467.0,19337.0,19378.0,7356249.0
2014-10-28,19387.0,19426.0,19310.0,19361.0,6702380.0
2014-10-29,19463.0,19763.0,19409.0,19722.0,11221069.0
2014-10-30,19676.0,19710.0,19583.0,19710.0,10735260.0
2014-10-31,19772.0,19863.0,19652.0,19858.0,8691321.0
2014-11-03,19853.0,19853.0,19687.0,19734.0,5624830.0
2014-11-04,19696.0,19795.0,19523.0,19596.0,4564132.0
2014-11-05,19644.0,19673.0,19509.0,19539.0,7213662.0
2014-11-06,19491.0,19684.0,19470.0,19652.0,6892123.0
2014-11-07,19644.0,19696.0,19596.0,19667.0,3793816.0
2014-11-10,19795.0,19942.0,19748.0,19853.0,4316799.0
2014-11-11,19868.0,19912.0,19835.0,19853.0,7075473.0
2014-11-12,19849.0,20010.0,19826.0,19916.0,3434174.0
2014-11-13,19902.0,19978.0,19802.0,19858.0,7623931.0
2014-11-14,19823.0,19823.0,19596.0,19687.0,4986239.0
2014-11-17,19625.0,19776.0,19588.0,19737.0,10030888.0
2014-11-18,19737.0,19942.0,19737.0,19893.0,7033880.0
2014-11-19,19962.0,19970.0,19818.0,19868.0,7870499.0
2014-11-20,19763.0,19868.0,19725.0,19788.0,4873824.0
2014-11-21,19823.0,19905.0,19802.0,19853.0,4978106.0
2014-11-24,19994.0,20113.0,19994.0,20041.0,5858941.0
2014-11-25,20076.0,20080.0,19986.0,20041.0,8021451.0
2014-11-26,20056.0,20056.0,19908.0,19998.0,5133253.0
2014-11-27,20120.0,20183.0,20080.0,20113.0,7621205.0
2014-11-28,20090.0,20162.0,20069.0,20110.0,7880899.0
2014-12-01,20041.0,20041.0,19883.0,19938.0,7421559.0
2014-12-02,19905.0,19929.0,19835.0,19929.0,7486846.0
2014-12-03,19959.0,20013.0,19905.0,19970.0,3035533.0
2014-12-04,19970.0,20212.0,19970.0,20183.0,5200754.0
2014-12-05,20194.0,20228.0,20155.0,20194.0,10604928.0
2014-12-08,20190.0,20232.0,20138.0,20162.0,5988262.0
2014-12-09,20115.0,20133.0,20036.0,20099.0,3804074.0
2014-12-10,20018.0,20029.0,19802.0,19802.0,6744929.0
2014-12-11,19700.0,19722.0,19518.0,19573.0,29644957.0
2014-12-12,19591.0,19615.0,19500.0,19596.0,16337941.0
2014-12-15,19413.0,19605.0,19334.0,19605.0,12915532.0
2014-12-16,19504.0,19601.0,19390.0,19459.0,10810648.0
2014-12-17,19549.0,19558.0,19393.0,19393.0,16738114.0
2014-12-18,19528.0,19616.0,19241.0,19378.0,9791501.0
2014-12-19,19518.0,19725.0,19518.0,19670.0,10558050.0
2014-12-22,19740.0,19839.0,19670.0,19826.0,13382766.0
2014-12-23,19802.0,19839.0,19763.0,19813.0,8023595.0
2014-12-24,19763.0,19891.0,19748.0,19868.0,6778627.0
2014-12-26,19868.0,19966.0,19853.0,19891.0,4908364.0
2014-12-29,19908.0,19970.0,19795.0,19810.0,6891645.0
2014-12-30,19795.0,19858.0,19560.0,19621.0,10724090.0
2015-01-02,19569.0,19684.0,19528.0,19667.0,4221683.0
2015-01-05,19625.0,19673.0,19431.0,19626.0,9253936.0
2015-01-06,19421.0,19459.0,19226.0,19277.0,16571012.0
2015-01-07,19277.0,19349.0,19236.0,19321.0,22387817.0
2015-01-08,19417.0,19625.0,19417.0,19565.0,15915921.0
2015-01-09,19763.0,19853.0,19705.0,19784.0,13513642.0
2015-01-12,19684.0,19810.0,19680.0,19737.0,11186777.0
2015-01-13,19700.0,19826.0,19647.0,19823.0,6064178.0
2015-01-14,19795.0,19893.0,19737.0,19737.0,6228186.0
2015-01-15,19710.0,19826.0,19673.0,19795.0,7105111.0
2015-01-16,19725.0,19729.0,19455.0,19518.0,12061100.0
2015-01-19,19639.0,19788.0,19605.0,19722.0,15999972.0
2015-01-20,19772.0,19902.0,19763.0,19893.0,13023996.0
2015-01-21,19858.0,19938.0,19810.0,19938.0,10357863.0
2015-01-22,20056.0,20106.0,19970.0,19994.0,11634439.0
2015-01-23,20272.0,20275.0,20064.0,20110.0,13463427.0
2015-01-26,20056.0,20120.0,19954.0,20110.0,10263749.0
2015-01-27,20203.0,20261.0,20155.0,20250.0,7794121.0
2015-01-28,20138.0,20283.0,20129.0,20269.0,10000866.0
2015-01-29,20187.0,20265.0,20073.0,20174.0,8477098.0
2015-01-30,20236.0,20279.0,20141.0,20166.0,10252434.0
2015-02-02,20060.0,20198.0,20050.0,20115.0,5278867.0
2015-02-03,20194.0,20224.0,20013.0,20110.0,3468186.0
2015-02-04,20236.0,20324.0,20203.0,20250.0,5256074.0
2015-02-05,20224.0,20232.0,20023.0,20041.0,8918864.0
2015-02-06,20064.0,20080.0,19989.0,20073.0,9111123.0
2015-02-09,20002.0,20085.0,19959.0,20050.0,5562651.0
2015-02-10,20041.0,20138.0,19942.0,19954.0,7574862.0
2015-02-11,19959.0,20013.0,19925.0,19982.0,6662278.0
2015-02-12,19998.0,20002.0,19799.0,19921.0,6031569.0
2015-02-13,19974.0,20085.0,19974.0,20069.0,5839296.0
2015-02-16,20069.0,20124.0,20060.0,20094.0,9962613.0
2015-02-17,20056.0,20170.0,20006.0,20138.0,5312088.0
2015-02-23,20232.0,20319.0,20178.0,20194.0,9024464.0
2015-02-24,20215.0,20253.0,20187.0,20218.0,6552135.0
2015-02-25,20279.0,20327.0,20265.0,20287.0,7821946.0
2015-02-26,20291.0,20307.0,20236.0,20279.0,13766036.0
2015-02-27,20245.0,20279.0,20162.0,20215.0,8800847.0
2015-03-02,20250.0,20348.0,20250.0,20336.0,8271519.0
2015-03-03,20391.0,20446.0,20374.0,20415.0,12475090.0
2015-03-04,20377.0,20423.0,20374.0,20396.0,9827682.0
2015-03-05,20396.0,20450.0,20351.0,20423.0,6681691.0
2015-03-06,20459.0,20533.0,20429.0,20525.0,8035130.0
2015-03-09,20479.0,20481.0,20298.0,20315.0,5960280.0
2015-03-10,20369.0,20382.0,20228.0,20228.0,6353488.0
2015-03-11,20099.0,20269.0,20073.0,20240.0,13248673.0
2015-03-12,20208.0,20307.0,20110.0,20240.0,8139653.0
2015-03-13,20275.0,20324.0,20240.0,20283.0,5013123.0
2015-03-16,20261.0,20332.0,20224.0,20298.0,5377741.0
2015-03-17,20382.0,20772.0,20374.0,20759.0,7652476.0
2015-03-18,20759.0,20847.0,20745.0,20759.0,13813064.0
2015-03-19,20918.0,20923.0,20785.0,20818.0,11411171.0
2015-03-20,20818.0,20843.0,20729.0,20754.0,8720402.0
2015-03-23,20834.0,20899.0,20745.0,20763.0,10838024.0
2015-03-24,20745.0,20806.0,20681.0,20806.0,4392944.0
2015-03-25,20806.0,20878.0,20707.0,20806.0,5727498.0
2015-03-26,20684.0,20772.0,20582.0,20612.0,9134204.0
2015-03-27,20598.0,20642.0,20537.0,20566.0,5773482.0
2015-03-30,20543.0,20617.0,20501.0,20609.0,4875881.0
2015-03-31,20720.0,20733.0,20578.0,20617.0,8163963.0
2015-04-01,20582.0,20617.0,20459.0,20462.0,4610591.0
2015-04-02,20492.0,20571.0,20462.0,20481.0,6407526.0
2015-04-03,20505.0,20642.0,20497.0,20635.0,4054137.0
2015-04-06,20622.0,20729.0,20593.0,20627.0,5964873.0
2015-04-07,20697.0,20711.0,20582.0,20582.0,4934021.0
2015-04-08,20589.0,20767.0,20586.0,20733.0,6168541.0
2015-04-09,20711.0,20789.0,20668.0,20716.0,7155095.0
2015-04-10,20754.0,21040.0,20733.0,20951.0,11060961.0
2015-04-13,21005.0,21153.0,20993.0,21113.0,14984114.0
2015-04-14,21120.0,21279.0,21117.0,21213.0,10215785.0
2015-04-15,21242.0,21369.0,21235.0,21325.0,10732393.0
2015-04-16,21408.0,21507.0,21392.0,21480.0,7739698.0
2015-04-17,21511.0,21551.0,21464.0,21494.0,10252681.0
2015-04-20,21387.0,21524.0,21383.0,21483.0,5852334.0
2015-04-21,21528.0,21544.0,21457.0,21464.0,8784395.0
2015-04-22,21472.0,21744.0,21472.0,21564.0,11085124.0
2015-04-23,21648.0,21877.0,21573.0,21868.0,11818540.0
2015-04-24,21898.0,22066.0,21729.0,21734.0,12279042.0
2015-04-27,21822.0,21834.0,21657.0,21672.0,4622799.0
2015-04-28,21716.0,21752.0,21555.0,21596.0,4540463.0
2015-04-29,21693.0,21794.0,21398.0,21547.0,10350735.0
2015-04-30,21478.0,21506.0,21374.0,21450.0,8860506.0
2015-05-04,21486.0,21577.0,21450.0,21519.0,3296770.0
2015-05-06,21438.0,21438.0,21152.0,21170.0,7267198.0
2015-05-07,21152.0,21158.0,20923.0,21072.0,10611781.0
2015-05-08,21080.0,21090.0,20987.0,20987.0,8758502.0
2015-05-11,21120.0,21185.0,21021.0,21021.0,5506935.0
2015-05-12,21006.0,21051.0,20939.0,21009.0,5019752.0
2015-05-13,21012.0,21185.0,21012.0,21139.0,4241024.0
2015-05-14,21106.0,21185.0,21063.0,21166.0,3891200.0
2015-05-15,21251.0,21313.0,20952.0,20956.0,9697399.0
2015-05-18,21002.0,21009.0,20890.0,21006.0,9627314.0
2015-05-19,21006.0,21162.0,20947.0,21102.0,6550696.0
2015-05-20,21152.0,21309.0,21111.0,21296.0,4026927.0
2015-05-21,21261.0,21292.0,21042.0,21056.0,10356120.0
2015-05-22,21122.0,21350.0,21106.0,21330.0,9402530.0
2015-05-26,21398.0,21398.0,21217.0,21288.0,6894420.0
2015-05-27,21178.0,21185.0,20817.0,20862.0,10158754.0
2015-05-28,20923.0,20998.0,20858.0,20858.0,15753600.0
2015-05-29,20804.0,21046.0,20775.0,20964.0,6500503.0
2015-06-01,20903.0,20903.0,20640.0,20779.0,5669151.0
2015-06-02,20757.0,20833.0,20522.0,20578.0,9641601.0
2015-06-03,20598.0,20652.0,20373.0,20388.0,8629255.0
2015-06-04,20448.0,20606.0,20379.0,20469.0,11435089.0
2015-06-05,20388.0,20529.0,20358.0,20445.0,4672956.0
2015-06-08,20421.0,20440.0,20311.0,20402.0,7639738.0
2015-06-09,20402.0,20480.0,20272.0,20370.0,4704624.0
2015-06-10,20428.0,20477.0,20215.0,20250.0,6596453.0
2015-06-11,20304.0,20345.0,20211.0,20325.0,12096996.0
2015-06-12,20362.0,20452.0,20108.0,20154.0,6525060.0
2015-06-15,20038.0,20162.0,19979.0,20083.0,9268628.0
2015-06-16,20066.0,20108.0,19758.0,19916.0,9441941.0
2015-06-17,19929.0,19955.0,19822.0,19934.0,12268735.0
2015-06-18,20020.0,20131.0,19925.0,19995.0,10906386.0
2015-06-19,20105.0,20139.0,20015.0,20097.0,5220373.0
2015-06-22,20162.0,20253.0,20093.0,20165.0,7024275.0
2015-06-23,20272.0,20460.0,20224.0,20435.0,6598464.0
2015-06-24,20464.0,20484.0,20393.0,20428.0,5791017.0
2015-06-25,20362.0,20457.0,20325.0,20412.0,5564551.0
2015-06-26,20340.0,20473.0,20265.0,20426.0,5588532.0
2015-06-29,20236.0,20236.0,20054.0,20162.0,8373723.0
2015-06-30,20105.0,20245.0,20088.0,20245.0,5475067.0
2015-07-01,20224.0,20491.0,20177.0,20477.0,5718155.0
2015-07-02,20496.0,20558.0,20477.0,20500.0,4273276.0
2015-07-03,20487.0,20517.0,20358.0,20440.0,4519263.0
2015-07-06,20189.0,20316.0,19916.0,19929.0,6223755.0
2015-07-07,20030.0,20054.0,19853.0,19971.0,11915426.0
2015-07-08,19966.0,19995.0,19697.0,19697.0,9388821.0
2015-07-09,19601.0,19829.0,19461.0,19829.0,14703043.0
2015-07-10,19891.0,19908.0,19761.0,19846.0,8035429.0
2015-07-13,19846.0,20123.0,19797.0,20058.0,4988566.0
2015-07-14,20097.0,20097.0,19905.0,19963.0,6501209.0
2015-07-15,20033.0,20207.0,19943.0,20024.0,6627175.0
2015-07-16,19990.0,20173.0,19990.0,20173.0,5649330.0
2015-07-17,20261.0,20288.0,19999.0,20051.0,5504830.0
2015-07-20,20047.0,20144.0,19960.0,20020.0,4554029.0
2015-07-21,20024.0,20173.0,19955.0,20058.0,4638507.0
2015-07-22,19951.0,20003.0,19817.0,19886.0,6872674.0
2015-07-23,19912.0,19929.0,19789.0,19878.0,10662625.0
2015-07-24,19777.0,19797.0,19617.0,19653.0,5823720.0
2015-07-27,19565.0,19731.0,19536.0,19689.0,12689138.0
2015-07-28,19632.0,19754.0,19553.0,19727.0,5625155.0
2015-07-29,19797.0,19834.0,19727.0,19804.0,5298670.0
2015-07-30,19812.0,19846.0,19625.0,19625.0,5821104.0
2015-07-31,19627.0,19663.0,19469.0,19565.0,12094691.0
2015-08-03,19596.0,19596.0,19411.0,19461.0,13099449.0
2015-08-04,19454.0,19553.0,19449.0,19544.0,8256270.0
2015-08-05,19532.0,19625.0,19483.0,19558.0,5675859.0
2015-08-06,19591.0,19606.0,19339.0,19339.0,7054529.0
2015-08-07,19272.0,19335.0,19215.0,19306.0,11615094.0
2015-08-10,19257.0,19286.0,19175.0,19253.0,7997675.0
2015-08-11,19359.0,19478.0,19167.0,19167.0,8515352.0
2015-08-12,19112.0,19215.0,18923.0,19049.0,10762444.0
2015-08-13,19024.0,19159.0,18984.0,19132.0,10600407.0
2015-08-17,19186.0,19186.0,18965.0,18980.0,6542415.0
2015-08-18,19020.0,19067.0,18938.0,18946.0,9343562.0
2015-08-19,18923.0,18970.0,18742.0,18805.0,12097309.0
2015-08-20,18779.0,18801.0,18612.0,18612.0,11558373.0
2015-08-21,18235.0,18384.0,18190.0,18319.0,17539343.0
2015-08-24,18141.0,18228.0,17478.0,17893.0,24865556.0
2015-08-25,17917.0,18132.0,17566.0,17955.0,27900469.0
2015-08-26,17854.0,18333.0,17762.0,18290.0,18170515.0
2015-08-27,18405.0,18508.0,18307.0,18402.0,14074289.0
2015-08-28,18558.0,18668.0,18537.0,18668.0,13268910.0
2015-08-31,18598.0,18649.0,18503.0,18644.0,8242718.0
2015-09-01,18612.0,18676.0,18448.0,18457.0,7589845.0
2015-09-02,18263.0,18595.0,18260.0,18500.0,5005214.0
2015-09-03,18578.0,18633.0,18492.0,18532.0,5914788.0
2015-09-04,18550.0,18586.0,18319.0,18377.0,6864740.0
2015-09-07,18336.0,18473.0,18275.0,18333.0,7099571.0
2015-09-08,18377.0,18405.0,18260.0,18369.0,5663936.0
2015-09-09,18553.0,18918.0,18545.0,18918.0,8312124.0
2015-09-10,18801.0,19008.0,18746.0,18885.0,19088866.0
2015-09-11,18885.0,18997.0,18815.0,18839.0,6757612.0
2015-09-14,18898.0,18907.0,18641.0,18737.0,8581167.0
2015-09-15,18742.0,18832.0,18714.0,18779.0,7440306.0
2015-09-16,18902.0,19319.0,18902.0,19191.0,10811625.0
2015-09-17,19388.0,19402.0,19257.0,19272.0,15577421.0
2015-09-18,19226.0,19465.0,19058.0,19411.0,9225444.0
2015-09-21,19186.0,19241.0,19004.0,19069.0,9119059.0
2015-09-22,19129.0,19220.0,19054.0,19175.0,7395038.0
2015-09-23,18962.0,19108.0,18885.0,18918.0,7259332.0
2015-09-24,18980.0,19008.0,18860.0,18923.0,7738400.0
2015-09-25,18889.0,18965.0,18768.0,18894.0,8367636.0
2015-09-30,18619.0,19058.0,18598.0,19029.0,7170250.0
2015-10-01,19016.0,19347.0,18965.0,19241.0,7762011.0
2015-10-02,19220.0,19261.0,19093.0,19112.0,9009884.0
2015-10-05,19191.0,19380.0,19105.0,19132.0,6613737.0
2015-10-06,19351.0,19411.0,19291.0,19319.0,7142668.0
2015-10-07,19359.0,19617.0,19359.0,19611.0,8639990.0
2015-10-08,19689.0,19761.0,19606.0,19750.0,14295900.0
2015-10-12,19817.0,19966.0,19774.0,19867.0,11225549.0
2015-10-13,19848.0,19925.0,19758.0,19817.0,9377645.0
2015-10-14,19786.0,19797.0,19636.0,19747.0,5870624.0
2015-10-15,19743.0,20051.0,19731.0,19966.0,7170337.0
2015-10-16,20011.0,20020.0,19891.0,19929.0,8280170.0
2015-10-19,19982.0,20011.0,19848.0,19938.0,6315182.0
2015-10-20,19921.0,20024.0,19891.0,19982.0,3993262.0
2015-10-21,19975.0,20211.0,19975.0,20062.0,9919871.0
2015-10-22,20007.0,20066.0,19912.0,19955.0,10525384.0
2015-10-23,20159.0,20261.0,20074.0,20108.0,9333357.0
2015-10-26,20211.0,20211.0,20118.0,20159.0,6372269.0
2015-10-27,20127.0,20177.0,20038.0,20149.0,3778269.0
2015-10-28,20154.0,20154.0,19990.0,20136.0,4298522.0
2015-10-29,20154.0,20370.0,20030.0,20093.0,6905165.0
2015-10-30,20033.0,20202.0,20024.0,20186.0,8262215.0
2015-11-02,20118.0,20182.0,20054.0,20136.0,3918145.0
2015-11-03,20269.0,20388.0,20257.0,20325.0,5346419.0
2015-11-04,20388.0,20426.0,20245.0,20320.0,9211047.0
2015-11-05,20272.0,20308.0,20177.0,20292.0,5610651.0
2015-11-06,20257.0,20308.0,20112.0,20162.0,4403474.0
2015-11-09,20105.0,20144.0,20003.0,20083.0,6300049.0
2015-11-10,19975.0,19975.0,19777.0,19789.0,5147596.0
2015-11-11,19750.0,19829.0,19658.0,19761.0,7287325.0
2015-11-12,19754.0,19801.0,19716.0,19793.0,4358238.0
2015-11-13,19580.0,19644.0,19518.0,19518.0,4522863.0
2015-11-16,19306.0,19429.0,19291.0,19306.0,7498212.0
2015-11-17,19477.0,19527.0,19402.0,19469.0,7638191.0
2015-11-18,19424.0,19508.0,19402.0,19415.0,3674752.0
2015-11-19,19591.0,19689.0,19511.0,19678.0,3936946.0
2015-11-20,19712.0,19750.0,19678.0,19712.0,3258004.0
2015-11-23,19750.0,19874.0,19743.0,19838.0,3375110.0
2015-11-24,19838.0,19934.0,19829.0,19925.0,4115643.0
2015-11-25,19912.0,19925.0,19834.0,19908.0,4909100.0
2015-11-26,19925.0,20154.0,19921.0,20144.0,5764536.0
2015-11-27,20162.0,20186.0,20083.0,20097.0,8550460.0
2015-11-30,20007.0,20011.0,19625.0,19716.0,6441270.0
2015-12-01,19770.0,20033.0,19770.0,20003.0,7959759.0
2015-12-02,20003.0,20015.0,19874.0,19874.0,5206643.0
2015-12-03,19754.0,19754.0,19569.0,19697.0,7468248.0
2015-12-04,19477.0,19591.0,19465.0,19487.0,11877170.0
2015-12-07,19622.0,19636.0,19420.0,19420.0,6750523.0
2015-12-08,19399.0,19508.0,19291.0,19328.0,7867344.0
2015-12-09,19342.0,19391.0,19291.0,19324.0,4329204.0
2015-12-10,19321.0,19487.0,19257.0,19442.0,10623826.0
2015-12-11,19402.0,19527.0,19347.0,19399.0,6579860.0
2015-12-14,19236.0,19253.0,19108.0,19236.0,8657625.0
2015-12-15,19310.0,19342.0,19220.0,19272.0,6277157.0
2015-12-16,19433.0,19723.0,19407.0,19658.0,10145437.0
2015-12-17,19747.0,19804.0,19580.0,19632.0,9844777.0
2015-12-18,19469.0,19697.0,19457.0,19596.0,4853989.0
2015-12-21,19617.0,19750.0,19490.0,19685.0,5627731.0
2015-12-22,19653.0,19747.0,19553.0,19716.0,6195543.0
2015-12-23,19770.0,19966.0,19747.0,19912.0,10648090.0
2015-12-24,20007.0,20026.0,19786.0,19786.0,13529105.0
2015-12-28,19801.0,19829.0,19518.0,19518.0,7457569.0
2015-12-29,19569.0,19697.0,19499.0,19697.0,5858111.0
2015-12-30,19747.0,19793.0,19588.0,19596.0,9023832.0
2016-01-04,19532.0,19539.0,19198.0,19198.0,8204936.0
2016-01-05,19163.0,19388.0,19163.0,19321.0,14708239.0
2016-01-06,19321.0,19339.0,19080.0,19180.0,12878607.0
2016-01-07,19136.0,19211.0,18946.0,18997.0,13278540.0
2016-01-08,18882.0,19150.0,18843.0,19129.0,14514489.0
2016-01-11,18885.0,18984.0,18839.0,18914.0,12977409.0
2016-01-12,19004.0,19054.0,18823.0,18860.0,13598783.0
2016-01-13,18946.0,19167.0,18942.0,19124.0,7421463.0
2016-01-14,18907.0,18942.0,18768.0,18942.0,13906251.0
2016-01-15,19100.0,19141.0,18660.0,18751.0,17419069.0
2016-01-18,18553.0,18766.0,18488.0,18733.0,15800171.0
2016-01-19,18733.0,18832.0,18566.0,18832.0,8871037.0
2016-01-20,18746.0,18766.0,18275.0,18402.0,22093484.0
2016-01-21,18409.0,18545.0,18346.0,18356.0,25652795.0
2016-01-22,18537.0,18757.0,18524.0,18757.0,12655583.0
2016-01-25,18823.0,18958.0,18751.0,18856.0,8352111.0
2016-01-26,18751.0,18768.0,18514.0,18619.0,8425321.0
2016-01-27,18768.0,18914.0,18753.0,18878.0,11653446.0
2016-01-28,18742.0,18926.0,18664.0,18907.0,10418534.0
2016-01-29,18846.0,18938.0,18733.0,18933.0,7146289.0
2016-02-01,19034.0,19163.0,18992.0,19072.0,7755952.0
2016-02-02,19000.0,19072.0,18923.0,18938.0,5780255.0
2016-02-03,18746.0,18761.0,18637.0,18725.0,4595662.0
2016-02-04,18856.0,19084.0,18832.0,19069.0,10341713.0
2016-02-05,19041.0,19171.0,19024.0,19117.0,8070685.0
2016-02-11,18709.0,18733.0,18558.0,18603.0,10663324.0
2016-02-12,18503.0,18582.0,18333.0,18464.0,24991219.0
2016-02-15,18660.0,18761.0,18619.0,18709.0,13952395.0
2016-02-16,18725.0,19020.0,18725.0,18980.0,7122960.0
2016-02-17,18933.0,19095.0,18910.0,19004.0,7731050.0
2016-02-18,19261.0,19261.0,19150.0,19167.0,8920888.0
2016-02-19,19132.0,19226.0,19132.0,19206.0,10046911.0
2016-02-22,19159.0,19306.0,19119.0,19241.0,8447010.0
2016-02-23,19339.0,19347.0,19198.0,19245.0,6656843.0
2016-02-24,19220.0,19296.0,19141.0,19226.0,6227462.0
2016-02-25,19269.0,19399.0,19180.0,19249.0,6901742.0
2016-02-26,19331.0,19375.0,19249.0,19286.0,7232984.0
2016-02-29,19236.0,19355.0,19206.0,19264.0,7235352.0
2016-03-02,19487.0,19573.0,19473.0,19558.0,10873770.0
2016-03-03,19601.0,19622.0,19565.0,19617.0,12993832.0
2016-03-04,19617.0,19671.0,19580.0,19622.0,7904534.0
2016-03-07,19663.0,19707.0,19648.0,19663.0,7163045.0
2016-03-08,19689.0,19697.0,19465.0,19522.0,7148859.0
2016-03-09,19487.0,19611.0,19457.0,19611.0,6248054.0
2016-03-10,19648.0,19886.0,19632.0,19789.0,9537022.0
2016-03-11,19797.0,19874.0,19774.0,19834.0,7583186.0
2016-03-14,19947.0,19947.0,19801.0,19817.0,9680381.0
2016-03-15,19817.0,19878.0,19738.0,19801.0,6234836.0
2016-03-16,19848.0,19943.0,19804.0,19853.0,6050340.0
2016-03-17,19938.0,20131.0,19925.0,19963.0,16208398.0
2016-03-18,20051.0,20054.0,19934.0,19975.0,6557021.0
2016-03-21,20047.0,20097.0,19891.0,19951.0,4371471.0
2016-03-22,19999.0,20051.0,19960.0,20051.0,4016464.0
2016-03-23,20058.0,20123.0,20007.0,20033.0,5942496.0
2016-03-24,19975.0,20043.0,19902.0,19982.0,5294625.0
2016-03-25,20020.0,20026.0,19938.0,19947.0,4428310.0
2016-03-28,19947.0,20038.0,19938.0,19979.0,3679269.0
2016-03-29,19979.0,20108.0,19979.0,20083.0,8813019.0
2016-03-30,20173.0,20224.0,20154.0,20173.0,10239102.0
2016-03-31,20211.0,20215.0,20030.0,20088.0,7305938.0
2016-04-01,20062.0,20079.0,19801.0,19801.0,6954695.0
2016-04-04,19817.0,19862.0,19774.0,19838.0,5369945.0
2016-04-05,19786.0,19793.0,19653.0,19674.0,3830971.0
2016-04-06,19674.0,19809.0,19668.0,19774.0,6827657.0
2016-04-07,19848.0,19886.0,19707.0,19786.0,3863271.0
2016-04-08,19671.0,19765.0,19576.0,19747.0,4944838.0
2016-04-11,19743.0,19793.0,19663.0,19761.0,5316347.0
2016-04-12,19765.0,19929.0,19750.0,19916.0,4484008.0
2016-04-14,20218.0,20333.0,20165.0,20325.0,8052630.0
2016-04-15,20311.0,20373.0,20288.0,20308.0,9981845.0
2016-04-18,20162.0,20257.0,20123.0,20240.0,4219712.0
2016-04-19,20299.0,20367.0,20257.0,20269.0,4095447.0
2016-04-20,20299.0,20398.0,20202.0,20202.0,4032785.0
2016-04-21,20292.0,20402.0,20275.0,20358.0,3788351.0
2016-04-22,20288.0,20340.0,20253.0,20280.0,4744387.0
2016-04-25,20284.0,20292.0,20193.0,20257.0,4917933.0
2016-04-26,20253.0,20388.0,20236.0,20316.0,2555107.0
2016-04-27,20308.0,20345.0,20295.0,20316.0,5077998.0
2016-04-28,20423.0,20423.0,20108.0,20108.0,9655394.0
2016-04-29,20108.0,20128.0,19957.0,20042.0,4770989.0
2016-05-02,20001.0,20005.0,19878.0,19891.0,5443456.0
2016-05-03,19973.0,19989.0,19899.0,19953.0,5613394.0
2016-05-04,19857.0,19909.0,19791.0,19848.0,5109853.0
2016-05-09,19848.0,19883.0,19776.0,19816.0,6954881.0
2016-05-10,19776.0,19894.0,19768.0,19894.0,4520581.0
2016-05-11,19957.0,19961.0,19776.0,19874.0,5625982.0
2016-05-12,19808.0,19886.0,19748.0,19828.0,7803457.0
2016-05-13,19821.0,19828.0,19640.0,19675.0,4768205.0
2016-05-16,19621.0,19756.0,19605.0,19703.0,9586621.0
2016-05-17,19733.0,19740.0,19640.0,19717.0,4216420.0
2016-05-18,19663.0,19663.0,19492.0,19605.0,7578225.0
2016-05-19,19542.0,19590.0,19517.0,19551.0,5027879.0
2016-05-20,19519.0,19605.0,19501.0,19551.0,2855051.0
2016-05-23,19583.0,19627.0,19458.0,19605.0,3861223.0
2016-05-24,19579.0,19579.0,19462.0,19466.0,4240747.0
2016-05-25,19579.0,19752.0,19575.0,19740.0,8507905.0
2016-05-26,19748.0,19788.0,19679.0,19703.0,8035045.0
2016-05-27,19736.0,19811.0,19698.0,19803.0,5486909.0
2016-05-30,19803.0,19803.0,19668.0,19759.0,4690781.0
2016-05-31,19736.0,19917.0,19648.0,19917.0,5376773.0
2016-06-01,19857.0,19957.0,19811.0,19930.0,6146283.0
2016-06-02,19922.0,19973.0,19894.0,19968.0,5320275.0
2016-06-03,20005.0,20023.0,19940.0,20001.0,5505734.0
2016-06-07,20030.0,20279.0,20030.0,20268.0,6743444.0
2016-06-08,20268.0,20476.0,20264.0,20476.0,9032070.0
2016-06-09,20462.0,20583.0,20368.0,20467.0,11266705.0
2016-06-10,20455.0,20459.0,20380.0,20380.0,8634074.0
2016-06-13,20235.0,20248.0,19961.0,19961.0,7938254.0
2016-06-14,19926.0,19985.0,19833.0,19894.0,5334360.0
2016-06-15,19857.0,19964.0,19803.0,19886.0,4682912.0
2016-06-16,19894.0,19926.0,19671.0,19736.0,6940776.0
2016-06-17,19867.0,19957.0,19756.0,19768.0,8230833.0
2016-06-20,19953.0,20074.0,19940.0,20042.0,4002779.0
2016-06-21,20025.0,20061.0,19948.0,20042.0,4615679.0
2016-06-22,20054.0,20213.0,20001.0,20159.0,3969017.0
2016-06-23,20155.0,20199.0,20115.0,20170.0,6245547.0
2016-06-24,20248.0,20299.0,19245.0,19519.0,22822179.0
2016-06-27,19478.0,19583.0,19411.0,19575.0,18003631.0
2016-06-28,19387.0,19686.0,19371.0,19625.0,14388664.0
2016-06-29,19724.0,19957.0,19679.0,19857.0,7473004.0
2016-06-30,19961.0,20001.0,19848.0,20001.0,6639246.0
2016-07-01,20018.0,20226.0,20005.0,20167.0,8765446.0
2016-07-04,20167.0,20268.0,20132.0,20235.0,5993712.0
2016-07-05,20213.0,20248.0,20150.0,20213.0,5435405.0
2016-07-06,20128.0,20128.0,19717.0,19803.0,12839450.0
2016-07-07,19905.0,20065.0,19853.0,20030.0,9682411.0
2016-07-08,19981.0,20079.0,19874.0,19926.0,4341795.0
2016-07-11,20115.0,20268.0,20115.0,20223.0,6751993.0
2016-07-12,20252.0,20337.0,20167.0,20223.0,8425244.0
2016-07-13,20376.0,20459.0,20274.0,20359.0,12634427.0
2016-07-14,20341.0,20438.0,20320.0,20395.0,8517914.0
2016-07-15,20490.0,20579.0,20429.0,20499.0,9445276.0
2016-07-18,20507.0,20579.0,20495.0,20532.0,5491621.0
2016-07-19,20563.0,20563.0,20455.0,20507.0,4112404.0
2016-07-20,20499.0,20499.0,20363.0,20471.0,4600484.0
2016-07-21,20548.0,20563.0,20447.0,20490.0,1924972.0
2016-07-22,20404.0,20510.0,20350.0,20479.0,1916100.0
2016-07-25,20529.0,20576.0,20447.0,20490.0,3568806.0
2016-07-26,20471.0,20684.0,20447.0,20671.0,2989068.0
2016-07-27,20668.0,20720.0,20654.0,20659.0,3765133.0
2016-07-28,20668.0,20708.0,20558.0,20610.0,3765788.0
2016-07-29,20606.0,20734.0,20567.0,20594.0,3342177.0
2016-08-01,20668.0,20779.0,20668.0,20765.0,6015086.0
2016-08-02,20708.0,20717.0,20590.0,20602.0,3526063.0
2016-08-03,20462.0,20479.0,20328.0,20341.0,4583152.0
2016-08-04,20462.0,20467.0,20333.0,20385.0,3332780.0
2016-08-05,20438.0,20620.0,20427.0,20606.0,4675768.0
2016-08-08,20748.0,20805.0,20654.0,20765.0,8663612.0
2016-08-09,20805.0,20955.0,20775.0,20922.0,9880849.0
2016-08-10,20893.0,20951.0,20856.0,20856.0,10540512.0
2016-08-11,20856.0,20884.0,20791.0,20879.0,5579501.0
2016-08-12,20943.0,21078.0,20916.0,20951.0,4203300.0
2016-08-16,21022.0,21082.0,20938.0,20938.0,3783438.0
2016-08-17,20911.0,20959.0,20835.0,20922.0,3486578.0
2016-08-18,20933.0,21082.0,20907.0,21074.0,4196117.0
2016-08-19,21102.0,21133.0,21047.0,21125.0,4193677.0
2016-08-22,21092.0,21114.0,20991.0,21002.0,3350781.0
2016-08-23,21017.0,21114.0,21017.0,21114.0,2258953.0
2016-08-24,21104.0,21121.0,20983.0,21013.0,3828678.0
2016-08-25,21006.0,21082.0,20933.0,21052.0,3972280.0
2016-08-26,20983.0,20991.0,20867.0,20969.0,2883815.0
2016-08-29,20835.0,20994.0,20805.0,20974.0,2576492.0
2016-08-30,21038.0,21169.0,21030.0,21060.0,5094865.0
2016-08-31,21060.0,21063.0,20933.0,20983.0,2985491.0
2016-09-01,20875.0,20924.0,20770.0,20924.0,4736509.0
2016-09-02,20928.0,20969.0,20893.0,20969.0,3824868.0
2016-09-05,21087.0,21239.0,21069.0,21236.0,6178842.0
2016-09-06,21224.0,21319.0,21224.0,21315.0,6487091.0
2016-09-07,21319.0,21431.0,21274.0,21274.0,5667418.0
2016-09-08,21328.0,21373.0,21224.0,21270.0,6100587.0
2016-09-09,21130.0,21146.0,20964.0,21017.0,6098979.0
2016-09-12,20680.0,20752.0,20490.0,20490.0,10526869.0
2016-09-13,20748.0,20748.0,20563.0,20563.0,9318848.0
2016-09-19,20576.0,20791.0,20548.0,20779.0,3423456.0
2016-09-20,20698.0,20823.0,20684.0,20810.0,4343219.0
2016-09-21,20791.0,20947.0,20783.0,20947.0,2975389.0
2016-09-22,21097.0,21217.0,21082.0,21133.0,4404342.0
2016-09-23,21189.0,21189.0,21082.0,21118.0,5993684.0
2016-09-26,21114.0,21202.0,21013.0,21047.0,3710383.0
2016-09-27,20974.0,21231.0,20871.0,21189.0,3958568.0
2016-09-28,21165.0,21184.0,21104.0,21130.0,1629013.0
2016-09-29,21221.0,21340.0,21217.0,21278.0,4801705.0
2016-09-30,21151.0,21173.0,21033.0,21047.0,3895998.0
2016-10-04,21169.0,21231.0,21130.0,21169.0,2764143.0
2016-10-05,21022.0,21207.0,20969.0,21157.0,2844259.0
2016-10-06,21319.0,21348.0,21217.0,21306.0,2761589.0
2016-10-07,21285.0,21335.0,21231.0,21239.0,4669223.0
2016-10-10,21177.0,21306.0,21082.0,21274.0,2496139.0
2016-10-11,21231.0,21301.0,20959.0,20979.0,5846921.0
2016-10-12,20859.0,21006.0,20848.0,20959.0,7822473.0
2016-10-13,20924.0,20955.0,20746.0,20779.0,6558180.0
2016-10-14,20827.0,20933.0,20823.0,20884.0,4715103.0
2016-10-17,20907.0,20991.0,20742.0,20916.0,4554134.0
2016-10-18,20943.0,21074.0,20922.0,21060.0,3644651.0
2016-10-19,21033.0,21198.0,21013.0,21082.0,3372646.0
2016-10-20,21114.0,21194.0,21087.0,21104.0,3205448.0
2016-10-21,21087.0,21130.0,20994.0,21002.0,2601935.0
2016-10-24,21097.0,21184.0,21082.0,21162.0,2804279.0
2016-10-25,21141.0,21173.0,21092.0,21130.0,3212467.0
2016-10-26,21038.0,21038.0,20783.0,20871.0,8695416.0
2016-10-27,20943.0,21006.0,20905.0,20964.0,7380096.0
2016-10-28,20947.0,21043.0,20928.0,20979.0,3606554.0
2016-10-31,20898.0,20991.0,20853.0,20933.0,3571036.0
2016-11-01,20924.0,20955.0,20742.0,20943.0,5231091.0
2016-11-02,20791.0,20831.0,20671.0,20671.0,8520883.0
2016-11-03,20654.0,20761.0,20602.0,20742.0,9779963.0
2016-11-04,20688.0,20742.0,20638.0,20668.0,6430490.0
2016-11-07,20905.0,20911.0,20799.0,20867.0,4343836.0
2016-11-08,20959.0,20959.0,20799.0,20911.0,4958727.0
2016-11-09,20969.0,21047.0,20204.0,20483.0,22397661.0
2016-11-10,20757.0,20901.0,20717.0,20889.0,20596738.0
2016-11-11,20752.0,20779.0,20629.0,20680.0,7314751.0
2016-11-14,20642.0,20680.0,20486.0,20514.0,5912109.0
2016-11-15,20486.0,20553.0,20433.0,20443.0,4693157.0
2016-11-16,20543.0,20590.0,20495.0,20514.0,4085195.0
2016-11-17,20447.0,20529.0,20363.0,20503.0,3575871.0
2016-11-18,20543.0,20548.0,20409.0,20495.0,3586306.0
2016-11-21,20447.0,20525.0,20414.0,20455.0,3058545.0
2016-11-22,20532.0,20712.0,20522.0,20688.0,3022181.0
2016-11-23,20688.0,20848.0,20668.0,20765.0,5866654.0
2016-11-24,20738.0,20779.0,20602.0,20659.0,5887888.0
2016-11-25,20698.0,20720.0,20634.0,20668.0,3076075.0
2016-11-28,20676.0,20761.0,20543.0,20730.0,3816750.0
2016-11-29,20730.0,20775.0,20688.0,20738.0,6804518.0
2016-11-30,20742.0,20884.0,20734.0,20839.0,4290815.0
2016-12-01,20859.0,20898.0,20805.0,20856.0,6049329.0
2016-12-02,20765.0,20805.0,20671.0,20708.0,4997735.0
2016-12-05,20692.0,20725.0,20610.0,20684.0,7407899.0
2016-12-06,20831.0,20974.0,20831.0,20928.0,5962926.0
2016-12-07,20991.0,21022.0,20943.0,20991.0,10090133.0
2016-12-08,21165.0,21348.0,21165.0,21348.0,13190122.0
2016-12-09,21343.0,21377.0,21297.0,21361.0,10125778.0
2016-12-12,21431.0,21431.0,21274.0,21333.0,6974095.0
2016-12-13,21324.0,21388.0,21306.0,21373.0,6097664.0
2016-12-14,21455.0,21516.0,21364.0,21392.0,5915611.0
2016-12-15,21239.0,21435.0,21231.0,21384.0,4568140.0
2016-12-16,21377.0,21463.0,21353.0,21438.0,5446881.0
2016-12-19,21377.0,21494.0,21377.0,21455.0,3853000.0
2016-12-20,21476.0,21534.0,21463.0,21503.0,3459416.0
2016-12-21,21541.0,21616.0,21476.0,21476.0,4685591.0
2016-12-22,21491.0,21516.0,21446.0,21463.0,3882233.0
2016-12-23,21459.0,21468.0,21413.0,21435.0,6168479.0
2016-12-26,21459.0,21482.0,21431.0,21476.0,3375628.0
2016-12-27,21463.0,21521.0,21463.0,21508.0,2904260.0
2016-12-28,21534.0,21631.0,21534.0,21579.0,11837759.0
2016-12-29,21553.0,21600.0,21521.0,21590.0,7277250.0
2017-01-02,21586.0,21720.0,21512.0,21663.0,2066076.0
2017-01-03,21720.0,21834.0,21694.0,21834.0,4450261.0
2017-01-04,21825.0,21865.0,21813.0,21859.0,5289431.0
2017-01-05,21834.0,21855.0,21764.0,21773.0,7996126.0
2017-01-06,21821.0,21909.0,21817.0,21865.0,3768174.0
2017-01-09,21895.0,21955.0,21873.0,21922.0,3513835.0
2017-01-10,21851.0,21927.0,21842.0,21890.0,6085376.0
2017-01-11,21922.0,22355.0,21922.0,22285.0,4204241.0
2017-01-12,22315.0,22387.0,22285.0,22341.0,4220900.0
2017-01-13,22306.0,22336.0,22282.0,22285.0,2149046.0
2017-01-16,22274.0,22323.0,22101.0,22166.0,8170018.0
2017-01-17,22187.0,22328.0,22187.0,22251.0,7381033.0
2017-01-18,22251.0,22298.0,22073.0,22237.0,4538505.0
2017-01-19,22328.0,22456.0,22139.0,22251.0,4409719.0
2017-01-20,22176.0,22237.0,22158.0,22220.0,2250094.0
2017-01-23,22187.0,22270.0,22069.0,22197.0,3825585.0
2017-01-24,22211.0,22302.0,22158.0,22202.0,3553591.0
2017-01-25,22341.0,22355.0,22207.0,22282.0,2733864.0
2017-01-26,22364.0,22520.0,22302.0,22464.0,3236521.0
2017-01-31,22395.0,22426.0,22323.0,22336.0,3785664.0
2017-02-01,22387.0,22426.0,22364.0,22406.0,6823858.0
2017-02-02,22401.0,22532.0,22285.0,22320.0,3974383.0
2017-02-03,22372.0,22398.0,22237.0,22333.0,5020661.0
2017-02-06,22524.0,22556.0,22350.0,22391.0,3950038.0
2017-02-07,22444.0,22444.0,22323.0,22369.0,4050561.0
2017-02-08,22306.0,22311.0,22118.0,22261.0,8776897.0
2017-02-09,22290.0,22359.0,22231.0,22293.0,4683403.0
2017-02-10,22409.0,22444.0,22331.0,22333.0,3193899.0
2017-02-13,22333.0,22364.0,22302.0,22345.0,4170446.0
2017-02-14,22412.0,22412.0,22234.0,22285.0,4682024.0
2017-02-15,22274.0,22398.0,22234.0,22355.0,3596392.0
2017-02-16,22398.0,22464.0,22320.0,22341.0,2958346.0
2017-02-17,22274.0,22377.0,22274.0,22341.0,3289120.0
2017-02-20,22387.0,22422.0,22331.0,22417.0,2564272.0
2017-02-21,22449.0,22720.0,22426.0,22625.0,7661182.0
2017-02-22,22652.0,22699.0,22629.0,22667.0,7897592.0
2017-02-23,22660.0,22687.0,22629.0,22675.0,3595023.0
2017-02-24,22656.0,22683.0,22456.0,22505.0,7534517.0
2017-02-27,22496.0,22524.0,22359.0,22401.0,5447710.0
2017-02-28,22426.0,22488.0,22398.0,22444.0,3618220.0
2017-03-02,22597.0,22720.0,22556.0,22652.0,5176069.0
2017-03-03,22560.0,22574.0,22369.0,22436.0,9808819.0
2017-03-06,22355.0,22488.0,22320.0,22460.0,6045375.0
2017-03-07,22496.0,22633.0,22456.0,22592.0,6416759.0
2017-03-08,22570.0,22683.0,22528.0,22638.0,4140906.0
2017-03-09,22645.0,22675.0,22564.0,22590.0,6300982.0
2017-03-10,22512.0,22680.0,22453.0,22607.0,4099672.0
2017-03-13,22652.0,22930.0,22645.0,22859.0,6013164.0
2017-03-14,22947.0,23089.0,22939.0,23071.0,11324983.0
2017-03-15,23062.0,23125.0,23030.0,23102.0,7134324.0
2017-03-16,23357.0,23404.0,23224.0,23266.0,6726545.0
2017-03-17,23281.0,23408.0,23249.0,23369.0,4118471.0
2017-03-20,23364.0,23364.0,23266.0,23341.0,5437176.0
2017-03-21,23429.0,23638.0,23382.0,23565.0,5102047.0
2017-03-22,23412.0,23488.0,23369.0,23488.0,8950018.0
2017-03-23,23569.0,23624.0,23496.0,23526.0,5096870.0
2017-03-24,23544.0,23615.0,23433.0,23488.0,3146927.0
2017-03-27,23382.0,23458.0,23306.0,23341.0,9565008.0
2017-03-28,23441.0,23471.0,23357.0,23394.0,5069500.0
2017-03-29,23492.0,23509.0,23404.0,23475.0,6367076.0
2017-03-30,23496.0,23578.0,23408.0,23454.0,4576758.0
2017-03-31,23481.0,23501.0,23399.0,23408.0,4929163.0
2017-04-03,23471.0,23544.0,23421.0,23466.0,2665570.0
2017-04-04,23441.0,23479.0,23364.0,23416.0,2758636.0
2017-04-05,23421.0,23437.0,23224.0,23373.0,5975710.0
2017-04-06,23306.0,23306.0,23182.0,23281.0,7688603.0
2017-04-07,23328.0,23328.0,23152.0,23241.0,7249048.0
2017-04-10,23241.0,23241.0,23058.0,23109.0,6516830.0
2017-04-11,23062.0,23121.0,22934.0,23013.0,7317610.0
2017-04-12,23018.0,23035.0,22960.0,23026.0,5243100.0
2017-04-13,23062.0,23241.0,23008.0,23241.0,5223767.0
2017-04-14,23168.0,23186.0,22995.0,23142.0,5808668.0
2017-04-17,23173.0,23270.0,23137.0,23191.0,4424314.0
2017-04-18,23298.0,23311.0,23113.0,23177.0,4328206.0
2017-04-19,23144.0,23191.0,22999.0,23075.0,5074695.0
2017-04-20,23013.0,23173.0,22984.0,23173.0,5029828.0
2017-04-21,23266.0,23404.0,23237.0,23364.0,5072205.0
2017-04-24,23466.0,23526.0,23421.0,23488.0,6761795.0
2017-04-25,23509.0,23744.0,23496.0,23727.0,3825690.0
2017-04-26,23808.0,23919.0,23796.0,23870.0,3535412.0
2017-04-27,23851.0,23934.0,23823.0,23915.0,5950710.0
2017-04-28,23975.0,24066.0,23942.0,23966.0,13764432.0
2017-05-02,24066.0,24302.0,24054.0,24153.0,7525975.0
2017-05-04,24252.0,24391.0,24233.0,24391.0,9051698.0
2017-05-08,24440.0,25034.0,24418.0,25034.0,13213421.0
2017-05-10,25069.0,25479.0,24701.0,24761.0,13591939.0
2017-05-11,24892.0,25127.0,24808.0,25074.0,15165042.0
2017-05-12,25082.0,25118.0,24929.0,24960.0,9004548.0
2017-05-15,24991.0,25103.0,24904.0,25021.0,8058820.0
2017-05-16,25183.0,25255.0,24944.0,25056.0,7881457.0
2017-05-17,24978.0,25100.0,24942.0,25043.0,13293912.0
2017-05-18,24800.0,24995.0,24744.0,24991.0,14079293.0
2017-05-19,24965.0,25024.0,24913.0,24942.0,8594282.0
2017-05-22,25110.0,25156.0,25006.0,25144.0,7533373.0
2017-05-23,25191.0,25413.0,25163.0,25215.0,14319364.0
2017-05-24,25281.0,25334.0,25211.0,25241.0,11158433.0
2017-05-25,25368.0,25556.0,25294.0,25540.0,12485485.0
2017-05-26,25561.0,25823.0,25531.0,25694.0,15128462.0
2017-05-29,25798.0,25881.0,25531.0,25671.0,10902967.0
2017-05-30,25645.0,25682.0,25364.0,25497.0,13909765.0
2017-05-31,25441.0,25621.0,25413.0,25501.0,9764364.0
2017-06-01,25479.0,25543.0,25359.0,25429.0,10363522.0
2017-06-02,25531.0,25771.0,25526.0,25742.0,13210851.0
2017-06-05,25781.0,25823.0,25678.0,25702.0,6819891.0
2017-06-07,25682.0,25733.0,25551.0,25551.0,8087025.0
2017-06-08,25579.0,25689.0,25441.0,25678.0,6954496.0
2017-06-09,25699.0,25934.0,25699.0,25871.0,6862171.0
2017-06-12,25707.0,25785.0,25579.0,25621.0,10802373.0
2017-06-13,25624.0,25798.0,25624.0,25762.0,8871292.0
2017-06-14,25857.0,25937.0,25689.0,25757.0,5701285.0
2017-06-15,25737.0,25833.0,25517.0,25654.0,7586461.0
2017-06-16,25663.0,25720.0,25604.0,25663.0,7399305.0
2017-06-19,25654.0,25871.0,25612.0,25803.0,8208018.0
2017-06-20,25931.0,25953.0,25828.0,25881.0,12522154.0
2017-06-21,25744.0,25771.0,25621.0,25716.0,12616660.0
2017-06-22,25793.0,25890.0,25720.0,25890.0,7911501.0
2017-06-23,25885.0,25994.0,25857.0,25950.0,12653624.0
2017-06-26,25974.0,26114.0,25962.0,26093.0,11495669.0
2017-06-27,26042.0,26172.0,26034.0,26100.0,12279490.0
2017-06-28,25985.0,26096.0,25976.0,26018.0,7769822.0
2017-06-29,26157.0,26286.0,26157.0,26198.0,7299480.0
2017-06-30,26030.0,26118.0,26004.0,26118.0,11661588.0
2017-07-03,26176.0,26205.0,26063.0,26176.0,7218806.0
2017-07-04,26183.0,26209.0,25981.0,26014.0,9446866.0
2017-07-05,25950.0,26146.0,25940.0,26114.0,6566856.0
2017-07-06,26176.0,26176.0,26046.0,26118.0,7310117.0
2017-07-07,26014.0,26085.0,25940.0,26014.0,6215690.0
2017-07-10,26096.0,26172.0,26030.0,26100.0,4959833.0
2017-07-11,26136.0,26265.0,26096.0,26247.0,5697186.0
2017-07-12,26247.0,26309.0,26222.0,26242.0,11181435.0
2017-07-13,26393.0,26665.0,26384.0,26525.0,14778216.0
2017-07-14,26574.0,26643.0,26543.0,26564.0,12756334.0
2017-07-17,26731.0,26759.0,26625.0,26677.0,7345941.0
2017-07-18,26665.0,26685.0,26613.0,26670.0,7590211.0
2017-07-19,26714.0,26728.0,26606.0,26701.0,6419634.0
2017-07-20,26771.0,26876.0,26706.0,26838.0,6053537.0
2017-07-21,26807.0,26966.0,26807.0,26954.0,6469649.0
2017-07-24,26954.0,26954.0,26884.0,26945.0,3831333.0
2017-07-25,26954.0,26971.0,26791.0,26807.0,5854132.0
2017-07-26,26859.0,26868.0,26701.0,26748.0,3442853.0
2017-07-27,26833.0,26919.0,26766.0,26833.0,4043358.0
2017-07-28,26743.0,26743.0,26289.0,26311.0,11774869.0
2017-07-31,26196.0,26356.0,26181.0,26311.0,12972149.0
2017-08-01,26258.0,26684.0,26225.0,26547.0,9841942.0
2017-08-02,26633.0,26688.0,26583.0,26616.0,6011231.0
2017-08-03,26532.0,26547.0,25972.0,26148.0,8166753.0
2017-08-04,26211.0,26321.0,26129.0,26284.0,7432644.0
2017-08-07,26308.0,26439.0,26258.0,26300.0,7260307.0
2017-08-08,26356.0,26434.0,26107.0,26258.0,8216828.0
2017-08-09,26055.0,26143.0,25890.0,25928.0,8733733.0
2017-08-10,25842.0,25942.0,25616.0,25807.0,8643975.0
2017-08-11,25441.0,25531.0,25273.0,25333.0,7497341.0
2017-08-14,25517.0,25600.0,25450.0,25561.0,5609064.0
2017-08-16,25790.0,25847.0,25679.0,25712.0,5079653.0
2017-08-17,25763.0,25917.0,25703.0,25859.0,8894316.0
2017-08-18,25650.0,25862.0,25628.0,25838.0,7919218.0
2017-08-21,25908.0,25908.0,25750.0,25807.0,7598476.0
2017-08-22,25859.0,25950.0,25842.0,25894.0,4891060.0
2017-08-23,26060.0,26070.0,25867.0,25913.0,7935204.0
2017-08-24,25936.0,26098.0,25936.0,26031.0,6083295.0
2017-08-25,26087.0,26143.0,25992.0,26047.0,5681284.0
2017-08-28,26031.0,26102.0,25877.0,25899.0,4190805.0
2017-08-29,25758.0,25833.0,25471.0,25833.0,8968671.0
2017-08-30,25882.0,25928.0,25824.0,25928.0,5092843.0
2017-08-31,25947.0,25975.0,25712.0,25767.0,8268569.0
2017-09-01,25858.0,25890.0,25676.0,25767.0,9443843.0
2017-09-04,25378.0,25655.0,25378.0,25479.0,7462926.0
2017-09-05,25579.0,25584.0,25393.0,25455.0,6900756.0
2017-09-06,25408.0,25446.0,25330.0,25401.0,10171699.0
2017-09-07,25489.0,25743.0,25468.0,25717.0,11568802.0
2017-09-08,25758.0,25781.0,25679.0,25734.0,7294687.0
2017-09-11,25855.0,26070.0,25851.0,25968.0,7188432.0
2017-09-12,26087.0,26091.0,25936.0,25987.0,5376018.0
2017-09-13,26035.0,26148.0,25932.0,26001.0,5289439.0
2017-09-14,26006.0,26102.0,25950.0,26102.0,5982718.0
2017-09-15,26087.0,26254.0,26031.0,26250.0,5985370.0
2017-09-18,26274.0,26692.0,26274.0,26673.0,8952418.0
2017-09-19,26692.0,26728.0,26642.0,26660.0,8027893.0
2017-09-20,26714.0,26843.0,26563.0,26642.0,9637074.0
2017-09-21,26616.0,26706.0,26578.0,26664.0,7317658.0
2017-09-22,26638.0,26728.0,26422.0,26492.0,9403190.0
2017-09-25,26519.0,26552.0,26409.0,26464.0,4563283.0
2017-09-26,26379.0,26431.0,26279.0,26332.0,8084023.0
2017-09-27,26356.0,26356.0,26250.0,26279.0,5392288.0
2017-09-28,26311.0,26387.0,26229.0,26308.0,11823277.0
2017-09-29,26321.0,26511.0,26321.0,26511.0,11273709.0
2017-10-10,26919.0,27142.0,26850.0,26996.0,13590791.0
2017-10-11,27104.0,27286.0,27091.0,27276.0,20133170.0
2017-10-12,27324.0,27462.0,27300.0,27455.0,11030191.0
2017-10-13,27441.0,27496.0,27379.0,27420.0,6736772.0
2017-10-16,27487.0,27571.0,27399.0,27446.0,6736903.0
2017-10-17,27459.0,27550.0,27446.0,27505.0,14656990.0
2017-10-18,27469.0,27576.0,27423.0,27487.0,6325395.0
2017-10-19,27559.0,27589.0,27330.0,27379.0,11261238.0
2017-10-20,27389.0,27526.0,27379.0,27526.0,7304852.0
2017-10-23,27635.0,27657.0,27522.0,27610.0,23102869.0
2017-10-24,27606.0,27645.0,27559.0,27559.0,10180380.0
2017-10-25,27589.0,27642.0,27474.0,27581.0,10229361.0
2017-10-26,27589.0,27602.0,27393.0,27393.0,3343490.0
2017-10-27,27407.0,27619.0,27379.0,27581.0,4109295.0
2017-10-30,27733.0,27760.0,27625.0,27661.0,9196001.0
2017-10-31,27665.0,28009.0,27625.0,27939.0,21032959.0
2017-11-01,28184.0,28400.0,28107.0,28400.0,17070269.0
2017-11-02,28411.0,28428.0,28237.0,28301.0,13449099.0
2017-11-03,28386.0,28428.0,28171.0,28361.0,9347975.0
2017-11-06,28361.0,28386.0,28031.0,28251.0,10317912.0
2017-11-07,28237.0,28350.0,28179.0,28221.0,9693189.0
2017-11-08,28099.0,28404.0,28063.0,28305.0,17029411.0
2017-11-09,28361.0,28377.0,28083.0,28225.0,11384029.0
2017-11-10,28063.0,28206.0,28038.0,28151.0,10234023.0
2017-11-13,28161.0,28263.0,27976.0,28000.0,6854731.0
2017-11-14,28021.0,28046.0,27932.0,27980.0,7186452.0
2017-11-15,27951.0,27951.0,27778.0,27812.0,6897696.0
2017-11-16,27880.0,28042.0,27816.0,27987.0,9506531.0
2017-11-17,28133.0,28324.0,27980.0,27980.0,18846232.0
2017-11-20,28031.0,28083.0,27833.0,27862.0,18580521.0
2017-11-21,27968.0,28046.0,27880.0,27923.0,10880627.0
2017-11-22,28129.0,28241.0,28031.0,28095.0,15306563.0
2017-11-23,28138.0,28143.0,27996.0,28042.0,8936989.0
2017-11-24,28054.0,28103.0,27968.0,28103.0,9820411.0
2017-11-27,28125.0,28133.0,27597.0,27625.0,9498710.0
2017-11-28,27630.0,27774.0,27541.0,27701.0,10899467.0
2017-11-29,27741.0,27841.0,27661.0,27686.0,5448853.0
2017-11-30,27509.0,27606.0,27208.0,27237.0,8947664.0
2017-12-01,27316.0,27357.0,27177.0,27227.0,8804469.0
2017-12-04,27345.0,27517.0,27217.0,27517.0,8377852.0
2017-12-05,27374.0,27657.0,27328.0,27594.0,8178559.0
2017-12-06,27610.0,27610.0,27196.0,27196.0,10209477.0
2017-12-07,27270.0,27281.0,27017.0,27113.0,11728237.0
2017-12-08,27208.0,27265.0,27098.0,27192.0,12044152.0
2017-12-11,27232.0,27258.0,27103.0,27227.0,9793737.0
2017-12-12,27222.0,27250.0,27082.0,27138.0,10775678.0
2017-12-13,27191.0,27364.0,27090.0,27349.0,8483437.0
2017-12-14,27407.0,27750.0,27379.0,27379.0,8647646.0
2017-12-15,27474.0,27538.0,27276.0,27330.0,9699984.0
2017-12-18,27357.0,27407.0,27291.0,27364.0,6148184.0
2017-12-19,27469.0,27606.0,27303.0,27374.0,6840199.0
2017-12-20,27328.0,27436.0,27291.0,27300.0,8823166.0
2017-12-21,27232.0,27281.0,26766.0,26766.0,9749839.0
2017-12-22,26842.0,26960.0,26775.0,26897.0,9658389.0
2017-12-26,26956.0,27121.0,26785.0,26785.0,8657434.0
2017-12-27,26879.0,27103.0,26824.0,27103.0,14409310.0
2017-12-28,27117.0,27469.0,27113.0,27441.0,8609222.0
2018-01-02,27550.0,27630.0,27462.0,27564.0,5250509.0
2018-01-03,27681.0,27769.0,27619.0,27677.0,7589368.0
2018-01-04,27844.0,27858.0,27459.0,27462.0,9330261.0
2018-01-05,27538.0,27836.0,27538.0,27836.0,8500866.0
2018-01-08,27951.0,28068.0,27798.0,28021.0,8398007.0
2018-01-09,27942.0,28147.0,27794.0,27911.0,8342314.0
2018-01-10,27987.0,28000.0,27696.0,27728.0,11033882.0
2018-01-11,27716.0,27760.0,27530.0,27589.0,5037953.0
2018-01-12,27649.0,27709.0,27450.0,27639.0,5695030.0
2018-01-15,27781.0,27841.0,27621.0,27701.0,8909919.0
2018-01-16,27705.0,27973.0,27645.0,27918.0,6507968.0
2018-01-17,27862.0,27936.0,27774.0,27853.0,7192308.0
2018-01-18,28009.0,28087.0,27824.0,27876.0,10112873.0
2018-01-19,27903.0,27968.0,27841.0,27895.0,6130058.0
2018-01-22,27872.0,27872.0,27482.0,27610.0,5380667.0
2018-01-23,27728.0,27980.0,27696.0,27980.0,12560190.0
2018-01-24,27973.0,28147.0,27955.0,28026.0,9481111.0
2018-01-25,27973.0,28296.0,27973.0,28246.0,11478203.0
2018-01-26,28241.0,28356.0,28179.0,28356.0,8089927.0
2018-01-29,28506.0,28707.0,28499.0,28551.0,13240201.0
2018-01-30,28530.0,28587.0,28197.0,28197.0,18989138.0
2018-01-31,28099.0,28631.0,28099.0,28216.0,21582245.0
2018-02-01,28332.0,28382.0,28171.0,28225.0,5208963.0
2018-02-02,28154.0,28179.0,27630.0,27677.0,14211168.0
2018-02-05,27330.0,27465.0,27172.0,27389.0,17987732.0
2018-02-06,26824.0,27046.0,26502.0,26999.0,19993487.0
2018-02-07,27246.0,27254.0,26310.0,26315.0,11718883.0
2018-02-08,26324.0,26623.0,26253.0,26536.0,13474829.0
2018-02-09,26235.0,26288.0,25702.0,25836.0,18123675.0
2018-02-12,25953.0,26235.0,25857.0,26123.0,17008371.0
2018-02-13,26304.0,26623.0,26199.0,26324.0,10991719.0
2018-02-14,26491.0,26734.0,26486.0,26668.0,6336477.0
2018-02-19,27030.0,27037.0,26645.0,26801.0,11959733.0
2018-02-20,26722.0,26734.0,26442.0,26495.0,5975523.0
2018-02-21,26514.0,26680.0,26329.0,26632.0,11375777.0
2018-02-22,26464.0,26541.0,26355.0,26456.0,7016297.0
2018-02-23,26562.0,26872.0,26562.0,26872.0,15536159.0
2018-02-26,26995.0,27008.0,26801.0,26918.0,7420386.0
2018-02-27,27061.0,27182.0,26832.0,26832.0,6927075.0
2018-02-28,26742.0,26872.0,26495.0,26527.0,8117401.0
2018-03-02,26283.0,26291.0,25999.0,26157.0,8365670.0
2018-03-05,26118.0,26164.0,25805.0,25814.0,11595810.0
2018-03-06,26042.0,26341.0,26021.0,26331.0,10146432.0
2018-03-07,26438.0,26620.0,26199.0,26368.0,6746462.0
2018-03-08,26559.0,26632.0,26386.0,26632.0,8266813.0
2018-03-09,26762.0,27151.0,26668.0,26940.0,9317691.0
2018-03-12,27191.0,27261.0,27061.0,27177.0,7000993.0
2018-03-13,27172.0,27303.0,27121.0,27303.0,5626075.0
2018-03-14,27113.0,27286.0,27113.0,27281.0,5255020.0
2018-03-15,27307.0,27399.0,27090.0,27379.0,6162512.0
2018-03-16,27352.0,27389.0,27134.0,27328.0,6370857.0
2018-03-19,27281.0,27328.0,27082.0,27134.0,7905135.0
2018-03-20,26982.0,27261.0,26930.0,27261.0,7271554.0
2018-03-21,27261.0,27345.0,27222.0,27265.0,5376547.0
2018-03-22,27291.0,27514.0,27261.0,27369.0,10367443.0
2018-03-23,26806.0,26872.0,26399.0,26456.0,11267598.0
2018-03-26,26390.0,26687.0,26257.0,26687.0,13866325.0
2018-03-27,26879.0,26897.0,26742.0,26798.0,10496303.0
2018-03-28,26514.0,26527.0,26315.0,26467.0,10720840.0
2018-03-29,26498.0,26742.0,26413.0,26687.0,14548751.0
2018-03-30,26883.0,26953.0,26754.0,26754.0,9814798.0
2018-04-02,26806.0,26960.0,26676.0,26691.0,6135308.0
2018-04-03,26442.0,26637.0,26374.0,26637.0,13583663.0
2018-04-04,26672.0,26683.0,26207.0,26228.0,6788844.0
2018-04-05,26413.0,26722.0,26386.0,26591.0,8631536.0
2018-04-06,26399.0,26536.0,26324.0,26460.0,7269130.0
2018-04-09,26438.0,26683.0,26421.0,26645.0,4904053.0
2018-04-10,26546.0,26751.0,26329.0,26672.0,6636308.0
2018-04-11,26691.0,26782.0,26569.0,26587.0,14563072.0
2018-04-12,26680.0,26742.0,26582.0,26582.0,11810881.0
2018-04-13,26680.0,26801.0,26632.0,26758.0,7792465.0
2018-04-16,26897.0,26918.0,26710.0,26779.0,7257611.0
2018-04-17,26806.0,26883.0,26695.0,26742.0,7622872.0
2018-04-18,26918.0,27134.0,26902.0,27041.0,6712606.0
2018-04-19,27121.0,27246.0,27082.0,27191.0,6424370.0
2018-04-20,27061.0,27130.0,26982.0,27012.0,5428165.0
2018-04-23,26948.0,27046.0,26910.0,26995.0,7749405.0
2018-04-24,27041.0,27048.0,26730.0,26842.0,6094488.0
2018-04-25,26655.0,26710.0,26541.0,26672.0,3617321.0
2018-04-26,26762.0,27113.0,26747.0,27008.0,2917242.0
2018-04-27,27276.0,27443.0,27162.0,27253.0,8814949.0
2018-04-30,27331.0,27433.0,27296.0,27429.0,5044425.0
2018-05-02,27331.0,27390.0,27194.0,27236.0,9197761.0
2018-05-03,27148.0,27231.0,27053.0,27144.0,3085818.0
2018-05-04,27123.0,27190.0,26925.0,26925.0,8729212.0
2018-05-08,27053.0,27114.0,26763.0,26799.0,9010899.0
2018-05-09,26803.0,26851.0,26564.0,26714.0,6601278.0
2018-05-10,26856.0,26947.0,26791.0,26895.0,5432818.0
2018-05-11,27017.0,27162.0,27012.0,27062.0,8117088.0
2018-05-14,27132.0,27153.0,26969.0,27008.0,6627230.0
2018-05-15,26991.0,27046.0,26727.0,26759.0,6446601.0
2018-05-16,26671.0,26917.0,26644.0,26843.0,7385819.0
2018-05-17,26925.0,27021.0,26738.0,26748.0,4895623.0
2018-05-18,26796.0,26843.0,26748.0,26830.0,4250545.0
2018-05-21,26890.0,26959.0,26649.0,26875.0,5557878.0
2018-05-23,26861.0,27079.0,26839.0,27057.0,8178591.0
2018-05-24,27114.0,27127.0,26900.0,26974.0,8243838.0
2018-05-25,26846.0,27082.0,26839.0,27017.0,7818131.0
2018-05-28,27132.0,27166.0,27072.0,27132.0,6307893.0
2018-05-29,27091.0,27132.0,26875.0,26878.0,5260061.0
2018-05-30,26763.0,26771.0,26153.0,26306.0,15514564.0
2018-05-31,26430.0,26468.0,26306.0,26413.0,20853865.0
2018-06-01,26430.0,26671.0,26323.0,26571.0,11406810.0
2018-06-04,26613.0,26780.0,26580.0,26714.0,10547606.0
2018-06-05,26727.0,26786.0,26560.0,26771.0,11021643.0
2018-06-07,26900.0,27100.0,26900.0,27008.0,8989201.0
2018-06-08,26964.0,26969.0,26722.0,26743.0,6445369.0
2018-06-11,26786.0,26991.0,26727.0,26979.0,3502094.0
2018-06-12,27034.0,27091.0,26904.0,26943.0,2746673.0
2018-06-14,26763.0,26771.0,26421.0,26449.0,6094673.0
2018-06-15,26507.0,26538.0,26318.0,26318.0,9720821.0
2018-06-18,26309.0,26313.0,25881.0,26002.0,11358415.0
2018-06-19,25947.0,26016.0,25594.0,25668.0,9095836.0
2018-06-20,25747.0,26007.0,25683.0,25854.0,8670525.0
2018-06-21,25832.0,25932.0,25611.0,25628.0,9586743.0
2018-06-22,25394.0,25827.0,25390.0,25827.0,10392603.0
2018-06-25,25755.0,25871.0,25562.0,25814.0,15659000.0
2018-06-26,25578.0,25840.0,25476.0,25783.0,8881154.0
2018-06-27,25709.0,25854.0,25672.0,25686.0,12457161.0
2018-06-28,25607.0,25664.0,25394.0,25461.0,9364872.0
2018-06-29,25490.0,25578.0,25216.0,25516.0,16056141.0
2018-07-02,25472.0,25546.0,24944.0,24944.0,10723511.0
2018-07-03,25089.0,25135.0,24796.0,24978.0,11099775.0
2018-07-04,24992.0,25105.0,24886.0,24908.0,7894331.0
2018-07-05,24908.0,25022.0,24704.0,24848.0,8893387.0
2018-07-06,24840.0,25144.0,24736.0,25025.0,10107647.0
2018-07-09,25017.0,25292.0,24944.0,25211.0,9444364.0
2018-07-10,25315.0,25399.0,25228.0,25247.0,5538779.0
2018-07-11,25066.0,25168.0,24863.0,25105.0,11533737.0
2018-07-12,25152.0,25307.0,25053.0,25181.0,8252063.0
2018-07-13,25216.0,25513.0,25206.0,25430.0,8972686.0
2018-07-16,25457.0,25520.0,25330.0,25354.0,8802435.0
2018-07-17,25359.0,25414.0,25202.0,25325.0,8154610.0
2018-07-18,25457.0,25574.0,25232.0,25264.0,8486560.0
2018-07-19,25354.0,25399.0,25181.0,25194.0,7925396.0
2018-07-20,25220.0,25359.0,25066.0,25320.0,9559650.0
2018-07-23,25307.0,25315.0,25076.0,25117.0,8175546.0
2018-07-24,25163.0,25237.0,25025.0,25191.0,2876137.0
2018-07-25,25247.0,25344.0,25117.0,25148.0,6846876.0
2018-07-26,25287.0,25421.0,25183.0,25315.0,2918234.0
2018-07-27,25349.0,25394.0,25266.0,25394.0,1861656.0
2018-07-30,25325.0,25406.0,25228.0,25333.0,6135201.0
2018-07-31,25340.0,25378.0,25260.0,25368.0,6032240.0
2018-08-01,25418.0,25562.0,25402.0,25457.0,6359556.0
2018-08-02,25452.0,25452.0,24972.0,24997.0,6377876.0
2018-08-03,25078.0,25206.0,25006.0,25193.0,6569656.0
2018-08-06,25216.0,25349.0,25158.0,25158.0,9371768.0
2018-08-07,25202.0,25337.0,25097.0,25330.0,6978687.0
2018-08-08,25394.0,25438.0,25312.0,25333.0,6266778.0
2018-08-09,25333.0,25364.0,25211.0,25320.0,5611989.0
2018-08-10,25266.0,25266.0,24991.0,25044.0,6250785.0
2018-08-13,24867.0,24907.0,24582.0,24710.0,7852974.0
2018-08-14,24723.0,24867.0,24710.0,24823.0,5767439.0
2018-08-16,24520.0,24656.0,24359.0,24578.0,7058664.0
2018-08-17,24591.0,24666.0,24536.0,24587.0,5470878.0
2018-08-20,24695.0,24809.0,24578.0,24610.0,5791751.0
2018-08-21,24605.0,24911.0,24554.0,24877.0,5516324.0
2018-08-22,24903.0,25039.0,24863.0,24964.0,11820699.0
2018-08-23,25088.0,25092.0,24937.0,25070.0,5456657.0
2018-08-24,25024.0,25220.0,24941.0,25167.0,4131928.0
2018-08-27,25260.0,25337.0,25175.0,25292.0,4450366.0
2018-08-28,25414.0,25476.0,25302.0,25312.0,7452452.0
2018-08-29,25344.0,25418.0,25302.0,25386.0,4034717.0
2018-08-30,25421.0,25554.0,25337.0,25399.0,8090611.0
2018-08-31,25283.0,25513.0,25237.0,25498.0,5110988.0
2018-09-03,25486.0,25486.0,25315.0,25349.0,6619644.0
2018-09-04,25359.0,25486.0,25307.0,25461.0,6566161.0
2018-09-05,25378.0,25425.0,25097.0,25134.0,6596952.0
2018-09-06,25075.0,25206.0,25034.0,25097.0,7262880.0
2018-09-07,24907.0,25049.0,24782.0,24952.0,5906480.0
2018-09-10,24944.0,25065.0,24919.0,25006.0,5476655.0
2018-09-11,24991.0,25116.0,24849.0,24928.0,4787566.0
2018-09-12,24952.0,24991.0,24785.0,24903.0,7048107.0
2018-09-13,24919.0,25002.0,24877.0,24937.0,3831417.0
2018-09-14,25101.0,25364.0,25101.0,25333.0,6208275.0
2018-09-17,25256.0,25266.0,25061.0,25134.0,6623526.0
2018-09-18,24964.0,25266.0,24952.0,25242.0,6985691.0
2018-09-19,25364.0,25364.0,25167.0,25264.0,7058051.0
2018-09-20,25349.0,25595.0,25315.0,25503.0,6107451.0
2018-09-21,25574.0,25604.0,25476.0,25604.0,9261197.0
2018-09-27,25554.0,25850.0,25546.0,25802.0,4528683.0
2018-09-28,25837.0,25837.0,25625.0,25637.0,7055817.0
2018-10-01,25680.0,25756.0,25542.0,25632.0,4963377.0
2018-10-02,25612.0,25684.0,25307.0,25325.0,5122928.0
2018-10-04,25359.0,25359.0,24885.0,24933.0,8195237.0
2018-10-05,24894.0,24986.0,24727.0,24894.0,8874929.0
2018-10-08,24778.0,24964.0,24761.0,24768.0,5326559.0
2018-10-10,24814.0,24826.0,24525.0,24610.0,7213132.0
2018-10-11,23995.0,24150.0,23569.0,23591.0,13163486.0
2018-10-12,23578.0,24011.0,23547.0,23821.0,18611458.0
2018-10-15,23755.0,23813.0,23625.0,23689.0,4644504.0
2018-10-16,23791.0,23868.0,23596.0,23625.0,3815304.0
2018-10-17,23914.0,24076.0,23840.0,23933.0,4723933.0
2018-10-18,23844.0,23918.0,23697.0,23720.0,5598019.0
2018-10-19,23540.0,23844.0,23406.0,23813.0,4903287.0
2018-10-22,23646.0,23914.0,23591.0,23858.0,3794172.0
2018-10-23,23689.0,23715.0,23152.0,23304.0,8853392.0
2018-10-24,23430.0,23453.0,23148.0,23187.0,12662134.0
2018-10-25,22706.0,22829.0,22489.0,22815.0,12223696.0
2018-10-26,22844.0,22848.0,22255.0,22456.0,8615299.0
2018-10-29,22536.0,22683.0,22234.0,22270.0,5548975.0
2018-10-30,22247.0,22632.0,22167.0,22426.0,8384582.0
2018-10-31,22490.0,22560.0,22304.0,22528.0,6451421.0
2018-11-01,22568.0,22812.0,22435.0,22435.0,5360831.0
2018-11-02,22725.0,23300.0,22688.0,23282.0,6721046.0
2018-11-05,23181.0,23181.0,22756.0,23029.0,7260516.0
2018-11-06,23150.0,23226.0,22937.0,23190.0,6644359.0
2018-11-07,23185.0,23400.0,23016.0,23071.0,7007926.0
2018-11-08,23442.0,23587.0,23266.0,23266.0,6513378.0
2018-11-09,23262.0,23348.0,23115.0,23127.0,8824031.0
2018-11-12,22956.0,23234.0,22920.0,23185.0,4429207.0
2018-11-13,22836.0,23049.0,22619.0,23011.0,8485546.0
2018-11-14,23033.0,23058.0,22889.0,22952.0,5379585.0
2018-11-15,22929.0,23200.0,22848.0,23181.0,7598220.0
2018-11-16,23278.0,23335.0,23134.0,23163.0,5154076.0
2018-11-19,23204.0,23395.0,23134.0,23244.0,4892310.0
2018-11-20,22998.0,23127.0,22952.0,23016.0,8642696.0
2018-11-21,22719.0,22932.0,22652.0,22903.0,6202100.0
2018-11-22,22912.0,22985.0,22836.0,22878.0,6179257.0
2018-11-23,22869.0,22932.0,22637.0,22729.0,5396235.0
2018-11-26,22791.0,23062.0,22769.0,23040.0,6583264.0
2018-11-27,23123.0,23266.0,22993.0,23216.0,6376820.0
2018-11-28,23300.0,23368.0,23181.0,23359.0,5415625.0
2018-11-29,23680.0,23715.0,23352.0,23405.0,4191208.0
2018-11-30,23462.0,23506.0,23134.0,23185.0,6005582.0
2018-12-03,23518.0,23651.0,23368.0,23591.0,6170234.0
2018-12-04,23497.0,23528.0,23209.0,23325.0,8499508.0
2018-12-05,23025.0,23270.0,23025.0,23185.0,11011865.0
2018-12-06,23071.0,23080.0,22795.0,22841.0,10016788.0
2018-12-07,22937.0,23025.0,22817.0,22915.0,8699322.0
2018-12-10,22610.0,22742.0,22537.0,22703.0,12989840.0
2018-12-11,22734.0,22756.0,22576.0,22648.0,19742018.0
2018-12-12,22734.0,22985.0,22708.0,22942.0,13733753.0
2018-12-13,22942.0,23176.0,22920.0,23062.0,17472019.0
2018-12-14,23049.0,23058.0,22589.0,22693.0,13501277.0
2018-12-17,22765.0,22848.0,22725.0,22756.0,10660687.0
2018-12-18,22641.0,22799.0,22605.0,22676.0,7456330.0
2018-12-19,22734.0,22864.0,22688.0,22826.0,10290930.0
2018-12-20,22693.0,22746.0,22495.0,22627.0,11057170.0
2018-12-21,22576.0,22652.0,22510.0,22605.0,10973665.0
2018-12-24,22568.0,22627.0,22479.0,22614.0,15884187.0
2018-12-26,22341.0,22449.0,22186.0,22318.0,7663835.0
2018-12-27,22623.0,22698.0,22542.0,22595.0,9694826.0
2018-12-28,22652.0,22791.0,22652.0,22688.0,4842607.0
2019-01-02,22859.0,22894.0,22350.0,22426.0,5354649.0
2019-01-03,22421.0,22449.0,22182.0,22210.0,6307733.0
2019-01-04,22201.0,22408.0,22141.0,22377.0,11479781.0
2019-01-07,22660.0,22864.0,22648.0,22698.0,6364450.0
2019-01-08,22708.0,22774.0,22537.0,22552.0,5214861.0
2019-01-09,22645.0,23089.0,22645.0,23016.0,5877190.0
2019-01-10,23038.0,23143.0,22947.0,23006.0,6615498.0
2019-01-11,23107.0,23212.0,23029.0,23147.0,5642977.0
2019-01-14,23103.0,23127.0,22924.0,22947.0,3959739.0
2019-01-15,23033.0,23422.0,23021.0,23409.0,5297762.0
2019-01-16,23400.0,23510.0,23330.0,23510.0,7366026.0
2019-01-17,23560.0,23665.0,23478.0,23560.0,5410517.0
2019-01-18,23693.0,23760.0,23636.0,23739.0,6325001.0
2019-01-21,23898.0,23901.0,23616.0,23751.0,6413103.0
2019-01-22,23775.0,23814.0,23547.0,23632.0,5747252.0
2019-01-23,23543.0,23822.0,23532.0,23770.0,4487587.0
2019-01-24,23755.0,23966.0,23727.0,23966.0,6429094.0
2019-01-25,24040.0,24418.0,24008.0,24400.0,7962092.0
2019-01-28,24448.0,24557.0,24310.0,24386.0,8344681.0
2019-01-29,24351.0,24506.0,24236.0,24506.0,6064882.0
2019-01-30,24491.0,24803.0,24465.0,24803.0,9371785.0
2019-01-31,25039.0,25049.0,24772.0,24777.0,8164084.0
2019-02-01,24862.0,24982.0,24718.0,24752.0,8788152.0
2019-02-07,24893.0,24923.0,24685.0,24752.0,6038480.0
2019-02-08,24621.0,24634.0,24356.0,24400.0,6998513.0
2019-02-11,24405.0,24444.0,24289.0,24444.0,7706484.0
2019-02-12,24448.0,24638.0,24405.0,24577.0,10725048.0
2019-02-13,24690.0,24731.0,24621.0,24702.0,4546074.0
2019-02-14,24626.0,24941.0,24509.0,24941.0,5523536.0
2019-02-15,24834.0,24834.0,24509.0,24612.0,4672847.0
2019-02-18,24733.0,24876.0,24685.0,24789.0,5967346.0
2019-02-19,24743.0,24798.0,24534.0,24678.0,5392888.0
2019-02-20,24841.0,25057.0,24781.0,24959.0,7341549.0
2019-02-21,24876.0,25061.0,24772.0,24959.0,5479065.0
2019-02-22,24915.0,24972.0,24834.0,24972.0,2844932.0
2019-02-25,25116.0,25155.0,24933.0,25024.0,4906347.0
2019-02-26,25011.0,25044.0,24879.0,24933.0,8162186.0
2019-02-27,25016.0,25075.0,24959.0,25011.0,3974173.0
2019-02-28,24972.0,25011.0,24589.0,24589.0,6449080.0
2019-03-04,24760.0,24852.0,24465.0,24469.0,5888929.0
2019-03-05,24390.0,24418.0,24224.0,24302.0,5655763.0
2019-03-06,24284.0,24284.0,24176.0,24231.0,5616292.0
2019-03-07,24214.0,24348.0,24069.0,24157.0,9685463.0
2019-03-08,24050.0,24085.0,23830.0,23830.0,8270663.0
2019-03-11,23859.0,23929.0,23760.0,23845.0,18761693.0
2019-03-12,24012.0,24142.0,24012.0,24090.0,10400333.0
2019-03-13,24017.0,24022.0,23747.0,23914.0,13012142.0
2019-03-14,23991.0,24069.0,23836.0,23978.0,5399771.0
2019-03-15,23954.0,24344.0,23950.0,24259.0,6573211.0
2019-03-18,24310.0,24351.0,24219.0,24280.0,12199457.0
2019-03-19,24306.0,24326.0,24171.0,24255.0,6221721.0
2019-03-20,24190.0,24289.0,23975.0,24284.0,12357529.0
2019-03-21,24331.0,24660.0,24331.0,24448.0,13206319.0
2019-03-22,24573.0,24642.0,24456.0,24506.0,9897242.0
2019-03-25,24186.0,24224.0,24031.0,24031.0,5094351.0
2019-03-26,24082.0,24128.0,24017.0,24050.0,7015134.0
2019-03-27,23995.0,24125.0,23840.0,24045.0,6267442.0
2019-03-28,23901.0,24003.0,23805.0,23911.0,5171738.0
2019-03-29,23929.0,24065.0,23869.0,24054.0,7752107.0
2019-04-01,24171.0,24400.0,24171.0,24371.0,5573846.0
2019-04-02,24422.0,24530.0,24414.0,24465.0,6379763.0
2019-04-03,24491.0,24825.0,24436.0,24825.0,5558246.0
2019-04-04,24822.0,25006.0,24781.0,24849.0,8417102.0
2019-04-05,24852.0,24972.0,24839.0,24897.0,5453101.0
2019-04-08,24986.0,25002.0,24767.0,24839.0,7882175.0
2019-04-09,24866.0,25011.0,24785.0,24879.0,6787742.0
2019-04-10,24789.0,25011.0,24777.0,25006.0,7473846.0
2019-04-11,25039.0,25070.0,24862.0,24952.0,6022571.0
2019-04-12,24933.0,25065.0,24822.0,25011.0,7559536.0
2019-04-15,25092.0,25243.0,25092.0,25116.0,9111792.0
2019-04-16,25078.0,25229.0,25078.0,25212.0,5012877.0
2019-04-17,25225.0,25267.0,25167.0,25194.0,16223973.0
2019-04-18,25216.0,25248.0,24760.0,24794.0,6814788.0
2019-04-19,24889.0,24944.0,24794.0,24798.0,4951821.0
2019-04-22,24808.0,24952.0,24698.0,24803.0,4700809.0
2019-04-23,24798.0,24897.0,24756.0,24846.0,10407800.0
2019-04-24,24944.0,24964.0,24465.0,24577.0,7684380.0
2019-04-25,24547.0,24660.0,24476.0,24539.0,2279943.0
2019-04-26,24422.0,24491.0,24275.0,24390.0,3348105.0
2019-04-29,24488.0,24883.0,24440.0,24883.0,4278572.0
2019-04-30,24883.0,24883.0,24525.0,24727.0,12754680.0
2019-05-02,24638.0,24906.0,24569.0,24837.0,3448855.0
2019-05-03,24821.0,24821.0,24573.0,24615.0,4434670.0
2019-05-07,24395.0,24440.0,24186.0,24418.0,6624752.0
2019-05-08,24102.0,24449.0,24092.0,24309.0,5207984.0
2019-05-09,24204.0,24243.0,23563.0,23596.0,10744338.0
2019-05-10,23708.0,23818.0,23413.0,23637.0,10979504.0
2019-05-13,23459.0,23563.0,23317.0,23359.0,6835220.0
2019-05-14,23107.0,23484.0,23085.0,23317.0,14037716.0
2019-05-15,23396.0,23509.0,23210.0,23427.0,8512398.0
2019-05-16,23391.0,23427.0,23043.0,23098.0,12741351.0
2019-05-17,23201.0,23269.0,22910.0,22944.0,6336268.0
2019-05-20,23025.0,23229.0,22959.0,23005.0,4497205.0
2019-05-21,23005.0,23307.0,22979.0,23119.0,9314242.0
2019-05-22,23178.0,23229.0,22910.0,23169.0,5945409.0
2019-05-23,23169.0,23187.0,22967.0,23140.0,4803602.0
2019-05-24,23048.0,23123.0,22853.0,22970.0,5301967.0
2019-05-27,22944.0,23089.0,22860.0,22988.0,4270434.0
2019-05-28,22979.0,23103.0,22879.0,23025.0,5221929.0
2019-05-29,22949.0,22959.0,22606.0,22710.0,6178671.0
2019-05-30,22759.0,22934.0,22737.0,22917.0,6369968.0
2019-05-31,22875.0,23020.0,22724.0,22879.0,9499059.0
2019-06-03,22841.0,23281.0,22773.0,23256.0,4864607.0
2019-06-04,23237.0,23294.0,23156.0,23210.0,7237816.0
2019-06-05,23431.0,23484.0,23206.0,23237.0,5655394.0
2019-06-07,23237.0,23427.0,23098.0,23247.0,4187246.0
2019-06-10,23368.0,23637.0,23312.0,23587.0,4688149.0
2019-06-11,23542.0,23754.0,23521.0,23722.0,1874773.0
2019-06-12,23717.0,23804.0,23616.0,23637.0,2506726.0
2019-06-13,23550.0,23662.0,23281.0,23444.0,6806845.0
2019-06-14,23444.0,23568.0,23317.0,23439.0,5800065.0
2019-06-17,23418.0,23568.0,23363.0,23454.0,3291497.0
2019-06-18,23435.0,23605.0,23418.0,23568.0,4601332.0
2019-06-19,23833.0,23920.0,23790.0,23864.0,4969524.0
2019-06-20,23873.0,23958.0,23825.0,23947.0,6568776.0
2019-06-21,23958.0,23976.0,23833.0,23883.0,5168497.0
2019-06-24,23902.0,24020.0,23890.0,23920.0,4624507.0
2019-06-25,23898.0,24043.0,23790.0,23886.0,7262032.0
2019-06-26,23854.0,23972.0,23836.0,23911.0,10299367.0
2019-06-27,23979.0,24247.0,23935.0,24204.0,8938108.0
2019-06-28,24204.0,24243.0,24085.0,24142.0,6089416.0
2019-07-01,24325.0,24383.0,24111.0,24147.0,6140370.0
2019-07-02,24043.0,24151.0,23907.0,24010.0,6864233.0
2019-07-03,23993.0,24072.0,23670.0,23704.0,5336586.0
2019-07-04,23729.0,23907.0,23678.0,23902.0,6087260.0
2019-07-05,23907.0,23955.0,23722.0,23869.0,5105963.0
2019-07-08,23694.0,23694.0,23363.0,23368.0,5871698.0
2019-07-09,23439.0,23521.0,23321.0,23321.0,6178966.0
2019-07-10,23410.0,23526.0,23406.0,23410.0,4663863.0
2019-07-11,23547.0,23768.0,23521.0,23694.0,4772170.0
2019-07-12,23662.0,23781.0,23616.0,23745.0,3256206.0
2019-07-15,23670.0,23790.0,23591.0,23732.0,2187575.0
2019-07-16,23763.0,23895.0,23699.0,23836.0,4773105.0
2019-07-17,23699.0,23725.0,23542.0,23625.0,4556462.0
2019-07-18,23587.0,23657.0,23487.0,23572.0,5095864.0
2019-07-19,23704.0,23958.0,23704.0,23902.0,5075446.0
2019-07-22,23836.0,23968.0,23809.0,23895.0,4459055.0
2019-07-23,23952.0,24085.0,23911.0,24010.0,4316356.0
2019-07-24,23955.0,24072.0,23754.0,23781.0,4506884.0
2019-07-25,23845.0,23895.0,23616.0,23737.0,5238252.0
2019-07-26,23629.0,23722.0,23572.0,23686.0,2280971.0
2019-07-29,23647.0,23670.0,23281.0,23368.0,3659106.0
2019-07-30,23444.0,23500.0,23382.0,23431.0,6956283.0
2019-07-31,23352.0,23463.0,23115.0,23196.0,5012471.0
2019-08-01,23052.0,23302.0,23039.0,23168.0,4329783.0
2019-08-02,22921.0,22978.0,22794.0,22909.0,7640080.0
2019-08-05,22794.0,23047.0,22376.0,22411.0,17393185.0
2019-08-06,21903.0,22391.0,21850.0,22097.0,13353416.0
2019-08-07,22097.0,22196.0,21880.0,21965.0,7563578.0
2019-08-08,22149.0,22248.0,21982.0,22058.0,6619639.0
2019-08-09,22196.0,22302.0,22167.0,22215.0,5758711.0
2019-08-12,22232.0,22324.0,22164.0,22248.0,5891360.0
2019-08-13,22154.0,22164.0,22009.0,22020.0,5738440.0
2019-08-14,22238.0,22357.0,22164.0,22177.0,8962233.0
2019-08-16,22043.0,22102.0,21893.0,22102.0,5436848.0
2019-08-19,22243.0,22281.0,22149.0,22243.0,4864974.0
2019-08-20,22232.0,22505.0,22201.0,22462.0,5595325.0
2019-08-21,22416.0,22588.0,22403.0,22505.0,7443908.0
2019-08-22,22526.0,22526.0,22302.0,22324.0,5645945.0
2019-08-23,22232.0,22353.0,22206.0,22302.0,5824292.0
2019-08-26,21913.0,22028.0,21855.0,21978.0,4188958.0
2019-08-27,22085.0,22186.0,22000.0,22043.0,3976813.0
2019-08-28,22126.0,22276.0,22080.0,22258.0,3776558.0
2019-08-29,22268.0,22281.0,22085.0,22140.0,5983014.0
2019-08-30,22281.0,22594.0,22281.0,22505.0,5517866.0
2019-09-02,22475.0,22599.0,22450.0,22545.0,6051814.0
2019-09-03,22484.0,22604.0,22411.0,22457.0,6061944.0
2019-09-04,22441.0,22789.0,22416.0,22789.0,4823390.0
2019-09-05,22830.0,23150.0,22816.0,22990.0,6908567.0
2019-09-06,23147.0,23155.0,23039.0,23097.0,7440577.0
2019-09-09,23147.0,23382.0,23139.0,23281.0,4016322.0
2019-09-10,23307.0,23406.0,23265.0,23382.0,4462713.0
2019-09-11,23459.0,23597.0,23449.0,23554.0,4579221.0
2019-09-16,23653.0,23658.0,23463.0,23630.0,4185688.0
2019-09-17,23630.0,23682.0,23550.0,23622.0,6590284.0
2019-09-18,23666.0,23805.0,23587.0,23750.0,4541190.0
2019-09-19,23726.0,24012.0,23726.0,23908.0,5555401.0
2019-09-20,23899.0,24074.0,23865.0,24040.0,5727073.0
2019-09-23,23986.0,24094.0,23981.0,24070.0,4424693.0
2019-09-24,24070.0,24214.0,23986.0,24214.0,5852948.0
2019-09-25,24094.0,24108.0,23855.0,23865.0,6316364.0
2019-09-26,23943.0,24050.0,23796.0,23908.0,5671173.0
2019-09-27,23865.0,23870.0,23587.0,23658.0,3848572.0
2019-09-30,23601.0,23879.0,23554.0,23855.0,4784598.0
2019-10-01,23822.0,24022.0,23796.0,23912.0,2521604.0
2019-10-02,23743.0,23743.0,23406.0,23406.0,5678796.0
2019-10-04,23348.0,23559.0,23307.0,23307.0,6046011.0
2019-10-07,23423.0,23517.0,23286.0,23348.0,4123057.0
2019-10-08,23413.0,23705.0,23401.0,23691.0,4981455.0
2019-10-10,23431.0,23617.0,23210.0,23521.0,7645016.0
2019-10-11,23713.0,23782.0,23606.0,23687.0,6184501.0
2019-10-14,23953.0,24050.0,23912.0,23931.0,5660319.0
2019-10-15,23891.0,23995.0,23891.0,23960.0,4208041.0
2019-10-16,24099.0,24214.0,24017.0,24094.0,5981786.0
2019-10-17,24123.0,24139.0,23974.0,24017.0,5234691.0
2019-10-18,24074.0,24169.0,23759.0,23778.0,6769209.0
2019-10-21,23800.0,23916.0,23800.0,23912.0,4517648.0
2019-10-22,24008.0,24266.0,24003.0,24231.0,6336028.0
2019-10-23,24179.0,24211.0,24031.0,24083.0,5362305.0
2019-10-24,24179.0,24214.0,23943.0,24149.0,6208752.0
2019-10-25,24218.0,24227.0,24062.0,24169.0,5631842.0
2019-10-28,24275.0,24381.0,24214.0,24262.0,4488686.0
2019-10-29,24358.0,24385.0,24169.0,24211.0,6042344.0
2019-10-30,24235.0,24235.0,24007.0,24025.0,10340902.0
2019-10-31,24152.0,24358.0,24074.0,24118.0,9726906.0
2019-11-01,24103.0,24302.0,24050.0,24302.0,7054660.0
2019-11-04,24528.0,24669.0,24440.0,24649.0,5897584.0
2019-11-05,24677.0,24833.0,24645.0,24817.0,6082353.0
2019-11-06,24817.0,24984.0,24770.0,24829.0,11107379.0
2019-11-07,24797.0,24857.0,24709.0,24797.0,6701888.0
2019-11-08,24929.0,24970.0,24690.0,24713.0,5799261.0
2019-11-11,24702.0,24709.0,24477.0,24524.0,7452898.0
2019-11-12,24588.0,24750.0,24510.0,24741.0,6951206.0
2019-11-13,24659.0,24659.0,24477.0,24540.0,5316752.0
2019-11-14,24588.0,24736.0,24536.0,24736.0,5042967.0
2019-11-15,24797.0,25113.0,24732.0,25088.0,6296446.0
2019-11-18,25064.0,25097.0,24974.0,25060.0,5527781.0
2019-11-19,24934.0,24979.0,24770.0,24949.0,4842089.0
2019-11-20,24825.0,24894.0,24619.0,24628.0,6161327.0
2019-11-21,24602.0,24628.0,24202.0,24266.0,7392611.0
2019-11-22,24298.0,24426.0,24289.0,24382.0,5641070.0
2019-11-25,24531.0,24736.0,24528.0,24654.0,5874506.0
2019-11-26,24705.0,24862.0,24659.0,24659.0,5890608.0
2019-11-27,24732.0,24822.0,24564.0,24685.0,5259082.0
2019-11-28,24574.0,24681.0,24514.0,24574.0,4996671.0
2019-11-29,24628.0,24664.0,24135.0,24152.0,5681906.0
2019-12-02,24306.0,24394.0,24211.0,24231.0,6910488.0
2019-12-03,24021.0,24152.0,23907.0,24108.0,4375569.0
2019-12-04,23947.0,23994.0,23825.0,23947.0,5367797.0
2019-12-05,24074.0,24149.0,23790.0,23890.0,6097381.0
2019-12-06,23985.0,24202.0,23985.0,24169.0,8318607.0
2019-12-09,24293.0,24348.0,24197.0,24280.0,8353228.0
2019-12-10,24206.0,24417.0,24179.0,24399.0,6510086.0
2019-12-11,24389.0,24540.0,24327.0,24497.0,6342534.0
2019-12-12,24641.0,24942.0,24602.0,24942.0,7820586.0
2019-12-13,25256.0,25351.0,25211.0,25331.0,8154223.0
2019-12-16,25331.0,25412.0,25303.0,25322.0,5840686.0
2019-12-17,25421.0,25716.0,25385.0,25669.0,11557097.0
2019-12-18,25702.0,25833.0,25604.0,25665.0,7339129.0
2019-12-19,25755.0,25833.0,25574.0,25689.0,7520349.0
2019-12-20,25784.0,25815.0,25661.0,25746.0,8079684.0
2019-12-23,25856.0,25858.0,25673.0,25743.0,7932267.0
2019-12-24,25760.0,25780.0,25558.0,25578.0,6049551.0
2019-12-26,25574.0,25681.0,25491.0,25681.0,4554429.0
2019-12-27,25793.0,26281.0,25751.0,26057.0,6067395.0
2019-12-30,26133.0,26143.0,25965.0,25965.0,8291720.0
2020-01-02,25985.0,26052.0,25643.0,25689.0,5235169.0
2020-01-03,25921.0,26062.0,25553.0,25685.0,8675658.0
2020-01-06,25510.0,25583.0,25438.0,25491.0,6298638.0
2020-01-07,25661.0,25852.0,25600.0,25746.0,6048739.0
2020-01-08,25553.0,25720.0,25417.0,25583.0,6985990.0
2020-01-09,25936.0,26010.0,25843.0,26010.0,4998978.0
2020-01-10,26010.0,26245.0,26005.0,26225.0,11268759.0
2020-01-13,26225.0,26510.0,26207.0,26495.0,5857657.0
2020-01-14,26633.0,26801.0,26599.0,26619.0,6529469.0
2020-01-15,26560.0,26594.0,26422.0,26462.0,5338808.0
2020-01-16,26462.0,26743.0,26434.0,26734.0,7106613.0
2020-01-17,26870.0,27029.0,26738.0,26793.0,13133749.0
2020-01-20,26914.0,27149.0,26901.0,26997.0,6545745.0
2020-01-21,26976.0,27029.0,26664.0,26694.0,6581067.0
2020-01-22,26638.0,27075.0,26624.0,27048.0,6635956.0
2020-01-23,26875.0,26909.0,26673.0,26694.0,6138702.0
2020-01-28,26072.0,26207.0,25751.0,25883.0,8921575.0
2020-01-29,25995.0,26106.0,25843.0,25969.0,3244488.0
2020-01-30,25936.0,25995.0,25411.0,25482.0,9027107.0
2020-01-31,25651.0,25751.0,25210.0,25210.0,7121872.0
2020-02-03,24927.0,25326.0,24805.0,25236.0,8836855.0
2020-02-04,25241.0,25743.0,25219.0,25668.0,17644693.0
2020-02-05,25932.0,25995.0,25660.0,25798.0,9677500.0
2020-02-06,26075.0,26607.0,26035.0,26564.0,8427000.0
2020-02-07,26506.0,26506.0,26176.0,26343.0,6732192.0
2020-02-10,26040.0,26229.0,25932.0,26202.0,5545518.0
2020-02-11,26287.0,26620.0,26287.0,26454.0,8216946.0
2020-02-12,26427.0,26718.0,26353.0,26673.0,7215523.0
2020-02-13,26735.0,26893.0,26538.0,26607.0,8362725.0
2020-02-14,26560.0,26876.0,26435.0,26769.0,8390712.0
2020-02-17,26727.0,26867.0,26612.0,26749.0,5415741.0
2020-02-18,26553.0,26612.0,26287.0,26326.0,9071009.0
2020-02-19,26463.0,26515.0,26129.0,26374.0,8113013.0
2020-02-20,26543.0,26620.0,26080.0,26237.0,6441801.0
2020-02-21,25869.0,26096.0,25803.0,25859.0,9909570.0
2020-02-24,25424.0,25424.0,24869.0,24887.0,14195089.0
2020-02-25,24874.0,25171.0,24761.0,25163.0,14144951.0
2020-02-26,24796.0,24947.0,24616.0,24796.0,11082334.0
2020-02-27,24786.0,24864.0,24453.0,24538.0,14185343.0
2020-02-28,24181.0,24264.0,23700.0,23746.0,23536398.0
2020-03-02,23865.0,24119.0,23562.0,23974.0,15562513.0
2020-03-03,24512.0,24570.0,23965.0,24083.0,10237281.0
2020-03-04,23896.0,24670.0,23896.0,24630.0,6835838.0
2020-03-05,24778.0,24959.0,24566.0,24848.0,8323856.0
2020-03-06,24521.0,24621.0,24232.0,24350.0,10837936.0
2020-03-09,23581.0,23686.0,23166.0,23322.0,15538210.0
2020-03-10,23283.0,23529.0,23141.0,23457.0,24680995.0
2020-03-11,23416.0,23470.0,22660.0,22753.0,20489724.0
2020-03-12,22586.0,22630.0,21572.0,21992.0,29957187.0
2020-03-13,20283.0,21870.0,20138.0,21425.0,36861725.0
2020-03-16,21572.0,21807.0,20585.0,20646.0,43835570.0
2020-03-17,19890.0,20799.0,19735.0,20185.0,51574732.0
2020-03-18,20193.0,20344.0,19072.0,19072.0,30881643.0
2020-03-19,19504.0,19640.0,17416.0,17676.0,64199750.0
2020-03-20,18186.0,19035.0,17801.0,19035.0,43668580.0
2020-03-23,17666.0,18355.0,17630.0,17916.0,24520971.0
2020-03-24,18426.0,19579.0,18160.0,19579.0,20784206.0
2020-03-25,20166.0,20751.0,19893.0,20703.0,38598309.0
2020-03-26,20694.0,21003.0,19985.0,20299.0,18031861.0
2020-03-27,21159.0,21266.0,20096.0,20791.0,19967825.0
2020-03-30,20138.0,20882.0,20012.0,20668.0,17276387.0
2020-03-31,20799.0,21081.0,20646.0,21033.0,12881445.0
2020-04-01,20848.0,21086.0,20047.0,20047.0,20466862.0
2020-04-02,20153.0,20668.0,19872.0,20664.0,16237118.0
2020-04-03,20708.0,20844.0,20361.0,20609.0,16172199.0
2020-04-06,20816.0,21468.0,20795.0,21434.0,14759649.0
2020-04-07,21756.0,22000.0,21393.0,21767.0,14341227.0
2020-04-08,21655.0,21934.0,21449.0,21449.0,15007607.0
2020-04-09,21822.0,21859.0,21558.0,21790.0,21920644.0
2020-04-10,21747.0,22005.0,21680.0,21974.0,13224492.0
2020-04-13,21908.0,21908.0,21590.0,21600.0,31783908.0
2020-04-14,21781.0,22091.0,21707.0,21974.0,20699907.0
2020-04-16,21742.0,22013.0,21615.0,21974.0,11335354.0
2020-04-17,22424.0,22825.0,22401.0,22645.0,15706695.0
2020-04-20,22612.0,22689.0,22309.0,22370.0,11890931.0
2020-04-21,22260.0,22351.0,21756.0,22123.0,21201328.0
2020-04-22,21822.0,22401.0,21707.0,22314.0,22652854.0
2020-04-23,22456.0,22663.0,22318.0,22533.0,18076319.0
2020-04-24,22401.0,22452.0,22095.0,22198.0,6182220.0
2020-04-27,22274.0,22723.0,22240.0,22640.0,6518742.0
2020-04-28,22721.0,22854.0,22496.0,22774.0,9540193.0
2020-04-29,22801.0,23083.0,22732.0,22925.0,10648605.0
2020-05-04,22484.0,22541.0,22200.0,22231.0,17438046.0
2020-05-06,22645.0,22645.0,22308.0,22645.0,10536876.0
2020-05-07,22560.0,22750.0,22480.0,22589.0,8903881.0
2020-05-08,22737.0,22949.0,22737.0,22783.0,6809105.0
2020-05-11,22839.0,22984.0,22589.0,22622.0,6269107.0
2020-05-12,22648.0,22668.0,22263.0,22462.0,13531547.0
2020-05-13,22200.0,22718.0,22169.0,22718.0,9449935.0
2020-05-14,22509.0,22571.0,22346.0,22480.0,7347388.0
2020-05-15,22663.0,22663.0,22365.0,22531.0,8941265.0
2020-05-18,22648.0,22745.0,22453.0,22677.0,9059676.0
2020-05-19,23184.0,23317.0,23106.0,23264.0,6988571.0
2020-05-20,23170.0,23383.0,23152.0,23317.0,8375254.0
2020-05-21,23462.0,23499.0,23352.0,23421.0,7888421.0
2020-05-22,23421.0,23452.0,22921.0,23025.0,9362390.0
2020-05-25,23148.0,23317.0,22984.0,23312.0,8446805.0
2020-05-26,23349.0,23734.0,23335.0,23734.0,9177747.0
2020-05-27,23623.0,23872.0,23579.0,23747.0,10387862.0
2020-05-28,23920.0,24072.0,23540.0,23820.0,12085298.0
2020-05-29,23665.0,23930.0,23547.0,23775.0,8613842.0
2020-06-01,23832.0,24246.0,23832.0,24246.0,8195031.0
2020-06-02,24246.0,24539.0,24189.0,24499.0,9619037.0
2020-06-03,24711.0,25552.0,24711.0,25398.0,9920328.0
2020-06-04,25719.0,25998.0,25339.0,25426.0,14621286.0
2020-06-05,25366.0,25880.0,25287.0,25856.0,13260421.0
2020-06-08,26195.0,26316.0,25727.0,25819.0,13795229.0
2020-06-09,26008.0,26180.0,25561.0,25833.0,8684181.0
2020-06-10,25824.0,26017.0,25719.0,25913.0,6392753.0
2020-06-11,25704.0,25918.0,25208.0,25485.0,11815247.0
2020-06-12,24570.0,25025.0,24479.0,24963.0,15560497.0
2020-06-15,24686.0,24884.0,23709.0,23709.0,21294606.0
2020-06-16,24321.0,25165.0,24292.0,25165.0,14676711.0
2020-06-17,25108.0,25275.0,24682.0,25096.0,13896912.0
2020-06-18,24981.0,25131.0,24824.0,25022.0,9080822.0
2020-06-19,25263.0,25287.0,24691.0,25112.0,11241848.0
2020-06-22,24884.0,25153.0,24849.0,24935.0,7765745.0
2020-06-23,25140.0,25351.0,24757.0,24997.0,14603161.0
2020-06-24,25122.0,25557.0,25112.0,25408.0,10779810.0
2020-06-25,25030.0,25194.0,24768.0,24768.0,17947548.0
2020-06-26,25007.0,25240.0,24866.0,25117.0,19070438.0
2020-06-29,24806.0,25035.0,24623.0,24711.0,12472608.0
2020-06-30,25068.0,25245.0,24925.0,24925.0,9472465.0
2020-07-01,25203.0,25231.0,24866.0,24938.0,7582465.0
2020-07-02,25007.0,25254.0,24990.0,25254.0,5629103.0
2020-07-03,25351.0,25475.0,25217.0,25463.0,6407605.0
2020-07-06,25516.0,25913.0,25475.0,25856.0,9635218.0
2020-07-07,25998.0,26075.0,25526.0,25544.0,8626062.0
2020-07-08,25544.0,25657.0,25398.0,25467.0,8962172.0
2020-07-09,25595.0,25779.0,25561.0,25586.0,8586318.0
2020-07-10,25633.0,25653.0,25222.0,25339.0,8105371.0
2020-07-13,25600.0,25848.0,25508.0,25824.0,6572290.0
2020-07-14,25638.0,25783.0,25536.0,25783.0,7556858.0
2020-07-15,26061.0,26227.0,25908.0,26039.0,8878178.0
2020-07-16,26039.0,26052.0,25678.0,25754.0,8246973.0
2020-07-17,25793.0,25988.0,25788.0,25950.0,7918090.0
2020-07-20,26026.0,26066.0,25719.0,25889.0,6709183.0
2020-07-21,26125.0,26370.0,26096.0,26267.0,8354247.0
2020-07-22,26258.0,26363.0,26125.0,26169.0,8446718.0
2020-07-23,26176.0,26176.0,25838.0,26013.0,8228283.0
2020-07-24,25797.0,26034.0,25754.0,25870.0,5683467.0
2020-07-27,25829.0,26267.0,25815.0,26120.0,6777187.0
2020-07-28,26306.0,26806.0,26306.0,26666.0,7065518.0
2020-07-29,26666.0,26979.0,26643.0,26801.0,8305730.0
2020-07-30,26911.0,27045.0,26829.0,26839.0,6862756.0
2020-07-31,26952.0,27057.0,26580.0,26625.0,7543110.0
2020-08-03,26629.0,26701.0,26455.0,26625.0,6191806.0
2020-08-04,26784.0,27049.0,26781.0,26947.0,7020715.0
2020-08-05,27023.0,27245.0,26928.0,27240.0,7468099.0
2020-08-06,27328.0,27827.0,27328.0,27668.0,10432324.0
2020-08-07,27755.0,27929.0,27547.0,27788.0,8696762.0
2020-08-10,27737.0,28255.0,27706.0,28202.0,9596542.0
2020-08-11,28269.0,28713.0,28214.0,28557.0,9556582.0
2020-08-12,28453.0,28713.0,28231.0,28713.0,9737152.0
2020-08-13,29004.0,29024.0,28401.0,28699.0,10281306.0
2020-08-14,28661.0,28694.0,28144.0,28396.0,10342158.0
2020-08-18,28500.0,28619.0,27722.0,27811.0,8193739.0
2020-08-19,28003.0,28192.0,27876.0,27907.0,8809636.0
2020-08-20,27672.0,27806.0,26788.0,26829.0,10308548.0
2020-08-21,27143.0,27561.0,26959.0,27236.0,9173092.0
2020-08-24,27302.0,27589.0,27009.0,27538.0,10046243.0
2020-08-25,27737.0,27947.0,27615.0,27900.0,9080095.0
2020-08-26,27876.0,28013.0,27547.0,27904.0,8264806.0
2020-08-27,27964.0,28008.0,27651.0,27651.0,7869625.0
2020-08-28,27851.0,28112.0,27644.0,27801.0,7937153.0
2020-08-31,28003.0,28126.0,27349.0,27349.0,9333074.0
2020-09-01,27403.0,27663.0,27354.0,27566.0,8028369.0
2020-09-02,27750.0,27837.0,27433.0,27706.0,8099838.0
2020-09-03,27968.0,28227.0,27951.0,28126.0,9064796.0
2020-09-04,27407.0,27778.0,27392.0,27732.0,8449716.0
2020-09-07,27732.0,27942.0,27628.0,27861.0,10989538.0
2020-09-08,28095.0,28214.0,27977.0,28214.0,12724767.0
2020-09-09,27879.0,28071.0,27820.0,27871.0,10820996.0
2020-09-10,28134.0,28255.0,28049.0,28134.0,9364180.0
2020-09-11,27999.0,28144.0,27832.0,28116.0,10929395.0
2020-09-14,28364.0,28539.0,28304.0,28495.0,8170021.0
2020-09-15,28587.0,28746.0,28472.0,28718.0,11438702.0
2020-09-16,28694.0,28807.0,28584.0,28638.0,11022037.0
2020-09-17,28575.0,28606.0,28161.0,28214.0,12987781.0
2020-09-18,28335.0,28391.0,28134.0,28309.0,9621112.0
2020-09-21,28273.0,28521.0,27990.0,28066.0,8981585.0
2020-09-22,28017.0,28076.0,27294.0,27412.0,18800681.0
2020-09-23,27585.0,27651.0,26979.0,27517.0,21296736.0
2020-09-24,27164.0,27262.0,26866.0,26879.0,22170366.0
2020-09-25,27067.0,27125.0,26871.0,27001.0,12591964.0
2020-09-28,27262.0,27462.0,27155.0,27395.0,7172122.0
2020-09-29,27668.0,27750.0,27526.0,27651.0,12162020.0
2020-10-05,27640.0,28056.0,27594.0,27955.0,10219939.0
2020-10-06,28066.0,28210.0,27929.0,28017.0,9380940.0
2020-10-07,27846.0,28304.0,27806.0,28291.0,7271293.0
2020-10-08,28486.0,28539.0,28210.0,28299.0,9184640.0
2020-10-12,28481.0,28517.0,28330.0,28413.0,8612316.0
2020-10-13,28584.0,28619.0,28224.0,28434.0,10853703.0
2020-10-14,28467.0,28486.0,28104.0,28156.0,9763759.0
2020-10-15,28108.0,28134.0,27823.0,27947.0,7597098.0
2020-10-16,28013.0,28076.0,27597.0,27783.0,9411979.0
2020-10-19,27876.0,28066.0,27827.0,27846.0,10011251.0
2020-10-20,27722.0,28039.0,27623.0,28039.0,9820234.0
2020-10-21,28090.0,28210.0,27995.0,28130.0,9214862.0
2020-10-22,27973.0,27985.0,27774.0,27939.0,9283493.0
2020-10-23,28054.0,28134.0,27827.0,28039.0,7999650.0
2020-10-26,28126.0,28224.0,27960.0,27985.0,9135848.0
2020-10-27,27788.0,27955.0,27682.0,27745.0,8313303.0
2020-10-28,27644.0,27900.0,27561.0,27896.0,5900436.0
2020-10-29,27546.0,27633.0,27297.0,27606.0,10493312.0
2020-10-30,27497.0,27511.0,26854.0,26854.0,21333855.0
2020-11-02,26918.0,27293.0,26891.0,27265.0,8872847.0
2020-11-03,27376.0,27842.0,27371.0,27811.0,7355501.0
2020-11-04,27995.0,28139.0,27760.0,27981.0,15621836.0
2020-11-05,28156.0,28620.0,28099.0,28598.0,9476819.0
2020-11-06,28709.0,28885.0,28588.0,28670.0,11814079.0
2020-11-09,28944.0,29249.0,28925.0,29031.0,9986134.0
2020-11-10,29169.0,29169.0,28824.0,29026.0,13530490.0
2020-11-11,29133.0,29543.0,29107.0,29492.0,10806612.0
2020-11-12,29477.0,29525.0,29262.0,29351.0,13944150.0
2020-11-13,29240.0,29668.0,29211.0,29659.0,9466201.0
2020-11-16,29855.0,30370.0,29778.0,30291.0,10161157.0
2020-11-17,30367.0,30479.0,30202.0,30282.0,11869983.0
2020-11-18,30296.0,30426.0,30183.0,30251.0,8300896.0
2020-11-19,30130.0,30301.0,30052.0,30291.0,7824800.0
2020-11-20,30229.0,30421.0,30157.0,30323.0,7810213.0
2020-11-23,30429.0,31051.0,30344.0,31019.0,9576590.0
2020-11-24,31127.0,31373.0,31028.0,31187.0,12243762.0
2020-11-25,31388.0,31491.0,30844.0,31005.0,11803590.0
2020-11-26,30990.0,31311.0,30911.0,31311.0,8778523.0
2020-11-27,31311.0,31427.0,31209.0,31383.0,10243274.0
2020-11-30,31482.0,31605.0,30907.0,30907.0,16052230.0
2020-12-01,31099.0,31487.0,31089.0,31395.0,5790562.0
2020-12-02,31548.0,31991.0,31508.0,31944.0,8468264.0
2020-12-03,32053.0,32207.0,31923.0,32170.0,13008890.0
2020-12-04,32295.0,32940.0,32287.0,32748.0,11895020.0
2020-12-07,33024.0,33073.0,32533.0,32925.0,19983469.0
2020-12-08,32895.0,32912.0,32397.0,32397.0,14086410.0
2020-12-09,32597.0,33148.0,32555.0,33148.0,14171774.0
2020-12-10,32774.0,33184.0,32592.0,32885.0,12558730.0
2020-12-11,33097.0,33324.0,33077.0,33171.0,11162991.0
2020-12-14,33194.0,33350.0,33002.0,33042.0,14641756.0
2020-12-15,33059.0,33101.0,32710.0,33042.0,14730724.0
2020-12-16,33297.0,33382.0,33086.0,33180.0,8214766.0
2020-12-17,33203.0,33212.0,32804.0,33148.0,8739812.0
2020-12-18,33229.0,33253.0,33020.0,33101.0,8083277.0
2020-12-21,33152.0,33171.0,32739.0,33144.0,14997321.0
2020-12-22,33020.0,33097.0,32604.0,32604.0,14011432.0
2020-12-23,32774.0,33111.0,32493.0,33069.0,16912171.0
2020-12-24,33130.0,33848.0,33130.0,33729.0,10746491.0
2020-12-28,33941.0,34189.0,33765.0,33895.0,10529433.0
2020-12-29,34212.0,34499.0,33806.0,34472.0,17571625.0
2020-12-30,34325.0,35278.0,34252.0,35199.0,13623258.0
2021-01-04,35273.0,36192.0,35111.0,36125.0,13033169.0
2021-01-05,35934.0,36670.0,35821.0,36670.0,9761477.0
2021-01-06,36776.0,37141.0,36175.0,36311.0,16280744.0
2021-01-07,36723.0,37461.0,36703.0,37158.0,9361181.0
2021-01-08,37646.0,39018.0,37530.0,38802.0,12322592.0
2021-01-11,39211.0,40430.0,38254.0,38900.0,24714942.0
2021-01-12,38701.0,38962.0,37538.0,38600.0,27268793.0
2021-01-13,38640.0,39117.0,38331.0,38814.0,12822691.0
2021-01-14,38623.0,39057.0,38534.0,38767.0,9724072.0
2021-01-15,38971.0,39373.0,37903.0,37914.0,12740575.0
2021-01-18,37512.0,37867.0,36940.0,37037.0,12791778.0
2021-01-19,37235.0,38274.0,37061.0,38009.0,10429102.0
2021-01-20,38683.0,38758.0,37824.0,38229.0,11422894.0
2021-01-21,38586.0,38843.0,38327.0,38789.0,9719742.0
2021-01-22,38918.0,39148.0,38521.0,38521.0,13950333.0
2021-01-25,38678.0,39495.0,38555.0,39439.0,6829280.0
2021-01-26,39352.0,39381.0,38189.0,38366.0,11345690.0
2021-01-27,38646.0,39035.0,38117.0,38238.0,9390661.0
2021-01-28,37609.0,38046.0,37316.0,37534.0,11575759.0
2021-01-29,37963.0,38022.0,36499.0,36688.0,14243886.0
2021-02-01,36577.0,37621.0,36313.0,37604.0,11427178.0
2021-02-02,38005.0,38721.0,37766.0,38162.0,13375508.0
2021-02-03,38475.0,38725.0,37988.0,38479.0,10978841.0
2021-02-04,38389.0,38389.0,37582.0,37836.0,19368311.0
2021-02-05,38059.0,38389.0,37813.0,38319.0,14158314.0
2021-02-08,38277.0,38443.0,37893.0,37940.0,7896629.0
2021-02-09,38216.0,38492.0,37813.0,37813.0,8798914.0
2021-02-10,37935.0,38179.0,37553.0,38078.0,6972094.0
2021-02-15,38637.0,38815.0,38492.0,38637.0,7054979.0
2021-02-16,38786.0,39140.0,38615.0,38802.0,9126263.0
2021-02-17,38591.0,38605.0,38127.0,38384.0,18728448.0
2021-02-18,38319.0,38475.0,37813.0,37836.0,9445424.0
2021-02-19,37863.0,38189.0,37220.0,38166.0,10392830.0
2021-02-22,38409.0,38596.0,37730.0,37766.0,9100293.0
2021-02-23,37516.0,38018.0,37229.0,37726.0,8262225.0
2021-02-24,37695.0,38078.0,36890.0,36921.0,11120099.0
2021-02-25,37480.0,38290.0,37436.0,38264.0,9464141.0
2021-02-26,37436.0,37465.0,36867.0,37206.0,11000729.0
2021-03-02,38099.0,38290.0,37320.0,37621.0,9189136.0
2021-03-03,37534.0,38050.0,37403.0,38041.0,6561602.0
2021-03-04,37553.0,37858.0,37284.0,37553.0,7240667.0
2021-03-05,36997.0,37475.0,36788.0,37353.0,11071941.0
2021-03-08,37695.0,37695.0,36926.0,37002.0,8863786.0
2021-03-09,37012.0,37060.0,36191.0,36769.0,12709020.0
2021-03-10,37255.0,37255.0,36467.0,36559.0,8747105.0
2021-03-11,36706.0,37413.0,36692.0,37305.0,6856446.0
2021-03-12,37699.0,37841.0,37484.0,37636.0,7428642.0
2021-03-15,37677.0,37753.0,37413.0,37453.0,9076420.0
2021-03-16,37631.0,37858.0,37548.0,37766.0,5956771.0
2021-03-17,37773.0,37786.0,37229.0,37465.0,8685274.0
2021-03-18,37757.0,38109.0,37740.0,37740.0,9284560.0
2021-03-19,37216.0,37537.0,37153.0,37338.0,9911644.0
2021-03-22,37494.0,37553.0,37127.0,37403.0,6778699.0
2021-03-23,37631.0,37713.0,37012.0,37052.0,7099873.0
2021-03-24,36815.0,37038.0,36591.0,36880.0,6059700.0
2021-03-25,36784.0,37289.0,36764.0,37043.0,10449055.0
2021-03-26,37189.0,37431.0,37090.0,37383.0,7088327.0
2021-03-29,37516.0,37524.0,37176.0,37316.0,6855770.0
2021-03-30,37418.0,37876.0,37418.0,37740.0,5448060.0
2021-03-31,37836.0,38089.0,37626.0,37636.0,7731549.0
2021-04-01,37903.0,38050.0,37753.0,37978.0,5578429.0
2021-04-02,38290.0,38534.0,38269.0,38402.0,5717644.0
2021-04-05,38543.0,38596.0,38254.0,38479.0,5541192.0
2021-04-06,38702.0,38725.0,38327.0,38534.0,5247119.0
2021-04-07,38605.0,38759.0,38484.0,38628.0,5456199.0
2021-04-08,38567.0,38674.0,38418.0,38591.0,5689700.0
2021-04-09,38623.0,38786.0,38314.0,38405.0,7678060.0
2021-04-12,38543.0,38591.0,38319.0,38405.0,6292947.0
2021-04-13,38414.0,38977.0,38402.0,38844.0,5007254.0
2021-04-14,38950.0,39162.0,38789.0,39113.0,7138766.0
2021-04-15,39043.0,39374.0,39009.0,39149.0,7139012.0
2021-04-16,39276.0,39290.0,38999.0,39126.0,6329891.0
2021-04-19,39126.0,39362.0,39014.0,39121.0,5455819.0
2021-04-20,39040.0,39406.0,39040.0,39365.0,5826948.0
2021-04-21,39113.0,39172.0,38538.0,38660.0,12401924.0
2021-04-22,38825.0,38977.0,38679.0,38721.0,6678601.0
2021-04-23,38516.0,38853.0,38295.0,38742.0,4486788.0
2021-04-26,38844.0,39104.0,38806.0,39097.0,5025372.0
2021-04-27,39131.0,39174.0,38967.0,39140.0,5017860.0
2021-04-28,39097.0,39102.0,38646.0,38725.0,4151986.0
2021-04-29,38860.0,38980.0,38517.0,38594.0,5440706.0
2021-04-30,38535.0,38650.0,38180.0,38325.0,5259423.0
2021-05-03,38283.0,38631.0,38034.0,38082.0,5357386.0
2021-05-04,38122.0,38401.0,37995.0,38401.0,4635806.0
2021-05-06,38243.0,38646.0,38199.0,38631.0,4290954.0
2021-05-07,38688.0,38999.0,38635.0,38879.0,5009092.0
2021-05-10,39093.0,39625.0,39009.0,39531.0,5649316.0
2021-05-11,39244.0,39313.0,38688.0,38836.0,5654721.0
2021-05-12,38855.0,38855.0,37920.0,38195.0,7379183.0
2021-05-13,37688.0,38141.0,37586.0,37756.0,6763724.0
2021-05-14,37899.0,38239.0,37853.0,38108.0,7396952.0
2021-05-17,38325.0,38339.0,37733.0,37941.0,5491068.0
2021-05-18,38063.0,38452.0,38063.0,38393.0,4616887.0
2021-05-20,38098.0,38369.0,38016.0,38271.0,4434208.0
2021-05-21,38485.0,38812.0,38175.0,38252.0,8673903.0
2021-05-24,38213.0,38365.0,38048.0,38145.0,6423225.0
2021-05-25,38339.0,38560.0,38248.0,38507.0,6106372.0
2021-05-26,38557.0,38664.0,38351.0,38428.0,5474101.0
2021-05-27,38457.0,38502.0,38089.0,38361.0,13860147.0
2021-05-28,38476.0,38747.0,38405.0,38598.0,5485551.0
2021-05-31,38721.0,38747.0,38447.0,38747.0,4857460.0
2021-06-01,38747.0,39182.0,38692.0,38966.0,5571554.0
2021-06-02,38976.0,39200.0,38896.0,38936.0,5095550.0
2021-06-03,39009.0,39462.0,39009.0,39300.0,5002107.0
2021-06-04,39147.0,39234.0,38896.0,39151.0,5547384.0
2021-06-07,39375.0,39487.0,39027.0,39290.0,4467573.0
2021-06-08,39290.0,39417.0,39160.0,39214.0,2987390.0
2021-06-09,39128.0,39177.0,38769.0,38769.0,3638264.0
2021-06-10,38794.0,39019.0,38733.0,38899.0,5123748.0
2021-06-11,39009.0,39267.0,39004.0,39186.0,4605127.0
2021-06-14,39224.0,39224.0,39032.0,39170.0,3257629.0
2021-06-15,39196.0,39318.0,39123.0,39258.0,3232922.0
2021-06-16,39210.0,39555.0,39200.0,39499.0,3866761.0
2021-06-17,39280.0,39346.0,39115.0,39271.0,5675998.0
2021-06-18,39363.0,39495.0,39280.0,39388.0,3870865.0
2021-06-21,38984.0,39147.0,38836.0,39009.0,5859155.0
2021-06-22,39224.0,39332.0,39182.0,39276.0,4697634.0
2021-06-23,39412.0,39545.0,39309.0,39482.0,4611373.0
2021-06-24,39545.0,39740.0,39540.0,39630.0,3316235.0
2021-06-25,39789.0,40028.0,39762.0,39829.0,4351127.0
2021-06-28,39884.0,39925.0,39689.0,39789.0,3695381.0
2021-06-29,39811.0,39832.0,39514.0,39635.0,4143507.0
2021-06-30,39731.0,39888.0,39693.0,39774.0,3420743.0
2021-07-01,39793.0,39793.0,39487.0,39545.0,4512323.0
2021-07-02,39531.0,39703.0,39492.0,39495.0,3614822.0
2021-07-05,39663.0,39789.0,39607.0,39680.0,2918485.0
2021-07-06,39789.0,39962.0,39774.0,39861.0,4216957.0
2021-07-07,39726.0,39726.0,39514.0,39612.0,4014423.0
2021-07-08,39658.0,39757.0,39200.0,39200.0,5479287.0
2021-07-09,38817.0,39009.0,38462.0,38783.0,8717881.0
2021-07-12,39019.0,39200.0,39019.0,39133.0,4132873.0
2021-07-13,39309.0,39477.0,39309.0,39462.0,3843948.0
2021-07-14,39327.0,39383.0,39170.0,39327.0,3632552.0
2021-07-15,39438.0,39617.0,39309.0,39593.0,2988288.0
2021-07-16,39417.0,39472.0,39276.0,39426.0,3804459.0
2021-07-19,39088.0,39106.0,38899.0,38980.0,4243607.0
2021-07-20,38697.0,38899.0,38655.0,38855.0,4086250.0
2021-07-21,39098.0,39098.0,38626.0,38655.0,5244623.0
2021-07-22,38883.0,39219.0,38883.0,39137.0,3875558.0
2021-07-23,39200.0,39327.0,39093.0,39210.0,5662618.0
2021-07-26,39332.0,39332.0,38787.0,38787.0,3947371.0
2021-07-27,38989.0,39142.0,38851.0,38851.0,3804882.0
2021-07-28,38783.0,39027.0,38646.0,38966.0,3883159.0
2021-07-29,39083.0,39160.0,38892.0,39023.0,4201148.0
2021-07-30,38860.0,38874.0,38516.0,38549.0,5321815.0
2021-08-02,38729.0,38790.0,38442.0,38729.0,5952529.0
2021-08-03,38678.0,39069.0,38650.0,39069.0,4867866.0
2021-08-04,39170.0,39659.0,39103.0,39618.0,7328268.0
2021-08-05,39608.0,39771.0,39478.0,39546.0,5398627.0
2021-08-06,39541.0,39631.0,39267.0,39359.0,3925854.0
2021-08-09,39186.0,39333.0,39044.0,39177.0,4172706.0
2021-08-10,39309.0,39309.0,38790.0,38922.0,3579315.0
2021-08-11,38817.0,38940.0,38553.0,38573.0,4845274.0
2021-08-12,38564.0,38646.0,38287.0,38417.0,4732656.0
2021-08-13,38328.0,38355.0,37612.0,37772.0,7453525.0
2021-08-17,37805.0,37902.0,37282.0,37342.0,6212144.0
2021-08-18,37357.0,37717.0,37157.0,37531.0,5051158.0
2021-08-19,37240.0,37471.0,36782.0,36782.0,7100305.0
2021-08-20,36927.0,37080.0,36271.0,36424.0,8832522.0
2021-08-23,36673.0,37041.0,36527.0,36750.0,5682505.0
2021-08-24,37055.0,37471.0,37055.0,37451.0,4455419.0
2021-08-25,37547.0,37754.0,37313.0,37566.0,4013777.0
2021-08-26,37625.0,37741.0,37222.0,37287.0,3959419.0
2021-08-27,37148.0,37413.0,36986.0,37262.0,5328380.0
2021-08-30,37635.0,37708.0,37262.0,37352.0,4432647.0
2021-08-31,37383.0,38092.0,37203.0,38092.0,5004989.0
2021-09-01,38047.0,38255.0,37879.0,38148.0,4813604.0
2021-09-02,38071.0,38144.0,37677.0,37797.0,6292303.0
2021-09-03,37914.0,38126.0,37805.0,38043.0,4725222.0
2021-09-06,38085.0,38220.0,37955.0,38174.0,4677225.0
2021-09-07,38144.0,38157.0,37810.0,37945.0,3772944.0
2021-09-08,37810.0,37928.0,37551.0,37615.0,4442695.0
2021-09-09,37499.0,37536.0,36922.0,36949.0,4432351.0
2021-09-10,37019.0,37213.0,36900.0,37122.0,5107173.0
2021-09-13,36986.0,37323.0,36931.0,37203.0,4745397.0
2021-09-14,37342.0,37663.0,37342.0,37442.0,5495099.0
2021-09-15,37451.0,37635.0,37287.0,37495.0,4834626.0
2021-09-16,37644.0,37644.0,37089.0,37167.0,5896997.0
2021-09-17,37038.0,37323.0,36903.0,37262.0,4550384.0
2021-09-23,37038.0,37299.0,36968.0,37203.0,5716410.0
2021-09-24,37379.0,37446.0,37117.0,37167.0,6581958.0
2021-09-27,37172.0,37466.0,37089.0,37291.0,5000858.0
2021-09-28,37262.0,37262.0,36800.0,36805.0,5681380.0
2021-09-29,36359.0,36511.0,35987.0,36317.0,11098671.0
2021-09-30,36251.0,36559.0,36115.0,36469.0,6925917.0
2021-10-01,36263.0,36350.0,35761.0,35788.0,5030279.0
2021-10-05,35462.0,35605.0,34966.0,35259.0,9388959.0
2021-10-06,35439.0,35620.0,34713.0,34713.0,8291872.0
2021-10-07,35020.0,35379.0,35011.0,35294.0,5268085.0
2021-10-08,35449.0,35466.0,35167.0,35217.0,4602404.0
2021-10-12,35106.0,35135.0,34467.0,34614.0,5625817.0
2021-10-13,34585.0,35082.0,34534.0,34962.0,4457724.0
2021-10-14,35162.0,35420.0,35158.0,35401.0,4588841.0
2021-10-15,35649.0,35864.0,35625.0,35766.0,3908778.0
2021-10-18,35806.0,35832.0,35406.0,35653.0,3679767.0
2021-10-19,35906.0,36015.0,35774.0,35953.0,4068163.0
2021-10-20,36093.0,36196.0,35793.0,35793.0,4029243.0
2021-10-21,35837.0,35961.0,35685.0,35731.0,4104772.0
2021-10-22,35685.0,35906.0,35610.0,35761.0,2911113.0
2021-10-25,35670.0,36001.0,35474.0,35948.0,3730103.0
2021-10-26,36146.0,36347.0,36046.0,36280.0,3781201.0
2021-10-27,36170.0,36227.0,35849.0,35977.0,3013278.0
2021-10-28,35953.0,36128.0,35864.0,35877.0,3694457.0
2021-10-29,36028.0,36036.0,35224.0,35301.0,5743321.0
2021-11-01,35594.0,35619.0,35410.0,35448.0,4380601.0
2021-11-02,35638.0,36200.0,35638.0,35919.0,3603164.0
2021-11-03,36059.0,36059.0,35317.0,35410.0,4656414.0
2021-11-04,35747.0,35956.0,35546.0,35609.0,5831969.0
2021-11-05,35873.0,35934.0,35252.0,35457.0,5818349.0
2021-11-08,35524.0,35542.0,35055.0,35410.0,5321526.0
2021-11-09,35420.0,35774.0,35305.0,35500.0,4785155.0
2021-11-10,35301.0,35510.0,35076.0,35123.0,4982887.0
2021-11-11,34887.0,35118.0,34796.0,35118.0,4480622.0
2021-11-12,35354.0,35624.0,35215.0,35491.0,3674106.0
2021-11-15,35733.0,35970.0,35669.0,35901.0,5526304.0
2021-11-16,35887.0,36050.0,35699.0,35837.0,4641697.0
2021-11-17,35906.0,35910.0,35340.0,35387.0,4397800.0
2021-11-18,35243.0,35453.0,35156.0,35243.0,4727944.0
2021-11-19,35335.0,35555.0,35183.0,35500.0,4463746.0
2021-11-22,35694.0,36351.0,35679.0,36323.0,5282983.0
2021-11-23,36264.0,36308.0,35956.0,36005.0,5248697.0
2021-11-24,36111.0,36285.0,35747.0,35934.0,6035781.0
2021-11-25,35956.0,35956.0,35604.0,35669.0,4103576.0
2021-11-26,35505.0,35674.0,34955.0,35013.0,5303757.0
2021-11-29,34656.0,35013.0,34556.0,34738.0,5444667.0
2021-11-30,35040.0,35113.0,33730.0,34032.0,7930172.0
2021-12-01,34136.0,34919.0,34037.0,34850.0,5516180.0
2021-12-02,34624.0,35420.0,34541.0,35400.0,5728873.0
2021-12-03,35282.0,35770.0,35123.0,35669.0,6576920.0
2021-12-06,35551.0,35896.0,35239.0,35737.0,10254631.0
2021-12-07,35774.0,36064.0,35546.0,36032.0,5263845.0
2021-12-08,36348.0,36624.0,36078.0,36192.0,7383055.0
2021-12-09,36146.0,36434.0,36124.0,36299.0,7689898.0
2021-12-10,36174.0,36272.0,36023.0,36102.0,2958140.0
2021-12-13,36277.0,36700.0,36093.0,36128.0,4934470.0
2021-12-14,35914.0,36107.0,35770.0,35924.0,5246689.0
2021-12-15,35765.0,35948.0,35689.0,35934.0,3820292.0
2021-12-16,36223.0,36308.0,35914.0,36142.0,5303913.0
2021-12-17,35924.0,36262.0,35814.0,36232.0,3859841.0
2021-12-20,36050.0,36050.0,35500.0,35564.0,4855936.0
2021-12-21,35750.0,35970.0,35604.0,35837.0,5494599.0
2021-12-22,36041.0,36200.0,35910.0,36028.0,5072490.0
2021-12-23,36223.0,36242.0,36015.0,36204.0,4949652.0
2021-12-24,36348.0,36624.0,36338.0,36475.0,4868403.0
2021-12-27,36488.0,36503.0,36262.0,36262.0,3912425.0
2021-12-28,36408.0,36556.0,36138.0,36556.0,5304807.0
2021-12-29,36556.0,36710.0,36429.0,36475.0,4517506.0
2021-12-30,36503.0,36601.0,36179.0,36252.0,4049323.0
2022-01-03,36418.0,36682.0,36209.0,36338.0,5160981.0
2022-01-04,36434.0,36434.0,36115.0,36313.0,4935552.0
2022-01-05,36232.0,36281.0,35604.0,35797.0,9238579.0
2022-01-06,35551.0,35877.0,35400.0,35438.0,10892051.0
2022-01-07,35665.0,35961.0,35591.0,35882.0,3858715.0
2022-01-10,35842.0,35864.0,35349.0,35609.0,5220683.0
2022-01-11,35665.0,35864.0,35505.0,35716.0,4506052.0
2022-01-12,35956.0,36308.0,35943.0,36299.0,4531784.0
2022-01-13,36348.0,36398.0,36078.0,36115.0,4379943.0
2022-01-14,35827.0,35896.0,35491.0,35555.0,4438256.0
2022-01-17,35555.0,35591.0,35095.0,35297.0,6122932.0
2022-01-18,35405.0,35457.0,34923.0,35023.0,6014958.0
2022-01-19,34782.0,35123.0,34661.0,34769.0,6069921.0
2022-01-20,34774.0,34972.0,34641.0,34972.0,4847065.0
2022-01-21,34641.0,34715.0,34352.0,34577.0,9592801.0
2022-01-24,34478.0,34587.0,34052.0,34185.0,10765605.0
2022-01-25,34100.0,34128.0,33178.0,33352.0,11920579.0
2022-01-26,33469.0,33651.0,33220.0,33253.0,6172137.0
2022-01-27,33332.0,33377.0,32151.0,32151.0,10967621.0
2022-01-28,32324.0,33228.0,32059.0,33015.0,11704880.0
2022-02-03,33583.0,33878.0,33332.0,33332.0,7208907.0
2022-02-04,33423.0,33780.0,33337.0,33772.0,5900239.0
2022-02-07,33702.0,33772.0,33107.0,33423.0,7471478.0
2022-02-08,33688.0,33843.0,33248.0,33488.0,5176898.0
2022-02-09,33789.0,33961.0,33702.0,33951.0,5093866.0
2022-02-10,34156.0,34308.0,34007.0,34234.0,4896926.0
2022-02-11,33924.0,34156.0,33757.0,33915.0,5060742.0
2022-02-14,33578.0,33726.0,33220.0,33461.0,5754995.0
2022-02-15,33561.0,33591.0,33094.0,33257.0,5600387.0
2022-02-16,33618.0,33883.0,33604.0,33856.0,4441578.0
2022-02-17,33961.0,34372.0,33707.0,34077.0,8569239.0
2022-02-18,33717.0,34039.0,33609.0,33947.0,5731878.0
2022-02-21,33541.0,33971.0,33270.0,33971.0,4197870.0
2022-02-22,33433.0,33613.0,33253.0,33478.0,5346442.0
2022-02-23,33717.0,33789.0,33418.0,33595.0,4893562.0
2022-02-24,33186.0,33243.0,32617.0,32717.0,10986280.0
2022-02-25,33023.0,33270.0,32922.0,33086.0,8589642.0
2022-02-28,32871.0,33337.0,32794.0,33337.0,6872795.0
2022-03-02,33353.0,33442.0,33163.0,33201.0,5329291.0
2022-03-03,33509.0,33856.0,33470.0,33834.0,4286221.0
2022-03-04,33707.0,33734.0,33163.0,33308.0,8178118.0
2022-03-07,32785.0,32809.0,32357.0,32562.0,15712035.0
2022-03-08,32151.0,32494.0,32028.0,32139.0,6687769.0
2022-03-10,32785.0,32942.0,32700.0,32804.0,3582534.0
2022-03-11,32707.0,32814.0,32509.0,32682.0,10485626.0
2022-03-14,32643.0,32823.0,32494.0,32622.0,9092690.0
2022-03-15,32518.0,32572.0,32234.0,32339.0,13876007.0
2022-03-16,32678.0,32871.0,32435.0,32823.0,6151983.0
2022-03-17,33373.0,33570.0,33308.0,33317.0,8692581.0
2022-03-18,33228.0,33410.0,33154.0,33390.0,4590747.0
2022-03-21,33561.0,33561.0,33015.0,33050.0,5843439.0
2022-03-22,33050.0,33377.0,33027.0,33348.0,4750353.0
2022-03-23,33538.0,33780.0,33461.0,33642.0,6424848.0
2022-03-24,33410.0,33497.0,33228.0,33488.0,6036450.0
2022-03-25,33632.0,33637.0,33283.0,33348.0,4553813.0
2022-03-28,33243.0,33465.0,33059.0,33373.0,4310229.0
2022-03-29,33546.0,33693.0,33423.0,33546.0,4436667.0
2022-03-30,33772.0,33878.0,33595.0,33665.0,4593927.0
2022-03-31,33642.0,33905.0,33591.0,33772.0,4727742.0
2022-04-01,33627.0,33632.0,33345.0,33509.0,4281242.0
2022-04-04,33447.0,33702.0,33289.0,33669.0,4877975.0
2022-04-05,33801.0,33843.0,33551.0,33637.0,4714476.0
2022-04-06,33423.0,33478.0,33270.0,33289.0,5494968.0
2022-04-07,33135.0,33135.0,32781.0,32853.0,10745568.0
2022-04-08,32922.0,32965.0,32700.0,32876.0,6688404.0
2022-04-11,32751.0,33005.0,32630.0,32876.0,9422493.0
2022-04-12,32648.0,32776.0,32439.0,32567.0,10121089.0
2022-04-13,32658.0,33215.0,32617.0,33186.0,7168892.0
2022-04-14,33178.0,33178.0,32891.0,33001.0,7801596.0
2022-04-15,32785.0,32785.0,32541.0,32608.0,6822228.0
2022-04-18,32504.0,32741.0,32393.0,32634.0,5793117.0
2022-04-19,32769.0,33094.0,32759.0,33020.0,3177292.0
2022-04-20,33027.0,33069.0,32746.0,32992.0,2947947.0
2022-04-21,33094.0,33317.0,33073.0,33135.0,6001606.0
2022-04-22,32839.0,32871.0,32639.0,32772.0,5448560.0
2022-04-25,32416.0,32509.0,32234.0,32249.0,7063725.0
2022-04-26,32380.0,32527.0,32329.0,32385.0,3022578.0
2022-04-27,31947.0,32041.0,31738.0,32005.0,4640751.0
2022-04-28,32197.0,32330.0,31942.0,32320.0,7060961.0
2022-04-29,32345.0,32835.0,32238.0,32807.0,6675167.0
2022-05-02,32427.0,32738.0,32427.0,32683.0,6214214.0
2022-05-03,32688.0,32932.0,32603.0,32603.0,6377383.0
2022-05-04,32753.0,32862.0,32562.0,32683.0,5922771.0
2022-05-06,32345.0,32345.0,32137.0,32229.0,6476595.0
2022-05-09,32101.0,32253.0,31876.0,31924.0,7630352.0
2022-05-10,31685.0,31821.0,31278.0,31758.0,8429462.0
2022-05-11,31593.0,31799.0,31507.0,31754.0,6975239.0
2022-05-12,31429.0,31685.0,31213.0,31233.0,7574084.0
2022-05-13,31420.0,32010.0,31400.0,31972.0,5604971.0
2022-05-16,32197.0,32267.0,31777.0,31844.0,7856770.0
2022-05-17,31895.0,32197.0,31891.0,32153.0,4259687.0
2022-05-18,32325.0,32468.0,32124.0,32215.0,6791331.0
2022-05-19,31526.0,31825.0,31466.0,31754.0,6448890.0
2022-05-20,31886.0,32358.0,31859.0,32320.0,4965330.0
2022-05-23,32460.0,32545.0,32258.0,32427.0,6258357.0
2022-05-24,32289.0,32363.0,31825.0,31825.0,5769080.0
2022-05-25,32024.0,32172.0,31807.0,31962.0,7173804.0
2022-05-26,31962.0,32286.0,31739.0,31854.0,7218036.0
2022-05-27,32182.0,32320.0,32141.0,32192.0,6268596.0
2022-05-30,32545.0,32649.0,32399.0,32613.0,5734731.0
2022-05-31,32557.0,32802.0,32404.0,32743.0,5842385.0
2022-06-02,32557.0,32591.0,32316.0,32386.0,6345382.0
2022-06-03,32664.0,32733.0,32488.0,32566.0,6678295.0
2022-06-07,32409.0,32427.0,31895.0,31962.0,4011738.0
2022-06-08,31986.0,32192.0,31957.0,32032.0,3944147.0
2022-06-09,31919.0,32055.0,31791.0,31933.0,4979361.0
2022-06-10,31685.0,31729.0,31476.0,31605.0,4673555.0
2022-06-13,30958.0,31050.0,30487.0,30487.0,10048316.0
2022-06-14,29942.0,30445.0,29942.0,30367.0,12988445.0
2022-06-15,30308.0,30362.0,29638.0,29827.0,11226287.0
2022-06-16,30205.0,30423.0,29766.0,29808.0,9784176.0
2022-06-17,29267.0,29661.0,29166.0,29590.0,7766101.0
2022-06-20,29784.0,29961.0,28882.0,29112.0,10219604.0
2022-06-21,29267.0,29503.0,28384.0,29277.0,8016042.0
2022-06-22,29381.0,29381.0,28536.0,28536.0,10864552.0
2022-06-23,28518.0,28788.0,28188.0,28309.0,13998500.0
2022-06-24,28452.0,29018.0,28361.0,28901.0,11132033.0
2022-06-27,29120.0,29498.0,28853.0,29272.0,9130516.0
2022-06-28,29309.0,29498.0,29156.0,29498.0,7185478.0
2022-06-29,29152.0,29244.0,28978.0,29003.0,6579478.0
2022-06-30,28896.0,28896.0,28518.0,28523.0,8457070.0
2022-07-01,28685.0,28802.0,28023.0,28233.0,6647067.0
2022-07-04,28242.0,28406.0,27959.0,28242.0,9513429.0
2022-07-05,28504.0,28793.0,28374.0,28690.0,7716567.0
2022-07-06,28462.0,28569.0,28015.0,28037.0,9709722.0
2022-07-07,28262.0,28775.0,28202.0,28602.0,7185514.0
2022-07-08,28812.0,29043.0,28762.0,28762.0,9411842.0
2022-07-11,28824.0,28938.0,28569.0,28597.0,6998086.0
2022-07-12,28482.0,28546.0,28173.0,28326.0,5912861.0
2022-07-13,28393.0,28666.0,28326.0,28472.0,7285607.0
2022-07-14,28262.0,28579.0,28178.0,28370.0,6280301.0
2022-07-15,28546.0,28579.0,28023.0,28541.0,7727108.0
2022-07-18,28828.0,29210.0,28788.0,29176.0,7661594.0
2022-07-19,29061.0,29103.0,28905.0,29079.0,4990818.0
2022-07-20,29550.0,29625.0,29239.0,29296.0,7253369.0
2022-07-21,29336.0,29634.0,29305.0,29618.0,5912060.0
2022-07-22,29550.0,29737.0,29389.0,29427.0,6649307.0
2022-07-25,29332.0,29685.0,29309.0,29545.0,5272228.0
2022-07-26,29442.0,29669.0,29386.0,29651.0,2429946.0
2022-07-27,29643.0,29665.0,29442.0,29661.0,2237400.0
2022-07-28,29947.0,30065.0,29762.0,29856.0,7800360.0
2022-07-29,30091.0,30249.0,29884.0,29986.0,8956409.0
2022-08-01,29910.0,30104.0,29772.0,29971.0,6486786.0
2022-08-02,29938.0,29938.0,29714.0,29808.0,6745427.0
2022-08-03,29823.0,30018.0,29704.0,30018.0,5928208.0
2022-08-04,30217.0,30267.0,30060.0,30170.0,7956667.0
2022-08-05,30263.0,30462.0,30263.0,30368.0,6648207.0
2022-08-08,30161.0,30341.0,30137.0,30315.0,5791785.0
2022-08-09,30324.0,30457.0,30170.0,30410.0,6511861.0
2022-08-10,30249.0,30282.0,30026.0,30055.0,6827896.0
2022-08-11,30397.0,30556.0,30392.0,30556.0,7450393.0
2022-08-12,30521.0,30717.0,30521.0,30670.0,6843720.0
2022-08-16,30878.0,30910.0,30712.0,30749.0,7263390.0
2022-08-17,30804.0,30892.0,30556.0,30590.0,7558360.0
2022-08-18,30429.0,30541.0,30236.0,30476.0,8082234.0
2022-08-19,30507.0,30507.0,30263.0,30301.0,4823295.0
2022-08-22,29976.0,30070.0,29842.0,29906.0,6176069.0
2022-08-23,29695.0,29813.0,29498.0,29533.0,6567281.0
2022-08-24,29629.0,29728.0,29513.0,29651.0,6200136.0
2022-08-25,29767.0,30001.0,29733.0,30001.0,5771447.0
2022-08-26,30142.0,30263.0,29991.0,30018.0,5333537.0
2022-08-29,29300.0,29408.0,29234.0,29296.0,7213888.0
2022-08-30,29432.0,29629.0,29386.0,29618.0,4745674.0
2022-08-31,29341.0,29957.0,29296.0,29842.0,8424767.0
2022-09-01,29460.0,29483.0,29146.0,29165.0,14546575.0
2022-09-02,29292.0,29318.0,28886.0,29003.0,10944341.0
2022-09-05,28999.0,29262.0,28891.0,29003.0,7772431.0
2022-09-06,29073.0,29221.0,28909.0,29003.0,8031308.0
2022-09-07,28805.0,28805.0,28409.0,28582.0,10208968.0
2022-09-08,28781.0,28786.0,28563.0,28638.0,6838057.0
2022-09-13,29160.0,29618.0,29107.0,29541.0,5969006.0
2022-09-14,28693.0,29088.0,28628.0,28957.0,8354140.0
2022-09-15,29022.0,29064.0,28765.0,28795.0,7902761.0
2022-09-16,28521.0,28651.0,28436.0,28590.0,8691518.0
2022-09-19,28656.0,28712.0,28332.0,28386.0,6594042.0
2022-09-20,28586.0,28727.0,28441.0,28485.0,5561702.0
2022-09-21,28273.0,28367.0,28160.0,28221.0,7584580.0
2022-09-22,27883.0,27975.0,27729.0,27914.0,13894133.0
2022-09-23,27910.0,27960.0,27498.0,27574.0,9802698.0
2022-09-26,27220.0,27259.0,26840.0,26897.0,11209827.0
2022-09-27,26919.0,26971.0,26638.0,26948.0,9323664.0
2022-09-28,26638.0,26844.0,26073.0,26286.0,13654002.0
2022-09-29,26609.0,26783.0,26295.0,26295.0,8484755.0
2022-09-30,26192.0,26468.0,25941.0,26178.0,8139959.0
2022-10-04,26558.0,26878.0,26529.0,26811.0,4805730.0
2022-10-05,27281.0,27281.0,26712.0,26816.0,11414665.0
2022-10-06,27035.0,27254.0,26943.0,27114.0,13208288.0
2022-10-07,26821.0,27148.0,26762.0,27012.0,11015709.0
2022-10-11,26478.0,26483.0,26229.0,26460.0,11657785.0
2022-10-12,26411.0,26693.0,26392.0,26688.0,10317341.0
2022-10-13,26591.0,26609.0,26262.0,26262.0,11825422.0
2022-10-14,26646.0,27007.0,26646.0,26902.0,11624539.0
2022-10-17,26543.0,26961.0,26478.0,26919.0,7882650.0
2022-10-18,27315.0,27315.0,26943.0,27267.0,7441761.0
2022-10-19,27286.0,27436.0,27039.0,27044.0,8663899.0
2022-10-20,26892.0,26938.0,26628.0,26780.0,9121435.0
2022-10-21,26703.0,26998.0,26684.0,26835.0,6993720.0
2022-10-24,27259.0,27363.0,27002.0,27085.0,8122323.0
2022-10-25,27123.0,27324.0,27044.0,27128.0,6588176.0
2022-10-26,27119.0,27456.0,27077.0,27315.0,4068184.0
2022-10-27,27469.0,27827.0,27441.0,27792.0,8537119.0
2022-10-28,27588.0,27757.0,27422.0,27430.0,9060486.0
2022-10-31,27729.0,27907.0,27574.0,27843.0,7061211.0
2022-11-01,27915.0,28270.0,27877.0,28266.0,8025183.0
2022-11-02,28126.0,28339.0,28064.0,28213.0,6789547.0
2022-11-03,27739.0,28232.0,27629.0,28054.0,7380048.0
2022-11-04,27934.0,28303.0,27838.0,28303.0,8339366.0
2022-11-07,28389.0,28646.0,28326.0,28603.0,8673485.0
2022-11-08,28822.0,29078.0,28755.0,29017.0,9771960.0
2022-11-09,29152.0,29420.0,29083.0,29306.0,9385442.0
2022-11-10,29083.0,29293.0,28937.0,28937.0,9732199.0
2022-11-11,29863.0,30131.0,29831.0,30098.0,17364851.0
2022-11-14,30136.0,30217.0,29891.0,29909.0,12122920.0
2022-11-15,30000.0,30064.0,29793.0,29995.0,7363711.0
2022-11-16,30054.0,30054.0,29615.0,29937.0,9926975.0
2022-11-17,29778.0,29811.0,29505.0,29543.0,7004630.0
2022-11-18,29543.0,29831.0,29453.0,29475.0,8197901.0
2022-11-21,29547.0,29557.0,29152.0,29250.0,11370961.0
2022-11-22,29181.0,29319.0,29042.0,29042.0,8302620.0
2022-11-23,29250.0,29328.0,29125.0,29235.0,8003918.0
2022-11-24,29439.0,29525.0,29328.0,29510.0,12346269.0
2022-11-25,29530.0,29562.0,29379.0,29387.0,4867657.0
2022-11-28,29205.0,29214.0,28957.0,29032.0,7002732.0
2022-11-29,29017.0,29370.0,28952.0,29360.0,7033697.0
2022-11-30,29205.0,29803.0,29205.0,29803.0,4456893.0
2022-12-01,30231.0,30301.0,29929.0,29980.0,8116503.0
2022-12-02,29873.0,29873.0,29310.0,29310.0,8733760.0
2022-12-05,29410.0,29500.0,29134.0,29219.0,10556329.0
2022-12-06,28967.0,29147.0,28826.0,28842.0,5483392.0
2022-12-07,28746.0,28861.0,28664.0,28682.0,3352309.0
2022-12-08,28707.0,28746.0,28488.0,28682.0,7863423.0
2022-12-09,28826.0,29060.0,28716.0,29017.0,5695444.0
2022-12-12,28813.0,28895.0,28741.0,28835.0,5895668.0
2022-12-13,28990.0,29012.0,28711.0,28813.0,6502839.0
2022-12-14,28917.0,29171.0,28909.0,29139.0,5278685.0
2022-12-15,28962.0,28999.0,28655.0,28655.0,7748030.0
2022-12-16,28227.0,28556.0,28223.0,28519.0,6263313.0
2022-12-19,28448.0,28650.0,28407.0,28524.0,4526671.0
2022-12-20,28417.0,28514.0,28172.0,28290.0,6222438.0
2022-12-21,28458.0,28463.0,28187.0,28218.0,6131616.0
2022-12-22,28349.0,28585.0,28285.0,28585.0,4967284.0
2022-12-23,28266.0,28339.0,28040.0,28093.0,7685263.0
2022-12-26,28064.0,28167.0,27994.0,28134.0,6418963.0
2022-12-27,28256.0,28399.0,28206.0,28335.0,3119851.0
2022-12-28,28206.0,28241.0,27966.0,27999.0,7789675.0
2022-12-29,27848.0,27884.0,27497.0,27497.0,5904221.0
2023-01-02,27564.0,27714.0,27309.0,27335.0,6027906.0
2023-01-03,27367.0,27450.0,26823.0,27335.0,9919832.0
2023-01-04,27183.0,27976.0,27168.0,27911.0,8672949.0
2023-01-05,28069.0,28270.0,27915.0,28134.0,8721778.0
2023-01-06,27939.0,28585.0,27939.0,28434.0,7897164.0
2023-01-09,28755.0,29214.0,28707.0,29205.0,8503993.0
2023-01-10,29125.0,29429.0,29078.0,29240.0,8038408.0
2023-01-11,29370.0,29457.0,29152.0,29293.0,6456225.0
2023-01-12,29465.0,29500.0,29219.0,29375.0,5829618.0
2023-01-13,29449.0,29755.0,29439.0,29592.0,6703307.0
2023-01-16,29645.0,29951.0,29619.0,29826.0,6965824.0
2023-01-17,29808.0,29854.0,29547.0,29592.0,5019229.0
2023-01-18,29557.0,29622.0,29235.0,29395.0,6039391.0
2023-01-19,29240.0,29587.0,29240.0,29582.0,6046872.0
2023-01-20,29552.0,29783.0,29465.0,29775.0,7266871.0
2023-01-25,30192.0,30336.0,30151.0,30245.0,4751481.0
2023-01-26,30272.0,30696.0,30197.0,30661.0,4055406.0
2023-01-27,30727.0,31105.0,30606.0,30904.0,4405975.0
2023-01-30,30917.0,31003.0,30405.0,30414.0,7432778.0
2023-01-31,30414.0,30471.0,29907.0,29945.0,8385955.0
2023-02-01,30159.0,30345.0,30062.0,30271.0,6885136.0
2023-02-02,30686.0,30811.0,30354.0,30596.0,9471042.0
2023-02-03,30542.0,30806.0,30414.0,30723.0,5945927.0
2023-02-06,30447.0,30527.0,30024.0,30024.0,9935796.0
2023-02-07,30047.0,30305.0,29978.0,30211.0,5776038.0
2023-02-08,30401.0,30780.0,30396.0,30681.0,8085068.0
2023-02-09,30498.0,30705.0,30419.0,30581.0,7121089.0
2023-02-10,30391.0,30537.0,30286.0,30503.0,8620345.0
2023-02-13,30345.0,30428.0,30117.0,30323.0,10961920.0
2023-02-14,30568.0,30723.0,30447.0,30503.0,7476623.0
2023-02-15,30568.0,30573.0,29907.0,29927.0,12343331.0
2023-02-16,30127.0,30591.0,30107.0,30522.0,7597880.0
2023-02-17,30092.0,30518.0,30092.0,30252.0,7801144.0
2023-02-20,30286.0,30457.0,29988.0,30354.0,6535779.0
2023-02-21,30350.0,30433.0,30164.0,30314.0,5815828.0
2023-02-22,29949.0,30047.0,29773.0,29786.0,9176435.0
2023-02-23,29902.0,30281.0,29894.0,30164.0,13497356.0
2023-02-24,30107.0,30286.0,29876.0,29894.0,7445641.0
2023-02-27,29624.0,29637.0,29377.0,29628.0,12112400.0
2023-02-28,29734.0,29969.0,29628.0,29710.0,8379597.0
2023-03-02,29734.0,30052.0,29628.0,29786.0,10633978.0
2023-03-03,29949.0,29993.0,29720.0,29853.0,7671862.0
2023-03-06,30107.0,30286.0,29978.0,30271.0,9868607.0
2023-03-07,30225.0,30363.0,30112.0,30112.0,6485749.0
2023-03-08,29839.0,29853.0,29633.0,29683.0,11729756.0
2023-03-09,29801.0,29871.0,29594.0,29594.0,7222339.0
2023-03-10,29241.0,29362.0,29117.0,29270.0,8887273.0
2023-03-13,29402.0,29579.0,29061.0,29507.0,9335397.0
2023-03-14,29223.0,29231.0,28794.0,28817.0,13201193.0
2023-03-15,29112.0,29362.0,29038.0,29182.0,9083501.0
2023-03-16,28882.0,29157.0,28736.0,29074.0,9119938.0
2023-03-17,29402.0,29482.0,29201.0,29407.0,7495714.0
2023-03-20,29397.0,29544.0,29191.0,29196.0,6254754.0
2023-03-21,29357.0,29426.0,29206.0,29270.0,6083972.0
2023-03-22,29532.0,29646.0,29431.0,29637.0,6712831.0
2023-03-23,29417.0,29743.0,29385.0,29724.0,5859693.0
2023-03-24,29715.0,29758.0,29463.0,29624.0,7508937.0
2023-03-27,29720.0,29720.0,29339.0,29487.0,6035331.0
2023-03-28,29594.0,29834.0,29554.0,29834.0,6267611.0
2023-03-29,29777.0,29894.0,29692.0,29880.0,4334058.0
2023-03-30,30062.0,30201.0,29922.0,30089.0,7994735.0
2023-03-31,30196.0,30503.0,30150.0,30442.0,5522629.0
2023-04-03,30532.0,30532.0,30244.0,30291.0,5862982.0
2023-04-04,30318.0,30527.0,30276.0,30428.0,8576463.0
2023-04-05,30433.0,30634.0,30391.0,30601.0,6786022.0
2023-04-06,30471.0,30494.0,30042.0,30057.0,7224421.0
2023-04-07,30276.0,30624.0,30276.0,30568.0,7072433.0
2023-04-10,30552.0,31008.0,30513.0,30862.0,8708792.0
2023-04-11,30952.0,31346.0,30922.0,31267.0,5907388.0
2023-04-12,31236.0,31453.0,31193.0,31365.0,5473125.0
2023-04-13,31211.0,31458.0,31146.0,31425.0,6547448.0
2023-04-14,31616.0,31747.0,31438.0,31537.0,7078781.0
2023-04-17,31523.0,31590.0,31396.0,31547.0,5674320.0
2023-04-18,31571.0,31612.0,31305.0,31501.0,7829932.0
2023-04-19,31486.0,31646.0,31458.0,31523.0,6160594.0
2023-04-20,31416.0,31518.0,31313.0,31430.0,6693950.0
2023-04-21,31360.0,31421.0,31161.0,31272.0,5276230.0
2023-04-24,31171.0,31216.0,31035.0,31057.0,5284458.0
2023-04-25,31132.0,31176.0,30513.0,30666.0,3561494.0
2023-04-26,30642.0,30775.0,30573.0,30634.0,2705432.0
2023-04-27,30652.0,30758.0,30360.0,30739.0,6911007.0
2023-04-28,30903.0,31054.0,30672.0,30801.0,9962418.0
2023-05-02,30888.0,31135.0,30847.0,31135.0,7038487.0
2023-05-03,30893.0,30984.0,30798.0,30856.0,6960454.0
2023-05-04,30734.0,30823.0,30639.0,30739.0,7728212.0
2023-05-08,31078.0,31220.0,31036.0,31125.0,6933642.0
2023-05-09,31068.0,31083.0,30927.0,31032.0,4813483.0
2023-05-10,31024.0,31024.0,30716.0,30838.0,6796317.0
2023-05-11,30947.0,31054.0,30753.0,30753.0,5400365.0
2023-05-12,30639.0,30758.0,30546.0,30606.0,6601282.0
2023-05-15,30541.0,30692.0,30416.0,30692.0,7278736.0
2023-05-16,30888.0,30999.0,30716.0,30778.0,5995842.0
2023-05-17,30720.0,30969.0,30711.0,30874.0,4256549.0
2023-05-18,31063.0,31192.0,30979.0,31174.0,5236009.0
2023-05-19,31398.0,31631.0,31398.0,31612.0,5519325.0
2023-05-22,31612.0,31947.0,31555.0,31815.0,4191195.0
2023-05-23,31923.0,32025.0,31828.0,31909.0,5331771.0
2023-05-24,31722.0,31918.0,31712.0,31793.0,4835754.0
2023-05-25,31947.0,31972.0,31688.0,31763.0,5570144.0
2023-05-26,31815.0,31972.0,31754.0,31871.0,6318259.0
2023-05-30,32192.0,32310.0,32127.0,32301.0,4345278.0
2023-05-31,32260.0,32381.0,32071.0,32071.0,5971301.0
2023-06-01,32029.0,32117.0,31890.0,31967.0,5077410.0
2023-06-02,32172.0,32376.0,32145.0,32376.0,6454018.0
2023-06-05,32571.0,32586.0,32423.0,32469.0,4488569.0
2023-06-07,32566.0,32646.0,32399.0,32399.0,3011423.0
2023-06-08,32301.0,32381.0,32192.0,32358.0,4232631.0
2023-06-09,32523.0,32835.0,32418.0,32787.0,5073573.0
2023-06-12,32863.0,32906.0,32494.0,32576.0,6561587.0
2023-06-13,32764.0,32839.0,32641.0,32731.0,7276256.0
2023-06-14,32731.0,32769.0,32509.0,32571.0,6567084.0
2023-06-15,32651.0,32759.0,32418.0,32456.0,6118818.0
2023-06-16,32622.0,32641.0,32428.0,32613.0,6052344.0
2023-06-19,32519.0,32561.0,32344.0,32433.0,3890301.0
2023-06-20,32344.0,32418.0,32245.0,32376.0,4976654.0
2023-06-21,32315.0,32320.0,32061.0,32074.0,5082576.0
2023-06-22,32015.0,32269.0,32000.0,32153.0,3279375.0
2023-06-23,32284.0,32310.0,31962.0,32000.0,6635990.0
2023-06-26,31947.0,32192.0,31913.0,32157.0,3788961.0
2023-06-27,32099.0,32162.0,31991.0,32145.0,4548180.0
2023-06-28,32264.0,32264.0,31913.0,31972.0,5409418.0
2023-06-29,32066.0,32264.0,31967.0,31967.0,4636663.0
2023-06-30,31976.0,32145.0,31739.0,32061.0,5712270.0
2023-07-03,32177.0,32586.0,32177.0,32561.0,4072294.0
2023-07-04,32546.0,32596.0,32414.0,32433.0,7065956.0
2023-07-05,32381.0,32504.0,32127.0,32127.0,5445311.0
2023-07-06,32107.0,32117.0,31842.0,31880.0,5045852.0
2023-07-07,31698.0,31702.0,31328.0,31427.0,6198593.0
2023-07-10,31475.0,31631.0,31328.0,31375.0,4352032.0
2023-07-11,31602.0,31952.0,31570.0,31952.0,5762875.0
2023-07-12,31957.0,32162.0,31861.0,32157.0,4122878.0
2023-07-13,32399.0,32528.0,32376.0,32414.0,5166634.0
2023-07-14,32608.0,32906.0,32523.0,32906.0,7722790.0
2023-07-17,32731.0,32914.0,32699.0,32778.0,4431060.0
2023-07-18,32863.0,32901.0,32532.0,32566.0,5804760.0
2023-07-19,32746.0,32769.0,32428.0,32528.0,4766352.0
2023-07-20,32315.0,32556.0,32287.0,32428.0,4761639.0
2023-07-21,32192.0,32461.0,32000.0,32461.0,4422077.0
2023-07-24,32442.0,32783.0,32301.0,32676.0,5407773.0
2023-07-25,32741.0,32816.0,32519.0,32731.0,5168653.0
2023-07-26,32717.0,32778.0,32255.0,32306.0,3768222.0
2023-07-27,32409.0,32741.0,32344.0,32699.0,3811227.0
2023-07-28,32561.0,32676.0,32381.0,32622.0,4469876.0
2023-07-31,32817.0,32925.0,32704.0,32770.0,4793895.0
2023-08-01,32849.0,33311.0,32845.0,33306.0,4942879.0
2023-08-02,33091.0,33128.0,32542.0,32586.0,4132805.0
2023-08-03,32596.0,32695.0,32244.0,32367.0,5243989.0
2023-08-04,32428.0,32469.0,32274.0,32372.0,5108879.0
2023-08-07,32206.0,32528.0,32166.0,32292.0,4770708.0
2023-08-08,32404.0,32442.0,31951.0,32024.0,5049247.0
2023-08-09,32074.0,32446.0,32070.0,32372.0,5177663.0
2023-08-10,32171.0,32269.0,32139.0,32269.0,6204946.0
2023-08-11,32334.0,32519.0,32144.0,32161.0,4497919.0
2023-08-14,32065.0,32166.0,31776.0,31875.0,2760874.0
2023-08-16,31634.0,31644.0,31354.0,31396.0,4430062.0
2023-08-17,31203.0,31302.0,30894.0,31302.0,7202838.0
2023-08-18,30938.0,31306.0,30894.0,31137.0,6606298.0
2023-08-21,31208.0,31387.0,31127.0,31161.0,3725141.0
2023-08-22,31349.0,31497.0,31161.0,31283.0,6439863.0
2023-08-23,31132.0,31302.0,31085.0,31217.0,4586446.0
2023-08-24,31549.0,31662.0,31506.0,31644.0,4269763.0
2023-08-25,31203.0,31421.0,31186.0,31298.0,4856671.0
2023-08-28,31497.0,31544.0,31372.0,31510.0,4243323.0
2023-08-29,31667.0,31710.0,31553.0,31658.0,4246445.0
2023-08-30,31971.0,32004.0,31752.0,31752.0,3421707.0
2023-08-31,31817.0,31860.0,31629.0,31766.0,4047453.0
2023-09-01,31681.0,32139.0,31672.0,32083.0,7453027.0
2023-09-04,32176.0,32287.0,32028.0,32287.0,3448500.0
2023-09-05,32206.0,32353.0,32176.0,32254.0,3761440.0
2023-09-06,32191.0,32287.0,31994.0,32028.0,4183476.0
2023-09-07,31936.0,32033.0,31791.0,31865.0,4055006.0
2023-09-08,31908.0,31922.0,31676.0,31912.0,4332946.0
2023-09-11,31926.0,32024.0,31813.0,32004.0,4410516.0
2023-09-12,32111.0,32139.0,31817.0,31836.0,4914156.0
2023-09-13,31836.0,32014.0,31761.0,31860.0,4744375.0
2023-09-14,31951.0,32310.0,31936.0,32310.0,3740577.0
2023-09-15,32349.0,32854.0,32329.0,32732.0,10716418.0
2023-09-18,32474.0,32631.0,32334.0,32339.0,4682191.0
2023-09-19,32404.0,32404.0,32047.0,32093.0,5576697.0
2023-09-20,32074.0,32191.0,32004.0,32088.0,5213099.0
2023-09-21,31898.0,31961.0,31519.0,31524.0,8931414.0
2023-09-22,31227.0,31497.0,31156.0,31411.0,8246140.0
2023-09-25,31320.0,31502.0,31274.0,31438.0,5841308.0
2023-09-26,31438.0,31448.0,30996.0,31029.0,8744228.0
2023-09-27,30862.0,31105.0,30839.0,31105.0,11757700.0
2023-10-04,30730.0,30730.0,30266.0,30281.0,13550896.0
2023-10-05,30497.0,30522.0,30276.0,30291.0,9238555.0
2023-10-06,30331.0,30487.0,30281.0,30346.0,5844509.0
2023-10-10,30658.0,30904.0,30398.0,30416.0,5347110.0
2023-10-11,30839.0,31151.0,30834.0,30928.0,6562275.0
2023-10-12,31095.0,31293.0,31095.0,31279.0,6697054.0
2023-10-13,30991.0,31110.0,30923.0,31006.0,3536916.0
2023-10-16,30852.0,30991.0,30577.0,30769.0,4652445.0
2023-10-17,30986.0,31217.0,30918.0,31146.0,4326482.0
2023-10-18,31065.0,31306.0,31056.0,31279.0,5410312.0
2023-10-19,30875.0,30913.0,30663.0,30683.0,5473778.0
2023-10-20,30440.0,30464.0,30100.0,30220.0,6073585.0
2023-10-23,30185.0,30262.0,30008.0,30058.0,4031818.0
2023-10-24,30200.0,30310.0,29684.0,30291.0,5693510.0
2023-10-25,30374.0,30388.0,30115.0,30125.0,3971328.0
2023-10-26,29666.0,29725.0,29325.0,29352.0,4947250.0
2023-10-27,29484.0,29547.0,29274.0,29381.0,4574717.0
2023-10-30,29244.0,29539.0,29234.0,29461.0,3724573.0
2023-10-31,29620.0,29681.0,29069.0,29103.0,5959056.0
2023-11-01,29289.0,29568.0,29274.0,29505.0,4944922.0
2023-11-02,29996.0,30136.0,29918.0,29996.0,6459046.0
2023-11-03,30280.0,30359.0,30151.0,30300.0,4730364.0
2023-11-06,30798.0,31718.0,30693.0,31718.0,10737944.0
2023-11-07,31471.0,31527.0,30839.0,31143.0,9341928.0
2023-11-08,31369.0,31427.0,30774.0,30853.0,4970039.0
2023-11-09,30853.0,31115.0,30798.0,31002.0,4636519.0
2023-11-10,30693.0,30843.0,30577.0,30824.0,5554569.0
2023-11-13,31128.0,31148.0,30703.0,30802.0,6690551.0
2023-11-14,31062.0,31209.0,31034.0,31119.0,4961758.0
2023-11-15,31770.0,31816.0,31532.0,31795.0,10195495.0
2023-11-16,31770.0,31869.0,31622.0,31770.0,5758436.0
2023-11-17,31746.0,31760.0,31522.0,31608.0,6331400.0
2023-11-20,31561.0,31970.0,31532.0,31859.0,7822593.0
2023-11-21,32018.0,32152.0,31960.0,32013.0,7650082.0
2023-11-22,31790.0,32130.0,31733.0,32070.0,5909574.0
2023-11-23,32083.0,32171.0,31940.0,32074.0,5072757.0
2023-11-24,32074.0,32134.0,31812.0,31821.0,5175685.0
2023-11-27,31831.0,31984.0,31675.0,31785.0,4548642.0
2023-11-28,31893.0,32149.0,31864.0,32149.0,4498723.0
2023-11-29,32098.0,32098.0,31826.0,32047.0,3488967.0
2023-11-30,31974.0,32229.0,31888.0,32229.0,7199513.0
2023-12-01,32065.0,32065.0,31845.0,31864.0,5254247.0
2023-12-04,32093.0,32166.0,31970.0,32028.0,7094443.0
2023-12-05,31878.0,31902.0,31675.0,31675.0,4581927.0
2023-12-06,31826.0,31965.0,31780.0,31780.0,8237942.0
2023-12-07,31679.0,31803.0,31561.0,31656.0,10197699.0
2023-12-08,31921.0,32134.0,31907.0,32116.0,9057244.0
2023-12-11,32181.0,32225.0,31979.0,32225.0,7406912.0
2023-12-12,32306.0,32457.0,32296.0,32359.0,11746103.0
2023-12-13,32345.0,32345.0,32033.0,32047.0,4200703.0
2023-12-14,32480.0,32628.0,32325.0,32434.0,9261766.0
2023-12-15,32538.0,32918.0,32538.0,32619.0,6595322.0
2023-12-18,32705.0,32762.0,32538.0,32724.0,4353709.0
2023-12-19,32638.0,32772.0,32538.0,32754.0,5279939.0
2023-12-20,33000.0,33382.0,32987.0,33382.0,9904841.0
2023-12-21,33136.0,33279.0,33009.0,33165.0,6647208.0
2023-12-22,33474.0,33540.0,33271.0,33271.0,3323750.0
2023-12-26,33436.0,33460.0,33248.0,33407.0,2809344.0
2023-12-27,33469.0,33778.0,33378.0,33778.0,11544446.0
2023-12-28,33791.0,34332.0,33735.0,34332.0,11147354.0
2024-01-02,34157.0,34676.0,34100.0,34541.0,7815352.0
2024-01-03,34147.0,34147.0,33583.0,33583.0,8532058.0
2024-01-04,33325.0,33555.0,33199.0,33287.0,9353614.0
2024-01-05,33276.0,33382.0,33136.0,33194.0,7018655.0
2024-01-08,33368.0,33455.0,33047.0,33084.0,5648786.0
2024-01-09,33516.0,33569.0,32870.0,32962.0,7913132.0
2024-01-10,32962.0,33027.0,32577.0,32601.0,4220877.0
2024-01-11,32663.0,32851.0,32547.0,32653.0,5692252.0
2024-01-12,32538.0,32658.0,32279.0,32340.0,8521871.0
2024-01-15,32429.0,32619.0,32354.0,32475.0,6655128.0
2024-01-16,32284.0,32419.0,31993.0,32033.0,6312554.0
2024-01-17,32161.0,32191.0,31234.0,31248.0,14501053.0
2024-01-18,31337.0,31500.0,31173.0,31393.0,13666008.0
2024-01-19,31723.0,31921.0,31684.0,31864.0,8642930.0
2024-01-22,32201.0,32220.0,31897.0,31897.0,7121726.0
2024-01-23,32047.0,32126.0,31855.0,32065.0,4746396.0
2024-01-24,32088.0,32088.0,31675.0,31940.0,5744797.0
2024-01-25,31960.0,32028.0,31780.0,31979.0,7742168.0
2024-01-26,31826.0,32359.0,31718.0,32038.0,4772540.0
2024-01-29,32144.0,32624.0,32065.0,32415.0,4499525.0
2024-01-30,32583.0,32711.0,32284.0,32359.0,8339972.0
2024-01-31,32116.0,32287.0,32111.0,32201.0,8913193.0
2024-02-01,32161.0,32806.0,32149.0,32755.0,7375638.0
2024-02-02,33020.0,33862.0,32997.0,33811.0,12054746.0
2024-02-05,33721.0,33721.0,32984.0,33400.0,11951671.0
2024-02-06,33265.0,33554.0,33076.0,33274.0,9931001.0
2024-02-07,33439.0,34011.0,33429.0,33744.0,7928901.0
2024-02-08,33882.0,34034.0,33725.0,33782.0,6575315.0
2024-02-13,34185.0,34392.0,34125.0,34195.0,6416189.0
2024-02-14,33668.0,33857.0,33554.0,33730.0,7525129.0
2024-02-15,34083.0,34100.0,33658.0,33683.0,6447240.0
2024-02-16,33953.0,34053.0,33773.0,34020.0,7390473.0
2024-02-19,34120.0,34624.0,34115.0,34553.0,7009421.0
2024-02-20,34458.0,34478.0,33953.0,34148.0,6765867.0
2024-02-21,34130.0,34372.0,33958.0,34073.0,7328025.0
2024-02-22,34392.0,34424.0,34120.0,34247.0,6789450.0
2024-02-23,34553.0,34754.0,34305.0,34353.0,7078732.0
2024-02-26,34148.0,34229.0,33801.0,34078.0,5389370.0
2024-02-27,34090.0,34172.0,33749.0,33786.0,5461726.0
2024-02-28,33872.0,34305.0,33786.0,34200.0,5925830.0
2024-02-29,34078.0,34219.0,33895.0,34110.0,6455119.0
2024-03-04,34468.0,34781.0,34410.0,34601.0,6341744.0
2024-03-05,34490.0,34786.0,34324.0,34324.0,6076461.0
2024-03-06,34153.0,34281.0,34044.0,34200.0,5796061.0
2024-03-07,34333.0,34458.0,34063.0,34224.0,5093730.0
2024-03-08,34634.0,34852.0,34591.0,34725.0,7767086.0
2024-03-11,34524.0,34658.0,34392.0,34434.0,6379322.0
2024-03-12,34543.0,34805.0,34372.0,34730.0,8544936.0
2024-03-13,34862.0,35033.0,34734.0,34891.0,9176414.0
2024-03-14,34929.0,35240.0,34929.0,35206.0,10037267.0
2024-03-15,34920.0,35000.0,34543.0,34543.0,6312614.0
2024-03-18,34653.0,34773.0,34468.0,34764.0,6268690.0
2024-03-19,34490.0,34490.0,34158.0,34348.0,7755794.0
2024-03-20,34610.0,34972.0,34610.0,34953.0,5065615.0
2024-03-21,35520.0,35966.0,35500.0,35900.0,10180748.0
2024-03-22,35895.0,36086.0,35649.0,35795.0,6306466.0
2024-03-25,35939.0,36071.0,35576.0,35654.0,4958616.0
2024-03-26,35953.0,36371.0,35924.0,36004.0,6883660.0
2024-03-27,35818.0,36123.0,35786.0,36024.0,5724639.0
2024-03-28,36009.0,36191.0,35914.0,36004.0,4985227.0
2024-03-29,36162.0,36266.0,35949.0,36123.0,5267314.0
2024-04-01,36461.0,36501.0,36142.0,36147.0,3716750.0
2024-04-02,36123.0,36415.0,36038.0,36248.0,6686792.0
2024-04-03,36029.0,36048.0,35687.0,35702.0,7435875.0
2024-04-04,36101.0,36253.0,36033.0,36208.0,5824217.0
2024-04-05,35862.0,36081.0,35702.0,35837.0,6627350.0
2024-04-08,35914.0,36071.0,35813.0,35989.0,5372977.0
2024-04-09,36172.0,36253.0,35715.0,35767.0,5437235.0
2024-04-11,35201.0,35910.0,35138.0,35752.0,9124150.0
2024-04-12,35757.0,35805.0,35370.0,35404.0,8076192.0
2024-04-15,35162.0,35263.0,34815.0,35249.0,9011705.0
2024-04-16,34805.0,34905.0,34262.0,34434.0,10504172.0
2024-04-17,34504.0,34606.0,34058.0,34058.0,8202931.0
2024-04-18,34148.0,34720.0,34095.0,34653.0,7058098.0
2024-04-19,34120.0,34224.0,33483.0,34001.0,18458004.0
2024-04-22,34290.0,34543.0,34153.0,34458.0,8923896.0
2024-04-23,34533.0,34615.0,34338.0,34419.0,5444201.0
2024-04-24,34886.0,35162.0,34886.0,35053.0,6528383.0
2024-04-25,34624.0,34754.0,34448.0,34448.0,2755192.0
2024-04-26,34810.0,34953.0,34610.0,34844.0,4490974.0
2024-04-29,35132.0,35216.0,34982.0,35186.0,3832119.0
2024-04-30,35206.0,35519.0,35122.0,35310.0,5289767.0
2024-05-02,35027.0,35277.0,35007.0,35182.0,4132260.0
2024-05-03,35552.0,35571.0,35137.0,35152.0,6482394.0
2024-05-07,35721.0,36004.0,35721.0,35966.0,4491002.0
2024-05-08,35948.0,36125.0,35899.0,36092.0,5788576.0
2024-05-09,36111.0,36144.0,35630.0,35688.0,4655022.0
2024-05-10,35994.0,36120.0,35793.0,35870.0,6162758.0
2024-05-13,35970.0,36058.0,35645.0,35803.0,5901874.0
2024-05-14,35899.0,35928.0,35759.0,35875.0,6553581.0
2024-05-16,36487.0,36563.0,36189.0,36216.0,6740250.0
2024-05-17,36144.0,36174.0,35788.0,35793.0,4894744.0
2024-05-20,36111.0,36317.0,35989.0,36092.0,4615318.0
2024-05-21,35970.0,36053.0,35855.0,35904.0,6032423.0
2024-05-22,35840.0,36009.0,35600.0,35904.0,6620951.0
2024-05-23,35855.0,36072.0,35630.0,35904.0,5424356.0
2024-05-24,35372.0,35480.0,35250.0,35343.0,5856509.0
2024-05-27,35441.0,35913.0,35363.0,35835.0,6900853.0
2024-05-28,35726.0,35943.0,35673.0,35875.0,4210208.0
2024-05-29,35745.0,35830.0,35277.0,35348.0,8709994.0
2024-05-30,35051.0,35056.0,34681.0,34710.0,6942205.0
2024-05-31,34997.0,35078.0,34696.0,34696.0,5209594.0
2024-06-03,34941.0,35461.0,34926.0,35319.0,4891043.0
2024-06-04,35098.0,35245.0,34987.0,35061.0,5419012.0
2024-06-05,35353.0,35514.0,35098.0,35412.0,5337225.0
2024-06-07,35749.0,36029.0,35650.0,35880.0,5780919.0
2024-06-10,35461.0,35773.0,35343.0,35566.0,3986519.0
2024-06-11,35640.0,35678.0,35417.0,35600.0,3028063.0
2024-06-12,35528.0,35913.0,35528.0,35913.0,2912032.0
2024-06-13,36357.0,36593.0,36159.0,36159.0,6064888.0
2024-06-14,36179.0,36415.0,36120.0,36279.0,6544510.0
2024-06-17,36102.0,36261.0,35999.0,36082.0,7473999.0
2024-06-18,36332.0,36525.0,36236.0,36462.0,5027042.0
2024-06-19,36800.0,37026.0,36766.0,37006.0,6787552.0
2024-06-20,36972.0,37238.0,36925.0,37152.0,4618808.0
2024-06-21,36862.0,36933.0,36637.0,36834.0,5962002.0
2024-06-24,36563.0,36666.0,36400.0,36554.0,4446526.0
2024-06-25,36563.0,36748.0,36521.0,36661.0,4503204.0
2024-06-26,36487.0,36962.0,36424.0,36962.0,6590675.0
2024-06-27,36583.0,36943.0,36502.0,36920.0,5609144.0
2024-06-28,37055.0,37138.0,36901.0,37138.0,5541476.0
2024-07-01,36987.0,37234.0,36952.0,37210.0,3925501.0
2024-07-02,37011.0,37161.0,36834.0,36943.0,5891381.0
2024-07-03,37098.0,37113.0,36786.0,37098.0,5008032.0
2024-07-04,37397.0,37595.0,37387.0,37595.0,6221714.0
2024-07-05,37791.0,38428.0,37782.0,38288.0,7128834.0
2024-07-08,38245.0,38370.0,38154.0,38163.0,4371445.0
2024-07-09,38403.0,38413.0,38072.0,38298.0,5068832.0
2024-07-10,38149.0,38342.0,38140.0,38283.0,3618189.0
2024-07-11,38593.0,38722.0,38403.0,38521.0,7760896.0
2024-07-12,38217.0,38283.0,37824.0,37991.0,5468717.0
2024-07-15,38202.0,38236.0,37883.0,38231.0,4535023.0
2024-07-16,38105.0,38375.0,38062.0,38254.0,7295100.0
2024-07-17,38259.0,38279.0,37912.0,37936.0,4893124.0
2024-07-18,37451.0,37659.0,37292.0,37659.0,5993249.0
2024-07-19,37243.0,37305.0,36948.0,37215.0,5854736.0
2024-07-22,37180.0,37224.0,36647.0,36844.0,5701754.0
2024-07-23,37118.0,37267.0,36867.0,36948.0,5164859.0
2024-07-24,36637.0,36996.0,36559.0,36733.0,6172863.0
2024-07-25,36202.0,36251.0,35923.0,36062.0,6330502.0
2024-07-26,36134.0,36366.0,36058.0,36256.0,3094111.0
2024-07-29,36487.0,36830.0,36381.0,36689.0,2653551.0
2024-07-30,36268.0,36423.0,36210.0,36346.0,5827597.0
2024-07-31,36346.0,36877.0,36273.0,36877.0,4098185.0
2024-08-01,37178.0,37208.0,36877.0,36907.0,5977972.0
2024-08-02,36022.0,36095.0,35268.0,35421.0,9186314.0
2024-08-05,34493.0,34493.0,31382.0,32170.0,27159528.0
2024-08-06,33454.0,34049.0,32723.0,33062.0,24511313.0
2024-08-07,32926.0,34174.0,32791.0,33817.0,11662856.0
2024-08-08,33232.0,33792.0,33043.0,33566.0,10096932.0
2024-08-09,34202.0,34232.0,33846.0,34024.0,8570225.0
2024-08-12,34271.0,34547.0,34197.0,34415.0,5821121.0
2024-08-13,34547.0,34716.0,34363.0,34532.0,5016358.0
2024-08-14,34963.0,35055.0,34756.0,34856.0,6454927.0
2024-08-16,35631.0,35770.0,35491.0,35684.0,8744295.0
2024-08-19,35790.0,35813.0,35225.0,35368.0,6963585.0
2024-08-20,35751.0,35891.0,35591.0,35723.0,5657357.0
2024-08-21,35496.0,35751.0,35491.0,35674.0,7004959.0
2024-08-22,35785.0,35832.0,35534.0,35728.0,5757780.0
2024-08-23,35510.0,35832.0,35496.0,35704.0,5960835.0
2024-08-26,35813.0,35857.0,35397.0,35515.0,4358140.0
2024-08-27,35481.0,35496.0,35245.0,35334.0,4531897.0
2024-08-28,35310.0,35397.0,35082.0,35397.0,6934180.0
2024-08-29,34842.0,35050.0,34736.0,34929.0,6712006.0
2024-08-30,35121.0,35220.0,34977.0,35111.0,5131163.0
2024-09-02,35111.0,35151.0,34693.0,35073.0,6640378.0
2024-09-03,35073.0,35230.0,34776.0,34779.0,5701085.0
2024-09-04,33725.0,34001.0,33512.0,33570.0,7414479.0
2024-09-05,33734.0,34034.0,33331.0,33517.0,5527144.0
2024-09-06,33541.0,33566.0,32981.0,33218.0,5342635.0
2024-09-09,32539.0,33119.0,32403.0,32994.0,6153463.0
2024-09-10,33013.0,33094.0,32743.0,32853.0,5394720.0
2024-09-11,32782.0,32806.0,32264.0,32544.0,5186140.0
2024-09-12,32991.0,33288.0,32931.0,33288.0,4721991.0
2024-09-13,33306.0,33512.0,33114.0,33360.0,4964693.0
2024-09-19,33561.0,33589.0,32853.0,33302.0,6247400.0
2024-09-20,33667.0,33854.0,33384.0,33384.0,7106505.0
2024-09-23,33478.0,33561.0,33350.0,33488.0,4802181.0
2024-09-24,33667.0,33888.0,33394.0,33888.0,6422168.0
2024-09-25,34202.0,34373.0,33389.0,33389.0,8011747.0
2024-09-26,33976.0,34512.0,33961.0,34512.0,7229986.0
2024-09-27,34595.0,34847.0,34373.0,34373.0,6999439.0
2024-09-30,34590.0,34658.0,33585.0,33585.0,7416897.0
2024-10-02,33043.0,33537.0,32981.0,33232.0,6327645.0
2024-10-04,33148.0,33507.0,33023.0,33218.0,6611574.0
2024-10-07,33297.0,33832.0,33057.0,33744.0,5828689.0
2024-10-08,33473.0,33589.0,33311.0,33488.0,4557063.0
2024-10-10,33759.0,33807.0,33502.0,33551.0,6696768.0
2024-10-11,33754.0,33908.0,33537.0,33593.0,5773647.0
2024-10-14,33662.0,34111.0,33662.0,33991.0,5921721.0
2024-10-15,34165.0,34187.0,33893.0,34111.0,5591656.0
2024-10-16,33642.0,33937.0,33556.0,33802.0,6898913.0
2024-10-17,33903.0,33942.0,33705.0,33879.0,5825218.0
2024-10-18,33942.0,33996.0,33527.0,33682.0,6376724.0
2024-10-21,33700.0,33937.0,33575.0,33778.0,4862800.0
2024-10-22,33642.0,33677.0,33188.0,33285.0,8079978.0
2024-10-23,33316.0,33841.0,33193.0,33715.0,6904400.0
2024-10-24,33517.0,33642.0,33365.0,33434.0,7261568.0
2024-10-25,33478.0,33759.0,33331.0,33459.0,6041055.0
2024-10-28,33502.0,33822.0,33473.0,33764.0,3631164.0
2024-10-29,33710.0,33851.0,33522.0,33851.0,4298494.0
2024-10-30,33754.0,33802.0,33428.0,33526.0,6839359.0
2024-10-31,33211.0,33369.0,33006.0,33083.0,8093241.0
2024-11-01,32827.0,33055.0,32730.0,32850.0,5148527.0
2024-11-04,32933.0,33418.0,32841.0,33398.0,6335590.0
2024-11-05,33088.0,33340.0,33031.0,33211.0,6431115.0
2024-11-06,33344.0,33458.0,32855.0,33132.0,9101001.0
2024-11-07,32988.0,33349.0,32813.0,33117.0,6865625.0
2024-11-08,33428.0,33545.0,32983.0,33078.0,7571851.0
2024-11-11,32870.0,32874.0,32438.0,32545.0,8002634.0
2024-11-12,32384.0,32476.0,31826.0,31865.0,9714267.0
2024-11-13,31609.0,31794.0,31002.0,31050.0,10932103.0
2024-11-14,31095.0,31301.0,30874.0,30918.0,10571383.0
2024-11-15,30933.0,31331.0,30750.0,31143.0,8764337.0
2024-11-18,31487.0,32123.0,31468.0,31865.0,6069595.0
2024-11-19,31812.0,32052.0,31807.0,31977.0,7314186.0
2024-11-20,31924.0,32113.0,31846.0,32042.0,4830159.0
2024-11-21,31870.0,32254.0,31856.0,32080.0,8133830.0
2024-11-22,32229.0,32516.0,32170.0,32365.0,5158782.0
2024-11-25,32657.0,32874.0,32535.0,32745.0,7003566.0
2024-11-26,32535.0,32672.0,32481.0,32642.0,5175398.0
2024-11-27,32540.0,32672.0,32302.0,32389.0,5714351.0
2024-11-28,32297.0,32442.0,32224.0,32292.0,3775427.0
2024-11-29,32175.0,32175.0,31463.0,31681.0,9288058.0
2024-12-02,31992.0,32042.0,31618.0,31739.0,7573424.0
2024-12-03,31899.0,32284.0,31899.0,32205.0,5873445.0
2024-12-04,31638.0,32002.0,31520.0,31769.0,11697168.0
2024-12-05,31794.0,31836.0,31423.0,31545.0,9060946.0
2024-12-06,31628.0,31769.0,30904.0,31384.0,12627381.0
2024-12-09,30943.0,31075.0,30575.0,30604.0,10984011.0
2024-12-10,30904.0,31297.0,30889.0,31225.0,5822516.0
2024-12-11,31085.0,31570.0,31070.0,31550.0,4813200.0
2024-12-12,31749.0,32100.0,31633.0,32002.0,6979990.0
2024-12-13,31924.0,32279.0,31846.0,32146.0,7408410.0
2024-12-16,32365.0,32457.0,31968.0,32032.0,5130028.0
2024-12-17,31987.0,32007.0,31613.0,31661.0,5624199.0
2024-12-18,31739.0,32205.0,31739.0,32108.0,4571624.0
2024-12-19,31306.0,31540.0,31230.0,31379.0,5874003.0
2024-12-20,31249.0,31249.0,30696.0,30928.0,9996384.0
2024-12-23,31196.0,31555.0,31085.0,31448.0,7135403.0
2024-12-24,31589.0,31623.0,31341.0,31473.0,5358295.0
2024-12-26,31584.0,31584.0,31263.0,31287.0,3302888.0
2024-12-27,31235.0,31369.0,30938.0,31201.0,4995958.0
2024-12-30,31090.0,31497.0,31007.0,31119.0,4288144.0
2025-01-02,30992.0,31153.0,30807.0,31050.0,5908236.0
2025-01-03,31040.0,31890.0,31031.0,31671.0,9208923.0
2025-01-06,31769.0,32428.0,31720.0,32352.0,7850557.0
2025-01-07,32657.0,32865.0,32352.0,32361.0,7919070.0
2025-01-08,32090.0,32846.0,32090.0,32672.0,8396888.0
2025-01-09,32657.0,32983.0,32617.0,32696.0,9249667.0
2025-01-10,32677.0,32874.0,32496.0,32647.0,10814173.0
2025-01-13,32466.0,32565.0,32132.0,32214.0,8249597.0
2025-01-14,32403.0,32428.0,32104.0,32356.0,6058111.0
2025-01-15,32481.0,32725.0,32239.0,32307.0,7310917.0
2025-01-16,32750.0,32894.0,32657.0,32769.0,6936641.0
2025-01-17,32637.0,32793.0,32525.0,32700.0,5568537.0
2025-01-20,32860.0,32874.0,32575.0,32647.0,5853204.0
2025-01-21,32846.0,33097.0,32491.0,32677.0,7340014.0
2025-01-22,32909.0,33151.0,32745.0,33050.0,5165070.0
2025-01-23,33006.0,33016.0,32647.0,32696.0,4070011.0
2025-01-24,32856.0,33033.0,32726.0,32890.0,8019739.0
2025-01-31,32530.0,32617.0,32287.0,32570.0,7984160.0
2025-02-03,31873.0,31873.0,31434.0,31678.0,16025055.0
2025-02-04,32068.0,32525.0,31941.0,32073.0,12378331.0
2025-02-05,32418.0,32607.0,32341.0,32452.0,6673607.0
2025-02-06,32662.0,32789.0,32521.0,32780.0,5203971.0
2025-02-07,32799.0,32828.0,32530.0,32565.0,8067852.0
2025-02-10,32393.0,32711.0,32248.0,32632.0,6665432.0
2025-02-11,32804.0,33048.0,32701.0,32890.0,8000915.0
2025-02-12,32837.0,32974.0,32657.0,32934.0,8211203.0
2025-02-13,33048.0,33299.0,33018.0,33299.0,6775558.0
2025-02-14,33352.0,33621.0,33313.0,33465.0,7868660.0
2025-02-17,33578.0,33753.0,33509.0,33709.0,5389972.0
2025-02-18,33743.0,34016.0,33656.0,33957.0,5108176.0
2025-02-19,34084.0,34795.0,34084.0,34648.0,6414890.0
2025-02-20,34557.0,34600.0,34298.0,34346.0,8363743.0
2025-02-21,34424.0,34424.0,34152.0,34386.0,6572255.0
2025-02-24,34092.0,34175.0,33948.0,34171.0,7085900.0
2025-02-25,33753.0,34107.0,33724.0,33992.0,6014751.0
2025-02-26,33957.0,34274.0,33816.0,34162.0,5339296.0
2025-02-27,34190.0,34210.0,33850.0,34025.0,7024273.0
2025-02-28,33480.0,33514.0,32775.0,32895.0,19963304.0
2025-03-04,32731.0,33033.0,32565.0,32814.0,7421597.0
2025-03-05,33052.0,33247.0,32785.0,33062.0,8659408.0
2025-03-06,33218.0,33490.0,33158.0,33386.0,7362990.0
2025-03-07,33080.0,33377.0,32900.0,33232.0,4664249.0
2025-03-10,33038.0,33406.0,32998.0,33308.0,4904473.0
2025-03-11,32521.0,33028.0,32423.0,32934.0,8002161.0
2025-03-12,33080.0,33539.0,32919.0,33456.0,7261642.0
2025-03-13,33656.0,33831.0,33267.0,33294.0,8990031.0
2025-03-14,33333.0,33578.0,33276.0,33480.0,7118021.0
2025-03-17,33733.0,34190.0,33733.0,34132.0,5644332.0
2025-03-18,34522.0,34648.0,34147.0,34215.0,6362417.0
2025-03-19,34235.0,34715.0,34235.0,34507.0,4823091.0
2025-03-20,34762.0,34877.0,34571.0,34742.0,5778463.0
2025-03-21,34668.0,34960.0,34595.0,34906.0,6419635.0
2025-03-24,34772.0,34994.0,34663.0,34786.0,6445881.0
2025-03-25,34989.0,34999.0,34547.0,34624.0,6747457.0
2025-03-26,34772.0,35029.0,34648.0,34916.0,5264113.0
2025-03-27,34557.0,34805.0,34459.0,34488.0,7383740.0
2025-03-28,34346.0,34346.0,33763.0,33933.0,9669124.0
2025-03-31,33323.0,33323.0,32880.0,32979.0,11278735.0
2025-04-01,33227.0,33578.0,33052.0,33451.0,9388058.0
2025-04-02,33495.0,33539.0,33148.0,33285.0,6979236.0
2025-04-03,32283.0,32900.0,32233.0,32871.0,11395417.0
2025-04-04,32447.0,33124.0,32145.0,32580.0,21032777.0
2025-04-07,31123.0,31211.0,30577.0,30724.0,25876264.0
2025-04-08,31307.0,31356.0,30577.0,30710.0,20315014.0
2025-04-09,30645.0,30739.0,30032.0,30198.0,18319124.0
2025-04-10,31883.0,32059.0,31522.0,32059.0,12146039.0
2025-04-11,31527.0,31961.0,31415.0,31961.0,12613616.0
2025-04-14,32135.0,32360.0,32063.0,32164.0,5658188.0
2025-04-15,32208.0,32570.0,32208.0,32481.0,8973448.0
2025-04-16,32346.0,32403.0,31961.0,31975.0,7223974.0
2025-04-17,32063.0,32351.0,31995.0,32292.0,6996676.0
2025-04-18,32346.0,32511.0,32243.0,32511.0,6064566.0
2025-04-21,32516.0,32706.0,32423.0,32555.0,5053054.0
2025-04-22,32393.0,32612.0,32383.0,32447.0,5817008.0
2025-04-23,32989.0,33076.0,32824.0,33033.0,6865389.0
2025-04-24,33038.0,33080.0,32765.0,32974.0,6914264.0
2025-04-25,33333.0,33436.0,33168.0,33280.0,5946699.0
2025-04-28,33338.0,33456.0,33247.0,33304.0,2998660.0
2025-04-29,33398.0,33710.0,33285.0,33532.0,7160484.0
2025-04-30,33498.0,33661.0,33319.0,33463.0,6418313.0
2025-05-02,33438.0,33641.0,33222.0,33493.0,5724156.0
2025-05-07,33852.0,33922.0,33567.0,33779.0,6934565.0
2025-05-08,33833.0,33991.0,33779.0,33793.0,6351603.0
2025-05-09,33857.0,33937.0,33685.0,33788.0,6512489.0
2025-05-12,34021.0,34267.0,33951.0,34267.0,6434494.0
2025-05-13,34414.0,34558.0,34267.0,34345.0,8610172.0
2025-05-14,34656.0,34962.0,34577.0,34805.0,9732817.0
2025-05-15,34711.0,34883.0,34503.0,34548.0,6790336.0
2025-05-16,34676.0,34785.0,34582.0,34676.0,6527589.0
2025-05-19,34508.0,34543.0,34163.0,34286.0,7840890.0
2025-05-20,34553.0,34636.0,34316.0,34355.0,6144370.0
2025-05-21,34518.0,34763.0,34508.0,34573.0,6370385.0
2025-05-22,34380.0,34414.0,34045.0,34128.0,4479548.0
2025-05-23,34222.0,34301.0,34128.0,34158.0,5661910.0
2025-05-26,34242.0,34736.0,34217.0,34701.0,5740058.0
2025-05-27,34607.0,34839.0,34573.0,34810.0,6282311.0
2025-05-28,34922.0,35608.0,34868.0,35283.0,11230165.0
2025-05-29,35683.0,36007.0,35539.0,35982.0,14101042.0
2025-05-30,35849.0,35953.0,35578.0,35638.0,7813287.0
2025-06-02,35539.0,35973.0,35450.0,35623.0,7501104.0
2025-06-04,36106.0,36653.0,36101.0,36624.0,10340323.0
2025-06-05,36909.0,37650.0,36879.0,37265.0,13114538.0
2025-06-09,37845.0,38157.0,37758.0,37910.0,12757407.0
2025-06-10,38167.0,38349.0,37801.0,38133.0,9934995.0
2025-06-11,38324.0,38646.0,38255.0,38581.0,6729450.0
2025-06-12,38606.0,38921.0,38576.0,38651.0,10682165.0
2025-06-13,38797.0,38837.0,38123.0,38324.0,9099096.0
2025-06-16,38458.0,39064.0,38207.0,39024.0,10287560.0
2025-06-17,39168.0,39852.0,38872.0,39128.0,13417860.0
2025-06-18,38857.0,39617.0,38832.0,39459.0,12785741.0
2025-06-19,39716.0,39832.0,39203.0,39523.0,11601010.0
2025-06-20,39687.0,40100.0,39484.0,40075.0,11835842.0
2025-06-23,39701.0,40095.0,39331.0,40035.0,12533083.0
2025-06-24,40652.0,41387.0,40652.0,41358.0,13712100.0
2025-06-25,41638.0,41791.0,41126.0,41486.0,15204201.0
2025-06-26,41486.0,41589.0,40579.0,41111.0,14118087.0
2025-06-27,41116.0,41368.0,40721.0,40859.0,10602270.0
2025-06-30,41111.0,41363.0,40963.0,41121.0,9929987.0
2025-07-01,41308.0,41964.0,41239.0,41239.0,10838548.0
2025-07-02,41145.0,41308.0,40574.0,41081.0,12262138.0
2025-07-03,41368.0,41723.0,41225.0,41718.0,12294553.0
2025-07-04,41884.0,41899.0,40909.0,40914.0,13401991.0
2025-07-07,40706.0,41136.0,40534.0,40978.0,11633263.0
2025-07-08,41106.0,41800.0,41071.0,41737.0,12562821.0
2025-07-09,41751.0,41949.0,41550.0,41859.0,10162207.0
2025-07-10,41979.0,42438.0,41796.0,42403.0,13177465.0
2025-07-11,42487.0,43038.0,42358.0,42428.0,13658697.0
2025-07-14,42388.0,42891.0,42333.0,42821.0,9994270.0
2025-07-15,42709.0,43108.0,42545.0,43103.0,12706548.0
2025-07-16,43009.0,43014.0,42550.0,42699.0,10230867.0
2025-07-17,42841.0,42881.0,42216.0,42781.0,10676549.0
2025-07-18,42866.0,43023.0,42506.0,42736.0,9894095.0
2025-07-21,42714.0,43153.0,42709.0,43083.0,8672787.0
2025-07-22,43053.0,43212.0,42293.0,42492.0,12536344.0
2025-07-23,42786.0,42881.0,42107.0,42644.0,11139969.0
2025-07-24,42896.0,43375.0,42565.0,42600.0,13477204.0
2025-07-25,42506.0,42886.0,42482.0,42709.0,9699968.0
2025-07-28,43103.0,43222.0,42487.0,42931.0,7445871.0
2025-07-29,42751.0,43285.0,42368.0,43222.0,6812805.0
2025-07-30,43212.0,43864.0,43187.0,43593.0,9910141.0
2025-07-31,43934.0,44088.0,43301.0,43488.0,13928479.0
2025-08-01,42860.0,42954.0,41682.0,41722.0,17725833.0
2025-08-04,41712.0,42325.0,41524.0,42203.0,11597115.0
2025-08-05,42677.0,43033.0,42460.0,42775.0,11314089.0
2025-08-06,42480.0,42770.0,42395.0,42750.0,8052244.0
2025-08-07,43063.0,43123.0,42717.0,43118.0,9610208.0
2025-08-08,43158.0,43286.0,42880.0,43014.0,11141543.0
2025-08-11,43073.0,43172.0,42885.0,43023.0,7755656.0
2025-08-12,43068.0,43583.0,42845.0,42885.0,9150931.0
2025-08-13,43301.0,43366.0,42890.0,43326.0,10434748.0
2025-08-14,43434.0,43558.0,43123.0,43286.0,8701864.0
2025-08-18,43063.0,43063.0,42632.0,42632.0,7723402.0
2025-08-19,42745.0,42800.0,42217.0,42330.0,8238619.0
2025-08-20,41949.0,42108.0,41419.0,42078.0,12605628.0
2025-08-21,42178.0,42524.0,42108.0,42183.0,6235950.0
2025-08-22,42455.0,42745.0,42395.0,42533.0,9100239.0
2025-08-25,42905.0,43053.0,42707.0,43053.0,7735790.0
2025-08-26,42920.0,42969.0,42558.0,42647.0,9189440.0
2025-08-27,42692.0,42735.0,42395.0,42717.0,8303494.0
2025-08-28,42504.0,43128.0,42355.0,42935.0,7161243.0
2025-08-29,43063.0,43153.0,42730.0,42770.0,10235461.0
2025-09-01,42385.0,42558.0,41949.0,42053.0,6717424.0
2025-09-02,42153.0,42560.0,42153.0,42499.0,8599525.0
2025-09-03,42509.0,42780.0,42440.0,42712.0,7655152.0
2025-09-04,42692.0,43043.0,42687.0,42870.0,7713644.0
2025-09-05,43004.0,43177.0,42880.0,43043.0,8949792.0
2025-09-08,43143.0,43236.0,43009.0,43212.0,7288080.0
2025-09-09,43336.0,43849.0,43217.0,43801.0,11909149.0
2025-09-10,43959.0,44795.0,43959.0,44721.0,15120204.0
2025-09-11,44989.0,45163.0,44647.0,45014.0,10470923.0
2025-09-12,45528.0,45989.0,45415.0,45924.0,11756635.0
2025-09-15,46262.0,46449.0,45954.0,46198.0,11173790.0
2025-09-16,46291.0,47024.0,46242.0,46950.0,9948269.0
2025-09-17,46672.0,46672.0,46247.0,46374.0,11825270.0
2025-09-18,46701.0,47221.0,46499.0,47188.0,11833697.0
2025-09-19,47265.0,47390.0,46890.0,47014.0,10760088.0
2025-09-22,47290.0,47741.0,47270.0,47474.0,12360854.0
2025-09-23,47831.0,47984.0,47523.0,47856.0,11042030.0
2025-09-24,47904.0,48044.0,47270.0,47706.0,12741718.0
2025-09-25,47435.0,47836.0,47370.0,47721.0,11283061.0
2025-09-26,47226.0,47251.0,46217.0,46578.0,14167443.0
2025-09-29,46890.0,47382.0,46890.0,47290.0,8580092.0
2025-09-30,47270.0,47425.0,47078.0,47163.0,6959283.0
2025-10-01,47370.0,47731.0,47370.0,47658.0,6095666.0
2025-10-02,48815.0,49573.0,48643.0,49079.0,19845846.0
2025-10-10,49999.0,50554.0,49678.0,50325.0,16114546.0
2025-10-13,49285.0,49866.0,48905.0,49866.0,12685313.0
2025-10-14,50113.0,50835.0,48975.0,49360.0,18451583.0
2025-10-15,49603.0,50771.0,49558.0,50731.0,14858014.0
2025-10-16,50811.0,52063.0,50811.0,52063.0,17720608.0
2025-10-17,51841.0,52920.0,51731.0,52211.0,15888191.0
2025-10-20,52662.0,53186.0,51846.0,53166.0,13950926.0
2025-10-21,53648.0,54405.0,53133.0,53281.0,17090550.0
2025-10-22,53113.0,53890.0,52609.0,53885.0,15762745.0
2025-10-23,53088.0,54206.0,52920.0,53315.0,13639722.0
2025-10-24,54013.0,54815.0,53856.0,54707.0,16095106.0
2025-10-27,55599.0,56226.0,55530.0,56211.0,18841079.0
2025-10-28,55780.0,55820.0,55088.0,55652.0,13294379.0
2025-10-29,56336.0,56845.0,55594.0,56816.0,14747707.0
2025-10-30,57397.0,57928.0,56818.0,57015.0,23822674.0
2025-10-31,57168.0,57744.0,56726.0,57709.0,18684905.0
2025-11-03,57848.0,59482.0,57684.0,59482.0,19865005.0
2025-11-04,59472.0,59561.0,57808.0,57843.0,23507720.0
2025-11-05,56746.0,56851.0,54062.0,56240.0,34221130.0
2025-11-06,57596.0,57785.0,55833.0,56549.0,17737966.0
2025-11-07,55527.0,56706.0,54564.0,55527.0,22311917.0
2025-11-10,56087.0,57566.0,55933.0,57223.0,13714219.0
2025-11-11,58012.0,59085.0,57228.0,57759.0,18675140.0
2025-11-12,57709.0,58509.0,57417.0,58360.0,12520435.0
2025-11-13,57953.0,58915.0,57918.0,58627.0,12653702.0
2025-11-14,56885.0,57268.0,56087.0,56087.0,17230983.0
2025-11-17,56970.0,57362.0,56648.0,57283.0,12074574.0
2025-11-18,56554.0,57060.0,55312.0,55382.0,15691070.0
2025-11-19,55507.0,55538.0,53923.0,54995.0,18709211.0
2025-11-20,56604.0,57060.0,56077.0,56176.0,17090149.0
2025-11-21,53779.0,54235.0,53521.0,53819.0,20427372.0
2025-11-24,54787.0,54950.0,53720.0,53804.0,15288743.0
2025-11-25,55327.0,55502.0,53829.0,54195.0,14072154.0
2025-11-26,54667.0,55660.0,54310.0,55660.0,14756166.0
2025-11-27,56166.0,56721.0,55793.0,56052.0,12129219.0
2025-11-28,56315.0,56315.0,55139.0,55233.0,11274351.0
2025-12-01,55788.0,56002.0,54662.0,55158.0,9307831.0
2025-12-02,55507.0,56380.0,55412.0,56250.0,10219468.0
2025-12-03,56469.0,57178.0,56171.0,56866.0,14718472.0
2025-12-04,56579.0,56721.0,56017.0,56721.0,11190946.0
2025-12-05,56589.0,57803.0,56340.0,57803.0,14291840.0
2025-12-08,58017.0,58584.0,57482.0,58579.0,12178169.0
2025-12-09,58330.0,58608.0,58027.0,58265.0,7828310.0
2025-12-10,58410.0,58866.0,58097.0,58240.0,8034851.0
2025-12-11,58589.0,58866.0,57744.0,57764.0,8716040.0
2025-12-12,58052.0,58642.0,57808.0,58554.0,9192183.0
2025-12-15,57133.0,57689.0,56915.0,57223.0,11276641.0
2025-12-16,57143.0,57337.0,55938.0,55978.0,12312912.0
2025-12-17,56206.0,57080.0,55908.0,57060.0,10237211.0
2025-12-18,56151.0,56811.0,55938.0,56395.0,14426782.0
2025-12-19,57223.0,57293.0,56415.0,56692.0,9663938.0
2025-12-22,57903.0,58042.0,57654.0,57988.0,10345933.0
2025-12-23,58275.0,58642.0,58102.0,58156.0,10224922.0
2025-12-24,58479.0,58539.0,58156.0,58171.0,9395221.0
2025-12-26,58410.0,58970.0,58375.0,58667.0,8078480.0
2025-12-29,59193.0,60295.0,59183.0,60265.0,12285265.0
2025-12-30,60003.0,60677.0,59878.0,60440.0,11064793.0
2026-01-02,60460.0,62290.0,60460.0,62191.0,10836968.0
2026-01-05,63372.0,64632.0,63372.0,64553.0,14601644.0
2026-01-06,64359.0,65729.0,63595.0,65714.0,17926989.0
2026-01-07,66519.0,67317.0,65262.0,66220.0,17802516.0
2026-01-08,65774.0,67501.0,65739.0,66121.0,12835367.0
2026-01-09,65839.0,66891.0,65317.0,66677.0,13930111.0
2026-01-12,67526.0,67684.0,66310.0,67103.0,13556070.0
2026-01-13,67640.0,68013.0,67178.0,67953.0,13575560.0
2026-01-14,67814.0,68389.0,67670.0,68325.0,11102194.0
2026-01-15,68086.0,69491.0,68023.0,69491.0,10399514.0
2026-01-16,69719.0,70568.0,69491.0,70225.0,16582463.0
2026-01-19,70042.0,71526.0,69972.0,71243.0,12523688.0
2026-01-20,71093.0,71540.0,69874.0,70657.0,16392832.0
2026-01-21,69377.0,71397.0,69317.0,71218.0,16194383.0
2026-01-22,72588.0,73168.0,71734.0,71987.0,17765273.0
2026-01-23,72459.0,73049.0,71570.0,72479.0,15020257.0
2026-01-26,72593.0,73054.0,71700.0,71764.0,14463770.0
2026-01-27,71531.0,74270.0,70885.0,74215.0,13763144.0
2026-01-28,75084.0,75928.0,74766.0,75605.0,14098874.0
2026-01-29,76698.0,77086.0,74105.0,76539.0,21842408.0
2026-01-30,75994.0,78234.0,75969.0,76808.0,16125496.0
2026-02-02,75193.0,76212.0,72123.0,72232.0,27508162.0
2026-02-03,74965.0,77787.0,74796.0,77787.0,15810755.0
2026-02-04,77135.0,79038.0,76768.0,78875.0,19304898.0
2026-02-05,76654.0,77667.0,75138.0,75521.0,23795632.0
2026-02-06,73176.0,75168.0,71641.0,74711.0,23425551.0
2026-02-09,77861.0,78433.0,77499.0,77836.0,17407612.0
2026-02-10,78790.0,79023.0,77851.0,77931.0,14812007.0
2026-02-11,77722.0,79073.0,77125.0,78606.0,12724788.0
2026-02-12,79749.0,81458.0,79416.0,81448.0,19819586.0
2026-02-13,81259.0,82585.0,80827.0,81334.0,18208361.0
2026-02-19,83371.0,83986.0,82876.0,83848.0,19423426.0
2026-02-20,84031.0,85875.0,83872.0,85745.0,16679367.0
2026-02-23,87459.0,87907.0,85606.0,86381.0,20355395.0
2026-02-24,86465.0,88577.0,85353.0,88512.0,19548087.0
2026-02-25,89282.0,91260.0,88701.0,90306.0,26351127.0
2026-02-26,90966.0,94483.0,90738.0,94414.0,24882921.0
2026-02-27,92393.0,95105.0,91886.0,93515.0,32780794.0
2026-03-03,91443.0,92193.0,86147.0,86147.0,39592308.0
2026-03-04,82744.0,84552.0,75248.0,75412.0,70577788.0
2026-03-05,83474.0,86142.0,81646.0,83032.0,44192773.0
2026-03-06,81229.0,83261.0,79734.0,83022.0,25791458.0
2026-03-09,77125.0,78448.0,75108.0,77727.0,32820741.0
2026-03-10,82168.0,83450.0,80503.0,82367.0,22467031.0
2026-03-11,84404.0,85531.0,82511.0,83286.0,20965675.0
2026-03-12,82530.0,83551.0,81850.0,82665.0,12784681.0
2026-03-13,79575.0,81984.0,79411.0,81015.0,18528932.0
2026-03-16,81433.0,82620.0,80713.0,82452.0,17187323.0
2026-03-17,85149.0,85373.0,83976.0,84090.0,17147886.0
2026-03-18,86083.0,89004.0,86053.0,88796.0,20796035.0
2026-03-19,85720.0,87827.0,85675.0,86192.0,19749980.0
2026-03-20,86769.0,87186.0,85948.0,86103.0,14438578.0
2026-03-23,82630.0,82824.0,80136.0,80503.0,31766873.0
2026-03-24,84190.0,84275.0,80370.0,82967.0,25737613.0
2026-03-25,84752.0,85899.0,83758.0,83966.0,16688895.0
2026-03-26,83062.0,83226.0,80698.0,81075.0,17230575.0
2026-03-27,78378.0,81020.0,77240.0,80703.0,16242466.0
2026-03-30,76828.0,78641.0,76212.0,78174.0,18102961.0
2026-03-31,75794.0,77572.0,74627.0,74945.0,23904725.0
2026-04-01,79421.0,82278.0,78378.0,81641.0,22175835.0
2026-04-02,82680.0,83216.0,76524.0,77687.0,34843942.0
2026-04-03,79694.0,80678.0,79093.0,80056.0,14798479.0
2026-04-06,80887.0,82322.0,80685.0,81224.0,13151065.0
2026-04-07,83017.0,83843.0,81160.0,82238.0,19777377.0
2026-04-08,87285.0,89490.0,86838.0,88428.0,29518492.0
2026-04-09,87742.0,88164.0,86510.0,86689.0,20685831.0
2026-04-10,88224.0,89228.0,87950.0,88085.0,12190492.0
2026-04-13,85909.0,87523.0,85855.0,87315.0,13746773.0
2026-04-14,89665.0,91011.0,89377.0,89849.0,17141970.0
2026-04-15,92805.0,93574.0,91612.0,92069.0,22702139.0
2026-04-16,92859.0,94146.0,92436.0,94101.0,16958325.0
2026-04-17,93947.0,94076.0,93028.0,93445.0,13201259.0
2026-04-20,93878.0,94822.0,93152.0,93893.0,14367775.0
2026-04-21,95065.0,96386.0,95010.0,96297.0,18312332.0
2026-04-22,96362.0,96774.0,95224.0,96675.0,18615510.0
2026-04-23,97803.0,99213.0,95060.0,97723.0,24122147.0
2026-04-24,98060.0,98393.0,96287.0,97370.0,16372095.0
2026-04-27,98349.0,100514.0,98269.0,99596.0,15858979.0
2026-04-28,100207.0,101399.0,99775.0,100053.0,14398891.0
2026-04-29,99549.0,101096.0,99320.0,100842.0,12390613.0
2026-04-30,101550.0,102024.0,99644.0,99704.0,16489377.0
2026-05-04,102324.0,105088.0,101660.0,105083.0,18125870.0
2026-05-06,111236.0,114090.0,110278.0,113042.0,29609679.0
2026-05-07,115073.0,115946.0,111410.0,115387.0,27028470.0
2026-05-08,112773.0,115637.0,112433.0,115577.0,21370423.0
2026-05-11,120387.0,123057.0,119659.0,121560.0,27083974.0
2026-05-12,123815.0,124549.0,115412.0,118860.0,32114906.0
2026-05-13,116251.0,122548.0,114674.0,122408.0,23279359.0
2026-05-14,122543.0,125160.0,122358.0,124604.0,23590233.0
2026-05-15,124284.0,125886.0,114863.0,116964.0,30549758.0
2026-05-18,115826.0,119659.0,111320.0,117603.0,26767211.0
2026-05-19,115871.0,116246.0,111530.0,114085.0,22887534.0
2026-05-20,114564.0,114888.0,110263.0,113112.0,22404561.0
2026-05-21,117458.0,123072.0,117288.0,122812.0,19414734.0
2026-05-22,123855.0,123890.0,121874.0,123102.0,18109471.0
2026-05-26,126126.0,127992.0,125597.0,126500.0,17441550.0
2026-05-27,129484.0,134584.0,129384.0,130337.0,28218382.0
2026-05-28,129274.0,131036.0,124005.0,129728.0,23631175.0
2026-05-29,133261.0,134678.0,131734.0,134544.0,18890329.0
2026-06-01,134728.0,142024.0,134544.0,141110.0,25563321.0
2026-06-02,142413.0,143356.0,136155.0,141290.0,25833978.0
2026-06-04,138097.0,140686.0,137183.0,138451.0,17994746.0
2026-06-05,133176.0,134289.0,128226.0,130766.0,24840344.0
2026-06-08,118775.0,125412.0,117693.0,119319.0,28155139.0
2026-06-09,124529.0,130182.0,121166.0,129868.0,18166639.0
2026-06-10,125662.0,127767.0,120118.0,123546.0,17976785.0
2026-06-11,118905.0,124624.0,117603.0,123601.0,13816579.0
2026-06-12,131240.0,135088.0,129000.0,129010.0,23677350.0
2026-06-15,136046.0,137712.0,135447.0,136016.0,21628640.0
2026-06-16,139219.0,140142.0,136375.0,139269.0,16358883.0
2026-06-17,137443.0,142064.0,137333.0,141769.0,16334013.0
2026-06-18,142019.0,146884.0,141894.0,146649.0,20194392.0
2026-06-19,148700.0,152148.0,142812.0,146614.0,26673785.0
2026-06-22,144399.0,150432.0,144055.0,148056.0,19374311.0
2026-06-23,148012.0,148900.0,132233.0,132553.0,32998156.0
2026-06-24,134374.0,139214.0,130592.0,137867.0,33060925.0
2026-06-25,145686.0,147822.0,142832.0,145537.0,17234915.0
2026-06-26,143700.0,144559.0,132328.0,137104.0,29538825.0
2026-06-29,136220.0,138431.0,131654.0,136140.0,22293957.0
2026-06-30,136130.0,141006.0,133037.0,138301.0,17132648.0
2026-07-01,139389.0,140272.0,131350.0,134254.0,16502731.0
2026-07-02,127308.0,130961.0,121705.0,123281.0,24287478.0
2026-07-03,124135.0,131500.0,118411.0,130746.0,25661288.0
2026-07-06,132493.0,134449.0,125746.0,129863.0,20457851.0
2026-07-07,127094.0,128436.0,118631.0,123461.0,23507024.0
2026-07-08,119733.0,125642.0,115327.0,116630.0,28957026.0
2026-07-09,121071.0,121834.0,113531.0,117463.0,25594810.0
2026-07-10,122004.0,124145.0,119389.0,120362.0,21979352.0
2026-07-13,119389.0,121061.0,107882.0,108601.0,28415169.0
2026-07-14,108601.0,111655.0,102578.0,109499.0,34057742.0
2026-07-15,116350.0,119230.0,115317.0,116500.0,21930762.0
2026-07-16,110896.0,111510.0,106929.0,108781.0,20144361.0
2026-07-20,104040.0,108731.0,102813.0,103885.0,24278285.0
2026-07-21,103596.0,109474.0,102249.0,107922.0,20671961.0
2026-07-22,113341.0,114768.0,108097.0,108097.0,18658794.0
2026-07-23,110996.0,113371.0,109928.0,113002.0,13497525.0
2026-07-24,111305.0,111460.0,105233.0,106151.0,17015254.0
2026-07-27,108581.0,108581.0,103781.0,107513.0,15645077.0
2026-07-28,101350.0,101695.0,94619.0,95482.0,21953857.0
2026-07-29,96420.0,98711.0,82543.0,89425.0,38980870.0
2026-07-30,89325.0,94300.0,86785.0,87635.0,40431123.0
2026-07-31,97905.0,110000.0,97475.0,108820.0,34727609.0
2026-08-03,101980.0,102000.0,98355.0,99105.0,27169695.0
2026-08-04,100720.0,101110.0,95720.0,100330.0,21430764.0
2026-08-05,105050.0,105660.0,103300.0,104300.0,18191398.0
2026-08-06,102060.0,103220.0,98030.0,98900.0,14845527.0
2026-08-07,99800.0,100880.0,96515.0,98090.0,14130664.0
2026-08-10,98835.0,100345.0,97260.0,98265.0,13128894.0
2026-08-11,97570.0,100350.0,96650.0,99265.0,14065397.0
2026-08-12,100550.0,104990.0,100240.0,103250.0,15084783.0
2026-08-13,107030.0,108930.0,106440.0,107270.0,18227047.0
2026-08-14,110220.0,110800.0,108145.0,110060.0,17088038.0
2026-08-18,113010.0,114710.0,107220.0,108550.0,20274228.0
2026-08-19,102635.0,104040.0,100655.0,101760.0,20456444.0
2026-08-20,104975.0,109380.0,103660.0,108190.0,33024560.0
2026-08-21,106835.0,110860.0,106460.0,109980.0,33240038.0
2026-08-24,109495.0,109500.0,105290.0,105995.0,16347489.0
2026-08-25,103035.0,106795.0,101105.0,106795.0,18853969.0
2026-08-26,106350.0,109120.0,105850.0,107710.0,20485425.0
2026-08-27,110900.0,110910.0,108195.0,109135.0,18603034.0
2026-08-28,108045.0,109270.0,107050.0,107180.0,21388836.0
2026-08-31,104455.0,107615.0,103015.0,107615.0,20845744.0
2026-09-01,106630.0,108415.0,106090.0,107885.0,21997851.0
2026-09-02,104525.0,105675.0,103485.0,103500.0,21280421.0
2026-09-03,104920.0,105550.0,100000.0,103610.0,26133074.0
2026-09-04,105005.0,106785.0,104705.0,105720.0,20998563.0
2026-09-07,109500.0,110875.0,108825.0,110820.0,18578602.0
2026-09-08,111860.0,114260.0,110320.0,110335.0,28659671.0
2026-09-09,110640.0,113260.0,110550.0,112100.0,24388329.0
2026-09-10,111815.0,112405.0,109350.0,111865.0,24523748.0
2026-09-11,107720.0,110210.0,107565.0,109500.0,26031068.0
2026-09-14,105745.0,107135.0,104950.0,105410.0,25008928.0
2026-09-15,104770.0,106165.0,103800.0,104275.0,28181360.0
2026-09-16,104345.0,106390.0,104025.0,106365.0,22839754.0
2026-09-17,107430.0,107915.0,105980.0,106280.0,25623002.0
2026-09-18,109150.0,109895.0,108285.0,109285.0,20895190.0
2026-09-21,110185.0,112135.0,110095.0,111700.0,20877625.0
2026-09-22,114345.0,114635.0,111400.0,111880.0,25168267.0
2026-09-23,114290.0,114305.0,111945.0,113145.0,20168647.0
