timestamp,date,open,high,low,close,volume,symbol,ret_oc
2021-09-28 00:00:00-04:00,2021-09-28,439.69,440.04,432.94,433.72,130436306,SPY,-0.01367076854499464
2021-09-29 00:00:00-04:00,2021-09-29,435.19,437.04,433.85,434.45,82329213,SPY,-0.0017018540513444524
2021-09-30 00:00:00-04:00,2021-09-30,436.02,436.77,428.78,429.14,140505979,SPY,-0.015904907839664466
2021-10-01 00:00:00-04:00,2021-10-01,430.98,436.0329,427.23,434.24,129240106,SPY,0.007535691331739116
2021-10-04 00:00:00-04:00,2021-10-04,433.0,433.96,426.36,428.64,128569957,SPY,-0.01012032220619123
2021-10-05 00:00:00-04:00,2021-10-05,430.24,435.49,429.39,433.1,90682520,SPY,0.006625455700026369
2021-10-06 00:00:00-04:00,2021-10-06,429.27,435.1199,427.54,434.9,113032245,SPY,0.013030028016839402
2021-10-07 00:00:00-04:00,2021-10-07,438.39,441.68,438.2,438.66,72437499,SPY,0.0006157003786090587
2021-10-08 00:00:00-04:00,2021-10-08,439.48,439.89,437.19,437.86,74557404,SPY,-0.0036929852534901327
2021-10-11 00:00:00-04:00,2021-10-11,437.16,440.26,434.62,434.69,65233285,SPY,-0.005666127449161523
2021-10-12 00:00:00-04:00,2021-10-12,435.67,436.1,432.78,433.62,71181163,SPY,-0.004716501513308879
2021-10-13 00:00:00-04:00,2021-10-13,434.71,436.05,431.54,435.18,72973979,SPY,0.0010805965023957243
2021-10-14 00:00:00-04:00,2021-10-14,439.08,442.66,438.58,442.5,70236825,SPY,0.007758835628868573
2021-10-15 00:00:00-04:00,2021-10-15,444.75,446.26,444.09,445.87,66260210,SPY,0.00251510316499221
2021-10-18 00:00:00-04:00,2021-10-18,443.97,447.55,443.27,447.19,62213228,SPY,0.007226567649433528
2021-10-19 00:00:00-04:00,2021-10-19,448.92,450.71,448.27,450.64,46996827,SPY,0.0038240964384034758
2021-10-20 00:00:00-04:00,2021-10-20,451.13,452.732,451.01,452.41,49571569,SPY,0.002833302025980626
2021-10-21 00:00:00-04:00,2021-10-21,451.77,453.829,451.31,453.59,41305438,SPY,0.00402050554831187
2021-10-22 00:00:00-04:00,2021-10-22,453.13,454.67,451.05,453.12,58845088,SPY,-2.2068965518107217e-05
2021-10-25 00:00:00-04:00,2021-10-25,454.28,455.9,452.39,455.55,45214507,SPY,0.002791732136421983
2021-10-26 00:00:00-04:00,2021-10-26,457.2,458.49,455.56,455.96,56075116,SPY,-0.0027158455520778445
2021-10-27 00:00:00-04:00,2021-10-27,456.45,457.16,453.86,453.94,72437997,SPY,-0.005514134293766172
2021-10-28 00:00:00-04:00,2021-10-28,455.46,458.4,455.45,458.32,51437944,SPY,0.006259732843590448
2021-10-29 00:00:00-04:00,2021-10-29,455.87,459.56,455.56,459.25,70162424,SPY,0.007387042945376277
2021-11-01 00:00:00-04:00,2021-11-01,460.3,460.7021,458.2,460.04,48433642,SPY,-0.000565008598815099
2021-11-02 00:00:00-04:00,2021-11-02,460.22,462.23,460.08,461.9,48908417,SPY,0.0036437814141316444
2021-11-03 00:00:00-04:00,2021-11-03,461.3,465.15,460.83,464.72,52509825,SPY,0.007386483120502314
2021-11-04 00:00:00-04:00,2021-11-04,465.36,467.0,464.99,466.91,52847087,SPY,0.003325220007523521
2021-11-05 00:00:00-04:00,2021-11-05,469.28,470.65,466.92,468.53,66390563,SPY,-0.0015994714492152673
2021-11-08 00:00:00-05:00,2021-11-08,469.7,470.23,468.2031,468.93,50405194,SPY,-0.0016406894574598886
2021-11-09 00:00:00-05:00,2021-11-09,469.32,469.57,465.88,467.38,51149147,SPY,-0.004142207267762604
2021-11-10 00:00:00-05:00,2021-11-10,465.58,467.38,462.04,463.62,69429653,SPY,-0.00421868899461362
2021-11-11 00:00:00-05:00,2021-11-11,465.21,465.29,463.75,463.77,34848495,SPY,-0.0031001768678150183
2021-11-12 00:00:00-05:00,2021-11-12,465.12,467.86,464.11,467.27,53466654,SPY,0.0046118122473660424
2021-11-15 00:00:00-05:00,2021-11-15,468.64,468.81,466.23,467.43,46980500,SPY,-0.0025852781820503786
2021-11-16 00:00:00-05:00,2021-11-16,467.15,470.485,467.07,469.28,48857502,SPY,0.004549199990176274
2021-11-17 00:00:00-05:00,2021-11-17,469.0,469.19,467.48,468.14,47858289,SPY,-0.001835371964521096
2021-11-18 00:00:00-05:00,2021-11-18,469.24,470.01,466.34,469.73,50625607,SPY,0.001043696911466608
2021-11-19 00:00:00-05:00,2021-11-19,469.61,470.94,468.5,468.89,57315573,SPY,-0.00153436364679021
2021-11-22 00:00:00-05:00,2021-11-22,470.89,473.54,467.35,467.57,72761954,SPY,-0.007075450952575058
2021-11-23 00:00:00-05:00,2021-11-23,467.22,469.095,464.45,468.19,73206538,SPY,0.002073957617918101
2021-11-24 00:00:00-05:00,2021-11-24,466.06,469.57,465.19,469.44,61858813,SPY,0.007226113752424628
2021-11-26 00:00:00-05:00,2021-11-26,462.34,463.9,457.77,458.97,112669636,SPY,-0.007315702706033394
2021-11-29 00:00:00-05:00,2021-11-29,464.07,466.56,461.73,464.6,86268818,SPY,0.0011414174196256685
2021-11-30 00:00:00-05:00,2021-11-30,462.0,464.03,455.3,455.56,148559598,SPY,-0.014037459675588474
2021-12-01 00:00:00-05:00,2021-12-01,461.64,464.67,450.29,450.5,132485835,SPY,-0.024427289503811463
2021-12-02 00:00:00-05:00,2021-12-02,450.73,459.07,450.31,457.4,127637758,SPY,0.014689790983275306
2021-12-03 00:00:00-05:00,2021-12-03,459.17,460.3,448.92,453.42,137331647,SPY,-0.012601663600056767
2021-12-06 00:00:00-05:00,2021-12-06,456.13,460.79,453.56,458.79,98977532,SPY,0.00581473242423936
2021-12-07 00:00:00-05:00,2021-12-07,464.41,468.88,458.6546,468.28,95484688,SPY,0.008298624858502274
2021-12-08 00:00:00-05:00,2021-12-08,468.7,470.0,466.83,469.52,72238777,SPY,0.001747991321418548
2021-12-09 00:00:00-05:00,2021-12-09,468.15,469.6291,466.14,466.35,61272568,SPY,-0.003852332212025549
2021-12-10 00:00:00-05:00,2021-12-10,469.23,470.9,466.51,470.74,77159757,SPY,0.003212871259549961
2021-12-13 00:00:00-05:00,2021-12-13,470.19,470.56,466.27,466.57,87724680,SPY,-0.0077288057130338195
2021-12-14 00:00:00-05:00,2021-12-14,463.09,465.74,460.25,463.36,97264128,SPY,0.0005828701120278876
2021-12-15 00:00:00-05:00,2021-12-15,463.42,470.86,460.74,470.6,116899251,SPY,0.015374705968659403
2021-12-16 00:00:00-05:00,2021-12-16,472.57,472.87,464.8,466.45,116568626,SPY,-0.013035050702122413
2021-12-17 00:00:00-05:00,2021-12-17,461.55,464.74,458.06,459.87,135636510,SPY,-0.003646549590034817
2021-12-20 00:00:00-05:00,2021-12-20,454.48,455.4,451.14,454.98,107134822,SPY,0.001099553692027798
2021-12-21 00:00:00-05:00,2021-12-21,458.61,463.21,456.31,463.06,69806260,SPY,0.009656459641999805
2021-12-22 00:00:00-05:00,2021-12-22,462.79,467.81,462.58,467.69,58890223,SPY,0.010532295795779785
2021-12-23 00:00:00-05:00,2021-12-23,468.75,472.19,468.64,470.6,56439745,SPY,0.003938899008641635
2021-12-27 00:00:00-05:00,2021-12-27,472.06,477.31,472.01,477.26,56808619,SPY,0.010955319614337393
2021-12-28 00:00:00-05:00,2021-12-28,477.72,478.81,476.06,476.87,47274585,SPY,-0.0017808697443881432
2021-12-29 00:00:00-05:00,2021-12-29,476.98,478.56,475.92,477.48,54502964,SPY,0.0010477129387038641
2021-12-30 00:00:00-05:00,2021-12-30,477.93,479.0,475.67,476.16,55329041,SPY,-0.0037103460482407866
2021-12-31 00:00:00-05:00,2021-12-31,475.64,476.86,474.67,474.96,65237431,SPY,-0.0014306756069581256
2022-01-03 00:00:00-05:00,2022-01-03,476.3,477.85,473.85,477.71,72668233,SPY,0.0029559460103558144
2022-01-04 00:00:00-05:00,2022-01-04,479.22,479.98,475.58,477.55,71178678,SPY,-0.0034909156766059824
2022-01-05 00:00:00-05:00,2022-01-05,477.16,477.98,468.2801,468.38,104538940,SPY,-0.018571932150041222
2022-01-06 00:00:00-05:00,2022-01-06,467.89,470.82,465.43,467.94,86858900,SPY,0.0001068570147303471
2022-01-07 00:00:00-05:00,2022-01-07,467.95,469.2,464.65,466.09,85111593,SPY,-0.0039827040781953175
2022-01-10 00:00:00-05:00,2022-01-10,462.7,465.74,456.5973,465.51,119361989,SPY,0.006054682850548414
2022-01-11 00:00:00-05:00,2022-01-11,465.23,469.85,462.05,469.75,74303062,SPY,0.009668731336262872
2022-01-12 00:00:00-05:00,2022-01-12,471.59,473.2,468.94,471.02,67605444,SPY,-0.0012094080679745354
2022-01-13 00:00:00-05:00,2022-01-13,472.19,472.88,463.44,464.53,91173121,SPY,-0.016355305215769233
2022-01-14 00:00:00-05:00,2022-01-14,461.19,465.09,459.9,464.72,95890948,SPY,0.007624968091659373
2022-01-18 00:00:00-05:00,2022-01-18,459.74,459.96,455.31,456.49,109872376,SPY,-0.0070943183062217455
2022-01-19 00:00:00-05:00,2022-01-19,458.13,459.6124,451.46,451.75,109357569,SPY,-0.014024057160862002
2022-01-20 00:00:00-05:00,2022-01-20,453.75,458.74,444.5,446.75,122379696,SPY,-0.015547231539523091
2022-01-21 00:00:00-05:00,2022-01-21,445.56,448.06,437.95,437.98,202271241,SPY,-0.017158670743544886
2022-01-24 00:00:00-05:00,2022-01-24,432.03,440.38,420.76,439.84,252496719,SPY,0.017915994139534708
2022-01-25 00:00:00-05:00,2022-01-25,433.06,439.72,427.15,434.47,167997325,SPY,0.003250610910424305
2022-01-26 00:00:00-05:00,2022-01-26,440.72,444.04,428.86,433.38,186391088,SPY,-0.01679481187365072
2022-01-27 00:00:00-05:00,2022-01-27,438.26,441.59,429.45,431.24,149878307,SPY,-0.016147561896340167
2022-01-28 00:00:00-05:00,2022-01-28,432.68,442.0,427.82,441.95,164457370,SPY,0.021198328744868135
2022-01-31 00:00:00-05:00,2022-01-31,441.24,450.28,439.81,449.91,152251425,SPY,0.019458617660517482
2022-02-01 00:00:00-05:00,2022-02-01,450.68,453.63,446.9384,452.95,123155382,SPY,0.005024190819331634
2022-02-02 00:00:00-05:00,2022-02-02,455.5,458.12,453.05,457.35,117360953,SPY,0.004053245402360412
2022-02-03 00:00:00-05:00,2022-02-03,450.95,452.97,445.71,446.6,118024442,SPY,-0.00969312920565957
2022-02-04 00:00:00-05:00,2022-02-04,446.35,452.78,443.83,448.7,118454352,SPY,0.005251115356566555
2022-02-07 00:00:00-05:00,2022-02-07,449.51,450.99,445.85,447.26,84472859,SPY,-0.005018019606689912
2022-02-08 00:00:00-05:00,2022-02-08,446.73,451.92,445.22,450.94,81012036,SPY,0.009379907688142572
2022-02-09 00:00:00-05:00,2022-02-09,455.22,457.88,455.005,457.54,92589929,SPY,0.00508349400959881
2022-02-10 00:00:00-05:00,2022-02-10,451.34,457.71,447.2,449.32,140103712,SPY,-0.004485606970395697
2022-02-11 00:00:00-05:00,2022-02-11,449.41,451.605,438.94,440.46,153214597,SPY,-0.02011597604432498
2022-02-14 00:00:00-05:00,2022-02-14,439.92,441.6,435.34,439.02,123006262,SPY,-0.002047922075565758
2022-02-15 00:00:00-05:00,2022-02-15,443.73,446.28,443.18,446.1,88659503,SPY,0.005326872782830766
2022-02-16 00:00:00-05:00,2022-02-16,443.93,448.055,441.94,446.6,84863585,SPY,0.005996447060765399
2022-02-17 00:00:00-05:00,2022-02-17,443.22,446.5652,436.42,437.06,102259108,SPY,-0.013995775326695206
2022-02-18 00:00:00-05:00,2022-02-18,437.33,438.66,431.82,434.23,132642896,SPY,-0.0071137112141864195
2022-02-22 00:00:00-05:00,2022-02-22,431.89,435.5,425.86,429.57,124391830,SPY,-0.005386217836827841
2022-02-23 00:00:00-05:00,2022-02-23,432.66,433.26,421.35,421.95,132578005,SPY,-0.025065376552747664
2022-02-24 00:00:00-05:00,2022-02-24,411.02,428.76,410.64,428.3,213942946,SPY,0.041182009508551186
2022-02-25 00:00:00-05:00,2022-02-25,429.61,437.84,427.86,437.75,121804459,SPY,0.01877015077481083
2022-02-28 00:00:00-05:00,2022-02-28,432.03,438.2,430.7,436.63,145615029,SPY,0.010591124258404909
2022-03-01 00:00:00-05:00,2022-03-01,435.04,437.17,427.11,429.98,137785908,SPY,-0.011699284906158744
2022-03-02 00:00:00-05:00,2022-03-02,432.37,439.72,431.57,437.89,117726525,SPY,0.012686034127993661
2022-03-03 00:00:00-05:00,2022-03-03,440.47,441.11,433.8,435.71,105501715,SPY,-0.010865454198038997
2022-03-04 00:00:00-05:00,2022-03-04,431.75,433.37,427.88,432.17,114083256,SPY,0.000972312327735639
2022-03-07 00:00:00-05:00,2022-03-07,431.55,432.3018,419.36,419.43,137896560,SPY,-0.028486731997823724
2022-03-08 00:00:00-05:00,2022-03-08,419.62,427.21,415.12,416.25,164772744,SPY,-0.008063498533901155
2022-03-09 00:00:00-05:00,2022-03-09,425.14,429.51,422.82,427.41,116990765,SPY,0.005325213452270472
2022-03-10 00:00:00-05:00,2022-03-10,422.52,426.43,420.44,425.48,93972655,SPY,0.006981160428502756
2022-03-11 00:00:00-05:00,2022-03-11,428.12,428.77,419.53,420.07,95636277,SPY,-0.01898216605944014
2022-03-14 00:00:00-04:00,2022-03-14,420.89,424.55,415.79,417.0,95729188,SPY,-0.009285295082986145
2022-03-15 00:00:00-04:00,2022-03-15,419.77,426.84,418.42,426.17,106219117,SPY,0.015131385466836969
2022-03-16 00:00:00-04:00,2022-03-16,429.89,435.68,424.8,435.62,144954805,SPY,0.013240941678932978
2022-03-17 00:00:00-04:00,2022-03-17,433.59,441.07,433.19,441.07,102676870,SPY,0.01710420588041725
2022-03-18 00:00:00-04:00,2022-03-18,438.0,444.86,437.22,444.52,106345544,SPY,0.014776137940999625
2022-03-21 00:00:00-04:00,2022-03-21,444.34,446.46,440.68,444.39,88349763,SPY,0.00011252011308892577
2022-03-22 00:00:00-04:00,2022-03-22,445.86,450.58,445.86,449.59,74650394,SPY,0.008331054941809022
2022-03-23 00:00:00-04:00,2022-03-23,446.91,448.49,443.71,443.8,79426098,SPY,-0.006983221561117748
2022-03-24 00:00:00-04:00,2022-03-24,445.94,450.5,444.76,450.49,64736892,SPY,0.010151465421530016
2022-03-25 00:00:00-04:00,2022-03-25,451.16,452.98,448.43,452.69,77101324,SPY,0.003385520742098626
2022-03-28 00:00:00-04:00,2022-03-28,452.06,455.91,450.06,455.91,68529767,SPY,0.008480507228181064
2022-03-29 00:00:00-04:00,2022-03-29,460.02,462.07,457.18,461.55,86581542,SPY,0.0033204236373025474
2022-03-30 00:00:00-04:00,2022-03-30,460.34,461.195,456.465,458.7,79666942,SPY,-0.0035689452924216247
2022-03-31 00:00:00-04:00,2022-03-31,457.89,458.76,451.16,451.64,121699948,SPY,-0.013743578282818959
2022-04-01 00:00:00-04:00,2022-04-01,453.31,453.46,449.14,452.92,89048773,SPY,-0.0008607087032576777
2022-04-04 00:00:00-04:00,2022-04-04,453.13,456.91,452.26,456.8,59601000,SPY,0.008066598310982215
2022-04-05 00:00:00-04:00,2022-04-05,455.22,457.83,449.82,451.03,74214501,SPY,-0.009246962440633989
2022-04-06 00:00:00-04:00,2022-04-06,446.89,448.93,443.47,446.52,106897970,SPY,-0.0008282871719670173
2022-04-07 00:00:00-04:00,2022-04-07,445.59,450.69,443.53,448.77,78097214,SPY,0.007111260344928102
2022-04-08 00:00:00-04:00,2022-04-08,447.97,450.63,445.94,447.57,79272711,SPY,-0.0008933158241964782
2022-04-11 00:00:00-04:00,2022-04-11,444.11,445.0,439.39,439.92,89770538,SPY,-0.009479387296007917
2022-04-12 00:00:00-04:00,2022-04-12,443.08,445.75,436.6501,438.29,84363635,SPY,-0.01086954890747038
2022-04-13 00:00:00-04:00,2022-04-13,438.03,444.11,437.84,443.31,74070394,SPY,0.011981898402069953
2022-04-14 00:00:00-04:00,2022-04-14,443.55,444.7301,437.68,437.79,97869451,SPY,-0.013071191618831812
2022-04-18 00:00:00-04:00,2022-04-18,436.81,439.75,435.61,437.97,66002498,SPY,0.0026520969384677025
2022-04-19 00:00:00-04:00,2022-04-19,437.86,445.8,437.68,445.04,77821013,SPY,0.016264941187847718
2022-04-20 00:00:00-04:00,2022-04-20,446.92,447.57,443.48,444.71,65224449,SPY,-0.004957223345382067
2022-04-21 00:00:00-04:00,2022-04-21,448.54,450.01,437.1,438.06,85417327,SPY,-0.023641976402093586
2022-04-22 00:00:00-04:00,2022-04-22,436.91,438.0825,425.44,426.04,132471772,SPY,-0.025193985653331818
2022-04-25 00:00:00-04:00,2022-04-25,423.67,428.69,418.84,428.51,119647748,SPY,0.01135922467738918
2022-04-26 00:00:00-04:00,2022-04-26,425.83,426.04,416.07,416.1,103996312,SPY,-0.02311458960156713
2022-04-27 00:00:00-04:00,2022-04-27,417.24,422.92,415.01,417.27,122029990,SPY,7.189847937806731e-05
2022-04-28 00:00:00-04:00,2022-04-28,422.29,429.64,417.6,427.81,105449088,SPY,0.012986889973097314
2022-04-29 00:00:00-04:00,2022-04-29,423.59,425.87,411.21,412.0,145491088,SPY,-0.027742656922489534
2022-05-02 00:00:00-04:00,2022-05-02,412.07,415.92,405.02,414.48,158312526,SPY,0.005831484676250374
2022-05-03 00:00:00-04:00,2022-05-03,415.01,418.93,413.36,416.38,100028190,SPY,0.0032956885217002682
2022-05-04 00:00:00-04:00,2022-05-04,417.08,429.66,413.7099,429.06,144247895,SPY,0.028318719366967282
2022-05-05 00:00:00-04:00,2022-05-05,424.55,425.0,409.44,413.81,172929106,SPY,-0.025622853162033686
2022-05-06 00:00:00-04:00,2022-05-06,411.1,414.8,405.73,411.34,151770811,SPY,0.0005836292174807545
2022-05-09 00:00:00-04:00,2022-05-09,405.1,406.41,396.5,398.17,155586067,SPY,-0.017254900442291127
2022-05-10 00:00:00-04:00,2022-05-10,404.49,406.08,394.82,399.09,132497200,SPY,-0.01344005895016899
2022-05-11 00:00:00-04:00,2022-05-11,398.07,404.04,391.96,392.75,142360992,SPY,-0.013454592080724265
2022-05-12 00:00:00-04:00,2022-05-12,389.37,395.8,385.15,392.34,125090753,SPY,0.007598762433462223
2022-05-13 00:00:00-04:00,2022-05-13,396.71,403.18,395.61,401.72,104174421,SPY,0.012549793356852119
2022-05-16 00:00:00-04:00,2022-05-16,399.98,403.97,397.6,400.09,78622444,SPY,0.00027497594133787104
2022-05-17 00:00:00-04:00,2022-05-17,406.53,408.57,402.5824,408.32,83029710,SPY,0.004393453713638332
2022-05-18 00:00:00-04:00,2022-05-18,403.5,403.8,390.55,391.86,117674545,SPY,-0.029271854567382724
2022-05-19 00:00:00-04:00,2022-05-19,388.62,394.14,387.11,389.46,98510715,SPY,0.002159161850551392
2022-05-20 00:00:00-04:00,2022-05-20,393.25,397.03,380.54,389.63,131432197,SPY,-0.00924797108112507
2022-05-23 00:00:00-04:00,2022-05-23,392.83,397.73,390.38,396.92,76414878,SPY,0.010357800736714955
2022-05-24 00:00:00-04:00,2022-05-24,392.56,395.15,386.96,393.89,91448831,SPY,0.003382290718852878
2022-05-25 00:00:00-04:00,2022-05-25,392.31,399.45,391.89,397.37,91472866,SPY,0.012815492992148746
2022-05-26 00:00:00-04:00,2022-05-26,398.67,407.04,398.45,405.31,82168339,SPY,0.016518199400029146
2022-05-27 00:00:00-04:00,2022-05-27,407.91,415.3801,407.7,415.26,84768710,SPY,0.017858268246122487
2022-05-31 00:00:00-04:00,2022-05-31,413.55,416.46,410.03,412.93,95936980,SPY,-0.0015003390676182266
2022-06-01 00:00:00-04:00,2022-06-01,415.17,416.24,406.93,409.59,86585813,SPY,-0.013531415541178699
2022-06-02 00:00:00-04:00,2022-06-02,409.42,417.44,407.04,417.39,79609633,SPY,0.019279512509419762
2022-06-03 00:00:00-04:00,2022-06-03,412.4,414.04,409.51,410.54,71874281,SPY,-0.004520385853772005
2022-06-06 00:00:00-04:00,2022-06-06,414.78,416.609,410.5523,411.79,57508858,SPY,-0.00723474851922316
2022-06-07 00:00:00-04:00,2022-06-07,408.1,416.22,407.61,415.74,59272373,SPY,0.018547822455584836
2022-06-08 00:00:00-04:00,2022-06-08,413.93,415.82,410.38,411.22,64349966,SPY,-0.006568526313260959
2022-06-09 00:00:00-04:00,2022-06-09,409.34,411.74,401.44,401.44,86289796,SPY,-0.019488023933191097
2022-06-10 00:00:00-04:00,2022-06-10,394.88,395.7777,389.75,389.8,132893864,SPY,-0.01294813420350783
2022-06-13 00:00:00-04:00,2022-06-13,379.85,381.81,373.3,375.0,170004861,SPY,-0.012850411978819842
2022-06-14 00:00:00-04:00,2022-06-14,376.85,377.94,370.59,373.87,104011831,SPY,-0.00793908688248666
2022-06-15 00:00:00-04:00,2022-06-15,377.36,383.9,372.12,379.2,125666797,SPY,0.0048641314048603395
2022-06-16 00:00:00-04:00,2022-06-16,370.51,370.94,364.0799,366.65,134473288,SPY,-0.010472720385400983
2022-06-17 00:00:00-04:00,2022-06-17,365.51,369.38,362.17,365.86,111113904,SPY,0.000957107966469202
2022-06-21 00:00:00-04:00,2022-06-21,371.89,376.525,371.81,375.07,76811861,SPY,0.00851456359615501
2022-06-22 00:00:00-04:00,2022-06-22,370.62,378.72,370.18,374.39,90059424,SPY,0.010120755909162421
2022-06-23 00:00:00-04:00,2022-06-23,376.64,378.83,372.89,378.06,79292135,SPY,0.003763089110107378
2022-06-24 00:00:00-04:00,2022-06-24,381.4,390.09,381.365,390.08,98050333,SPY,0.02250315312658807
2022-06-27 00:00:00-04:00,2022-06-27,391.05,391.36,387.44,388.59,66009617,SPY,-0.006310625837346173
2022-06-28 00:00:00-04:00,2022-06-28,390.23,393.16,380.53,380.65,86689824,SPY,-0.024855991130803626
2022-06-29 00:00:00-04:00,2022-06-29,381.23,382.27,378.42,380.34,65675999,SPY,-0.00233727800507571
2022-06-30 00:00:00-04:00,2022-06-30,376.24,380.6582,372.56,377.25,112508273,SPY,0.0026808600111658107
2022-07-01 00:00:00-04:00,2022-07-01,376.56,381.7,373.8,381.24,74839729,SPY,0.012351700976538359
2022-07-05 00:00:00-04:00,2022-07-05,375.88,381.98,372.9,381.96,81437965,SPY,0.016045947567137595
2022-07-06 00:00:00-04:00,2022-07-06,382.11,385.87,379.6,383.25,70426244,SPY,0.0029789924821456044
2022-07-07 00:00:00-04:00,2022-07-07,385.12,389.83,383.267,388.99,64525919,SPY,0.00999866231238139
2022-07-08 00:00:00-04:00,2022-07-08,387.27,390.64,385.66,388.67,72397765,SPY,0.003608530348154906
2022-07-11 00:00:00-04:00,2022-07-11,385.85,386.87,383.5,384.23,58366945,SPY,-0.004207361286500889
2022-07-12 00:00:00-04:00,2022-07-12,383.65,386.16,378.99,380.83,62219178,SPY,-0.007377597296959313
2022-07-13 00:00:00-04:00,2022-07-13,375.1,381.92,374.658,378.83,84224649,SPY,0.009894898553808894
2022-07-14 00:00:00-04:00,2022-07-14,373.61,379.0498,371.04,377.91,89704819,SPY,0.011443599440563588
2022-07-15 00:00:00-04:00,2022-07-15,382.55,385.25,380.54,385.13,79060383,SPY,0.00672157595248819
2022-07-18 00:00:00-04:00,2022-07-18,388.38,389.09,380.66,381.95,63203626,SPY,-0.01669453179810513
2022-07-19 00:00:00-04:00,2022-07-19,386.08,392.87,385.39,392.27,78505972,SPY,0.015905776326958027
2022-07-20 00:00:00-04:00,2022-07-20,392.47,396.26,391.03,394.77,71843769,SPY,0.005843215649874675
2022-07-21 00:00:00-04:00,2022-07-21,394.16,398.84,391.63,398.79,64903856,SPY,0.011678044311909754
2022-07-22 00:00:00-04:00,2022-07-22,398.92,400.18,392.75,395.09,72197332,SPY,-0.00964730848471604
2022-07-25 00:00:00-04:00,2022-07-25,395.75,396.47,393.21,395.57,53631485,SPY,-0.00045493606405624774
2022-07-26 00:00:00-04:00,2022-07-26,393.84,394.06,389.95,390.89,52946393,SPY,-0.007518544968539567
2022-07-27 00:00:00-04:00,2022-07-27,394.36,402.88,394.05,401.04,82342106,SPY,0.016796975248407307
2022-07-28 00:00:00-04:00,2022-07-28,401.89,406.8,398.15,406.07,73966563,SPY,0.010347139199084058
2022-07-29 00:00:00-04:00,2022-07-29,407.58,413.03,406.77,411.99,87003672,SPY,0.01076184477903471
2022-08-01 00:00:00-04:00,2022-08-01,409.15,413.41,408.4,410.77,69997471,SPY,0.003951610176735674
2022-08-02 00:00:00-04:00,2022-08-02,409.12,413.0,406.82,408.06,63435418,SPY,-0.0025942891272742034
2022-08-03 00:00:00-04:00,2022-08-03,410.3,415.68,410.0,414.45,67820555,SPY,0.01006374058939471
2022-08-04 00:00:00-04:00,2022-08-04,414.37,415.09,412.44,414.17,45656574,SPY,-0.00048277694229499634
2022-08-05 00:00:00-04:00,2022-08-05,409.66,414.15,409.6,413.47,56814929,SPY,0.00925741306868875
2022-08-08 00:00:00-04:00,2022-08-08,415.25,417.62,411.83,412.99,54025965,SPY,-0.005457368900573288
2022-08-09 00:00:00-04:00,2022-08-09,412.22,412.75,410.22,411.35,44931772,SPY,-0.002112753800211987
2022-08-10 00:00:00-04:00,2022-08-10,418.78,420.14,416.72,419.99,68665712,SPY,0.0028851791059828556
2022-08-11 00:00:00-04:00,2022-08-11,422.99,424.95,419.21,419.99,59489704,SPY,-0.007117636634741336
2022-08-12 00:00:00-04:00,2022-08-12,422.03,427.21,421.03,427.1,61694542,SPY,0.011941776290793456
2022-08-15 00:00:00-04:00,2022-08-15,424.765,429.41,424.71,428.86,54048280,SPY,0.009594450521486888
2022-08-16 00:00:00-04:00,2022-08-16,427.73,431.73,426.88,429.7,59289039,SPY,0.004595135384630972
2022-08-17 00:00:00-04:00,2022-08-17,425.91,429.5,424.54,426.65,63563394,SPY,0.0017359486390013366
2022-08-18 00:00:00-04:00,2022-08-18,426.86,428.61,425.5,427.89,49023206,SPY,0.0024100625880184388
2022-08-19 00:00:00-04:00,2022-08-19,424.98,425.26,421.22,422.14,68016902,SPY,-0.00670509642111471
2022-08-22 00:00:00-04:00,2022-08-22,417.05,417.23,412.4,413.35,77695640,SPY,-0.008911426988936197
2022-08-23 00:00:00-04:00,2022-08-23,412.9,415.42,411.77,412.35,49105249,SPY,-0.0013329296126799984
2022-08-24 00:00:00-04:00,2022-08-24,412.11,415.1101,411.39,413.67,49177804,SPY,0.003778250516536046
2022-08-25 00:00:00-04:00,2022-08-25,415.24,419.56,414.09,419.51,50942252,SPY,0.010230697200362487
2022-08-26 00:00:00-04:00,2022-08-26,419.39,419.96,405.25,405.31,103086976,SPY,-0.03414906818592609
2022-08-29 00:00:00-04:00,2022-08-29,402.2,405.84,401.1999,402.63,65370810,SPY,0.0010685487392725918
2022-08-30 00:00:00-04:00,2022-08-30,403.85,404.1,396.0,398.21,85652443,SPY,-0.014064017564997457
2022-08-31 00:00:00-04:00,2022-08-31,399.93,401.24,395.04,395.18,76029671,SPY,-0.011948174488023922
2022-09-01 00:00:00-04:00,2022-09-01,392.89,396.78,390.04,396.42,78740084,SPY,0.008944580798235005
2022-09-02 00:00:00-04:00,2022-09-02,400.28,401.555,390.33,392.24,99632149,SPY,-0.02029040487927737
2022-09-06 00:00:00-04:00,2022-09-06,393.13,394.12,388.42,390.76,76637400,SPY,-0.006046785190036333
2022-09-07 00:00:00-04:00,2022-09-07,390.43,398.59,390.2,397.78,70964232,SPY,0.01865039278623697
2022-09-08 00:00:00-04:00,2022-09-08,395.39,400.86,394.12,400.38,80821681,SPY,0.012541476571586746
2022-09-09 00:00:00-04:00,2022-09-09,402.74,407.51,402.46,406.6,76706918,SPY,0.0095387087439869
2022-09-12 00:00:00-04:00,2022-09-12,408.78,411.73,408.46,410.97,69256262,SPY,0.0053431051177761126
2022-09-13 00:00:00-04:00,2022-09-13,401.83,403.1,391.92,393.1,122947081,SPY,-0.021965081177746943
2022-09-14 00:00:00-04:00,2022-09-14,394.47,396.2,391.12,394.6,85023747,SPY,0.0003295018215777874
2022-09-15 00:00:00-04:00,2022-09-15,392.96,395.96,388.78,390.12,87633840,SPY,-0.007253441414908602
2022-09-16 00:00:00-04:00,2022-09-16,384.14,386.25,382.11,385.56,103084819,SPY,0.0036897534390615398
2022-09-19 00:00:00-04:00,2022-09-19,382.26,388.55,382.1784,388.55,73278490,SPY,0.016320856298799497
2022-09-20 00:00:00-04:00,2022-09-20,385.06,386.12,381.195,384.09,77274882,SPY,-0.0025222661749922048
2022-09-21 00:00:00-04:00,2022-09-21,386.11,389.31,377.38,377.39,106746554,SPY,-0.022843167462615624
2022-09-22 00:00:00-04:00,2022-09-22,376.58,378.3,373.44,374.22,89472641,SPY,-0.0062866483021960145
2022-09-23 00:00:00-04:00,2022-09-23,370.58,370.62,363.29,367.95,122346933,SPY,-0.007122286481660522
2022-09-26 00:00:00-04:00,2022-09-26,366.41,370.21,363.0299,364.31,92581244,SPY,-0.005747771462257216
2022-09-27 00:00:00-04:00,2022-09-27,368.02,370.4,360.87,363.38,108294074,SPY,-0.012688165843933744
2022-09-28 00:00:00-04:00,2022-09-28,364.38,372.3,362.6,370.53,110802217,SPY,0.01673713398049363
2022-09-29 00:00:00-04:00,2022-09-29,366.81,367.11,359.7,362.79,112952315,SPY,-0.011019848358914583
2022-09-30 00:00:00-04:00,2022-09-30,361.8,365.91,357.04,357.18,153711243,SPY,-0.012851716567841086
2022-10-03 00:00:00-04:00,2022-10-03,361.08,368.55,359.21,366.61,89756479,SPY,0.015199072290473476
2022-10-04 00:00:00-04:00,2022-10-04,372.4,378.0,366.5677,377.97,103602775,SPY,0.014846281987736123
2022-10-05 00:00:00-04:00,2022-10-05,373.39,379.46,370.95,377.09,88065669,SPY,0.009860435930725454
2022-10-06 00:00:00-04:00,2022-10-06,375.62,378.72,372.68,373.2,82333543,SPY,-0.006463525079602693
2022-10-07 00:00:00-04:00,2022-10-07,368.97,373.2933,360.94,362.79,107789498,SPY,-0.016891185457135076
2022-10-10 00:00:00-04:00,2022-10-10,363.96,364.21,357.67,360.02,76042765,SPY,-0.01088438602593155
2022-10-11 00:00:00-04:00,2022-10-11,358.235,363.03,355.71,357.74,92482785,SPY,-0.0013827300642274714
2022-10-12 00:00:00-04:00,2022-10-12,358.17,359.8179,356.3,356.56,76991799,SPY,-0.004505205387106317
2022-10-13 00:00:00-04:00,2022-10-13,349.205,367.51,348.11,365.97,147254518,SPY,0.04689222052366333
2022-10-14 00:00:00-04:00,2022-10-14,368.55,370.26,356.96,357.63,123737013,SPY,-0.03007745523727795
2022-10-17 00:00:00-04:00,2022-10-17,364.01,367.9799,357.2808,366.82,93168231,SPY,0.007689924736036309
2022-10-18 00:00:00-04:00,2022-10-18,375.13,375.45,367.52,371.13,97162850,SPY,-0.010720227019222227
2022-10-19 00:00:00-04:00,2022-10-19,368.99,371.85,365.55,368.5,79746863,SPY,-0.0013288317729142172
2022-10-20 00:00:00-04:00,2022-10-20,368.03,372.67,364.61,365.41,88283087,SPY,-0.007144445747168788
2022-10-21 00:00:00-04:00,2022-10-21,365.12,374.8,363.54,374.29,131038379,SPY,0.02480483134224272
2022-10-24 00:00:00-04:00,2022-10-24,375.89,380.06,373.11,378.87,85436907,SPY,0.007896590929816384
2022-10-25 00:00:00-04:00,2022-10-25,378.79,385.25,378.671,384.92,78846348,SPY,0.016053558679967713
2022-10-26 00:00:00-04:00,2022-10-26,381.62,387.58,381.35,382.02,104087348,SPY,0.001047614154793286
2022-10-27 00:00:00-04:00,2022-10-27,383.07,385.0,379.33,379.98,81971756,SPY,-0.008099120348305466
2022-10-28 00:00:00-04:00,2022-10-28,379.87,389.52,379.68,389.02,100301958,SPY,0.023801667252627584
2022-10-31 00:00:00-04:00,2022-10-31,386.44,388.4,385.26,386.21,96631258,SPY,-0.0005953536705975183
2022-11-01 00:00:00-04:00,2022-11-01,390.14,390.39,383.29,384.52,85407598,SPY,-0.014509845869171221
2022-11-02 00:00:00-04:00,2022-11-02,383.9,388.63,374.76,374.87,126990356,SPY,-0.023802802805787518
2022-11-03 00:00:00-04:00,2022-11-03,371.465,374.2,368.79,371.01,87100115,SPY,-0.0012256306460345949
2022-11-04 00:00:00-04:00,2022-11-04,377.0,378.87,370.0,376.35,103505182,SPY,-0.0017256259674697252
2022-11-07 00:00:00-05:00,2022-11-07,377.71,380.57,375.53,379.95,68286947,SPY,0.005912959708682414
2022-11-08 00:00:00-05:00,2022-11-08,381.11,385.12,377.72,382.0,84641062,SPY,0.002332561238953923
2022-11-09 00:00:00-05:00,2022-11-09,379.93,381.14,373.61,374.13,78495470,SPY,-0.015383694624507279
2022-11-10 00:00:00-05:00,2022-11-10,388.05,395.04,385.642,394.69,141455847,SPY,0.016966449349700926
2022-11-11 00:00:00-05:00,2022-11-11,395.59,399.35,393.61,398.51,93839872,SPY,0.007354270647887461
2022-11-14 00:00:00-05:00,2022-11-14,396.66,400.1799,394.83,395.12,71893165,SPY,-0.003889974341172355
2022-11-15 00:00:00-05:00,2022-11-15,401.15,402.31,394.49,398.49,93194452,SPY,-0.006653018387143299
2022-11-16 00:00:00-05:00,2022-11-16,396.78,397.78,394.79,395.45,68508454,SPY,-0.0033576139491997225
2022-11-17 00:00:00-05:00,2022-11-17,390.46,394.95,390.14,394.24,74496255,SPY,0.009634329650444235
2022-11-18 00:00:00-05:00,2022-11-18,397.74,397.81,393.04,396.03,92922451,SPY,-0.004308559520577378
2022-11-21 00:00:00-05:00,2022-11-21,394.64,395.82,392.66,394.59,51243189,SPY,-0.00012670577668587408
2022-11-22 00:00:00-05:00,2022-11-22,396.63,400.07,395.1527,399.9,60429025,SPY,0.008210659662657592
2022-11-23 00:00:00-05:00,2022-11-23,399.55,402.93,399.31,402.42,68261628,SPY,0.0071574055192290984
2022-11-25 00:00:00-05:00,2022-11-25,401.83,402.91,401.535,402.33,30545434,SPY,0.001243533785396713
2022-11-28 00:00:00-05:00,2022-11-28,399.09,400.81,395.11,395.91,68021749,SPY,-0.008000042667076152
2022-11-29 00:00:00-05:00,2022-11-29,396.05,397.3,393.3,395.23,52310039,SPY,-0.0020725919864907215
2022-11-30 00:00:00-05:00,2022-11-30,395.49,407.68,393.48,407.68,144566653,SPY,0.030357050505755472
2022-12-01 00:00:00-05:00,2022-12-01,408.77,410.0,404.75,407.38,76398170,SPY,-0.003406239892060308
2022-12-02 00:00:00-05:00,2022-12-02,402.25,407.86,402.14,406.91,85342731,SPY,0.01151824489608007
2022-12-05 00:00:00-05:00,2022-12-05,403.95,404.93,398.17,399.59,77289815,SPY,-0.010852086489475377
2022-12-06 00:00:00-05:00,2022-12-06,399.42,399.99,391.64,393.83,77972217,SPY,-0.01409415073481431
2022-12-07 00:00:00-05:00,2022-12-07,392.94,395.64,391.97,393.16,65927896,SPY,0.0005597252404113919
2022-12-08 00:00:00-05:00,2022-12-08,395.14,397.36,393.2684,396.24,60737912,SPY,0.0027799557947232375
2022-12-09 00:00:00-05:00,2022-12-09,394.94,397.62,393.15,393.28,81447733,SPY,-0.004212028251493644
2022-12-12 00:00:00-05:00,2022-12-12,394.11,398.95,393.412,398.95,75405835,SPY,0.012206037604763588
2022-12-13 00:00:00-05:00,2022-12-13,410.22,410.49,399.07,401.97,123782534,SPY,-0.02031614218513129
2022-12-14 00:00:00-05:00,2022-12-14,401.61,405.5,396.31,399.4,108111349,SPY,-0.005518047484201318
2022-12-15 00:00:00-05:00,2022-12-15,394.3,395.25,387.885,389.63,117705889,SPY,-0.011914470026319365
2022-12-16 00:00:00-05:00,2022-12-16,385.18,386.575,381.04,383.27,119857952,SPY,-0.004971055848081108
2022-12-19 00:00:00-05:00,2022-12-19,383.47,383.82,378.28,380.02,79878103,SPY,-0.009037507975156999
2022-12-20 00:00:00-05:00,2022-12-20,379.23,382.23,377.85,380.54,74427240,SPY,0.0034484154366788153
2022-12-21 00:00:00-05:00,2022-12-21,383.25,387.41,382.69,386.23,78167369,SPY,0.007745529184129507
2022-12-22 00:00:00-05:00,2022-12-22,383.05,386.2134,374.77,380.72,100120855,SPY,-0.00610133214997484
2022-12-23 00:00:00-05:00,2022-12-23,379.65,383.06,378.03,382.91,59857329,SPY,0.008550198962475419
2022-12-27 00:00:00-05:00,2022-12-27,382.79,383.15,379.65,381.4,51638180,SPY,-0.0036378427692758918
2022-12-28 00:00:00-05:00,2022-12-28,381.33,383.39,376.42,376.66,70911520,SPY,-0.012322218208086032
2022-12-29 00:00:00-05:00,2022-12-29,379.63,384.35,379.08,383.44,66970877,SPY,0.009986060679870595
2022-12-30 00:00:00-05:00,2022-12-30,380.64,382.58,378.43,382.43,84022205,SPY,0.004691583428255803
2023-01-03 00:00:00-05:00,2023-01-03,384.37,386.43,377.831,380.82,74850731,SPY,-0.009278807799660893
2023-01-04 00:00:00-05:00,2023-01-04,383.18,385.88,380.0,383.76,85934098,SPY,0.001512504525962166
2023-01-05 00:00:00-05:00,2023-01-05,381.72,381.84,378.76,379.38,76970456,SPY,-0.006149014250476326
2023-01-06 00:00:00-05:00,2023-01-06,382.61,389.25,379.4127,388.08,104189603,SPY,0.014195310314714776
2023-01-09 00:00:00-05:00,2023-01-09,390.37,393.7,387.67,387.86,73978071,SPY,-0.006450557555875998
2023-01-10 00:00:00-05:00,2023-01-10,387.25,390.65,386.27,390.58,65358094,SPY,0.008562334557658148
2023-01-11 00:00:00-05:00,2023-01-11,392.23,395.6,391.38,395.52,68881080,SPY,0.008352952406431895
2023-01-12 00:00:00-05:00,2023-01-12,396.67,398.485,392.42,396.96,90157699,SPY,0.0007308191799889793
2023-01-13 00:00:00-05:00,2023-01-13,393.62,399.1,393.34,398.5,63903932,SPY,0.01232152133497854
2023-01-17 00:00:00-05:00,2023-01-17,398.48,400.23,397.06,397.77,62677281,SPY,-0.001783359970290925
2023-01-18 00:00:00-05:00,2023-01-18,399.01,400.12,391.28,391.49,99632262,SPY,-0.019026506911970047
2023-01-19 00:00:00-05:00,2023-01-19,389.36,391.08,387.26,388.64,86958919,SPY,-0.0018509002713366217
2023-01-20 00:00:00-05:00,2023-01-20,390.1,396.04,388.38,395.88,91806356,SPY,0.014708018515879422
2023-01-23 00:00:00-05:00,2023-01-23,396.72,402.645,395.72,400.63,84178797,SPY,0.009807565915395148
2023-01-24 00:00:00-05:00,2023-01-24,398.88,401.15,397.64,400.2,59524911,SPY,0.0033038023743852557
2023-01-25 00:00:00-05:00,2023-01-25,395.95,400.7,393.56,400.35,84800251,SPY,0.011051223862221456
2023-01-26 00:00:00-05:00,2023-01-26,403.13,404.92,400.03,404.75,72287425,SPY,0.004010501983850126
2023-01-27 00:00:00-05:00,2023-01-27,403.655,408.16,403.44,405.68,68346180,SPY,0.005004118753548291
2023-01-30 00:00:00-05:00,2023-01-30,402.8,405.13,400.28,400.59,74202018,SPY,-0.005501700480424933
2023-01-31 00:00:00-05:00,2023-01-31,401.13,406.53,400.77,406.48,86811786,SPY,0.013249162990792734
2023-02-01 00:00:00-05:00,2023-02-01,405.211,413.67,402.35,410.8,101459155,SPY,0.013698558960492466
2023-02-02 00:00:00-05:00,2023-02-02,414.86,418.31,412.88,416.78,101654463,SPY,0.004617390724944083
2023-02-03 00:00:00-05:00,2023-02-03,411.59,416.97,411.09,412.35,94736781,SPY,0.001844795047067398
2023-02-06 00:00:00-05:00,2023-02-06,409.79,411.29,408.1,409.83,60295325,SPY,9.7606207832316e-05
2023-02-07 00:00:00-05:00,2023-02-07,408.87,416.49,407.57,415.19,90990745,SPY,0.015338989675684577
2023-02-08 00:00:00-05:00,2023-02-08,413.13,414.53,409.93,410.65,76227462,SPY,-0.006021043220942965
2023-02-09 00:00:00-05:00,2023-02-09,414.41,414.57,405.81,407.09,78694859,SPY,-0.017821530710208616
2023-02-10 00:00:00-05:00,2023-02-10,405.86,408.44,405.01,408.04,70769715,SPY,0.005356936265495487
2023-02-13 00:00:00-05:00,2023-02-13,408.72,412.97,408.24,412.83,64913539,SPY,0.01000556092275731
2023-02-14 00:00:00-05:00,2023-02-14,411.24,415.05,408.511,412.64,88389313,SPY,0.0033985564585168574
2023-02-15 00:00:00-05:00,2023-02-15,410.35,414.06,409.47,413.98,61685279,SPY,0.008807209403923886
2023-02-16 00:00:00-05:00,2023-02-16,408.79,412.91,408.14,408.28,76431469,SPY,-0.0012483632154711396
2023-02-17 00:00:00-05:00,2023-02-17,406.06,407.51,404.05,407.26,89257815,SPY,0.002950870188273528
2023-02-21 00:00:00-05:00,2023-02-21,403.06,404.16,398.82,399.09,82655924,SPY,-0.009898478875419111
2023-02-22 00:00:00-05:00,2023-02-22,399.52,401.13,397.02,398.54,83742293,SPY,-0.0024559569270248675
2023-02-23 00:00:00-05:00,2023-02-23,401.56,402.2,396.25,400.66,96242399,SPY,-0.0022437744698192855
2023-02-24 00:00:00-05:00,2023-02-24,395.42,397.25,393.64,396.38,108194413,SPY,0.0024248559494671044
2023-02-27 00:00:00-05:00,2023-02-27,399.87,401.29,396.75,397.73,80444736,SPY,-0.005366111171345155
2023-02-28 00:00:00-05:00,2023-02-28,397.23,399.28,396.15,396.26,96438567,SPY,-0.0024448965536624
2023-03-01 00:00:00-05:00,2023-03-01,395.41,396.69,393.38,394.74,99706823,SPY,-0.0016958809354612958
2023-03-02 00:00:00-05:00,2023-03-02,392.68,398.69,392.33,397.81,85404726,SPY,0.012979473540022747
2023-03-03 00:00:00-05:00,2023-03-03,399.71,404.45,399.03,404.19,90119952,SPY,0.011145780267479347
2023-03-06 00:00:00-05:00,2023-03-06,405.05,407.45,404.01,404.47,72795946,SPY,-0.001432948164949069
2023-03-07 00:00:00-05:00,2023-03-07,404.42,404.67,397.625,398.27,108310596,SPY,-0.015323774667156573
2023-03-08 00:00:00-05:00,2023-03-08,398.39,399.71,396.59,398.92,74746632,SPY,0.0013294705398509208
2023-03-09 00:00:00-05:00,2023-03-09,399.74,401.48,390.53,391.56,111945322,SPY,-0.020675575373166166
2023-03-10 00:00:00-05:00,2023-03-10,390.99,393.16,384.32,385.91,189252996,SPY,-0.013077802553832575
2023-03-13 00:00:00-04:00,2023-03-13,381.81,390.39,380.65,385.36,157789967,SPY,0.00925485964989996
2023-03-14 00:00:00-04:00,2023-03-14,390.5,393.45,387.05,391.73,149752357,SPY,0.0031448576856887484
2023-03-15 00:00:00-04:00,2023-03-15,385.89,389.49,383.71,389.28,172996933,SPY,0.008746524276478597
2023-03-16 00:00:00-04:00,2023-03-16,386.82,396.47,386.29,396.11,143753940,SPY,0.023732481908570576
2023-03-17 00:00:00-04:00,2023-03-17,393.22,394.4,388.55,389.99,140553411,SPY,-0.00824815391003043
2023-03-20 00:00:00-04:00,2023-03-20,390.8,394.17,390.07,393.74,93055783,SPY,0.007494872823313579
2023-03-21 00:00:00-04:00,2023-03-21,397.24,399.41,395.58,398.91,91524248,SPY,0.004195195501566513
2023-03-22 00:00:00-04:00,2023-03-22,398.73,402.49,392.07,392.11,111746583,SPY,-0.0167420834302427
2023-03-23 00:00:00-04:00,2023-03-23,395.09,399.29,390.35,393.17,119351319,SPY,-0.0048714987365551165
2023-03-24 00:00:00-04:00,2023-03-24,391.841,395.84,389.4,395.75,107770124,SPY,0.009926553498454331
2023-03-27 00:00:00-04:00,2023-03-27,398.12,398.92,395.56,396.49,74010408,SPY,-0.004102647301965235
2023-03-28 00:00:00-04:00,2023-03-28,395.77,396.49,393.69,395.6,62871680,SPY,-0.00042963469076388194
2023-03-29 00:00:00-04:00,2023-03-29,399.925,401.6,398.68,401.35,77497876,SPY,0.003556835049926397
2023-03-30 00:00:00-04:00,2023-03-30,404.09,404.35,401.76,403.7,69840049,SPY,-0.0009655975694235147
2023-03-31 00:00:00-04:00,2023-03-31,404.66,409.7,404.55,409.39,112062624,SPY,0.0116210385885687
2023-04-03 00:00:00-04:00,2023-04-03,408.85,411.37,408.44,410.95,67391097,SPY,0.005123211986522745
2023-04-04 00:00:00-04:00,2023-04-04,411.62,411.92,407.24,408.67,66601534,SPY,-0.007192609242680474
2023-04-05 00:00:00-04:00,2023-04-05,407.91,408.7,405.88,407.6,65200243,SPY,-0.000760260487134557
2023-04-06 00:00:00-04:00,2023-04-06,406.77,409.48,405.678,409.19,63743345,SPY,0.00593168070886923
2023-04-10 00:00:00-04:00,2023-04-10,406.61,409.69,405.97,409.61,63681042,SPY,0.007350992402195954
2023-04-11 00:00:00-04:00,2023-04-11,410.26,411.18,408.92,409.72,59297945,SPY,-0.0013171054856568874
2023-04-12 00:00:00-04:00,2023-04-12,411.87,412.17,407.44,408.05,86420379,SPY,-0.009318049662371295
2023-04-13 00:00:00-04:00,2023-04-13,409.18,413.84,407.9922,413.47,85814754,SPY,0.010429803413517858
2023-04-14 00:00:00-04:00,2023-04-14,412.81,415.09,410.06,412.46,78161500,SPY,-0.0008482073042377621
2023-04-17 00:00:00-04:00,2023-04-17,412.37,413.96,411.085,413.94,66436399,SPY,0.0038000311971631336
2023-04-18 00:00:00-04:00,2023-04-18,415.58,415.72,412.7802,414.21,63559997,SPY,-0.0033020432755633375
2023-04-19 00:00:00-04:00,2023-04-19,412.22,415.08,412.16,414.14,55227330,SPY,0.0046468934967273424
2023-04-20 00:00:00-04:00,2023-04-20,411.21,413.7,410.27,411.88,75840359,SPY,0.001628011877150489
2023-04-21 00:00:00-04:00,2023-04-21,412.19,412.68,410.17,412.2,73457422,SPY,2.426036220833528e-05
2023-04-24 00:00:00-04:00,2023-04-24,411.99,413.07,410.6,412.63,64332095,SPY,0.0015522304297792952
2023-04-25 00:00:00-04:00,2023-04-25,410.58,411.16,406.02,406.08,97766721,SPY,-0.011020609666438506
2023-04-26 00:00:00-04:00,2023-04-26,406.72,407.84,403.78,404.36,80447049,SPY,-0.005819417715232436
2023-04-27 00:00:00-04:00,2023-04-27,407.0,412.69,406.74,412.41,92968369,SPY,0.013204814708843306
2023-04-28 00:00:00-04:00,2023-04-28,411.49,415.94,411.43,415.93,89433137,SPY,0.010732258386369911
2023-05-01 00:00:00-04:00,2023-05-01,415.47,417.62,415.265,415.51,62122254,SPY,9.627187184005589e-05
2023-05-02 00:00:00-04:00,2023-05-02,414.77,414.82,407.82,410.84,103998484,SPY,-0.009520305430689357
2023-05-03 00:00:00-04:00,2023-05-03,411.36,413.87,407.77,408.02,91531769,SPY,-0.008152550706996279
2023-05-04 00:00:00-04:00,2023-05-04,406.93,407.27,403.74,405.13,94901863,SPY,-0.004433177223254657
2023-05-05 00:00:00-04:00,2023-05-05,408.91,413.72,408.64,412.63,87891791,SPY,0.009056224711344806
2023-05-08 00:00:00-04:00,2023-05-08,412.97,413.24,411.28,412.74,50046768,SPY,-0.0005570963315171155
2023-05-09 00:00:00-04:00,2023-05-09,411.13,412.09,410.6894,410.93,49220119,SPY,-0.00048658249749665037
2023-05-10 00:00:00-04:00,2023-05-10,413.88,414.535,408.87,412.85,96142922,SPY,-0.0024917458733122095
2023-05-11 00:00:00-04:00,2023-05-11,411.95,412.43,409.97,412.13,70157064,SPY,0.0004368507981326202
2023-05-12 00:00:00-04:00,2023-05-12,413.42,413.64,409.07,411.59,70481548,SPY,-0.0044363171387929315
2023-05-15 00:00:00-04:00,2023-05-15,412.22,413.43,410.23,413.01,54289383,SPY,0.0019146183278102098
2023-05-16 00:00:00-04:00,2023-05-16,411.86,412.815,410.24,410.25,57705495,SPY,-0.003916755807001745
2023-05-17 00:00:00-04:00,2023-05-17,412.35,415.855,410.635,415.23,87286957,SPY,0.006960080297355829
2023-05-18 00:00:00-04:00,2023-05-18,414.9,419.67,414.67,419.23,97177195,SPY,0.010382167992862236
2023-05-19 00:00:00-04:00,2023-05-19,420.17,420.72,417.35,418.62,103793317,SPY,-0.003695804108973608
2023-05-22 00:00:00-04:00,2023-05-22,418.64,420.39,417.35,418.79,60745399,SPY,0.00035823890141084075
2023-05-23 00:00:00-04:00,2023-05-23,417.08,418.722,413.68,414.09,86383493,SPY,-0.007194708417795782
2023-05-24 00:00:00-04:00,2023-05-24,412.42,412.82,409.8795,411.09,89213678,SPY,-0.0032300789459009075
2023-05-25 00:00:00-04:00,2023-05-25,414.74,416.16,412.4101,414.65,90961606,SPY,-0.00021702697248170483
2023-05-26 00:00:00-04:00,2023-05-26,415.33,420.77,415.25,420.02,93829975,SPY,0.011228944226382346
2023-05-30 00:00:00-04:00,2023-05-30,422.03,422.58,418.735,420.18,72215960,SPY,-0.00439321066114601
2023-05-31 00:00:00-04:00,2023-05-31,418.28,419.22,416.22,417.85,110811780,SPY,-0.001028548282942703
2023-06-01 00:00:00-04:00,2023-06-01,418.09,422.92,416.79,421.82,88865018,SPY,0.008881962404015314
2023-06-02 00:00:00-04:00,2023-06-02,424.5,428.74,423.95,427.92,91426171,SPY,0.008024256471592604
2023-06-05 00:00:00-04:00,2023-06-05,428.28,429.62,426.37,427.1,65460158,SPY,-0.002759009442648361
2023-06-06 00:00:00-04:00,2023-06-06,426.67,428.5772,425.99,428.03,64022175,SPY,0.00318240586827321
2023-06-07 00:00:00-04:00,2023-06-07,428.44,429.62,426.11,426.55,85373275,SPY,-0.004421111541725077
2023-06-08 00:00:00-04:00,2023-06-08,426.62,429.6,425.82,429.13,61952842,SPY,0.005866216062966721
2023-06-09 00:00:00-04:00,2023-06-09,429.96,431.99,428.87,429.9,85647268,SPY,-0.0001395576026268849
2023-06-12 00:00:00-04:00,2023-06-12,430.92,433.88,430.17,433.8,76256703,SPY,0.006661140366782222
2023-06-13 00:00:00-04:00,2023-06-13,435.32,437.33,434.63,436.66,95899704,SPY,0.0030734674071096362
2023-06-14 00:00:00-04:00,2023-06-14,437.01,439.0612,433.59,437.18,100612080,SPY,0.0003889314728902783
2023-06-15 00:00:00-04:00,2023-06-15,436.33,443.9,436.23,442.6,110303091,SPY,0.014267589823743878
2023-06-16 00:00:00-04:00,2023-06-16,443.02,443.6078,438.97,439.46,114165849,SPY,-0.008068215283794318
2023-06-20 00:00:00-04:00,2023-06-20,437.45,438.37,435.03,437.18,76160359,SPY,-0.0006174039504172527
2023-06-21 00:00:00-04:00,2023-06-21,436.16,436.99,434.33,434.94,76982251,SPY,-0.002801057967326407
2023-06-22 00:00:00-04:00,2023-06-22,433.95,436.62,433.6,436.51,70637175,SPY,0.005881964434429839
2023-06-23 00:00:00-04:00,2023-06-23,432.93,435.06,432.47,433.21,92074537,SPY,0.0006465467701615356
2023-06-26 00:00:00-04:00,2023-06-26,432.62,434.61,431.19,431.44,72823560,SPY,-0.0027312935063839314
2023-06-27 00:00:00-04:00,2023-06-27,432.35,436.81,431.88,436.17,72813699,SPY,0.008796630205004735
2023-06-28 00:00:00-04:00,2023-06-28,435.05,437.44,434.41,436.39,75635976,SPY,0.0030753719272316763
2023-06-29 00:00:00-04:00,2023-06-29,435.96,438.28,435.54,438.11,67882304,SPY,0.004919524377086078
2023-06-30 00:00:00-04:00,2023-06-30,441.44,444.3,441.11,443.28,104964019,SPY,0.004159514090118273
2023-07-03 00:00:00-04:00,2023-07-03,442.92,444.08,442.63,443.79,32793378,SPY,0.0019623107423466187
2023-07-05 00:00:00-04:00,2023-07-05,441.91,443.889,441.9,443.13,58418432,SPY,0.0027569392857705595
2023-07-06 00:00:00-04:00,2023-07-06,439.42,440.1,437.06,439.66,80658302,SPY,0.0005460254037469225
2023-07-07 00:00:00-04:00,2023-07-07,438.63,442.64,438.3,438.55,86134178,SPY,-0.00018240270006562786
2023-07-10 00:00:00-04:00,2023-07-10,438.18,439.84,437.585,439.66,62443501,SPY,0.003371916071897521
2023-07-11 00:00:00-04:00,2023-07-11,440.45,442.97,439.44,442.46,64463752,SPY,0.004553133326035744
2023-07-12 00:00:00-04:00,2023-07-12,446.39,447.4799,444.91,446.02,91924527,SPY,-0.0008292153185216358
2023-07-13 00:00:00-04:00,2023-07-13,447.9,450.38,447.45,449.56,72425241,SPY,0.00369933343681195
2023-07-14 00:00:00-04:00,2023-07-14,450.475,451.36,448.49,449.28,69815823,SPY,-0.002656280215486434
2023-07-17 00:00:00-04:00,2023-07-17,449.13,451.93,449.08,450.84,52680221,SPY,0.0038001312440228674
2023-07-18 00:00:00-04:00,2023-07-18,450.5,454.86,450.0484,454.19,80744448,SPY,0.008157535647976846
2023-07-19 00:00:00-04:00,2023-07-19,455.01,456.43,454.1119,455.2,65891688,SPY,0.0004174860807059178
2023-07-20 00:00:00-04:00,2023-07-20,454.17,455.1,451.44,452.18,70591642,SPY,-0.004391246643726886
2023-07-21 00:00:00-04:00,2023-07-21,453.96,454.165,452.17,452.18,71275618,SPY,-0.003928757784767993
2023-07-24 00:00:00-04:00,2023-07-24,453.37,455.04,452.298,454.2,54023382,SPY,0.001829060527330024
2023-07-25 00:00:00-04:00,2023-07-25,453.92,456.735,453.87,455.44,55191240,SPY,0.0033430135822851343
2023-07-26 00:00:00-04:00,2023-07-26,454.47,456.99,453.38,455.51,71052885,SPY,0.0022857655175043626
2023-07-27 00:00:00-04:00,2023-07-27,459.02,459.44,451.55,452.49,92194375,SPY,-0.014328118647749
2023-07-28 00:00:00-04:00,2023-07-28,455.88,457.78,452.4918,456.92,80011790,SPY,0.002278703878211885
2023-07-31 00:00:00-04:00,2023-07-31,457.41,458.16,456.045,457.79,62040449,SPY,0.0008304196281408309
2023-08-01 00:00:00-04:00,2023-08-01,456.27,457.25,455.49,456.48,55502199,SPY,0.00046014791280289495
2023-08-02 00:00:00-04:00,2023-08-02,453.25,453.52,449.3499,450.13,93933369,SPY,-0.006907419702066342
2023-08-03 00:00:00-04:00,2023-08-03,448.04,450.79,447.37,448.84,64419692,SPY,0.0017839626531266012
2023-08-04 00:00:00-04:00,2023-08-04,450.72,452.895,446.27,446.81,100128902,SPY,-0.008712855804783247
2023-08-07 00:00:00-04:00,2023-08-07,448.71,450.865,447.99,450.71,58357464,SPY,0.004447317819123955
2023-08-08 00:00:00-04:00,2023-08-08,448.08,450.6952,445.2705,448.75,71361324,SPY,0.0014941519009118154
2023-08-09 00:00:00-04:00,2023-08-09,449.03,449.1999,444.96,445.75,78789575,SPY,-0.007331443911738201
2023-08-10 00:00:00-04:00,2023-08-10,448.19,451.7,444.7,445.91,93005495,SPY,-0.005100111714829027
2023-08-11 00:00:00-04:00,2023-08-11,443.97,446.7007,443.345,445.65,68690902,SPY,0.003776897994860055
2023-08-14 00:00:00-04:00,2023-08-14,444.7,448.11,444.38,448.11,47867441,SPY,0.007638840473660094
2023-08-15 00:00:00-04:00,2023-08-15,446.27,446.64,442.3,442.89,75707534,SPY,-0.007602717802620212
2023-08-16 00:00:00-04:00,2023-08-16,442.46,444.18,439.53,439.64,80107206,SPY,-0.00639385468114091
2023-08-17 00:00:00-04:00,2023-08-17,441.16,441.43,435.75,436.29,95711315,SPY,-0.011100461580217704
2023-08-18 00:00:00-04:00,2023-08-18,433.37,437.57,433.01,436.5,98851960,SPY,0.007196508693202923
2023-08-21 00:00:00-04:00,2023-08-21,437.55,440.11,435.32,439.34,68718957,SPY,0.0040826158041994305
2023-08-22 00:00:00-04:00,2023-08-22,441.18,441.18,437.57,438.15,65062861,SPY,-0.006891637934326306
2023-08-23 00:00:00-04:00,2023-08-23,439.25,443.67,439.1,443.03,68441021,SPY,0.008568760775320554
2023-08-24 00:00:00-04:00,2023-08-24,444.69,445.22,436.855,436.89,88517272,SPY,-0.017695963031279332
2023-08-25 00:00:00-04:00,2023-08-25,438.68,441.3,435.0,439.97,102325103,SPY,0.0029363248776311046
2023-08-28 00:00:00-04:00,2023-08-28,442.24,443.4,439.9728,442.76,61595393,SPY,0.0011751413781727886
2023-08-29 00:00:00-04:00,2023-08-29,442.65,449.45,442.46,449.16,83081916,SPY,0.014599781647279809
2023-08-30 00:00:00-04:00,2023-08-30,449.51,451.67,448.78,451.01,69053911,SPY,0.0033314116006033807
2023-08-31 00:00:00-04:00,2023-08-31,451.65,452.83,450.16,450.35,66084563,SPY,-0.002882485366100582
2023-09-01 00:00:00-04:00,2023-09-01,453.17,453.67,449.68,451.19,58944098,SPY,-0.0043787942051448665
2023-09-05 00:00:00-04:00,2023-09-05,450.73,451.06,449.17,449.24,55166210,SPY,-0.003311224510570132
2023-09-06 00:00:00-04:00,2023-09-06,448.4,448.51,443.81,446.22,70758512,SPY,-0.004873587254740955
2023-09-07 00:00:00-04:00,2023-09-07,443.11,445.55,442.75,444.85,70355426,SPY,0.0039191004709784195
2023-09-08 00:00:00-04:00,2023-09-08,444.9,447.11,444.53,445.52,62068437,SPY,0.0013926014694170357
2023-09-11 00:00:00-04:00,2023-09-11,448.24,448.77,446.4699,448.45,60180118,SPY,0.000468389306982978
2023-09-12 00:00:00-04:00,2023-09-12,446.95,448.53,445.39,445.99,67565422,SPY,-0.0021502012898272846
2023-09-13 00:00:00-04:00,2023-09-13,446.22,447.71,445.0793,446.51,60199272,SPY,0.00064969253906708
2023-09-14 00:00:00-04:00,2023-09-14,449.07,451.08,447.715,450.36,83430814,SPY,0.0028684853396758374
2023-09-15 00:00:00-04:00,2023-09-15,447.14,447.48,442.92,443.37,111848859,SPY,-0.008467108787522049
2023-09-18 00:00:00-04:00,2023-09-18,443.05,444.97,442.56,443.63,55752213,SPY,0.0013082511903358667
2023-09-19 00:00:00-04:00,2023-09-19,442.68,443.29,439.94,442.71,66514648,SPY,6.776674688315771e-05
2023-09-20 00:00:00-04:00,2023-09-20,444.01,444.435,438.43,438.64,82562602,SPY,-0.012168053605326036
2023-09-21 00:00:00-04:00,2023-09-21,435.7,435.97,431.23,431.39,104095826,SPY,-0.009941379780077789
2023-09-22 00:00:00-04:00,2023-09-22,432.45,434.1,429.99,430.42,100829684,SPY,-0.004705236583081875
2023-09-25 00:00:00-04:00,2023-09-25,429.17,432.27,428.72,432.23,70874534,SPY,0.007104743143069024
2023-09-26 00:00:00-04:00,2023-09-26,429.09,429.82,425.02,425.88,96168436,SPY,-0.007509070688512978
2023-09-27 00:00:00-04:00,2023-09-27,427.09,427.67,422.29,426.05,104705847,SPY,-0.0024380535789101177
2023-09-28 00:00:00-04:00,2023-09-28,425.48,430.2499,424.87,428.52,92258308,SPY,0.007119468010893075
2023-09-29 00:00:00-04:00,2023-09-29,431.67,431.85,425.91,427.48,115111319,SPY,-0.009753903786739961
2023-10-02 00:00:00-04:00,2023-10-02,426.62,428.6,424.46,427.31,83798599,SPY,0.0016160578739931595
2023-10-03 00:00:00-04:00,2023-10-03,425.06,427.3729,420.18,421.59,103760607,SPY,-0.008197057649781726
2023-10-04 00:00:00-04:00,2023-10-04,422.07,425.4299,420.56,424.66,87452968,SPY,0.006117671696416319
2023-10-05 00:00:00-04:00,2023-10-05,424.36,425.37,421.1701,424.5,70142744,SPY,0.0003298541603311021
2023-10-06 00:00:00-04:00,2023-10-06,421.97,431.125,420.6,429.54,113273309,SPY,0.017780647174547443
2023-10-09 00:00:00-04:00,2023-10-09,427.58,432.88,427.0101,432.29,80374362,SPY,0.01095525394957273
2023-10-10 00:00:00-04:00,2023-10-10,432.94,437.22,432.53,434.54,78607268,SPY,0.0036888500353857386
2023-10-11 00:00:00-04:00,2023-10-11,435.64,436.58,433.18,436.32,62451736,SPY,0.0015597048897927482
2023-10-12 00:00:00-04:00,2023-10-12,436.95,437.335,431.23,433.66,81154230,SPY,-0.0075579551374815885
2023-10-13 00:00:00-04:00,2023-10-13,435.21,436.45,429.88,431.5,95201132,SPY,-0.00856116269543778
2023-10-16 00:00:00-04:00,2023-10-16,433.82,437.14,433.57,436.04,75433194,SPY,0.005104280734667797
2023-10-17 00:00:00-04:00,2023-10-17,432.81,438.14,432.45,436.02,75324708,SPY,0.007389281230808905
2023-10-18 00:00:00-04:00,2023-10-18,434.19,435.18,429.09,430.21,93559798,SPY,-0.009208764751829595
2023-10-19 00:00:00-04:00,2023-10-19,430.95,432.82,425.725,426.43,121322957,SPY,-0.010543847243878489
2023-10-20 00:00:00-04:00,2023-10-20,425.98,426.54,421.08,421.19,123919874,SPY,-0.011308358522880688
2023-10-23 00:00:00-04:00,2023-10-23,419.61,424.45,417.8,420.46,92035095,SPY,0.00202364157765734
2023-10-24 00:00:00-04:00,2023-10-24,422.65,424.82,420.74,423.63,78564239,SPY,0.002316019374333593
2023-10-25 00:00:00-04:00,2023-10-25,421.89,421.92,417.015,417.55,94223198,SPY,-0.010340318951027596
2023-10-26 00:00:00-04:00,2023-10-26,416.45,417.325,411.6,412.55,115156761,SPY,-0.009408995830997205
2023-10-27 00:00:00-04:00,2023-10-27,414.19,414.6,409.21,410.68,107367671,SPY,-0.008510483313152024
2023-10-30 00:00:00-04:00,2023-10-30,413.56,416.68,412.22,415.59,86562675,SPY,0.004896590619404942
2023-10-31 00:00:00-04:00,2023-10-31,416.18,418.53,414.21,418.2,79665150,SPY,0.004841928009899715
2023-11-01 00:00:00-04:00,2023-11-01,419.2,423.5,418.6499,422.66,98068115,SPY,0.008219940327173764
2023-11-02 00:00:00-04:00,2023-11-02,426.58,430.915,426.56,430.76,94938909,SPY,0.009751167847803962
2023-11-03 00:00:00-04:00,2023-11-03,433.14,436.29,433.01,434.69,100167775,SPY,0.0035721319801867895
2023-11-06 00:00:00-05:00,2023-11-06,435.47,436.1498,433.68,435.69,67831660,SPY,0.0005050737055806916
2023-11-07 00:00:00-05:00,2023-11-07,435.69,437.585,434.51,436.93,64256114,SPY,0.0028420179107287785
2023-11-08 00:00:00-05:00,2023-11-08,437.55,438.09,434.87,437.25,61746027,SPY,-0.0006858710831286996
2023-11-09 00:00:00-05:00,2023-11-09,438.43,438.47,433.4,433.84,83174417,SPY,-0.010524361416664404
2023-11-10 00:00:00-05:00,2023-11-10,435.98,440.93,433.8335,440.61,89558054,SPY,0.01056375969661167
2023-11-13 00:00:00-05:00,2023-11-13,439.23,441.33,438.42,440.19,52236068,SPY,0.0021832580139847626
2023-11-14 00:00:00-05:00,2023-11-14,446.32,450.06,446.09,448.73,97176935,SPY,0.005385187026896683
2023-11-15 00:00:00-05:00,2023-11-15,450.11,451.38,448.8,449.68,77327573,SPY,-0.0009557786433150584
2023-11-16 00:00:00-05:00,2023-11-16,449.22,450.56,448.12,450.23,66665797,SPY,0.0022458178320334025
2023-11-17 00:00:00-05:00,2023-11-17,450.24,451.42,449.29,450.79,83193902,SPY,0.0012208252073973938
2023-11-20 00:00:00-05:00,2023-11-20,450.53,455.125,450.52,454.26,70055633,SPY,0.00824505383726568
2023-11-21 00:00:00-05:00,2023-11-21,453.1842,454.131,451.9599,453.27,49244639,SPY,0.00018930906880073098
2023-11-22 00:00:00-05:00,2023-11-22,454.98,456.38,453.8895,455.02,59446573,SPY,8.791208796862443e-05
2023-11-24 00:00:00-05:00,2023-11-24,455.07,455.5,454.73,455.3,29737375,SPY,0.0005052890690458242
2023-11-27 00:00:00-05:00,2023-11-27,454.65,455.4901,454.0799,454.48,50505985,SPY,-0.00037398392305028105
2023-11-28 00:00:00-05:00,2023-11-28,454.08,456.27,453.5,454.93,62115011,SPY,0.0018701669898930598
2023-11-29 00:00:00-05:00,2023-11-29,457.15,458.32,454.2,454.61,63145992,SPY,-0.005571656073614237
2023-11-30 00:00:00-05:00,2023-11-30,455.48,456.76,453.34,456.4,79752700,SPY,0.0020178100455161213
2023-12-01 00:00:00-05:00,2023-12-01,455.77,459.65,455.16,459.1,89183400,SPY,0.007279754951092399
2023-12-04 00:00:00-05:00,2023-12-04,455.6,459.1206,454.34,456.69,72430888,SPY,0.002389592166245189
2023-12-05 00:00:00-05:00,2023-12-05,455.26,457.59,454.87,456.6,69793469,SPY,0.0029390497764525863
2023-12-06 00:00:00-05:00,2023-12-06,458.81,458.84,454.31,454.76,69124685,SPY,-0.008866373746318596
2023-12-07 00:00:00-05:00,2023-12-07,456.91,458.9,456.29,458.23,66995446,SPY,0.002884806511423009
2023-12-08 00:00:00-05:00,2023-12-08,457.46,460.745,457.21,460.2,83194404,SPY,0.005971728402051892
2023-12-11 00:00:00-05:00,2023-12-11,459.69,462.17,459.47,461.99,65002247,SPY,0.004990896567642332
2023-12-12 00:00:00-05:00,2023-12-12,461.63,464.2,460.6,464.1,68327617,SPY,0.005336341830597024
2023-12-13 00:00:00-05:00,2023-12-13,464.49,470.7599,464.12,470.5,93277960,SPY,0.012855929528579087
2023-12-14 00:00:00-05:00,2023-12-14,472.5,473.73,469.25,472.01,119026049,SPY,-0.0010375751319935853
2023-12-15 00:00:00-05:00,2023-12-15,469.49,470.7,467.4263,469.33,141553673,SPY,-0.0003408534150296955
2023-12-18 00:00:00-05:00,2023-12-18,470.98,472.98,469.8929,471.97,70375285,SPY,0.0020997939737070984
2023-12-19 00:00:00-05:00,2023-12-19,472.53,474.92,472.45,474.84,55761805,SPY,0.0048766682035794925
2023-12-20 00:00:00-05:00,2023-12-20,473.96,475.895,467.82,468.26,102920959,SPY,-0.012099232739192486
2023-12-21 00:00:00-05:00,2023-12-21,471.33,472.975,468.84,472.7,86667465,SPY,0.0029024521715750595
2023-12-22 00:00:00-05:00,2023-12-22,473.86,475.38,471.7,473.65,67160419,SPY,-0.0004432670967874141
2023-12-26 00:00:00-05:00,2023-12-26,474.07,476.58,473.99,475.65,55386952,SPY,0.003327299536013077
2023-12-27 00:00:00-05:00,2023-12-27,475.44,476.66,474.89,476.51,68000311,SPY,0.0022480181745078574
2023-12-28 00:00:00-05:00,2023-12-28,476.88,477.55,476.26,476.69,77158116,SPY,-0.00039850247494023706
2023-12-29 00:00:00-05:00,2023-12-29,476.49,477.03,473.3,475.31,122283149,SPY,-0.002479513772960998
2024-01-02 00:00:00-05:00,2024-01-02,472.16,473.67,470.49,472.65,123007793,SPY,0.0010372456767639962
2024-01-03 00:00:00-05:00,2024-01-03,470.43,471.19,468.17,468.79,103585866,SPY,-0.0034922630837777445
2024-01-04 00:00:00-05:00,2024-01-04,468.3,470.96,467.05,467.28,84232169,SPY,-0.002180466457442181
2024-01-05 00:00:00-05:00,2024-01-05,467.49,470.44,466.43,467.92,86118913,SPY,0.0009193830091375883
2024-01-08 00:00:00-05:00,2024-01-08,468.43,474.75,468.3,474.6,74879074,SPY,0.013085666506701208
2024-01-09 00:00:00-05:00,2024-01-09,471.87,474.93,471.35,473.88,65931439,SPY,0.004250601165897465
2024-01-10 00:00:00-05:00,2024-01-10,474.16,477.4481,473.87,476.56,67310640,SPY,0.005048815840849303
2024-01-11 00:00:00-05:00,2024-01-11,477.59,478.12,472.26,476.35,77940723,SPY,-0.002599745682949787
2024-01-12 00:00:00-05:00,2024-01-12,477.84,478.6,475.23,476.68,58026420,SPY,-0.002430542201445039
2024-01-16 00:00:00-05:00,2024-01-16,475.26,476.6098,473.06,474.93,85014870,SPY,-0.0006945979504474029
2024-01-17 00:00:00-05:00,2024-01-17,471.82,472.79,469.87,472.29,68843871,SPY,0.0009956467759613577
2024-01-18 00:00:00-05:00,2024-01-18,474.01,477.06,472.42,476.49,91856248,SPY,0.00521831799622293
2024-01-19 00:00:00-05:00,2024-01-19,477.65,482.72,476.5374,482.43,110834483,SPY,0.009957585818025588
2024-01-22 00:00:00-05:00,2024-01-22,484.01,485.22,482.78,483.45,75844931,SPY,-0.00115767073066121
2024-01-23 00:00:00-05:00,2024-01-23,484.01,485.105,482.89,484.86,49945297,SPY,0.001754621813193533
2024-01-24 00:00:00-05:00,2024-01-24,487.81,488.77,484.8819,485.39,81765039,SPY,-0.0049732942621288165
2024-01-25 00:00:00-05:00,2024-01-25,487.575,488.305,485.39,488.03,72524989,SPY,0.0009327546148054916
2024-01-26 00:00:00-05:00,2024-01-26,487.59,489.12,486.54,487.41,76641609,SPY,-0.00036923077342546437
2024-01-29 00:00:00-05:00,2024-01-29,487.73,491.415,487.17,491.27,61322751,SPY,0.0072319007734448024
2024-01-30 00:00:00-05:00,2024-01-30,490.56,491.62,490.11,490.89,58618386,SPY,0.0006724744254645504
2024-01-31 00:00:00-05:00,2024-01-31,488.62,489.0813,482.86,482.88,126011062,SPY,-0.011816915685167859
2024-02-01 00:00:00-05:00,2024-02-01,484.63,489.23,483.8,489.2,91891637,SPY,0.00938569061953649
2024-02-02 00:00:00-05:00,2024-02-02,489.65,496.05,489.3,494.35,99228192,SPY,0.009552918176338483
2024-02-05 00:00:00-05:00,2024-02-05,493.695,494.3778,490.23,492.55,75757102,SPY,-0.0023219393039854296
2024-02-06 00:00:00-05:00,2024-02-06,493.52,494.32,492.05,493.98,55918602,SPY,0.0009316456370064744
2024-02-07 00:00:00-05:00,2024-02-07,496.29,498.53,495.36,498.1,70556506,SPY,0.0036404267922034647
2024-02-08 00:00:00-05:00,2024-02-08,498.1,498.71,497.26,498.32,52343636,SPY,0.0004415808666524262
2024-02-09 00:00:00-05:00,2024-02-09,498.84,501.65,498.49,501.2,63979375,SPY,0.004719819969366977
2024-02-12 00:00:00-05:00,2024-02-12,501.17,503.5,500.24,500.98,56502283,SPY,-0.00037918475732480255
2024-02-13 00:00:00-05:00,2024-02-13,494.53,495.85,490.715,494.08,113099199,SPY,-0.0009103691669696166
2024-02-14 00:00:00-05:00,2024-02-14,496.79,499.07,494.4,498.57,68387827,SPY,0.0035765992153366814
2024-02-15 00:00:00-05:00,2024-02-15,499.29,502.2,498.795,502.01,61682960,SPY,0.005432950545302548
2024-02-16 00:00:00-05:00,2024-02-16,501.7,502.87,498.75,499.51,75532928,SPY,-0.00437471358197693
2024-02-20 00:00:00-05:00,2024-02-20,497.72,498.41,494.45,496.76,71736740,SPY,-0.0019306578275987384
2024-02-21 00:00:00-05:00,2024-02-21,495.42,497.37,493.56,497.21,59603771,SPY,0.00360658440763959
2024-02-22 00:00:00-05:00,2024-02-22,504.01,508.49,503.02,507.5,76402535,SPY,0.006900601771567837
2024-02-23 00:00:00-05:00,2024-02-23,509.27,510.13,507.1,507.85,61321818,SPY,-0.0027921993915588665
2024-02-26 00:00:00-05:00,2024-02-26,508.3,508.75,505.86,505.99,50386738,SPY,-0.004554918206528739
2024-02-27 00:00:00-05:00,2024-02-27,506.7,507.16,504.75,506.93,48854528,SPY,0.00045381451604097094
2024-02-28 00:00:00-05:00,2024-02-28,505.33,506.855,504.96,506.26,56506634,SPY,0.0018386901056961537
2024-02-29 00:00:00-05:00,2024-02-29,508.07,509.74,505.35,508.08,83924795,SPY,1.9682133543796168e-05
2024-03-01 00:00:00-05:00,2024-03-01,508.98,513.29,508.56,512.85,76844844,SPY,0.00757468170572154
2024-03-04 00:00:00-05:00,2024-03-04,512.03,514.2,512.0,512.3,49799257,SPY,0.0005271738721955315
2024-03-05 00:00:00-05:00,2024-03-05,510.24,510.7,504.91,507.18,72855623,SPY,-0.006015233092856245
2024-03-06 00:00:00-05:00,2024-03-06,510.55,512.069,508.42,509.75,68382367,SPY,-0.001568166546982495
2024-03-07 00:00:00-05:00,2024-03-07,513.14,515.89,509.8053,514.81,58652085,SPY,0.003249188130187753
2024-03-08 00:00:00-05:00,2024-03-08,515.46,518.2201,511.13,511.72,86532535,SPY,-0.0072821054291859364
2024-03-11 00:00:00-04:00,2024-03-11,510.48,511.88,508.5,511.28,62557183,SPY,0.0015659257819348883
2024-03-12 00:00:00-04:00,2024-03-12,513.45,517.38,510.86,516.78,73114439,SPY,0.0064645983848330545
2024-03-13 00:00:00-04:00,2024-03-13,517.11,517.29,514.49,515.97,55104088,SPY,-0.0022069935778988854
2024-03-14 00:00:00-04:00,2024-03-14,516.97,517.125,511.82,514.95,110171820,SPY,-0.00391503717367855
2024-03-15 00:00:00-04:00,2024-03-15,510.21,511.7,508.122,509.83,107646297,SPY,-0.0007450688552978523
2024-03-18 00:00:00-04:00,2024-03-18,514.0,515.48,512.44,512.86,88893331,SPY,-0.0022203620130312463
2024-03-19 00:00:00-04:00,2024-03-19,512.15,515.995,511.12,515.71,60755263,SPY,0.00692704110523211
2024-03-20 00:00:00-04:00,2024-03-20,515.77,520.62,515.08,520.48,69594574,SPY,0.009090533047601174
2024-03-21 00:00:00-04:00,2024-03-21,523.39,524.11,521.91,522.2,60256112,SPY,-0.0022762278021088854
2024-03-22 00:00:00-04:00,2024-03-22,522.11,522.605,520.97,521.21,79070842,SPY,-0.0017252620926267908
2024-03-25 00:00:00-04:00,2024-03-25,519.8,520.95,519.61,519.77,48512108,SPY,-5.771617112517113e-05
2024-03-26 00:00:00-04:00,2024-03-26,521.23,521.58,518.4,518.81,65463744,SPY,-0.004653675565232615
2024-03-27 00:00:00-04:00,2024-03-27,521.71,523.21,519.485,523.17,82999777,SPY,0.002794581100562778
2024-03-28 00:00:00-04:00,2024-03-28,523.21,524.61,522.78,523.07,96294886,SPY,-0.00026761478922569023
2024-04-01 00:00:00-04:00,2024-04-01,523.83,524.38,520.97,522.16,62477540,SPY,-0.003193149875183943
2024-04-02 00:00:00-04:00,2024-04-02,518.24,518.98,516.48,518.84,74230308,SPY,0.0011570950494533103
2024-04-03 00:00:00-04:00,2024-04-03,517.72,520.95,517.665,519.41,59155759,SPY,0.003258996453286807
2024-04-04 00:00:00-04:00,2024-04-04,523.52,523.8674,512.755,513.07,96858074,SPY,-0.02016294587060286
2024-04-05 00:00:00-04:00,2024-04-05,514.46,520.44,514.01,518.43,74546483,SPY,0.007687206866102464
2024-04-08 00:00:00-04:00,2024-04-08,519.15,520.18,517.89,518.72,48401752,SPY,-0.0008286202021515498
2024-04-09 00:00:00-04:00,2024-04-09,520.5,520.75,514.35,519.32,68124385,SPY,-0.002269624562970783
2024-04-10 00:00:00-04:00,2024-04-10,513.48,516.16,512.09,514.12,82652806,SPY,0.0012456210252052796
2024-04-11 00:00:00-04:00,2024-04-11,515.68,519.48,512.08,518.0,70099007,SPY,0.004488824192355355
2024-04-12 00:00:00-04:00,2024-04-12,514.37,515.815,509.08,510.85,92561094,SPY,-0.006866845812027412
2024-04-15 00:00:00-04:00,2024-04-15,515.13,515.3,503.58,504.45,92101447,SPY,-0.02095056913943267
2024-04-16 00:00:00-04:00,2024-04-16,504.94,506.5,502.21,503.53,73484020,SPY,-0.002796317032292644
2024-04-17 00:00:00-04:00,2024-04-17,506.05,506.22,499.12,500.55,75910305,SPY,-0.010927984769417531
2024-04-18 00:00:00-04:00,2024-04-18,501.98,504.13,498.56,499.52,74548085,SPY,-0.0049126409335525185
2024-04-19 00:00:00-04:00,2024-04-19,499.44,500.455,493.86,495.16,102212587,SPY,-0.00860652808987907
2024-04-22 00:00:00-04:00,2024-04-22,497.83,502.38,495.43,499.72,67961048,SPY,0.003789288279275424
2024-04-23 00:00:00-04:00,2024-04-23,501.78,506.09,499.5328,505.65,64633620,SPY,0.0076829537266899514
2024-04-24 00:00:00-04:00,2024-04-24,506.56,507.37,503.13,505.41,55928076,SPY,-0.0022727956264249074
2024-04-25 00:00:00-04:00,2024-04-25,499.18,504.27,497.49,503.49,69122368,SPY,0.008597098838131437
2024-04-26 00:00:00-04:00,2024-04-26,506.35,509.88,505.7,508.26,64306118,SPY,0.0037649978932205322
2024-04-29 00:00:00-04:00,2024-04-29,510.09,510.75,507.25,510.06,46415449,SPY,-5.881488018155318e-05
2024-04-30 00:00:00-04:00,2024-04-30,508.56,509.56,501.98,501.98,77483566,SPY,-0.013022924367533528
2024-05-01 00:00:00-04:00,2024-05-01,501.38,508.19,499.865,500.35,80242839,SPY,-0.0020564430794436
2024-05-02 00:00:00-04:00,2024-05-02,504.15,505.89,499.55,505.03,62550179,SPY,0.0017439906122664701
2024-05-03 00:00:00-04:00,2024-05-03,511.16,512.55,508.56,511.29,72756709,SPY,0.00025429116475240315
2024-05-06 00:00:00-04:00,2024-05-06,513.75,516.61,513.3,516.57,47264703,SPY,0.005474041155759926
2024-05-07 00:00:00-04:00,2024-05-07,517.56,518.57,516.45,517.14,52561299,SPY,-0.0008118295603890667
2024-05-08 00:00:00-04:00,2024-05-08,515.26,517.74,515.14,517.19,42047214,SPY,0.0037386841940805185
2024-05-09 00:00:00-04:00,2024-05-09,517.38,520.2074,516.705,520.17,43643668,SPY,0.005378067032403115
2024-05-10 00:00:00-04:00,2024-05-10,521.81,522.635,519.59,520.84,52233171,SPY,-0.0018606440892813395
2024-05-13 00:00:00-04:00,2024-05-13,522.56,522.67,519.74,520.91,36716361,SPY,-0.003162527672510282
2024-05-14 00:00:00-04:00,2024-05-14,521.11,523.83,520.56,523.3,57535867,SPY,0.0041937614724915214
2024-05-15 00:00:00-04:00,2024-05-15,525.83,530.08,525.18,529.78,59504897,SPY,0.007483859448090664
2024-05-16 00:00:00-04:00,2024-05-16,529.88,531.5218,528.54,528.69,50244827,SPY,-0.0022483170716729958
2024-05-17 00:00:00-04:00,2024-05-17,528.81,529.52,527.32,529.45,59187585,SPY,0.0012095327764917656
2024-05-20 00:00:00-04:00,2024-05-20,529.57,531.5601,529.17,530.06,37764206,SPY,0.000924851193202736
2024-05-21 00:00:00-04:00,2024-05-21,529.28,531.52,529.07,531.36,33437001,SPY,0.003922165233164803
2024-05-22 00:00:00-04:00,2024-05-22,530.65,531.38,527.6,529.83,48389968,SPY,-0.001546469831441953
2024-05-23 00:00:00-04:00,2024-05-23,532.96,533.07,524.72,525.96,57211197,SPY,-0.013221210226651367
2024-05-24 00:00:00-04:00,2024-05-24,527.85,530.27,526.881,529.44,41291076,SPY,0.0030076917375981304
2024-05-28 00:00:00-04:00,2024-05-28,530.27,530.51,527.11,529.81,36269602,SPY,-0.0008678590839784328
2024-05-29 00:00:00-04:00,2024-05-29,525.68,527.31,525.37,526.1,45190323,SPY,0.0007986461471492219
2024-05-30 00:00:00-04:00,2024-05-30,524.52,525.2,521.33,522.61,46468510,SPY,-0.0036480706660229592
2024-05-31 00:00:00-04:00,2024-05-31,523.59,527.5,518.36,527.37,90785755,SPY,0.007193454175054397
2024-06-03 00:00:00-04:00,2024-06-03,529.02,529.31,522.6,527.8,46835702,SPY,-0.0023088142577670644
2024-06-04 00:00:00-04:00,2024-06-04,526.46,529.15,524.96,528.39,34632661,SPY,0.0036592921337160866
2024-06-05 00:00:00-04:00,2024-06-05,530.77,534.69,528.7254,534.67,47610365,SPY,0.007320951754755039
2024-06-06 00:00:00-04:00,2024-06-06,534.98,535.42,532.68,534.66,30808530,SPY,-0.0005983321669847114
2024-06-07 00:00:00-04:00,2024-06-07,533.66,536.89,532.535,534.01,43224525,SPY,0.0006556333184176217
2024-06-10 00:00:00-04:00,2024-06-10,533.18,535.99,532.57,535.66,35729252,SPY,0.004640553217525786
2024-06-11 00:00:00-04:00,2024-06-11,534.07,537.01,532.05,536.95,36383411,SPY,0.005378063792746125
2024-06-12 00:00:00-04:00,2024-06-12,541.63,544.12,540.3,541.36,63251305,SPY,-0.0004986195728381108
2024-06-13 00:00:00-04:00,2024-06-13,543.15,543.325,539.59,542.45,44760949,SPY,-0.0012896096113001216
2024-06-14 00:00:00-04:00,2024-06-14,540.88,542.81,539.85,542.78,40089895,SPY,0.0035066385156738013
2024-06-17 00:00:00-04:00,2024-06-17,542.08,548.53,541.6072,547.1,55839457,SPY,0.009218009046145325
2024-06-18 00:00:00-04:00,2024-06-18,547.16,548.62,546.73,548.49,41376417,SPY,0.0024277837872797273
2024-06-20 00:00:00-04:00,2024-06-20,549.44,550.12,545.18,547.0,70328226,SPY,-0.004450775287129613
2024-06-21 00:00:00-04:00,2024-06-21,544.4,545.65,543.02,544.51,64513859,SPY,0.00020203689997177508
2024-06-24 00:00:00-04:00,2024-06-24,544.33,546.95,542.62,542.74,45528654,SPY,-0.0029252966853103453
2024-06-25 00:00:00-04:00,2024-06-25,543.99,545.2,542.44,544.83,38273346,SPY,0.0015429550644729508
2024-06-26 00:00:00-04:00,2024-06-26,543.69,546.24,543.03,545.51,38550637,SPY,0.0033419054239134743
2024-06-27 00:00:00-04:00,2024-06-27,545.37,546.96,544.61,546.37,35041480,SPY,0.001831938519549706
2024-06-28 00:00:00-04:00,2024-06-28,547.16,550.28,542.95,544.22,76144535,SPY,-0.005387687352992346
2024-07-01 00:00:00-04:00,2024-07-01,545.63,545.88,542.52,545.34,40297810,SPY,-0.0005316369961233589
2024-07-02 00:00:00-04:00,2024-07-02,543.7,549.01,543.65,549.01,40434792,SPY,0.00971903212801339
2024-07-03 00:00:00-04:00,2024-07-03,548.69,551.83,548.65,551.46,32789911,SPY,0.005035687594425705
2024-07-05 00:00:00-04:00,2024-07-05,551.77,555.05,551.12,554.64,41488389,SPY,0.005187961853482194
2024-07-08 00:00:00-04:00,2024-07-08,555.44,556.2501,554.19,555.28,36110451,SPY,-0.00028810141368979897
2024-07-09 00:00:00-04:00,2024-07-09,556.26,557.18,555.52,555.82,27314125,SPY,-0.0007913100189906654
2024-07-10 00:00:00-04:00,2024-07-10,557.07,561.67,556.77,561.32,38701220,SPY,0.007600247602320959
2024-07-11 00:00:00-04:00,2024-07-11,561.44,562.33,555.83,556.48,53054184,SPY,-0.008873680668986842
2024-07-12 00:00:00-04:00,2024-07-12,557.63,563.67,557.15,559.99,53084405,SPY,0.004223266419250818
2024-07-15 00:00:00-04:00,2024-07-15,562.03,564.8371,559.63,561.53,40584293,SPY,-0.0008900281836417569
2024-07-16 00:00:00-04:00,2024-07-16,562.865,565.16,562.1,564.86,36475260,SPY,0.0035381003013016128
2024-07-17 00:00:00-04:00,2024-07-17,558.8,560.51,556.61,556.94,57118956,SPY,-0.0033341131859173775
2024-07-18 00:00:00-04:00,2024-07-18,558.51,559.52,550.43,552.66,56270392,SPY,-0.010529539223716152
2024-07-19 00:00:00-04:00,2024-07-19,552.42,554.08,547.91,548.99,65509081,SPY,-0.006228400120420441
2024-07-22 00:00:00-04:00,2024-07-22,553.0,555.27,551.02,554.65,43346720,SPY,0.002979282662333685
2024-07-23 00:00:00-04:00,2024-07-23,554.54,556.735,553.275,553.78,34439561,SPY,-0.0013714452849741708
2024-07-24 00:00:00-04:00,2024-07-24,548.86,549.17,540.29,541.23,74515266,SPY,-0.013999072748889965
2024-07-25 00:00:00-04:00,2024-07-25,541.35,547.455,537.45,538.41,61158288,SPY,-0.005445668047612533
2024-07-26 00:00:00-04:00,2024-07-26,542.28,547.19,541.49,544.44,53763788,SPY,0.003975270252684265
2024-07-29 00:00:00-04:00,2024-07-29,546.02,547.05,542.72,544.76,39515824,SPY,-0.0023102744099150314
2024-07-30 00:00:00-04:00,2024-07-30,546.26,547.34,538.515,542.0,46853632,SPY,-0.007829051438744853
2024-07-31 00:00:00-04:00,2024-07-31,548.98,553.5,547.5799,550.81,65663388,SPY,0.0033279111265531037
2024-08-01 00:00:00-04:00,2024-08-01,552.57,554.8688,539.43,543.01,76428732,SPY,-0.01745238622850066
2024-08-02 00:00:00-04:00,2024-08-02,535.75,536.99,528.6,532.9,82789070,SPY,-0.0053338450509498895
2024-08-05 00:00:00-04:00,2024-08-05,511.64,523.58,510.27,517.38,146267391,SPY,0.011156361461095637
2024-08-06 00:00:00-04:00,2024-08-06,519.22,529.75,517.87,522.15,84826312,SPY,0.005627217476351713
2024-08-07 00:00:00-04:00,2024-08-07,528.47,531.59,518.0519,518.66,70698340,SPY,-0.018737476754322337
2024-08-08 00:00:00-04:00,2024-08-08,523.91,531.29,521.84,530.65,63276589,SPY,0.012782756363683905
2024-08-09 00:00:00-04:00,2024-08-09,529.81,534.51,528.56,532.99,45619558,SPY,0.005984210556736902
2024-08-12 00:00:00-04:00,2024-08-12,534.21,535.73,530.95,533.27,42542069,SPY,-0.0017611575729094245
2024-08-13 00:00:00-04:00,2024-08-13,536.53,542.28,536.28,542.04,52333073,SPY,0.010217320960159773
2024-08-14 00:00:00-04:00,2024-08-14,542.85,544.96,540.12,543.75,42446929,SPY,0.0016565437250327202
2024-08-15 00:00:00-04:00,2024-08-15,549.5,553.36,548.88,553.07,60846812,SPY,0.006475801946279226
2024-08-16 00:00:00-04:00,2024-08-16,551.42,555.02,551.26,554.31,44430728,SPY,0.005227327793868631
2024-08-19 00:00:00-04:00,2024-08-19,554.73,559.61,553.86,559.61,39121793,SPY,0.008758603651733251
2024-08-20 00:00:00-04:00,2024-08-20,559.15,560.84,557.325,558.7,33732264,SPY,-0.0008051170090941592
2024-08-21 00:00:00-04:00,2024-08-21,559.77,562.11,554.73,560.62,41514600,SPY,0.0015173290784079344
2024-08-22 00:00:00-04:00,2024-08-22,562.56,563.18,554.98,556.22,56121456,SPY,-0.011333895614991103
2024-08-23 00:00:00-04:00,2024-08-23,559.53,563.09,557.29,562.13,50639393,SPY,0.0046359942526152725
2024-08-26 00:00:00-04:00,2024-08-26,563.18,563.91,559.05,560.79,35788609,SPY,-0.004252788957302889
2024-08-27 00:00:00-04:00,2024-08-27,559.49,562.06,558.32,561.56,32693898,SPY,0.0036929706124792937
2024-08-28 00:00:00-04:00,2024-08-28,561.21,561.65,555.04,558.3,41066024,SPY,-0.005198714712608217
2024-08-29 00:00:00-04:00,2024-08-29,560.31,563.68,557.18,558.35,38715176,SPY,-0.0035041961018241288
2024-08-30 00:00:00-04:00,2024-08-30,560.77,564.2,557.14,563.68,62700110,SPY,0.005175875310588818
2024-09-03 00:00:00-04:00,2024-09-03,560.47,560.81,549.51,552.08,60600113,SPY,-0.01508275412781956
2024-09-04 00:00:00-04:00,2024-09-04,550.2,554.43,549.46,550.95,47224939,SPY,0.0013622124433119358
2024-09-05 00:00:00-04:00,2024-09-05,550.89,553.7995,547.1,549.61,44264258,SPY,-0.002326216405640063
2024-09-06 00:00:00-04:00,2024-09-06,549.94,551.6,539.44,540.36,68493805,SPY,-0.017573597265099144
2024-09-09 00:00:00-04:00,2024-09-09,544.65,547.71,542.68,546.41,40445822,SPY,0.0032262231711950562
2024-09-10 00:00:00-04:00,2024-09-10,548.36,549.15,543.38,548.79,36394579,SPY,0.0007838491036169207
2024-09-11 00:00:00-04:00,2024-09-11,548.7,555.36,539.96,554.42,75248608,SPY,0.010370678196150127
2024-09-12 00:00:00-04:00,2024-09-12,555.01,559.4,552.74,559.09,51892735,SPY,0.007324330382480968
2024-09-13 00:00:00-04:00,2024-09-13,559.71,563.03,559.45,562.01,39310501,SPY,0.004100850877675608
2024-09-16 00:00:00-04:00,2024-09-16,561.74,563.11,559.9,562.84,36656122,SPY,0.0019562865261939784
2024-09-17 00:00:00-04:00,2024-09-17,565.1,566.58,560.795,563.07,49320970,SPY,-0.0035987522995294674
2024-09-18 00:00:00-04:00,2024-09-18,563.74,568.69,560.83,561.4,59044937,SPY,-0.00415948837257773
2024-09-19 00:00:00-04:00,2024-09-19,571.01,572.88,568.08,570.98,75315470,SPY,-5.253986463427299e-05
2024-09-20 00:00:00-04:00,2024-09-20,567.84,569.31,565.17,568.25,77503110,SPY,0.0007217738344661945
2024-09-23 00:00:00-04:00,2024-09-23,569.34,570.3325,568.1,569.67,44116922,SPY,0.0005794505917127646
2024-09-24 00:00:00-04:00,2024-09-24,570.48,571.36,567.6,571.3,46805672,SPY,0.0014363540103686134
2024-09-25 00:00:00-04:00,2024-09-25,571.14,571.89,568.91,570.04,38428587,SPY,-0.0019278296862575237
2024-09-26 00:00:00-04:00,2024-09-26,574.38,574.71,569.9,572.3,48336004,SPY,-0.0036278687712602694
2024-09-27 00:00:00-04:00,2024-09-27,573.39,574.22,570.42,571.47,42100928,SPY,-0.003354125045899799
2024-09-30 00:00:00-04:00,2024-09-30,570.42,574.38,568.08,573.76,63655448,SPY,0.0058382588177739395
2024-10-01 00:00:00-04:00,2024-10-01,573.4,574.0622,566.0,568.62,72668778,SPY,-0.008371180739110879
2024-10-02 00:00:00-04:00,2024-10-02,567.71,569.9,565.27,568.86,38097798,SPY,0.002023633198916361
2024-10-03 00:00:00-04:00,2024-10-03,567.36,569.8025,565.49,567.82,40846466,SPY,0.0008104442029954011
2024-10-04 00:00:00-04:00,2024-10-04,572.35,573.36,568.1,572.98,43005186,SPY,0.00110011972713344
2024-10-07 00:00:00-04:00,2024-10-07,571.3,571.9599,566.63,567.8,49964690,SPY,-0.0061452216915460905
2024-10-08 00:00:00-04:00,2024-10-08,570.42,573.78,569.5299,573.17,37398693,SPY,0.004809425232389026
2024-10-09 00:00:00-04:00,2024-10-09,573.16,577.71,572.55,577.14,37912244,SPY,0.006919961544177198
2024-10-10 00:00:00-04:00,2024-10-10,575.77,577.58,574.49,576.13,44138060,SPY,0.0006250542785325054
2024-10-11 00:00:00-04:00,2024-10-11,576.05,580.33,575.91,579.58,42267994,SPY,0.006109240810854302
2024-10-14 00:00:00-04:00,2024-10-14,581.22,585.27,580.73,584.32,36217215,SPY,0.005319435300200399
2024-10-15 00:00:00-04:00,2024-10-15,584.59,584.9,578.545,579.78,54203636,SPY,-0.008262025578260895
2024-10-16 00:00:00-04:00,2024-10-16,579.78,582.83,578.96,582.3,30725436,SPY,0.004337057603802122
2024-10-17 00:00:00-04:00,2024-10-17,585.91,586.12,582.16,582.35,34393714,SPY,-0.006094552615432717
2024-10-18 00:00:00-04:00,2024-10-18,584.07,585.39,582.58,584.59,37416801,SPY,0.000889908158604237
2024-10-21 00:00:00-04:00,2024-10-21,583.85,584.85,580.6001,583.63,36439010,SPY,-0.00037688012232171787
2024-10-22 00:00:00-04:00,2024-10-22,581.05,584.5,580.38,583.32,34183835,SPY,0.0038991091764818417
2024-10-23 00:00:00-04:00,2024-10-23,581.26,581.7086,574.415,577.99,49314574,SPY,-0.005641593569998517
2024-10-24 00:00:00-04:00,2024-10-24,579.98,580.06,576.57,579.24,34979860,SPY,-0.001276720726898568
2024-10-25 00:00:00-04:00,2024-10-25,581.51,584.46,578.08,579.04,47268176,SPY,-0.004256608899978961
2024-10-28 00:00:00-04:00,2024-10-28,582.58,582.71,580.52,580.83,30174704,SPY,-0.0030083999963212687
2024-10-29 00:00:00-04:00,2024-10-29,579.85,582.907,578.43,581.77,42899661,SPY,0.0033057312175359434
2024-10-30 00:00:00-04:00,2024-10-30,581.29,583.32,579.29,580.01,41435839,SPY,-0.002204426966927452
2024-10-31 00:00:00-04:00,2024-10-31,575.56,575.63,568.44,568.64,60182451,SPY,-0.01209593492893024
2024-11-01 00:00:00-04:00,2024-11-01,571.32,575.55,570.62,571.04,45667533,SPY,-0.0004902132525776758
2024-11-04 00:00:00-05:00,2024-11-04,571.18,572.5,567.89,569.81,38216975,SPY,-0.002401424479409596
2024-11-05 00:00:00-05:00,2024-11-05,570.74,576.74,570.52,576.7,39478322,SPY,0.010388436170910233
2024-11-06 00:00:00-05:00,2024-11-06,589.2,591.93,585.39,591.04,68181968,SPY,0.0031180124223998003
2024-11-07 00:00:00-05:00,2024-11-07,593.08,596.65,592.9999,595.61,47233212,SPY,0.004256793310888197
2024-11-08 00:00:00-05:00,2024-11-08,596.17,599.64,596.165,598.19,46444893,SPY,0.003382567946063619
2024-11-11 00:00:00-05:00,2024-11-11,599.81,600.17,597.0,598.76,37586773,SPY,-0.0017520883529683249
2024-11-12 00:00:00-05:00,2024-11-12,598.68,599.29,594.37,596.9,43006128,SPY,-0.0029776364863421394
2024-11-13 00:00:00-05:00,2024-11-13,597.37,599.23,594.96,597.19,47388640,SPY,-0.0003013661956909724
2024-11-14 00:00:00-05:00,2024-11-14,597.32,597.81,592.65,593.35,38904109,SPY,-0.006668539077919873
2024-11-15 00:00:00-05:00,2024-11-15,589.72,590.2,583.86,585.75,75988766,SPY,-0.006754770593713992
2024-11-18 00:00:00-05:00,2024-11-18,586.22,589.49,585.34,588.15,37084081,SPY,0.003286871663217926
2024-11-19 00:00:00-05:00,2024-11-19,584.71,591.045,584.03,590.3,49412046,SPY,0.009514884423515434
2024-11-20 00:00:00-05:00,2024-11-20,590.38,590.79,584.63,590.5,50032576,SPY,0.00020323826368986745
2024-11-21 00:00:00-05:00,2024-11-21,593.4,595.12,587.45,593.67,46750285,SPY,0.000454901572200612
2024-11-22 00:00:00-05:00,2024-11-22,593.66,596.15,593.1525,595.51,38226390,SPY,0.0031114163533786793
2024-11-25 00:00:00-05:00,2024-11-25,599.52,600.86,595.2,597.53,42441393,SPY,-0.0033248432951305104
2024-11-26 00:00:00-05:00,2024-11-26,598.8,601.33,598.07,600.65,45621288,SPY,0.0030847496219108326
2024-11-27 00:00:00-05:00,2024-11-27,600.46,600.85,597.28,598.83,34000163,SPY,-0.00271827665314673
2024-11-29 00:00:00-05:00,2024-11-29,599.66,603.35,599.3805,602.55,30177351,SPY,0.004807821540156842
2024-12-02 00:00:00-05:00,2024-12-02,602.97,604.32,602.47,603.63,31745989,SPY,0.0010939832020950312
2024-12-03 00:00:00-05:00,2024-12-03,603.39,604.16,602.341,603.91,26906629,SPY,0.0008614263764693417
2024-12-04 00:00:00-05:00,2024-12-04,605.63,607.91,604.95,607.66,42787561,SPY,0.0033462764784257283
2024-12-05 00:00:00-05:00,2024-12-05,607.66,608.48,606.305,606.66,28762183,SPY,-0.001647012691966246
2024-12-06 00:00:00-05:00,2024-12-06,607.44,609.07,607.02,607.81,31241549,SPY,0.0006089282228887057
2024-12-09 00:00:00-05:00,2024-12-09,607.69,607.86,604.08,604.68,34742738,SPY,-0.004965491037504435
2024-12-10 00:00:00-05:00,2024-12-10,605.37,605.8,602.13,602.8,37234515,SPY,-0.004254374593562148
2024-12-11 00:00:00-05:00,2024-12-11,605.78,608.435,605.5,607.46,28677723,SPY,0.0027694455734659294
2024-12-12 00:00:00-05:00,2024-12-12,606.58,607.16,604.33,604.33,31543812,SPY,-0.0037162177030923924
2024-12-13 00:00:00-05:00,2024-12-13,606.4,607.13,602.81,604.21,35904730,SPY,-0.0036180147015636532
2024-12-16 00:00:00-05:00,2024-12-16,606.0,607.7795,605.21,606.79,43695179,SPY,0.0013027813747390669
2024-12-17 00:00:00-05:00,2024-12-17,604.19,605.17,602.885,604.29,55773545,SPY,0.00016549715382652567
2024-12-18 00:00:00-05:00,2024-12-18,603.98,606.405,585.89,586.28,108248729,SPY,-0.029743593644699997
2024-12-19 00:00:00-05:00,2024-12-19,591.36,593.0,585.85,586.1,85919452,SPY,-0.008934545530881039
2024-12-20 00:00:00-05:00,2024-12-20,581.77,595.75,580.91,591.15,125716674,SPY,0.015994611688874196
2024-12-23 00:00:00-05:00,2024-12-23,590.89,595.3,587.661,594.69,57635828,SPY,0.006410386499083879
2024-12-24 00:00:00-05:00,2024-12-24,596.06,601.34,595.47,601.3,33160097,SPY,0.008752644906232917
2024-12-26 00:00:00-05:00,2024-12-26,599.5,602.48,598.0825,601.34,41338891,SPY,0.0030645238999370294
2024-12-27 00:00:00-05:00,2024-12-27,597.54,597.7761,590.7647,595.01,64969310,SPY,-0.004243015044515674
2024-12-30 00:00:00-05:00,2024-12-30,587.89,591.74,584.41,588.22,56578757,SPY,0.000561172013944523
2024-12-31 00:00:00-05:00,2024-12-31,589.905,590.6399,584.42,586.08,57052654,SPY,-0.006505207955487611
2025-01-02 00:00:00-05:00,2025-01-02,589.39,591.13,580.5,584.64,50203975,SPY,-0.008091830563506241
2025-01-03 00:00:00-05:00,2025-01-03,587.53,592.6,586.43,591.95,37888459,SPY,0.007494863313257125
2025-01-06 00:00:00-05:00,2025-01-06,596.27,599.7,593.6,595.36,47679442,SPY,-0.0015273200186247194
2025-01-07 00:00:00-05:00,2025-01-07,597.42,597.75,586.78,588.63,60393052,SPY,-0.01482258072792797
2025-01-08 00:00:00-05:00,2025-01-08,588.7,590.5799,585.195,589.49,47304672,SPY,0.0013410402709136124
2025-01-10 00:00:00-05:00,2025-01-10,585.88,585.95,578.55,580.49,73105046,SPY,-0.009242415989393026
2025-01-13 00:00:00-05:00,2025-01-13,575.77,581.75,575.35,581.39,47910060,SPY,0.009713512717811646
2025-01-14 00:00:00-05:00,2025-01-14,584.36,585.0,578.35,582.19,48420580,SPY,-0.0037203763284037634
2025-01-15 00:00:00-05:00,2025-01-15,590.325,593.94,589.195,592.78,56900159,SPY,0.0041501025244749115
2025-01-16 00:00:00-05:00,2025-01-16,594.175,594.35,590.93,591.64,43319662,SPY,-0.004275546964261008
2025-01-17 00:00:00-05:00,2025-01-17,596.96,599.36,595.61,597.58,58070628,SPY,0.0010380565835787345
2025-01-21 00:00:00-05:00,2025-01-21,600.67,603.06,598.67,603.05,42532853,SPY,0.003954413154908945
2025-01-22 00:00:00-05:00,2025-01-22,605.92,607.82,605.36,606.44,48195973,SPY,0.0008578310598963613
2025-01-23 00:00:00-05:00,2025-01-23,605.8,609.75,605.52,609.75,41152102,SPY,0.006499138502892881
2025-01-24 00:00:00-05:00,2025-01-24,609.81,610.78,606.8,607.97,34604693,SPY,-0.003021894595437999
2025-01-27 00:00:00-05:00,2025-01-27,594.81,599.69,594.64,599.37,70361125,SPY,0.007637076761386503
2025-01-28 00:00:00-05:00,2025-01-28,600.62,605.37,597.25,604.52,44433322,SPY,0.006472299673823684
2025-01-29 00:00:00-05:00,2025-01-29,603.72,604.13,599.22,601.81,37177429,SPY,-0.0031687334171225435
2025-01-30 00:00:00-05:00,2025-01-30,603.96,606.6,600.715,605.04,39281255,SPY,0.0017866009715049392
2025-01-31 00:00:00-05:00,2025-01-31,607.5,609.96,601.05,601.82,66671471,SPY,-0.009393777938547544
2025-02-03 00:00:00-05:00,2025-02-03,592.67,600.29,590.49,597.77,65857248,SPY,0.008568312895661798
2025-02-04 00:00:00-05:00,2025-02-04,597.83,602.3,597.28,601.78,33457815,SPY,0.006585497412567612
2025-02-05 00:00:00-05:00,2025-02-05,600.64,604.37,598.58,604.22,30653149,SPY,0.005942616628560593
2025-02-06 00:00:00-05:00,2025-02-06,605.99,606.4525,602.63,606.32,35771503,SPY,0.0005444152207780145
2025-02-07 00:00:00-05:00,2025-02-07,606.89,608.13,600.05,600.77,50788516,SPY,-0.010135389745846058
2025-02-10 00:00:00-05:00,2025-02-10,604.03,605.4999,602.74,604.85,26048714,SPY,0.001356627830327901
2025-02-11 00:00:00-05:00,2025-02-11,602.55,605.86,602.43,605.31,30056740,SPY,0.004570074021295423
2025-02-12 00:00:00-05:00,2025-02-12,599.2,604.55,598.51,603.36,45076076,SPY,0.006918601307037123
2025-02-13 00:00:00-05:00,2025-02-13,604.48,609.94,603.2,609.73,40921297,SPY,0.008647651916939088
2025-02-14 00:00:00-05:00,2025-02-14,609.94,610.99,609.07,609.7,26910448,SPY,-0.0003935587601223322
2025-02-18 00:00:00-05:00,2025-02-18,610.88,611.49,608.38,611.49,26749030,SPY,0.000998061226365913
2025-02-19 00:00:00-05:00,2025-02-19,610.08,613.23,609.56,612.93,31011072,SPY,0.004660640810576383
2025-02-20 00:00:00-05:00,2025-02-20,611.54,611.684,607.02,610.38,36554002,SPY,-0.001898651873234822
2025-02-21 00:00:00-05:00,2025-02-21,610.16,610.3,599.47,599.94,76519818,SPY,-0.016891567640170038
2025-02-24 00:00:00-05:00,2025-02-24,602.02,603.03,596.49,597.21,50737213,SPY,-0.008021857014373244
2025-02-25 00:00:00-05:00,2025-02-25,597.15,597.89,589.56,594.24,58266472,SPY,-0.004885059950094824
2025-02-26 00:00:00-05:00,2025-02-26,595.93,599.58,591.8556,594.54,43321578,SPY,-0.002335213204305255
2025-02-27 00:00:00-05:00,2025-02-27,596.85,598.02,584.65,585.05,74196664,SPY,-0.01996851187608055
2025-02-28 00:00:00-05:00,2025-02-28,585.56,594.72,582.44,594.18,88744106,SPY,0.01461364945805536
2025-03-03 00:00:00-05:00,2025-03-03,596.18,597.34,579.9,583.77,74249199,SPY,-0.021035565253120954
2025-03-04 00:00:00-05:00,2025-03-04,579.71,585.39,572.25,576.86,109648212,SPY,-0.004928375746575556
2025-03-05 00:00:00-05:00,2025-03-05,576.69,584.88,573.0795,583.06,71230528,SPY,0.01098523657410284
2025-03-06 00:00:00-05:00,2025-03-06,575.48,580.1736,570.12,572.71,80094868,SPY,-0.004824994772521172
2025-03-07 00:00:00-05:00,2025-03-07,570.9,577.39,565.63,575.92,81158816,SPY,0.008754699190833876
2025-03-10 00:00:00-04:00,2025-03-10,567.59,569.54,555.59,560.58,99326624,SPY,-0.012427365056895007
2025-03-11 00:00:00-04:00,2025-03-11,559.4,564.02,552.02,555.92,88102109,SPY,-0.0062403817617874965
2025-03-12 00:00:00-04:00,2025-03-12,562.17,563.11,553.69,558.87,69588167,SPY,-0.005887407285957107
2025-03-13 00:00:00-04:00,2025-03-13,558.49,559.105,549.68,551.42,74079414,SPY,-0.01273994400470027
2025-03-14 00:00:00-04:00,2025-03-14,556.11,563.83,551.4917,562.81,62660321,SPY,0.01197597697462223
2025-03-17 00:00:00-04:00,2025-03-17,562.79,569.71,562.35,567.15,49008709,SPY,0.00771726222402604
2025-03-18 00:00:00-04:00,2025-03-18,564.8,565.02,559.06,561.02,66041422,SPY,-0.006715130667918479
2025-03-19 00:00:00-04:00,2025-03-19,562.83,570.95,561.63,567.13,66555985,SPY,0.007610925620135608
2025-03-20 00:00:00-04:00,2025-03-20,563.33,570.57,562.6012,565.49,62958195,SPY,0.003827009862121746
2025-03-21 00:00:00-04:00,2025-03-21,559.28,564.89,558.03,563.98,83762964,SPY,0.008368547672665596
2025-03-24 00:00:00-04:00,2025-03-24,570.8,575.15,570.2,574.08,58766795,SPY,0.005729873827695512
2025-03-25 00:00:00-04:00,2025-03-25,575.3,576.41,573.69,575.46,38355735,SPY,0.00027807709866724695
2025-03-26 00:00:00-04:00,2025-03-26,575.19,576.33,567.19,568.59,52228898,SPY,-0.011540808992091346
2025-03-27 00:00:00-04:00,2025-03-27,567.18,570.9,564.94,567.08,42164248,SPY,-0.00017632641591701023
2025-03-28 00:00:00-04:00,2025-03-28,565.53,566.2675,555.07,555.66,71662653,SPY,-0.01760674813669795
2025-03-31 00:00:00-04:00,2025-03-31,549.83,560.7112,546.87,559.39,95328213,SPY,0.017237764773059848
2025-04-01 00:00:00-04:00,2025-04-01,557.45,562.94,553.68,560.97,54609641,SPY,0.006294614943397997
2025-04-02 00:00:00-04:00,2025-04-02,555.05,567.42,554.81,564.52,76014544,SPY,0.01691761276715014
2025-04-03 00:00:00-04:00,2025-04-03,545.11,547.97,536.7,536.7,125985998,SPY,-0.015548329976930614
2025-04-04 00:00:00-04:00,2025-04-04,523.67,525.87,505.06,505.28,217965131,SPY,-0.0357489838723496
2025-04-07 00:00:00-04:00,2025-04-07,489.19,523.17,481.8,504.38,256611355,SPY,0.030578990167178507
2025-04-08 00:00:00-04:00,2025-04-08,521.86,524.98,489.16,496.48,165816581,SPY,-0.04985615197700577
2025-04-09 00:00:00-04:00,2025-04-09,493.44,548.62,493.05,548.62,241867317,SPY,0.10600476333863386
2025-04-10 00:00:00-04:00,2025-04-10,532.17,533.495,509.32,524.58,162331225,SPY,-0.014365044748103163
2025-04-11 00:00:00-04:00,2025-04-11,523.01,536.43,520.07,533.94,97866334,SPY,0.020682888755805633
2025-04-14 00:00:00-04:00,2025-04-14,544.05,544.28,533.86,539.12,68033993,SPY,-0.00910297375905942
2025-04-15 00:00:00-04:00,2025-04-15,539.675,543.23,536.81,537.61,56892874,SPY,-0.0038337162945247917
2025-04-16 00:00:00-04:00,2025-04-16,531.68,537.8854,520.29,525.66,83484814,SPY,-0.011387188699956712
2025-04-17 00:00:00-04:00,2025-04-17,527.64,531.165,523.91,526.41,79868083,SPY,-0.002333856189565305
2025-04-21 00:00:00-04:00,2025-04-21,521.16,521.7,508.46,513.88,69368129,SPY,-0.014067321171321867
2025-04-22 00:00:00-04:00,2025-04-22,520.14,529.305,519.1925,527.25,75948117,SPY,0.013576813250280019
2025-04-23 00:00:00-04:00,2025-04-23,540.43,545.43,533.88,535.42,90590658,SPY,-0.009313633341952773
2025-04-24 00:00:00-04:00,2025-04-24,536.715,547.43,535.4504,546.69,64150418,SPY,0.018414686799221775
2025-04-25 00:00:00-04:00,2025-04-25,546.65,551.05,543.69,550.64,61119590,SPY,0.007272494209615069
2025-04-28 00:00:00-04:00,2025-04-28,551.39,553.55,545.02,550.85,47613755,SPY,-0.0009798229844722372
2025-04-29 00:00:00-04:00,2025-04-29,548.91,555.45,548.55,554.32,47775121,SPY,0.009807643674541535
2025-04-30 00:00:00-04:00,2025-04-30,547.57,556.52,541.52,554.54,93101463,SPY,0.012648633849760112
2025-05-01 00:00:00-04:00,2025-05-01,560.37,564.0699,557.86,558.47,63186146,SPY,-0.0033963780816478983
2025-05-02 00:00:00-04:00,2025-05-02,564.73,568.38,562.38,566.76,60717270,SPY,0.0035881928749559792
2025-05-05 00:00:00-04:00,2025-05-05,562.57,566.65,561.7,563.51,38659222,SPY,0.0016695087708426231
2025-05-06 00:00:00-04:00,2025-05-06,557.93,563.3476,556.96,558.8,48264708,SPY,0.0015581208994318084
2025-05-07 00:00:00-04:00,2025-05-07,560.15,563.82,556.04,561.15,55733229,SPY,0.0017836444575325841
2025-05-08 00:00:00-04:00,2025-05-08,565.24,570.31,561.7,565.06,65130787,SPY,-0.0003184995160961225
2025-05-09 00:00:00-04:00,2025-05-09,566.48,567.5,562.7637,564.34,37603427,SPY,-0.0037848685991854944
2025-05-12 00:00:00-04:00,2025-05-12,581.47,583.0,577.04,582.99,78993570,SPY,0.002610653630520693
2025-05-13 00:00:00-04:00,2025-05-13,583.41,589.08,582.84,586.84,67947225,SPY,0.005862012086542689
2025-05-14 00:00:00-04:00,2025-05-14,587.81,588.98,585.535,587.59,66283531,SPY,-0.0003743406543627346
2025-05-15 00:00:00-04:00,2025-05-15,585.56,590.97,585.0969,590.46,71268145,SPY,0.008333239835738363
2025-05-16 00:00:00-04:00,2025-05-16,591.25,594.5,589.28,594.2,76052101,SPY,0.004977023222364592
2025-05-19 00:00:00-04:00,2025-05-19,588.1,595.54,588.1,594.85,68168509,SPY,0.011412271456624795
2025-05-20 00:00:00-04:00,2025-05-20,593.09,594.05,589.6,592.85,60614492,SPY,-0.00040474223531769494
2025-05-21 00:00:00-04:00,2025-05-21,588.44,592.58,581.82,582.86,95197657,SPY,-0.009527947090347306
2025-05-22 00:00:00-04:00,2025-05-22,582.66,586.62,581.405,583.09,70860417,SPY,0.0007377225297049095
2025-05-23 00:00:00-04:00,2025-05-23,575.98,581.8101,575.6,579.11,76029046,SPY,0.005419504386566024
2025-05-27 00:00:00-04:00,2025-05-27,586.07,591.31,578.43,591.15,72588475,SPY,0.008630555941246993
2025-05-28 00:00:00-04:00,2025-05-28,591.56,592.7688,586.985,587.73,68445512,SPY,-0.0064954565305177
2025-05-29 00:00:00-04:00,2025-05-29,593.06,593.2,586.07,590.05,70073758,SPY,-0.005088295246020966
2025-05-30 00:00:00-04:00,2025-05-30,588.93,591.1299,583.235,589.39,90601242,SPY,0.0007807726650965858
2025-06-02 00:00:00-04:00,2025-06-02,587.76,592.79,585.06,592.71,61630502,SPY,0.008386539281401565
2025-06-03 00:00:00-04:00,2025-06-03,592.34,597.08,591.85,596.09,63606204,SPY,0.006310868029158676
2025-06-04 00:00:00-04:00,2025-06-04,596.96,597.95,595.49,595.93,57314199,SPY,-0.0017268989696795224
2025-06-05 00:00:00-04:00,2025-06-05,597.63,599.0,591.05,593.05,92436397,SPY,-0.007693120886517515
2025-06-06 00:00:00-04:00,2025-06-06,598.66,600.83,596.86,599.14,66588743,SPY,0.0008014694033965311
2025-06-09 00:00:00-04:00,2025-06-09,599.72,601.25,598.49,599.68,53016418,SPY,-6.67000166998298e-05
2025-06-10 00:00:00-04:00,2025-06-10,600.22,603.47,599.09,603.08,66246973,SPY,0.004753603233699376
2025-06-11 00:00:00-04:00,2025-06-11,604.19,605.06,599.27,601.36,73658225,SPY,-0.004694961135402353
2025-06-12 00:00:00-04:00,2025-06-12,600.01,603.75,599.52,603.75,64129003,SPY,0.0062138832228568475
2025-06-13 00:00:00-04:00,2025-06-13,598.5,601.85,595.48,597.0,89505996,SPY,-0.002509411605425807
2025-06-16 00:00:00-04:00,2025-06-16,600.4,604.45,600.22,602.68,79984125,SPY,0.003790276173780827
2025-06-17 00:00:00-04:00,2025-06-17,600.21,601.75,596.76,597.53,82209365,SPY,-0.0044751022301876475
2025-06-18 00:00:00-04:00,2025-06-18,598.44,601.22,596.47,597.44,76605029,SPY,-0.0016724089926736401
2025-06-20 00:00:00-04:00,2025-06-20,598.38,599.46,592.86,594.28,94051374,SPY,-0.006875414872679494
2025-06-23 00:00:00-04:00,2025-06-23,595.04,600.54,591.89,600.15,87426039,SPY,0.008550993794593755
2025-06-24 00:00:00-04:00,2025-06-24,604.33,607.8499,603.41,606.78,67735293,SPY,0.004045880790405646
2025-06-25 00:00:00-04:00,2025-06-25,607.91,608.61,605.54,607.12,62114767,SPY,-0.0013003795977436744
2025-06-26 00:00:00-04:00,2025-06-26,608.99,612.31,608.37,611.87,78548361,SPY,0.004717994433876462
2025-06-27 00:00:00-04:00,2025-06-27,612.88,616.39,610.83,614.91,86258398,SPY,0.003306757425581047
2025-06-30 00:00:00-04:00,2025-06-30,617.38,619.22,615.04,617.85,92502541,SPY,0.0007609919167794682
2025-07-01 00:00:00-04:00,2025-07-01,616.36,618.83,615.52,617.65,70030140,SPY,0.002090745569170125
2025-07-02 00:00:00-04:00,2025-07-02,617.24,620.49,616.61,620.45,66510374,SPY,0.005187094017624549
2025-07-03 00:00:00-04:00,2025-07-03,622.45,626.28,622.43,625.34,51065789,SPY,0.004632197994247629
2025-07-07 00:00:00-04:00,2025-07-07,623.36,624.03,617.87,620.68,74814505,SPY,-0.004308549798832416
2025-07-08 00:00:00-04:00,2025-07-08,621.35,622.11,619.52,620.34,59024585,SPY,-0.0016268154253467888
2025-07-09 00:00:00-04:00,2025-07-09,622.77,624.72,620.9105,624.06,66113326,SPY,0.002069248350283879
2025-07-10 00:00:00-04:00,2025-07-10,624.2,626.8701,623.01,625.82,57528960,SPY,0.0025919599797834822
2025-07-11 00:00:00-04:00,2025-07-11,622.74,624.86,621.53,623.62,63670226,SPY,0.001412112305002079
2025-07-14 00:00:00-04:00,2025-07-14,623.16,625.1581,621.7999,624.81,51898518,SPY,0.0026442958748065467
2025-07-15 00:00:00-04:00,2025-07-15,627.52,627.86,622.06,622.14,74317260,SPY,-0.008610395209739635
2025-07-16 00:00:00-04:00,2025-07-16,623.74,624.73,618.05,624.22,88987511,SPY,0.0007692554627876105
2025-07-17 00:00:00-04:00,2025-07-17,624.4,628.4048,624.18,628.04,68885683,SPY,0.005812670066043914
2025-07-18 00:00:00-04:00,2025-07-18,629.3,629.47,626.46,627.58,65621645,SPY,-0.0027369376132725803
2025-07-21 00:00:00-04:00,2025-07-21,628.77,631.54,628.34,628.77,63374984,SPY,0.0
2025-07-22 00:00:00-04:00,2025-07-22,629.1,629.73,626.19,628.86,60046288,SPY,-0.00038157016584294297
2025-07-23 00:00:00-04:00,2025-07-23,631.55,634.21,629.73,634.21,70511036,SPY,0.004203014656513347
2025-07-24 00:00:00-04:00,2025-07-24,634.6,636.15,633.99,634.42,71307134,SPY,-0.00028368347418827346
2025-07-25 00:00:00-04:00,2025-07-25,635.09,637.5799,634.84,637.1,56865364,SPY,0.0031599079893573495
2025-07-28 00:00:00-04:00,2025-07-28,637.48,638.04,635.54,636.94,54917102,SPY,-0.0008474443783325008
2025-07-29 00:00:00-04:00,2025-07-29,638.35,638.67,634.335,635.26,60556278,SPY,-0.004852358356064137
2025-07-30 00:00:00-04:00,2025-07-30,635.92,637.68,631.54,634.46,80418851,SPY,-0.0022985258627997137
2025-07-31 00:00:00-04:00,2025-07-31,639.455,639.85,630.765,632.08,103385246,SPY,-0.011600282653923079
2025-08-01 00:00:00-04:00,2025-08-01,626.3,626.34,619.29,621.72,140103572,SPY,-0.007339658916669794
2025-08-04 00:00:00-04:00,2025-08-04,625.67,631.215,625.58,631.17,73218015,SPY,0.008752164330324998
2025-08-05 00:00:00-04:00,2025-08-05,631.79,632.6052,627.04,627.97,68051401,SPY,-0.006064665822612774
2025-08-06 00:00:00-04:00,2025-08-06,629.05,633.44,628.13,632.78,64357525,SPY,0.005912065594258998
2025-08-07 00:00:00-04:00,2025-08-07,636.24,636.98,629.11,632.25,74205791,SPY,-0.006290965098805321
2025-08-08 00:00:00-04:00,2025-08-08,634.06,637.645,633.74,637.18,64051626,SPY,0.004908603040397282
2025-08-11 00:00:00-04:00,2025-08-11,637.46,638.95,634.66,635.92,58742300,SPY,-0.0024187607011289616
2025-08-12 00:00:00-04:00,2025-08-12,638.29,642.85,636.79,642.69,64821798,SPY,0.006869767372393848
2025-08-13 00:00:00-04:00,2025-08-13,644.91,646.19,642.68,644.89,60092790,SPY,-3.10125600893323e-05
2025-08-14 00:00:00-04:00,2025-08-14,642.79,645.62,642.34,644.95,59327466,SPY,0.0033547176071927727
2025-08-15 00:00:00-04:00,2025-08-15,645.99,646.09,642.5153,643.44,68592507,SPY,-0.003955241190812671
2025-08-18 00:00:00-04:00,2025-08-18,642.86,644.0,642.18,643.3,43804914,SPY,0.0006842072792887362
2025-08-19 00:00:00-04:00,2025-08-19,643.12,644.105,638.48,639.81,69750731,SPY,-0.005160074742094408
2025-08-20 00:00:00-04:00,2025-08-20,639.4,639.66,632.95,638.11,88890298,SPY,-0.0020195543493975497
2025-08-21 00:00:00-04:00,2025-08-21,636.28,637.97,633.81,635.55,54805775,SPY,-0.001147952289481822
2025-08-22 00:00:00-04:00,2025-08-22,637.76,646.5,637.25,645.31,84083214,SPY,0.0117687844655083
2025-08-25 00:00:00-04:00,2025-08-25,644.04,645.29,642.35,642.47,51274332,SPY,-0.002440712904500448
2025-08-26 00:00:00-04:00,2025-08-26,642.2,645.51,641.57,645.16,51581565,SPY,0.004598566393568021
2025-08-27 00:00:00-04:00,2025-08-27,644.57,647.37,644.42,646.63,48341069,SPY,0.0031908329427031545
2025-08-28 00:00:00-04:00,2025-08-28,647.24,649.48,645.34,648.92,61519461,SPY,0.0025922740105908016
2025-08-29 00:00:00-04:00,2025-08-29,647.47,647.84,643.14,645.05,74522192,SPY,-0.003744627282852884
2025-09-02 00:00:00-04:00,2025-09-02,637.5,640.49,634.92,640.27,81983545,SPY,0.004335685356898821
2025-09-03 00:00:00-04:00,2025-09-03,642.67,644.21,640.46,643.74,70820898,SPY,0.0016635446657880905
2025-09-04 00:00:00-04:00,2025-09-04,644.42,649.15,643.51,649.12,65219228,SPY,0.007266912013728546
2025-09-05 00:00:00-04:00,2025-09-05,651.48,652.21,643.33,647.24,85178935,SPY,-0.006529529173752753
2025-09-08 00:00:00-04:00,2025-09-08,648.62,649.84,647.23,648.83,63133104,SPY,0.00032371189923900495
2025-09-09 00:00:00-04:00,2025-09-09,648.97,650.86,647.22,650.33,66133856,SPY,0.0020934356910341225
2025-09-10 00:00:00-04:00,2025-09-10,653.62,654.55,650.63,652.21,78034529,SPY,-0.0021595468751337155
2025-09-11 00:00:00-04:00,2025-09-11,654.18,658.33,653.59,657.63,69934360,SPY,0.005259920193000497
2025-09-12 00:00:00-04:00,2025-09-12,657.6,659.11,656.9,657.41,72780135,SPY,-0.000288971188541854
2025-09-15 00:00:00-04:00,2025-09-15,659.64,661.04,659.34,660.91,63772412,SPY,0.0019234415834975707
2025-09-16 00:00:00-04:00,2025-09-16,661.47,661.78,659.21,660.0,61168953,SPY,-0.00222479603220709
2025-09-17 00:00:00-04:00,2025-09-17,660.01,661.72,654.3,659.18,101952244,SPY,-0.0012583480916642323
2025-09-18 00:00:00-04:00,2025-09-18,661.89,664.89,660.27,662.26,90459242,SPY,0.0005588490875348978
2025-09-19 00:00:00-04:00,2025-09-19,662.33,664.55,660.37,663.7,97945620,SPY,0.0020663189934683962
2025-09-22 00:00:00-04:00,2025-09-22,662.2,667.29,662.17,666.84,69452201,SPY,0.00698251196668435
2025-09-23 00:00:00-04:00,2025-09-23,666.72,667.34,661.98,663.21,81708872,SPY,-0.00527848555901595
2025-09-24 00:00:00-04:00,2025-09-24,664.51,664.61,659.67,661.1,68082229,SPY,-0.005144812609487921
2025-09-25 00:00:00-04:00,2025-09-25,657.94,659.4056,654.405,658.05,89622067,SPY,0.0001671745229919663
2025-09-26 00:00:00-04:00,2025-09-26,659.51,662.37,657.88,661.82,69179209,SPY,0.0034964805966482574
2025-09-29 00:00:00-04:00,2025-09-29,664.36,665.28,661.86,663.68,73499015,SPY,-0.001024065629690368
2025-09-30 00:00:00-04:00,2025-09-30,662.93,666.65,661.61,666.18,86288028,SPY,0.004890500376216673
2025-10-01 00:00:00-04:00,2025-10-01,663.17,669.37,663.06,668.45,72545369,SPY,0.007930231854350513
2025-10-02 00:00:00-04:00,2025-10-02,670.45,670.565,666.78,669.22,56895993,SPY,-0.0018362736280126471
2025-10-03 00:00:00-04:00,2025-10-03,669.99,672.675,668.16,669.21,70494350,SPY,-0.0011648746836926773
2025-10-06 00:00:00-04:00,2025-10-06,671.62,672.51,669.455,671.61,54623260,SPY,-1.4889482814052586e-05
2025-10-07 00:00:00-04:00,2025-10-07,672.54,672.99,667.67,669.12,72020067,SPY,-0.005098173020790221
2025-10-08 00:00:00-04:00,2025-10-08,670.25,673.2056,669.42,673.11,60702241,SPY,0.004257986423726837
2025-10-09 00:00:00-04:00,2025-10-09,673.53,673.94,669.21,671.16,66501941,SPY,-0.0035249796667367428
2025-10-10 00:00:00-04:00,2025-10-10,672.13,673.95,652.84,653.02,159422589,SPY,-0.02884401751583271
2025-10-13 00:00:00-04:00,2025-10-13,660.65,665.13,659.7679,663.04,79560517,SPY,0.0036111213307829407
2025-10-14 00:00:00-04:00,2025-10-14,657.17,665.83,653.17,662.23,88779560,SPY,0.007670190703949354
2025-10-15 00:00:00-04:00,2025-10-15,666.82,670.23,658.93,665.17,81702555,SPY,-0.0024774973445356656
2025-10-16 00:00:00-04:00,2025-10-16,666.82,668.71,657.11,660.64,110563346,SPY,-0.00931108229024768
2025-10-17 00:00:00-04:00,2025-10-17,659.5,665.755,658.14,664.39,96500870,SPY,0.007387354294508911
2025-10-20 00:00:00-04:00,2025-10-20,667.32,672.21,667.27,671.3,60493350,SPY,0.005946439957232878
2025-10-21 00:00:00-04:00,2025-10-21,671.44,672.99,669.981,671.29,56249034,SPY,-0.00022342541035661243
2025-10-22 00:00:00-04:00,2025-10-22,672.0,672.0,663.3,667.8,80564006,SPY,-0.006269613013595485
2025-10-23 00:00:00-04:00,2025-10-23,668.12,672.7101,667.8,671.76,65604461,SPY,0.005433335753560844
2025-10-24 00:00:00-04:00,2025-10-24,676.46,678.47,675.65,677.25,74356527,SPY,0.0011671629664885858
2025-10-27 00:00:00-04:00,2025-10-27,682.73,685.54,682.115,685.24,63339790,SPY,0.0036696752366581487
2025-10-28 00:00:00-04:00,2025-10-28,687.05,688.905,684.83,687.06,61738073,SPY,1.4554875519601669e-05
2025-10-29 00:00:00-04:00,2025-10-29,688.72,689.7,682.87,687.39,85362207,SPY,-0.0019329856103384284
2025-10-30 00:00:00-04:00,2025-10-30,683.9,685.94,679.83,679.83,76335751,SPY,-0.005968941189107246
2025-10-31 00:00:00-04:00,2025-10-31,685.04,685.08,679.24,682.06,87164122,SPY,-0.004359600204593909
2025-11-03 00:00:00-05:00,2025-11-03,685.67,685.8,679.94,683.34,57315025,SPY,-0.0034039229074275326
2025-11-04 00:00:00-05:00,2025-11-04,676.11,679.96,674.58,675.24,78426969,SPY,-0.0012876014654960495
2025-11-05 00:00:00-05:00,2025-11-05,674.98,680.86,674.17,677.58,74402376,SPY,0.0038445661596999098
2025-11-06 00:00:00-05:00,2025-11-06,676.47,677.38,668.72,670.31,85035298,SPY,-0.009147808783778136
2025-11-07 00:00:00-05:00,2025-11-07,667.91,671.08,661.205,670.97,100592443,SPY,0.004570992662466433
2025-11-10 00:00:00-05:00,2025-11-10,677.235,682.18,675.03,681.44,75842888,SPY,0.006189873849219686
2025-11-11 00:00:00-05:00,2025-11-11,679.95,683.57,678.73,683.0,58953385,SPY,0.004475593515822069
2025-11-12 00:00:00-05:00,2025-11-12,684.79,684.96,680.945,683.38,62312484,SPY,-0.0020611481017401533
2025-11-13 00:00:00-05:00,2025-11-13,680.5,680.86,670.52,672.04,103457788,SPY,-0.012509959530319166
2025-11-14 00:00:00-05:00,2025-11-14,665.38,675.66,663.265,671.93,96846672,SPY,0.009795862406612588
2025-11-17 00:00:00-05:00,2025-11-17,669.7,673.71,662.17,665.67,90456105,SPY,-0.006035798669569768
2025-11-18 00:00:00-05:00,2025-11-18,662.095,665.12,655.86,660.08,114467488,SPY,-0.003048010376852156
2025-11-19 00:00:00-05:00,2025-11-19,660.78,667.34,658.745,662.63,94702955,SPY,0.0027958096206793133
2025-11-20 00:00:00-05:00,2025-11-20,672.91,675.56,651.89,652.53,165293521,SPY,-0.03075447598160576
2025-11-21 00:00:00-05:00,2025-11-21,655.05,664.55,650.85,659.03,123956203,SPY,0.006057488387149114
2025-11-24 00:00:00-05:00,2025-11-24,662.69,670.06,661.59,668.73,80437940,SPY,0.009073082024837411
2025-11-25 00:00:00-05:00,2025-11-25,668.63,676.21,664.48,675.02,81077088,SPY,0.009511477206479492
2025-11-26 00:00:00-05:00,2025-11-26,677.63,681.7,676.72,679.68,71879597,SPY,0.0030206829077702177
2025-11-28 00:00:00-05:00,2025-11-28,680.86,683.665,680.5,683.39,49212030,SPY,0.003709001869699989
2025-12-01 00:00:00-05:00,2025-12-01,678.81,682.99,678.74,680.27,61201193,SPY,0.0021485130553410836
2025-12-02 00:00:00-05:00,2025-12-02,681.92,683.82,679.3275,681.53,62953844,SPY,-0.0005720781996205976
2025-12-03 00:00:00-05:00,2025-12-03,680.57,684.91,679.69,683.89,57238481,SPY,0.004866403635116248
2025-12-04 00:00:00-05:00,2025-12-04,685.3,685.37,681.34,684.39,61970336,SPY,-0.0013287680188847977
2025-12-05 00:00:00-05:00,2025-12-05,685.47,688.39,684.58,685.69,79241045,SPY,0.0003208961782547545
2025-12-08 00:00:00-05:00,2025-12-08,686.59,686.64,681.57,683.63,55231462,SPY,-0.004320480805148594
2025-12-09 00:00:00-05:00,2025-12-09,683.15,685.385,682.59,683.04,58310055,SPY,-0.00016103177484490876
2025-12-10 00:00:00-05:00,2025-12-10,682.56,688.97,681.31,687.57,85671334,SPY,0.007313207256439682
2025-12-11 00:00:00-05:00,2025-12-11,685.14,689.25,682.165,689.17,86173678,SPY,0.005864778035799161
2025-12-12 00:00:00-05:00,2025-12-12,688.17,688.88,679.1744,681.76,113160347,SPY,-0.009358210682544272
2025-12-15 00:00:00-05:00,2025-12-15,685.74,685.76,679.25,680.73,90810952,SPY,-0.007332795376273336
2025-12-16 00:00:00-05:00,2025-12-16,679.23,681.08,674.98,678.87,122030631,SPY,-0.000530152431237575
2025-12-17 00:00:00-05:00,2025-12-17,679.89,680.435,671.195,671.4,110625198,SPY,-0.012565935833014295
2025-12-18 00:00:00-05:00,2025-12-18,677.6,680.74,674.9,676.47,108650128,SPY,-0.0016690426083147765
2025-12-19 00:00:00-05:00,2025-12-19,676.59,681.09,676.47,680.59,103599543,SPY,0.00589459258472309
2025-12-22 00:00:00-05:00,2025-12-22,683.94,685.36,680.5868,684.83,69556733,SPY,0.0013004378024447656
2025-12-23 00:00:00-05:00,2025-12-23,683.92,688.2,683.87,687.96,64839951,SPY,0.00588974499031355
2025-12-24 00:00:00-05:00,2025-12-24,687.95,690.83,687.8,690.38,39445560,SPY,0.0035260097620022014
2025-12-26 00:00:00-05:00,2025-12-26,690.64,691.66,689.27,690.31,41613347,SPY,-0.00047793186760067036
2025-12-29 00:00:00-05:00,2025-12-29,687.54,689.2,686.07,687.85,62559503,SPY,0.000450781240592872
2025-12-30 00:00:00-05:00,2025-12-30,687.445,688.555,686.58,687.01,47160671,SPY,-0.0006329781833876605
2025-12-31 00:00:00-05:00,2025-12-31,687.14,687.36,681.71,681.92,74144801,SPY,-0.007625707121438773
2026-01-02 00:00:00-05:00,2026-01-02,685.71,686.87,679.82,683.17,89377203,SPY,-0.003711067317919922
2026-01-05 00:00:00-05:00,2026-01-05,686.54,689.43,686.375,687.72,71927191,SPY,0.0017172882714956564
2026-01-06 00:00:00-05:00,2026-01-06,687.93,692.315,687.78,691.81,69273827,SPY,0.005624262872399458
2026-01-07 00:00:00-05:00,2026-01-07,692.19,693.96,689.32,689.58,75588337,SPY,-0.003777767796459501
2026-01-08 00:00:00-05:00,2026-01-08,688.82,690.615,687.49,689.51,64019200,SPY,0.0010012116947892109
2026-01-09 00:00:00-05:00,2026-01-09,690.63,695.31,689.18,694.07,80125467,SPY,0.0049685954747168545
2026-01-12 00:00:00-05:00,2026-01-12,690.68,696.09,690.63,695.16,63976002,SPY,0.006465415352303622
2026-01-13 00:00:00-05:00,2026-01-13,695.49,696.09,691.35,693.77,78309726,SPY,-0.0024761396409814806
2026-01-14 00:00:00-05:00,2026-01-14,691.0,691.72,686.04,690.36,94676684,SPY,-0.0009266231044674579
2026-01-15 00:00:00-05:00,2026-01-15,694.57,695.45,691.25,692.24,77861974,SPY,-0.003360232753394268
2026-01-16 00:00:00-05:00,2026-01-16,693.66,694.25,690.1,691.66,79289200,SPY,-0.002887421519264319
2026-01-20 00:00:00-05:00,2026-01-20,681.49,684.77,676.57,677.58,111623277,SPY,-0.005753950550989594
2026-01-21 00:00:00-05:00,2026-01-21,679.65,688.735,678.13,685.4,127844467,SPY,0.008424649659251623
2026-01-22 00:00:00-05:00,2026-01-22,689.85,691.125,686.92,688.98,77112243,SPY,-0.0012619396378895419
2026-01-23 00:00:00-05:00,2026-01-23,688.15,690.96,687.16,689.23,63059578,SPY,0.0015681950098466013
2026-01-26 00:00:00-05:00,2026-01-26,690.49,694.13,689.92,692.73,60473813,SPY,0.003238822397200029
2026-01-27 00:00:00-05:00,2026-01-27,694.18,696.53,693.57,695.49,55506147,SPY,0.0018853402434158431
2026-01-28 00:00:00-05:00,2026-01-28,697.05,697.84,693.94,695.42,61172165,SPY,-0.002341164613254787
2026-01-29 00:00:00-05:00,2026-01-29,696.39,697.06,684.83,694.04,97486198,SPY,-0.003380252493994246
2026-01-30 00:00:00-05:00,2026-01-30,691.79,694.21,687.12,691.97,101835131,SPY,0.00026016072297979295
2026-02-02 00:00:00-05:00,2026-02-02,689.58,696.93,689.42,695.41,79286521,SPY,0.008418883074471483
2026-02-03 00:00:00-05:00,2026-02-03,696.21,696.96,684.03,689.53,107904611,SPY,-0.009641132886241315
2026-02-04 00:00:00-05:00,2026-02-04,690.35,691.45,681.76,686.19,105204600,SPY,-0.006044158054783397
2026-02-05 00:00:00-05:00,2026-02-05,680.94,683.69,675.79,677.62,113610812,SPY,-0.00488753770023789
2026-02-06 00:00:00-05:00,2026-02-06,681.46,692.31,680.85,690.62,89127566,SPY,0.013352189504108387
2026-02-09 00:00:00-05:00,2026-02-09,689.42,695.87,688.34,693.95,73885192,SPY,0.006549247405915514
2026-02-10 00:00:00-05:00,2026-02-10,694.95,696.54,691.66,692.12,65185725,SPY,-0.004080549542319535
2026-02-11 00:00:00-05:00,2026-02-11,696.39,697.14,689.18,691.96,76353872,SPY,-0.006381697748688437
2026-02-12 00:00:00-05:00,2026-02-12,694.24,695.35,680.37,681.27,118828963,SPY,-0.01885901870535337
2026-02-13 00:00:00-05:00,2026-02-13,681.69,686.28,677.52,681.75,96267487,SPY,8.801267388186853e-05
2026-02-17 00:00:00-05:00,2026-02-17,680.14,684.94,675.78,682.85,81354660,SPY,0.003976556792203229
2026-02-18 00:00:00-05:00,2026-02-18,684.02,689.15,682.83,686.29,73570341,SPY,0.0033131219599068576
2026-02-19 00:00:00-05:00,2026-02-19,683.84,686.18,681.5475,684.48,58649363,SPY,0.0009354537632579922
2026-02-20 00:00:00-05:00,2026-02-20,682.32,690.06,681.73,689.43,100033986,SPY,0.010366413226070107
2026-02-23 00:00:00-05:00,2026-02-23,687.83,690.0,680.371,682.39,90558087,SPY,-0.007940372469262992
2026-02-24 00:00:00-05:00,2026-02-24,681.9,688.35,680.0,687.35,73798727,SPY,0.007960604390821871
2026-02-25 00:00:00-05:00,2026-02-25,690.18,693.68,690.1,693.15,56369479,SPY,0.004293992848411182
2026-02-26 00:00:00-05:00,2026-02-26,693.28,693.3,684.35,689.3,71670990,SPY,-0.005757368099993157
2026-02-27 00:00:00-05:00,2026-02-27,683.09,686.86,681.64,685.99,83308868,SPY,0.00423642787458425
2026-03-02 00:00:00-05:00,2026-03-02,678.7,688.62,678.02,686.38,87477198,SPY,0.011252206510396224
2026-03-03 00:00:00-05:00,2026-03-03,675.06,682.61,669.66,680.33,105003113,SPY,0.007776398759657237
2026-03-04 00:00:00-05:00,2026-03-04,681.63,687.09,679.62,685.13,79182244,SPY,0.0051216126469614594
2026-03-05 00:00:00-05:00,2026-03-05,682.08,685.53,675.61,681.31,106606464,SPY,-0.001129537523184825
2026-03-06 00:00:00-05:00,2026-03-06,673.41,676.11,669.76,672.38,100686951,SPY,-0.0015306997393516749
2026-03-09 00:00:00-04:00,2026-03-09,666.39,679.92,662.39,678.27,102667711,SPY,0.017670354018693744
2026-03-10 00:00:00-04:00,2026-03-10,677.72,683.36,674.76,677.18,81505315,SPY,-0.0007971068397551679
2026-03-11 00:00:00-04:00,2026-03-11,677.58,680.08,673.34,676.33,68441672,SPY,-0.001846504354298871
2026-03-12 00:00:00-04:00,2026-03-12,671.16,671.65,665.87,666.06,108882246,SPY,-0.007627802048886127
2026-03-13 00:00:00-04:00,2026-03-13,669.27,672.335,661.36,662.29,97200242,SPY,-0.010484039673504314
2026-03-16 00:00:00-04:00,2026-03-16,668.38,672.07,667.12,669.03,82023130,SPY,0.0009720281008497973
2026-03-17 00:00:00-04:00,2026-03-17,672.39,674.44,669.7,670.79,87128044,SPY,-0.0023824070590415555
2026-03-18 00:00:00-04:00,2026-03-18,668.36,669.72,661.19,661.43,82062576,SPY,-0.01042279267609495
2026-03-19 00:00:00-04:00,2026-03-19,656.97,662.98,655.17,659.8,111272539,SPY,0.004298403452872574
2026-03-20 00:00:00-04:00,2026-03-20,656.51,656.69,644.72,648.57,163617522,SPY,-0.012167986584817886
2026-03-23 00:00:00-04:00,2026-03-23,658.07,662.615,653.94,655.38,134802732,SPY,-0.004096088562266141
2026-03-24 00:00:00-04:00,2026-03-24,651.32,657.03,649.88,653.18,96457478,SPY,0.002851669237964707
2026-03-25 00:00:00-04:00,2026-03-25,658.67,660.89,654.24,656.82,90653787,SPY,-0.0028126420111218584
2026-03-26 00:00:00-04:00,2026-03-26,652.06,654.85,644.82,645.09,96494375,SPY,-0.01074674028712486
2026-03-27 00:00:00-04:00,2026-03-27,642.5,642.66,633.105,634.09,103649368,SPY,-0.013175916570963
2026-03-30 00:00:00-04:00,2026-03-30,640.11,640.37,629.28,631.97,99275851,SPY,-0.012798111919132878
2026-03-31 00:00:00-04:00,2026-03-31,638.94,651.54,637.98,650.34,152534102,SPY,0.01768474980036613
2026-04-01 00:00:00-04:00,2026-04-01,653.9,658.52,653.0,655.24,97841472,SPY,0.002047146169200477
2026-04-02 00:00:00-04:00,2026-04-02,646.42,658.2,645.11,655.83,68358713,SPY,0.014452161696115545
2026-04-06 00:00:00-04:00,2026-04-06,655.86,659.72,655.52,658.93,39105758,SPY,0.004669955779000228
2026-04-07 00:00:00-04:00,2026-04-07,656.65,659.61,651.06,659.22,69980362,SPY,0.003906165909675794
2026-04-08 00:00:00-04:00,2026-04-08,676.39,677.08,671.46,676.01,93606114,SPY,-0.0005619639307903125
2026-04-09 00:00:00-04:00,2026-04-09,674.84,681.16,673.77,679.91,57134445,SPY,0.007484810731778245
2026-04-10 00:00:00-04:00,2026-04-10,681.32,682.03,678.45,679.46,42253456,SPY,-0.002733727947730741
2026-04-13 00:00:00-04:00,2026-04-13,677.41,686.3,676.58,686.1,54185819,SPY,0.012746687095593245
2026-04-14 00:00:00-04:00,2026-04-14,687.69,694.58,687.66,694.46,63480529,SPY,0.009796410147656798
2026-04-15 00:00:00-04:00,2026-04-15,695.26,700.28,694.2,699.94,58240384,SPY,0.006708740758021589
2026-04-16 00:00:00-04:00,2026-04-16,701.06,702.78,698.53,701.66,49972363,SPY,0.0008554808323719576
2026-04-17 00:00:00-04:00,2026-04-17,706.14,712.39,705.76,710.14,70661926,SPY,0.0056486155782947715
2026-04-20 00:00:00-04:00,2026-04-20,708.78,709.91,706.14,708.72,43546812,SPY,-8.465608470659909e-05
2026-04-21 00:00:00-04:00,2026-04-21,710.28,711.275,702.64,704.08,58941384,SPY,-0.008767272425077539
2026-04-22 00:00:00-04:00,2026-04-22,709.15,711.45,708.22,711.21,42518498,SPY,0.0029006751026341405
2026-04-23 00:00:00-04:00,2026-04-23,709.5,712.3598,702.2803,708.45,56173990,SPY,-0.0014810115898614886
2026-04-24 00:00:00-04:00,2026-04-24,710.75,714.47,709.01,713.94,45181957,SPY,0.004478174664007991
2026-04-27 00:00:00-04:00,2026-04-27,713.17,715.63,712.295,715.17,33135943,SPY,0.002800455503719983
2026-04-28 00:00:00-04:00,2026-04-28,711.815,712.88,709.25,711.69,43117436,SPY,-0.00017562284687621063
2026-04-29 00:00:00-04:00,2026-04-29,711.0,712.2,708.37,711.58,41859227,SPY,0.0008154199161204959
2026-04-30 00:00:00-04:00,2026-04-30,714.63,719.79,710.445,718.66,67240949,SPY,0.005623440643666302
2026-05-01 00:00:00-04:00,2026-05-01,721.25,724.87,720.47,720.65,43049849,SPY,-0.0008322352931975679
2026-05-04 00:00:00-04:00,2026-05-04,720.07,722.12,714.99,718.01,51950558,SPY,-0.0028649329787112507
2026-05-05 00:00:00-04:00,2026-05-05,721.77,725.04,721.4898,723.77,36933226,SPY,0.0027671337716997815
2026-05-06 00:00:00-04:00,2026-05-06,728.16,734.59,727.82,733.83,53288940,SPY,0.007756589891567019
2026-05-07 00:00:00-04:00,2026-05-07,735.05,736.13,729.75,731.58,51724642,SPY,-0.004731945309746699
2026-05-08 00:00:00-04:00,2026-05-08,734.93,738.08,734.57,737.62,47227085,SPY,0.003653530260078822
2026-05-11 00:00:00-04:00,2026-05-11,736.45,740.79,736.45,739.3,44023951,SPY,0.0038624476275022556
2026-05-12 00:00:00-04:00,2026-05-12,736.89,738.84,731.83,738.18,54185273,SPY,0.0017490699815856845
2026-05-13 00:00:00-04:00,2026-05-13,738.47,743.91,735.47,742.31,44200203,SPY,0.005186467412874588
2026-05-14 00:00:00-04:00,2026-05-14,743.65,749.53,743.56,748.17,45307603,SPY,0.006059730840609105
2026-05-15 00:00:00-04:00,2026-05-15,741.79,743.46,737.96,739.17,60410771,SPY,-0.003538249153737675
2026-05-18 00:00:00-04:00,2026-05-18,739.83,741.415,733.39,738.65,47843865,SPY,-0.001596234308952179
2026-05-19 00:00:00-04:00,2026-05-19,734.78,737.65,731.53,733.73,54255913,SPY,-0.001430021149238347
2026-05-20 00:00:00-04:00,2026-05-20,735.71,741.87,733.89,741.25,45768035,SPY,0.007501930969151973
2026-05-21 00:00:00-04:00,2026-05-21,738.64,744.87,737.03,742.72,43332225,SPY,0.005508465621699756
2026-05-22 00:00:00-04:00,2026-05-22,746.24,748.94,744.48,745.64,41762006,SPY,-0.0008043542809734416
2026-05-26 00:00:00-04:00,2026-05-26,750.01,752.13,748.37,750.59,41123621,SPY,0.0007730241621782537
2026-05-27 00:00:00-04:00,2026-05-27,750.88,751.38,748.22,750.46,42106285,SPY,-0.0005595001944347841
2026-05-28 00:00:00-04:00,2026-05-28,750.25,755.15,749.23,754.6,41562563,SPY,0.005781323209733603
2026-05-29 00:00:00-04:00,2026-05-29,755.9,758.08,754.69,756.48,55075739,SPY,0.0007670030394931202
2026-06-01 00:00:00-04:00,2026-06-01,755.36,760.28,754.69,758.54,43634933,SPY,0.0042010762626258965
2026-06-02 00:00:00-04:00,2026-06-02,757.03,760.4,756.75,759.57,31581852,SPY,0.0033496009163428726
2026-06-03 00:00:00-04:00,2026-06-03,758.15,758.8,753.57,754.24,51402518,SPY,-0.005170635499181961
2026-06-04 00:00:00-04:00,2026-06-04,752.1,758.31,751.47,757.09,49923036,SPY,0.006612842894864162
2026-06-05 00:00:00-04:00,2026-06-05,752.31,752.82,735.525,737.55,93989416,SPY,-0.019814590521226017
2026-06-08 00:00:00-04:00,2026-06-08,743.36,745.34,738.19,739.22,49319144,SPY,-0.005584873343528051
2026-06-09 00:00:00-04:00,2026-06-09,743.63,746.9,722.59,737.05,87683517,SPY,-0.008887866811307085
2026-06-10 00:00:00-04:00,2026-06-10,733.39,738.38,725.33,725.43,60341349,SPY,-0.01091303793357168
2026-06-11 00:00:00-04:00,2026-06-11,728.76,740.0,724.405,737.76,86330522,SPY,0.012274108760911152
2026-06-12 00:00:00-04:00,2026-06-12,740.71,744.44,735.03,741.75,57079533,SPY,0.0014030735002809529
2026-06-15 00:00:00-04:00,2026-06-15,751.85,756.68,751.76,754.83,60176425,SPY,0.0039557223642103624
2026-06-16 00:00:00-04:00,2026-06-16,754.55,755.44,749.88,750.33,67093142,SPY,-0.005608435305817974
2026-06-17 00:00:00-04:00,2026-06-17,751.29,752.15,739.22,740.96,85945227,SPY,-0.013845086291878472
2026-06-18 00:00:00-04:00,2026-06-18,747.76,748.23,743.86,746.74,80875657,SPY,-0.001365005230344979
2026-06-22 00:00:00-04:00,2026-06-22,747.7,750.18,743.13,744.39,46628074,SPY,-0.004436736965835455
2026-06-23 00:00:00-04:00,2026-06-23,733.81,739.63,732.3,733.58,66846780,SPY,-0.000313481762698938
2026-06-24 00:00:00-04:00,2026-06-24,735.17,739.945,730.84,733.24,57439507,SPY,-0.002628695134688966
2026-06-25 00:00:00-04:00,2026-06-25,738.91,739.37,729.6,734.3,54128065,SPY,-0.0062584628765316175
2026-06-26 00:00:00-04:00,2026-06-26,728.945,736.53,716.58,728.99,71033969,SPY,6.173114715582408e-05
2026-06-29 00:00:00-04:00,2026-06-29,736.525,741.56,732.09,741.0,58035228,SPY,0.006057445638201164
2026-06-30 00:00:00-04:00,2026-06-30,741.29,748.02,740.89,746.77,55626035,SPY,0.007365327706214546
2026-07-01 00:00:00-04:00,2026-07-01,745.0,749.435,742.375,745.76,47100878,SPY,0.0010196142448712982
2026-07-02 00:00:00-04:00,2026-07-02,747.4,751.31,740.03,744.78,57505953,SPY,-0.003511644295472011
2026-07-06 00:00:00-04:00,2026-07-06,748.74,752.41,747.41,751.28,50673310,SPY,0.003386624748540166
2026-07-07 00:00:00-04:00,2026-07-07,750.22,750.96,745.21,747.71,43721494,SPY,-0.0033512945854439866
2026-07-08 00:00:00-04:00,2026-07-08,743.16,746.15,739.51,745.4,43767393,SPY,0.0030096223071881044
2026-07-09 00:00:00-04:00,2026-07-09,747.35,751.97,745.59,751.71,41441718,SPY,0.005816995042573079
2026-07-10 00:00:00-04:00,2026-07-10,752.05,755.42,748.1,754.95,42191313,SPY,0.003848710789256439
2026-07-13 00:00:00-04:00,2026-07-13,752.47,753.9105,748.0,749.17,44013628,SPY,-0.004395201662705701
2026-07-14 00:00:00-04:00,2026-07-14,750.91,753.34,748.66,751.83,35143138,SPY,0.001224430194100163
2026-07-15 00:00:00-04:00,2026-07-15,754.24,755.58,750.2,754.81,43844769,SPY,0.0007554422015280118
2026-07-16 00:00:00-04:00,2026-07-16,752.76,754.57,747.88,750.72,46409814,SPY,-0.002713705871596162
2026-07-17 00:00:00-04:00,2026-07-17,742.08,747.29,740.8,743.29,62650961,SPY,0.001629224055486521
2026-07-20 00:00:00-04:00,2026-07-20,747.06,748.73,741.5103,742.09,50422324,SPY,-0.0066749735799547984
2026-07-21 00:00:00-04:00,2026-07-21,746.29,749.04,744.18,748.28,34324262,SPY,0.0026629748703588902
2026-07-22 00:00:00-04:00,2026-07-22,746.62,750.02,746.37,747.41,32836200,SPY,0.0010575424504564266
2026-07-23 00:00:00-04:00,2026-07-23,739.37,742.56,735.21,738.18,55437332,SPY,-0.001610774941352196
2026-07-24 00:00:00-04:00,2026-07-24,738.51,743.72,737.29,738.93,44781983,SPY,0.0005685510224626946
2026-07-27 00:00:00-04:00,2026-07-27,744.91,745.53,735.87,739.09,41461194,SPY,-0.00784370598244639
2026-07-28 00:00:00-04:00,2026-07-28,739.19,742.7901,735.98,740.86,47322247,SPY,0.002256681475249633
2026-07-29 00:00:00-04:00,2026-07-29,739.97,742.68,729.1,729.46,70697215,SPY,-0.014305110453142816
2026-07-30 00:00:00-04:00,2026-07-30,736.05,742.45,734.59,741.69,66811268,SPY,0.007633314907489616
2026-07-31 00:00:00-04:00,2026-07-31,744.68,748.895,737.68,747.03,62445899,SPY,0.003150749065274326
2026-08-03 00:00:00-04:00,2026-08-03,749.44,758.58,748.8,757.67,59927538,SPY,0.010921673677521187
2026-08-04 00:00:00-04:00,2026-08-04,760.63,773.41,760.52,771.33,69154788,SPY,0.013969260293317543
2026-08-05 00:00:00-04:00,2026-08-05,775.85,776.85,769.51,769.79,44689081,SPY,-0.007841452151336662
2026-08-06 00:00:00-04:00,2026-08-06,770.21,771.82,767.46,768.56,38416896,SPY,-0.002144570835651707
2026-08-07 00:00:00-04:00,2026-08-07,771.02,773.915,769.61,773.26,43586333,SPY,0.002901030345510131
2026-08-10 00:00:00-04:00,2026-08-10,772.6,775.05,771.62,773.03,39249478,SPY,0.0005564074339830165
2026-08-11 00:00:00-04:00,2026-08-11,774.53,774.61,769.2,770.56,36740555,SPY,-0.005138870533936127
2026-08-12 00:00:00-04:00,2026-08-12,774.71,774.9,771.28,772.49,33179126,SPY,-0.0028697020727895487
2026-08-13 00:00:00-04:00,2026-08-13,774.87,779.37,774.111,777.88,35634483,SPY,0.0038769972890703255
2026-08-14 00:00:00-04:00,2026-08-14,778.54,778.8,775.4301,776.34,31367913,SPY,-0.002829802258814709
2026-08-17 00:00:00-04:00,2026-08-17,776.18,776.775,772.51,772.67,34356577,SPY,-0.004532402761701058
2026-08-18 00:00:00-04:00,2026-08-18,768.7,769.5,766.92,767.45,43920908,SPY,-0.001627445595669196
2026-08-19 00:00:00-04:00,2026-08-19,770.36,772.47,768.1,769.06,40306023,SPY,-0.0016889481870131435
2026-08-20 00:00:00-04:00,2026-08-20,765.96,768.15,762.04,762.6,45520302,SPY,-0.004396301632502883
2026-08-21 00:00:00-04:00,2026-08-21,766.05,767.85,764.17,765.72,39188673,SPY,-0.000430874093506672
2026-08-24 00:00:00-04:00,2026-08-24,764.78,765.22,762.08,763.47,32430886,SPY,-0.0017143796117800364
2026-08-25 00:00:00-04:00,2026-08-25,766.16,766.78,763.0501,765.91,27422263,SPY,-0.00032635584825618157
2026-08-26 00:00:00-04:00,2026-08-26,764.73,767.35,763.93,766.08,28751592,SPY,0.0017637725778843147
2026-08-27 00:00:00-04:00,2026-08-27,768.5,772.355,767.16,771.1,34557064,SPY,0.0033775038602644513
2026-08-28 00:00:00-04:00,2026-08-28,771.76,775.3,768.3076,769.35,36744344,SPY,-0.003127618358910909
2026-08-31 00:00:00-04:00,2026-08-31,767.33,767.995,764.715,767.05,38810779,SPY,-0.0003649682648472416
2026-09-01 00:00:00-04:00,2026-09-01,762.01,764.67,759.48,761.78,41126315,SPY,-0.0003018788701155128
2026-09-02 00:00:00-04:00,2026-09-02,762.45,766.43,761.73,765.16,29566216,SPY,0.003548029723431474
2026-09-03 00:00:00-04:00,2026-09-03,767.9,774.03,767.45,773.17,43531581,SPY,0.006839430451878677
2026-09-04 00:00:00-04:00,2026-09-04,772.01,772.87,769.0,770.19,34054199,SPY,-0.0023602656528501384
2026-09-08 00:00:00-04:00,2026-09-08,769.07,769.7,765.14,765.96,44746095,SPY,-0.004052043615136159
2026-09-09 00:00:00-04:00,2026-09-09,764.08,764.47,760.94,762.4,32812411,SPY,-0.002201143386489909
2026-09-10 00:00:00-04:00,2026-09-10,758.03,760.11,756.64,757.83,42740375,SPY,-0.0002638766128276292
2026-09-11 00:00:00-04:00,2026-09-11,764.72,766.38,763.6,764.29,45512741,SPY,-0.0005624554598546018
2026-09-14 00:00:00-04:00,2026-09-14,759.0,763.52,757.93,760.88,43992428,SPY,0.002473880778500179
2026-09-15 00:00:00-04:00,2026-09-15,760.117,760.35,756.15,757.39,46194964,SPY,-0.003594056482695129
2026-09-16 00:00:00-04:00,2026-09-16,759.5,761.67,749.6,754.05,59217653,SPY,-0.007201643229133653
2026-09-17 00:00:00-04:00,2026-09-17,763.15,763.57,759.96,762.6,49652754,SPY,-0.0007209569376675689
2026-09-18 00:00:00-04:00,2026-09-18,761.31,762.0,757.971,761.69,65395148,SPY,0.0004990151121281031
2026-09-21 00:00:00-04:00,2026-09-21,766.251,774.89,766.03,773.5,50484685,SPY,0.00941587770645511
2026-09-22 00:00:00-04:00,2026-09-22,774.03,775.14,772.57,773.38,34802336,SPY,-0.0008401135293559279
2026-09-23 00:00:00-04:00,2026-09-23,772.79,773.05,766.5,767.81,54931688,SPY,-0.006465036149052698
2026-09-24 00:00:00-04:00,2026-09-24,764.065,768.95,763.245,767.18,43983659,SPY,0.00406859032616271
2026-09-25 00:00:00-04:00,2026-09-25,768.78,772.28,766.29,771.35,36666733,SPY,0.0033373837084088123
2026-09-28 00:00:00-04:00,2026-09-28,768.19,769.32,767.65,768.44,28386,SPY,0.0003253873765392795
