date,timestamp,open,high,low,close,volume,symbol,mid,Prev_Close,Prev_Mid,MA2,MA3,Total_Score,Base_Signal,Next_Open,Overnight_Return,Net_Return,NQ_ret_10m_1430_1440,NQ_ret_10m_1440_1450,NQ_ret_10m_1450_1500,NQ_ret_10m_1500_1510,NQ_ret_10m_1510_1520,NQ_ret_10m_1520_1530,NQ_ret_30m_1430_1500,NQ_ret_30m_1500_1530,NQ_ret_60m_1430_1530,NQ_ROLL20_10m_1430_1440_High,NQ_ROLL20_10m_1440_1450_High,NQ_ROLL20_10m_1450_1500_High,NQ_ROLL20_10m_1500_1510_High,NQ_ROLL20_10m_1510_1520_High,NQ_ROLL20_10m_1520_1530_High,NQ_ROLL20_30m_1430_1500_High,NQ_ROLL20_30m_1500_1530_High,NQ_ROLL20_60m_1430_1530_High,NQ_ROLL63_10m_1430_1440_High,NQ_ROLL63_10m_1440_1450_High,NQ_ROLL63_10m_1450_1500_High,NQ_ROLL63_10m_1500_1510_High,NQ_ROLL63_10m_1510_1520_High,NQ_ROLL63_10m_1520_1530_High,NQ_ROLL63_30m_1430_1500_High,NQ_ROLL63_30m_1500_1530_High,NQ_ROLL63_60m_1430_1530_High,NQ_PATH_up_up,NQ_PATH_down_up,NQ_PATH_persistent_rise,NQ_PATH_late_acceleration,NQ_PATH_late_reversal_up,SP_ret_10m_1430_1440,SP_ret_10m_1440_1450,SP_ret_10m_1450_1500,SP_ret_10m_1500_1510,SP_ret_10m_1510_1520,SP_ret_10m_1520_1530,SP_ret_30m_1430_1500,SP_ret_30m_1500_1530,SP_ret_60m_1430_1530,SP_ROLL20_10m_1430_1440_High,SP_ROLL20_10m_1440_1450_High,SP_ROLL20_10m_1450_1500_High,SP_ROLL20_10m_1500_1510_High,SP_ROLL20_10m_1510_1520_High,SP_ROLL20_10m_1520_1530_High,SP_ROLL20_30m_1430_1500_High,SP_ROLL20_30m_1500_1530_High,SP_ROLL20_60m_1430_1530_High,SP_ROLL63_10m_1430_1440_High,SP_ROLL63_10m_1440_1450_High,SP_ROLL63_10m_1450_1500_High,SP_ROLL63_10m_1500_1510_High,SP_ROLL63_10m_1510_1520_High,SP_ROLL63_10m_1520_1530_High,SP_ROLL63_30m_1430_1500_High,SP_ROLL63_30m_1500_1530_High,SP_ROLL63_60m_1430_1530_High,SP_PATH_up_up,SP_PATH_down_up,SP_PATH_persistent_rise,SP_PATH_late_acceleration,SP_PATH_late_reversal_up
2021-12-20,2021-12-20 00:00:00+09:00,39650,39650,39045,39115,4632691,69500,39347.5,39850.0,39635.0,39482.5,39571.666666666664,0,False,39320.0,0.005240956154927812,0.004940956154927812,-0.0002523659319388153,-0.00025242963657956367,-0.0015159174201623952,-0.0007588213339958443,0.0010116338748442258,-0.0007584376548620417,-0.0020207129886807827,-0.0002528764711920382,-0.002273589459872744,False,False,False,False,False,False,False,False,False,False,False,False,False,False,False,False,False,False,False,False,False,False,False,-0.00022662889615411404,-0.0004534119325013829,-0.0011344300706117583,0.0009080590862330731,0.0002269889920085111,-0.002499717243011116,-0.0018144708992672784,-0.0018185956364764934,-0.0040871991502698405,False,False,False,False,False,False,False,False,False,False,False,False,False,False,False,False,False,False,False,False,False,False,False
2021-12-21,2021-12-21 00:00:00+09:00,39320,39560,39160,39415,5241992,69500,39360.0,39115.0,39347.5,39265.0,39460.0,3,True,39640.0,0.005708486616770259,0.005408486616770259,-0.0002497814425376066,0.0004995005098859538,-0.00024971906734841447,0.0004993757906523972,0.0014966328560626805,-0.0004986287812113307,0.0,0.0014973798655035597,0.0014973798655035597,False,False,False,False,False,False,False,False,False,False,False,False,False,False,False,False,False,False,False,False,False,True,False,0.0002252505922352257,0.00022530134149610767,0.00022514916227054884,0.0,0.0004501463051477815,-0.0006752954674183947,0.0006755996203375987,-0.00022514916227044183,0.00045045045806708705,False,False,False,False,False,False,False,False,False,False,False,False,False,False,False,False,False,False,False,False,False,False,False
2021-12-22,2021-12-22 00:00:00+09:00,39640,39815,39495,39625,4839291,69500,39655.0,39415.0,39360.0,39520.0,39385.0,3,True,39840.0,0.005425867507886428,0.005125867507886428,0.0012362469122992458,-0.0007415647355034903,0.0007415647355035913,0.0,0.000987898326825069,0.0004937052679890797,0.0012362469122992458,0.001234720492708421,0.002470967405007665,False,False,False,False,False,False,False,False,False,False,False,False,False,False,False,False,False,False,True,False,False,False,False,0.0008928572021722385,-0.00022313957472932071,0.00022313957472918868,-0.00022313957472932071,0.0006689709247141184,0.0008918618205437579,0.0008928572021722385,0.0011149516151111258,0.002007808817283195,False,False,False,False,False,False,False,False,False,False,False,False,False,False,False,False,False,False,True,False,False,True,False
2021-12-23,2021-12-23 00:00:00+09:00,39840,39860,39610,39820,4722100,69500,39735.0,39625.0,39655.0,39722.5,39620.0,3,True,39975.0,0.0038925163234555527,0.0035925163234555527,0.00024345709189026044,0.0,0.0,0.00024345709189026044,-0.00048697346956996237,0.0,0.0,-0.0002435163776796909,-0.0002435163776796909,False,False,False,False,False,False,False,False,False,False,False,False,False,False,False,False,False,False,False,False,False,False,False,0.0002205314817627565,0.00022048285835103015,-0.001102900740449822,0.0,0.0002206287929522966,0.0,-0.0006618864003361321,0.0002206287929522966,-0.0002205801266250147,False,False,False,False,False,False,False,False,False,False,False,False,False,False,False,False,False,False,False,True,False,False,True
2021-12-24,2021-12-24 00:00:00+09:00,39975,40280,39965,40115,4644586,69500,40122.5,39820.0,39735.0,39967.5,39853.333333333336,4,True,40130.0,0.0003739249657235266,7.392496572352665e-05,-0.00024192572998116887,0.0,0.00048379294605937324,0.00024180873047344864,0.0012081673573020979,-0.0012081673573021967,0.00024186721607807532,0.00024180873047344864,0.00048367594655140267,False,False,False,False,False,False,False,False,False,False,False,False,False,False,False,False,False,False,True,False,False,False,False,0.0,0.0,0.0002194666968098841,0.00021941854174705556,0.0004386927028021346,0.0,0.0002194666968098841,0.0006581112445493242,0.0008775779413589422,False,False,False,False,False,False,False,False,False,False,False,False,False,False,False,False,False,False,True,False,False,True,False
2021-12-27,2021-12-27 00:00:00+09:00,40130,40145,39880,39880,3732560,69500,40012.5,40115.0,40122.5,39997.5,39938.333333333336,0,False,40040.0,0.004012036108324901,0.0037120361083249013,0.0,0.0,-0.0002412254263295186,0.0,-0.0009654840238280508,0.0,-0.0002412254263295186,-0.0009654840238280508,-0.0012067094501576055,False,False,False,False,False,False,False,False,False,False,False,False,False,False,False,False,False,False,False,False,False,False,False,0.0,-0.00021927420326862444,0.00021927420326858636,0.0,-0.0008773854478179292,0.0004387889495589335,0.0,-0.0004385964982590457,-0.0004385964982590457,False,False,False,False,False,False,False,False,False,False,False,False,False,False,False,False,False,False,False,False,False,False,False
2021-12-28,2021-12-28 00:00:00+09:00,40040,40205,39745,40205,5060924,69500,39975.0,39880.0,40012.5,40042.5,40066.666666666664,4,True,40205.0,0.0,-0.0003,0.0004764173506024383,0.000238123587266315,0.0,0.00047607713348609505,-0.0007142007207524331,0.0,0.0007145409378688503,-0.000238123587266419,0.0004764173506024383,False,False,False,False,False,False,False,False,False,False,False,False,False,False,False,False,False,False,False,False,False,False,False,0.0008665511807417505,0.0,0.0,-0.000649561568795645,-0.00043327557003634793,0.0010828371388318981,0.0008665511807417505,0.0,0.0012995453420856474,False,False,False,False,False,False,False,False,False,False,False,False,False,False,False,False,False,False,False,False,False,False,False
2021-12-29,2021-12-29 00:00:00+09:00,40205,40375,40065,40115,4309822,69500,40220.0,40205.0,39975.0,40160.0,40066.666666666664,2,True,40145.0,0.0007478499314470533,0.0004478499314470533,0.0007148814792718561,0.000238180303615076,0.0,0.0,0.0,0.0,0.0009530617828867237,0.0,0.0009530617828867237,False,False,False,False,False,False,False,False,False,False,False,False,False,False,False,False,False,False,False,False,False,False,False,0.000432619517887276,0.00021628636398805665,-0.00043261951788734084,0.0002163331538994737,0.00021628636398805665,0.00021623959431210394,0.0,0.000648859112199514,0.000648859112199514,False,False,False,False,False,False,False,False,False,False,False,False,False,False,False,False,False,False,False,False,True,True,False
2021-12-30,2021-12-30 00:00:00+09:00,40145,40255,39790,39870,3863164,69500,40022.5,40115.0,40220.0,39992.5,40063.333333333336,0,False,40050.0,0.004514672686230181,0.004214672686230181,-0.0002392058377629678,0.0,0.0007177892400538254,-0.0002392058377629678,-0.00023926307088665682,0.0007176175406634169,0.0,0.00023914863201382434,0.00023914863201382434,False,False,False,False,False,False,False,False,False,False,False,False,False,False,False,False,False,False,False,False,False,True,False,-0.00043290043966103144,-0.0002165205161646986,0.0,0.00043299416134378894,0.0006494209558257089,-0.00043290043966103144,-0.0008659883632774264,0.0002165205161647921,-0.00043290043966103144,False,False,False,False,False,False,False,False,False,False,False,False,False,False,False,False,False,False,False,True,False,False,True
2022-01-03,2022-01-03 00:00:00+09:00,40050,40345,39825,39965,4923712,69500,40085.0,39870.0,40022.5,39917.5,39983.333333333336,1,False,40070.0,0.0026272988865256863,0.0023272988865256864,0.00024018253988396297,-0.00024018253988405063,0.0,0.0,-0.00048053821203417524,0.0007208939396664125,0.0,0.0,0.0,False,False,False,False,False,False,False,False,False,False,False,False,False,False,False,False,False,False,False,False,False,False,False,-0.00021670820325351363,0.00021670820325357147,0.00021670820325357147,-0.00021670820325351363,-0.0008673027430047211,0.00043355734474943776,0.0,-0.00021670820325351363,-0.00021670820325351363,False,False,False,False,False,False,False,False,False,False,False,False,False,False,False,False,False,False,False,False,False,False,False
2022-01-04,2022-01-04 00:00:00+09:00,40070,40070,39720,39940,4708649,69500,39895.0,39965.0,40085.0,39952.5,39925.0,1,False,39850.0,-0.0022533800701051154,-0.0025533800701051153,0.0002382938174031753,0.0,-0.00047664443228434376,0.0007148814792718561,-0.0002382370469874171,-0.00023829381740308726,-0.00023835061488123354,0.00023835061488135294,0.0,False,False,False,False,False,False,False,False,False,False,False,False,False,False,False,False,False,False,False,True,False,False,True,0.00021586616381712772,-0.00021586616381724733,0.00021586616381712772,0.00021581957567307823,0.0,-0.00021581957567311726,0.00021586616381712772,0.0,0.00021586616381712772,False,False,False,False,False,False,False,False,False,False,False,False,False,False,False,False,False,False,False,False,False,False,False
2022-01-05,2022-01-05 00:00:00+09:00,39850,39905,39160,39370,8813841,69500,39532.5,39940.0,39895.0,39655.0,39758.333333333336,0,False,39100.0,-0.006858013716027456,-0.007158013716027456,0.0007301935337216852,-0.00024345709189032148,-0.00024345709189032148,-0.0002435163776796909,-0.0007305491619202995,0.0009739469968810927,0.0,0.0004868549268511563,0.0004868549268511563,False,False,False,False,False,False,False,False,False,False,False,False,False,False,False,False,False,False,False,False,False,True,False,0.0,-0.00043412199509667345,0.0,-0.00021703743981013786,0.00021699034478105822,0.00021694327018596208,0.0,0.0004339336149669362,0.0004339336149669362,False,False,False,False,False,False,False,False,False,False,False,False,False,False,False,False,False,False,False,False,False,True,False
2022-01-06,2022-01-06 00:00:00+09:00,39100,39460,38935,38975,10391295,69500,39197.5,39370.0,39532.5,39172.5,39428.333333333336,0,False,39225.0,0.006414368184733732,0.006114368184733732,0.0010050252102240882,-0.000251161623824414,0.00025116162382429475,-0.0015082959118849634,-0.0010065426114013946,0.002012073113420235,0.0010050252102240882,-0.0002512247218338182,0.0005026388645658785,False,False,False,False,False,False,False,False,False,False,False,False,False,False,False,False,False,False,False,False,False,False,False,-0.000221312383331083,0.0,-0.000221312383331083,-0.0011070520337986822,-0.0008861320916577988,0.00022160664910635895,-0.000221312383331083,-0.0013286095842784756,-0.0013286095842784756,False,False,False,False,False,False,False,False,False,False,False,False,False,False,False,False,False,False,False,False,False,False,False
2022-01-07,2022-01-07 00:00:00+09:00,39225,39550,39145,39465,3681317,69500,39347.5,38975.0,39197.5,39220.0,39270.0,4,True,39420.0,-0.0011402508551880963,-0.0014402508551880962,-0.0002500937864729489,0.0005001250416823734,0.0005000000104165892,0.00024990628644367546,0.0,0.0,0.0005000000104165892,0.0007495315778761298,0.0012495315882927597,False,False,False,False,False,False,False,False,False,False,False,False,False,False,False,False,False,False,True,False,False,True,False,0.0,0.0,0.00044091711472693925,0.000220385675823086,-0.0002203856758231346,0.000220385675823086,0.00044091711472693925,0.000220385675823086,0.0006613027905500857,False,False,False,False,False,False,False,False,False,False,False,False,False,False,False,False,False,False,True,False,False,False,False
2022-01-10,2022-01-10 00:00:00+09:00,39420,39445,38880,39165,4980669,69500,39162.5,39465.0,39347.5,39315.0,39201.666666666664,0,False,39225.0,0.0015319800842588105,0.0012319800842588106,0.0,0.0,0.0,-0.0002521750107929297,-0.0002522386190697134,0.0015124782313575191,0.0,0.0010080646014948202,0.0010080646014948202,False,False,False,False,False,False,False,False,False,False,False,False,False,False,False,False,False,False,False,False,False,True,False,-0.00022165576949889374,-0.00022165576949889374,0.0006651147568106614,-0.0006651147568106344,0.0004432624186053009,0.0008863284426899499,0.0,0.0006646726731909598,0.0006646726731909598,False,False,False,False,False,False,False,False,False,False,False,False,False,False,False,False,False,False,False,False,False,True,False
2022-01-11,2022-01-11 00:00:00+09:00,39225,39445,39050,39280,4298895,69500,39247.5,39165.0,39162.5,39222.5,39303.333333333336,3,True,39545.0,0.006746435845213838,0.0064464358452138385,0.0,0.0005053057207063089,0.0005053057207063089,-0.0007584376548620417,-0.0002528764711920382,0.0005056890120404386,0.0,-0.00025274864282154747,-0.0007580543635278997,False,False,False,False,False,False,False,False,False,False,False,False,False,False,False,False,False,False,False,False,False,False,False,-0.00044395117266339155,-0.00022204951795471575,0.0,-0.00044424700863894193,0.0006662965265935627,0.0,-0.0006660006906181456,0.0,-0.0006660006906181456,False,False,False,False,False,False,False,False,False,False,False,False,False,False,False,False,False,False,False,False,False,False,False
2022-01-12,2022-01-12 00:00:00+09:00,39545,39935,39530,39925,4323445,69500,39732.5,39280.0,39247.5,39602.5,39456.666666666664,4,True,39975.0,0.0012523481527864089,0.000952348152786409,0.0002488490743213995,0.001988566402252989,-0.0002483546517173564,0.0007448789916104024,-0.0007446940892745396,-0.0002483546517173564,0.0019890608248571803,0.0,0.0019890608248571803,False,False,False,False,False,False,False,False,False,False,False,False,False,False,False,False,False,False,False,False,False,False,False,0.0,0.0004394638611707035,0.0006588338878917722,0.00043898156982383993,-0.00043898156982381304,-0.00021956307037376244,0.001098297749062592,-0.00021956307037376244,0.0008787346786887355,False,False,False,False,False,False,False,False,False,False,False,False,False,False,False,False,False,False,False,False,False,False,False
2022-01-13,2022-01-13 00:00:00+09:00,39975,40030,39680,39720,4178583,69500,39855.0,39925.0,39732.5,39822.5,39641.666666666664,1,False,39405.0,-0.007930513595166166,-0.008230513595166166,-0.0004977600899189493,0.0,0.0,0.00024891101559753085,0.0009950249577176879,0.0002486016171908129,-0.0004977600899189493,0.0014925375905060505,0.0009947775005871825,False,False,False,False,False,False,False,False,False,False,False,False,False,False,False,False,False,False,False,True,False,True,True,0.0,-0.00022004621059188128,0.0,-0.000219997800909298,0.001538969194587741,0.0004394638611707035,0.00021999780090925736,0.0013189713936782835,0.001538969194587741,False,False,False,False,False,False,False,False,False,False,False,False,False,False,False,False,False,False,True,False,False,True,False
2022-01-14,2022-01-14 00:00:00+09:00,39405,39480,39035,39105,4234215,69500,39257.5,39720.0,39855.0,39412.5,39583.333333333336,0,False,39105.0,0.0,-0.0003,-0.0002542911647523989,0.00025429116475240315,0.00025429116475240315,0.0,0.001270486767261275,0.0,0.0,0.001270486767261275,0.001270486767261275,False,False,False,False,False,False,False,False,False,False,False,False,False,False,False,False,False,False,False,False,False,True,False,-0.000667185613540291,0.0002223457485536118,0.0004445432391501712,-0.0002222469172388482,0.0011109877823106376,0.00022204951795460354,0.0004445432391501712,0.0008884940611152349,0.0013330373002652105,False,False,False,False,False,False,False,False,False,False,False,False,False,False,False,False,False,False,True,False,False,True,False
2022-01-17,2022-01-17 00:00:00+09:00,39105,39145,38600,38820,5841437,69500,38872.5,39105.0,39257.5,38962.5,39215.0,0,False,38940.0,0.0030911901081915882,0.0027911901081915883,-0.0010147134305465702,-0.0002538393210735838,0.0005076142240977125,0.0002537105176617888,0.0010141988698952537,0.0002533890802865442,-0.0007609385275223191,0.0015212984678434267,0.0007603599403211582,False,False,False,False,False,False,False,False,False,False,False,False,False,False,False,False,False,False,False,True,False,True,True,-0.0006685237017784461,0.0,-0.00044593088810312054,0.00044593088810306134,0.0011139580075844229,0.0006677796575364688,-0.00111445458988155,0.0022276685532239904,0.00111321396334232,False,False,False,False,False,False,False,False,False,False,False,False,False,False,False,False,False,False,False,True,False,True,True
2022-01-18,2022-01-18 00:00:00+09:00,38940,38995,38410,38520,5738430,69500,38702.5,38820.0,38872.5,38670.0,38815.0,0,False,38255.0,-0.006879543094496343,-0.007179543094496343,-0.0002553952254975612,-0.0010222336693893504,0.0005112474548983197,0.00025552574560896627,0.0005108556943794842,0.0002553300154302287,-0.0007663814399885334,0.001021711455418847,0.0002553300154302287,False,False,True,True,False,False,False,True,False,False,False,False,False,False,False,False,False,False,False,True,False,True,True,-0.00022353861722682067,-0.00044722719886746846,0.0,0.00044722719886744255,0.0,0.0004470272761077377,-0.0006707658160943237,0.0008942544749750434,0.00022348865888072958,False,False,False,True,False,True,False,True,False,False,False,False,False,False,False,False,False,False,False,True,False,True,True
2022-01-19,2022-01-19 00:00:00+09:00,38255,38630,38120,38240,5790865,69500,38375.0,38520.0,38702.5,38380.0,38526.666666666664,0,False,38245.0,0.00013075313807542344,-0.00016924686192457654,0.0002618143751045898,-0.000523697314927982,0.0013087294107197599,0.0010449321744935213,0.0002609943901020881,0.0,0.0010468464708965417,0.0015669890905530269,0.0033982518652349893,True,False,True,True,False,False,True,True,True,False,False,False,False,False,False,False,False,False,True,False,False,True,False,0.0004559963599306331,-0.00045599635993054616,0.00022802417155012514,0.0006836049030030326,0.0006831379065626288,-0.00022766078641297754,0.00022802417155012514,0.0011390820231525422,0.0015950783830831706,True,False,True,True,True,False,True,True,True,False,False,False,False,False,False,False,False,False,True,False,False,True,False
2022-01-20,2022-01-20 00:00:00+09:00,38245,38465,38100,38465,4624230,69500,38282.5,38240.0,38375.0,38352.5,38408.333333333336,4,True,38100.0,-0.009489145976862123,-0.009789145976862123,-0.00026092628980396156,0.0002609262898040343,0.0,0.0002608582250347523,0.0005215123977389679,0.0002606542436234586,0.0,0.0010430248663972153,0.0010430248663972153,False,True,False,True,True,False,False,True,True,False,False,False,False,False,False,False,False,False,False,False,False,True,False,0.0004559963599306331,-0.00045599635993054616,0.0,0.00022802417155012514,0.0004557885220200072,0.00045558087348339415,0.0,0.0013673657554340208,0.0013673657554340208,True,False,False,True,False,True,False,True,True,False,False,False,False,False,False,False,False,False,False,False,False,True,False
2022-01-21,2022-01-21 00:00:00+09:00,38100,38180,37780,38030,9151779,69500,37980.0,38465.0,38282.5,38247.5,38245.0,0,False,37920.0,-0.002892453326321376,-0.0031924533263213758,0.001612903575464779,0.0013417417818631485,-0.0008046131586028341,-0.0013424622770623299,0.0008054772888168683,-0.0008048290172870395,0.0026867291820063034,-0.0002683483177246225,0.0024183808642816527,True,True,False,False,True,False,True,False,True,False,False,False,False,False,False,False,False,False,False,False,False,False,False,0.0009310987637294899,0.0009298001599665274,-0.00046479201394497235,-0.0009302326252196305,0.00023258518537216323,0.0011615752264351588,0.001861331388948919,0.0011615752264351588,0.003022906615384159,True,True,False,False,False,True,True,True,True,False,False,False,False,False,False,False,False,False,True,False,False,False,False
2022-01-24,2022-01-24 00:00:00+09:00,37920,38040,37450,37600,10270662,69500,37745.0,38030.0,37980.0,37815.0,38031.666666666664,0,False,37505.0,-0.0025265957446808374,-0.0028265957446808373,0.00027096599542560205,-0.00027096599542570526,-0.000271039437897252,-0.0002711129201911443,0.001354830176078731,0.0002708925927440989,-0.000271039437897252,0.0008128980260671349,0.0005418585881699307,True,False,False,False,True,True,False,False,False,False,False,False,False,False,False,False,False,False,False,True,False,True,True,-0.00046783626584292234,-0.0004680552390621538,-0.00023410979856425758,-0.00023410979856425758,0.0009363296564226481,0.0,-0.0011700013034693661,0.00046805523906213526,-0.00046783626584292234,False,False,False,False,True,False,False,False,False,False,False,False,False,False,False,False,False,False,False,True,False,False,True
2022-01-25,2022-01-25 00:00:00+09:00,37505,37535,36490,36685,11372537,69500,37012.5,37600.0,37745.0,37142.5,37438.333333333336,0,False,36810.0,0.003407387215483171,0.003107387215483171,0.0024844733276619658,0.002204464932426779,-0.0011016250081316047,-0.0005512679301679629,0.0008267879759939956,0.0002757479681060161,0.0030357412578298206,-0.0005512679301679629,0.0024844733276619658,True,True,False,False,True,True,True,False,True,False,False,False,False,False,False,False,False,False,False,False,False,False,False,0.00047562426580340155,0.0016629057163714206,-0.0009492169673321593,-0.0007126737443820204,0.0,-0.0007126737443820204,0.0019011412570243728,-0.0007126737443820204,0.0009510224207041536,True,True,False,False,False,False,True,False,False,False,False,False,False,False,False,False,False,False,False,False,False,False,False
2022-01-26,2022-01-26 00:00:00+09:00,36810,37010,36535,36570,5888382,69500,36772.5,36685.0,37012.5,36627.5,36951.666666666664,0,False,36600.0,0.0008203445447088065,0.0005203445447088065,0.000832986303891771,-0.0002775850121918148,0.0008325239831480618,0.0011089549237390734,-0.00027704668413807717,0.0002770466841380798,0.0013879252748480759,0.001386001607877153,0.0027739268827252244,True,False,True,True,False,True,True,True,True,False,False,False,False,False,False,False,False,False,True,False,False,False,False,0.0007130125079254985,0.00023761435302476793,0.00023755790585654814,0.0009496676877071559,0.0,0.0007119971820897821,0.0009505704137820293,0.0011869437595286225,0.002137514173310838,True,True,True,True,False,True,True,True,True,False,False,False,False,False,False,False,False,False,True,False,True,True,False
2022-01-27,2022-01-27 00:00:00+09:00,36600,36650,35305,35305,10446225,69500,35977.5,36570.0,36772.5,35937.5,36186.666666666664,0,False,35495.0,0.005381673983855029,0.005081673983855029,0.0019838464774816745,0.0008490166068224857,-0.0008490166068224831,0.0014150278291476957,-0.0008485363258388636,-0.0022643655302105716,0.0019838464774816745,-0.000566572253116362,0.0011341084289009525,True,True,False,True,False,False,True,False,False,False,False,False,False,False,False,False,False,False,False,False,False,False,False,0.0016934805063331477,0.00024169184407689566,0.0,0.001207583771913369,0.0002413418619171741,-0.002173651381130303,0.001935172350409965,-0.00048344211722330734,0.0014517302331867232,True,True,False,True,False,False,True,False,True,False,False,False,False,False,False,False,False,False,False,False,False,False,False
2022-01-28,2022-01-28 00:00:00+09:00,35495,36485,35200,36250,11148433,69500,35842.5,35305.0,35977.5,35777.5,36041.666666666664,4,True,36875.0,0.01724137931034475,0.01694137931034475,-0.000558035728766967,0.000558191474164017,0.00027897893889957965,0.0005577244985617779,0.0013929518898076795,0.0002783576914285036,0.0,0.0022290340797979586,0.0022290340797979586,False,True,False,True,True,True,False,True,True,False,False,False,False,False,False,False,False,False,False,False,True,True,False,-0.000953061782886727,0.00023835061488135294,0.00047653086439048656,0.0,0.0,-0.00023829381740308726,-0.00023818030361500708,-0.00047653086439047626,-0.0007147111680054565,False,True,True,False,False,False,False,False,False,False,False,False,False,False,False,False,False,False,False,False,False,False,False
2022-02-03,2022-02-03 00:00:00+09:00,36875,37200,36600,36600,6866201,69500,36900.0,36250.0,35842.5,36425.0,36051.666666666664,3,True,36700.0,0.002732240437158362,0.002432240437158362,0.0,0.0,-0.0008005337318781975,-0.00026698705271392453,0.0008007474069929632,-0.0005339028423674659,-0.0005337603542789638,-0.00026698705271392453,-0.0008007474069929791,False,False,False,False,False,False,False,False,False,False,False,False,False,False,False,False,False,False,False,False,False,False,False,0.0006850097310902802,0.0006850097310902802,-0.00022833656909346627,0.0,-0.0002283887185901274,0.0,0.00022838871859020394,0.0,0.0,True,True,False,False,False,False,False,False,False,False,False,False,False,False,False,False,False,False,False,False,False,False,False
2022-02-04,2022-02-04 00:00:00+09:00,36700,37090,36605,37080,5619747,69500,36847.5,36600.0,36900.0,36840.0,36643.333333333336,4,True,37005.0,-0.0020226537216828655,-0.0023226537216828654,0.0,0.0002663470517810696,0.0005324813757337702,-0.0002662052458154079,0.0007984032360245593,-0.0007984032360244729,0.0007988284275147834,-0.0002662052458154079,0.0005326231816993347,False,False,True,False,False,False,False,False,False,False,False,False,False,False,False,False,False,False,False,False,False,False,False,0.0,0.0,0.0004575612067933654,0.0002287021164913603,-0.00045745654960604754,-0.00045766591187865695,0.0004575612067933654,-0.0006864203449933523,-0.0002288591381999666,False,False,True,True,False,False,True,False,False,False,False,False,False,False,False,False,False,False,False,False,False,False,False
2022-02-07,2022-02-07 00:00:00+09:00,37005,37080,36355,36700,7116290,69500,36717.5,37080.0,36847.5,36890.0,36793.333333333336,0,False,36990.0,0.007901907356948179,0.007601907356948179,0.00053633683237935,-0.0005363368323794005,0.0008043974156759336,0.0002679887460765118,-0.0010723861617525938,0.00053633683237935,0.0008043974156759336,-0.0002680605832966431,0.00053633683237935,True,False,True,True,False,True,False,False,False,False,False,False,False,False,False,False,False,False,False,False,False,False,False,-0.0004610419629844645,0.00023049441153101362,-0.000691642678868617,0.0006916426788684579,-0.0004610419629844645,0.0004610419629843564,-0.000691642678868617,0.0006916426788684579,0.0,False,False,False,True,False,True,False,False,False,False,False,False,False,False,False,False,False,False,False,True,False,False,True
2022-02-08,2022-02-08 00:00:00+09:00,36990,37160,36505,36770,4930794,69500,36832.5,36700.0,36717.5,36735.0,36850.0,2,True,37100.0,0.008974707642099622,0.008674707642099622,-0.0005418585881698535,0.0,0.0005418585881699307,0.0008122377595592947,0.0005411255543298454,0.0005408328958221015,0.0,0.0018941962097112535,0.0018941962097112535,False,False,True,True,False,True,False,True,True,False,False,False,False,False,False,False,False,False,False,False,False,True,False,-0.00023134760080046243,0.0,0.000231347600800556,0.00046253469834785005,0.00023113371188063765,0.0006929206883092568,0.0,0.0018488565469948466,0.0018488565469948466,False,False,False,True,False,True,False,True,True,False,False,False,False,False,False,False,False,False,False,False,False,True,False
2022-02-09,2022-02-09 00:00:00+09:00,37100,37290,37005,37280,4851709,69500,37147.5,36770.0,36832.5,37025.0,36916.666666666664,4,True,37505.0,0.006035407725321962,0.005735407725321962,-0.0002662052458154079,0.0,-0.0005326231816994241,-0.00026641801143326485,0.0002664180114333939,0.0010649628269565903,-0.000798828427514772,0.0010649628269565903,0.0002661343994417663,False,False,False,False,False,True,False,False,False,False,False,False,False,False,False,False,False,False,False,True,False,True,True,-0.00022828444340669722,0.0004565167849200339,-0.0004565167849200391,-0.00022828444340669722,-0.00022833656909346627,0.00045662101250014517,-0.00022828444340669722,0.0,0.0,False,True,False,False,False,True,False,False,False,False,False,False,False,False,False,False,False,False,False,False,False,False,False
2022-02-10,2022-02-10 00:00:00+09:00,37505,37670,37340,37590,4664133,69500,37505.0,37280.0,37147.5,37435.0,37213.333333333336,4,True,37250.0,-0.009044958765629163,-0.009344958765629163,-0.0010520779508037803,0.0,0.0007885399278351067,0.0005254860867110792,-0.00026270852640251533,0.0013128530177655175,0.0005256241908138728,0.0015756305780740393,0.0018384772085792793,False,False,True,True,False,True,False,True,False,False,False,False,False,False,False,False,False,False,True,False,False,True,False,-0.0004528985584660614,0.0,0.000452898558466038,0.00045269353421348627,0.00022626994100386413,0.000678502796582947,0.0,0.0013574662718002582,0.0013574662718002582,False,False,True,True,False,True,False,True,False,False,False,False,False,False,False,False,False,False,False,False,False,True,False
2022-02-11,2022-02-11 00:00:00+09:00,37250,37505,37065,37240,4820161,69500,37285.0,37590.0,37505.0,37415.0,37370.0,0,False,36870.0,-0.009935553168635924,-0.010235553168635924,-0.0005418585881698535,-0.000813338800428396,0.0002711864423398344,0.0005422993625311413,0.0,0.0,-0.0010840109462583367,0.001355197388598209,0.0,False,False,False,True,False,False,False,False,False,False,False,False,False,False,False,False,False,False,False,True,False,False,True,-0.00046414482151428015,-0.0006966214144479978,0.00023220712980225088,0.0006962980436829024,0.0,0.0006958135500497617,-0.0006962980436828795,0.0013921115937325758,0.0006958135500497617,False,False,True,True,False,True,False,True,False,False,False,False,False,False,False,False,False,False,False,True,False,True,True
2022-02-14,2022-02-14 00:00:00+09:00,36870,37030,36475,36740,5481409,69500,36752.5,37240.0,37285.0,36990.0,37190.0,0,False,36850.0,0.0029940119760478723,0.0026940119760478724,-0.00055233362354199,-0.0013821702269516474,-0.0002766634406912578,0.0,0.0005532503598932583,0.0005530973592328837,-0.0022111672911849334,0.0008297607999241735,-0.0013814064912607304,False,False,False,False,False,True,False,False,False,False,False,False,False,False,False,False,False,False,False,True,False,False,True,0.0,-0.0011710974520308455,-0.00023438415670412767,0.0,0.0,0.00023427433631815543,-0.0014054816087349209,0.0007029877266662111,-0.0007024938820686669,False,False,False,False,False,False,False,False,False,False,False,False,False,False,False,False,False,False,False,True,False,False,True
2022-02-15,2022-02-15 00:00:00+09:00,36850,36885,36340,36515,5334150,69500,36612.5,36740.0,36752.5,36627.5,36831.666666666664,0,False,36915.0,0.010954402300424437,0.010654402300424437,-0.0005532503598933277,0.0002766634406913425,-0.0002766634406912578,0.0,0.0005532503598932583,0.0013817882535741696,-0.0005532503598933277,0.0019350386134673102,0.0013817882535741696,False,True,False,False,False,True,False,True,False,False,False,False,False,False,False,False,False,False,False,True,False,True,True,0.0009440642664823036,0.0002358768733664134,-0.00023587687336632863,0.0,0.0004716981219535569,0.0009427292708569904,0.0009440642664823036,0.0014144273928104849,0.002358491659292883,True,False,False,False,True,True,True,True,True,False,False,False,False,False,False,False,False,False,True,False,False,True,False
2022-02-16,2022-02-16 00:00:00+09:00,36915,37205,36900,37175,4230431,69500,37052.5,36515.0,36612.5,36845.0,36810.0,4,True,37290.0,0.003093476798923911,0.002793476798923911,-0.0008113590708792473,0.0005409791854954569,-0.0005409791854953998,0.0005409791854954569,0.00027037988538384394,0.0005405405537020839,-0.0008113590708792473,0.0013518996245811723,0.0005405405537020839,False,True,False,True,False,True,False,False,False,False,False,False,False,False,False,False,False,False,False,True,False,True,True,-0.0004644681922793746,0.0004644681922794897,-0.00023220712980228031,-0.00023226106247717593,0.0006966214144479138,-0.0009289364346588624,-0.00023220712980228031,-0.00046457608268801807,-0.0006967832124902462,False,True,False,False,True,False,False,False,False,False,False,False,False,False,False,False,False,False,False,False,False,False,False
2022-02-17,2022-02-17 00:00:00+09:00,37290,37740,37010,37415,8161860,69500,37375.0,37175.0,37052.5,37295.0,37035.0,4,True,37020.0,-0.010557263129760797,-0.010857263129760797,0.0005425936107076204,-0.0019003670711678674,0.00027155465204224,-0.0005431830660441439,0.0,0.0010860712444157809,-0.0005428881783716534,0.0005428881783717613,0.0,True,False,False,False,False,True,False,False,False,False,False,False,False,False,False,False,False,False,False,True,False,False,True,0.0,-0.0006977555812805691,0.0,-0.00046544101375516837,-0.000465657749974319,0.003022906615384159,-0.0006977555812805691,0.0020918078516547174,0.0013940522703743087,False,False,False,False,False,True,False,True,True,False,False,False,False,False,False,False,False,False,False,True,False,True,True
2022-02-18,2022-02-18 00:00:00+09:00,37020,37375,36905,37275,5459390,69500,37140.0,37415.0,37375.0,37345.0,37288.333333333336,1,False,36830.0,-0.011938296445338725,-0.012238296445338725,0.0,0.0,-0.0013806435991275472,-0.0016579169312915813,0.000829302051675287,0.0005524862018988328,-0.0013806435991275472,-0.00027612867771751784,-0.0008281573972287319,False,False,False,False,True,True,False,False,False,False,False,False,False,False,False,False,False,False,False,False,False,False,False,0.0,0.0,-0.0009394082419358297,-0.0011746741630309897,0.0007049700679699602,0.0014091124924375574,-0.0004698144319444646,0.0004694835766986353,0.0007043080464873038,False,False,False,False,True,True,False,False,False,False,False,False,False,False,False,False,False,False,False,True,False,True,True
2022-02-21,2022-02-21 00:00:00+09:00,36830,37300,36530,37300,3998311,69500,36915.0,37275.0,37140.0,37287.5,37330.0,3,True,36710.0,-0.015817694369973156,-0.016117694369973158,0.0,-0.00028015128352441285,-0.0005605381312687747,0.00196051036048172,0.0,0.0008392782699949171,-0.0008406894147932353,0.0025199509345131947,0.0016792615197199939,False,False,False,True,False,True,False,True,False,False,False,False,False,False,False,False,False,False,False,True,False,True,True,-0.00023677045215383347,0.0,0.0007101432420584067,0.0004731488141262171,-0.0004731488141262305,0.0,0.00047337278990462083,0.00023660239078788614,0.0007099751806925272,False,False,True,True,False,False,True,False,False,False,False,False,False,False,False,False,False,False,True,False,False,False,False
2022-02-22,2022-02-22 00:00:00+09:00,36710,36910,36510,36760,5092278,69500,36710.0,37300.0,36915.0,37030.0,37111.666666666664,1,False,37020.0,0.00707290533188254,0.00677290533188254,-0.001149095214059168,-0.0005750431440806351,0.00028748023771375884,-0.0037437048763906667,0.002303485038111626,0.0017256259674698574,-0.001149095214059168,0.00028739761657788077,-0.0008616975974811197,False,False,True,False,True,True,False,False,False,False,False,False,False,False,False,False,False,False,False,True,False,False,True,-0.00048320851387177353,-0.0007250755604673787,0.0,-0.002420722557067953,0.00024216006898809825,0.0024183808642816527,-0.00096665063109499,0.000966650631094974,0.0,False,False,False,False,True,True,False,False,False,False,False,False,False,False,False,False,False,False,False,True,False,False,True
2022-02-23,2022-02-23 00:00:00+09:00,37020,37100,36695,36890,4660928,69500,36897.5,36760.0,36710.0,36825.0,36983.333333333336,2,True,36440.0,-0.012198427758200014,-0.012498427758200014,-0.0014106364308430282,0.0,0.0,-0.0002823662308751622,0.0019748913175664214,-0.0011280317044985255,-0.0014106364308430282,0.0005644933821928088,-0.000846143048650248,False,False,False,False,True,False,False,False,False,False,False,False,False,False,False,False,False,False,False,True,False,False,True,0.0002394349347007179,-0.0002394349347006925,0.0002394349347007179,0.0,0.0011963154914034601,-0.0009569378720678076,0.0002394349347007179,0.0002393776193356533,0.0004788125540365076,True,False,True,False,True,False,False,False,False,False,False,False,False,False,False,False,False,False,True,False,False,False,False
2022-02-24,2022-02-24 00:00:00+09:00,36440,36500,35815,35925,10463997,69500,36157.5,36890.0,36897.5,36407.5,36525.0,0,False,36260.0,0.009324982602644472,0.009024982602644472,-0.003884660495482456,0.0017947955760231173,0.000597550062596556,0.00119331756404201,0.0,-0.0032840752011898846,-0.0014923148568625735,-0.0017926506145198283,-0.0026877722616362927,False,True,True,True,False,False,False,False,False,False,False,False,False,False,False,False,False,False,False,False,False,False,False,-0.003003756951828439,0.000501253143327373,0.0007510327052227507,0.0015000002812501404,-0.00024971906734841447,-0.0017497817237877064,-0.0012504690887909242,0.0,-0.0010002501459115552,False,True,True,True,False,False,False,False,False,False,False,False,False,False,False,False,False,False,False,False,False,False,False
2022-02-25,2022-02-25 00:00:00+09:00,36260,36530,36150,36330,8181295,69500,36340.0,35925.0,36157.5,36127.5,36381.666666666664,3,True,36095.0,-0.0064684833470960434,-0.006768483347096043,0.0014218685745427152,-0.00028405056290973997,-0.0005683432946393345,-0.00028421202408163035,0.0,-0.0008531210527381747,0.0011376565504610723,-0.001137333076819919,0.00028453549772274625,True,False,False,False,False,False,True,False,False,False,False,False,False,False,False,False,False,False,False,False,False,False,False,0.0009718173748322639,0.0,-0.0009718173748322367,0.0002429838427701021,0.0009713453896318809,0.00024280684834594428,0.0,0.0009715813249105846,0.0012146242231781872,True,False,False,False,True,False,False,True,True,False,False,False,False,False,False,False,False,False,False,False,False,True,False
2022-02-28,2022-02-28 00:00:00+09:00,36095,36605,36010,36605,6546067,69500,36307.5,36330.0,36340.0,36467.5,36286.666666666664,4,True,36625.0,0.0005463734462505254,0.00024637344625052544,0.0017064850557581056,-0.0017064850557580759,0.0014214643473774466,0.0008526361181603274,-0.000284131270557585,0.0002841312705576879,0.0019906163263156878,0.0008526361181603274,0.0019906163263156878,True,False,True,True,False,False,True,False,True,False,False,False,False,False,False,False,False,False,True,False,False,False,False,0.0012061272720161218,-0.0014475273938884274,0.0002412836300764032,0.0,-0.00048239267698592646,0.0,0.0004826254919935329,0.0,0.0009650181689794845,True,False,True,False,False,False,True,False,False,False,False,False,False,False,False,False,False,False,False,False,False,False,False
2022-03-02,2022-03-02 00:00:00+09:00,36625,36720,36415,36455,5075944,69500,36567.5,36605.0,36307.5,36530.0,36463.333333333336,1,False,36795.0,0.009326567000411456,0.009026567000411457,-0.0005600672227048736,-0.001119820945688568,-0.0011201345332494223,-0.0005605381312687747,0.0008406894147932238,-0.0014015419252884445,-0.0008402185062292717,-0.001121390641764047,-0.001961609147993356,False,False,False,False,True,False,False,False,False,False,False,False,False,False,False,False,False,False,False,False,False,False,False,-0.00023949227751882097,-0.000239549647809849,-0.00119803536552944,0.00023966447088953944,0.0004793863946074567,-0.0004793863946073296,-0.00119803536552944,-0.00023972192371782297,-0.00119803536552944,False,False,False,False,True,False,False,False,False,False,False,False,False,False,False,False,False,False,False,False,False,False,False
2022-03-03,2022-03-03 00:00:00+09:00,36795,37175,36750,37150,4082459,69500,36962.5,36455.0,36567.5,36802.5,36736.666666666664,4,True,37010.0,-0.003768506056527565,-0.004068506056527565,0.0011065008044578236,-0.0002765104400308044,0.0,0.0002765104400308943,0.0002764340031425801,-0.0008295313623754336,0.000829990364426967,-0.00027658691920200607,0.0005534034452248876,True,False,False,False,False,False,True,False,True,False,False,False,False,False,False,False,False,False,False,False,False,False,False,0.0009433962963833889,-0.00023576565003707018,-0.00023582124858721458,0.0002358212485871697,0.0009427292708569904,-0.0009427292708569619,0.00047180939775896174,0.0002358212485871697,0.000707630646346398,True,False,False,False,True,False,True,False,False,False,False,False,False,False,False,False,False,False,True,False,False,False,False
2022-03-04,2022-03-04 00:00:00+09:00,37010,37040,36415,36575,7789332,69500,36727.5,37150.0,36962.5,36862.5,36726.666666666664,0,False,36000.0,-0.015721120984278913,-0.016021120984278915,0.00028268551424991405,-0.0005654509621965052,0.002259887967437504,0.0019732212181162705,-0.0002817298229650554,0.0005635390399914175,0.001977122519491021,0.001691570744489833,0.003668693263980839,True,False,True,True,False,True,True,True,True,False,False,False,False,False,False,False,False,False,True,False,False,False,False,0.00023874895660749054,-0.0007162468970400682,0.001671243077302331,0.0021446451685040394,-0.0009521543209233635,0.0004761904851888415,0.000954654010450542,0.0021446451685040394,0.003099299178954674,True,False,True,True,False,False,True,True,True,False,False,False,False,False,False,False,False,False,True,False,False,True,False
2022-03-07,2022-03-07 00:00:00+09:00,36000,36025,35530,35755,14965083,69500,35777.5,36575.0,36727.5,36165.0,36493.333333333336,0,False,35305.0,-0.012585652356313815,-0.012885652356313814,-0.0028910109757019067,-0.0005792065033053263,0.0005792065033054431,0.00028947749514635014,-0.0011584131037668498,0.0011584131037669617,-0.0028910109757019067,0.00028947749514635014,-0.002601533480555453,False,False,True,False,False,True,False,False,False,False,False,False,False,False,False,False,False,False,False,True,False,False,True,-0.00241896586264217,-0.000726656202496675,0.0007266562024965745,0.00048414428445068636,-0.001211093765567458,0.0009687576441828038,-0.002176805793653954,0.0002421014416860778,-0.0019347043519678453,False,False,True,True,False,True,False,False,False,False,False,False,False,False,False,False,False,False,False,True,False,False,True
2022-03-08,2022-03-08 00:00:00+09:00,35305,35680,35165,35290,6369838,69500,35422.5,35755.0,35777.5,35522.5,35873.333333333336,0,False,36000.0,0.020119013884953185,0.019819013884953184,-0.001783061393656379,-0.0008929900876195581,-0.0005957700503893405,0.0008935220251960318,-0.00328015800292677,-0.0038893093155671758,-0.0035693077751205618,-0.005977304108459414,-0.00954661188358,False,False,False,True,False,False,False,False,False,False,False,False,False,False,False,False,False,False,False,False,False,False,False,-0.0014855164900667802,-0.0007437709528446524,-0.00024804663403881465,0.0009918175868834887,-0.002978408754260944,-0.0039850613136436334,-0.002725134846400564,-0.00597165248102128,-0.008696787327421712,False,False,False,True,False,False,False,False,False,False,False,False,False,False,False,False,False,False,False,False,False,False,False
2022-03-10,2022-03-10 00:00:00+09:00,36000,36170,35905,36020,3412228,69500,36037.5,35290.0,35422.5,35655.0,35688.333333333336,4,True,35915.0,-0.0029150471960022184,-0.0032150471960022183,0.00115008638323731,0.0002873150429188711,0.0008614501609545223,0.0,0.0,-0.0005742176442591075,0.002298851587110649,-0.0005742176442591075,0.0017246339428517237,True,True,True,False,False,False,True,False,True,False,False,False,False,False,False,False,False,False,False,False,False,False,False,0.00024268899524517663,0.0007277137980332235,0.0,0.0012116807492395818,0.0,-0.0009692271173088937,0.0009704027932785145,0.00024245363193088208,0.0012128564252092296,True,True,False,True,False,False,True,False,True,False,False,False,False,False,False,False,False,False,True,False,False,False,False
2022-03-11,2022-03-11 00:00:00+09:00,35915,36030,35695,35885,9987144,69500,35862.5,36020.0,36037.5,35952.5,35731.666666666664,1,False,35845.0,-0.0011146718684686974,-0.0014146718684686973,0.0023310033864756084,0.0,0.002615900343612908,0.0005803830691063254,0.002029280302117403,0.0,0.0049469037300886205,0.0017401396502443821,0.0066870433803330525,True,True,True,True,True,False,True,True,True,False,False,False,False,False,False,False,False,False,True,False,False,False,False,0.0021937851577136127,0.0009739469968810927,0.0014594991644537219,0.0012140343848771656,-0.00024268899524524949,0.0007278903633278595,0.003896741414057414,0.0016992357529598428,0.006082003908055043,True,True,True,True,False,True,True,True,True,False,False,False,False,False,False,False,False,False,True,False,True,False,False
2022-03-14,2022-03-14 00:00:00+09:00,35845,36040,35680,35820,8660429,69500,35860.0,35885.0,35862.5,35852.5,35908.333333333336,0,False,35705.0,-0.0032104969290899232,-0.003510496929089923,-0.00029485478615506704,0.0,-0.0008848253047423228,-0.0014760150281205415,0.0017709567792632361,0.004421525257877477,-0.0008848253047423228,0.0029455102297567446,0.0023557136924589835,False,True,False,False,True,True,False,True,True,False,False,False,False,False,False,False,False,False,False,True,False,True,True,0.0,-0.0004891171533070362,0.0,-0.0009787130705390297,-0.0004897159745274525,0.003422986227295334,-0.0004891171533070362,0.001954557182228735,0.0017100285100235374,False,False,False,False,False,True,False,True,True,False,False,False,False,False,False,False,False,False,False,True,False,True,True
2022-03-15,2022-03-15 00:00:00+09:00,35705,35765,35395,35510,13216342,69500,35580.0,35820.0,35860.0,35665.0,35738.333333333336,0,False,35880.0,0.010419600112644423,0.010119600112644423,0.0012012013456341492,-0.0003001650930536079,-0.002103682218340841,-0.00030088762074449764,0.0009023913982788076,0.00030061626560376546,-0.0012026459657604525,0.000902120043137929,-0.00030052592262244237,True,False,False,False,True,False,False,False,False,False,False,False,False,False,False,False,False,False,False,True,False,False,True,0.0004949270083705664,-0.00024743288509268665,-0.0007426662056908944,-0.0002476780198419888,0.0002477393794413288,0.0004952947104719574,-0.0004951720824129487,0.0002476166906300603,-0.0002475553917828874,True,False,False,False,False,False,False,False,False,False,False,False,False,False,False,False,False,False,False,True,False,False,True
2022-03-16,2022-03-16 00:00:00+09:00,35880,36095,35615,36040,5859523,69500,35855.0,35510.0,35580.0,35775.0,35790.0,4,True,36645.0,0.016786903440621614,0.016486903440621613,0.0020411145736268692,0.004649819479148886,-0.002319513942233386,-0.0014524330803148745,0.0026128625693968978,-0.00028998115325717304,0.005530504563693717,0.0008704483358248393,0.006400952899518533,True,True,False,False,True,False,True,False,True,False,False,False,False,False,False,False,False,False,True,False,False,False,False,0.0009701674299639006,0.003629768050578731,-0.002418380864281638,0.00048414428445068636,0.0007257772182626319,0.00024180873047344864,0.002181554616261178,0.0014517302331867232,0.003633284849447635,True,True,False,True,True,False,True,True,True,False,False,False,False,False,False,False,False,False,True,False,True,False,False
2022-03-17,2022-03-17 00:00:00+09:00,36645,36860,36575,36585,8279341,69500,36717.5,36040.0,35855.0,36312.5,36045.0,3,True,36485.0,-0.0027333606669399657,-0.0030333606669399656,0.0,0.0005638567953169736,-0.0005638567953169571,0.00028196813946866346,-0.00028196813946866335,0.0011273958353081857,0.0,0.0011273958353081857,0.0011273958353081857,False,True,False,False,False,True,False,True,False,False,False,False,False,False,False,False,False,False,False,False,False,True,False,0.000475398154900596,0.00023761435302476793,-0.00023761435302480866,0.0009501188363202567,-0.000950118836320353,0.0011869437595286225,0.000475398154900596,0.0016621160184099664,0.002137514173310838,False,True,False,True,False,True,True,True,True,False,False,False,False,False,False,False,False,False,True,False,False,True,False
2022-03-18,2022-03-18 00:00:00+09:00,36485,36685,36405,36665,4372507,69500,36545.0,36585.0,36717.5,36625.0,36430.0,3,True,36850.0,0.005045683894722597,0.004745683894722597,0.00028149190896630146,0.00028141269356950097,0.0002813335227446578,0.001686341040436412,0.0011229647446237235,0.0011217051092001736,0.0008442381252804908,0.003650151462558715,0.004494389587839267,False,True,False,True,True,True,True,True,True,False,False,False,False,False,False,False,False,False,True,False,True,True,False,0.00047158689862433805,0.0011785505194442023,0.00023565453154881464,0.000941841369363972,0.000705799347027063,0.0,0.0009429515078703628,0.0016476407163909126,0.0028261912358350447,False,True,False,True,True,False,True,True,True,False,False,False,False,False,False,False,False,False,True,False,True,True,False
2022-03-21,2022-03-21 00:00:00+09:00,36850,36850,36250,36290,5565648,69500,36550.0,36665.0,36545.0,36477.5,36513.333333333336,0,False,36290.0,0.0,-0.0003,-0.001375705265805082,0.0,0.0008256502464357926,0.0005500550193693225,0.0005497526251708159,-0.0016501653909579068,-0.0005500550193693227,-0.0005503577464178254,-0.0011004127657870371,False,False,True,False,False,False,False,False,False,False,False,False,False,False,False,False,False,False,False,False,False,False,False,-0.00023291021416569773,-0.0009321837076801323,0.0004662004746442691,0.001164551197175876,-0.0006985679641400224,0.00046576619379525296,-0.0006988934472016229,0.0009317494268311462,0.00023285597962936736,False,False,True,True,False,False,False,False,False,False,False,False,False,False,False,False,False,False,False,True,False,True,True
2022-03-22,2022-03-22 00:00:00+09:00,36290,36650,36265,36620,4524529,69500,36457.5,36290.0,36550.0,36455.0,36525.0,4,True,36825.0,0.005598033861277996,0.005298033861277996,0.0013772209861747208,0.000275292500018019,0.000275292500018019,0.00027521673491452176,0.0010998076445401382,-0.0005496015527187791,0.0013772209861747208,0.0013753268568656954,0.00275254784304034,True,True,False,False,True,False,True,True,True,False,False,False,False,False,False,False,False,False,True,False,True,False,False,0.00023263929382583688,0.0,-0.00023263929382579755,0.0004652244791979285,0.0011621151801772967,-0.00023231502021087358,0.0,0.0013950246391645131,0.0013950246391645131,False,False,False,False,True,False,False,True,True,False,False,False,False,False,False,False,False,False,False,False,False,True,False
2022-03-23,2022-03-23 00:00:00+09:00,36825,37090,36740,36940,6119415,69500,36915.0,36620.0,36457.5,36780.0,36616.666666666664,4,True,36685.0,-0.00690308608554413,-0.00720308608554413,0.0,0.0,0.0002687810794302349,-0.0005376344215524199,0.0002687810794302349,0.0,0.0002687810794302349,0.0,0.0002687810794302349,False,False,False,False,False,False,False,False,False,False,False,False,False,False,False,False,False,False,False,False,False,False,False,-0.00022906883618657926,0.0002290688361866241,0.0,-0.00022906883618657926,0.0,0.0,0.0,-0.00022906883618657926,-0.00022906883618657926,False,True,False,False,False,False,False,False,False,False,False,False,False,False,False,False,False,False,False,False,False,False,False
2022-03-24,2022-03-24 00:00:00+09:00,36685,36780,36485,36770,5749483,69500,36632.5,36940.0,36915.0,36855.0,36776.666666666664,1,False,36930.0,0.004351373402230019,0.004051373402230019,0.0008144428304139069,0.0013566682314192435,-0.0005422993625311492,-0.00027118644233992936,-0.0008140008589470824,0.0010851873012869833,0.0013570364411214298,0.0,0.0016282228834612474,False,True,False,False,False,True,True,False,False,False,False,False,False,False,False,False,False,False,False,False,False,False,False,0.0004629629712320226,0.0009252834340465342,0.0,-0.00023124060688085507,-0.00046264169226756734,-0.00023134760080046243,0.0013882464052784977,-0.0006938822991484674,0.000694364106130236,False,True,False,False,False,False,True,False,False,False,False,False,False,False,False,False,False,False,False,False,False,False,False
2022-03-25,2022-03-25 00:00:00+09:00,36930,36935,36545,36620,4337330,69500,36740.0,36770.0,36632.5,36695.0,36776.666666666664,0,False,36500.0,-0.003276897870016393,-0.003576897870016393,-0.000800106723574557,-0.0005337603542789638,0.00026691578965360997,-0.00026691578965357566,0.001333867077853618,0.0002665600442278578,-0.0010669512882000066,0.0013335113324279724,0.0002665600442278578,False,False,False,False,True,False,False,True,False,False,False,False,False,True,False,False,True,False,False,True,False,True,True,0.0,0.0,0.0002287021164913603,-0.00045745654960604754,0.0006861063733985867,-0.00022864982379250832,0.0002287021164913603,0.0,0.0002287021164913603,False,False,False,False,True,False,False,False,False,False,False,True,False,True,False,False,False,False,False,False,False,False,False
2022-03-28,2022-03-28 00:00:00+09:00,36500,36745,36300,36645,4105327,69500,36522.5,36620.0,36740.0,36632.5,36678.333333333336,2,True,36835.0,0.005184881975712985,0.004884881975712985,-0.0008059100503351895,0.00026885334212223554,-0.0005377789858028697,-0.00026899798413714806,0.001612903575464779,0.0008054772888168683,-0.0016124701155683593,0.0021493828801443507,0.0005369127645760014,False,False,False,False,True,True,False,True,False,False,True,False,False,True,True,False,True,False,False,True,False,True,True,-0.0006861063733986034,-0.00045766591187865695,0.0,-0.00022891152669490757,-0.00022891152669490757,-0.0006865774385735155,-0.0011437722852772716,-0.00022891152669490757,-0.0013726838119721356,False,False,False,False,False,False,False,False,False,False,False,False,False,False,False,False,False,False,False,False,False,False,False
2022-03-29,2022-03-29 00:00:00+09:00,36835,36995,36700,36835,4225755,69500,36847.5,36645.0,36522.5,36740.0,36700.0,3,True,37080.0,0.006651282747387022,0.006351282747387022,0.001314924581309022,0.0005254860867110792,0.0005252100961066164,-0.0010506961828178295,0.0013131978249603929,-0.0007877117382493169,0.0023656207641269008,-0.0005252100961066888,0.0018404106680201873,True,True,True,False,True,False,True,False,False,True,True,True,False,True,False,True,False,True,False,False,False,False,False,0.0009035464811682148,-0.0002258100946706611,0.0009029345985922825,-0.001354707816124789,0.0004517732175325538,-0.00022586109638642653,0.0015806709850897476,-0.0011287956949787284,0.000451875290111201,True,False,True,False,False,False,True,False,False,True,False,True,False,True,False,True,False,False,False,False,False,False,False
2022-03-30,2022-03-30 00:00:00+09:00,37080,37200,36890,36965,4375540,69500,37045.0,36835.0,36847.5,36900.0,36815.0,3,True,36940.0,-0.0006763154335182042,-0.0009763154335182041,0.0007769002074048517,0.000776498033062564,0.0007758955516625743,-0.0010346612407763304,0.0007760962748884511,0.0,0.002070394114308495,-0.0002585649658878659,0.0018118291484204515,False,True,True,False,False,False,True,False,False,True,True,True,False,False,False,True,False,True,False,False,False,False,False,0.0004475274185231616,0.0011179431013412459,0.0006701664497443793,0.00022338880914977356,0.0006701664497443793,-0.0004467277268843189,0.0022356369696088937,0.0,0.0017889092427244146,False,True,True,False,True,False,True,False,True,True,True,True,False,True,False,True,False,True,False,False,True,False,False
2022-03-31,2022-03-31 00:00:00+09:00,36940,37230,36885,37080,4502992,69500,37057.5,36965.0,37045.0,37022.5,36960.0,4,True,36925.0,-0.004180151024811174,-0.004480151024811174,0.0,-0.0005213764455958466,0.0005213764455958972,0.0007815553348200886,-0.0005209690141272914,0.0,0.0,0.0002605863206927411,0.0002605863206927411,False,False,False,True,False,False,False,False,False,False,False,True,True,False,False,False,False,False,False,False,False,True,False,-0.00022464337958110327,-0.00022469385556843772,0.0011229647446237235,-0.0006736275094742761,-0.00022454249561052042,0.0004490345832073373,0.0006736275094742743,0.0,0.0006736275094742743,False,False,True,False,False,False,False,False,False,False,False,True,False,False,False,True,False,False,False,False,False,False,False
2022-04-01,2022-04-01 00:00:00+09:00,36925,36930,36615,36795,4077720,69500,36772.5,37080.0,37057.5,36937.5,36946.666666666664,0,False,36725.0,-0.0019024323957059774,-0.0022024323957059774,0.00026423569978017487,-0.0010579212835402784,0.0015864625220600888,-0.00026423569978024214,0.0,0.0015843679047030986,0.00026423569978017487,0.0013201322049228162,0.0015843679047030986,False,False,True,False,False,True,False,False,False,False,False,True,False,False,True,False,True,True,True,False,False,True,False,-0.0006826715477324096,-0.0002276089687759807,-0.0004553734140620658,0.00045537341406212586,0.0002276089687760386,0.001137268404164152,-0.0011380449617945597,0.0018202507870023418,0.0006822058252077682,False,False,False,False,False,True,False,True,False,False,False,False,True,False,True,False,True,False,False,True,False,True,True
2022-04-04,2022-04-04 00:00:00+09:00,36725,37005,36555,36970,4646082,69500,36780.0,36795.0,36772.5,36882.5,36948.333333333336,4,True,37115.0,0.003922098999188606,0.003622098999188606,0.0007952286701383172,0.0002649357546294976,0.0010590416663638859,0.0005291005414439304,-0.0005292405521784722,0.000529240552178492,0.00211920609113175,0.0002645852641443156,0.0023837913552761975,False,False,True,True,False,False,True,False,True,True,True,True,True,False,False,True,False,True,True,False,True,False,False,0.0004547521679096952,0.0,0.00022729855763283478,0.0009086779362181122,-0.00045423575616355635,0.0,0.0006820507255423861,0.0004544421800544764,0.0011364929055968887,False,False,False,False,False,False,False,False,False,True,False,False,True,False,False,True,False,False,True,False,False,False,False
2022-04-05,2022-04-05 00:00:00+09:00,37115,37160,36840,36935,4490357,69500,37000.0,36970.0,36780.0,36952.5,36900.0,2,True,36700.0,-0.006362528766752362,-0.006662528766752362,0.0,0.0,-0.00026004420898068575,0.0010397713440016636,-0.000780132662112028,0.0,-0.00026004420898068575,0.0,-0.00026004420898068575,False,False,False,True,False,False,False,False,False,False,False,False,True,False,False,False,False,False,False,False,False,False,False,-0.00022586109638642653,0.0,0.0004516711910570846,0.0,-0.0002258100946706611,0.0,0.00022581009467076334,0.0002258610963864294,0.0,False,False,True,False,False,False,False,False,False,False,False,True,False,False,False,False,False,False,True,False,False,False,False
2022-04-06,2022-04-06 00:00:00+09:00,36700,36760,36530,36555,5233744,69500,36645.0,36935.0,37000.0,36745.0,36820.0,0,False,36385.0,-0.004650526603747762,-0.004950526603747762,0.0007977662967977106,-0.0005317734770355123,-0.0005320564105295891,0.0,0.000531914906158477,0.0007973422349337701,-0.00026606359076740746,0.0013292571410923467,0.0013292571410923467,False,False,False,False,False,True,False,True,False,True,False,False,False,False,True,False,True,False,False,True,False,True,True,0.00022838871859020394,-0.000685322699581172,-0.0004570383991805566,0.00022854531010236864,0.00022849308907816983,0.00022844089191292286,-0.0006854792910934029,0.0006854792910933383,0.0,False,False,False,False,False,False,False,False,False,False,False,False,False,False,False,False,False,False,False,True,False,False,True
2022-04-07,2022-04-07 00:00:00+09:00,36385,36385,35995,36075,10234728,69500,36190.0,36555.0,36645.0,36315.0,36521.666666666664,0,False,36150.0,0.0020790020790020236,0.0017790020790020237,0.00109021542550818,0.0008171047710513116,0.0002722199554035757,0.0005442177005067019,0.0002718499405080558,0.0013581422704231469,0.001907097703745049,0.002718131600126474,0.0046252293038714105,True,True,False,True,False,True,True,True,True,True,True,False,True,False,True,True,True,True,True,False,True,True,False,0.0009272137891922675,0.000695007557224414,0.00023156188594856045,0.0,0.0016198082912270957,0.00023118714702443594,0.001622060371868051,0.001619433552302976,0.003241493924171023,True,True,False,False,True,False,True,True,True,True,True,False,False,True,False,True,True,True,True,False,True,False,False
2022-04-08,2022-04-08 00:00:00+09:00,36150,36195,35905,36100,6370443,69500,36050.0,36075.0,36190.0,36087.5,36243.333333333336,1,False,35960.0,-0.0038781163434903343,-0.004178116343490334,0.0002708925927440989,0.0005418585881699307,0.0005415651364424427,-0.0005415651364424666,0.0016238163243274461,0.0016211838189999106,0.0008124577291866031,0.002703435006884703,0.0035158927360713827,False,True,True,False,True,True,False,True,True,False,True,True,False,True,True,True,True,True,True,False,True,True,False,0.0,0.0,0.00045945325871421923,0.0004590314517140072,0.000458926120950481,0.00022938410468750108,0.00045945325871421923,0.0009178522902289597,0.001836547807301552,False,False,True,False,True,False,False,False,True,False,False,True,True,True,False,True,False,True,True,False,False,True,False
2022-04-11,2022-04-11 00:00:00+09:00,35960,36240,35830,36100,8974553,69500,36035.0,36100.0,36050.0,36100.0,36091.666666666664,3,True,35850.0,-0.006925207756232732,-0.007225207756232732,0.001108647563664023,-0.00027704668413807717,0.001384466509385234,0.0008302200559890558,0.0011058889708773707,0.0002762812560742312,0.0022160673889112205,0.002212390282940642,0.003874901056554157,True,False,True,True,False,False,True,True,True,True,False,True,True,True,False,True,True,True,True,False,True,False,False,0.0013917886728224851,-0.0004637143602686409,0.0009272137891922675,0.00023166917745221576,0.0011575415113538002,0.000231347600800556,0.0018552881017461409,0.001620558289606402,0.003475846391352544,True,False,True,False,True,False,True,True,True,True,False,True,False,True,False,True,True,True,True,False,True,False,False
2022-04-12,2022-04-12 00:00:00+09:00,35850,35990,35620,35760,9639935,69500,35805.0,36100.0,36035.0,35930.0,35986.666666666664,0,False,35860.0,0.002796420581655523,0.0024964205816555233,0.0008485363258388641,0.00028268551424991405,0.00028252578235671934,0.0002824459840836118,0.0002824459840836118,0.0008468596130678527,0.0016963532481783338,0.001129305597151487,0.0028256588453297754,True,False,False,False,False,True,True,False,True,True,True,False,False,False,True,True,False,True,True,False,True,False,False,-0.0002353771930368333,0.0,0.0,-0.0004705882439785976,0.000705799347027063,-0.00023521110304840857,0.00047058824397861593,0.0,0.00047058824397861593,False,False,False,False,True,False,False,False,False,False,False,False,False,True,False,False,False,False,False,False,False,False,False
2022-04-13,2022-04-13 00:00:00+09:00,35860,36470,35815,36440,6828087,69500,36142.5,35760.0,35805.0,36100.0,36100.0,4,True,36430.0,-0.00027442371020858225,-0.0005744237102085822,0.0016839745770094808,0.0014011491713627833,0.0013991886989564144,-0.0019594128032444434,-0.0002802297902603257,0.0,0.004484312447328586,-0.0022396425935047983,0.0022446698538239494,True,True,True,False,False,False,True,False,False,True,True,True,False,False,False,True,False,True,False,False,False,False,False,0.0014044946128986236,0.00023389077407531223,0.0021025588869442416,-0.0009343611985541538,0.0,0.0002336721590255911,0.0037409442739181277,-0.0007006890395284559,0.002573401817880363,True,True,True,False,False,True,True,False,True,True,True,True,False,False,False,True,False,True,False,False,False,False,False
2022-04-14,2022-04-14 00:00:00+09:00,36430,36430,36115,36235,7430712,69500,36272.5,36440.0,36142.5,36337.5,36145.0,2,True,36000.0,-0.006485442251966345,-0.0067854422519663445,0.0,0.0005523336235418499,-0.00027612867771751784,-0.0011052778135432356,0.000829072867718823,0.00027620494582451306,0.00027620494582451306,0.0,0.00027620494582451306,False,True,False,False,False,False,False,False,False,False,True,False,False,True,False,False,False,False,False,False,False,False,False,0.000232153222168533,0.0,-0.00023215322216863708,-0.00023220712980228031,0.0,0.00023220712980225088,0.0,0.0,0.0,False,False,False,False,False,True,False,False,False,False,False,False,False,False,False,False,False,False,False,False,False,False,False
2022-04-15,2022-04-15 00:00:00+09:00,36000,36000,35730,35805,6497906,69500,35865.0,36235.0,36272.5,36020.0,36160.0,0,False,35690.0,-0.003211841921519354,-0.003511841921519354,-0.0008466206234490008,-0.001129305597151414,0.0,-0.001696353248178402,0.002261165463137164,0.0,-0.001411432838407736,0.000564812214958742,-0.0008466206234490008,False,False,False,False,True,False,False,False,False,False,False,False,False,True,False,False,False,False,False,True,False,False,True,-0.00023493480667206547,-0.00023493480667206547,-0.00023499001400582498,-0.00023504524729197842,0.00023504524729212043,0.00023499001400577107,-0.00046992482067789525,0.00023499001400577107,-0.00023493480667206547,False,False,False,False,False,True,False,False,False,False,False,False,False,False,False,False,False,False,False,True,False,False,True
2022-04-18,2022-04-18 00:00:00+09:00,35690,35950,35570,35835,5517718,69500,35760.0,35805.0,35865.0,35820.0,35958.333333333336,2,True,35980.0,0.004046323426817322,0.003746323426817322,0.00028673835321906725,0.00028665615790391557,0.002290295876601637,0.0008575104141291827,-0.000857510414129238,0.0002859185151715291,0.0028636903877246865,0.0002859185151715291,0.0031496089028962013,False,False,True,True,False,False,True,False,True,False,True,True,True,False,False,True,False,True,True,False,True,False,False,0.0,0.00023654642333828082,0.00047292505019538747,0.0,0.00047270149781154596,-0.000236322818067864,0.0007094714735337766,0.00023637867974387808,0.0009458501532775353,False,True,True,False,True,False,True,False,False,False,True,True,False,True,False,True,False,False,True,False,False,False,False
2022-04-19,2022-04-19 00:00:00+09:00,35980,36340,35970,36255,3026251,69500,36155.0,35835.0,35760.0,36045.0,35965.0,4,True,36265.0,0.00027582402427261954,-2.4175975727380435e-05,0.0,0.0002820476679252804,-0.000564174909181585,-0.0002822068594995935,0.002255428077615892,0.0,-0.00028212724125626254,0.0019732212181162705,0.0016910939768599732,False,False,False,False,True,False,False,True,False,False,True,False,False,True,False,False,True,False,False,True,False,True,True,0.00023476934020255231,0.0,-0.0007044734352637549,-0.00023493480667206547,0.0014087816370820495,0.0002346041066478533,-0.0004697040950611159,0.0014084509370579205,0.0009387468419967984,False,False,False,False,True,True,False,True,False,False,False,False,False,True,False,False,True,False,False,True,False,True,True
2022-04-20,2022-04-20 00:00:00+09:00,36265,36310,35955,36225,2807810,69500,36132.5,36255.0,36155.0,36240.0,36105.0,2,True,36340.0,0.0031746031746031633,0.0028746031746031634,0.00027991602702011456,0.0008392782699949171,0.0,-0.0005594405740314189,-0.0008397481249248898,-0.0005602241042881367,0.0011191942970150324,-0.0019594128032444434,-0.0008402185062292717,False,True,False,False,False,False,False,False,False,False,True,False,False,False,False,True,False,False,False,False,False,False,False,0.00046565774997419675,0.00046544101375508245,0.0,-0.00023269342746061241,-0.00046544101375516837,-0.000465657749974319,0.0009310987637294899,-0.0009310987637294623,0.0,True,True,False,False,False,False,True,False,False,True,True,False,False,False,False,True,False,False,False,False,False,False,False
2022-04-21,2022-04-21 00:00:00+09:00,36340,36585,36315,36385,5716294,69500,36450.0,36225.0,36132.5,36305.0,36288.333333333336,4,True,36060.0,-0.008932252301772747,-0.009232252301772747,-0.00027929060368672953,-0.0005588153260815474,-0.0005591277752596985,-0.0005594405740314189,-0.00196051036048179,0.0016806726645182443,-0.00139723370502792,-0.0008392782699949775,-0.002236511975022939,False,False,False,False,False,True,False,False,False,False,False,False,False,False,True,False,False,False,False,False,False,False,False,-0.0004613610231777435,-0.0004615739754231516,0.0,-0.0004617871243456951,-0.000924214483531441,0.0009242144835313797,-0.0009229349986009506,-0.0004617871243456951,-0.0013847221229466161,False,False,False,False,False,True,False,False,False,False,False,False,False,False,True,False,False,False,False,False,False,False,False
2022-04-22,2022-04-22 00:00:00+09:00,36060,36095,35840,35985,5189540,69500,35967.5,36385.0,36450.0,36185.0,36198.333333333336,0,False,35595.0,-0.010837849103793262,-0.011137849103793262,0.0011481057518319265,-0.0008609557139650827,-0.001723643058165096,0.0,-0.00028756290636689733,0.001436575451772744,-0.0011494254139060595,0.001436575451772744,0.0002871500378667943,True,False,False,False,False,True,False,True,False,True,False,False,False,False,True,False,True,False,False,True,False,True,True,0.00023565453154881464,0.0009420631879009365,-0.001413427797146964,0.00023571007769701327,0.0,0.00047125354312288855,-0.00023571007769712383,0.0007069636208199028,0.00047125354312288855,False,True,False,True,False,True,False,True,False,False,True,False,False,False,True,False,False,False,False,True,False,True,True
2022-04-25,2022-04-25 00:00:00+09:00,35595,35695,35395,35410,6727922,69500,35545.0,35985.0,35967.5,35697.5,35926.666666666664,0,False,35555.0,0.004094888449590606,0.003794888449590606,-0.0014830196993607329,-0.0005938242454784341,0.0,-0.001783061393656379,-0.0011897681355887957,0.0005948840151640301,-0.0017798877436962578,-0.0014856636219477766,-0.003265551365643996,False,False,False,False,False,False,False,False,False,False,False,False,False,False,True,False,False,False,False,False,False,False,False,-0.0017046150480942365,-0.00048744821827955586,-0.0014634148953149703,-0.0012202564052293744,-0.00024423006593495916,0.0007325113256361956,-0.0031680299434091778,-0.0007319751455280968,-0.0031680299434091778,False,False,False,False,False,True,False,False,False,False,False,False,False,False,True,False,False,False,False,False,False,False,False
2022-04-26,2022-04-26 00:00:00+09:00,35555,35715,35500,35560,2878893,69500,35607.5,35410.0,35545.0,35485.0,35651.666666666664,3,True,35080.0,-0.013498312710911176,-0.013798312710911175,0.0005819028386484659,0.0011627908286901518,-0.0005812264040406975,-0.0011634672632980698,-0.0014562402456962235,0.0005827505992424318,0.0011634672632980494,-0.002036956909751939,-0.0008734896464538819,False,True,False,False,False,False,False,False,False,False,True,False,False,False,True,True,False,False,False,False,False,False,False,0.0,0.0004813477830604624,0.0,-0.00144473899437408,0.0004820438753260544,0.0002409348282948052,0.0004813477830604624,-0.0012038041660792217,-0.0007224563830188452,False,True,False,False,True,True,False,False,False,False,True,False,False,True,False,True,False,False,False,False,False,False,False
2022-04-27,2022-04-27 00:00:00+09:00,35080,35180,34850,35140,4420137,69500,35015.0,35560.0,35607.5,35350.0,35370.0,1,False,34850.0,-0.008252703471826939,-0.008552703471826939,0.000604047134041788,-0.0009059339287872729,0.00030197795790401033,-0.0015103461563139217,0.0036199134551343935,0.00030115946621243564,0.000604047134041788,0.0024118190768506968,0.00331775300563799,False,False,False,False,True,False,False,True,True,False,False,True,False,True,False,False,True,True,True,False,False,True,False,0.0007399186427105144,-0.0009864365781386848,0.0,-0.0004934616433713502,0.001726051470323756,0.0,0.0,0.0012325898269523957,0.0014792902105891243,True,False,False,False,True,False,False,True,True,True,False,False,False,True,False,False,True,True,False,False,False,True,False
2022-04-28,2022-04-28 00:00:00+09:00,34850,34995,34575,34985,6629596,69500,34785.0,35140.0,35015.0,35062.5,35228.333333333336,1,False,35010.0,0.0007145919679862889,0.0004145919679862889,-0.000598265049253236,0.0,0.0002990877844936338,-0.0005979073421770492,0.0011954574047737313,0.0014923148568625508,0.0,0.0020898649194592365,0.0026877722616363746,False,False,False,False,True,True,False,True,True,False,False,False,False,True,True,False,True,True,False,False,False,True,False,0.0,0.0007359254594374421,-0.0004903162638068969,-0.00024518818315794223,0.000980392235389509,0.0012241401944872309,0.0009813543476493538,0.001959344246718876,0.003185886777526169,False,True,False,False,True,True,True,True,True,False,True,False,False,True,True,True,True,True,True,False,False,True,False
2022-04-29,2022-04-29 00:00:00+09:00,35010,35540,34895,35510,6267371,69500,35217.5,34985.0,34785.0,35247.5,35211.666666666664,4,True,35100.0,-0.011546043368065306,-0.011846043368065306,0.0005901446025509776,0.00029502876744464437,-0.0008853475567242145,0.003242449414105618,-0.0014725374476472226,0.0014725374476472505,-0.00029520295417332623,0.003242449414105618,0.002947246459932327,False,True,False,True,False,True,False,True,True,False,True,False,True,False,True,False,True,True,False,True,False,True,True,0.0009678200610272388,-0.00024186721607808565,-0.00048391000218443107,0.0007257772182626319,-0.00048379294605937595,0.0007256016765326541,0.00024204284276459448,0.0009675859487358161,0.001209628791500575,True,False,False,True,False,True,False,True,True,True,False,False,True,False,True,False,True,False,True,False,False,True,False
2022-05-02,2022-05-02 00:00:00+09:00,35100,35435,35100,35375,5834579,69500,35267.5,35510.0,35217.5,35442.5,35290.0,3,True,35380.0,0.00014134275618382652,-0.00015865724381617345,0.0,-0.0018287112685438916,-0.0012210013726947598,0.002441258459921032,0.0006093845404909747,0.0009136592686747673,-0.003049712641238592,0.0036596564175303517,0.0003044603463920536,False,False,False,True,False,True,False,True,False,False,False,False,True,False,True,False,True,False,False,True,False,True,True,0.0002489729877170186,-0.0017441140586673676,-0.0014970062675932275,0.00199551076445709,0.00024909702457860997,0.0009957680683389768,-0.0027428018691055813,0.0034895349467416103,0.0007467330776360401,False,False,False,True,False,True,False,True,False,False,False,False,True,False,True,False,True,False,False,True,False,True,True
2022-05-03,2022-05-03 00:00:00+09:00,35380,35645,35290,35290,5987778,69500,35467.5,35375.0,35267.5,35332.5,35391.666666666664,1,False,35450.0,0.004533862283933043,0.0042338622839330434,-0.0006006006186546934,-0.0006009615565482075,0.00030052592262251967,-0.002408914142902077,0.0003012501905596586,0.000903206444060109,-0.0009010362525804723,-0.0006016847353602301,-0.002404569839085419,False,False,True,False,False,False,False,False,False,False,False,True,False,False,True,False,False,False,False,False,False,False,False,-0.0004962779258185691,-0.0014903132415590849,0.0012420818886647658,-0.0022368593892518294,0.0,0.0009947775005871825,-0.0007445092787128361,-0.0012420818886647123,-0.001986591167377549,False,False,True,False,False,True,False,False,False,False,False,True,False,False,True,False,False,False,False,False,False,False,False
2022-05-04,2022-05-04 00:00:00+09:00,35450,35570,35245,35375,5560940,69500,35407.5,35290.0,35467.5,35332.5,35346.666666666664,2,True,35010.0,-0.010318021201413452,-0.010618021201413452,0.00030079711461578247,-0.0006016847353602301,0.0003008876207446385,0.0015030815996860804,-0.0009015778221519439,0.0009015778221520307,0.0,0.0015030815996860804,0.0015030815996860804,False,False,True,True,False,False,False,False,False,False,False,True,True,False,True,False,True,False,False,False,False,True,False,0.0002476780198419429,0.0,0.000742666205690868,-0.0002474941232778932,0.0004949270083705664,0.0002473716772045935,0.000990344225532895,0.0004948045622971361,0.0014851487878299958,False,False,True,False,True,False,True,False,True,True,False,True,False,True,False,True,False,True,True,False,False,False,False
2022-05-06,2022-05-06 00:00:00+09:00,35010,35010,34785,34885,6080928,69500,34897.5,35375.0,35407.5,35130.0,35183.333333333336,0,False,34745.0,-0.004013186183173256,-0.004313186183173256,0.0,-0.0009209517151305841,0.0,0.002453988961566787,-0.0003065134123613909,-0.0018410560585283163,-0.0006140620395595208,0.0,-0.0006140620395595208,False,False,False,True,False,False,False,False,False,False,False,False,True,False,False,False,False,False,False,False,False,False,False,0.0004993757906523972,-0.0007491572331899929,0.0004995005098859538,0.0014970062675931887,-0.00024940765810788746,-0.000998253140047388,0.00024971906734841095,0.0,0.00024971906734841095,True,False,True,True,False,False,False,False,False,True,False,True,True,False,False,False,False,False,False,False,False,False,False
2022-05-09,2022-05-09 00:00:00+09:00,34745,34910,34505,34555,7164200,69500,34707.5,34885.0,34897.5,34720.0,34938.333333333336,0,False,34295.0,-0.007524236724063105,-0.007824236724063105,0.0,-0.00031392246373011665,0.0,0.0009414719038419656,0.001880288864852128,-0.0006273525927211794,-0.00031392246373011665,0.0006277464110727835,0.0003138239473424696,False,False,False,True,True,False,False,False,False,False,False,False,True,True,False,False,False,False,False,True,False,True,True,0.0005072280098604675,-0.0007609385275223191,-0.0007613247417596621,0.002028398261392619,0.0005064573417954385,0.0002531325162232701,-0.0007613247417596621,0.0027879881194112577,0.002280502698725303,True,False,False,True,True,False,False,True,True,True,False,False,True,True,False,False,True,True,False,True,False,True,True
2022-05-10,2022-05-10 00:00:00+09:00,34295,34445,33855,34375,7914490,69500,34150.0,34555.0,34707.5,34465.0,34605.0,1,False,34195.0,-0.005236363636363595,-0.0055363636363635945,0.0003197442073603844,0.0012779554454919874,-0.0015971892869900265,0.0012779554454919874,0.0006383658052724966,0.0006377551236571413,0.0003197442073603844,0.0028731065254764296,0.0031928507328367844,False,True,False,True,False,False,False,True,True,False,True,False,True,False,False,False,True,True,True,False,True,True,False,0.0005145356429443458,0.0002571685754175006,-0.0015440044240799848,0.0015440044240798815,0.0005141388288062161,0.00025690430455995085,-0.0007723002057180449,0.0025720178787884827,0.0017997176730703873,True,True,False,True,True,False,False,True,True,True,True,False,True,True,False,False,True,True,False,True,True,True,True
2022-05-11,2022-05-11 00:00:00+09:00,34195,34420,34105,34370,6549110,69500,34262.5,34375.0,34150.0,34372.5,34433.333333333336,2,True,34020.0,-0.010183299389002087,-0.010483299389002087,-0.0009504198402738877,0.0003169069904514092,-0.000633713582678116,0.0,0.0006337135826780587,0.0009498180229661362,-0.0009504198402738877,0.00158353160564422,0.000633111765370336,False,True,False,False,False,True,False,True,False,False,True,False,False,False,True,False,True,False,False,True,False,True,True,0.0,0.0,-0.0005155968147220087,0.0,0.0018034269991507267,0.0007719027785819664,-0.0007732955663091439,0.0025753297777325536,0.0018020342114234273,False,False,False,True,True,True,False,True,True,False,False,False,False,True,True,False,True,True,False,True,False,True,True
2022-05-12,2022-05-12 00:00:00+09:00,34020,34295,33785,33805,7111368,69500,34040.0,34370.0,34262.5,34087.5,34183.333333333336,0,False,34010.0,0.0060641916876200685,0.005764191687620069,0.0009909166789360824,-0.003638171699443065,0.0,0.0036333648558962307,-0.0009892828506744607,-0.0006600660305658253,-0.0013227515156163984,0.002313668194552464,0.0009909166789360824,True,False,False,True,False,False,False,True,False,True,False,False,True,False,False,False,True,False,False,True,False,True,True,0.0005272871200471682,-0.0007910349786246491,-0.0010559663072038442,0.0018467225931647112,0.00026353933477070337,0.0005267316424128085,-0.0015835316056442737,0.0029004634704364297,0.0015810279973187732,True,False,False,True,False,False,False,True,True,True,False,False,True,False,True,False,True,True,False,True,False,True,True
2022-05-13,2022-05-13 00:00:00+09:00,34010,34645,33990,34605,5262557,69500,34317.5,33805.0,34040.0,34205.0,34260.0,4,True,34850.0,0.0070799017483023086,0.006779901748302309,0.0006501950814236572,-0.0013012363579717858,0.001301236357971734,-0.00032589213258932997,-0.000977995187976737,0.001305483214130296,0.0003251503849162752,-0.000977995187976737,-0.002931120808858812,True,False,True,False,False,True,True,False,False,True,False,True,False,False,True,False,False,False,False,False,False,False,False,0.0007807417442784104,-0.0005204267616811197,-0.0005206977467294308,0.0,-0.0026075634070808302,0.0,-0.0002603827641322153,-0.0026075634070808302,-0.002867946171213113,True,False,False,False,False,False,False,False,False,True,False,False,False,False,False,False,False,False,False,False,False,False,False
2022-05-16,2022-05-16 00:00:00+09:00,34850,34925,34395,34470,7376786,69500,34660.0,34605.0,34317.5,34537.5,34293.333333333336,2,True,34525.0,0.0015955903684363726,0.0012955903684363727,0.0,0.0009604610951245502,-0.0009604610951244607,-0.002566571829171289,0.0009632365490307814,0.0012853472206637193,0.0,-0.0022453898768357876,-0.002565748681433757,False,True,False,False,True,True,False,False,False,False,True,False,False,True,True,False,False,False,False,False,False,False,False,0.000258498127327908,0.0005167958771352018,-0.0007752940044631775,-0.0015523935847251956,-0.0005180005295831919,0.0002590338053597655,0.0,-0.0018113603089485928,-0.0018113603089485928,False,True,False,False,False,False,False,False,False,False,True,False,False,False,False,False,False,False,False,False,False,False,False
2022-05-17,2022-05-17 00:00:00+09:00,34525,34850,34520,34805,3999458,69500,34685.0,34470.0,34660.0,34637.5,34626.666666666664,4,True,34990.0,0.005315328257434304,0.005015328257434304,0.0006402048874232598,0.0019206151870618205,0.0,0.0009589260763575255,0.0,0.0009595394946998982,0.0012800001747626335,0.0003197442073603844,0.0015997443821230291,True,True,False,True,False,True,True,False,True,True,True,False,True,False,True,True,False,False,True,False,False,False,False,-0.00025716857541755654,0.0015416241491013616,0.0,-0.0005136106943929629,0.0002568383216891825,0.0,0.0015416241491013616,-0.000256772372703614,0.0012848517763977539,False,True,True,False,False,False,True,False,False,False,True,False,False,False,False,True,False,True,False,False,False,False,False
2022-05-18,2022-05-18 00:00:00+09:00,34990,35145,34770,34870,6376438,69500,34957.5,34805.0,34685.0,34837.5,34715.0,3,True,34125.0,-0.021365070260969343,-0.021665070260969345,0.0006313131522808744,0.001576541395433593,0.0,0.0009447331831616659,-0.0012598426863205557,0.0,0.0022078545477146557,0.0003150102404376798,0.002522864788152147,True,True,False,False,False,False,True,False,True,True,True,False,True,False,False,True,False,True,True,False,False,False,False,0.0007615179959328442,0.0002537105176617888,0.000760745567309132,0.0,-0.0005070994023474362,-0.0005073566826234511,0.0017759740809037833,-0.001014456084970924,0.0007615179959328442,True,False,True,False,False,False,True,False,False,True,True,True,False,False,False,True,False,False,False,False,False,False,False
2022-05-19,2022-05-19 00:00:00+09:00,34125,34450,34060,34370,6054919,69500,34255.0,34870.0,34957.5,34620.0,34681.666666666664,1,False,34515.0,0.004218795461157887,0.003918795461157887,-0.0029835924668878237,0.00033195021051703823,-0.00033195021051705357,0.0009955202415016197,0.0006633499414059723,-0.00033161996656083876,-0.0029835924668878237,0.0009955202415016197,-0.0019880722253861915,False,True,False,True,True,False,False,False,False,False,True,False,True,False,False,False,False,False,False,True,False,False,True,-0.002638523958181172,0.0005282620302456499,0.0,0.0,-0.00026409613252662435,0.0,-0.002110261927935425,0.0002640264041741029,-0.0018462355237614644,False,True,True,False,False,False,False,False,False,False,True,False,False,False,False,False,False,False,False,True,False,False,True
2022-05-20,2022-05-20 00:00:00+09:00,34515,35025,34485,34985,4661990,69500,34755.0,34370.0,34255.0,34677.5,34741.666666666664,4,True,35135.0,0.004287551807917733,0.003987551807917733,0.0003285690846054731,0.0,0.0009853835581361047,-0.0006568144735306159,0.0,-0.0013149245813090288,0.0009853835581361047,-0.0019717390548397024,-0.0009863554967036448,False,False,True,False,False,False,True,False,False,False,False,True,False,False,False,True,False,False,False,False,False,False,False,0.0002634005019837822,0.0,0.0005265929558232736,-0.001053463357895253,0.0002634699000881076,-0.0013180442134836845,0.0007899934578071331,-0.0021080376712906976,-0.0013180442134836845,False,False,True,False,False,False,True,False,False,False,False,True,False,False,False,True,False,False,False,False,False,False,False
2022-05-23,2022-05-23 00:00:00+09:00,35135,35225,34915,35100,5876025,69500,35070.0,34985.0,34755.0,35042.5,34818.333333333336,3,True,34950.0,-0.004273504273504258,-0.004573504273504258,0.00032954358512109737,0.0019749841837661086,0.0003287851418735406,0.0,0.001969150619880896,0.00032781511521237574,0.0026333129107605313,0.002296965735093276,0.005587524808192174,False,True,True,False,True,False,True,True,True,False,True,True,False,True,False,True,True,True,True,False,True,False,False,-0.0002631232747716528,0.001314924581309022,0.0023625158645782175,0.0007862665848653751,0.0010471205145255135,0.0002616773533185005,0.003414317171115576,0.0020953386398540096,0.0055096558109697,False,True,True,True,True,False,True,True,True,False,True,True,True,True,True,True,True,True,True,False,True,False,False
2022-05-24,2022-05-24 00:00:00+09:00,34950,35030,34450,34450,5416640,69500,34740.0,35100.0,35070.0,34775.0,34845.0,0,False,34660.0,0.006095791001451412,0.005795791001451412,-0.0020013348908174268,0.0013346681994594483,-0.0013346681994593722,0.0003338340875602837,0.0010008341118988922,0.0003333889012375737,-0.0020013348908174268,0.0016680571006970134,-0.0003332777901203771,False,True,False,False,True,False,False,False,False,False,True,False,False,True,False,False,True,False,False,True,False,False,True,-0.001053463357895253,-0.00026353933477082177,-0.0005272871200470366,0.0002636783139865524,-0.000527426172564117,-0.000527426172564117,-0.001844289812713201,-0.0002637478585776228,-0.0021080376712906976,False,False,False,False,False,False,False,False,False,False,False,False,False,False,False,False,False,False,False,False,False,False,False
2022-05-25,2022-05-25 00:00:00+09:00,34660,34825,34430,34595,6735545,69500,34627.5,34450.0,34740.0,34522.5,34715.0,1,False,34595.0,0.0,-0.0003,-0.0009968434120033694,-0.00033261267560928887,0.00033261267560916636,-0.0006653360192211548,-0.0016658341350162791,0.000999833444398153,-0.0013293454932048132,-0.001664170795121795,-0.0029935162883265145,False,False,True,False,False,True,False,False,False,False,False,True,False,False,True,False,False,False,False,False,False,False,False,-0.000783392127804156,-0.0005226025726466809,0.0007838014770962391,-0.0015682177808816933,-0.0007850320957919764,0.000785032095791819,-0.0005221932233545084,-0.0015682177808816933,-0.0020904110042362254,False,False,True,False,False,True,False,False,False,False,False,True,False,False,True,False,False,False,False,False,False,False,False
2022-05-26,2022-05-26 00:00:00+09:00,34595,34945,34355,34480,6777076,69500,34650.0,34595.0,34627.5,34537.5,34508.333333333336,0,False,34835.0,0.010295823665893211,0.009995823665893211,-0.0006640106485674348,0.0,-0.0009968434120033694,-0.0006651147568106344,0.0016619581688139637,0.0,-0.0016608540605707557,0.0009968434120033727,-0.0006640106485674348,False,False,False,False,True,False,False,False,False,False,False,False,False,True,False,False,False,False,False,True,False,False,True,0.0002605863206927411,0.0,-0.0015645374768940056,0.0,0.0013039511562013186,0.0,-0.0013039511562011731,0.0013039511562013186,0.0,False,False,False,False,True,False,False,False,False,False,False,False,False,True,False,False,True,False,False,True,False,False,True
2022-05-27,2022-05-27 00:00:00+09:00,34835,34985,34790,34845,5885635,69500,34887.5,34480.0,34650.0,34662.5,34640.0,4,True,35225.0,0.010905438369923859,0.010605438369923859,-0.00032169857121575496,-0.0009657171199589738,0.0,0.0,0.0006443299191990233,-0.0006443299191989641,-0.0012874156911746848,0.0,-0.0019317456103736304,False,False,False,False,False,False,False,False,False,False,False,False,False,False,False,False,False,False,False,False,False,False,False,-0.0005112474548983485,-0.0005113781752964586,0.00025572177610270206,0.00025578718645665453,0.0007669692310009007,0.0,-0.0005112474548983485,0.00102275641745769,0.0,False,False,False,False,True,False,False,False,False,False,False,True,False,True,False,False,True,False,False,True,False,False,True
2022-05-30,2022-05-30 00:00:00+09:00,35225,35340,35070,35300,5384386,69500,35205.0,34845.0,34887.5,35072.5,34875.0,4,True,35240.0,-0.0016997167138810276,-0.0019997167138810275,-0.00030717247976128135,0.0015349197180837407,0.0,-0.0012277472383224036,0.0006134969517575648,0.0003066073916400007,0.0012277472383223377,0.0006133088202058488,0.0018410560585281537,False,True,False,False,False,False,True,False,True,False,True,False,False,False,False,True,False,True,True,False,False,False,False,0.0004950495150609004,0.0007421150618882715,0.0012356358917990284,0.0,0.000987898326825069,0.0017277555822117856,0.0024728004687482666,0.00197482167364767,0.0039535509861004904,False,True,True,False,True,True,True,True,True,True,True,True,False,True,True,True,True,True,True,False,True,False,False
2022-05-31,2022-05-31 00:00:00+09:00,35240,35505,35075,35440,5485464,69500,35290.0,35300.0,35205.0,35370.0,35195.0,4,True,35240.0,-0.0056433408577878375,-0.005943340857787837,0.0,0.0,-0.0003098373378775477,-0.0021708800586406067,-0.0015535190323418561,0.0027954669547991828,-0.0003098373378775477,-0.0012399257633205472,-0.0012399257633205472,False,False,False,False,False,True,False,False,False,False,False,False,False,False,True,False,False,False,False,False,False,False,False,-0.00024860161719085044,-0.00024860161719085044,-0.0002486634353232889,-0.0012442455257088783,-0.001245795601512309,0.001494768589229283,-0.0004972650525141769,-0.0009952725379918077,-0.0014925375905059655,False,False,False,False,False,True,False,False,False,False,False,False,False,False,True,False,False,False,False,False,False,False,False
2022-06-02,2022-06-02 00:00:00+09:00,35240,35275,34980,35055,5957733,69500,35127.5,35440.0,35290.0,35247.5,35265.0,0,False,35355.0,0.008557980316645342,0.008257980316645342,-0.000629524729634969,0.0009441385437763095,0.00031451486341992015,0.0006287331235097691,-0.0006287331235096053,0.0,0.0006291286775611392,0.0,0.0006291286775611392,False,False,True,False,False,False,True,False,False,False,True,True,True,False,False,False,False,False,False,False,False,False,False,0.0,0.001010866904376409,0.00025255714239554304,0.00025249337339033423,-0.00025249337339043403,0.0,0.00126342404677192,0.0,0.00126342404677192,False,True,False,False,False,False,True,False,False,False,True,True,False,False,False,True,False,False,False,False,False,False,False
2022-06-03,2022-06-03 00:00:00+09:00,35355,35430,35165,35250,6270309,69500,35297.5,35055.0,35127.5,35152.5,35248.333333333336,3,True,35080.0,-0.0048226950354609555,-0.005122695035460955,-0.0009181331938002496,0.0003061380706596921,0.0,0.0,-0.0003061380706597192,0.0006123698905387738,-0.0003059507443171325,0.0,-0.0006119951231404907,False,False,False,False,False,False,False,False,False,False,True,False,False,False,False,False,False,False,False,False,False,False,False,0.0002479236407888816,0.0002478621898920498,-0.00024786218989209863,0.0002478621898920498,0.0,0.0004957858306809165,0.0002479236407888816,0.0002478621898920498,0.0004957858306809165,False,False,False,False,False,True,False,False,False,False,True,False,False,False,True,False,False,False,True,False,False,False,False
2022-06-07,2022-06-07 00:00:00+09:00,35080,35100,34525,34595,3766658,69500,34812.5,35250.0,35297.5,34922.5,34966.666666666664,0,False,34620.0,0.0007226477814712418,0.0004226477814712418,-0.0003163055537996449,0.0006325110900310939,0.0,0.0015800287692223634,0.0006313131522808744,0.0009462230638179205,0.00031620553623144804,0.0031575649853212867,0.0031575649853212867,False,False,False,True,False,True,False,True,True,False,True,False,True,False,True,False,True,True,True,False,False,True,False,0.00025319660851803096,0.0007593975811089245,-0.0005062009725908441,0.0005060728852947277,0.0015166838094450967,0.0005050505157861119,0.00025319660851803096,0.0025278072105258858,0.0030341363352673033,False,True,False,True,True,True,True,True,True,False,True,False,True,True,True,False,True,True,True,False,True,True,False
2022-06-08,2022-06-08 00:00:00+09:00,34620,34845,34590,34670,3703196,69500,34717.5,34595.0,34812.5,34632.5,34838.333333333336,2,True,34550.0,-0.003461205653302546,-0.003761205653302546,-0.00031225605249815395,0.00031225605249803957,-0.0009361835603401133,0.0,0.0009361835603401357,0.0,0.0,0.0009361835603401357,0.0009361835603401357,False,False,False,False,True,False,False,False,False,False,False,False,False,True,False,False,False,False,False,False,False,True,False,0.0007495315778761298,0.00024971906734841095,0.0,-0.0007497188905459082,-0.00025003125520928253,0.0022480339178823487,0.000999250645224506,0.0012482837721271582,0.001748033907465591,True,False,False,False,False,True,True,False,True,True,True,False,False,False,True,True,True,True,True,False,False,True,False
2022-06-09,2022-06-09 00:00:00+09:00,34550,34695,34410,34565,4675166,69500,34552.5,34670.0,34717.5,34617.5,34610.0,1,False,34295.0,-0.007811369882829489,-0.008111369882829489,-0.0006269592681859449,0.0,-0.00031382394734253587,-0.00031392246373011665,-0.000942359108531572,0.001570105519604213,-0.0015681358082496471,0.0003138239473424696,-0.0012543118609070977,False,False,False,False,False,True,False,False,False,False,False,False,False,False,True,False,False,False,False,True,False,False,True,-0.0005040322687352213,-0.0007565250644515309,-0.0007570978279619785,0.000504795568518401,0.0005045408785134376,0.0,-0.0020176551611487776,0.0010093364470317864,-0.0010083187141169845,False,False,False,True,False,False,False,False,False,False,False,False,True,True,False,False,False,False,False,True,False,False,True
2022-06-10,2022-06-10 00:00:00+09:00,34295,34340,34070,34210,4388043,69500,34205.0,34565.0,34552.5,34387.5,34481.666666666664,0,False,33510.0,-0.02046185325928096,-0.02076185325928096,0.0016012813669738276,-0.0009604610951244607,0.0,0.0006404098841992446,0.0003200512109253792,-0.00031994881092005476,0.0003204614672513889,0.0009604610951245502,0.0016012813669738276,True,False,False,True,False,False,False,False,True,True,False,False,True,False,False,False,False,False,True,False,False,True,False,0.0005145356429443458,-0.0005145356429443377,-0.00025736713563760455,0.0007719027785819664,0.0005142710321623215,-0.0002571024567447039,-0.00025736713563760455,0.0010290713539993655,0.0007717042183618505,True,False,False,True,True,False,False,False,False,True,False,False,True,True,False,False,False,False,False,True,False,True,True
2022-06-13,2022-06-13 00:00:00+09:00,33510,33610,33000,33000,9434444,69500,33305.0,34210.0,34205.0,33605.0,33925.0,0,False,32410.0,-0.017878787878787827,-0.01817878787878783,-0.0016986584685805609,-0.002042206291798177,0.0,-0.0027275843708865722,0.0006830601358476304,0.0006825938831590231,-0.003059665823955499,-0.0020449904877275966,-0.005104656311683173,False,False,False,False,True,False,False,False,False,False,False,False,False,False,False,False,False,False,False,False,False,False,False,-0.000808734374851841,-0.0029701655425206828,0.0008100445967443455,-0.002973376971001975,-0.0013540963477292579,0.00189522190205902,-0.0016181233304103741,-0.002161578793555347,-0.0037797021239656344,False,False,True,False,False,True,False,False,False,False,False,True,False,False,True,False,False,False,False,False,False,False,False
2022-06-14,2022-06-14 00:00:00+09:00,32410,32955,32410,32870,12194953,69500,32682.5,33000.0,33305.0,32935.0,33360.0,1,False,32805.0,-0.0019774870702768954,-0.0022774870702768953,-0.00034536349851133107,0.0006906077622548132,0.0017244356747826875,0.0013774106860950765,0.0013755160353098766,-0.0017196908795265881,0.00206967993852618,0.0010332358418783509,0.003102915780404521,False,False,True,True,True,False,True,True,True,False,True,True,True,True,False,True,False,True,True,False,False,False,False,0.0005474952230928441,0.00027356039016184625,0.0010934938213712896,0.0008188890862957927,0.0005455537505742484,-0.0010914052925116505,0.0021881846805529145,0.0002730375443582586,0.0030075210639553224,True,False,True,True,True,False,True,False,True,True,True,True,True,True,False,True,False,True,True,False,True,False,False
2022-06-15,2022-06-15 00:00:00+09:00,32805,32865,32080,32285,10540450,69500,32472.5,32870.0,32682.5,32577.5,32718.333333333332,0,False,32695.0,0.01269939600433645,0.01239939600433645,0.0003495892362119243,0.00243945059117248,0.0010440230633361085,-0.001391788672822497,0.0006958942521611744,0.0017364130079195945,0.005231049417552503,0.0020840577185301874,0.007662872745569097,True,True,True,False,True,True,True,True,True,True,True,True,False,False,True,True,True,True,True,False,True,False,False,0.0005560189189674898,0.0022209892527841595,0.0005544774192516956,0.0,-0.0005543237392495531,0.0022154536893259583,0.0033314855910034193,0.0016611299500765373,0.005269739001354096,True,True,True,False,False,True,True,True,True,True,True,True,False,False,True,True,True,True,True,False,False,False,False
2022-06-16,2022-06-16 00:00:00+09:00,32695,32930,32220,32265,9186440,69500,32575.0,32285.0,32472.5,32275.0,32473.333333333332,0,False,31680.0,-0.018131101813110173,-0.018431101813110175,-0.0013689256073417322,-0.0006851661795965015,-0.0010286302981382539,0.0006858710831287667,-0.002402609702183228,-0.000343701670336564,-0.003082722085076408,-0.00206044028939109,-0.005143162374467479,False,False,False,True,False,False,False,False,False,False,False,False,True,False,False,False,False,False,False,False,False,False,False,-0.001097393800116378,-0.0008236102044154445,-0.0005497526251707597,-0.001375705265805082,0.001100715576185493,-0.003029888008594292,-0.002745745821691233,-0.003304877698213832,-0.006050623519905081,False,False,False,False,True,False,False,False,False,False,False,False,False,True,False,False,False,False,False,False,False,False,False
2022-06-17,2022-06-17 00:00:00+09:00,31680,32105,31570,32025,7291657,69500,31837.5,32265.0,32575.0,32145.0,32191.666666666668,1,False,32240.0,0.006713505074160908,0.006413505074160908,0.001055037903385308,-0.0021119332031435015,0.0,-0.003532324407545363,-0.00035417035964338956,0.0035360715770271925,-0.002113421005027858,-0.0010583878215016202,-0.0031718088265293835,True,False,False,False,False,True,False,False,False,True,False,False,False,False,True,False,False,False,False,False,False,False,False,0.000280701756229185,-0.001123280095643327,-0.0005622715919852466,-0.003099030512369677,0.001128031704498637,0.0016896652851264519,-0.001685867215811796,-0.00028133352274459814,-0.002248455135010324,True,False,False,False,True,True,False,False,False,False,False,False,False,True,True,False,False,False,False,False,False,False,False
2022-06-20,2022-06-20 00:00:00+09:00,32240,32430,31265,31510,9595269,69500,31847.5,32025.0,31837.5,31767.5,31933.333333333332,0,False,31680.0,0.005395112662646806,0.005095112662646806,0.0007005254226932939,0.0003502013693645205,0.0017485578856231464,0.0003493449817187467,-0.0013981127758032536,0.0020964368265281672,0.0027991620796145524,0.0010476690324436838,0.003846831112058296,True,False,True,True,False,True,True,True,True,True,True,True,False,False,True,True,False,True,True,False,True,False,False,0.0,0.00028268551424991405,0.0011299436230482118,0.0005644933821928088,0.0005640158073938673,0.0011270781694659674,0.0011299436230482118,0.002537714600309125,0.0036676582233574153,False,True,True,True,False,True,True,True,True,False,True,True,True,True,True,True,True,True,True,False,True,True,False
2022-06-21,2022-06-21 00:00:00+09:00,31680,31935,30725,31690,7526326,69500,31330.0,31510.0,31847.5,31600.0,31741.666666666668,2,True,31805.0,0.003628905017355688,0.003328905017355688,-0.0017310026825299136,0.0,-0.0003465603916161989,0.0010393210705168148,0.0,-0.00034644032911893517,-0.0020775630741460987,0.00034656039161628664,-0.0017310026825299136,False,False,False,True,False,False,False,False,False,False,False,False,True,False,False,False,False,False,False,True,False,False,True,-0.0011148273172463972,-0.000836936860124371,0.0005580357287668748,0.00027890113135742203,-0.0005578800702570945,0.0,-0.001393728448603803,-0.0002789789388996105,-0.0016727073875035087,False,False,True,True,False,False,False,False,False,False,False,True,True,False,False,False,False,False,False,False,False,False,False
2022-06-22,2022-06-22 00:00:00+09:00,31805,31805,30890,30890,10200813,69500,31347.5,31690.0,31330.0,31290.0,31363.333333333332,0,False,30870.0,-0.0006474587245063335,-0.0009474587245063334,-0.0010396812580953552,-0.0006934813037977247,-0.0020833340868542517,0.0013893715329805695,-0.002084781853077724,0.00069541032009704,-0.0034698161113871835,0.0,-0.0034698161113871835,False,False,False,True,False,False,False,False,False,False,False,False,True,False,False,False,False,False,False,False,False,False,False,-0.0005574136153246825,-0.0008367034374614621,-0.0016755100261565728,0.0,-0.001398406045254648,0.0,-0.003069627078942753,-0.001398406045254648,-0.004468033124197518,False,False,False,False,False,False,False,False,False,False,False,False,False,False,False,False,False,False,False,False,False,False,False
2022-06-23,2022-06-23 00:00:00+09:00,30870,31160,30510,30640,13143298,69500,30835.0,30890.0,31347.5,30765.0,31073.333333333332,0,False,30800.0,0.005221932114882533,0.004921932114882533,0.0,0.00034311202944259145,-0.0010296894680162046,-0.0010307508213749522,-0.0003439380945340516,-0.0010325246141892643,-0.0006865774385735155,-0.002751033371889871,-0.0034376108104634644,True,False,False,False,False,False,False,False,False,False,True,False,False,False,False,False,False,False,False,False,False,False,False,0.0005529444431732314,-0.0008295313623754336,-0.0008302200559890197,-0.0008309098940875034,0.0011077265048516113,-0.0005537098701825264,-0.0011068069751911064,-0.00027689325941833865,-0.0013837002346093487,True,False,False,False,True,False,False,False,False,True,False,False,False,True,False,False,False,False,False,False,False,False,False
2022-06-24,2022-06-24 00:00:00+09:00,30800,31410,30700,31285,10451953,69500,31055.0,30640.0,30835.0,30962.5,30938.333333333332,4,True,31520.0,0.007511587022534849,0.007211587022534849,0.0013404827744520503,0.0006700167754842812,-0.0013404827744519531,-0.0003355141786212951,0.00033540164661237945,0.0,0.0,0.00033540164661237945,0.0,True,True,False,False,False,False,False,False,False,True,True,False,False,False,False,False,False,False,False,False,False,False,False,0.00027155465204224,0.0008146639961762836,-0.0013577734604603596,-0.0002717760582022363,0.00027177605820230495,-0.0005436259987101813,-0.0005433306300465419,-0.0005436259987101813,-0.0010869566287567429,False,True,False,False,False,False,False,False,False,False,True,False,False,False,False,False,False,False,False,False,False,False,False
2022-06-27,2022-06-27 00:00:00+09:00,31520,31930,31235,31685,8572714,69500,31582.5,31285.0,31055.0,31485.0,31203.333333333332,4,True,31725.0,0.001262427015938039,0.0009624270159380392,0.0013080446600153889,-0.000980873055591948,-0.0006544502851388419,0.00032727868071547327,0.0003271716044234606,-0.0019646371741648544,-0.00032727868071536826,-0.0013101868890260738,-0.001637465569741466,True,False,False,False,False,False,False,False,False,True,False,False,False,False,False,False,False,False,False,False,False,False,False,0.0,0.001061571224958825,0.00026521681630072686,-0.0015923570243631946,0.0015923570243632046,-0.001061289566315993,0.0013267880412592943,-0.001061289566315993,0.0002654984749433726,False,True,True,False,True,False,True,False,False,False,True,True,False,True,False,True,False,False,False,False,False,False,False
2022-06-28,2022-06-28 00:00:00+09:00,31725,31930,31560,31930,6746503,69500,31745.0,31685.0,31582.5,31807.5,31633.333333333332,4,True,31555.0,-0.011744440964610137,-0.012044440964610137,0.0016520737278136047,0.0003301964698979455,0.00033008747617758284,0.0032948958968524846,0.0019717390548396616,0.0003282455306018437,0.0019821612039912025,0.0055948804822942965,0.007577041686285327,True,False,True,True,True,False,True,True,True,True,False,True,True,True,False,True,True,True,True,False,True,True,False,0.0023977632374985857,-0.0007986157751754684,0.0,0.0037234085570202633,0.00026542800421251554,0.00026535757088172533,0.0010663823991088003,0.004254194132114597,0.005320576531223375,True,False,False,True,False,False,True,True,True,True,False,False,True,False,True,True,True,True,True,False,False,True,False
2022-06-29,2022-06-29 00:00:00+09:00,31555,31655,31365,31395,6177527,69500,31510.0,31930.0,31745.0,31662.5,31670.0,0,False,31280.0,-0.00366300366300365,-0.00396300366300365,-0.00033961623692027143,0.00033961623692020453,0.0006788866520077374,-0.0023781224049674358,-0.00034007822126770913,0.0010198879007453808,0.0006788866520077374,-0.001358234504221905,-0.0006793478522142902,False,False,True,False,False,True,True,False,False,False,False,True,False,False,True,True,False,False,False,False,False,False,False,0.0,-0.0002714809301321637,-0.0010863662122208519,-0.0016313217320840852,0.0002718499405080558,0.0016295495186627144,-0.0010863662122208519,0.0010860712444157809,0.00027140724823940363,False,False,False,False,False,True,False,True,False,False,False,False,False,False,True,False,True,False,False,True,False,True,True
2022-06-30,2022-06-30 00:00:00+09:00,31280,31280,30870,30875,7940411,69500,31075.0,31395.0,31510.0,31135.0,31400.0,0,False,31050.0,0.005668016194331882,0.005368016194331882,-0.0006856359541822224,0.0,0.0013717423275807366,-0.0020583197661543586,-0.0006870491510383883,-0.0037872312438826895,0.0,-0.006532600161075451,-0.006532600161075451,False,False,True,False,False,False,False,False,False,False,False,True,False,False,False,False,False,False,False,False,False,False,False,0.00027401014008954076,-0.0002743107958498624,0.0,-0.0021965961605407563,0.001922285364691009,-0.0019222853646909215,-0.0010967919936891001,-0.0021965961605407563,-0.003019077358380027,False,False,False,False,True,False,False,False,False,False,False,False,False,True,False,False,False,False,False,False,False,False,False
2022-07-01,2022-07-01 00:00:00+09:00,31050,31175,30335,30560,6240988,69500,30755.0,30875.0,31075.0,30717.5,30943.333333333332,0,False,30570.0,0.0003272251308901186,2.7225130890118647e-05,-0.0006971070341558323,0.0010454784015529657,-0.0006966214144479978,-0.001743071732946779,0.0010462075932475717,0.0034794746308110425,0.0,0.002782610491111982,0.0031309818585089867,False,True,False,False,True,True,False,True,True,False,True,False,False,True,True,False,True,True,False,False,False,True,False,-0.0008325239831480845,0.0008322930151693695,-0.0002772002789752528,-0.0019425564593376662,0.00027773920467390965,0.002219140993913296,0.0005546311844896313,0.0005543237392494924,0.0011089549237390734,False,True,False,False,False,True,False,False,False,False,True,False,False,False,True,True,False,False,True,False,False,False,False
2022-07-04,2022-07-04 00:00:00+09:00,30570,30750,30265,30570,8932236,69500,30507.5,30560.0,30755.0,30565.0,30668.333333333332,1,False,30855.0,0.009322865554465265,0.009022865554465265,0.0024133781753363005,-0.0013783599701212709,0.00034476814683852275,0.00034429334132488504,0.001719690879526679,0.0006872852504215458,0.0013797863520535183,0.002407567800936445,0.004820945976272809,True,False,True,False,True,False,True,True,True,True,False,True,False,True,False,True,True,True,True,False,True,True,False,0.0002737101426696164,0.0005470459655023103,0.00027341080142979923,0.0002733360683958681,0.0016384493015451165,0.00027288852673108545,0.001367802155528526,0.001911785369940863,0.003279587525469372,False,True,True,False,True,False,True,True,True,False,True,True,True,True,False,True,True,True,True,False,True,True,False
2022-07-05,2022-07-05 00:00:00+09:00,30855,31165,30715,31055,7245145,69500,30940.0,30570.0,30507.5,30812.5,30728.333333333332,4,True,30810.0,-0.007889228787634872,-0.008189228787634872,-0.00034065747220934033,0.0003406574722094438,0.0,0.0003405414642139483,0.0003404255352024402,0.00034030968509481623,0.0,0.0010212766845111544,0.0010212766845111544,False,False,False,False,False,False,False,False,False,False,True,False,False,False,False,False,False,False,False,False,False,True,False,-0.00027074590662211063,0.0005414185297390151,-0.0002706726231169184,0.0005412720023895905,-0.00027059937927266883,0.0005411255543298454,0.0,0.0008117981774466564,0.0008117981774466564,False,True,False,True,False,False,False,False,False,False,True,False,True,False,True,False,False,False,False,False,False,True,False
2022-07-06,2022-07-06 00:00:00+09:00,30810,30925,30325,30350,9116536,69500,30625.0,31055.0,30940.0,30702.5,30658.333333333332,0,False,30590.0,0.007907742998352507,0.007607742998352507,0.0006745362818998493,0.0006740815893937138,-0.003374961016525935,-0.003385243584933448,0.002370873252816083,0.0006763612026527606,-0.0020263431452323616,-0.00033800912946451285,-0.0020263431452323616,False,True,False,False,True,False,False,False,False,True,True,False,False,True,False,False,False,False,False,False,False,False,False,0.0,0.0002720718286405469,-0.001633542426961675,-0.001908137419629172,0.0008182190556035345,0.0005451076722604805,-0.0013614705983210744,-0.0005448106917651621,-0.0013614705983210744,False,False,False,False,True,False,False,False,False,False,True,False,False,True,True,False,False,False,False,False,False,False,False
2022-07-07,2022-07-07 00:00:00+09:00,30590,31145,30525,30960,6746537,69500,30835.0,30350.0,30625.0,30655.0,30788.333333333332,4,True,31185.0,0.007267441860465018,0.006967441860465018,-0.001332889234321143,0.0003333889012375737,-0.0006668889877037677,0.001666389320787263,-0.00033305578992300175,-0.0003331667530401683,-0.001666389320787318,0.0010001667778240567,-0.0006662225429631394,False,False,False,True,False,False,False,False,False,False,False,False,True,False,False,False,False,False,False,True,False,False,True,-0.0010775863111702484,0.00026950545911678334,0.0,0.0008080808520535348,-0.0005386480065598942,0.0002693602709889491,-0.0008080808520535441,0.0005387931164825792,-0.0002692877355710697,False,False,False,True,False,False,False,False,False,False,True,False,True,False,False,False,False,False,False,True,False,False,True
2022-07-08,2022-07-08 00:00:00+09:00,31185,31435,31130,31130,8836853,69500,31282.5,30960.0,30835.0,31045.0,30813.333333333332,3,True,31200.0,0.002248634757468615,0.001948634757468615,0.0003290014834742405,-0.001316655884746785,-0.0003294350219218694,-0.0006585446401976176,0.0,0.0006585446401975427,-0.0013170894231943797,0.0,-0.00032910976107494803,False,False,False,False,False,False,False,False,False,False,False,False,False,False,False,False,False,False,False,False,False,False,False,-0.000802246332637984,-0.00026748696160558617,-0.0008028904485905129,0.0005349023930695065,-0.0008024609230937701,-0.0008031053838159515,-0.0016051367812284334,-0.0010706639138401758,-0.0018729102464782603,False,False,False,True,False,False,False,False,False,False,False,False,True,False,False,False,False,False,False,False,False,False,False
2022-07-11,2022-07-11 00:00:00+09:00,31200,31325,30925,30955,6570561,69500,31125.0,31130.0,31282.5,31042.5,31015.0,0,False,30830.0,-0.004038119851397237,-0.004338119851397237,0.0,-0.0003305238833594307,0.0006609385567768349,-0.0026463793148798643,0.0,0.00099222763225704,0.0003304146734173489,-0.0006609385567767875,-0.0003305238833594307,False,False,True,False,False,True,True,False,False,False,False,True,False,False,True,True,False,False,False,False,False,False,False,-0.0002684203478738768,0.0,-0.0002684924167022185,-0.002688896484306542,-0.001344628412893332,0.0013446284128933133,-0.0005369127645760792,-0.0008059100503351895,-0.0013428228149112743,False,False,False,False,False,True,False,False,False,False,False,False,False,False,True,False,False,False,False,False,False,False,False
2022-07-12,2022-07-12 00:00:00+09:00,30830,30900,30495,30660,5551637,69500,30697.5,30955.0,31125.0,30807.5,30915.0,0,False,30735.0,0.0024461839530331986,0.0021461839530331987,-0.00033641716044784266,0.00033641716044787546,-0.0006731740409044372,-0.0010106115059235032,-0.0010116338748442624,0.0026954194216723027,-0.0010095912013523254,0.0006731740409044118,-0.00033641716044784266,False,False,False,False,False,True,False,False,False,False,False,False,False,False,True,False,False,False,False,True,False,False,True,-0.000271039437897252,0.0,-0.0005422993625311492,-0.0013570364411212919,0.0010857764367454036,0.0005424464467158064,-0.000813338800428396,0.0002711864423398344,-0.0005421523580884493,False,False,False,False,True,False,False,False,False,False,False,False,False,True,True,False,False,False,False,True,False,False,True
2022-07-13,2022-07-13 00:00:00+09:00,30735,31030,30660,30820,6840518,69500,30845.0,30660.0,30697.5,30740.0,30811.666666666668,4,True,30590.0,-0.007462686567164201,-0.0077626865671642006,-0.0010112928554451884,0.0010112928554451338,0.0003368704764887547,-0.0006738544729379985,-0.0010116338748442624,0.001348617871293463,0.0003368704764887547,-0.00033687047648873586,0.0,False,True,True,False,False,True,True,False,True,False,True,True,False,False,True,True,False,False,False,False,False,False,False,0.0,0.0008148852820886414,-0.001086661340290995,0.0010866613402909303,-0.001086661340290995,0.0,-0.0002717760582022363,0.0,-0.0002717760582022363,False,True,False,True,False,False,False,False,False,False,True,False,True,False,False,False,False,False,False,False,False,False,False
2022-07-14,2022-07-14 00:00:00+09:00,30590,30935,30500,30710,5896627,69500,30717.5,30820.0,30845.0,30765.0,30730.0,1,False,30900.0,0.006186909801367602,0.005886909801367602,-0.00033858134740245285,-0.0013550137574596468,-0.0010174665961707706,0.0,0.0,0.0,-0.0023724803536303565,0.0,-0.0023724803536303565,False,False,False,False,False,False,False,False,False,False,False,False,False,False,False,False,False,False,False,False,False,False,False,0.0,-0.0013700509061788499,-0.000274235570071836,0.0005483959556137368,0.0,-0.0008227067514635084,-0.00164428647625079,-0.0002743107958498624,-0.001918597272100567,False,False,False,True,False,False,False,False,False,False,False,False,True,False,False,False,False,False,False,False,False,False,False
2022-07-15,2022-07-15 00:00:00+09:00,30900,30935,30335,30895,7255044,69500,30635.0,30710.0,30717.5,30802.5,30808.333333333332,3,True,31205.0,0.010033986081890323,0.009733986081890323,-0.0006727211824506214,0.00033641716044787546,0.00033630402200275763,0.000672268932882013,0.00033596506279381656,-0.0006720430360462772,0.0,0.0003361909596297075,0.0003361909596297075,False,False,True,True,True,False,False,False,True,False,False,True,True,False,False,False,False,False,False,False,False,True,False,-0.000547645139645601,0.0,0.00027386005922230237,0.0,0.0013681764345222277,-0.0008209057787581139,-0.0002737850804233968,0.0002737850804234787,0.0,False,False,True,False,True,False,False,False,False,False,False,True,False,True,False,False,False,False,False,True,False,False,True
2022-07-18,2022-07-18 00:00:00+09:00,31205,31615,31160,31580,7193533,69500,31387.5,30895.0,30635.0,31237.5,31061.666666666668,4,True,31455.0,-0.003958201393286842,-0.004258201393286842,0.0016439260647834806,0.000986031304211876,-0.0003285690846054231,0.0003285690846054731,-0.000657462219606397,0.001642845777742364,0.0013153569801779494,0.0009853835581361047,0.002300740538314007,True,True,False,False,False,True,True,True,True,True,True,False,False,False,True,True,False,True,True,False,False,False,False,0.002144198087659283,0.002141328441343078,-0.0016047074853016573,0.0,-0.0002677017818155054,0.00026770178181551783,0.0024118998694749273,0.0,0.0024118998694749273,True,True,False,False,False,False,True,False,True,True,True,False,False,False,False,True,False,True,False,False,False,False,False
2022-07-19,2022-07-19 00:00:00+09:00,31455,31500,31290,31475,4685922,69500,31395.0,31580.0,31387.5,31527.5,31316.666666666668,3,True,31985.0,0.01620333598093726,0.01590333598093726,-0.001666389320787318,0.0006668889877037743,0.0,0.0003328340852826138,-0.0016658341350162791,0.0016658341350163117,0.0003329449006951862,0.0,0.0003329449006951862,False,True,False,False,False,True,True,False,True,False,True,False,False,False,True,True,False,False,False,False,False,False,False,0.0008111396956839371,-0.00027030679986182017,0.0002703067998617609,-0.0010816658707410232,0.0008113590708791076,0.0,0.0008111396956839371,-0.00027030679986182017,0.0005408328958221015,True,False,True,False,False,False,True,False,True,True,False,True,False,True,False,True,False,False,False,False,False,False,False
2022-07-20,2022-07-20 00:00:00+09:00,31985,32065,31650,31710,6810248,69500,31857.5,31475.0,31395.0,31592.5,31588.333333333332,3,True,31755.0,0.001419110690633829,0.0011191106906338292,0.00032294526358498613,-0.0006453694964236418,-0.0006457862671961854,0.00032294526358498613,0.0003228410036110862,-0.0003228410036111361,0.0,0.00032294526358498613,0.00032294526358498613,False,False,False,False,False,False,False,False,False,True,False,False,False,False,False,False,False,False,False,False,False,True,False,0.0005259006169064986,-0.0002629157370212657,0.0,-0.0005260389390109633,0.0002630540591257744,0.0005257623675266034,0.00026298487988520876,0.0005257623675266034,0.0007887472474118076,True,False,True,False,False,True,True,True,True,True,False,False,False,False,False,True,False,False,True,False,False,True,False
2022-07-21,2022-07-21 00:00:00+09:00,31755,32075,31720,32055,5550883,69500,31897.5,31710.0,31857.5,31882.5,31746.666666666668,4,True,31985.0,-0.002183746685384458,-0.0024837466853844577,0.0006387735764947612,0.0006383658052724966,0.0009567852747120484,0.0006373486512755009,-0.0009561753716550845,-0.00031892840327743516,0.0022339246564791553,-0.0006377551236570651,0.0015961695328221347,True,True,True,True,False,False,True,False,True,True,True,True,True,False,False,True,False,True,False,False,False,False,False,0.0010501444913629382,0.0005246589837035918,0.0010484928876659293,0.0002619515404631717,0.0,-0.0010482181253285274,0.0026232963627324615,-0.0007862665848653139,0.001837029777866989,True,False,True,False,False,False,True,False,True,True,True,True,True,False,False,True,False,True,False,False,False,False,False
2022-07-22,2022-07-22 00:00:00+09:00,31985,32190,31815,31855,6243090,69500,32002.5,32055.0,31897.5,31955.0,31873.333333333332,0,False,31750.0,-0.0032961858420970103,-0.00359618584209701,-0.0012694384440362055,-0.00031761156373079434,-0.0003177124728869336,0.0003176115637308657,0.0003173092204951138,0.0019029501460860636,-0.0019047624806539474,0.0025380724284710925,0.0009510224207041536,False,False,False,False,False,True,False,True,True,False,False,False,False,False,True,False,True,True,False,True,False,True,True,-0.0005223296018468174,0.0002611989044496214,-0.000783801477096369,0.0002611989044496214,0.00026113069739725164,0.0007829832058634519,-0.001044932174493539,0.001305312807710168,0.0007829832058634519,False,False,False,False,False,True,False,True,False,False,False,False,False,False,True,False,True,False,False,True,False,True,True
2022-07-25,2022-07-25 00:00:00+09:00,31750,32135,31725,31980,4950143,69500,31930.0,31855.0,32002.5,31917.5,31963.333333333332,3,True,31870.0,-0.0034396497811132187,-0.0037396497811132186,0.0003202562077012188,-0.0009610764795505893,0.0012816406752752332,0.0003200512109253792,-0.00032005121092527574,-0.0003202562077011829,0.0003202562077012188,-0.0006404098841991698,0.0,False,False,True,False,False,False,False,False,False,False,False,True,False,False,False,True,False,False,False,False,False,False,False,0.0005253480551612175,-0.0005254860867111793,-0.0002628466305052554,0.0002628466305052849,0.0002627775603086693,-0.00026277756030863224,-0.0005256241908138504,0.0002628466305052849,-0.00026277756030863224,True,False,False,False,False,False,False,False,False,True,False,False,True,False,False,False,False,False,False,True,False,False,True
2022-07-26,2022-07-26 00:00:00+09:00,31870,32115,31810,32095,2281501,69500,31962.5,31980.0,31930.0,32037.5,31976.666666666668,4,True,32085.0,-0.0003115750116841065,-0.0006115750116841064,0.0,0.0003228410036110862,-0.0003228410036111361,0.0,-0.0003227368109342716,0.0003227368109342872,0.0,0.0003227368109342872,0.0006455778145455453,False,False,False,False,False,False,False,False,False,False,False,False,False,False,False,False,False,False,False,False,False,True,False,0.0,0.0002627775603086693,0.0007883327172164231,-0.00026270852640251533,-0.0013138879829962707,0.0013138879829962882,0.0005254860867110792,0.0002626395287585434,0.0007881256154697391,False,False,True,False,False,True,True,False,False,False,False,True,False,False,True,True,False,False,True,False,False,False,False
2022-07-27,2022-07-27 00:00:00+09:00,32085,32110,31870,32105,2100721,69500,31990.0,32095.0,31962.5,32100.0,32060.0,4,True,32345.0,0.007475471110419019,0.007175471110419019,0.0009707167887309609,0.0,0.0003237817739149177,0.0,0.000647458747124359,0.0003235722403251037,0.0,0.0009710309874495231,0.0006472492135345129,True,False,False,False,True,False,False,True,True,True,False,True,False,True,False,False,False,False,False,False,False,True,False,-0.0002628466305052554,-0.0005257623675266026,0.00026291573702118113,0.0005257623675266034,-0.0007887472474117578,0.0007887472474118076,-0.0002628466305052554,0.0005257623675266034,0.0,False,False,True,True,False,True,False,True,False,False,False,True,True,False,True,False,False,False,False,True,False,False,True
2022-07-28,2022-07-28 00:00:00+09:00,32345,32470,32145,32245,7307853,69500,32307.5,32105.0,31990.0,32175.0,32148.333333333332,3,True,32500.0,0.007908202822142885,0.007608202822142885,0.00031650577887261107,0.000633111765370336,0.0009492169673321553,0.0009492169673321553,0.00031620553623144804,0.0022106435656774857,0.0009492169673321553,0.003476066069241183,0.003476066069241183,False,True,True,True,False,True,True,True,True,False,True,True,True,False,True,True,True,True,True,False,True,True,False,0.0005184033293909974,0.0,0.00025910092125779207,0.0002590338053597655,0.0002589667242233018,0.000776498033062564,0.0007775042506488046,0.0012944985626457955,0.00207200281329446,True,False,True,False,False,True,True,True,True,True,False,True,False,False,True,True,True,True,True,False,True,True,False
2022-07-29,2022-07-29 00:00:00+09:00,32500,32670,32275,32385,8390909,69500,32472.5,32245.0,32307.5,32315.0,32245.0,3,True,32305.0,-0.0024702794503628223,-0.002770279450362822,0.00030811893634624915,0.0006159532070319814,0.0006157635662544091,-0.0006159532070320607,-0.0009246417672185651,0.002771364360383192,0.0012319065309098738,0.0012307693861326667,0.0021548415295108473,False,False,True,False,False,True,True,True,True,False,True,True,False,False,True,True,True,True,True,False,False,False,False,0.001014713430546605,-0.0005072280098605403,-0.000507485420686068,-0.0005077430929086854,-0.0005080010269268118,0.0015232295405214163,0.0,0.0005074854206859363,0.0005074854206859363,True,False,False,False,False,True,False,False,False,True,False,False,False,False,True,False,False,False,False,False,False,True,False
2022-08-01,2022-08-01 00:00:00+09:00,32305,32515,32155,32370,6077218,69500,32335.0,32385.0,32472.5,32377.5,32333.333333333332,2,True,32335.0,-0.0010812480691998472,-0.001381248069199847,-0.0003077396546829009,-0.0006157635662543438,0.0006157635662544091,-0.0006157635662543438,0.0006157635662544091,0.0006153846348050324,-0.0003077396546829009,0.0006153846348050324,0.00030764498012220625,False,False,True,False,True,False,False,False,False,False,False,True,False,True,False,False,False,False,False,True,False,True,True,-0.00025274864282154747,-0.00025281254084847564,0.0007582459607567071,-0.0005054334199083321,0.0,0.000758054363527857,0.0002526847770868482,0.00025262094361965085,0.0005053057207063089,False,False,True,False,False,True,False,False,False,False,False,True,False,False,True,False,False,False,True,False,False,False,False
2022-08-02,2022-08-02 00:00:00+09:00,32335,32335,32095,32195,6319529,69500,32215.0,32370.0,32335.0,32282.5,32316.666666666668,0,False,32210.0,0.0004659108557230063,0.0001659108557230063,-0.0006159532070320607,0.0,-0.00030811893634611996,0.0018472911657148822,0.0,-0.0003076449801221464,-0.0009240721433782204,0.0015396461855928362,0.0006155740422146125,False,False,False,True,False,False,False,True,False,False,False,False,True,False,False,False,True,False,False,True,False,True,True,-0.000253581844898811,0.00025358184489894905,0.0,0.0005069708600345263,0.0002533890802865442,0.0,0.0,0.0007603599403211582,0.0007603599403211582,False,False,False,True,False,False,False,True,False,False,False,False,True,False,False,False,True,False,False,False,False,True,False
2022-08-03,2022-08-03 00:00:00+09:00,32210,32420,32085,32420,5553911,69500,32252.5,32195.0,32215.0,32307.5,32328.333333333332,4,True,32635.0,0.006631708821714932,0.006331708821714932,0.0006148171112820002,-0.0006148171112818942,-0.000922083974968425,0.0003074558056502966,0.0003073613056316407,0.0006144393434478053,0.0,0.0012292564547296896,0.0012292564547296896,True,False,False,False,False,False,False,True,True,True,False,False,False,False,False,False,True,True,False,False,False,True,False,0.0002534533025860924,-0.00025345330258601473,0.0,0.0005068423828726033,0.0002533248905250335,-0.0005067139708115235,0.0,0.0002534533025860924,0.0002534533025860924,False,False,False,True,False,False,False,False,False,False,False,False,True,False,False,False,False,False,False,False,False,True,False
2022-08-04,2022-08-04 00:00:00+09:00,32635,32690,32465,32585,7454291,69500,32577.5,32420.0,32252.5,32502.5,32400.0,3,True,32685.0,0.003068896731625026,0.002768896731625026,0.0,-0.0006004203122438118,0.0,0.0,-0.00030025521919018887,0.00030025521919021245,-0.0006004203122438118,0.0,-0.0003001650930536079,False,False,False,False,False,False,False,False,False,False,False,False,False,False,False,False,False,False,False,False,False,False,False,0.0,-0.0007514089270266585,-0.00025046963186678303,0.0,-0.00025046963186678303,-0.00100250634962559,-0.0005008765444059099,-0.0012529759814924174,-0.0015033828940316221,False,False,False,False,False,False,False,False,False,False,False,False,False,False,False,False,False,False,False,False,False,False,False
2022-08-05,2022-08-05 00:00:00+09:00,32685,32900,32685,32800,6228446,69500,32792.5,32585.0,32577.5,32692.5,32601.666666666668,4,True,32575.0,-0.006859756097560954,-0.007159756097560954,0.0,-0.0002974862434552333,0.0005948840151640301,-0.00029739777170873476,0.00029739777170866347,-0.00029739777170873476,0.00029739777170866347,-0.00029739777170873476,0.0,False,False,True,False,False,False,False,False,False,False,False,True,False,False,False,False,False,False,False,False,False,False,False,0.0,0.00024984384889500624,0.0002497814425376857,-0.0002497814425376066,-0.0002498438488948854,0.00024984384889500624,0.0002497814425376857,-0.0002497814425376066,0.0,False,True,False,False,False,False,False,False,False,False,False,False,False,False,False,False,False,False,False,False,False,False,False
2022-08-08,2022-08-08 00:00:00+09:00,32575,32770,32550,32740,5426099,69500,32660.0,32800.0,32792.5,32770.0,32708.333333333332,2,True,32750.0,0.00030543677458760854,5.436774587608566e-06,-0.0006004203122438118,0.000600420312243718,0.0006000600240059049,-0.00029998500299964823,0.0008996851708976106,0.00029971527273674046,0.0006000600240059049,0.0008994154406347662,0.0014994754646407886,False,True,True,False,True,False,True,False,True,False,True,True,False,True,False,True,False,True,True,False,False,True,False,-0.0005016303089888839,0.0007523511326666374,-0.0005015045240516018,-0.0005012531433272989,0.000501253143327373,0.0005010020144874683,-0.0002507837003739097,0.0005010020144874683,0.0012529759814922821,False,True,False,False,True,False,False,True,True,False,True,False,False,False,False,False,False,True,False,True,False,True,True
2022-08-09,2022-08-09 00:00:00+09:00,32750,32895,32585,32845,6100712,69500,32740.0,32740.0,32660.0,32792.5,32795.0,4,True,32670.0,-0.005328056020703298,-0.005628056020703298,-0.00030079711461570197,0.0,-0.0006018658020986734,-0.0015053442553641455,0.000602409656772046,-0.00030115946621232006,-0.0009026629167143254,-0.0012040940648045638,-0.0015048911794202768,False,False,False,False,True,False,False,False,False,False,False,False,False,True,False,False,False,False,False,False,False,False,False,-0.0005010020144874289,0.0,0.0,-0.0007519739670049922,0.0,0.00025078370037399846,-0.0005010020144874289,-0.0007519739670049922,-0.0012529759814924174,False,False,False,False,False,False,False,False,False,False,False,False,False,False,False,False,False,False,False,False,False,False,False
2022-08-10,2022-08-10 00:00:00+09:00,32670,32705,32430,32460,6396791,69500,32567.5,32845.0,32740.0,32652.5,32681.666666666668,0,False,32830.0,0.011398644485520748,0.011098644485520748,-0.0009167303926962581,-0.001222867776969848,0.0006116208141733298,-0.0012243650136791423,0.00030623181987900926,0.0015302221807675365,-0.0009167303926962581,0.00030585716708836635,-0.0012224940397811516,False,False,True,False,False,True,False,False,False,False,False,True,False,False,True,False,False,False,False,True,False,False,True,0.0,0.0,-0.0005046681913823427,-0.0007574801523656427,-0.00025262094361962314,0.00025255714239554304,-0.0005046681913823427,-0.0005049230099700607,-0.0010095912013523254,False,False,False,False,False,False,False,False,False,False,False,False,False,False,False,False,False,False,False,False,False,False,False
2022-08-11,2022-08-11 00:00:00+09:00,32830,33000,32825,33000,6979981,69500,32912.5,32460.0,32567.5,32730.0,32768.333333333336,4,True,32965.0,-0.0010606060606060952,-0.0013606060606060951,0.0002955519454053386,-0.000295551945405381,-0.001183082066418528,0.0002959017627746249,0.0008871803036440923,0.001773574216016102,-0.001183082066418528,0.002069475978790752,0.0008863939123721205,False,False,False,False,True,True,False,True,False,False,False,False,False,True,True,False,True,False,False,True,False,True,True,0.0,0.0,0.0,-0.00024639645313763935,0.0009852217545698665,0.000738643391948526,0.0,0.0009849791488290823,0.0009849791488290823,False,False,False,False,True,True,False,True,True,False,False,False,False,True,True,False,True,True,False,False,False,True,False
2022-08-12,2022-08-12 00:00:00+09:00,32965,33175,32965,33125,6411616,69500,33070.0,33000.0,32912.5,33062.5,32861.666666666664,4,True,33350.0,0.006792452830188589,0.006492452830188589,0.0002975747678558542,-0.0002975747678557896,-0.0005954153197637867,0.00029739777170866347,-0.0005948840151639282,0.0020805476371117786,-0.0005954153197637867,0.0017830613936565222,0.0023781224049674193,False,False,False,False,False,True,False,True,True,False,False,False,False,False,True,False,True,True,False,True,False,True,True,-0.0002465787215057695,0.00024657872150585475,0.00024651793542822644,0.0009857073247591282,0.0,0.0007391893893310362,0.00024651793542822644,0.0009857073247591282,0.0009857073247591282,False,False,False,True,False,True,False,True,True,False,False,False,True,False,True,False,True,True,True,False,False,True,False
2022-08-16,2022-08-16 00:00:00+09:00,33350,33385,33170,33210,6804788,69500,33277.5,33125.0,33070.0,33167.5,33111.666666666664,3,True,33270.0,0.0018066847335140857,0.0015066847335140857,0.0002910784476963726,0.0,0.002035180234377833,-0.00029082448947168196,0.0,0.0,0.0023262586820741553,0.0,0.001163805775816436,False,False,True,False,False,False,True,False,False,False,False,True,False,False,False,True,False,True,False,False,False,False,False,-0.0002421600689881851,0.0,0.000726304353438833,0.0,-0.00024210144168606372,-0.0002421600689881851,0.00048414428445068636,-0.0004842615106743458,-0.0002421600689881851,False,False,True,False,False,False,True,False,False,False,False,True,False,False,False,True,False,False,False,False,False,False,False
2022-08-17,2022-08-17 00:00:00+09:00,33270,33365,33000,33040,7081131,69500,33182.5,33210.0,33277.5,33125.0,33125.0,0,False,32865.0,-0.005296610169491567,-0.005596610169491567,0.0,-0.0005817335824322923,0.0014545457109943617,-0.0011634672632980698,-0.0008732353924130571,0.0,0.0005815644246494651,-0.001745708910023176,-0.0011641444853737134,False,False,True,False,False,False,True,False,False,False,False,True,False,False,False,True,False,False,False,False,False,False,False,0.0,-0.0007235017800226288,0.00048239267698593633,0.0002411091030367357,-0.000964785410099001,0.0002412836300764032,-0.0002411091030366506,-0.00048239267698592646,-0.0007235017800226288,False,False,True,False,False,False,False,False,False,False,False,True,False,False,False,False,False,False,False,False,False,False,False
2022-08-18,2022-08-18 00:00:00+09:00,32865,32985,32655,32915,7571930,69500,32820.0,33040.0,33182.5,32977.5,33055.0,1,False,32950.0,0.0010633449794925642,0.0007633449794925643,-0.00059031878927959,-0.0002952901246910427,-0.0005908419669667696,0.0,0.0002954646202615398,0.0,-0.0014764508809373999,0.000591016565666947,-0.0011809862606760042,False,False,False,False,False,False,False,False,False,False,False,False,False,False,False,False,False,False,False,True,False,False,True,-0.00024333860687052593,-0.00024339783496085695,-0.0012178786062628044,0.0,0.0007309051366927757,-0.0004872107282734328,-0.0017046150480942365,0.00024369440841929649,-0.001460920639674871,False,False,False,False,True,False,False,False,False,False,False,False,False,True,False,False,False,False,False,True,False,False,True
2022-08-19,2022-08-19 00:00:00+09:00,32950,32950,32685,32725,4518760,69500,32817.5,32915.0,32820.0,32820.0,32893.333333333336,0,False,32375.0,-0.010695187165775444,-0.010995187165775444,-0.0005899705185872711,0.00029502876744464437,0.0005897965372977327,-0.0005897965372977257,0.0,0.0014738396183005232,0.00029485478615513014,0.0008840430810028907,0.0011788978671578773,False,True,False,False,False,True,False,False,True,False,False,True,False,False,True,False,False,True,True,False,False,True,False,-0.0004864996447207436,0.00024327940759821966,0.00048638133254565684,-0.0004863813325457132,-0.000486618014468643,-0.0009739469968811897,0.0002431610954230451,-0.0019469463438954316,-0.0017037852484724338,False,False,True,False,False,False,False,False,False,False,False,True,False,False,False,False,False,False,False,False,False,False,False
2022-08-22,2022-08-22 00:00:00+09:00,32375,32475,32230,32300,5786119,69500,32352.5,32725.0,32817.5,32512.5,32646.666666666668,0,False,32075.0,-0.00696594427244579,-0.00726594427244579,0.0,0.0,-0.0003015226918668473,-0.0021119332031435015,0.0,0.0012073650727167185,-0.0003015226918668473,-0.0009045681304269385,-0.00060313632708958,False,False,False,False,False,False,False,False,False,False,False,False,False,False,True,False,False,False,False,False,False,False,False,-0.0002469440684236542,-0.0007408322353890842,-0.00024706609143592615,-0.0004943153832735509,0.0009883865395690522,-0.0007411983044703384,-0.0007410152247192192,-0.0002471271481748188,-0.0009881423728940802,False,False,False,False,True,False,False,False,False,False,False,False,False,True,False,False,False,False,False,False,False,False,False
2022-08-23,2022-08-23 00:00:00+09:00,32075,32200,31860,31895,6152631,69500,32030.0,32300.0,32352.5,32097.5,32306.666666666668,0,False,32000.0,0.0032920520457750957,0.0029920520457750958,-0.0003083089279855335,0.0,-0.0006167129396821641,-0.0018501392881614773,-0.003088328581884881,0.0,-0.0006167129396821641,-0.004012970349103453,-0.003396637509870489,False,False,False,False,False,False,False,False,False,False,False,False,False,False,False,False,False,False,False,False,False,False,False,-0.000503144664702528,0.0005030181192582624,0.0,-0.0005030181192584009,-0.002266147262134489,0.0002520478904332736,0.0002514774312260423,-0.00226557680292716,-0.0020140993717012562,False,True,False,False,False,False,True,False,False,False,True,False,False,False,False,True,False,False,False,False,False,False,False
2022-08-24,2022-08-24 00:00:00+09:00,32000,32110,31875,32025,5808668,69500,31992.5,31895.0,32030.0,31960.0,32073.333333333332,2,True,32150.0,0.0039032006245121043,0.0036032006245121043,0.0009272137891922675,0.00030868961504573414,-0.000617474548794676,0.00030878493374880754,-0.0003087849337488221,0.0,0.001236094100528306,0.0,0.001236094100528306,True,True,False,True,False,False,True,False,True,True,False,False,False,False,False,True,False,True,False,False,False,False,False,0.0005046681913823097,0.00025217501079288996,-0.0010085729548847744,0.0012605573331867558,-0.0010083187141169845,0.0,0.0005046681913823097,0.00025223861906979283,0.0007569068104520305,True,True,False,True,False,False,True,False,True,True,True,False,True,False,False,True,False,False,True,False,False,False,False
2022-08-25,2022-08-25 00:00:00+09:00,32150,32400,32115,32400,5407046,69500,32257.5,32025.0,31992.5,32212.5,32106.666666666668,4,True,32555.0,0.004783950617283983,0.004483950617283983,0.0,0.0,0.00030651341236143277,0.00030641949067695436,0.005804201417595077,-0.000304645851556487,0.00030651341236143277,0.005805975056715494,0.006112488469077055,False,False,False,True,True,False,True,True,True,False,False,False,False,True,False,False,True,True,True,False,False,True,False,-0.0002500937864729489,0.0002500937864730256,-0.0002500937864729489,0.0,0.0062321029327567995,-0.001492166404695458,-0.0002500937864729489,0.0047399365280613994,0.0047399365280613994,False,True,False,False,True,False,False,True,True,False,False,False,False,True,False,False,True,True,False,True,False,True,True
2022-08-26,2022-08-26 00:00:00+09:00,32555,32685,32390,32420,4996787,69500,32537.5,32400.0,32257.5,32410.0,32281.666666666668,3,True,31645.0,-0.02390499691548431,-0.024204996915484313,-0.0006058770255017225,-0.0003029843986214573,-0.0006062443350273956,-0.0006066120901818918,-0.0006069802917766574,0.0021228211156074446,-0.0012121213605291218,0.0009092287336487981,-0.0003028926268802537,False,False,False,False,False,True,False,False,False,False,False,False,False,False,True,False,False,False,False,True,False,False,True,-0.0007439553969912866,0.0002480466340386743,0.0,0.0,0.0007439553969912622,0.0009918175868834887,0.0,0.0009918175868834887,0.0002478621898920498,False,True,False,False,True,True,False,True,False,False,False,False,False,True,True,False,True,False,False,False,False,True,False
2022-08-29,2022-08-29 00:00:00+09:00,31645,31765,31575,31640,6758410,69500,31670.0,32420.0,32537.5,32030.0,32153.333333333332,0,False,31790.0,0.004740834386852022,0.004440834386852022,0.0,-0.0012775472833095895,-0.0019193863858035913,0.0025559119345442893,0.0,0.00031903015105494496,-0.003196933669113145,0.00287494208559912,0.0006381621148293363,False,False,False,True,False,False,False,True,False,False,False,False,True,False,False,False,True,False,False,True,False,True,True,0.0,-0.000776297101994956,-0.0012951692006069459,0.002846424486208757,-0.0010341262555512928,0.0010341262555513561,-0.0020714663026018534,0.002846424486208757,0.0010341262555513561,True,False,False,True,False,True,False,True,True,False,False,False,True,False,True,False,True,True,False,True,False,True,True
2022-08-30,2022-08-30 00:00:00+09:00,31790,32000,31740,31985,4446039,69500,31870.0,31640.0,31670.0,31812.5,32015.0,3,True,31690.0,-0.00922307331561667,-0.00952307331561667,-0.0006347191580910138,0.0,0.0,-0.0006349206562499105,0.000634719158090907,0.001904157985689794,-0.0003173092204951462,0.0009516257657090132,0.0006343165452139643,False,True,False,False,True,True,False,True,False,False,False,False,False,True,True,False,True,False,False,True,False,True,True,0.0,0.0,-0.00025736713563760455,-0.0005149330700804512,0.000257499679548314,0.0002574333905322035,-0.00025736713563760455,0.0,-0.00025736713563760455,True,False,False,False,True,True,False,False,False,False,False,False,False,False,False,False,False,False,False,False,False,False,False
2022-08-31,2022-08-31 00:00:00+09:00,31690,32355,31640,32230,7892835,69500,31997.5,31985.0,31870.0,32107.5,31951.666666666668,4,True,31820.0,-0.012721067328575808,-0.013021067328575808,-0.00031943779220678926,-0.0015992327093055775,0.0006400000218452935,0.0009592326874601342,-0.0012791814983802838,0.0003198464764192637,-0.0015982103449837435,0.0003198464764192637,-0.0012783638685643845,False,False,True,True,False,False,False,False,False,False,False,True,True,False,False,False,False,False,False,True,False,False,True,-0.0007777058071825281,-0.0010378828124200546,0.0005192108112487505,0.0015560169114611111,-0.0015560169114611805,-0.0005189413712722757,-0.0015560169114611805,0.0,-0.0015560169114611805,False,False,True,True,False,False,False,False,False,False,False,True,True,False,False,False,False,False,False,False,False,False,False
2022-09-01,2022-09-01 00:00:00+09:00,31820,31845,31480,31500,13628110,69500,31662.5,32230.0,31997.5,31865.0,31905.0,0,False,31635.0,0.004285714285714226,0.003985714285714226,-0.000981836112256813,-0.0006550933742301113,-0.0006550933742301113,-0.0013114755978107554,-0.0003281378208278852,0.0006559527949204875,-0.0016369294864868559,-0.0006555228028903288,-0.0022924522893772075,False,False,False,False,False,False,False,False,False,False,False,False,False,False,False,False,False,False,False,False,False,False,False,-0.0002645152772995014,-0.0002646552880341269,-0.0005292405521784722,-0.0013239774209934368,-0.0002650059641850111,0.00026500596418505484,-0.0007937558294779387,-0.0013239774209934368,-0.0018530779624373497,False,False,False,False,False,True,False,False,False,False,False,False,False,False,False,False,False,False,False,False,False,False,False
2022-09-02,2022-09-02 00:00:00+09:00,31635,31665,31200,31325,10253320,69500,31432.5,31500.0,31662.5,31412.5,31685.0,0,False,31320.0,-0.00015961691939347933,-0.0004596169193934793,-0.0012961764614466856,-0.0009729204594271175,-0.001298701481236572,0.0006495615687955615,0.0009732360865521751,0.0016199582353615917,-0.003243596745842266,0.0035673785197571986,0.0003237817739149177,False,False,False,True,True,True,False,True,False,False,False,False,True,True,True,False,True,False,False,True,False,True,True,-0.0005250722094907299,-0.0005254860867111793,0.0005254860867110792,-0.0010512484542376597,0.0013138879829962882,0.0007877117382491863,-0.0007877117382493169,0.0007877117382491863,0.0,False,False,True,False,True,True,False,True,False,False,False,True,False,True,True,False,True,False,False,True,False,False,True
2022-09-05,2022-09-05 00:00:00+09:00,31320,31605,31205,31325,7281688,69500,31405.0,31325.0,31432.5,31325.0,31383.333333333332,1,False,31400.0,0.002394253790901857,0.002094253790901857,0.0,-0.0006583278710442769,-0.0006583278710442769,0.0023022539358276196,0.0006568144735307536,0.0006568144735307536,-0.0006583278710442769,0.002959068409358328,0.002300740538314007,True,False,False,True,True,False,False,True,True,False,False,False,True,True,False,False,True,True,False,True,False,True,True,0.00026500596418505484,0.0002649357546294976,-0.0002650059641850111,0.002383160137584763,0.0005291005414439304,0.0005288207420964314,0.0,0.0029119808796811866,0.0026469046687188995,True,True,False,True,True,True,False,True,True,True,True,False,True,True,False,False,True,True,False,False,True,True,False
2022-09-06,2022-09-06 00:00:00+09:00,31400,31560,31225,31325,7524220,69500,31392.5,31325.0,31405.0,31325.0,31325.0,0,False,31110.0,-0.006863527533918612,-0.007163527533918612,0.0,0.000981514883311872,0.0,-0.00032706459817315425,0.0009808730555918924,0.0016326534238853118,0.000981514883311872,0.0022864618813041694,0.003267976764616013,True,True,False,False,True,True,True,True,True,False,True,False,False,True,True,True,True,True,True,False,False,True,False,0.0005282620302456499,0.0,-0.0005282620302456984,0.0,0.0,0.0018476975033631818,0.0,0.0018476975033631818,0.0018476975033631818,True,False,False,False,False,True,True,True,True,True,False,False,False,False,True,False,True,True,False,False,False,True,False
2022-09-07,2022-09-07 00:00:00+09:00,31110,31110,30685,30870,9564382,69500,30897.5,31325.0,31392.5,31097.5,31173.333333333332,0,False,31085.0,0.006964690638159965,0.006664690638159965,-0.0009955202415015939,0.0,0.00033195021051703823,-0.0013284625002559617,0.0013284625002560006,0.001326700028759918,-0.0006635700309846013,0.001326700028759918,0.000663129997775184,False,True,True,False,True,False,False,False,False,False,False,True,False,True,True,False,True,False,False,True,False,True,True,-0.00026691578965357566,0.00026691578965360997,-0.00026691578965357566,-0.0021373238165736785,0.0016034209742062054,0.0008007474069929632,-0.00026691578965357566,0.00026684456462536016,0.00026684456462536016,False,True,False,False,True,True,False,False,False,False,True,False,False,True,True,False,False,False,False,True,False,True,True
2022-09-08,2022-09-08 00:00:00+09:00,31085,31090,30850,30930,6406307,69500,30970.0,30870.0,30897.5,30900.0,31041.666666666668,2,True,31495.0,0.018267054639508506,0.017967054639508505,0.0,-0.0009716599954755328,0.0003239915790530535,0.0009710309874495231,0.002907448341121225,-0.0012911557636199273,-0.0006476684164224287,0.0025873235649509544,0.0022635417910359347,False,False,True,True,True,False,False,True,True,False,False,False,True,True,False,False,True,True,False,True,False,True,True,0.0002609262898040343,-0.0005219206799060675,0.0,0.001043569100707652,0.0013029317804160619,-0.00026045058097481927,-0.00026099439010217877,0.0020860503001486493,0.0018250559100466402,True,False,False,True,True,False,False,True,True,True,False,False,True,True,False,False,True,True,False,True,False,True,True
2022-09-13,2022-09-13 00:00:00+09:00,31495,31985,31435,31905,5592132,69500,31710.0,30930.0,30970.0,31417.5,31235.0,4,True,30990.0,-0.028678890456041328,-0.02897889045604133,0.0003119638147277972,-0.0003119638147278096,0.0012472717550864724,0.0012457180060015723,0.000622277555861374,0.0012433946270883425,0.0012472717550864724,0.00311139018895125,0.004358661944037696,True,False,True,True,False,False,True,True,True,True,False,True,True,True,True,True,True,True,True,False,True,True,False,0.000505433419908285,0.0,0.0012627858730720131,0.0012615114578247318,0.0007563343358151626,0.0010075567602997706,0.0015155345158934508,0.0027732275431465434,0.004036332422460553,True,False,True,True,True,True,True,True,True,True,False,True,True,True,True,True,True,True,True,False,True,True,False
2022-09-14,2022-09-14 00:00:00+09:00,30990,31415,30920,31275,7826668,69500,31167.5,31905.0,31710.0,31590.0,31370.0,1,False,31345.0,0.002238209432454008,0.0019382094324540081,0.0006596306307780413,-0.0023106133402799097,-0.0013227515156163984,-0.000330851946773191,0.0006615944667387185,0.0033014226090540026,-0.0029737342251183268,0.003632165129019473,0.0009892828506743126,True,False,False,False,True,True,False,True,False,True,False,False,False,True,True,False,True,False,False,True,False,True,True,0.0002637478585775068,-0.0018472099196307887,-0.001057082550865361,-0.000793336019395874,0.0013218772579158475,0.000792288434419673,-0.0023768662979320025,0.0013208296729396085,-0.0007916612103659652,True,False,False,False,True,True,False,True,False,True,False,False,False,True,True,False,True,False,False,True,False,False,True
2022-09-15,2022-09-15 00:00:00+09:00,31345,31390,31065,31100,7403788,69500,31227.5,31275.0,31167.5,31187.5,31426.666666666668,0,False,30805.0,-0.009485530546623822,-0.009785530546623821,-0.0006561680025457924,0.0,0.0,0.00032813782082783327,0.0,0.0013114755978106555,-0.0006561680025457924,0.0016396134186385028,0.0009834454160929256,False,True,False,True,False,False,False,False,False,False,False,False,True,False,True,False,True,False,False,True,False,True,True,-0.0005268704020720511,0.0005268704020720949,-0.0005268704020720511,0.0007902015425008826,-0.00026333114042890896,0.0005265929558232736,-0.0005268704020720511,0.0010534633578951904,0.0005265929558232736,False,True,False,True,False,False,False,False,False,False,True,False,True,False,False,False,True,False,False,True,False,True,True
2022-09-16,2022-09-16 00:00:00+09:00,30805,30945,30715,30880,8142741,69500,30830.0,31100.0,31227.5,30990.0,31085.0,1,False,30950.0,0.00226683937823835,0.00196683937823835,-0.0006724949816324287,-0.0006729475354900407,0.0003365303750420586,0.0006727211824505548,0.0,-0.0006727211824506214,-0.0010089121420803694,0.0,-0.0010089121420803694,False,False,True,True,False,False,False,False,False,False,False,True,True,False,False,False,False,False,False,False,False,False,False,0.0,-0.0005369127645760792,-0.0002684924167022185,-0.00026856452424075064,0.0,0.0002685645242408634,-0.0005369127645760792,0.0,-0.0005369127645760792,False,False,False,False,False,False,False,False,False,False,False,False,False,False,False,False,False,False,False,False,False,False,False
2022-09-19,2022-09-19 00:00:00+09:00,30950,31010,30600,30660,6177702,69500,30805.0,30880.0,30830.0,30770.0,30880.0,0,False,30875.0,0.007012393998695465,0.006712393998695465,-0.0006745362818999494,0.0,-0.001013000255459225,-0.002029084226780981,0.0,0.0013522652500137541,-0.00202497537977139,0.0,-0.00202497537977139,False,True,False,False,False,True,False,False,False,False,False,False,False,False,True,False,False,False,False,False,False,False,False,-0.0005379236278178722,0.0,-0.0013460763911609594,-0.0026976007726483247,0.001349345772133035,0.00026965080384509224,-0.001884000018978902,-0.0008085164165003517,-0.002692516435479187,False,False,False,False,True,False,False,False,False,False,False,False,False,True,False,False,False,False,False,False,False,False,False
2022-09-20,2022-09-20 00:00:00+09:00,30875,31025,30720,30765,5210543,69500,30872.5,30660.0,30805.0,30712.5,30768.333333333332,1,False,30535.0,-0.007476027953843611,-0.007776027953843611,0.0006646726731909598,0.0,-0.0003322811128761814,-0.0009975063171254136,0.00033261267560916636,0.0003323915603147742,0.0003323915603147742,0.0,0.0003323915603147742,True,True,False,False,False,False,True,False,False,True,False,False,False,True,False,True,False,False,False,False,False,False,False,0.0,0.0,0.0002658513906392744,-0.0015961695328222147,0.0005323396452570122,0.0005320564105294756,0.0002658513906392744,-0.0005317734770355123,-0.00026592208639616104,False,False,True,False,False,False,True,False,False,False,False,True,False,True,False,True,False,False,False,False,False,False,False
2022-09-21,2022-09-21 00:00:00+09:00,30535,30640,30415,30480,7105697,69500,30527.5,30765.0,30872.5,30622.5,30635.0,0,False,30115.0,-0.011975065616797953,-0.012275065616797953,0.0006709158252336917,-0.0003354016466123038,-0.002014775698341333,0.0,0.00033596506279381656,-0.0013445380176787577,-0.0016792615197200253,-0.0010085729548847744,-0.0023517565013524665,True,False,False,False,False,False,False,False,False,True,False,False,False,True,False,False,False,False,False,False,False,False,False,0.00026921523920837306,-0.0002692152392084187,-0.001886538761918835,0.0005392289157349521,0.0,-0.0016189965759781156,-0.001886538761918835,-0.0013493457721330605,-0.0029661609990383852,True,False,False,False,False,False,False,False,False,True,False,False,True,False,False,False,False,False,False,False,False,False,False
2022-09-22,2022-09-22 00:00:00+09:00,30115,30215,29950,30150,13016865,69500,30082.5,30480.0,30527.5,30315.0,30465.0,1,False,30145.0,-0.00016583747927034764,-0.0004658374792703476,0.001722653311446156,-0.0010332358418784315,-0.0006891799032259291,0.0006889425005535614,-0.00034441192005680524,-0.00034441192005680524,0.00034476814683852275,0.00034453058049663,0.0010339480500644214,True,False,False,True,False,False,True,False,True,True,False,False,True,False,False,True,False,True,True,False,False,False,False,0.0011034483878250548,-0.00027574796810600336,-0.000827700419719178,0.0011034483878250548,-0.000551571994127219,0.0005515719941273214,0.0,0.0011034483878250548,0.0011034483878250548,True,False,False,True,False,False,True,False,True,True,False,False,True,False,True,False,True,True,False,False,False,True,False
2022-09-23,2022-09-23 00:00:00+09:00,30145,30200,29700,29780,9183764,69500,29950.0,30150.0,30082.5,29965.0,30136.666666666668,0,False,29400.0,-0.012760241773002057,-0.013060241773002057,-0.0006944444723525925,-0.00034740316486272,0.0,0.0010418476372154677,-0.0003470414749389201,-0.0013884070262263353,-0.0010418476372153287,0.0003474031648627086,-0.0006944444723525925,False,False,False,True,False,False,False,False,False,False,False,False,True,False,False,False,False,False,False,True,False,False,True,-0.0005547850350340463,-0.0008327550793533069,0.0005552470992179873,0.001109570155445864,-0.0008316008795260108,-0.0005547850350340463,-0.0008322930151693469,0.0002775079801353821,-0.0005547850350340463,False,False,True,True,False,False,False,False,False,False,False,True,True,False,False,False,False,False,False,True,False,False,True
2022-09-26,2022-09-26 00:00:00+09:00,29400,29440,28990,29050,10502045,69500,29215.0,29780.0,29950.0,29415.0,29660.0,0,False,29075.0,0.000860585197934638,0.000560585197934638,-0.0007119971820897528,0.001067805760830137,-0.0003558085787404167,0.0021329549501415855,-0.0014224753465428782,0.0003558085787403956,0.0,0.0003558085787403956,0.0003558085787403956,False,True,False,True,False,False,True,False,False,False,True,False,True,False,False,False,False,False,False,False,False,True,False,-0.00028469751081971545,0.0008540925786102661,-0.0002846164812154355,0.0008533637269398588,-0.0022753138371355394,0.0008538494897579583,0.0,0.00028453549772274625,0.0005691519789381668,False,True,False,False,False,True,True,False,False,False,True,False,True,False,True,False,False,False,False,False,False,True,False
2022-09-27,2022-09-27 00:00:00+09:00,29075,29130,28770,29105,8734976,69500,28950.0,29050.0,29215.0,29077.5,29311.666666666668,2,True,28770.0,-0.011510049819618673,-0.011810049819618673,-0.0007042253812167597,0.0010561521840747742,0.001406469992751825,0.000702493882068753,0.003155129698906729,0.0010498688628367949,0.0017583967956096619,0.004557413672514203,0.0063158104681239734,False,True,True,False,True,False,True,True,True,False,True,True,True,True,False,True,True,True,True,False,True,True,False,-0.000566572253116362,0.0008494974318027702,0.0008487763983887534,0.0,0.00028276544794656334,0.003105154223989574,0.0014150278291476957,0.0033879196719360434,0.00480294750108365,False,True,True,False,False,True,True,True,True,False,True,True,False,True,True,True,True,True,True,False,False,True,False
2022-09-28,2022-09-28 00:00:00+09:00,28770,28995,28160,28390,12791896,69500,28577.5,29105.0,28950.0,28747.5,28848.333333333332,0,False,28740.0,0.012328284607256101,0.012028284607256102,-0.0003575898482588139,0.0010723861617527185,0.0017847586390272237,0.00178221398091337,-0.0021390382487494184,0.0021390382487494423,0.0024995549525209503,0.00178221398091337,0.0039250719437420555,False,True,True,True,False,True,True,False,True,False,True,True,True,False,True,True,True,True,True,False,False,False,False,-0.000287811197842265,0.0017256259674698574,0.0005750431440805385,0.0017231480426822385,-0.00229819118676288,0.0022981911867629313,0.0011504171530495357,0.0017231480426822385,0.0028735651957317787,False,True,True,True,False,True,True,True,True,False,True,True,True,False,True,True,True,True,True,False,False,True,False
2022-09-29,2022-09-29 00:00:00+09:00,28740,28930,28400,28400,7949033,69500,28665.0,28390.0,28577.5,28395.0,28631.666666666668,1,False,28290.0,-0.0038732394366197687,-0.004173239436619769,-0.002088410087270501,-0.0013956736389746914,0.0017448966213958789,-0.0020971695907235368,-0.004207579840014993,-0.0003508156499757311,-0.002785517121426312,-0.004900254817840067,-0.00908144557824115,False,False,True,False,False,False,False,False,False,False,False,True,False,False,False,False,False,False,False,False,False,False,False,-0.001684447338203669,-0.001687289489165594,0.00028141269356950097,-0.0019715539409748207,-0.001975448645801694,-0.0011299436230482256,-0.0030903241337996187,-0.004512133994866062,-0.007602458128665765,False,False,True,False,False,False,False,False,False,False,False,True,False,False,False,False,False,False,False,False,False,False,False
2022-09-30,2022-09-30 00:00:00+09:00,28290,28590,28020,28275,7626010,69500,28305.0,28400.0,28665.0,28337.5,28355.0,0,False,28685.0,0.014500442086649024,0.014200442086649024,0.0003566969896925012,0.0003565698023159604,-0.001783485402297751,0.0014270426966881047,-0.0010700910598444044,0.003206844009579591,-0.0007137759046797856,0.003563795646423423,0.0028500197417435018,True,True,False,True,False,True,False,True,True,True,True,False,True,False,True,False,True,True,False,True,False,True,True,0.0002859185151715291,0.00028583678914059714,-0.0020020026706730793,0.0002861639739086618,-0.0005720823954651958,0.0011438376997774038,-0.0011444922565438413,0.0014300016736861199,0.0005717553043121692,True,True,False,False,False,True,False,True,False,True,True,False,True,False,True,False,True,False,False,True,False,True,True
2022-10-04,2022-10-04 00:00:00+09:00,28685,29030,28655,28960,4502303,69500,28842.5,28275.0,28305.0,28617.5,28545.0,4,True,29465.0,0.017437845303867494,0.017137845303867492,0.0,0.00035093876478789563,-0.00035093876478789536,0.0,0.0,0.0014035090023200904,0.0,0.0010524470362781994,0.0010524470362781994,False,True,False,False,False,True,True,False,False,False,True,False,False,False,True,False,False,True,False,False,False,True,False,-0.0005616400035307932,0.0011229647446237235,0.00028062298486381367,-0.0002806229848638515,0.0,0.0005611672425603517,0.0005613247410929414,0.00028054425769646484,0.000841868998789422,False,True,True,False,False,False,True,False,False,False,True,True,False,False,True,True,False,True,True,False,False,False,False
2022-10-05,2022-10-05 00:00:00+09:00,29465,29465,28850,28965,10693954,69500,29157.5,28960.0,28842.5,28962.5,28733.333333333332,3,True,29200.0,0.008113240117383125,0.007813240117383125,0.0,0.0006918021721774718,0.00034572169747978823,-0.0003457216974797621,-0.00034584126230924366,-0.0003459609098682675,0.0010375238696571556,-0.0010375238696572796,0.0,False,True,True,False,False,False,True,False,False,False,True,True,False,False,False,True,False,False,False,False,False,False,False,0.0,0.0,0.00027612867771760686,-0.00027612867771751784,-0.0008288438104007421,0.0005526388645764054,0.00027612867771760686,-0.00055233362354199,-0.0002762049458244502,False,False,False,False,False,False,True,False,False,False,False,True,False,False,True,True,False,False,False,False,False,False,False
2022-10-06,2022-10-06 00:00:00+09:00,29200,29435,29100,29285,12374324,69500,29267.5,28965.0,29157.5,29125.0,29070.0,4,True,28970.0,-0.010756359911217372,-0.011056359911217372,0.0010272214565300948,-0.00034228992290382353,0.0,-0.003429358642117699,-0.0006872852504216326,0.00034358358008502646,0.00034252440821277123,-0.003429358642117699,-0.0027444271084914955,True,False,False,False,False,False,True,False,False,True,False,False,False,False,False,True,False,False,False,False,False,False,False,0.0008222557678569557,0.0,0.0,-0.0021941862889839603,-0.0013738153005642788,0.0,0.0008222557678569557,-0.003293087498469678,-0.0024708317306126335,True,False,False,False,False,False,True,False,False,True,False,False,False,False,False,True,False,False,False,False,False,False,False
2022-10-07,2022-10-07 00:00:00+09:00,28970,29320,28905,29175,10320186,69500,29112.5,29285.0,29267.5,29230.0,29141.666666666668,2,True,28600.0,-0.019708654670094305,-0.020008654670094307,0.00034861426185388186,0.0006968641396991571,-0.0006968641396991812,0.0017406444777841182,-0.00034788659248055,-0.004184106522573985,0.00034861426185388186,-0.00279134863727053,-0.002094241603114737,True,True,False,True,False,False,True,False,False,True,True,False,True,False,False,True,False,False,False,False,False,False,False,0.0008376379102079184,0.0,0.0011157602273286714,-0.0011157602273287692,0.0005580357287668748,-0.0030721990369701403,0.001953398137536515,-0.003351022404174562,-0.0013976242666379726,True,False,True,False,True,False,True,False,False,True,False,True,False,True,False,True,False,False,False,False,False,False,False
2022-10-11,2022-10-11 00:00:00+09:00,28600,28605,28330,28580,10921720,69500,28467.5,29175.0,29112.5,28877.5,29013.333333333332,0,False,28525.0,-0.001924422673198034,-0.002224422673198034,-0.00036663611776419287,0.0003666361177641113,-0.0011003118660082678,0.0007331378627500045,-0.0010999084518605064,0.0018318378450921915,-0.0011003118660082678,0.0018318378450921915,0.0014652017273279626,False,True,False,False,False,True,False,True,True,False,True,False,True,False,True,False,True,True,False,True,False,True,True,-0.0005802146957088301,0.00029014942899053674,0.0,-0.0005798782418217141,-0.00232153325392067,0.002611346326518598,-0.00029006526671831025,0.00028981307259791085,0.0008696913144195977,False,True,False,False,False,True,False,False,True,False,True,False,False,False,True,False,False,True,False,True,False,True,True
2022-10-12,2022-10-12 00:00:00+09:00,28525,28830,28505,28825,9665913,69500,28667.5,28580.0,28467.5,28702.5,28860.0,3,True,28720.0,-0.003642671292281019,-0.003942671292281019,0.0011043623430532275,0.001103144072157168,0.0014689683140982136,-0.0007339449870748971,0.0014673516939497444,0.0014652017273279626,0.0036764747293086273,0.0021986084342028576,0.006241988322644831,True,True,True,False,True,True,True,True,True,True,True,True,False,True,True,True,True,True,True,False,True,False,False,0.0005797101611624703,0.001737116823621054,0.0,0.00028922632161124795,0.000867177392108474,0.0011547345393967433,0.0023168269847837074,0.00260003035392682,0.004916857338710514,True,True,False,False,True,True,True,True,True,True,True,False,True,True,True,True,True,True,True,False,True,True,False
2022-10-13,2022-10-13 00:00:00+09:00,28720,28740,28365,28365,11078773,69500,28552.5,28825.0,28667.5,28595.0,28590.0,0,False,28780.0,0.014630706857042153,0.014330706857042153,0.0011104942840271153,-0.00037002775630340666,-0.000740466527723695,0.0,0.0003703018001951151,-0.0011113170249144291,0.0,-0.0007410152247192192,-0.0007410152247192192,True,False,False,False,True,False,False,False,False,True,False,False,False,True,False,False,False,False,False,False,False,False,False,0.0,-0.0005829204478673085,-0.0017497817237877064,-0.00029167274524990967,-0.0008752735788551528,0.0005836008336052947,-0.0011668612759203323,-0.00029167274524990967,-0.0005832604423151663,False,False,False,False,False,False,False,False,False,False,False,False,False,False,False,False,False,False,False,False,False,False,False
2022-10-14,2022-10-14 00:00:00+09:00,28780,29170,28780,29055,10890572,69500,28975.0,28365.0,28552.5,28710.0,28748.333333333332,4,True,28670.0,-0.013250731371536761,-0.013550731371536761,0.0007202016875939115,0.0,-0.00036003600748951036,-0.000720461126264657,0.0010804971337541789,0.0010793309196758319,0.0003601656801045171,0.0014393669271652843,0.0017995326072697282,True,False,False,False,True,False,True,False,True,True,False,False,False,True,False,True,True,True,True,False,False,True,False,0.0008475773921730531,0.0002824459840836118,-0.00028244598408360425,-0.0002825257823567692,0.0,0.0008473379973153617,0.0005651314080896349,0.000564812214958742,0.0011299436230482118,True,False,False,False,False,True,True,False,True,True,True,False,False,False,True,True,True,True,True,False,False,False,False
2022-10-17,2022-10-17 00:00:00+09:00,28670,29120,28600,29075,7384949,69500,28860.0,29055.0,28975.0,29065.0,28831.666666666668,4,True,29500.0,0.014617368873602654,0.014317368873602654,-0.0007412898782746564,0.0003707136279712795,0.0018515095087465175,0.0,0.0011092624542857557,-0.0011092624542857338,0.0014809332584428847,0.0,0.0014809332584428847,False,True,True,False,True,False,True,False,True,False,True,True,False,True,False,True,False,True,False,False,False,False,False,0.00028922632161124795,0.0,0.0014448781591862043,-0.00028880866626739725,0.000866175887849037,-0.0005772005932255986,0.0017341044807974778,0.00028872527990392213,0.0020228297607012623,True,False,True,False,True,False,True,False,True,True,False,True,False,True,False,True,False,True,True,False,False,False,False
2022-10-18,2022-10-18 00:00:00+09:00,29500,29500,29100,29450,6971894,69500,29300.0,29075.0,28860.0,29262.5,29193.333333333332,3,True,29470.0,0.0006791171477080749,0.0003791171477080749,0.0,0.0003545470698370992,-0.0021284151348262875,-0.0014214643473775366,0.0014214643473774466,0.0014189431256236074,-0.0014194466542262543,0.0017739937240632071,0.0003545470698370992,False,False,False,False,True,True,False,True,False,False,True,False,False,True,True,False,True,False,False,True,False,True,True,0.00027929060368666946,0.0005583473065211471,-0.0011170065389280253,-0.0011182556379178274,0.0016769148703245972,0.0008374040963883324,-0.00027936862872014317,0.001396063328795295,0.0011166947000751544,False,True,False,False,True,False,False,True,True,True,True,False,False,True,True,False,True,True,False,True,False,True,True
2022-10-19,2022-10-19 00:00:00+09:00,29470,29635,29205,29210,8116868,69500,29420.0,29450.0,29300.0,29330.0,29245.0,0,False,29045.0,-0.005648750427935667,-0.005948750427935667,-0.0007109847437788233,0.0003555555593012582,-0.000355555559301344,-0.0010674258263118732,0.0003558085787403956,0.0,-0.0007109847437788233,-0.00035568202402368713,-0.0010666667678024576,False,False,False,False,True,False,False,False,False,False,True,False,False,True,False,False,False,False,False,False,False,False,False,-0.0005578800702570945,0.0005578800702571928,-0.000278901131357453,-0.0008371704130636586,-0.000279212622224394,0.0,-0.000278901131357453,-0.0011163830352880126,-0.0013952841666454786,False,True,False,False,False,False,False,False,False,False,True,False,False,False,False,False,False,False,False,False,False,False,False
2022-10-20,2022-10-20 00:00:00+09:00,29045,29095,28760,28925,8545515,69500,28927.5,29210.0,29420.0,29067.5,29195.0,0,False,28840.0,-0.002938634399308526,-0.003238634399308526,-0.0014440435722336913,-0.0007228045128566443,0.0,-0.0010855799871977044,-0.0003621220390829926,-0.0003622532189587449,-0.002166848085090314,-0.0018099552452395303,-0.00433840159859813,False,False,False,False,False,False,False,False,False,False,False,False,False,False,False,False,False,False,False,False,False,False,False,-0.0016939586207644463,-0.0008478169223395593,0.0005654509621965294,0.0,-0.0014142273605853577,0.0,-0.0019765642464973075,-0.0014142273605853577,-0.003390791607082673,False,False,True,False,False,False,False,False,False,False,False,True,False,False,False,False,False,False,False,False,False,False,False
2022-10-21,2022-10-21 00:00:00+09:00,28840,29160,28820,28985,6552147,69500,28990.0,28925.0,28927.5,28955.0,29040.0,3,True,29440.0,0.015697774711057377,0.015397774711057377,0.0,-0.00072886300602779,0.0,0.0025486997230137975,-0.0010919018373293247,0.0,-0.0003644979081726241,0.0014571951576706297,0.0010926972494980569,False,False,False,True,False,False,False,True,False,False,False,False,True,False,False,False,True,True,False,True,False,True,True,0.00028600028794966516,0.0002859185151715291,0.0,0.0005715918989575678,-0.0002857551098170689,-0.0002857551098170689,0.0005719188031213259,0.00028583678914059714,0.0008577555922618755,True,False,False,True,False,False,True,False,False,True,True,False,True,False,False,True,False,True,True,False,False,False,False
2022-10-24,2022-10-24 00:00:00+09:00,29440,29555,29165,29255,7609488,69500,29360.0,28985.0,28990.0,29120.0,29055.0,3,True,29295.0,0.001367287643137871,0.0010672876431378712,0.0010587613482421182,0.0,-0.0017652255245691922,0.0003532944746163836,0.0017646025401184852,0.0021134210050279363,-0.0007064641763271062,0.004231318019762624,0.0035248538434355207,True,False,False,False,True,True,False,True,True,True,False,False,True,True,True,False,True,True,False,True,False,True,True,0.0005557099337229548,-0.0002778163651707137,-0.0016685209655120012,0.0002782802299855913,0.000834608477992077,0.00083344913839682,-0.0013906273969596778,0.0022240765353565015,0.00083344913839682,True,False,False,False,True,False,False,True,False,True,False,False,True,True,True,False,True,True,False,True,False,True,True
2022-10-25,2022-10-25 00:00:00+09:00,29295,29510,29210,29300,6172207,69500,29360.0,29255.0,29360.0,29277.5,29180.0,3,True,29290.0,-0.0003412969283276279,-0.0006412969283276278,0.0003495892362119243,0.0,0.0003495892362119243,0.0017467253349415786,0.0,0.0013956736389747558,0.0003495892362119243,0.0027932979056126536,0.0027932979056126536,True,False,True,True,False,False,True,True,True,True,False,True,True,False,True,True,True,True,True,False,False,True,False,-0.0008251960308725831,0.0,0.0005500550193693225,0.0013738153005642992,-0.0005492996567668725,0.0008236102044155184,0.0,0.0019228133928600045,0.0019228133928600045,False,False,True,True,False,False,False,True,True,False,False,True,True,False,True,False,True,True,False,False,False,True,False
2022-10-26,2022-10-26 00:00:00+09:00,29290,29655,29245,29500,3811327,69500,29450.0,29300.0,29360.0,29400.0,29351.666666666668,4,True,29670.0,0.0057627118644068,0.0054627118644068,-0.00034934498171877915,0.0,-0.0013981127758032536,0.0006993007277983927,0.0013971360987297754,-0.0020957045742188815,-0.0013981127758032536,0.0003497114915865492,-0.0010484012842167266,False,False,False,False,True,False,False,False,False,False,False,False,True,True,False,False,False,False,False,True,False,False,True,0.0005464481010294895,0.0,0.0,-0.00027326137620515683,0.0019112633804436203,-0.0013648152794140727,0.0002732613762051702,0.00027318672482419494,0.0005464481010294895,True,False,False,False,True,False,False,False,False,True,False,False,False,True,False,True,False,False,True,False,False,False,False
2022-10-27,2022-10-27 00:00:00+09:00,29670,30055,29640,30015,7998093,69500,29847.5,29500.0,29450.0,29757.5,29605.0,4,True,29690.0,-0.010827919373646466,-0.011127919373646466,0.0017461153380069093,0.00034885749525265686,-0.0006975933313938473,-0.0003489792392772014,-0.00034910106830365726,-0.0003492229824211861,0.0017461153380069093,-0.0010473032900021621,0.0006988120480048394,True,False,False,False,False,False,True,False,False,True,True,False,False,False,False,True,False,False,False,False,False,False,False,0.0008137800530474868,0.001354830176078731,-0.0002708192298204596,-0.0005420054333229494,0.0,0.0,0.0018977909993057672,-0.0005420054333229494,0.0010848929732386037,True,True,False,False,False,False,True,False,False,True,True,False,False,False,False,True,False,True,False,False,False,False,False
2022-10-28,2022-10-28 00:00:00+09:00,29690,29875,29515,29525,8458719,69500,29695.0,30015.0,29847.5,29770.0,29680.0,0,False,29845.0,0.010838272650296465,0.010538272650296466,-0.0018040777038150217,-0.0007225433840359105,0.000722543384035998,-0.0007222824438240095,-0.0007228045128566443,0.0014450869566807129,-0.0018040777038150217,0.0,-0.0014430016933927145,False,False,True,False,False,True,False,False,False,False,False,True,False,False,True,False,False,False,False,False,False,False,False,-0.001656543725032705,-0.00027635760850203063,0.0005526388645764054,-0.0005526388645763068,-0.001659292416102217,0.0013829348076001232,-0.001380262468958458,-0.0005526388645763068,-0.0019329013335347516,False,False,True,False,False,True,False,False,False,False,False,True,False,False,True,False,False,False,False,False,False,False,False
2022-10-31,2022-10-31 00:00:00+09:00,29845,30035,29675,29965,6592231,69500,29855.0,29525.0,29695.0,29745.0,29835.0,4,True,30045.0,0.0026697814116469765,0.0023697814116469765,0.0,-0.0010418476372153287,0.0,0.0003474031648627086,-0.0010425717712385988,0.00034764471061054673,-0.0010418476372153287,-0.0003475238957651775,-0.001389371532980534,False,False,False,False,False,False,False,False,False,False,False,False,True,False,False,False,False,False,False,False,False,False,False,0.0002679887460765118,-0.0010723861617525938,0.0,0.0,-0.0005366246439480758,0.0,-0.0008043974156760012,-0.0005366246439480758,-0.0013410220596240853,False,False,False,True,False,False,False,False,False,True,False,False,False,False,False,False,False,False,False,False,False,False,False
2022-11-01,2022-11-01 00:00:00+09:00,30045,30425,30000,30420,7492177,69500,30212.5,29965.0,29855.0,30192.5,29970.0,4,True,30270.0,-0.004930966469428033,-0.005230966469428033,0.002442003655551809,0.0006968641396991571,-0.0006966214144479978,0.0,0.0006963788582255034,0.0003480076596807506,0.002442003655551809,0.0010443865179062505,0.003834761540855258,True,True,False,False,True,False,True,False,True,True,True,False,False,True,False,True,False,True,True,False,False,False,False,0.0008050449918218539,0.0008043974156759336,-0.0008043974156760012,0.00053633683237935,0.0008043974156759336,0.0,0.0008050449918218539,0.0008043974156759336,0.001609442407498059,True,True,False,True,True,False,True,True,True,True,True,False,True,True,False,True,True,True,True,False,False,False,False
2022-11-02,2022-11-02 00:00:00+09:00,30270,30500,30205,30365,6338612,69500,30352.5,30420.0,30212.5,30392.5,30250.0,3,True,29855.0,-0.016795652889840307,-0.01709565288984031,0.0010587613482421182,0.0,-0.0007057163313359158,-0.0007059654370153107,0.00035304501690618947,0.0007059654370154013,0.00035304501690618947,0.0,0.0007059654370154013,True,False,False,False,False,False,True,False,False,True,False,False,False,False,False,True,False,False,False,False,False,False,False,-0.00027008778016990624,0.0008100445967443455,0.0002700148524573499,-0.0013508039336160348,-0.00027037988538388216,0.0005406866852456777,0.0002700148524573499,-0.0010804971337541407,-0.0008104822812968662,False,True,False,False,False,False,False,False,False,False,True,True,False,False,False,True,False,False,False,False,False,False,False
2022-11-03,2022-11-03 00:00:00+09:00,29855,30385,29735,30195,6889893,69500,30060.0,30365.0,30352.5,30280.0,30326.666666666668,1,False,30065.0,-0.004305348567643641,-0.004605348567643641,-0.00036543029823797027,0.0,-0.0007312614585462313,-0.0010982977490625657,-0.0007326007653665369,0.0007323325116752631,-0.001096691756784241,-0.0003659652373873571,-0.0018284883499983778,False,False,False,False,False,False,False,False,False,False,False,False,False,False,False,False,False,False,False,False,False,False,False,-0.000276969950531149,-0.00027704668413807717,-0.00027712346027433687,-0.0011092624542857338,-0.0008327550793533069,0.00027766208702625835,-0.0008311400949434864,-0.0016643554466129302,-0.0024954955415564034,False,False,False,False,False,False,False,False,False,False,False,False,False,False,False,False,False,False,False,False,False,False,False
2022-11-04,2022-11-04 00:00:00+09:00,30065,30460,29960,30460,7785493,69500,30210.0,30195.0,30060.0,30327.5,30340.0,4,True,30555.0,0.003118844386080122,0.002818844386080122,-0.0011158639803936017,0.0007443245598572956,-0.0007443245598573315,0.000372093027548991,0.0007437709528446807,0.00037167813102092074,-0.0014880955127019556,0.0014875421114145782,0.00037167813102092074,False,True,False,True,True,False,False,True,False,False,True,False,True,True,False,False,True,False,False,True,False,True,True,0.0,0.0,-0.0005603810737847625,0.0,0.0002800728207636825,0.0005599104289613909,-0.0008404538945483959,0.0008399832497250321,0.0005599104289613909,False,False,False,True,False,False,False,True,False,False,False,False,False,False,False,False,True,False,False,True,False,True,True
2022-11-07,2022-11-07 00:00:00+09:00,30555,30830,30485,30785,8097421,69500,30657.5,30460.0,30210.0,30622.5,30480.0,4,True,31020.0,0.007633587786259444,0.007333587786259444,0.0011068069751910472,-0.0018453594459850173,0.0,0.0,0.0,-0.00036907178865146776,0.0,0.0,0.0,True,False,True,False,False,False,False,False,False,True,False,False,False,False,False,False,False,False,False,False,False,False,False,0.0011092624542857557,-0.0013863859145600355,0.0,0.00027735404421317387,0.0005544774192516956,-0.0005544774192517471,0.00027743099082092043,0.00027735404421317387,0.0005547850350340533,True,False,False,True,False,False,False,False,False,True,False,False,True,True,False,True,False,False,True,False,False,False,False
2022-11-08,2022-11-08 00:00:00+09:00,31020,31295,30945,31230,9122938,69500,31120.0,30785.0,30657.5,31007.5,30825.0,4,True,31375.0,0.004642971501761073,0.004342971501761073,0.0,0.0,-0.0003650301190377882,0.000729660740143868,0.0,0.0,0.0,0.000729660740143868,0.0010946908591815748,False,False,False,True,False,False,False,False,False,False,False,False,True,False,False,False,False,True,False,False,False,True,False,-0.00027483853409230084,0.00027483853409217106,0.0,0.00027476301862656353,-0.0002747630186265209,0.00027476301862656353,0.0,0.00027476301862656353,0.00027476301862656353,False,False,False,True,False,False,False,False,False,False,True,False,True,False,False,False,False,False,False,False,False,True,False
2022-11-09,2022-11-09 00:00:00+09:00,31375,31665,31300,31540,8762093,69500,31482.5,31230.0,31120.0,31385.0,31185.0,4,True,31300.0,-0.007609384908053296,-0.007909384908053296,-0.0014456092145267215,0.0003615982682684424,-0.000723327337143028,-0.0010859729574061185,-0.0003619909541791088,0.0010855799871978423,-0.0018073382834013082,0.00036172906887455854,-0.0014456092145267215,False,True,False,False,False,True,False,False,False,False,True,False,False,False,False,False,False,False,False,True,False,False,True,-0.00136518792533997,-0.0010934938213713295,0.0016397926604153686,-0.001913353050577166,-0.000273560390161745,0.0002734855753406958,-0.0008188890862958903,-0.0013663070850747894,-0.0021851961713706203,False,False,True,False,False,False,False,False,False,False,False,True,False,False,False,False,False,False,False,False,False,False,False
2022-11-10,2022-11-10 00:00:00+09:00,31300,31525,31145,31145,9085819,69500,31335.0,31540.0,31482.5,31342.5,31305.0,0,False,32140.0,0.0319473430727244,0.0316473430727244,0.0,0.0,0.0003689356249190476,-0.0003689356249188968,0.0,0.0003689356249190476,0.0,0.0,0.0,False,False,True,False,False,False,False,False,False,False,False,True,False,False,False,False,False,False,False,False,False,False,False,-0.0002780481041130355,-0.00027812543636381324,0.0,0.0,-0.0002782028116426895,-0.00027828022998565546,-0.000556173540476856,-0.000556483041628285,-0.001112656582105172,False,False,False,False,False,False,False,False,False,False,False,False,False,False,False,False,False,False,False,False,False,False,False
2022-11-11,2022-11-11 00:00:00+09:00,32140,32430,32105,32395,16211530,69500,32267.5,31145.0,31335.0,31770.0,31693.333333333332,4,True,32435.0,0.0012347584503782372,0.0009347584503782373,0.0010318143649733938,0.001716149382925475,0.0010282777255660649,0.00239603058322581,-0.0006842285590243518,0.0003422899229039236,0.004463526723886578,0.0013698632279139041,0.005490748180416591,True,True,True,True,False,False,True,True,True,True,True,True,True,False,False,True,False,True,True,False,True,False,False,0.0013166558847469028,0.0007891622137824444,0.0010512484542377944,0.0013125083915954175,-0.001574803475066401,0.0005253480551612175,0.003157066552767033,0.0002626395287585434,0.0034197060815255383,True,True,True,True,False,False,True,False,True,True,True,True,True,False,False,True,False,True,True,False,True,False,False
2022-11-14,2022-11-14 00:00:00+09:00,32435,32520,32170,32190,11317755,69500,32345.0,32395.0,32267.5,32292.5,31910.0,1,False,32285.0,0.0029512270891580705,0.0026512270891580706,-0.00136518792533997,0.0006828269299107297,-0.0010244153192270895,0.0006830601358476304,-0.000341471746531335,-0.0003415883893162874,-0.0017067763146562524,0.0,-0.0017067763146562524,False,True,False,True,False,False,False,False,False,False,True,False,True,False,False,False,False,False,False,False,False,False,False,-0.0005257623675266026,-0.000262984879885211,-0.00026305405912575006,0.0,0.0002630540591257744,0.0010515248077204197,-0.001051801306537454,0.0013145788668460696,0.0002627775603086693,False,False,False,False,False,True,False,True,False,False,False,False,False,False,True,False,True,False,False,True,False,True,True
2022-11-15,2022-11-15 00:00:00+09:00,32285,32355,32065,32280,6874640,69500,32210.0,32190.0,32345.0,32235.0,32288.333333333332,1,False,32345.0,0.0020136307311029444,0.0017136307311029445,0.0,-0.00034042553520250666,0.0006807352202973009,0.0003400782212676992,0.0,0.0010198879007453808,-0.00034019391380990917,0.0010198879007453808,0.0010198879007453808,False,False,True,False,False,True,False,False,True,False,False,True,False,False,False,False,False,False,False,True,False,True,True,-0.000263192526851578,-0.0002632618153944068,0.0007895776170175821,-0.0002631232747716528,0.0,0.0007891622137824444,0.0002631232747715068,0.0005260389390110075,0.0007891622137824444,False,False,True,False,False,True,False,True,False,False,False,True,False,False,True,True,False,False,True,False,False,True,False
2022-11-16,2022-11-16 00:00:00+09:00,32345,32345,31870,32220,9267661,69500,32107.5,32280.0,32210.0,32250.0,32230.0,1,False,32050.0,-0.00527622594661703,-0.00557622594661703,-0.000675447509638078,0.001013000255459091,0.0,0.0003373250158482963,-0.0016871945962861467,0.0010126583143861855,0.00033755274582111507,0.0,0.000674991588233346,False,True,False,False,False,True,True,False,False,False,True,False,False,False,False,True,False,False,False,False,False,False,False,-0.0005239717175158237,0.0002620201770525819,0.0010473947016701516,-0.0002617458462790769,-0.0010476690324436888,0.0015710922320411461,0.0007854431612070943,0.0002616773533185005,0.0010471205145255135,False,False,True,False,False,True,True,False,True,False,True,True,False,False,True,True,False,True,True,False,False,False,False
2022-11-17,2022-11-17 00:00:00+09:00,32050,32085,31755,31795,6539407,69500,31920.0,32220.0,32107.5,32007.5,32098.333333333332,0,False,31795.0,0.0,-0.0003,0.0003418219141128381,0.0,-0.0013679892694247865,0.0006835270259289343,0.0,0.0006832935011324836,-0.0010261673553121173,0.0010251154152453505,0.0010251154152453505,False,False,False,True,False,False,False,True,True,True,False,False,True,False,False,False,False,False,False,True,False,True,True,-0.000527426172564117,0.0,-0.0002638174398628405,0.0010548524184874532,-0.0002636088060606055,0.0005271481408312712,-0.0007912436124268777,0.0013183917532582322,0.0005271481408312712,False,False,False,True,False,False,False,True,False,False,False,False,True,False,False,False,True,False,False,True,False,True,True
2022-11-18,2022-11-18 00:00:00+09:00,31795,32105,31700,31725,7653425,69500,31902.5,31795.0,31920.0,31760.0,31913.333333333332,0,False,31800.0,0.0023640661938533203,0.0020640661938533204,-0.00034346557095336184,0.0,-0.0006870491510383883,0.00034358358008502646,-0.0010311050922132445,0.0013740984642328763,-0.0006870491510383883,0.0010303967938964016,0.0003433476428581242,False,False,False,False,False,True,False,True,False,False,False,False,False,False,True,False,False,False,False,True,False,True,True,-0.0005307855750944112,0.00026542800421251554,0.00026535757088172533,-0.0005307855750944112,-0.0002654984749433661,-0.0002654280042125806,0.0,-0.0005307855750944112,-0.0005307855750944112,False,True,False,False,False,False,False,False,False,False,True,False,False,False,False,False,False,False,False,False,False,False,False
2022-11-21,2022-11-21 00:00:00+09:00,31800,31810,31375,31480,10615738,69500,31592.5,31725.0,31902.5,31602.5,31666.666666666668,0,False,31405.0,-0.002382465057179206,-0.002682465057179206,0.0,0.0,0.0006894174695677843,0.0006891799032259499,0.0,0.0006887052613816541,0.0006894174695677843,0.001377885164607514,0.001722653311446156,False,False,True,True,False,False,True,True,True,False,False,True,True,False,False,True,True,True,True,False,False,True,False,0.0002647253489979328,-0.0002647253489979942,0.000793965901176524,0.0,0.0005289606047695034,-0.00026444532746998123,0.000793965901176524,0.00026451527729940777,0.0010584811784759359,False,False,True,False,True,False,True,False,True,True,False,True,False,True,False,True,False,True,True,False,False,False,False
2022-11-22,2022-11-22 00:00:00+09:00,31405,31555,31255,31255,7751187,69500,31405.0,31480.0,31592.5,31367.5,31486.666666666668,0,False,31480.0,0.007198848184290618,0.006898848184290618,-0.0006934813037977247,0.0,0.0,0.0003468007664374897,0.0,0.0,-0.0006934813037977247,0.0003468007664374897,-0.0003466805373602829,False,False,False,False,False,False,False,False,False,False,False,False,False,False,False,False,False,False,False,True,False,False,True,0.0,-0.00026479544706559083,0.0002647954470654529,0.0002647253489979328,0.0005295207960635808,0.0,0.0,0.0002647253489979328,0.0002647253489979328,False,False,False,True,True,False,False,False,False,False,False,False,False,True,False,False,False,False,False,False,False,True,False
2022-11-23,2022-11-23 00:00:00+09:00,31480,31565,31345,31465,7472325,69500,31455.0,31255.0,31405.0,31360.0,31400.0,3,True,31685.0,0.006991895757190614,0.006691895757190614,0.00034252440821277123,0.0,0.0003422899229039236,-0.00034228992290382353,-0.00034228992290382353,-0.00034240712541351684,0.0010272214565300948,-0.0006846970483173513,0.00034252440821277123,True,False,True,False,False,False,True,False,False,True,False,True,False,False,False,True,False,False,False,False,False,False,False,0.0,0.0007844163037854424,-0.00026140373956198067,0.0002614037395618829,-0.00026140373956198067,-0.0005230125642234622,0.0005230125642233791,-0.0005230125642234622,0.0,False,True,False,True,False,False,True,False,False,False,True,False,False,False,False,True,False,False,False,False,False,False,False
2022-11-24,2022-11-24 00:00:00+09:00,31685,31775,31565,31760,11526271,69500,31670.0,31465.0,31455.0,31612.5,31493.333333333332,4,True,31780.0,0.0006297229219143219,0.0003297229219143219,0.0,0.00033789491789637717,-0.000675904047360997,-0.0003381234182679394,0.00033812341826782295,0.001013684830846201,-0.00033800912946451285,0.001013684830846201,0.0006756757013815661,False,False,False,False,True,True,False,False,False,False,True,False,False,True,False,False,False,False,False,True,False,True,True,0.000518806756124439,-0.00025936973300636786,0.0,-0.00025936973300636786,-0.0002594370231181633,0.0,0.00025943702311811723,-0.0005188067561245312,0.0,True,False,False,False,False,False,False,False,False,True,False,False,False,False,False,False,False,False,False,False,False,False,False
2022-11-25,2022-11-25 00:00:00+09:00,31780,31815,31620,31630,4544368,69500,31717.5,31760.0,31670.0,31695.0,31618.333333333332,1,False,31430.0,-0.0063231109705975674,-0.006623110970597567,0.000337211266051616,-0.0006745362818999494,0.0,-0.0003373250158483594,0.0,-0.0006749915882333652,-0.0003373250158483594,-0.0010123166040817398,-0.0010123166040817398,True,False,False,False,False,False,False,False,False,True,False,False,False,False,False,False,False,False,False,False,False,False,False,0.0,0.00025916807194445674,-0.000518403329390967,0.0005184033293909974,0.00025916807194445674,0.00025910092125779207,-0.0002592352574465743,0.0007775042506488046,0.0005182689932021143,False,False,False,True,True,False,False,True,False,False,False,False,True,False,False,False,False,False,False,True,False,True,True
2022-11-28,2022-11-28 00:00:00+09:00,31430,31440,31165,31245,6537635,69500,31302.5,31630.0,31717.5,31437.5,31545.0,0,False,31230.0,-0.000480076812290009,-0.0007800768122900089,-0.0006884681855414514,-0.0003442933413248902,0.0,0.0006887052613816541,0.0006884681855414845,0.00034417484421671573,-0.0006884681855414514,0.0010328801055983466,0.0,False,False,False,True,True,False,False,True,False,False,False,False,True,True,False,False,False,False,False,True,False,False,True,0.0002618143751045898,0.0,0.0,0.00026174584627904827,0.0002616773533185005,0.0002616088961945397,0.0002618143751045898,0.000785032095791819,0.0010468464708965417,True,False,False,False,True,False,False,True,True,False,False,False,False,False,False,False,False,True,True,False,False,True,False
2022-11-29,2022-11-29 00:00:00+09:00,31230,31610,31160,31600,6566545,69500,31385.0,31245.0,31302.5,31422.5,31491.666666666668,4,True,31430.0,-0.005379746835443067,-0.0056797468354430666,-0.0006887052613817005,0.0006884681855414845,-0.0003441748442166385,0.00034417484421671573,-0.0006884681855414514,0.0006884681855414845,0.0,0.00034417484421671573,0.00034417484421671573,False,True,False,False,False,False,False,False,False,False,True,False,False,False,False,False,False,False,False,False,False,True,False,-0.0005261773338973785,0.0,0.0,-0.00026305405912575006,-0.00026305405912575006,0.0007889546760320998,0.00026298487988520876,0.0005259006169064986,0.0005259006169064986,False,False,False,False,False,True,False,False,False,False,False,False,False,False,True,False,False,False,True,False,False,True,False
2022-11-30,2022-11-30 00:00:00+09:00,31430,32075,31430,32075,4160884,69500,31752.5,31600.0,31385.0,31837.5,31640.0,4,True,32535.0,0.014341387373343784,0.014041387373343784,-0.0003480076596807178,0.0,-0.0010447502256227385,-0.000348250047050842,0.0,0.00034825004705091073,-0.0013927578853034689,0.0,-0.000696136470855392,False,False,False,False,False,False,False,False,False,False,False,False,False,False,False,False,False,False,False,False,False,False,False,-0.000528122536700658,0.0,-0.0005282620302456984,0.0,0.000792288434419673,-0.000528122536700658,-0.000792288434419753,0.00026416589771899426,-0.000528122536700658,False,False,False,False,True,False,False,False,False,False,False,False,False,True,False,False,False,False,False,True,False,False,True
2022-12-01,2022-12-01 00:00:00+09:00,32535,32610,32210,32265,7577432,69500,32410.0,32075.0,31752.5,32170.0,31980.0,3,True,32150.0,-0.0035642336897566684,-0.0038642336897566684,0.0003330557899229213,-0.00033305578992300175,0.0003330557899229213,-0.00033305578992300175,0.0,0.0,0.0003330557899229213,0.0,0.0003330557899229213,True,False,True,False,False,False,True,False,False,True,False,True,False,False,False,True,False,False,False,False,False,False,False,0.0005121639036410762,-0.0005121639036411111,0.0002561147408033148,0.0,-0.00025611474080328487,0.0,0.0002561147408033148,-0.00025611474080328487,0.0,True,False,False,False,False,False,False,False,False,True,False,False,False,False,False,False,False,False,False,False,False,False,False
2022-12-02,2022-12-02 00:00:00+09:00,32150,32150,31545,31545,8153695,69500,31847.5,32265.0,32410.0,31905.0,31961.666666666668,0,False,31655.0,0.003487081946425663,0.003187081946425663,-0.00033472803659813133,0.0006693440678280989,0.000334616031229938,-0.00033461603122993426,-0.00033472803659813133,-0.000334840116974122,0.000334616031229938,-0.001004184184802165,-0.0006695681535722385,False,True,True,False,False,False,True,False,False,False,True,True,False,False,False,True,False,False,False,False,False,False,False,-0.0002573009148377921,0.0007717042183618505,0.0,0.0002571685754175006,-0.0005142710321623096,0.0,0.0002572347281064462,0.0,0.0002572347281064462,False,True,False,False,False,False,False,False,False,False,True,False,False,False,False,False,False,False,False,False,False,False,False
2022-12-05,2022-12-05 00:00:00+09:00,31655,31750,31355,31445,9855214,69500,31552.5,31545.0,31847.5,31495.0,31751.666666666668,0,False,31175.0,-0.008586420734616018,-0.008886420734616018,0.000670690836677044,-0.00033517680890298015,0.00033517680890298715,0.0,-0.0003354016466123038,0.0,0.0010058676455800926,-0.0006706908366770322,0.0,True,False,True,False,False,False,True,False,False,True,False,True,False,False,False,True,False,False,False,False,False,False,False,0.000257566002711685,-0.00025756600271173034,0.0005150656822600646,0.0,-0.0007726980423092011,0.0002576323600491703,0.0005150656822600646,-0.0005150656822599119,0.0,True,False,True,False,False,False,True,False,False,False,False,True,False,False,False,True,False,False,False,False,False,False,False
2022-12-06,2022-12-06 00:00:00+09:00,31175,31370,31025,31045,5119207,69500,31197.5,31445.0,31552.5,31245.0,31345.0,0,False,30935.0,-0.003543243678531205,-0.003843243678531205,-0.00034077355926975247,-0.00034100597090896387,0.000340773559269696,-0.0006816632847458095,-0.00034100597090896387,0.0006818956963848225,0.0,-0.00034077355926975247,-0.00034077355926975247,False,False,True,False,False,False,False,False,False,False,False,True,False,False,False,False,False,False,False,False,False,False,False,-0.0002617458462790769,0.0,0.0002616773533185005,-0.00026167735331837996,0.0002616773533185005,-0.0005234231995974472,0.0002616773533185005,-0.0005234231995974472,-0.0002617458462790769,False,False,False,False,True,False,False,False,False,False,False,False,False,False,False,False,False,False,False,False,False,False,False
2022-12-07,2022-12-07 00:00:00+09:00,30935,31065,30850,30870,3129663,69500,30957.5,31045.0,31197.5,30957.5,31120.0,0,False,30895.0,0.0008098477486233602,0.0005098477486233603,-0.0003468007664375113,-0.0003469210789347638,-0.0013888891121542938,-0.001389371532980534,-0.00034764471061060403,0.0003475238957653251,-0.0020826109575265675,-0.0010418476372153287,-0.0020826109575265675,False,False,False,False,False,False,False,False,False,False,False,False,False,False,False,False,False,False,False,False,False,False,False,-0.0002652168163007091,-0.00026528717492096634,-0.00026535757088177797,-0.001062134990983423,0.0,0.0007971303730182785,-0.0007958615621034533,-0.0007964954622597524,-0.0015923570243631946,False,False,False,False,False,True,False,False,False,False,False,False,False,False,True,False,False,False,False,False,False,False,False
2022-12-08,2022-12-08 00:00:00+09:00,30895,30935,30660,30870,7341164,69500,30797.5,30870.0,30957.5,30870.0,30928.333333333332,0,False,31025.0,0.0050210560414643,0.0047210560414643,0.0003500787712980659,-0.00035007877129806733,0.0003500787712980659,0.00034995625903964386,0.00034983383249916734,0.0003497114915865492,0.0003500787712980659,0.0010495015831252018,0.0013995803544232636,True,False,True,True,True,False,True,True,True,True,False,True,False,True,False,True,True,True,True,False,True,True,False,0.0,-0.0002666311174308447,0.0013324452337786948,-0.00053276506321428,0.0,0.0007990411931327646,0.0010658141163478242,0.0002662761299185153,0.0013320902462661312,False,False,True,False,False,True,True,True,True,False,False,True,False,False,True,True,False,True,True,False,False,False,False
2022-12-09,2022-12-09 00:00:00+09:00,31025,31275,30905,31230,5317174,69500,31090.0,30870.0,30797.5,31050.0,30990.0,4,True,31010.0,-0.0070445084854307005,-0.0073445084854307004,0.0,0.0006884681855414845,-0.0006884681855414514,0.0,0.00034429334132488504,0.00034417484421671573,0.0,0.0006884681855414845,0.0006884681855414845,False,True,False,False,True,False,False,False,True,False,True,False,False,True,False,False,False,False,False,False,False,True,False,0.0005275652984403766,0.0,-0.0002637478585776228,-0.0002638174398628405,0.0,0.0005275652984403766,0.0002638174398627997,0.0002637478585775068,0.0005275652984403766,True,False,False,False,False,True,True,False,True,True,False,False,False,False,False,False,False,False,True,False,False,False,False
2022-12-12,2022-12-12 00:00:00+09:00,31010,31100,30930,31035,5504100,69500,31015.0,31230.0,31090.0,31132.5,31045.0,1,False,31200.0,0.0053165780570323395,0.00501657805703234,0.0,0.0003481288111748568,0.0,0.0003480076596807506,-0.0003480076596807178,0.0003480076596807506,0.0003481288111748568,0.0003480076596807506,0.0006961364708554241,False,True,False,True,False,False,True,False,True,False,False,False,False,False,False,True,False,False,True,False,False,False,False,0.0,0.0,0.0005329070203388764,0.0,0.0,0.0,0.0007994670645667128,0.0,0.0007994670645667128,False,False,True,False,False,False,True,False,True,False,False,True,False,False,False,True,False,True,False,False,False,False,False
2022-12-13,2022-12-13 00:00:00+09:00,31200,31225,30900,31010,6070944,69500,31062.5,31035.0,31015.0,31022.5,31091.666666666668,0,False,31125.0,0.0037084811351177915,0.0034084811351177916,0.0,0.0003437016703365417,0.0010303967938964016,0.0,0.0003434655709534384,0.0006865774385735515,0.0013740984642328763,0.0003432297957154304,0.0017173282599486142,False,True,True,False,True,True,True,False,True,False,False,True,False,True,False,True,False,True,True,False,False,False,False,0.0,0.0,0.001574803475066391,-0.0005246589837034931,-0.0005249343952561279,0.0005249343952562833,0.001574803475066391,-0.0005246589837034931,0.0010501444913629382,False,False,True,False,False,False,True,False,True,False,False,True,False,False,False,True,False,True,False,False,False,False,False
2022-12-14,2022-12-14 00:00:00+09:00,31125,31395,31115,31360,4928094,69500,31255.0,31010.0,31062.5,31185.0,31135.0,4,True,31170.0,-0.00605867346938771,-0.00635867346938771,-0.00033835222789384295,0.0,0.0,0.0003383522278937695,-0.0006768189767673282,-0.0010160881483857334,-0.00033835222789384295,-0.0013545548972591806,-0.0016929071251529843,False,False,False,False,False,False,False,False,False,False,False,False,False,False,False,False,False,False,False,False,False,False,False,-0.00025957170814140234,-0.00025963910310727504,0.0,0.0007787151594028909,-0.0010384216924818263,0.0005193456361863339,-0.000519210811248677,0.0002596391031073114,-0.00025957170814140234,False,False,False,True,False,False,False,False,False,False,False,False,True,False,False,False,False,False,False,True,False,False,True
2022-12-15,2022-12-15 00:00:00+09:00,31170,31210,30840,30840,7233435,69500,31025.0,31360.0,31255.0,31100.0,31070.0,0,False,30380.0,-0.0149156939040207,-0.0152156939040207,0.0003421728006012538,0.00034205575842310184,-0.00034205575842313887,0.00034205575842310184,-0.0003421728006011758,0.0003421728006012538,0.0003421728006012538,0.0,0.0003421728006012538,True,True,False,False,False,False,True,False,False,True,False,False,False,False,False,True,False,False,False,False,False,False,False,-0.0002618143751046194,0.0002618143751045898,0.00026174584627904827,-0.0002617458462790769,-0.0005235602213837249,0.0,0.00026174584627904827,-0.0005235602213837249,-0.0002618143751046194,False,True,False,False,False,False,False,False,False,False,True,False,False,False,False,False,False,False,False,False,False,False,False
2022-12-16,2022-12-16 00:00:00+09:00,30380,30735,30375,30695,5847327,69500,30555.0,30840.0,31025.0,30767.5,30965.0,1,False,30620.0,-0.0024433946896889047,-0.0027433946896889046,-0.0007089684806000765,0.0010632643213300838,0.0007082153270520293,-0.0007082153270519971,-0.0007084662003734228,0.001062511167782057,0.001062511167782057,0.0,0.001062511167782057,False,True,True,False,False,True,True,False,True,False,True,True,False,False,True,True,False,True,False,False,False,False,False,-0.000807645756649004,0.00026928773557106597,0.0013453520124188459,-0.0002689256436807571,0.0,-0.00026899798413714806,0.0008069939913409674,-0.0005379236278178722,0.0002690703635229484,False,True,True,False,False,False,True,False,False,False,True,True,False,False,False,True,False,False,False,False,False,False,False
2022-12-19,2022-12-19 00:00:00+09:00,30620,30835,30575,30700,4226027,69500,30705.0,30695.0,30555.0,30697.5,30745.0,3,True,30585.0,-0.0037459283387621944,-0.004045928338762194,-0.00107353740852408,0.00071581964402282,0.0,0.00071581964402282,0.0,0.0014301039262540809,-0.00107353740852408,0.0021459235702766762,0.0010723861617527185,False,True,False,True,False,True,False,True,True,False,True,False,True,False,True,False,True,True,False,True,False,True,True,-0.0016339872916550239,0.0008173273850990113,0.00027229407928630096,0.0005445140346898021,0.0008162155262010373,0.0005439216886887193,-0.0005443658272697097,0.0016326534238853118,0.0008159935173293592,False,True,True,True,True,True,False,True,True,False,True,True,True,True,False,False,True,True,False,True,True,True,True
2022-12-20,2022-12-20 00:00:00+09:00,30585,30690,30320,30445,5809168,69500,30505.0,30700.0,30705.0,30572.5,30613.333333333332,0,False,30630.0,0.006076531450156075,0.005776531450156075,-0.000367579493203307,0.0007350239213683767,0.0,0.0018351996341770525,-0.0011007155761855161,0.0014673516939497444,0.0003674444281651015,0.002201835751941272,0.002569280180106526,False,True,False,True,False,True,True,True,True,False,True,False,True,False,True,True,True,True,True,False,False,True,False,-0.0008327550793533069,0.0013871551676376043,0.0,0.0005543237392494924,-0.0005541701444123004,0.00027712346027426244,0.0008320621753104698,0.0005543237392494924,0.0013863859145600513,False,True,False,True,False,False,True,True,True,False,True,False,True,False,False,True,True,True,True,False,False,False,False
2022-12-21,2022-12-21 00:00:00+09:00,30630,30635,30335,30370,5724378,69500,30485.0,30445.0,30505.0,30407.5,30505.0,0,False,30510.0,0.004609812314784412,0.004309812314784412,0.0,0.001084794899365313,-0.0007230658304907874,-0.0007235890330186096,0.0007235890330186378,0.0007230658304907043,0.00036172906887455854,0.0007230658304907043,0.001084794899365313,False,True,False,False,True,True,True,True,True,False,True,False,False,True,True,True,False,True,True,False,False,True,False,0.0,0.0002730375443582586,-0.0008193363834023889,-0.0005464481010294066,0.0008195602152491295,0.0002730375443582586,-0.0005462988390441257,0.0005461496585780654,0.0002730375443582586,False,True,False,False,True,False,False,True,False,False,True,False,False,True,False,False,True,False,False,True,False,True,True
2022-12-22,2022-12-22 00:00:00+09:00,30510,30765,30440,30765,4637378,69500,30602.5,30370.0,30485.0,30567.5,30526.666666666668,4,True,30420.0,-0.011214041930765473,-0.011514041930765473,0.0,0.0003569516368437728,0.0,-0.00035695163684375383,-0.0003572066478417515,-0.0003570790968132168,0.0003569516368437728,-0.0007140307336570628,-0.0003570790968132168,False,False,False,False,False,False,True,False,False,False,True,False,False,False,False,True,False,False,False,False,False,False,False,-0.0002696508038449936,0.0002695781118899831,-0.000269578111890036,0.0005392289157349521,-0.000269578111890036,0.0,0.0,0.00026965080384509224,0.0,False,True,False,True,False,False,False,True,False,False,True,False,True,False,False,False,False,False,False,False,False,False,False
2022-12-23,2022-12-23 00:00:00+09:00,30420,30500,30180,30235,7174835,69500,30340.0,30765.0,30602.5,30500.0,30456.666666666668,0,False,30205.0,-0.0009922275508517098,-0.0012922275508517097,-0.0007342144235848961,0.0,-0.000367309462348268,0.0,0.0,0.0,-0.0011015238859330796,0.0,-0.0011015238859330796,False,False,False,False,False,False,False,False,False,False,False,False,False,False,False,False,False,False,False,False,False,False,False,-0.00027393507909964567,0.0,-0.00027401014008957773,0.0,-0.0002740852422256295,-0.0002741603855417925,-0.0005479452191892714,-0.0005482456277674095,-0.0010961908469566289,False,False,False,False,False,False,False,False,False,False,False,False,False,False,False,False,False,False,False,False,False,False,False
2022-12-26,2022-12-26 00:00:00+09:00,30205,30315,30130,30280,5992640,69500,30222.5,30235.0,30340.0,30257.5,30426.666666666668,2,True,30410.0,0.004293262879788706,0.003993262879788706,0.0,-0.0029325534212776413,0.002566454204301988,-0.000732332511675224,0.0007323325116752631,0.0003659652373873093,-0.000366099216975653,0.0003659652373873093,0.0003659652373873093,True,False,True,False,True,False,False,True,False,False,False,True,False,True,False,False,False,False,False,True,False,True,True,0.0,0.0,0.0,-0.0005446623228329797,0.0008168822782367341,0.0,0.0,0.0002722199554035757,0.0002722199554035757,True,False,False,False,True,False,False,True,False,False,False,False,False,True,False,False,False,False,False,False,False,True,False
2022-12-27,2022-12-27 00:00:00+09:00,30410,30565,30355,30495,2912644,69500,30460.0,30280.0,30222.5,30387.5,30336.666666666668,4,True,30355.0,-0.0045909165436957,-0.0048909165436957,0.0,0.0,0.0,-0.0003640997673574868,0.0,0.0,0.0,-0.0003640997673574868,-0.0003640997673574868,False,False,False,False,False,False,False,False,False,False,False,False,False,False,False,False,False,False,False,False,False,False,False,0.0002711129201911798,0.00027103943789731004,-0.000271039437897252,-0.0002711129201911443,0.0,0.0002711129201911798,0.0002711129201911798,0.0,0.0002711129201911798,True,True,False,False,False,False,True,False,False,True,True,False,False,False,False,False,False,False,False,False,False,False,False
2022-12-28,2022-12-28 00:00:00+09:00,30355,30395,30100,30135,7272311,69500,30247.5,30495.0,30460.0,30315.0,30303.333333333332,0,False,29970.0,-0.005475360876057711,-0.005775360876057711,-0.0007443245598573315,-0.0003723701402178302,0.0,0.0003723701402177658,-0.0003723701402178302,0.0014886493258996056,-0.0011166947000750686,0.0014886493258996056,0.0003719546258244224,False,False,False,True,False,True,False,True,False,False,False,False,True,False,True,False,True,False,False,True,False,True,True,-0.0002737101426695415,-0.000547645139645601,0.0,0.0,0.00027386005922230237,0.0,-0.0008213552823152149,0.00027386005922230237,-0.0005474952230929745,False,False,False,False,True,False,False,True,False,False,False,False,False,True,False,False,False,False,False,True,False,False,True
2022-12-29,2022-12-29 00:00:00+09:00,29970,30010,29595,29595,5512087,69500,29802.5,30135.0,30247.5,29865.0,30075.0,0,False,29665.0,0.0023652644027707392,0.0020652644027707393,0.0,0.0,0.0,0.00037629351337719187,0.0007521625025541085,0.0003760105327249878,-0.0003764351634889809,0.001128456015931205,0.001128456015931205,False,False,False,True,True,False,False,True,True,False,False,False,True,True,False,False,True,True,False,True,False,True,True,0.0,0.00027712346027426244,-0.0005544774192517471,0.00027720027897535233,0.00027712346027426244,0.0,-0.0005544774192517471,0.0005543237392494924,0.00027712346027426244,True,True,False,True,True,False,False,True,True,False,True,False,True,True,False,False,True,False,False,True,False,True,True
2023-01-02,2023-01-02 00:00:00+09:00,29665,29830,29390,29420,5627556,69500,29610.0,29595.0,29802.5,29507.5,29716.666666666668,0,False,29455.0,0.0011896668932698251,0.0008896668932698252,-0.002219756738312888,0.0003703018001951151,0.0,-0.00037030180019518373,0.0003703018001951151,-0.0007407407746109131,-0.00184945493811776,-0.0007407407746109131,-0.002590195712728673,False,True,False,False,True,False,False,False,False,False,True,False,False,True,False,False,False,False,False,False,False,False,False,0.0,0.0005482456277673391,0.00027401014008954076,0.0,0.0021893823742738534,0.0013659338280034617,0.0008222557678569557,0.0035553162022772685,0.004377571970134175,True,True,True,False,True,True,True,True,True,False,True,True,False,True,True,True,True,True,True,False,False,True,False
2023-01-03,2023-01-03 00:00:00+09:00,29455,29545,28870,29420,9260988,69500,29207.5,29420.0,29610.0,29420.0,29478.333333333332,0,False,29255.0,-0.005608429639700874,-0.005908429639700874,0.002205883247411818,-0.000367309462348268,-0.000734753890513295,0.0,-0.000367579493203307,0.001836547807301552,0.0014711293568985277,0.0014689683140982136,0.0029400976709966567,True,False,False,False,False,True,True,True,True,True,False,False,False,False,True,True,True,True,True,False,False,False,False,0.0013633267278641253,0.0005448106917650241,-0.0005448106917651621,-0.0002725166933338575,0.00027251669333390075,0.001633542426961626,0.0013633267278641253,0.001633542426961626,0.002996869154825705,True,True,False,False,True,True,True,True,True,True,True,False,False,True,True,True,True,True,True,False,False,True,False
2023-01-04,2023-01-04 00:00:00+09:00,29255,30110,29240,30040,8096923,69500,29675.0,29420.0,29207.5,29730.0,29626.666666666668,4,True,30210.0,0.00565912117177092,0.00535912117177092,0.00036989088640718224,0.0,0.00036975411772720214,-0.00036975411772716886,0.00036975411772720214,0.0007393715678786705,0.000739645004134225,0.000369617450151546,0.0011092624542857557,True,False,True,False,True,True,True,False,True,True,False,True,False,True,True,True,False,True,True,False,False,False,False,0.0,0.0,0.0005479452191892126,0.0,0.0,0.00027386005922230237,0.00027393507909959764,0.00027386005922230237,0.0005477951383219629,True,False,True,False,False,False,False,True,False,False,False,True,False,False,False,False,False,False,True,False,False,False,False
2023-01-05,2023-01-05 00:00:00+09:00,30210,30425,30045,30280,8142508,69500,30235.0,30040.0,29675.0,30160.0,29913.333333333332,4,True,30070.0,-0.006935270805812466,-0.007235270805812466,0.00036989088640718224,0.00036975411772720214,-0.00036975411772716886,0.0007393715678786705,0.0003694808835679423,-0.0007390983337193331,0.00036989088640718224,0.00036975411772720214,0.000739645004134225,True,True,False,True,True,False,True,False,False,True,True,False,True,True,False,True,False,False,True,False,False,False,False,0.00027251669333390075,0.0,-0.0002725166933338575,0.0005451076722604805,0.0005449591415522299,-0.0005449591415522166,0.0,0.00027259097892668604,0.0,True,False,False,True,True,False,False,False,False,True,False,False,True,True,False,False,False,False,False,False,False,False,False
2023-01-06,2023-01-06 00:00:00+09:00,30070,30765,30070,30605,7372663,69500,30417.5,30280.0,30235.0,30442.5,30308.333333333332,4,True,30945.0,0.011109295866688518,0.010809295866688518,-0.0003739016682184396,0.0,0.0,0.0,-0.0003741814823826544,-0.0003741814823826544,-0.0007479431911879304,-0.0003741814823826544,-0.001122124673570591,False,False,False,False,False,False,False,False,False,False,False,False,False,False,False,False,False,False,False,False,False,False,False,-0.00054914883313035,0.0,0.0,0.0,0.00027461211211982593,-0.0005492996567668725,-0.00054914883313035,-0.00027468754464710863,-0.0008238363777774503,False,False,False,False,True,False,False,False,False,False,False,False,False,True,False,False,False,False,False,False,False,False,False
2023-01-09,2023-01-09 00:00:00+09:00,30945,31440,30895,31430,7939187,69500,31167.5,30605.0,30417.5,31017.5,30771.666666666668,4,True,31345.0,-0.0027044225262488064,-0.0030044225262488063,-0.0007272727593288186,0.0003637024953713289,0.0003635702639575435,-0.0007272727593288186,0.0010907108879885381,-0.00036343812865976773,0.0,0.0,0.0,False,False,True,False,True,False,False,False,False,False,True,True,False,True,False,False,False,False,False,False,False,False,False,0.0005367686655985585,-0.0008052610823007589,0.0005369127645760014,-0.0005369127645760792,0.00026849241670216345,0.0,0.000268420347873782,-0.0002684203478738768,0.0,True,False,True,False,False,False,False,False,False,True,False,True,False,True,False,False,False,False,False,False,False,False,False
2023-01-10,2023-01-10 00:00:00+09:00,31345,31675,31295,31470,7504527,69500,31485.0,31430.0,31167.5,31450.0,31168.333333333332,4,True,31610.0,0.004448681283762301,0.004148681283762301,0.0003639672469661882,0.0003638348230058196,0.0,0.0,0.0003637024953713289,0.0003635702639575435,0.0007278020699718133,0.0007272727593287346,0.0014550748293006056,True,True,False,False,False,False,True,True,True,True,True,False,False,True,False,True,False,True,True,False,False,False,False,-0.00027008778016990624,0.0008100445967443455,-0.00026994196411721786,0.0005398110792350076,0.0005395198404407314,0.0,0.0002700148524573499,0.0010793309196758319,0.001349345772133035,False,True,False,True,True,False,False,True,True,False,True,False,True,True,False,False,True,True,True,False,False,True,False
2023-01-11,2023-01-11 00:00:00+09:00,31610,31705,31375,31525,6027427,69500,31540.0,31470.0,31485.0,31497.5,31475.0,3,True,31715.0,0.006026962727993634,0.0057269627279936345,0.0007199424357041638,0.00035977694217898025,-0.000359776942179008,-0.001080108115808552,0.0007202016875939115,0.0,0.0007199424357041638,-0.0003599064282145911,0.00036003600748952364,True,False,False,False,True,False,True,False,False,True,True,False,False,True,False,True,False,False,False,False,False,False,False,0.0,0.0005347593710324472,-0.00026734393956848266,0.0,0.0,0.0,0.00026741543146380003,0.0,0.00026741543146380003,False,True,False,False,False,False,False,False,False,False,True,False,False,False,False,False,False,False,False,False,False,False,False
2023-01-12,2023-01-12 00:00:00+09:00,31715,31750,31445,31615,5442438,69500,31597.5,31525.0,31540.0,31570.0,31536.666666666668,3,True,31695.0,0.0025304444092992817,0.002230444409299282,0.0003534193357162162,-0.0003534193357161029,0.0,-0.00035354428510379383,0.0,-0.0010613834359220105,0.0,-0.0014149277210259098,-0.0014149277210259098,True,False,False,False,False,False,False,False,False,True,False,False,False,False,False,False,False,False,False,False,False,False,False,0.0,0.0,0.0,0.0,-0.00026409613252662435,0.0,0.0,-0.00026409613252662435,-0.00026409613252662435,False,False,False,False,False,False,False,False,False,False,False,False,False,False,False,False,False,False,False,False,False,False,False
2023-01-13,2023-01-13 00:00:00+09:00,31695,32025,31685,31845,6258098,69500,31855.0,31615.0,31597.5,31730.0,31661.666666666668,4,True,31905.0,0.0018841262364579503,0.0015841262364579504,-0.0007069636208198944,0.0003535442851039067,0.0007067138103323802,0.0,0.00035316970171077235,-0.0007064641763271062,0.0003532944746163836,-0.000353294474616286,0.0,False,False,True,False,False,False,False,False,False,False,False,True,False,True,False,True,False,False,False,False,False,False,False,-0.00026409613252662435,0.0002640961325265871,0.0,0.0,0.0,0.0002640264041741029,0.0,0.0002640264041741029,0.0002640264041741029,False,False,False,False,False,False,False,False,False,False,False,False,False,False,False,False,False,False,False,False,False,True,False
2023-01-16,2023-01-16 00:00:00+09:00,31905,32235,31875,32100,6503180,69500,32055.0,31845.0,31855.0,31972.5,31853.333333333332,4,True,32080.0,-0.0006230529595016021,-0.000923052959501602,0.0006988120480048394,-0.0010484012842167266,-0.0003497114915865191,0.0,-0.0014000702322011969,0.0007000350303377084,-0.0006993007277985042,-0.00034983383249905615,-0.001049134560297505,True,False,False,False,False,False,False,False,False,True,False,False,False,False,True,False,False,False,False,False,False,False,False,0.000524383860993606,-0.0002621575581929648,-0.0002622263028006392,-0.0010495933789597444,0.0,0.0002624327531134626,0.0,-0.0005246589837034931,-0.0005246589837034931,True,False,False,False,False,False,False,False,False,True,False,False,False,False,False,False,False,False,False,False,False,False,False
2023-01-17,2023-01-17 00:00:00+09:00,32080,32130,31800,31845,4685873,69500,31965.0,32100.0,32055.0,31972.5,31930.0,0,False,31810.0,-0.0010990736379337118,-0.0013990736379337117,-0.0007039775017942694,0.0003520506989362662,0.0010554090689434672,-0.0007034822660855775,0.0,0.0,0.0007034822660855957,-0.0007034822660855775,0.0,False,False,True,False,False,False,True,False,False,False,True,True,False,False,False,True,False,False,False,False,False,False,False,0.0002634699000881076,0.0,0.0002634005019837822,0.0,0.0002633311404288766,0.0002632618153943183,0.0005268704020720949,0.0005265929558232736,0.0010534633578951904,True,False,True,False,False,False,True,False,True,True,False,True,False,True,False,True,True,True,True,False,False,False,False
2023-01-18,2023-01-18 00:00:00+09:00,31810,31880,31465,31640,5638277,69500,31672.5,31845.0,31965.0,31742.5,31861.666666666668,0,False,31470.0,-0.00537294563843238,-0.00567294563843238,-0.00034885749525271666,0.0006975933313937793,-0.00034885749525271666,0.0006975933313937793,-0.0006975933313938473,0.0017430717329466987,-0.00034885749525271666,0.0017430717329466987,0.0013942142376940586,False,True,False,True,False,True,False,True,True,False,True,False,True,False,True,False,True,True,False,True,False,True,True,-0.0002626395287585791,0.0005252100961066164,-0.0005252100961066888,0.0,0.0005252100961066164,0.0005249343952562833,-0.0002626395287585791,0.0010501444913629382,0.0007875049626043908,False,True,False,False,True,True,False,True,True,False,True,False,False,True,True,False,True,True,False,True,False,True,True
2023-01-19,2023-01-19 00:00:00+09:00,31470,31840,31470,31835,5645260,69500,31655.0,31640.0,31672.5,31737.5,31773.333333333332,4,True,31805.0,-0.0009423590387938052,-0.0012423590387938051,-0.00035417035964338956,0.00035417035964327735,0.00035417035964327735,-0.0010628876111363579,0.0007087172514929507,0.0007082153270520293,0.0,0.00035404496740864226,0.00035404496740864226,False,False,True,False,True,True,False,False,False,False,True,True,False,True,True,False,False,False,False,False,False,True,False,-0.00026763013675068574,0.0,-0.0002677017818155054,-0.0002677734652497163,0.00080310538381599,0.00026755853002427923,-0.0005353319185661638,0.0008028904485905621,0.00026755853002427923,False,False,False,False,True,True,False,True,False,False,False,False,False,True,False,False,True,False,False,True,False,True,True
2023-01-20,2023-01-20 00:00:00+09:00,31805,32055,31715,32045,6784232,69500,31885.0,31835.0,31655.0,31940.0,31840.0,4,True,32495.0,0.014042752379466394,0.013742752379466395,0.0010685664418374349,-0.0003560619585418899,0.0,0.0007119971820897821,-0.0003559352235477464,0.0014229813856132434,0.0007125044832955,0.0017790433441551784,0.002491547827450637,True,False,False,True,False,True,True,True,True,True,False,False,True,False,True,True,True,True,True,False,False,True,False,0.0002685645242408634,0.0002685645242408634,0.0,0.00026849241670216345,-0.0005370569409430242,0.00026849241670216345,0.0002685645242408634,0.00026849241670216345,0.0005370569409429176,True,False,True,True,False,True,True,False,True,True,True,False,True,False,False,True,False,False,True,False,False,False,False
2023-01-25,2023-01-25 00:00:00+09:00,32495,32650,32450,32550,4435906,69500,32550.0,32045.0,31885.0,32297.5,32143.333333333332,4,True,32580.0,0.0009216589861751334,0.0006216589861751335,-0.00034346557095336184,-0.000343583580084992,0.0006870491510383883,0.0,-0.0003432297957155203,0.0003433476428581242,0.0,0.0003433476428581242,0.0003433476428581242,False,False,True,False,False,False,False,False,False,False,False,True,False,False,False,False,False,False,False,False,False,True,False,-0.0007875049626042703,0.0005250722094907142,0.0,0.0,-0.0005250722094907299,0.0010498688628367949,-0.0005249343952561279,0.0007872982954886326,0.00026236390023243785,False,True,False,False,False,True,False,True,False,False,True,False,False,False,True,False,True,False,False,True,False,True,True
2023-01-26,2023-01-26 00:00:00+09:00,32580,33035,32500,33000,3786065,69500,32767.5,32550.0,32550.0,32775.0,32531.666666666668,4,True,33070.0,0.0021212121212121904,0.0018212121212121905,-0.0006807352202972319,0.0003404255352024402,0.0013605444275603007,0.0010191949243041705,0.00033961623692020453,-0.0003395009368885229,0.0010202347424654594,0.0010191949243041705,0.0020394296667696973,False,False,True,True,False,False,True,True,True,False,False,True,True,True,False,True,True,True,True,False,False,False,False,-0.00026092628980396156,0.0,0.0007825747106055026,0.0007819627662886638,0.001041666760856704,-0.0005206977467294308,0.0005216484208015447,0.0013029317804160619,0.0018245802012174836,False,False,True,True,True,False,True,True,True,False,False,True,True,True,False,True,True,True,True,False,False,True,False
2023-01-27,2023-01-27 00:00:00+09:00,33070,33475,32940,33260,4113349,69500,33207.5,33000.0,32767.5,33130.0,32936.666666666664,4,True,33200.0,-0.0018039687312086938,-0.0021039687312086938,0.0,0.0003368704764887547,0.0,0.0,0.0,0.0,0.0,0.0,-0.00033687047648873586,False,False,False,False,False,False,False,False,False,False,False,False,False,False,False,False,False,False,False,False,False,False,False,0.0,0.0,0.0,-0.00025910092125774653,0.0,0.00025910092125779207,0.0,0.0,0.0,False,False,False,False,False,False,False,False,False,False,False,False,False,False,False,False,False,False,False,False,False,False,False
2023-01-30,2023-01-30 00:00:00+09:00,33200,33290,32650,32660,6923472,69500,32970.0,33260.0,33207.5,32960.0,32973.333333333336,0,False,32660.0,0.0,-0.0003,-0.0003337226795531052,0.0006673340254329241,0.00033350008646598604,-0.0003335000864661045,-0.0003336113458798256,-0.0003337226795531052,0.0006671114323458633,-0.0010008341118989687,-0.0003337226795531052,False,True,False,False,False,False,False,False,False,False,True,True,False,False,False,True,False,False,False,False,False,False,False,0.0,0.0,0.0,-0.00025889967782156,0.0002588996778215473,0.0,0.0,0.0,0.0,False,False,False,False,False,False,False,False,False,False,False,False,False,False,False,False,False,False,False,False,False,False,False
2023-01-31,2023-01-31 00:00:00+09:00,32660,32720,32115,32155,7811334,69500,32417.5,32660.0,32970.0,32407.5,32691.666666666668,0,False,32385.0,0.007152853366505951,0.006852853366505951,-0.0003398470720899985,-0.0006800408286555144,-0.0006802721350776282,-0.0003403096850947708,0.0013605444275603007,0.0006795786873841222,-0.0013600818145554053,0.0016998134298495523,0.00033973161529402256,False,False,False,False,True,True,False,True,False,False,False,False,False,True,False,False,True,False,False,True,False,True,True,0.0002612671471426152,-0.0007840063122086455,-0.0005230125642234622,0.0,0.0005228758289062747,0.000261335425503974,-0.001045751729289451,0.0007842112544103488,0.0,True,False,False,False,True,False,False,False,False,True,False,False,False,True,False,False,True,False,False,True,False,False,True
2023-02-01,2023-02-01 00:00:00+09:00,32385,32585,32280,32505,6413355,69500,32432.5,32155.0,32417.5,32330.0,32440.0,4,True,32950.0,0.013690201507460475,0.013390201507460476,0.0006702413119540139,-0.0003350645030510007,0.0003350645030510198,0.0,-0.0006702413119539617,0.0,0.0006702413119540139,-0.0003350645030510007,0.00033517680890298715,True,False,False,False,False,False,False,False,False,True,False,True,False,False,False,True,False,False,False,False,False,False,False,0.0005163955704736466,-0.000516395570473542,0.0005163955704736466,-0.000516395570473542,0.0,0.0007744933909796557,0.0005163955704736466,0.00025809782050628964,0.0007744933909796557,True,False,True,False,False,True,True,False,True,True,False,True,False,False,True,True,False,True,True,False,False,False,False
2023-02-02,2023-02-02 00:00:00+09:00,32950,33085,32595,32855,8822068,69500,32840.0,32505.0,32432.5,32680.0,32505.0,3,True,32795.0,-0.001826206056916746,-0.002126206056916746,0.0,-0.0003236769732094918,0.00032367697320939497,-0.0003236769732094918,0.0,0.0009707167887309609,0.0,0.0006470398155215375,0.0006470398155215375,False,False,False,False,False,True,False,True,False,False,False,False,False,False,True,False,False,False,False,False,False,True,False,-0.00025396825533333296,0.0002539682553332658,-0.0005080010269268118,0.0,0.0002540327715934676,0.0,-0.0005080010269268118,0.0002540327715934676,-0.00025396825533333296,False,False,False,False,False,False,False,False,False,False,False,False,False,False,False,False,False,False,False,True,False,False,True
2023-02-03,2023-02-03 00:00:00+09:00,32795,33080,32660,32990,5538504,69500,32870.0,32855.0,32840.0,32922.5,32783.333333333336,4,True,32695.0,-0.008942103667778145,-0.009242103667778145,0.0003204614672513889,-0.0009613844675741635,0.0,0.0009616926530576789,0.0003203588045978637,-0.00032035880459796017,-0.0003205641957247786,0.0009616926530576789,0.0003204614672513889,False,False,False,True,False,False,False,True,False,True,False,False,True,True,False,False,True,False,False,True,False,True,True,0.0,-0.00025255714239564144,-0.0007580543635278997,0.000505433419908285,-0.00025255714239564144,0.0,-0.0010106115059235032,0.000758054363527857,-0.00025255714239564144,False,False,False,True,False,False,False,True,False,False,False,False,True,False,False,False,True,False,False,True,False,False,True
2023-02-06,2023-02-06 00:00:00+09:00,32695,32780,32240,32240,9254976,69500,32510.0,32990.0,32870.0,32615.0,32695.0,0,False,32265.0,0.0007754342431762762,0.0004754342431762762,0.000646621425698859,0.0006462035766063014,0.0006455778145455453,0.0006451613127006535,-0.00032252862721135613,-0.0006451613127007591,0.0022613480804356875,0.0,0.0022613480804356875,True,True,True,True,False,False,True,False,True,True,True,True,True,False,False,True,False,True,False,False,False,False,False,0.0002550044639600185,0.0005098139289622219,0.0005095541511525829,0.0,-0.0002548095312551268,0.0005095541511525829,0.0012743725440746393,0.0,0.0012743725440746393,False,True,True,False,False,True,True,False,True,True,True,True,False,False,True,True,False,True,False,False,False,False,False
2023-02-07,2023-02-07 00:00:00+09:00,32265,32540,32190,32440,5380254,69500,32365.0,32240.0,32510.0,32340.0,32556.666666666668,2,True,32645.0,0.00631935881627621,0.0060193588162762105,0.0009710309874495231,-0.00032357224032514173,0.0006472492135345129,0.00032346757519636105,-0.001618385205153304,0.001941748182910384,0.0009710309874495231,0.0006468305529532651,0.001617861540402833,True,False,True,True,False,True,True,False,True,True,False,True,False,False,True,True,False,True,True,False,False,False,False,0.0,-0.00025519969514536207,0.0,0.00025519969514538034,0.0,0.0,-0.00025519969514536207,0.00025519969514538034,0.0,False,False,False,True,False,False,False,False,False,False,False,False,True,False,False,False,False,False,False,True,False,False,True
2023-02-08,2023-02-08 00:00:00+09:00,32645,33050,32640,32945,7531065,69500,32845.0,32440.0,32365.0,32692.5,32541.666666666668,4,True,32750.0,-0.005918955835483408,-0.006218955835483408,0.0003173092204951138,0.0009513239975438111,0.0003169069904514092,0.0,0.0,-0.00031700745232980773,0.0015855402084903544,-0.00031700745232980773,0.0009516257657090132,False,True,False,False,False,False,True,False,True,True,True,False,False,False,False,True,False,True,False,False,False,False,False,0.00025236593193874113,0.0005046681913823097,0.0005044136298627622,-0.0007565250644515309,0.00025223861906979283,0.0,0.0010090818212451498,-0.0005042864453817799,0.0007569068104520305,False,True,True,False,False,False,True,False,True,True,True,True,False,False,False,True,False,True,False,False,False,False,False
2023-02-09,2023-02-09 00:00:00+09:00,32750,32970,32665,32840,6633140,69500,32817.5,32945.0,32845.0,32892.5,32741.666666666668,2,True,32635.0,-0.00624238733252136,-0.00654238733252136,0.0,0.0009663392602520829,-0.0003219056844150634,-0.0006441224055230209,0.0,0.0012878301844286859,0.0006441224055230074,0.000643707778905692,0.0012878301844286859,False,True,False,False,False,True,False,False,True,False,True,False,False,False,True,True,False,True,True,False,False,False,False,-0.0002542911647523989,0.0007626795844463301,-0.0007626795844464763,-0.00025435584519688844,0.0,0.001016776905086811,-0.0002542911647523989,0.001016776905086811,0.0007624857403346172,False,True,False,False,False,True,False,True,True,False,True,False,False,False,True,False,True,True,False,True,False,True,True
2023-02-10,2023-02-10 00:00:00+09:00,32635,32790,32520,32755,8029663,69500,32655.0,32840.0,32817.5,32797.5,32846.666666666664,1,False,32585.0,-0.005190047321019686,-0.005490047321019686,0.0006546645078333589,0.0003271716044234606,0.00032706459817301206,0.00032695766189578266,0.0006535947945090159,0.00032663727221663065,0.001308900710429851,0.0013071897286214247,0.002616090439051288,True,False,False,True,True,False,True,True,True,True,False,False,False,True,False,True,True,True,True,False,True,False,False,-0.0002578981316680068,0.00025789813166800387,0.0007732955663091387,-0.0002576987515872018,0.0005153311116364386,0.0,0.0007732955663091387,0.0002576323600491703,0.001030927926358529,False,False,True,False,True,False,True,False,True,False,False,True,False,True,False,True,False,True,True,False,False,False,False
2023-02-13,2023-02-13 00:00:00+09:00,32585,32675,32340,32560,10210789,69500,32507.5,32755.0,32655.0,32657.5,32718.333333333332,0,False,32825.0,0.008138820638820654,0.007838820638820654,0.0,0.000658978607043024,0.0009889567313362776,-0.00131882643579544,0.0,0.0,0.00032954358512109737,-0.0009889567313364105,-0.0006594131462153183,False,True,True,False,False,False,False,False,False,False,True,True,False,False,False,False,False,False,False,False,False,False,False,0.0,0.0002576987515871796,0.0,0.0,0.0002576323600491703,0.0,0.0002576987515871796,0.0002576323600491703,0.0005153311116364386,False,False,False,False,False,False,False,False,False,False,False,False,False,False,False,False,False,False,True,False,False,False,False
2023-02-14,2023-02-14 00:00:00+09:00,32825,32990,32695,32755,6964312,69500,32842.5,32560.0,32507.5,32657.5,32690.0,3,True,32825.0,0.0021370783086551715,0.0018370783086551715,0.0,0.0,0.0,0.0003239915790530535,-0.0003239915790531232,0.0012944985626457955,0.0,0.0019423767842065226,0.0019423767842065226,False,False,False,True,False,True,False,True,True,False,False,False,False,False,True,False,True,True,False,False,False,True,False,0.0002541619024991975,-0.0005082592231396446,0.0002541619024991975,-0.00025416190249927424,0.0002541619024991975,0.0007620983475671823,0.0002541619024991975,0.0007620983475671823,0.0010162602500663716,True,False,True,False,False,True,False,True,True,True,False,False,False,False,True,False,True,True,True,False,False,True,False
2023-02-15,2023-02-15 00:00:00+09:00,32825,32830,32115,32135,11497540,69500,32472.5,32755.0,32842.5,32445.0,32483.333333333332,0,False,32350.0,0.006690524350396743,0.006390524350396743,0.0006462035766063014,-0.0003230495909212953,0.0,0.0,0.0,0.0006462035766063014,0.0006462035766063014,0.0,0.0006462035766063014,True,False,False,False,False,False,False,False,False,True,False,False,False,False,False,True,False,False,False,False,False,False,False,0.0002552648386547068,0.0,0.00025519969514538034,-0.0005104645338001949,-0.0007655991186768989,0.0007655991186769881,0.0005104645338000539,0.00025513458487672725,0.0007655991186769881,True,False,True,False,False,True,True,False,False,True,False,False,False,False,True,True,False,True,True,False,False,False,False
2023-02-16,2023-02-16 00:00:00+09:00,32350,32850,32330,32775,7077262,69500,32590.0,32135.0,32472.5,32455.0,32555.0,4,True,32315.0,-0.01403508771929829,-0.01433508771929829,-0.0006353240366177677,0.0003177124728870421,0.0,-0.0006355259190707317,-0.00031791448368225894,-0.0006361323369733467,-0.00031761156373079434,-0.0015895727397262404,-0.001907184303457011,False,False,False,False,False,False,False,False,False,False,False,False,False,False,False,False,False,False,False,False,False,False,False,0.00025306845636778705,-0.00025306845636768253,0.00025306845636778705,-0.0007593975811089613,0.0,0.0,0.00025306845636778705,-0.00025306845636768253,0.0,False,False,False,False,False,False,False,False,False,True,False,False,False,False,False,False,False,False,False,False,False,False,False
2023-02-17,2023-02-17 00:00:00+09:00,32315,32770,32315,32485,7266595,69500,32542.5,32775.0,32590.0,32630.0,32465.0,2,True,32520.0,0.0010774203478529643,0.0007774203478529643,-0.000654236202596486,0.0,0.0003271716044234606,0.00032706459817301206,-0.00032706459817315425,0.0,-0.00032706459817315425,-0.0003271716044234116,-0.000654236202596486,False,False,False,True,False,False,False,False,False,False,False,False,True,False,False,False,False,False,False,False,False,False,False,0.0005163955704736466,0.0,0.0007744933909796557,0.0,-0.0007744933909797853,-0.00025823111828455147,0.0007744933909796557,-0.0007744933909797853,0.0,True,False,True,False,False,False,True,False,False,True,False,True,False,False,False,True,False,False,False,False,False,False,False
2023-02-20,2023-02-20 00:00:00+09:00,32520,32705,32200,32595,6087937,69500,32452.5,32485.0,32542.5,32540.0,32618.333333333332,3,True,32590.0,-0.00015339776039269282,-0.0004533977603926928,0.000654878870817857,0.000981514883311872,-0.00032706459817315425,-0.000654236202596486,0.0006542362025964107,0.00032706459817301206,0.0013093291559566687,0.0,0.0016363937541296657,True,True,False,False,True,False,True,False,True,True,True,False,False,True,False,True,False,True,False,False,False,False,False,0.0,0.0002576987515871796,0.0002576323600491703,-0.0005153311116364295,0.0,0.0002576987515871796,0.0005153311116364386,-0.00025763236004931007,0.0002576987515871796,False,True,True,False,False,False,True,False,False,False,False,True,False,False,False,True,False,False,False,False,False,False,False
2023-02-21,2023-02-21 00:00:00+09:00,32590,32680,32390,32550,5417319,69500,32535.0,32595.0,32452.5,32572.5,32543.333333333332,2,True,32160.0,-0.011981566820276512,-0.012281566820276512,0.0003284611624209874,0.0,0.0,0.0003283533111097437,0.0003282455306018437,0.00032813782082783327,0.0003284611624209874,0.0009847366625395598,0.0013131978249603929,False,False,False,True,True,False,False,True,False,True,False,False,True,True,False,False,True,True,True,False,False,True,False,0.0,-0.0002587656891137463,0.00025869874675378524,0.0,0.0,0.0007756949322367001,0.00025869874675378524,0.0007756949322367001,0.0010343936789907295,False,False,True,False,False,True,False,True,True,False,False,True,False,False,True,False,True,True,True,False,False,True,False
2023-02-22,2023-02-22 00:00:00+09:00,32160,32265,31970,31985,8547649,69500,32117.5,32550.0,32535.0,32267.5,32376.666666666668,0,False,32110.0,0.003908081913396977,0.003608081913396977,0.0006688963460101634,0.0,0.0,-0.0006688963460101504,0.0,-0.00033461603122993426,0.0006688963460101634,-0.0010035123772401337,-0.00033461603122993426,True,False,False,False,False,False,False,False,False,True,False,False,False,False,False,True,False,False,False,False,False,False,False,0.0002624327531134626,0.00026236390023243785,-0.0005247966533460907,0.0002624327531134626,0.00026236390023243785,-0.0007872982954886457,0.0,-0.0002625016421426134,-0.0002625016421426134,True,True,False,True,True,False,False,False,False,True,True,False,True,True,False,False,False,False,False,False,False,False,False
2023-02-23,2023-02-23 00:00:00+09:00,32110,32515,32100,32390,12572489,69500,32307.5,31985.0,32117.5,32187.5,32308.333333333332,4,True,32330.0,-0.001852423587527019,-0.002152423587527019,-0.0006648936415161481,0.0,-0.0009978381004224753,0.000665336019221158,-0.0006653360192211548,0.000665336019221158,-0.0013302296607372562,0.000665336019221158,-0.0006648936415161481,False,False,False,True,False,True,False,True,False,False,False,False,True,False,True,False,True,False,False,True,False,False,True,-0.0002622263028006392,0.0002622950834709586,-0.0002622950834709936,0.0,0.0,0.0005245213862715416,-0.0005245213862716541,0.0005245213862715416,0.0,False,True,False,False,False,True,False,True,False,False,True,False,False,False,True,False,True,False,False,True,False,False,True
2023-02-24,2023-02-24 00:00:00+09:00,32330,32520,32080,32100,6935454,69500,32300.0,32390.0,32307.5,32245.0,32158.333333333332,0,False,31810.0,-0.00903426791277262,-0.00933426791277262,-0.00033261267560928887,-0.000665557428894454,0.0,-0.0003328340852826127,-0.00033305578992300175,0.0003330557899229213,-0.0006653360192211548,-0.0006657789859777211,-0.0013311150051987617,False,False,False,False,False,False,False,False,False,False,False,False,False,False,False,False,False,False,False,False,False,False,False,-0.0005242464078127509,0.0,0.0,-0.0002622263028006392,-0.0002622950834709936,0.0005245213862715416,-0.0005242464078127509,0.0,-0.0005242464078127509,False,False,False,False,False,True,False,False,False,False,False,False,False,False,True,False,False,False,False,False,False,False,False
2023-02-27,2023-02-27 00:00:00+09:00,31810,31825,31545,31815,11282435,69500,31685.0,32100.0,32300.0,31957.5,32101.666666666668,1,False,31930.0,0.003614647179003505,0.003314647179003505,-0.0003373250158483594,0.0003373250158482963,-0.0006747638582605519,0.0003374388424122416,0.0003373250158482963,0.0,-0.0006747638582605519,0.0006747638582605389,0.0,False,True,False,True,True,False,False,True,False,False,False,False,True,True,False,False,True,False,False,True,False,False,True,0.0,0.0,0.0,0.0,0.00026465528803420714,0.0,0.0,0.00026465528803420714,0.00026465528803420714,False,False,False,True,True,False,False,True,False,False,False,False,False,True,False,False,False,False,False,False,False,True,False
2023-02-28,2023-02-28 00:00:00+09:00,31930,32180,31815,31905,7805412,69500,31997.5,31815.0,31685.0,31860.0,31940.0,2,True,31930.0,0.0007835762419683423,0.00048357624196834233,0.0,0.0,-0.0003355141786212951,0.0003355141786213592,0.0010065426114014722,0.0006704659989677837,-0.0003355141786212951,0.0013413818242013111,0.0010058676455800926,False,False,False,True,True,True,False,True,False,False,False,False,True,True,True,False,True,True,False,True,False,True,True,-0.0005282620302456984,0.0005282620302456499,-0.00026409613252662435,0.0002640961325265871,0.0,0.0002640264041741029,-0.00026409613252662435,0.0005281225367007637,0.0002640264041741029,False,True,False,True,False,False,False,True,False,False,True,False,True,False,False,False,True,False,False,True,False,True,True
2023-03-02,2023-03-02 00:00:00+09:00,31930,32270,31815,31985,9905318,69500,32042.5,31905.0,31997.5,31945.0,31901.666666666668,3,True,32160.0,0.005471314678755723,0.005171314678755723,0.0,-0.00034100597090896387,0.0,-0.00034100597090896387,0.00034088972547591793,0.000340773559269696,0.0,0.0006816632847458644,0.0006816632847458644,False,False,False,False,True,False,False,True,False,False,False,False,False,True,False,False,True,False,False,False,False,True,False,0.0,-0.00026741543146387804,-0.00026748696160558617,0.0,0.0008024609230938132,0.00026734393956850315,-0.0005349023930694312,0.0008022463326380473,0.00026734393956850315,False,False,False,False,True,False,False,True,False,False,False,False,False,True,False,False,True,False,False,True,False,True,True
2023-03-03,2023-03-03 00:00:00+09:00,32160,32205,31915,32055,7146172,69500,32060.0,31985.0,32042.5,32020.0,31981.666666666668,3,True,32330.0,0.008579004835439052,0.008279004835439053,0.00033664366586230477,0.0003365303750420586,-0.0003366436658623674,0.00033664366586230477,-0.0006734006988477839,0.0006731740409044118,0.0,0.0006731740409044118,0.0006731740409044118,True,True,False,True,False,True,False,False,False,True,False,False,True,False,True,False,True,False,False,False,False,True,False,0.0005291005414439304,0.0,0.0,0.0,-0.0002645152772995014,0.0005289606047695034,0.0005291005414439304,0.00026444532746996735,0.0007935458689137893,True,False,False,False,False,True,True,False,True,True,False,False,False,False,True,True,False,True,True,False,False,False,False
2023-03-06,2023-03-06 00:00:00+09:00,32330,32520,32190,32505,9192392,69500,32355.0,32055.0,32060.0,32280.0,32181.666666666668,4,True,32455.0,-0.0015382248884786565,-0.0018382248884786564,0.0,0.0003284611624209874,0.0006570302470262885,-0.0003284611624209649,0.0,0.0,0.0003284611624209874,-0.0003284611624209649,0.0,False,False,True,False,False,False,False,False,False,False,False,True,False,False,False,False,False,False,False,False,False,False,False,-0.00025957170814140234,0.0002595043481541037,0.0005190760562955067,-0.00025950434815406626,-0.00025957170814140234,0.0005190760562955067,0.0002595043481541037,0.0,0.0002595043481541037,False,True,True,False,False,False,False,False,False,False,False,True,False,False,True,False,False,False,False,False,False,False,False
2023-03-07,2023-03-07 00:00:00+09:00,32455,32605,32335,32335,6041336,69500,32470.0,32505.0,32355.0,32420.0,32298.333333333332,1,False,32040.0,-0.009123241070047916,-0.009423241070047916,-0.0006559527949203843,0.0,0.0,-0.00032824553060190823,-0.0009853835581360257,-0.0003286770777328954,-0.0006559527949203843,-0.001642306166470913,-0.002626396782219133,False,False,False,False,False,False,False,False,False,False,False,False,False,False,False,False,False,False,False,False,False,False,False,-0.0005185377352381119,0.0,-0.00025936973300636786,0.0,0.0,0.0,-0.0007779074682445704,0.0,-0.0007779074682445704,False,False,False,False,False,False,False,False,False,False,False,False,False,False,False,False,False,False,False,False,False,False,False
2023-03-08,2023-03-08 00:00:00+09:00,32040,32055,31820,31875,10926009,69500,31937.5,32335.0,32470.0,32105.0,32238.333333333332,0,False,32000.0,0.0039215686274509665,0.0036215686274509665,0.0,0.0,-0.0003335000864661045,0.00033350008646598604,-0.0006671114323458264,0.0,-0.0003335000864661045,-0.0003336113458798256,-0.0006671114323458264,False,False,False,True,False,False,False,False,False,False,False,False,True,False,False,False,False,False,False,False,False,False,False,-0.00026388705787122406,0.0,-0.0002639567126319878,0.0005278437705031224,-0.000791870174677183,0.0002640264041741029,-0.0005278437705031543,0.0,-0.0005278437705031543,False,False,False,True,False,False,False,False,False,False,False,False,True,False,False,False,False,False,False,False,False,False,False
2023-03-09,2023-03-09 00:00:00+09:00,32000,32075,31775,31775,6727453,69500,31925.0,31875.0,31937.5,31825.0,31995.0,0,False,31400.0,-0.011801730920535047,-0.012101730920535047,0.0,-0.0003321707388123748,0.0,-0.0003322811128761814,0.000996512289739076,0.0,-0.0003321707388123748,0.000664231176862766,0.00033206043805043443,False,False,False,False,True,False,False,False,False,False,False,False,False,True,False,False,False,False,False,True,False,True,True,0.0,0.0,0.0,0.0002638174398627997,0.0005277044977341389,0.0002637478585775068,0.0,0.0005275652984403766,0.0005275652984403766,False,False,False,True,True,False,False,True,False,False,False,False,True,True,False,False,True,False,False,False,False,True,False
2023-03-10,2023-03-10 00:00:00+09:00,31400,31530,31265,31430,8278301,69500,31397.5,31775.0,31925.0,31602.5,31693.333333333332,1,False,31575.0,0.00461342666242448,0.00431342666242448,0.0006784260775815547,-0.0003391555060490748,0.00033915550604904707,0.00033915550604904707,-0.0003391555060490748,-0.0006786562866516955,0.0006784260775815547,-0.0006786562866516955,-0.00033938571511916017,True,False,True,True,False,False,True,False,False,True,False,True,True,False,False,True,False,False,False,False,False,False,False,0.0,0.0,0.0,0.0,0.0,-0.0005412720023894752,0.0002705261750571748,-0.0005412720023894752,-0.0005412720023894752,False,False,False,False,False,False,True,False,False,False,False,False,False,False,False,True,False,False,False,False,False,False,False
2023-03-13,2023-03-13 00:00:00+09:00,31575,31760,31205,31685,8695718,69500,31482.5,31430.0,31397.5,31557.5,31630.0,4,True,31380.0,-0.009626005996528297,-0.009926005996528297,-0.0003366436658623674,0.001345895223355163,0.0003361909596297075,0.0,0.0006720430360463363,-0.0006722689328821566,0.0013454425171223819,-0.00033619095962979505,0.001009251557492713,False,True,True,False,True,False,True,False,True,False,True,True,False,True,False,True,False,True,False,False,False,False,False,-0.0005364806995624278,0.0018764246224094406,-0.0005357621344334912,0.000803535599683173,-0.0005356186523338683,0.0,0.0008041817884136416,0.0005357621344335106,0.0013399439228470476,False,True,False,True,False,False,True,True,True,False,True,False,True,False,False,True,True,True,True,False,False,False,False
2023-03-14,2023-03-14 00:00:00+09:00,31380,31390,30920,30945,12296619,69500,31155.0,31685.0,31482.5,31315.0,31353.333333333332,0,False,31260.0,0.01017935046049434,0.00987935046049434,-0.0010157441198354164,0.0,0.0,0.0006768189767673056,-0.0023716765309713277,0.024129857059688207,-0.0006770480962759133,0.0220966472775903,0.021758180528716777,False,False,False,True,False,True,False,True,True,False,False,False,True,False,True,False,True,True,False,True,False,True,True,-0.0008157716291967408,-0.0002720718286406113,0.0002720718286405469,0.00027199782569433203,-0.0038136793702455173,0.0016362152545950318,-0.0008157716291967408,-0.001633542426961675,-0.0024493140561584396,False,False,True,True,False,True,False,False,False,False,False,True,True,False,True,False,False,False,False,False,False,False,False
2023-03-15,2023-03-15 00:00:00+09:00,31260,31530,31180,31335,8461081,69500,31355.0,30945.0,31155.0,31140.0,31321.666666666668,4,True,31015.0,-0.010212222754108824,-0.010512222754108824,-0.0009971747543923177,0.0009971747543924055,-0.0006646726731909514,0.002987554089330607,0.00033140016873301327,-0.00033161996656083876,-0.0006646726731909514,0.002324424091555341,0.0016597514183644708,False,True,False,True,True,False,False,True,True,False,True,False,True,True,False,False,True,True,False,True,False,True,True,-0.0005372011947616581,0.0005372011947616347,0.0,0.0013417417818631485,0.00026813245904049575,0.0,0.0,0.0016098742409035322,0.0016098742409035322,False,True,False,True,True,False,False,True,True,False,True,False,True,True,False,False,True,True,False,False,False,True,False
2023-03-16,2023-03-16 00:00:00+09:00,31015,31310,30855,31220,8495023,69500,31082.5,31335.0,31355.0,31277.5,31166.666666666668,2,True,31575.0,0.011370916079436189,0.011070916079436189,0.0013162226316159663,-0.0006583278710442769,0.0,-0.00032932653022824424,-0.0009886308269394322,0.0006591958050176015,0.0,-0.0006587615521501745,-0.0006587615521501745,True,False,False,False,False,True,False,False,False,True,False,False,False,False,True,False,False,False,False,False,False,False,False,0.0002693602709889491,-0.0002693602709889319,-0.0002694328454935525,0.0,-0.000808734374851841,0.0005392289157349521,-0.0002694328454935525,-0.00026950545911681213,-0.0005389383046103813,True,False,False,False,False,True,False,False,False,True,False,False,False,False,True,False,False,False,False,False,False,False,False
2023-03-17,2023-03-17 00:00:00+09:00,31575,31660,31355,31580,6982096,69500,31507.5,31220.0,31082.5,31400.0,31378.333333333332,4,True,31570.0,-0.0003166561114629207,-0.0006166561114629206,0.00032149172435717675,-0.0003214917243572156,0.0,-0.00032159511452598135,-0.00032169857121575496,0.0003216985712157326,0.0,-0.00032159511452598135,-0.00032159511452598135,True,False,False,False,False,False,False,False,False,True,False,False,False,False,False,False,False,False,False,False,False,False,False,0.0002655689831038127,0.0,-0.0002655689831037932,-0.00026563952872374276,-0.0005314908442945303,0.0007971303730182785,0.0,0.0,0.0,True,False,False,False,False,True,False,False,False,True,False,False,False,False,True,False,False,False,False,False,False,False,False
2023-03-20,2023-03-20 00:00:00+09:00,31570,31725,31345,31350,5826171,69500,31535.0,31580.0,31507.5,31465.0,31383.333333333332,0,False,31525.0,0.005582137161084466,0.005282137161084466,-0.0003234675751962756,-0.0006472492135345606,-0.000647458747124349,-0.0006472492135345606,-0.0006476684164224287,0.00032388664250757634,-0.0012944985626458082,-0.000971030987449567,-0.0012944985626458082,False,False,False,False,False,False,False,False,False,False,False,False,False,False,False,False,False,False,False,False,False,False,False,-0.00026899798413714806,-0.0008072111295297802,-0.0005383580210780361,0.0,-0.0005386480065598942,-0.0032379952737753384,-0.0010764263687381775,-0.0037766432803352915,-0.004853069649073477,False,False,False,False,False,False,False,False,False,False,False,False,False,False,False,False,False,False,False,False,False,False,False
2023-03-21,2023-03-21 00:00:00+09:00,31525,31600,31360,31430,5667089,69500,31480.0,31350.0,31535.0,31390.0,31453.333333333332,1,False,31710.0,0.008908685968819663,0.008608685968819663,0.0003225286272112579,-0.0006451613127007591,0.0,0.0006451613127006535,-0.00032252862721135613,0.0009672739751425945,-0.00032263268548941566,0.001289906660631859,0.0009672739751425945,True,False,False,True,False,True,False,True,True,True,False,False,True,False,True,False,True,False,False,True,False,True,True,0.0,0.0,0.0,0.0,-0.00026641801143326485,0.0002664180114333939,0.0,0.0,0.0,False,False,False,False,False,False,False,False,False,False,False,False,False,False,False,False,False,False,False,False,False,False,False
2023-03-22,2023-03-22 00:00:00+09:00,31710,31835,31605,31825,6252859,69500,31720.0,31430.0,31480.0,31627.5,31535.0,4,True,31590.0,-0.007384131971720387,-0.007684131971720387,0.0,0.0,-0.0003181167515296169,0.0,0.0006363347335307106,0.0006359300691260725,-0.0003181167515296169,0.0009540468206556134,0.0006359300691260725,False,False,False,False,True,True,False,True,False,False,False,False,False,True,False,False,True,False,False,True,False,True,True,0.00026270852640248373,0.0,-0.0007883327172164291,-0.0007887472474117578,0.0007887472474118076,0.0005254860867110792,-0.0005256241908138504,0.0005254860867110792,0.00026270852640248373,True,False,False,False,True,True,False,True,False,True,False,False,False,True,True,False,False,False,False,True,False,True,True
2023-03-23,2023-03-23 00:00:00+09:00,31590,31940,31555,31920,5458177,69500,31747.5,31825.0,31720.0,31872.5,31725.0,4,True,31910.0,-0.00031328320802004317,-0.0006132832080200431,0.0006408202718493312,0.0009604610951245502,0.0,-0.0006402048874232718,0.0003200512109253792,0.0012795907056250327,0.0016012813669738276,0.0009595394946998982,0.0025608208616736505,True,True,False,False,False,True,True,True,True,True,True,False,False,False,True,True,True,True,True,False,False,False,False,0.0,0.0010635470292591983,0.0,-0.0002657807324615106,0.00026571011183306066,0.0,0.0010635470292591983,0.00026571011183306066,0.0013292571410923467,False,True,True,False,True,False,True,False,True,False,True,False,False,True,False,True,False,True,True,False,False,False,False
2023-03-24,2023-03-24 00:00:00+09:00,31910,31955,31640,31810,6994412,69500,31797.5,31920.0,31747.5,31865.0,31851.666666666668,1,False,31915.0,0.003300848789688837,0.0030008487896888373,0.00031781344618375744,-0.000635930069126019,-0.0003181167515296169,0.000636132336973353,0.0006359300691260725,0.0,-0.0009540468206554978,0.0009540468206556134,0.0,True,False,False,True,True,False,False,True,False,False,False,False,True,True,False,False,True,False,False,True,False,False,True,0.0,-0.0002661343994416786,-0.0005324813757337432,0.0,0.0002662761299185153,0.0,-0.0007986157751754684,0.0002662761299185153,-0.0005323396452571098,False,False,False,False,True,False,False,False,False,False,False,False,False,True,False,False,False,False,False,True,False,False,True
2023-03-27,2023-03-27 00:00:00+09:00,31915,31915,31505,31665,5621782,69500,31710.0,31810.0,31797.5,31737.5,31798.333333333332,0,False,31775.0,0.003473867045634016,0.003173867045634016,-0.0006319115534129395,0.0018951363852719929,-0.0003157063956766869,0.0006315124933591015,0.0,-0.0003157063956766869,0.0003158060976823809,0.0003158060976823809,0.0003158060976823809,False,True,False,True,False,False,True,False,False,False,True,False,True,False,False,False,False,False,True,False,False,False,False,-0.0002638174398628405,0.0005275652984403766,0.0002636783139865524,0.00026360880606064214,0.00026353933477070337,0.0005268704020720949,0.0005274261725641652,0.0010540185429034248,0.0015814447154674646,False,True,True,True,False,True,True,True,True,False,True,True,True,True,True,True,True,True,True,False,True,True,False
2023-03-28,2023-03-28 00:00:00+09:00,31775,32035,31735,32035,5838145,69500,31885.0,31665.0,31710.0,31850.0,31836.666666666668,4,True,31975.0,-0.0018729514593412988,-0.0021729514593412987,0.0006397952873393857,0.0006393862110407924,0.0003197442073603844,0.0006391818689972956,0.00031943779220687795,0.000638569625786021,0.0009595394946998982,0.0015971892869900458,0.0025567287816897545,True,True,True,True,False,True,True,True,True,True,True,True,True,False,True,True,True,True,True,False,True,True,False,-0.000264305538739677,0.0002643055387396453,0.0,0.0005284015974993237,0.0005281225367007637,-0.000528122536700658,0.0,0.0005284015974993237,0.0005284015974993237,False,True,True,True,True,False,False,True,True,False,True,False,True,True,False,False,True,True,False,False,False,True,False
2023-03-29,2023-03-29 00:00:00+09:00,31975,32100,31885,32085,4037083,69500,31992.5,32035.0,31885.0,32060.0,31928.333333333332,4,True,32280.0,0.006077606358111165,0.005777606358111165,0.0,0.0006397952873393857,0.0006393862110407924,-0.00031943779220678926,0.0,0.0,0.0012791814983802124,-0.00031943779220678926,0.0015987213636970735,False,True,True,False,False,False,True,False,True,False,True,True,False,False,False,True,False,True,False,False,False,False,False,-0.00026388705787122406,0.0002638870578712817,0.002371855111153473,-0.001053463357895253,0.0,0.0005268704020720949,0.002371855111153473,-0.0005265929558232933,0.0018452621553302416,False,True,True,False,False,True,True,False,True,False,True,True,False,False,True,True,False,True,False,False,False,False,False
2023-03-30,2023-03-30 00:00:00+09:00,32280,32430,32130,32310,7446921,69500,32280.0,32085.0,31992.5,32197.5,32143.333333333332,4,True,32425.0,0.0035592695759827375,0.0032592695759827376,0.0,0.0009468203326865002,0.0006307158834123459,0.0,0.000315208828457028,0.0003151095031587417,0.0015775362160987303,0.0006303183316156856,0.0022078545477146557,False,True,True,False,False,False,True,False,True,False,True,True,False,False,False,True,False,True,True,False,False,False,False,0.0,0.0007831876134566957,0.0,0.0005215123977389679,0.0002607222019722056,-0.00026072220197230543,0.0007831876134566957,0.0002607901957667231,0.0015657623240621366,False,True,False,True,False,False,True,False,True,False,True,False,True,False,False,True,False,True,True,False,False,False,False
2023-03-31,2023-03-31 00:00:00+09:00,32425,32755,32375,32690,5144213,69500,32565.0,32310.0,32280.0,32500.0,32361.666666666668,4,True,32785.0,0.002906087488528497,0.002606087488528497,0.0,-0.0003121585790916413,0.0,-0.0012492194004319278,0.0,0.0,0.0,-0.0012492194004319278,-0.0012492194004319278,False,False,False,False,False,False,False,False,False,False,False,False,False,False,False,False,False,False,False,False,False,False,False,0.0,0.0,0.0,-0.0005190760562955422,0.00025957170814140267,-0.000519210811248677,0.0,-0.0007787151594027794,-0.0007787151594027794,False,False,False,False,False,False,False,False,False,False,False,False,False,False,False,False,False,False,False,False,False,False,False
2023-04-03,2023-04-03 00:00:00+09:00,32785,32785,32475,32525,5461242,69500,32630.0,32690.0,32565.0,32607.5,32508.333333333332,1,False,32555.0,0.0009223674096847656,0.0006223674096847657,0.0006188119009349163,-0.0006188119009348215,-0.0006191950662230189,-0.00030964545842699043,0.00030964545842699086,-0.00030964545842699043,-0.0006191950662230189,-0.00030964545842699043,-0.0006191950662230189,True,False,False,False,False,False,False,False,False,True,False,False,False,False,False,False,False,False,False,False,False,False,False,0.0,-0.000770910997963721,-0.0002571024567447039,0.0005141388288062161,0.0002569703213420678,0.00025690430455995085,-0.001028013454708438,0.0010280134547085225,0.0,True,False,False,True,False,False,False,True,False,False,False,False,True,False,False,False,True,False,False,True,False,False,True
2023-04-04,2023-04-04 00:00:00+09:00,32555,32780,32510,32675,7988788,69500,32645.0,32525.0,32630.0,32600.0,32630.0,4,True,32680.0,0.00015302218821733327,-0.0001469778117826667,-0.00030897574786209773,-0.0006182380413301772,0.000618238041330053,0.0,0.0009266409929469703,0.00030878493374880754,-0.00030897574786209773,0.0009266409929469703,0.0006176652450850572,False,False,True,False,True,False,False,False,False,False,False,True,False,True,False,False,True,False,False,True,False,True,True,-0.0005107252409278392,-0.0002553952254975612,0.0,0.0,0.0005108556943794842,0.0,-0.0005107252409278392,0.0005108556943794842,-0.00025533001543025333,False,False,False,False,True,False,False,False,False,False,False,False,False,True,False,False,False,False,False,True,False,False,True
2023-04-05,2023-04-05 00:00:00+09:00,32680,32895,32635,32860,6321033,69500,32765.0,32675.0,32645.0,32767.5,32686.666666666668,4,True,32720.0,-0.004260499087035963,-0.004560499087035963,0.0,0.0,0.0,-0.0009289364346588624,0.0012383902511466224,0.0006186204960661022,0.0,0.0009280743125538113,0.0009280743125538113,False,False,False,False,True,True,False,False,False,False,False,False,False,True,True,False,True,False,False,False,False,True,False,-0.0005134788302807728,0.0005134788302808095,-0.00025670645757710516,0.0,0.0005136106943929632,0.0007699217626575061,-0.00025670645757710516,0.0007699217626575061,0.0005132153050804507,False,True,False,False,True,True,False,True,False,False,True,False,False,True,True,False,True,False,False,True,False,True,True
2023-04-06,2023-04-06 00:00:00+09:00,32720,32745,32260,32275,6729393,69500,32502.5,32860.0,32765.0,32567.5,32603.333333333332,0,False,32510.0,0.007281177381874615,0.006981177381874615,0.00031411968218070886,-0.000314119682180801,0.0009423591085315753,0.00031392246373004883,0.0006275494401118305,0.0,0.0006281407241709208,0.0012550990037938628,0.0018832397279648725,False,False,True,False,True,False,True,True,True,False,False,True,False,True,False,False,True,True,True,False,False,True,False,0.00025823111828460356,0.0,0.000258164452188991,0.0005161290437156547,-0.00025803122320952073,0.0,0.0005163955704736466,0.00025809782050628964,0.0007744933909796557,True,False,True,True,False,False,True,False,True,True,False,True,True,False,False,True,False,True,True,False,False,False,False
2023-04-07,2023-04-07 00:00:00+09:00,32510,32885,32510,32825,6587819,69500,32697.5,32275.0,32502.5,32550.0,32653.333333333332,4,True,32805.0,-0.0006092916984006269,-0.0009092916984006268,0.0,-0.000310800313302214,0.0,0.0,0.0,0.000621504059781909,-0.000310800313302214,0.000621504059781909,0.00031070374647968683,False,False,False,False,False,True,False,False,False,False,False,False,False,False,True,False,False,False,False,True,False,True,True,0.0002568383216891825,0.0,0.00025677237270357503,-0.0005136106943929629,0.00025677237270357503,0.0,0.0005136106943929632,0.0,0.0005136106943929632,True,False,True,False,False,False,True,False,False,True,False,True,False,False,False,True,False,False,False,False,False,False,False
2023-04-10,2023-04-10 00:00:00+09:00,32805,33295,32765,33140,8112053,69500,33030.0,32825.0,32697.5,32982.5,32746.666666666668,4,True,33235.0,0.0028666264333132574,0.0025666264333132575,0.0006228589425906767,-0.0009344339567954256,0.0,-0.000935016430906643,-0.0003118665236566217,-0.0003118665236566217,0.0,-0.0012468829545632637,-0.0012468829545632637,True,False,False,False,False,False,False,False,False,True,False,False,False,False,False,False,False,False,False,False,False,False,False,0.0,0.0,-0.00025664057628345757,-0.0005134788302807728,0.0005134788302808095,-0.00025670645757710516,-0.00025664057628345757,-0.00025670645757710516,-0.0005133470338605961,False,False,False,False,True,False,False,False,False,False,False,False,False,True,False,False,False,False,False,False,False,False,False
2023-04-11,2023-04-11 00:00:00+09:00,33235,33660,33205,33575,5502605,69500,33432.5,33140.0,33030.0,33357.5,33180.0,4,True,33540.0,-0.0010424422933730249,-0.0013424422933730248,0.0,0.000621504059781909,0.00031060723964573903,-0.00031060723964577703,0.0006211180323907102,0.0,0.0009321112994276711,0.00031051079274478714,0.0012426220921724434,False,True,True,False,True,False,True,False,False,False,True,False,False,True,False,True,False,True,True,False,False,False,False,0.0,0.0,0.0,0.0002559836184463839,0.0002559181076027514,0.0005116398167380418,0.0,0.001023541542787158,0.001023541542787158,False,False,False,False,False,False,False,True,True,False,False,False,True,False,True,False,True,True,False,False,False,True,False
2023-04-12,2023-04-12 00:00:00+09:00,33540,33775,33495,33680,5098099,69500,33635.0,33575.0,33432.5,33627.5,33465.0,4,True,33515.0,-0.004899049881235129,-0.005199049881235129,0.0,-0.0003127443340580645,0.0003127443340581101,-0.0009385265822643885,-0.0003130380366774844,-0.0006263702052583255,0.0,-0.0018779348242002089,-0.0018779348242002089,False,False,True,False,False,False,False,False,False,False,False,False,False,False,False,False,False,False,False,False,False,False,False,0.00025624599755838946,0.00025624599755838946,0.0,-0.00025624599755840773,-0.000256311676400065,-0.00025637738891873924,0.00025624599755838946,-0.0007689350628771679,-0.0005126890653187235,True,False,False,False,False,False,True,False,False,True,False,False,False,False,False,False,False,False,False,False,False,False,False
2023-04-13,2023-04-13 00:00:00+09:00,33515,33780,33445,33745,6098806,69500,33612.5,33680.0,33635.0,33712.5,33666.666666666664,4,True,33950.0,0.006074974070232608,0.005774974070232608,-0.0003154076670209811,0.0003155071804054993,-0.00031560675660421874,0.0,-0.0003154076670209811,0.0006307158834123459,-0.0009465216040308245,0.00031530821639134336,0.00031530821639134336,False,True,False,False,False,True,False,False,False,False,False,False,False,False,True,False,False,False,False,True,False,True,True,-0.0005146680504753984,0.0,0.00025736713563760986,0.0005145356429443458,0.0,-0.0002572347281065514,-0.0002573009148377921,0.00025730091483767937,0.0,False,False,True,True,False,False,False,False,False,False,False,True,True,False,False,False,False,False,False,True,False,False,True
2023-04-14,2023-04-14 00:00:00+09:00,33950,34090,33760,33865,6593733,69500,33925.0,33745.0,33612.5,33805.0,33763.333333333336,3,True,33850.0,-0.00044293518381810504,-0.000742935183818105,0.0003099333668077635,-0.00030993336680761534,0.0003099333668077635,-0.00030993336680761534,0.0006197707046852454,-0.000619770704685266,0.0003099333668077635,-0.00030993336680761534,0.0,False,False,False,False,True,False,False,False,False,False,False,False,False,True,False,False,False,False,False,False,False,False,False,0.0,0.0,0.0,-0.0002542265171948214,0.0,0.0,0.0,-0.0002542265171948214,-0.0002542265171948214,False,False,False,False,False,False,False,False,False,False,False,False,False,False,False,False,False,False,False,False,False,False,False
2023-04-17,2023-04-17 00:00:00+09:00,33850,33920,33715,33875,5285508,69500,33817.5,33865.0,33925.0,33870.0,33828.333333333336,3,True,33900.0,0.0007380073800737907,0.00043800738007379077,0.0,-0.00031002945528130676,0.0009298001599665274,0.0,-0.000619770704685266,0.0003098373378775558,0.0006197707046852454,0.0,0.0006197707046852454,False,False,True,False,False,False,True,False,False,False,False,True,False,False,False,True,False,False,False,False,False,False,False,0.0,0.0002540327715934676,0.0,0.0,-0.0010165185119279476,0.0007624857403346172,0.00025409732064049273,0.0,0.00025409732064049273,False,False,False,False,False,True,False,False,False,False,False,False,False,False,True,False,False,False,False,False,False,False,False
2023-04-18,2023-04-18 00:00:00+09:00,33900,33945,33615,33825,7293412,69500,33780.0,33875.0,33817.5,33850.0,33855.0,1,False,33810.0,-0.00044345898004438666,-0.0007434589800443866,0.0009312432769839345,-0.00031031807851813597,0.0006205398895992767,-0.0009309542953201348,0.002170880058640484,-0.0003098373378775477,0.0012414650880649455,0.0009300884254428527,0.0021715535135079325,True,False,True,False,True,False,True,True,True,True,False,True,False,True,False,True,True,True,True,False,False,False,False,0.0005077430929086551,0.0002537749030241488,0.0002537749030241488,0.0002537105176617888,0.0010144560849710048,-0.0005070994023474362,0.0007615179959328442,0.0005073566826234171,0.0012688746785563395,True,False,True,False,True,False,True,False,True,True,False,True,True,True,False,True,False,True,True,False,True,False,False
2023-04-19,2023-04-19 00:00:00+09:00,33810,33980,33780,33850,5738461,69500,33880.0,33825.0,33780.0,33837.5,33850.0,3,True,33735.0,-0.003397341211226035,-0.0036973412112260347,-0.0006215040597818628,0.0003108003133021071,-0.000310800313302214,-0.0009329809415684809,-0.0012453301733963897,-0.0012468829545632637,-0.0006215040597818628,-0.003425194069528044,-0.004046698129309874,False,False,False,False,False,False,False,False,False,False,False,False,False,False,False,False,False,False,False,False,False,False,False,-0.0005080010269268118,0.0,0.0,-0.0002540973206404316,-0.001271455988196721,0.00025442055855348883,-0.0005080010269268118,-0.0012711327502836743,-0.0017791337772105427,False,False,False,False,False,False,False,False,False,False,False,False,False,False,False,False,False,False,False,False,False,False,False
2023-04-20,2023-04-20 00:00:00+09:00,33735,33845,33625,33750,6235271,69500,33735.0,33850.0,33880.0,33800.0,33808.333333333336,1,False,33675.0,-0.0022222222222222365,-0.0025222222222222365,-0.000935016430906643,0.000623441416701889,-0.0003116721234517518,0.0,0.0012461060802471558,-0.0006228589425907458,-0.0006232471376564792,0.0006232471376564235,0.0,False,True,False,True,True,False,False,False,False,False,True,False,False,True,False,False,False,False,False,True,False,False,True,-0.00025442055855339385,0.00025442055855348883,0.00025435584519683857,0.0,0.00025429116475240315,0.0002542265171948822,0.00025435584519683857,0.0005085176819472895,0.0007628735271440285,False,False,True,False,False,False,False,True,False,False,False,True,False,False,False,False,False,True,True,False,False,True,False
2023-04-21,2023-04-21 00:00:00+09:00,33675,33740,33460,33580,4914696,69500,33600.0,33750.0,33735.0,33665.0,33726.666666666664,0,False,33470.0,-0.003275759380583665,-0.003575759380583665,0.0,-0.00031245118204510094,0.0003124511820450803,-0.00031245118204510094,0.0,-0.00031254883829995967,0.0,-0.0006250000203450813,-0.0006250000203450813,False,False,False,False,False,False,False,False,False,False,False,False,False,False,False,False,False,False,False,False,False,False,False,0.0,0.0005103342800221258,-0.0005103342800221108,-0.00025526483865474,0.0,0.0,0.0,0.0,0.0,False,True,False,False,False,False,False,False,False,False,True,False,False,False,False,False,False,False,False,False,False,False,False
2023-04-24,2023-04-24 00:00:00+09:00,33470,33520,33325,33350,4922359,69500,33422.5,33580.0,33600.0,33465.0,33560.0,0,False,33430.0,0.0023988005997002126,0.0020988005997002127,-0.0006273525927211794,-0.00031382394734253587,0.0,-0.0009420631879010176,-0.0003140210419901343,0.00062794350572019,-0.0009411765400637422,0.0,-0.0009411765400637422,False,False,False,False,False,True,False,False,False,False,False,False,False,False,True,False,False,False,False,False,False,False,False,-0.00025598361844631916,-0.0005121639036411111,0.0,-0.0012815585503857345,0.0,0.0002563116763999236,-0.0007681475220875229,-0.000512426349926634,-0.0012805738720140622,False,False,False,False,False,True,False,False,False,False,False,False,False,False,False,False,False,False,False,False,False,False,False
2023-04-25,2023-04-25 00:00:00+09:00,33430,33475,32765,32930,3317457,69500,33120.0,33350.0,33422.5,33140.0,33286.666666666664,0,False,32905.0,-0.0007591861524445243,-0.0010591861524445242,0.0,0.0006287331235097691,0.0006283380665414029,-0.0006283380665414447,-0.0003143171485880418,0.0,0.0012570711900511137,-0.0009426552151295073,0.00031441597492153447,False,True,True,False,False,False,True,False,False,False,True,True,False,False,False,True,False,False,False,False,False,False,False,-0.0002557217761026516,0.00025572177610270206,0.0005112474548983197,0.0,-0.0002555910557045126,0.0007667732005073825,0.0005112474548983197,0.00025552574560896627,0.0007667732005073825,False,True,True,False,False,True,True,False,True,False,True,True,False,False,True,True,False,True,True,False,False,False,False
2023-04-26,2023-04-26 00:00:00+09:00,32905,33045,32830,32895,2520056,69500,32937.5,32930.0,33120.0,32912.5,33058.333333333336,0,False,32470.0,-0.012919896640826822,-0.013219896640826822,-0.00031501024043769255,0.0006299212806720389,-0.0003149110402343012,-0.00031501024043769255,-0.0006303183316157478,0.0,0.0,-0.0006301197435964494,-0.0006301197435964494,False,True,False,False,False,False,False,False,False,False,True,False,False,False,False,False,False,False,False,False,False,False,False,0.0,0.0007730962889884549,0.0,-0.0007730962889884341,-0.00025783163737000213,0.0005155968147220496,0.0007730962889884549,-0.0005153311116364295,0.00025776517735190044,False,True,False,False,False,True,True,False,False,False,True,False,False,False,True,True,False,False,False,False,False,False,False
2023-04-27,2023-04-27 00:00:00+09:00,32470,32580,32160,32560,6525733,69500,32370.0,32895.0,32937.5,32727.5,32795.0,1,False,32735.0,0.0053746928746929434,0.0050746928746929435,0.00063011974359653,0.0,-0.0006301197435964494,0.00063011974359653,0.0003149110402343718,-0.0003148119024898021,0.0,0.0009450307838307757,0.0009450307838307757,True,False,False,True,False,False,False,True,True,True,False,False,True,False,False,False,True,True,False,False,False,True,False,0.00025916807194445674,0.0,0.0,0.00025910092125779207,0.0002590338053597655,-0.00025903380535982493,0.00025916807194445674,0.00025910092125779207,0.0005182689932021143,True,False,False,True,True,False,True,False,True,True,False,False,True,True,False,True,False,False,True,False,False,False,False
2023-04-28,2023-04-28 00:00:00+09:00,32735,32895,32490,32625,9407032,69500,32692.5,32560.0,32370.0,32592.5,32693.333333333332,2,True,32720.0,0.002911877394635942,0.0026118773946359423,0.0012368585373962004,0.0,0.0,-0.0012368585373963583,0.0003093580844471684,0.0,0.0012368585373962004,-0.0009275004529492059,0.0003093580844471684,True,False,False,False,False,False,True,False,False,True,False,False,False,False,False,True,False,False,False,False,False,False,False,0.0007657945492304554,-0.0005104645338001949,0.0002552648386547068,-0.0007659900795825345,0.0002553952254974682,0.0002553300154302287,0.0005105948540851329,-0.00025526483865474,0.0002553300154302287,True,False,True,False,False,False,True,False,False,True,False,True,False,False,False,True,False,False,False,False,False,False,False
2023-05-02,2023-05-02 00:00:00+09:00,32720,32980,32675,32980,6646106,69500,32827.5,32625.0,32692.5,32802.5,32721.666666666668,4,True,32725.0,-0.0077319587628865705,-0.00803195876288657,0.0006138735613281546,-0.0003068896755710893,-0.00030698388575700294,-0.0003070781538026258,0.00030707815380266685,0.0003069838857569999,0.0,0.0003069838857569999,0.0003069838857569999,True,False,False,False,False,True,False,False,False,True,False,False,False,False,False,False,False,False,False,False,False,True,False,0.0,0.00025306845636778705,-0.00025306845636768253,-0.0002531325162231551,-0.0007595898580185669,0.0007595898580185516,0.0,0.0,0.0,False,False,False,False,False,True,False,False,False,False,False,False,False,False,True,False,False,False,False,False,False,False,False
2023-05-03,2023-05-03 00:00:00+09:00,32725,32820,32620,32685,6572422,69500,32720.0,32980.0,32827.5,32832.5,32763.333333333332,0,False,32555.0,-0.003977359645097156,-0.004277359645097156,-0.0003098373378775477,0.0006195787063133173,-0.0003097413684357805,-0.0003097413684357805,-0.0003098373378775477,0.0003098373378775558,0.0,-0.0003097413684357805,0.0,False,True,False,False,False,True,False,False,False,False,True,False,False,False,False,False,False,False,False,False,False,False,False,-0.00025552574560908716,0.0005109862144910146,-0.00025546046888198976,-0.0007665772701955732,0.00025559105570449093,0.00025552574560896627,0.0,-0.00025546046888198976,0.0,False,True,False,False,False,False,False,False,False,False,True,False,False,False,False,False,False,False,False,False,False,False,False
2023-05-04,2023-05-04 00:00:00+09:00,32555,32650,32455,32560,7297380,69500,32552.5,32685.0,32720.0,32622.5,32741.666666666668,1,False,32920.0,0.011056511056511065,0.010756511056511065,0.0,-0.0006207324842389727,0.0,-0.0006211180323906483,-0.0012430082395970253,0.00031089694016936425,-0.0006207324842389727,-0.001242622092172449,-0.0018633545764114596,False,False,False,False,False,True,False,False,False,False,False,False,False,False,False,False,False,False,False,False,False,False,False,0.0002572347281064462,-0.0005145356429443377,0.0,-0.0005146680504753984,-0.0010301314328415153,-0.0002576987515872018,0.0,-0.0018024982349039939,-0.0018024982349039939,True,False,False,False,False,False,False,False,False,True,False,False,False,False,False,False,False,False,False,False,False,False,False
2023-05-08,2023-05-08 00:00:00+09:00,32920,33070,32875,32970,6547105,69500,32972.5,32560.0,32552.5,32765.0,32738.333333333332,4,True,32910.0,-0.0018198362147406888,-0.0021198362147406887,0.0,-0.0003067014285657624,0.0,0.00030670142856591625,0.00030670142856591625,-0.0009203866273286727,-0.0003067014285657624,-0.0006136851987628849,-0.0009203866273286727,False,False,False,True,False,False,False,False,False,False,False,False,True,False,False,False,False,False,False,False,False,False,False,0.0,-0.0007663814399885334,0.00025546046888194737,0.00025546046888194737,0.0,0.0002553952254974682,-0.0002553952254975612,0.0005108556943794842,0.0,False,False,True,True,False,False,False,True,False,False,False,True,True,False,False,False,True,False,False,True,False,False,True
2023-05-09,2023-05-09 00:00:00+09:00,32910,32925,32760,32870,4545144,69500,32842.5,32970.0,32972.5,32920.0,32800.0,1,False,32860.0,-0.00030422878004254805,-0.000604228780042548,-0.00030604437882329966,-0.0003061380706597192,0.0,-0.00030623181987893684,-0.00030641949067706034,0.00030641949067695436,-0.0006121824494831111,-0.0006125574464128071,-0.0012247398958958238,False,False,False,True,False,False,False,False,False,False,False,False,False,False,False,False,False,False,False,False,False,False,False,-0.0002550044639600029,-0.0002550695078233751,0.0,-0.0005103342800221108,0.00025519969514538034,-0.00025519969514536207,-0.0005100739717833623,-0.0005103342800221108,-0.0010204082518055196,False,False,False,False,False,False,False,False,False,False,False,False,False,False,False,False,False,False,False,False,False,False,False
2023-05-10,2023-05-10 00:00:00+09:00,32860,32860,32535,32665,6417438,69500,32697.5,32870.0,32842.5,32767.5,32835.0,0,False,32780.0,0.0035205877850910117,0.0032205877850910117,0.0,-0.0003078343875317299,0.0003078343875317394,0.0,0.0006153846348050324,0.0006150061694460637,0.0,0.001230390804251141,0.001230390804251141,False,False,False,True,True,True,False,True,True,False,False,True,False,True,True,False,True,True,False,False,False,True,False,0.0,0.0002560491628378424,0.0,0.0002559836184463839,0.0005117707378841788,0.00025578718645665453,0.0002560491628378424,0.001023541542787158,0.0012795907056250327,False,True,False,True,True,True,True,True,True,False,True,False,True,True,False,False,True,True,True,False,False,True,False
2023-05-11,2023-05-11 00:00:00+09:00,32780,32895,32575,32575,5099307,69500,32735.0,32665.0,32697.5,32620.0,32703.333333333332,0,False,32455.0,-0.0036838066001534386,-0.0039838066001534386,0.00030399757036070574,-0.0006080875833470577,-0.0003039975703606134,0.0,-0.00030409001298642565,0.000608087583347068,0.0,0.00030399757036070574,0.00030399757036070574,True,False,False,True,False,True,False,False,False,False,False,False,False,False,True,False,False,False,False,False,False,True,False,0.00025455008410330275,0.0002544853048472101,-0.00025448530484713,0.0,-0.0005092946379501131,0.0005092946379501353,0.00025455008410330275,0.0,0.0,True,True,False,False,False,True,False,False,False,True,False,False,False,False,True,False,False,False,False,False,False,False,False
2023-05-12,2023-05-12 00:00:00+09:00,32455,32580,32355,32420,6233274,69500,32467.5,32575.0,32735.0,32497.5,32553.333333333332,0,False,32350.0,-0.0021591610117212,-0.0024591610117212,0.0,-0.0003029843986214573,-0.0006062443350273956,0.0006062443350273895,-0.0003032600478131568,0.0,-0.0009092287336488335,-0.0003032600478131568,-0.001212488781461928,False,False,False,True,False,False,False,False,False,False,False,False,True,False,False,False,False,False,False,False,False,False,False,0.0,0.0,0.00025519969514538034,0.00025519969514538034,-0.0005104645338001949,0.0005104645338000539,0.00025519969514538034,0.00025519969514538034,0.00025519969514538034,False,False,True,True,False,True,False,False,False,False,False,True,True,False,True,False,False,False,True,False,False,False,False
2023-05-15,2023-05-15 00:00:00+09:00,32350,32510,32220,32510,6872961,69500,32365.0,32420.0,32467.5,32465.0,32501.666666666668,4,True,32720.0,0.006459550907413014,0.006159550907413014,0.0,0.0,-0.00030455307072617817,0.0009133810956207902,0.0,-0.0003043676785024671,-0.00030455307072617817,0.0006090134171182637,0.0003044603463920536,False,False,False,True,False,False,False,True,False,False,False,False,True,False,False,False,False,False,False,True,False,True,True,0.00025565639919382155,0.0,0.0007665772701954624,0.0,-0.00025546046888198976,0.0007661857098097994,0.0010222336693893055,0.0005107252409279368,0.001532958910317109,True,False,True,False,False,True,True,True,True,True,False,True,False,False,True,True,True,True,True,False,False,False,False
2023-05-16,2023-05-16 00:00:00+09:00,32720,32835,32535,32600,5661588,69500,32685.0,32510.0,32365.0,32555.0,32510.0,3,True,32540.0,-0.0018404907975460016,-0.0021404907975460016,0.0,-0.0003036283612213747,-0.0003036283612213747,-0.0006073489406252517,0.0003037205794037643,0.0,-0.0003036283612213747,-0.0003036283612213747,-0.0003036283612213747,False,False,False,False,False,False,False,False,False,False,False,False,False,False,False,False,False,False,False,False,False,False,False,0.0,0.0002559181076027514,-0.0002559181076027471,-0.0005120327812841997,0.0,0.0005120327812843453,-0.0002559181076027471,0.0,-0.0002559181076027471,False,True,False,False,False,True,False,False,False,False,True,False,False,False,True,False,False,False,False,False,False,False,False
2023-05-17,2023-05-17 00:00:00+09:00,32540,32805,32530,32705,4019257,69500,32667.5,32600.0,32685.0,32652.5,32605.0,4,True,32905.0,0.006115272894053003,0.005815272894053003,-0.00030234316178913786,0.000604594939819473,0.0,-0.000604594939819414,0.0006047777626124854,0.0,0.00030225177803032687,-0.000302251778030246,0.0,False,True,False,False,True,False,True,False,False,False,True,False,False,True,False,True,False,False,False,False,False,False,False,-0.0005130836438881248,0.00025657472879694903,0.0,-0.0002565747287969008,0.00025657472879694903,0.0,-0.00025650891509122016,0.0,-0.00025650891509122016,False,True,False,False,True,False,False,False,False,False,True,False,False,True,False,False,False,False,False,False,False,False,False
2023-05-18,2023-05-18 00:00:00+09:00,32905,33040,32815,33020,4944113,69500,32927.5,32705.0,32667.5,32862.5,32775.0,4,True,33260.0,0.00726832222895224,0.00696832222895224,-0.0005989817489657307,0.0,0.0,0.00029953572187412436,-0.00029953572187414154,0.0,-0.0005989817489657307,0.0,-0.0005989817489657307,False,False,False,True,False,False,False,False,False,False,False,False,True,False,False,False,False,False,False,False,False,False,False,-0.00025416190249927424,0.0002541619024991975,-0.00025416190249927424,0.0002541619024991975,-0.00025416190249927424,0.0005082592231396135,-0.00025416190249927424,0.0005082592231396135,0.00025409732064049273,False,False,False,True,False,False,False,True,False,False,False,False,True,False,False,False,True,False,False,True,False,True,True
2023-05-19,2023-05-19 00:00:00+09:00,33260,33505,33260,33485,5211634,69500,33382.5,33020.0,32927.5,33252.5,33070.0,4,True,33485.0,0.0,-0.0003,0.0,0.0,-0.0008801526165958856,-0.00029355643833294047,0.0,0.0005870267265728045,-0.0008801526165958856,0.00029347028823974977,-0.0005866823283561453,False,False,False,False,False,True,False,True,False,False,False,False,False,False,True,False,False,False,False,True,False,False,True,-0.0005022601813269899,0.00025116162382429475,-0.000251161623824414,-0.0002512247218338182,0.0002512247218337631,0.0005022601813270377,-0.0005022601813269899,0.0005022601813270377,0.0,False,False,False,False,False,False,False,True,False,False,False,False,False,False,False,False,True,False,False,True,False,False,True
2023-05-22,2023-05-22 00:00:00+09:00,33485,33840,33425,33700,3957548,69500,33632.5,33485.0,33382.5,33592.5,33401.666666666664,4,True,33815.0,0.003412462908011893,0.003112462908011893,-0.0002945074384414351,-0.000294594198624876,0.0,-0.0005894488823779125,0.0002947678724365559,0.0011782033763538668,-0.0005891016370663143,0.0008835223664123714,0.00029442072934598486,False,False,True,False,False,True,False,True,False,False,False,False,False,False,True,False,True,False,False,True,False,True,True,-0.0005040322687352213,0.0,0.0,-0.0002521114345888523,0.0005042864453817047,0.0002520478904332736,-0.0005040322687352213,0.0002520478904332736,-0.00025198437830195597,False,False,False,False,True,False,False,False,False,False,False,False,False,True,False,False,False,False,False,True,False,False,True
2023-05-23,2023-05-23 00:00:00+09:00,33815,33920,33715,33800,5034538,69500,33817.5,33700.0,33632.5,33750.0,33661.666666666664,3,True,33600.0,-0.00591715976331364,-0.00621715976331364,-0.000586510280742606,0.00029321214108321195,0.0,-0.000586510280742606,-0.0002933841886967736,0.0005866823283562153,0.0,-0.00029321214108329777,-0.00029321214108329777,False,True,False,False,False,True,True,False,False,False,True,False,False,False,True,False,False,False,False,False,False,False,False,-0.00025154068803233994,0.0,0.0002515406880323355,-0.0007548119618657033,0.0,-0.00025173064953573117,0.0,-0.0010065426114013946,-0.0010065426114013946,False,False,True,False,False,False,False,False,False,False,False,True,False,False,False,False,False,False,False,False,False,False,False
2023-05-24,2023-05-24 00:00:00+09:00,33600,33810,33590,33675,4566173,69500,33700.0,33800.0,33817.5,33737.5,33725.0,1,False,33840.0,0.004899777282850737,0.004599777282850737,-0.00029722098598950494,-0.00029730935256908135,-0.00029739777170873476,-0.0005950610113109561,-0.0002976633449571718,0.0005952381128128702,-0.0008919281102672588,-0.0002974862434552333,-0.0011894143537225126,False,False,False,False,False,True,False,False,False,False,False,False,False,False,True,False,False,False,False,False,False,False,False,-0.00025442055855339385,-0.0005090353889503616,0.0,-0.0005092946379501131,-0.0010193680801147916,0.0007646234602172695,-0.0007634559475037876,-0.0007640392578477263,-0.0015274952053515708,False,False,False,False,False,True,False,False,False,False,False,False,False,False,True,False,False,False,False,False,False,False,False
2023-05-25,2023-05-25 00:00:00+09:00,33840,33865,33565,33645,5259621,69500,33715.0,33675.0,33700.0,33660.0,33706.666666666664,0,False,33700.0,0.0016347154109079831,0.0013347154109079832,-0.00029520295417332623,0.0002952029541732625,-0.00029520295417332623,0.0,-0.0002952901246910427,0.0020652020911494477,-0.00029520295417332623,0.0017699119664584136,0.0014747090122850261,False,True,False,True,False,True,False,True,True,False,True,False,False,False,True,False,True,True,False,True,False,True,True,-0.0005116398167380603,0.0010230179920344864,-0.00025565639919381434,0.0007667732005073825,0.00025546046888194737,0.0010211897747279776,0.00025572177610270206,0.0020434234441172386,0.0022991452202199003,False,True,False,True,True,True,True,True,True,False,True,False,True,False,True,True,True,True,True,False,False,True,False
2023-05-26,2023-05-26 00:00:00+09:00,33700,33865,33635,33760,5966030,69500,33750.0,33645.0,33715.0,33702.5,33693.333333333336,4,True,34100.0,0.01007109004739326,0.00977109004739326,-0.0002925259637650392,0.0005849663811146777,0.0,0.00029235492095380593,0.0005847953383032937,0.0014604939064606457,0.00029244041734961134,0.0017528488274143868,0.0020452892447639223,False,True,True,True,True,True,True,True,True,False,True,False,True,True,True,True,True,True,True,False,False,True,False,0.0007648183929220497,0.0002550044639600185,0.0,0.0002550044639600185,0.0015286627180650205,0.0007638447220532828,0.0002550044639600185,0.002038217266128016,0.002038217266128016,True,True,False,True,True,True,False,True,True,True,True,False,True,True,True,True,True,True,True,False,True,True,False
2023-05-30,2023-05-30 00:00:00+09:00,34100,34225,34030,34215,4103040,69500,34127.5,33760.0,33750.0,33987.5,33873.333333333336,4,True,34170.0,-0.0013152126260411734,-0.0016152126260411733,0.00028372819029879616,-0.0002837281902988784,0.0005673759017454234,0.0002835672782364524,0.00028348689062985497,-0.0008507018803129225,0.0005673759017454234,-0.0002836477114465044,0.00028372819029879616,True,False,True,True,False,False,True,False,False,True,False,True,True,False,False,True,False,False,False,False,False,False,False,-0.0002507208236777303,-0.0002507837003739097,0.0005015045240515228,0.00025065797850245863,0.0,0.0,0.0,0.0007517855259480201,0.0007517855259480201,False,False,True,False,False,False,False,True,True,False,False,True,True,False,False,False,True,True,False,False,False,True,False
2023-05-31,2023-05-31 00:00:00+09:00,34170,34300,33970,33970,5638414,69500,34135.0,34215.0,34127.5,34092.5,33981.666666666664,0,False,33925.0,-0.001324698263173385,-0.001624698263173385,-0.001137333076819919,0.0,0.0002844545603024161,-0.0011376565504610187,-0.0002846164812154355,-0.0005694760973948224,-0.0008528785165175153,-0.001991749129071251,-0.0022759611531528883,False,False,True,False,False,False,False,False,False,False,False,True,False,False,False,False,False,False,False,False,False,False,False,-0.0005040322687352213,0.0005040322687352379,0.00025192089817071335,-0.0012602396122877771,-0.0005045408785133857,0.0005045408785134376,0.00025192089817071335,-0.0012602396122877771,-0.0010083187141169845,False,True,True,False,False,False,False,False,False,False,True,True,False,False,False,False,False,False,False,False,False,False,False
2023-06-01,2023-06-01 00:00:00+09:00,33925,34020,33780,33860,4794356,69500,33900.0,33970.0,34135.0,33915.0,34015.0,0,False,34080.0,0.006497341996456019,0.006197341996456019,0.0002854288587952512,-0.00028542885879519853,-0.0005711022428211541,0.000856531101616428,-0.00028542885879519853,0.0008560422836930162,-0.0005711022428211541,0.0014271445265141341,0.0008560422836930162,True,False,False,True,False,True,False,True,True,True,False,False,True,False,True,False,True,True,False,True,False,True,True,-0.0002523022594436406,0.0002523022594435317,-0.0002523022594436406,0.0005045408785134376,-0.0005045408785133857,0.0005045408785134376,-0.0002523022594436406,0.0005045408785134376,0.00025223861906979283,False,False,False,True,False,False,False,False,False,False,False,False,True,False,False,False,True,False,False,True,False,True,True
2023-06-02,2023-06-02 00:00:00+09:00,34080,34295,34050,34295,6094219,69500,34172.5,33860.0,33900.0,34077.5,34041.666666666664,4,True,34500.0,0.005977547747485046,0.005677547747485046,0.000562587919198652,0.0,0.0002813335227446578,-0.0011258092942533144,0.0,0.0016882390053672848,0.0002813335227446578,0.0005624297111139256,0.0008437632338584808,True,False,True,False,False,True,True,True,True,True,False,True,False,False,True,True,False,True,True,False,False,True,False,0.0007497188905459742,0.0,-0.0002499062864436882,0.0,0.0,0.0004996252914324798,0.0002499687552074404,0.0004996252914324798,0.0009995003330834232,True,False,False,False,False,False,False,False,True,True,False,False,False,False,False,False,False,True,True,False,False,True,False
2023-06-05,2023-06-05 00:00:00+09:00,34500,34515,34345,34395,4238342,69500,34430.0,34295.0,34172.5,34345.0,34183.333333333336,3,True,34495.0,0.002907399331298244,0.002607399331298244,0.0008428150519973713,0.0,0.0011235956238264877,-0.0005616400035307932,0.0,0.00028085943170157136,0.0011235956238264877,-0.0002807805718292191,0.0008428150519973713,True,True,True,False,False,False,True,False,True,True,False,True,False,False,False,True,False,True,False,False,False,False,False,0.0,-0.00024706609143592615,0.0002470660914358099,0.000247005064859676,-0.00024700506485964674,-0.00024706609143592615,0.0004941932396108003,-0.00024706609143592615,0.00024712714817484905,False,False,True,False,False,False,True,False,False,False,False,True,False,False,False,True,False,False,False,False,False,False,False
2023-06-07,2023-06-07 00:00:00+09:00,34495,34580,34320,34320,2843547,69500,34450.0,34395.0,34430.0,34357.5,34336.666666666664,0,False,34215.0,-0.0030594405594405183,-0.003359440559440518,-0.00027983769596354896,-0.0002799160270201513,-0.0002799944019412057,0.000279994401941241,-0.0005600672227048736,0.0008399832497250321,-0.0008397481249248898,0.0005599104289613909,-0.00027983769596354896,False,False,False,False,False,True,False,False,False,False,False,False,True,False,True,False,False,False,False,True,False,False,True,0.00024657872150585475,-0.0002465787215057695,0.0,-0.000493339921204754,0.0,0.0004933399212048021,0.0,0.0,0.0,True,False,False,False,False,False,False,False,False,True,False,False,False,False,False,False,False,False,False,False,False,False,False
2023-06-08,2023-06-08 00:00:00+09:00,34215,34300,34100,34275,3996672,69500,34200.0,34320.0,34450.0,34297.5,34330.0,1,False,34450.0,0.0051057622173595885,0.0048057622173595885,-0.0002857551098170689,-0.00028583678914066165,0.00028583678914059714,-0.0008577555922619896,0.00028600028794966516,0.0,-0.0002857551098170689,-0.0005717553043122124,-0.000857510414129238,False,False,True,False,True,False,False,False,False,False,False,True,False,False,False,False,False,False,False,False,False,False,False,0.0007439553969912622,-0.0004959087629525672,0.0004959087629526466,-0.0004959087629525672,-0.00024804663403881465,0.0004960317562024109,0.0007439553969912622,-0.00024792364078889644,0.0004960317562024109,True,False,True,False,False,False,True,False,True,True,False,True,False,False,False,True,False,False,False,False,False,False,False
2023-06-09,2023-06-09 00:00:00+09:00,34450,34780,34340,34730,4790733,69500,34560.0,34275.0,34200.0,34502.5,34441.666666666664,4,True,34810.0,0.0023034840195796935,0.0020034840195796936,0.00028149190896630146,0.0,0.0,-0.0008447135515656546,0.00028165047362645787,0.0008444757715087386,0.00028149190896630146,0.00028141269356950097,0.0005629046025359818,True,False,False,False,False,True,True,False,True,True,False,False,False,False,True,True,False,False,True,False,False,False,False,0.00024657872150585475,0.00024651793542822644,0.0,-0.0007397361945019435,0.0,0.0,0.0004930966569338336,-0.0007397361945019435,-0.00024663953756789823,True,False,False,False,False,False,True,False,False,True,False,False,False,False,False,True,False,False,False,False,False,False,False
2023-06-12,2023-06-12 00:00:00+09:00,34810,34855,34420,34505,6195794,69500,34637.5,34730.0,34560.0,34617.5,34503.333333333336,1,False,34705.0,0.005796261411389558,0.005496261411389558,0.0,-0.00027968116529673555,0.0005592841309096111,-0.0005592841309097258,0.0011182556379177994,0.0,0.0002796029656128719,0.000558971507008081,0.0008385744726209456,False,False,True,False,True,False,True,False,True,False,False,True,False,True,False,True,False,True,True,False,False,True,False,-0.0002455494180539527,0.0002455494180539889,-0.000491159145433724,0.0,0.0002454891383384813,0.0004907975558643026,-0.000491159145433724,0.0012274458396365447,0.0007362866942028736,False,False,False,False,True,False,False,True,True,False,False,False,False,False,False,False,True,True,False,True,False,True,True
2023-06-13,2023-06-13 00:00:00+09:00,34705,34785,34575,34670,6870619,69500,34680.0,34505.0,34637.5,34587.5,34635.0,3,True,34670.0,0.0,-0.0003,0.0,-0.0002747630186265209,0.0,0.0008238363777774493,0.0002744613712851428,0.0008229324288313441,0.0,0.0019212301778938723,0.0019212301778938723,False,False,False,True,False,False,False,True,True,False,False,False,True,False,True,False,True,True,False,False,False,True,False,0.0,-0.00024327940759811287,0.00024327940759821966,0.00048638133254565684,0.00048626307790144004,0.00024304289826764916,0.0,0.000972526213291747,0.000972526213291747,False,False,False,True,True,False,False,True,True,False,False,True,True,True,False,False,True,True,False,False,False,True,False
2023-06-14,2023-06-14 00:00:00+09:00,34670,34710,34435,34500,6200984,69500,34572.5,34670.0,34680.0,34585.0,34558.333333333336,0,False,34585.0,0.0024637681159420666,0.0021637681159420667,-0.0005477951383219156,0.0010952903614147435,-0.0005474952230929745,0.0002737850804234787,-0.000547645139645601,0.0005476451396455754,0.0,0.0002737850804234787,0.0002737850804234787,False,True,False,False,False,False,False,False,False,False,True,False,True,False,False,False,False,False,False,False,False,True,False,-0.0004846135302015303,0.0004846135302015043,-0.0002422774088167901,0.00024227740881675505,0.0,0.0,-0.0002422774088167901,0.00024227740881675505,0.0,False,True,False,False,False,False,False,False,False,False,True,False,False,False,False,False,False,False,False,True,False,False,True
2023-06-15,2023-06-15 00:00:00+09:00,34585,34700,34340,34380,5777708,69500,34520.0,34500.0,34572.5,34440.0,34516.666666666664,0,False,34555.0,0.005090168702734044,0.004790168702734044,-0.0005437738035023493,-0.0002719238629943779,-0.00027199782569432065,-0.001361099978743344,-0.0005449591415522166,0.0005448106917650241,-0.0008157716291967408,-0.0010887317351965606,-0.0019045033643933173,False,False,False,False,False,False,False,False,False,False,False,False,False,False,False,False,False,False,False,False,False,False,False,-0.000726128556653874,0.0002421014416860778,-0.00024210144168606372,-0.0002421600689881851,-0.00024221872469157752,0.0,-0.000726128556653874,-0.0004843787936797384,-0.0012105073503336954,False,False,False,False,False,False,False,False,False,False,False,False,False,False,False,False,False,False,False,False,False,False,False
2023-06-16,2023-06-16 00:00:00+09:00,34555,34575,34350,34545,5714938,69500,34462.5,34380.0,34520.0,34462.5,34475.0,3,True,34445.0,-0.0028947749312491222,-0.003194774931249122,0.0,0.0005385029747795463,0.0005382131453925637,-0.000807645756649004,0.0013457141043092423,0.0002689256436807901,0.0010767161201720114,0.0008069939913409674,0.0016146397479900043,True,True,True,False,True,False,True,True,True,False,True,True,False,True,False,True,True,True,True,False,False,False,False,0.00023954964780977783,0.0002394922775188419,0.0,-0.000239549647809849,0.0007184768600292164,0.0002393776193356533,0.0004790419253285486,0.0007183048315551695,0.0009578544793649559,True,False,False,False,True,False,True,True,True,True,False,False,False,True,False,True,True,True,True,False,False,True,False
2023-06-19,2023-06-19 00:00:00+09:00,34445,34490,34260,34355,3673429,69500,34375.0,34545.0,34462.5,34450.0,34426.666666666664,0,False,34260.0,-0.002765245233590452,-0.003065245233590452,0.0005412720023895905,0.0002705261750571748,0.0,0.0,0.00027045301043825555,0.00027037988538384394,0.0008117981774466564,0.0005408328958221015,0.0013526310732688152,True,True,False,False,False,False,True,False,True,True,True,False,True,False,False,True,False,True,True,False,False,False,False,0.00024035572763236797,0.00024029797063850945,0.00048042278127968633,-0.0004804227812797395,0.00048042278127968633,0.0,0.000961076479550532,0.0,0.000961076479550532,True,False,True,False,True,False,True,False,True,True,False,True,False,True,False,True,False,True,False,False,False,False,False
2023-06-20,2023-06-20 00:00:00+09:00,34260,34340,34155,34295,4699219,69500,34247.5,34355.0,34375.0,34325.0,34398.333333333336,1,False,34230.0,-0.0018953200174952611,-0.002195320017495261,0.0,0.00027162841400201984,0.00027155465204224,-0.0002714809301321637,0.0010854817890791567,0.0002711864423398344,0.0005431830660441372,0.0010851873012869833,0.0018998512974634193,False,True,False,False,True,False,True,True,True,False,True,True,False,True,False,True,True,True,True,False,False,True,False,0.0,0.00048169557771477275,-0.0002408187850289864,0.00024081878502900218,0.00024076080530397934,0.0004813477830604624,0.0002408767926858047,0.0009629273733933429,0.0012038041660792328,False,True,False,False,False,False,False,True,True,False,True,False,True,False,False,False,True,True,True,False,False,True,False
2023-06-21,2023-06-21 00:00:00+09:00,34230,34235,33960,33975,4799234,69500,34097.5,34295.0,34247.5,34135.0,34208.333333333336,0,False,33910.0,-0.0019131714495952412,-0.002213171449595241,-0.0008131183535141389,0.0002711129201911798,0.0002711129201911798,-0.0010848929732386024,0.0010848929732386037,-0.0005422993625311492,-0.0005420054333229494,-0.0005422993625311492,-0.0010843047958540779,False,True,False,False,True,False,False,False,False,False,True,True,False,True,False,False,False,False,False,False,False,False,False,-0.00048262549199351763,0.0,0.0,-0.0009659503286693923,0.0,0.0007245502067970989,-0.00048262549199351763,-0.00024140012187233667,-0.0007240256138658467,False,False,False,False,False,True,False,False,False,False,False,False,False,False,True,False,False,False,False,False,False,False,False
2023-06-22,2023-06-22 00:00:00+09:00,33910,34180,33895,34060,3096561,69500,34037.5,33975.0,34097.5,34017.5,34110.0,2,True,34195.0,0.003963593658250053,0.003663593658250053,-0.00027574796810600336,0.0002757479681060161,0.0,-0.00027574796810600336,0.0,0.0019286409064056863,0.0,0.0016528929382995943,0.0016528929382995943,False,True,False,False,False,True,False,True,True,False,True,False,False,False,True,False,True,True,False,False,False,True,False,0.0,0.00048626307790144004,-0.00048626307790143364,0.0002431610954230451,-0.00024316109542306698,-0.00024322023712262437,0.0,-0.00024322023712262437,-0.00024322023712262437,False,True,False,True,False,False,False,False,False,False,True,False,True,False,False,False,False,False,False,False,False,False,False
2023-06-23,2023-06-23 00:00:00+09:00,34195,34225,33855,33895,6266048,69500,34040.0,34060.0,34037.5,33977.5,33976.666666666664,0,False,33840.0,-0.0016226582091753983,-0.0019226582091753982,0.0005462988390441544,0.0005460005595649037,0.00027288852673108545,-0.0008188890862958903,0.0010917031651943797,0.0,0.0013651879253399903,0.0002728140788985085,0.0016380020042383698,True,True,False,False,True,False,True,False,True,True,True,True,False,True,False,True,False,True,True,False,False,False,False,0.0002429838427701021,0.0007285974821405398,0.00024280684834594428,-0.0007285974821404986,0.0004857906337945488,0.0004855547558372385,0.0009715813249105846,0.00024274790749132725,0.0012143292324019804,True,True,True,False,True,False,True,False,True,True,True,True,False,True,False,True,False,True,True,False,True,False,False
2023-06-26,2023-06-26 00:00:00+09:00,33840,34100,33805,34065,3577737,69500,33952.5,33895.0,34040.0,33980.0,34006.666666666664,4,True,34000.0,-0.0019081168354616596,-0.0022081168354616595,0.0002740852422256421,0.0,0.0,-0.0005482456277674095,0.00027416038554185573,0.0,0.0002740852422256421,-0.0002740852422256295,0.0,False,False,False,False,False,False,False,False,False,True,False,False,False,False,False,False,False,False,False,False,False,False,False,0.0,-0.00024345709189032148,0.0004868549268511563,-0.00024339783496085695,-0.00048697346956996237,0.00024351637767970662,0.00024339783496095686,-0.00048685492685118955,-0.00024345709189032148,False,False,True,False,False,False,False,False,False,False,False,True,False,False,False,False,False,False,False,False,False,False,False
2023-06-27,2023-06-27 00:00:00+09:00,34000,34070,33885,34050,4294631,69500,33977.5,34065.0,33952.5,34057.5,34003.333333333336,3,True,34175.0,0.0036710719530101965,0.0033710719530101966,0.0,0.0005547850350340533,0.0008316008795259878,-0.0005546311844895708,0.0011089549237390734,0.0002770466841380798,0.0013863859145600513,0.0008313704233875971,0.00166343259869809,False,True,True,False,True,False,True,True,True,False,True,True,False,True,False,True,True,True,True,False,False,False,False,0.0,0.0002440512519739876,0.00048792389355408,0.0,0.0,0.0,0.0007319751455280935,0.0,0.0007319751455280935,False,False,True,False,False,False,True,False,False,False,False,True,False,False,False,True,False,True,False,False,False,False,False
2023-06-28,2023-06-28 00:00:00+09:00,34175,34175,33805,33865,5107857,69500,33990.0,34050.0,33977.5,33957.5,33993.333333333336,0,False,33965.0,0.0029529012254541076,0.0026529012254541077,0.0002744613712851428,0.0008229324288313441,0.0,0.0,0.0005483959556137368,-0.0013715541856582506,0.000823158230044549,-0.0008231582300445543,0.0,False,True,False,True,True,False,True,False,False,True,True,False,True,True,False,True,False,False,False,False,False,False,False,0.0002425124299504561,0.0004848484943465003,-0.00024239486241576063,0.0,-0.00048496606188139576,-0.00048508368644622644,0.0004849660618814162,-0.0007275373183769789,-0.00024257125649570442,True,True,False,False,False,False,True,False,False,True,True,False,False,False,False,True,False,False,False,False,False,False,False
2023-06-29,2023-06-29 00:00:00+09:00,33965,34175,33860,33860,4378180,69500,34017.5,33865.0,33990.0,33862.5,33925.0,0,False,33870.0,0.0002953337271116574,-4.666272888342578e-06,0.0,-0.00027288852673103254,0.0,0.00027288852673108545,-0.0005458515419374881,0.0002730375443582586,-0.00027288852673103254,-0.00027296301520650856,-0.0005458515419374881,False,False,False,True,False,False,False,False,False,False,False,False,True,False,False,False,False,False,False,False,False,False,False,0.0,0.0,0.0,0.00024216006898809825,-0.0002421600689881851,-0.00024221872469157752,0.0,-0.00024221872469157752,-0.00024221872469157752,False,False,False,True,False,False,False,False,False,False,False,False,True,False,False,False,False,False,False,False,False,False,False
2023-06-30,2023-06-30 00:00:00+09:00,33870,34050,33620,33960,5393824,69500,33835.0,33860.0,34017.5,33910.0,33895.0,3,True,34085.0,0.0036808009422850674,0.0033808009422850675,-0.0002726653050294527,0.0,0.0,-0.0002727396716757184,-0.0008184422773051053,0.0,-0.0002726653050294527,-0.0008184422773051053,-0.001091107582334568,False,False,False,False,False,False,False,False,False,False,False,False,False,False,False,False,False,False,False,False,False,False,False,-0.00024076080530410912,0.0,0.0,-0.0002408187850289864,-0.00024087679268583887,0.0,-0.00024076080530410912,-0.00048169557771480945,-0.0007224563830188452,False,False,False,False,False,False,False,False,False,False,False,False,False,False,False,False,False,False,False,False,False,False,False
2023-07-03,2023-07-03 00:00:00+09:00,34085,34515,34085,34490,3845275,69500,34300.0,33960.0,33835.0,34225.0,34103.333333333336,4,True,34475.0,-0.0004349086691795012,-0.0007349086691795011,0.0,-0.0005380683476602225,-0.0002690703635230052,-0.000807428384601044,0.00026921523920837306,0.0005382131453925637,-0.0005380683476602225,0.0,-0.00026899798413714806,False,False,False,False,False,False,False,False,False,False,False,False,False,False,True,False,False,False,False,False,False,False,False,-0.00023829381740308726,0.0,0.0,-0.00023835061488123354,-0.0002384074394412941,0.00023840743944128677,-0.00023829381740308726,-0.00023835061488123354,-0.00047664443228434376,False,False,False,False,False,False,False,False,False,False,False,False,False,False,False,False,False,False,False,False,False,False,False
2023-07-04,2023-07-04 00:00:00+09:00,34475,34525,34335,34355,6672043,69500,34430.0,34490.0,34300.0,34422.5,34268.333333333336,2,True,34300.0,-0.001600931451026022,-0.0019009314510260219,0.0005382131453925637,-0.0002690703635230052,-0.0002691427818695426,0.0,0.0,0.000269142781869579,0.0,0.000269142781869579,0.000269142781869579,True,False,False,True,False,False,False,False,False,True,False,False,True,False,False,False,False,False,False,False,False,True,False,-0.000238123587266419,0.0,0.0,-0.00023818030361500708,0.0,-0.00047630389088141906,-0.000238123587266419,-0.00023818030361500708,-0.00047630389088141906,False,False,False,False,False,False,False,False,False,False,False,False,False,False,False,False,False,False,False,False,False,False,False
2023-07-05,2023-07-05 00:00:00+09:00,34300,34430,34030,34030,5141747,69500,34230.0,34355.0,34430.0,34192.5,34291.666666666664,0,False,34010.0,-0.0005877167205406986,-0.0008877167205406985,0.0005383580210781283,0.0005383580210781283,0.0,-0.0005386480065598942,0.0,-0.00026950545911681213,0.0005383580210781283,-0.0010775863111702484,-0.0010775863111702484,True,True,False,False,False,False,True,False,False,True,True,False,False,False,False,True,False,False,False,False,False,False,False,0.0,-0.00023818030361500708,-0.00023818030361500708,-0.0002382370469874171,-0.00023829381740308726,-0.00023835061488123354,-0.00023818030361500708,-0.0007148814792717047,-0.000953061782886727,False,False,False,False,False,False,False,False,False,False,False,False,False,False,False,False,False,False,False,False,False,False,False
2023-07-06,2023-07-06 00:00:00+09:00,34010,34020,33730,33770,4764556,69500,33875.0,34030.0,34230.0,33900.0,34051.666666666664,0,False,33575.0,-0.00577435593722242,-0.0060743559372224195,-0.0010816658707410232,-0.0005409791854953998,0.0005409791854954569,0.0016211838189999106,-0.00027001485245727557,0.0,-0.0005406866852456506,0.0013511689665425843,0.000810482281296977,False,False,True,True,False,False,False,True,False,False,False,True,True,False,False,False,True,True,False,True,False,True,True,-0.0007184768600292907,0.0,0.0,0.0011968882338461726,-0.0004785834022908932,0.0004785834022909885,-0.0004789272122194881,0.0011968882338461726,0.000717961021626564,False,False,False,True,False,True,False,True,False,False,False,False,True,False,False,False,True,True,False,True,False,True,True
2023-07-07,2023-07-07 00:00:00+09:00,33575,33580,33185,33290,5853036,69500,33382.5,33770.0,33875.0,33530.0,33696.666666666664,0,False,33340.0,0.0015019525382997667,0.0012019525382997668,-0.000542740854571079,-0.000542740854571079,0.0,0.00027140724823940363,-0.0008144428304138312,0.0005430355821742871,-0.000542740854571079,0.0,-0.000542740854571079,False,False,False,True,False,True,False,False,False,False,False,False,True,False,True,False,False,False,False,False,False,False,False,-0.0004813477830604504,0.0,0.0,0.0,-0.00024076080530410912,0.00024076080530397934,-0.0004813477830604504,0.0,-0.0004813477830604504,False,False,False,False,False,False,False,False,False,False,False,False,False,False,False,False,False,False,False,False,False,False,False
2023-07-10,2023-07-10 00:00:00+09:00,33340,33505,33185,33235,4109417,69500,33345.0,33290.0,33382.5,33262.5,33431.666666666664,0,False,33475.0,0.007221302843388067,0.006921302843388067,-0.0013663070850747894,-0.0019154472951741438,-0.00027393507909964567,0.00027393507909959764,0.00027386005922230237,0.0002737850804234787,-0.003282278657918842,0.000821580218745299,-0.0024606984391734705,False,False,False,True,False,False,False,True,False,False,False,False,True,False,False,False,True,False,False,True,False,False,True,-0.0007257772182625374,-0.000968523078130537,-0.00024233612138470514,-0.0007273609242970837,0.0002425124299504561,0.0007271846157312515,-0.002178913826594598,0.0002423361213846717,-0.001936577705209835,False,False,False,False,True,True,False,True,False,False,False,False,False,True,True,False,False,False,False,True,False,False,True
2023-07-11,2023-07-11 00:00:00+09:00,33475,33845,33440,33845,5441607,69500,33642.5,33235.0,33345.0,33540.0,33456.666666666664,4,True,33850.0,0.00014773230905595902,-0.00015226769094404095,0.0005434782742468741,0.0,-0.0002717022160444988,0.0010863662122207896,0.0005427408545711279,0.0008135593669069668,0.00027177605820230495,0.002442666433699102,0.002714442491901358,True,False,False,True,True,True,False,True,True,True,False,False,True,True,True,True,True,True,True,False,False,True,False,0.00048088483735077975,0.00024035572763236797,-0.00024035572763236884,0.000961076479550532,0.0,0.0007202016875939115,0.00048088483735077975,0.0016812781671444283,0.0021621630044953172,True,False,False,True,False,True,True,True,True,True,False,False,True,False,True,True,True,True,True,False,False,True,False
2023-07-12,2023-07-12 00:00:00+09:00,33850,34070,33750,34065,3893039,69500,33910.0,33845.0,33642.5,33955.0,33715.0,4,True,34320.0,0.007485689123734041,0.007185689123734041,0.0,0.0,0.0,0.00027023375384027133,0.0,0.0,0.0,0.00027023375384027133,0.00027023375384027133,False,False,False,True,False,False,False,False,False,False,False,False,True,False,False,False,False,False,False,False,False,True,False,0.0,-0.00023886301319827564,0.00023886301319833435,0.00047755492789152104,0.0,0.0,0.0,0.00023880597128413383,0.00023880597128413383,False,False,True,True,False,False,False,False,False,False,False,True,True,False,False,False,False,False,False,False,False,True,False
2023-07-13,2023-07-13 00:00:00+09:00,34320,34455,34295,34335,4878608,69500,34375.0,34065.0,33910.0,34200.0,34081.666666666664,4,True,34540.0,0.005970583952235264,0.0056705839522352645,0.0,0.0,0.0,0.0,0.0005326231816993347,0.0,0.0002664180114333939,0.0005326231816993347,0.0007990411931327646,False,False,False,False,False,False,False,False,False,False,False,False,False,True,False,False,True,True,True,False,False,True,False,-0.00023671440517681225,0.00023671440517682667,-0.00023671440517681225,-0.00023677045215383347,0.00047348485733055446,0.0,-0.00023671440517681225,0.00023671440517682667,0.0,False,False,False,False,True,False,False,False,False,False,False,False,False,True,False,False,False,False,False,True,False,False,True
2023-07-14,2023-07-14 00:00:00+09:00,34540,34855,34450,34855,7292260,69500,34652.5,34335.0,34375.0,34595.0,34418.333333333336,4,True,34670.0,-0.00530770334241859,-0.00560770334241859,-0.0005256241908138504,0.0005256241908138728,0.0,-0.00026277756030863224,-0.0002628466305052554,0.0007883327172164231,0.0,0.00026270852640248373,0.00026270852640248373,False,True,False,False,False,True,False,False,False,False,True,False,False,False,True,False,False,False,False,False,False,True,False,0.0,0.0,0.0002354880500697971,0.0,0.0,-0.00023548805006977353,0.0002354880500697971,-0.00023548805006977353,0.0,False,False,True,False,False,False,False,False,False,False,False,True,False,False,False,False,False,False,False,False,False,False,False
2023-07-17,2023-07-17 00:00:00+09:00,34670,34865,34635,34720,4184041,69500,34750.0,34855.0,34652.5,34787.5,34636.666666666664,3,True,34810.0,0.002592165898617438,0.002292165898617438,0.0002634005019837822,0.0002633311404288766,-0.00026333114042890896,0.0,0.0,0.0005265929558232736,0.0002634005019837822,0.0005265929558232736,0.0007899934578071331,False,False,False,False,False,True,False,False,False,True,True,False,False,False,False,False,False,True,True,False,False,True,False,0.0,0.0,0.0,-0.00023593252439273968,0.00047180939775896174,0.0,0.0,0.0002358768733664134,0.0002358768733664134,False,False,False,False,True,False,False,False,False,False,False,False,False,True,False,False,False,False,False,False,False,True,False
2023-07-18,2023-07-18 00:00:00+09:00,34810,34850,34460,34495,5481158,69500,34655.0,34720.0,34750.0,34607.5,34690.0,0,False,34685.0,0.005508044644151333,0.005208044644151333,0.0,0.0002610625259573209,-0.0002610625259573268,0.0,-0.0002611306973971757,0.0007831876134566957,0.0,0.0005220569160595142,0.0005220569160595142,False,False,False,False,False,True,False,False,False,False,True,False,False,False,True,False,False,False,False,False,False,True,False,-0.00023482446978875235,0.0,-0.00023487962527248368,-0.00023493480667206547,-0.00023499001400582498,0.0009396289157390744,-0.0004697040950611159,0.000469704095061192,0.0,False,False,False,False,False,True,False,True,False,False,False,False,False,False,True,False,True,False,False,True,False,False,True
2023-07-19,2023-07-19 00:00:00+09:00,34685,34710,34350,34455,4500641,69500,34530.0,34495.0,34655.0,34475.0,34556.666666666664,0,False,34230.0,-0.006530256856769667,-0.006830256856769667,0.0,0.0,0.0,0.0005171968049087742,-0.000258498127328049,0.00025836455382064415,0.00025869874675378524,0.0012924908093718776,0.0015511895561257,False,False,False,True,False,False,False,True,True,False,False,False,True,False,False,False,True,True,True,False,False,True,False,0.00023307306946200782,0.00023301875906446757,-0.0002330187590643758,0.0,0.0,0.0006988934472016567,0.00023307306946200782,0.0006988934472016567,0.0009319665166637397,True,True,False,False,False,True,True,True,True,True,False,False,False,False,True,False,True,True,True,False,False,True,False
2023-07-20,2023-07-20 00:00:00+09:00,34230,34485,34200,34350,4496190,69500,34342.5,34455.0,34530.0,34402.5,34433.333333333336,1,False,34100.0,-0.00727802037845704,-0.0075780203784570396,0.0002600442089806649,0.000259976603570076,0.000259976603570076,0.0,-0.0013005594237931913,0.00026024723634198533,0.00052002081255072,-0.0010403121874512074,-0.0005202913749003592,False,False,True,False,False,False,True,False,False,True,False,True,False,False,False,True,False,False,False,False,False,False,False,-0.00023307306946201975,0.0,0.00046609182852635247,-0.0002330187590643758,-0.0006993822408868116,0.0002331817662426024,0.00023301875906446757,-0.0006992192337086014,-0.0004662004746442981,False,False,True,False,False,False,False,False,False,False,False,True,False,False,False,False,False,False,False,False,False,False,False
2023-07-21,2023-07-21 00:00:00+09:00,34100,34385,33895,34385,4175557,69500,34140.0,34350.0,34342.5,34367.5,34396.666666666664,3,True,34365.0,-0.0005816489748436959,-0.0008816489748436959,-0.0002648655822662423,0.0002648655822662837,0.0005295207960635808,-0.0007943863783297549,0.0005296610293318891,0.000793965901176524,0.0005295207960635808,0.000529240552178492,0.0010587613482421182,False,True,True,False,True,True,True,True,True,False,True,True,False,True,True,True,False,True,True,False,False,False,False,0.0,-0.00023410979856425758,0.00023410979856417687,-0.00023410979856425758,0.00046816480255848747,0.00023400023506797054,0.0,0.00046805523906213526,0.00046805523906213526,False,False,True,False,True,False,False,True,True,False,False,True,False,True,False,False,True,True,False,False,False,True,False
2023-07-24,2023-07-24 00:00:00+09:00,34365,34725,34215,34610,5106302,69500,34470.0,34385.0,34140.0,34497.5,34448.333333333336,4,True,34680.0,0.0020225368390638376,0.0017225368390638377,-0.0005313496405566741,-0.0002657807324615106,0.0,-0.0007975542094970217,0.0010632643213300838,0.000265639528723796,-0.0005313496405566741,0.0005313496405565997,0.0,False,False,False,False,True,False,False,True,False,False,False,False,False,True,False,False,False,False,False,True,False,False,True,-0.00023421946470822202,0.0,-0.00046860356996212486,-0.00023438415670412767,0.00023432923364405752,0.0,-0.0007028230346702944,0.00023432923364405752,-0.0004684938010262312,False,False,False,False,True,False,False,False,False,False,False,False,False,True,False,False,False,False,False,True,False,False,True
2023-07-25,2023-07-25 00:00:00+09:00,34680,34760,34445,34670,4880514,69500,34602.5,34610.0,34470.0,34640.0,34555.0,3,True,34655.0,-0.00043265070666287375,-0.0007326507066628737,0.0,0.0002655689831038127,0.0,0.0002654984749433726,0.0005307855750943978,0.0010607266971751283,0.0002655689831038127,0.0018570107472126892,0.0021225797303164166,False,True,False,False,True,True,False,True,True,False,True,False,True,True,True,True,True,True,True,False,False,True,False,0.00023329056445477045,-0.00023329056445478658,0.00023329056445477045,0.00023323615266072336,0.00046641791890339316,0.00023312740518220833,0.00023329056445477045,0.0006995453240854948,0.0009328358885403278,True,False,True,True,True,False,True,True,True,True,False,True,True,True,False,False,True,True,True,False,True,True,False
2023-07-26,2023-07-26 00:00:00+09:00,34655,34720,34165,34220,3558154,69500,34442.5,34670.0,34602.5,34445.0,34500.0,0,False,34330.0,0.003214494447691507,0.0029144944476915072,-0.0002641658977190367,0.000792288434419673,0.000792288434419673,0.0,0.0010559663072037698,0.0005275652984403766,0.0005281225367007637,0.0010554090689434672,0.00158353160564422,False,True,True,False,True,False,True,True,True,False,True,True,False,True,False,True,True,True,True,False,False,True,False,0.0,0.0004653327212864798,0.0,-0.00023263929382579755,0.00023263929382583688,0.00023258518537216323,0.0004653327212864798,0.00023258518537216323,0.0006979179066586421,False,True,False,False,True,False,True,False,True,False,True,False,False,False,False,True,False,True,True,False,False,False,False
2023-07-27,2023-07-27 00:00:00+09:00,34330,34680,34260,34635,3598761,69500,34470.0,34220.0,34442.5,34427.5,34508.333333333336,4,True,34415.0,-0.006351956113757717,-0.006651956113757717,-0.0005261773338973785,0.0,0.0002631232747715068,0.00210305019677889,-0.0010509722459750043,0.0002628466305052849,-0.00026305405912575006,0.001314924581309022,0.0007887472474118076,False,False,True,True,False,False,False,True,False,False,False,True,True,False,False,False,True,False,False,True,False,True,True,-0.00023220712980228031,0.00046436035197086546,0.0,0.00046414482151435545,0.0,0.00023204548195556745,0.000232153222168533,0.00046414482151435545,0.0006962980436829024,False,True,False,True,False,False,True,True,True,False,True,False,True,False,False,False,True,True,True,False,False,True,False
2023-07-28,2023-07-28 00:00:00+09:00,34415,34535,34225,34480,4229850,69500,34380.0,34635.0,34470.0,34557.5,34445.0,3,True,34685.0,0.005945475638051034,0.005645475638051034,0.0005281225367007637,0.00026395671263202525,0.0,0.0,0.0,-0.000528122536700658,0.0007920792493326198,-0.000528122536700658,0.0,True,True,False,False,False,False,True,False,False,True,True,False,False,False,False,True,False,False,False,False,False,False,False,0.0004669624180113042,0.00023339946424077618,-0.00023339946424077968,0.00023339946424077618,-0.00046685341650919116,0.0,0.0004669624180113042,-0.00023345395226840796,0.00023350846574288382,True,True,False,True,False,False,True,False,False,True,False,False,True,False,False,True,False,False,False,False,False,False,False
2023-07-31,2023-07-31 00:00:00+09:00,34685,34800,34565,34635,4536470,69500,34682.5,34480.0,34380.0,34557.5,34583.333333333336,3,True,34720.0,0.0024541648621336787,0.0021541648621336788,0.0005221932233544265,0.0002609943901020881,0.0,0.0,0.0007825747106055026,0.0,0.0005221932233544265,0.0007825747106055026,0.0015657623240621366,True,False,False,False,True,False,True,False,True,True,False,False,False,True,False,True,True,True,True,False,False,True,False,0.0002323690030207478,0.0,0.0002323690030207478,0.00023226106247720737,0.00046436035197086546,0.00023209933955874233,0.0002323690030207478,0.0009287207540067761,0.0013934047772383889,True,False,True,True,True,False,False,True,True,True,False,True,True,True,False,False,True,True,True,False,True,True,False
2023-08-01,2023-08-01 00:00:00+09:00,34720,35210,34715,35205,4677453,69500,34962.5,34635.0,34682.5,34920.0,34773.333333333336,4,True,34975.0,-0.00653316290299677,-0.00683316290299677,-0.00026017952533921324,-0.00026017952533921324,0.00026024723634198533,-0.0005205622189391021,-0.0002603827641322153,0.00026038276413224194,-0.00026017952533921324,-0.0005205622189391021,-0.0007807417442783191,False,False,True,False,False,False,False,False,False,False,False,True,False,False,False,False,False,False,False,False,False,False,False,-0.00023150827745483892,0.0,0.0,-0.00023156188594844314,0.0004630701634033193,-0.00023150827745483892,-0.00023150827745483892,0.0,-0.00023150827745483892,False,False,False,False,True,False,False,False,False,False,False,False,False,True,False,False,False,False,False,False,False,False,False
2023-08-02,2023-08-02 00:00:00+09:00,34975,35015,34395,34440,3910880,69500,34705.0,35205.0,34962.5,34822.5,34760.0,0,False,34450.0,0.00029036004645766056,-9.639953542339415e-06,0.00026270852640248373,-0.0010512484542376597,-0.00026277756030863224,-0.0007887472474117578,0.0,0.00026298487988520876,-0.00026277756030863224,-0.0005257623675266026,-0.0007885399278351606,True,False,False,False,False,False,False,False,False,True,False,False,False,False,False,False,False,False,False,False,False,False,False,0.0004666355660969392,-0.000700035030337759,0.00023339946424077618,-0.00023345395226840796,-0.00046707147042487614,0.0,0.0,-0.0007005254226932762,-0.0009339248869340664,True,False,True,False,False,False,False,False,False,True,False,True,False,False,False,False,False,False,False,False,False,False,False
2023-08-03,2023-08-03 00:00:00+09:00,34450,34555,34080,34210,4962396,69500,34317.5,34440.0,34705.0,34325.0,34618.333333333336,0,False,34275.0,0.0019000292312190137,0.0016000292312190138,-0.0013345791384293513,-0.0008013891172849375,0.001068376169998953,0.000266987052713973,-0.00026691578965357566,-0.00026698705271392453,-0.0008005337318781975,0.0,-0.0010675207845921657,False,False,True,False,False,False,False,False,False,False,False,True,True,False,False,False,False,False,False,False,False,False,False,-0.0007064641763271062,-0.0004711425293276228,0.0002355990115739744,0.0,0.0,0.0,-0.0007064641763271062,0.00023554351775362757,-0.0004709206585733057,False,False,True,False,False,False,False,False,False,False,False,True,False,False,False,False,False,False,False,True,False,False,True
2023-08-04,2023-08-04 00:00:00+09:00,34275,34320,34110,34215,4834540,69500,34215.0,34210.0,34317.5,34212.5,34288.333333333336,1,False,34040.0,-0.005114715767938094,-0.005414715767938094,0.0,0.000797978496925729,0.0007973422349337701,-0.0007971303730182775,0.0,0.0007971303730182785,0.0015953207318595544,0.0,0.0018609602605833145,False,True,True,False,False,True,True,False,True,False,True,True,False,False,True,True,False,True,False,False,False,False,False,-0.0004711425293276228,0.0009420631879009365,0.0,0.0,-0.0002353771930368333,0.0,0.00047092065857343873,0.0,0.00047092065857343873,False,True,False,False,False,False,True,False,True,False,True,False,False,False,False,True,False,True,False,False,False,False,False
2023-08-07,2023-08-07 00:00:00+09:00,34040,34380,34000,34130,4514528,69500,34190.0,34215.0,34215.0,34172.5,34185.0,1,False,34250.0,0.003515968356284871,0.003215968356284871,-0.0010703774101960852,0.00026770178181551783,0.0008026756283804294,-0.000535045491629847,0.00026755853002427923,-0.0010706639138401758,0.0,-0.0013381508754457432,-0.0013381508754457432,False,True,True,False,False,False,False,False,False,False,True,True,False,False,False,False,False,False,False,False,False,False,False,-0.00023677045215383347,0.0002367704521538916,0.00047337278990462083,-0.0004733727899045805,0.00047337278990462083,-0.0009469697677360357,0.00047337278990462083,-0.0009469697677360357,-0.0004735969778314957,False,True,True,False,True,False,True,False,False,False,False,True,False,True,False,True,False,False,False,False,False,False,False
2023-08-08,2023-08-08 00:00:00+09:00,34250,34290,33770,33845,4778109,69500,34030.0,34130.0,34190.0,33987.5,34063.333333333336,0,False,33900.0,0.0016250553996159933,0.0013250553996159934,-0.0005349023930694312,0.0,-0.0013385091009242742,-0.0002679169473493905,0.0005357621344335106,-0.00026784518708408814,-0.0018734114939937393,0.0,-0.0018734114939937393,False,False,False,False,True,False,False,False,False,False,False,False,False,True,False,False,False,False,False,False,False,False,False,-0.00023593252439273968,0.0,-0.0011804983073206434,-0.000236322818067864,0.00047258980085632574,0.0,-0.0014164308317134733,0.00023626698278830427,-0.0014164308317134733,False,False,False,False,True,False,False,False,False,False,False,False,False,True,False,False,False,False,False,True,False,False,True
2023-08-09,2023-08-09 00:00:00+09:00,33900,34295,33895,34215,4899630,69500,34095.0,33845.0,34030.0,34030.0,34063.333333333336,4,True,34005.0,-0.006137658921525624,-0.006437658921525624,0.0,0.0,0.00026834831772464945,0.00026827632622347425,-0.0005366246439480758,0.0,0.00026834831772464945,-0.0002683483177246225,0.0,False,False,True,True,False,False,True,False,False,False,False,True,True,False,False,False,False,False,False,False,False,False,False,0.0,0.0,0.0002362111738867082,0.0,-0.00023621117388681365,0.0002362111738867082,0.0002362111738867082,0.0,0.0002362111738867082,False,False,True,False,False,True,True,False,False,False,False,True,False,False,False,False,False,False,False,False,False,False,False
2023-08-10,2023-08-10 00:00:00+09:00,34005,34105,33970,34105,5871749,69500,34037.5,34215.0,34095.0,34160.0,34055.0,3,True,34175.0,0.0020524849728777994,0.0017524849728777995,0.00027096599542560205,0.0,0.0002708925927440989,0.0005415651364424427,0.00027067262311680854,0.0002705993792725588,0.0005418585881699307,0.0010828371388318981,0.001624695727001983,True,False,True,True,False,False,True,True,True,True,False,True,True,False,False,True,True,True,True,False,True,True,False,0.0,0.0004748338170887101,0.0,0.0004746084569392792,0.0004743833106039834,0.00023710729215998297,0.0004748338170887101,0.0011860990597033266,0.0016609328767920664,False,True,False,True,True,True,True,True,True,False,True,False,True,True,False,True,True,True,True,False,False,True,False
2023-08-11,2023-08-11 00:00:00+09:00,34175,34370,33975,33995,4256388,69500,34172.5,34105.0,34037.5,34050.0,34105.0,0,False,33890.0,-0.003088689513163656,-0.003388689513163656,0.00027133360633154537,0.0005424464467158064,-0.00027118644233992936,-0.0013566682314191223,0.0005428881783717613,-0.0002714072482395577,0.0005425936107076204,-0.0010851873012869635,-0.0002714072482395577,True,True,False,False,True,False,True,False,False,True,True,False,False,True,False,True,False,False,False,False,False,False,False,0.0004764173506024383,0.000238123587266315,0.00023806689792229752,-0.000952607835791171,0.0004764173506024383,0.0004761904851888415,0.0009526078357912518,0.0,0.0009526078357912518,True,True,True,False,True,True,True,False,True,True,False,True,False,True,False,True,False,True,False,False,True,False,False
2023-08-14,2023-08-14 00:00:00+09:00,33890,34000,33585,33690,2612622,69500,33792.5,33995.0,34172.5,33842.5,33930.0,0,False,33435.0,-0.0075690115761353205,-0.00786901157613532,0.00027393507909959764,0.0005477951383219629,-0.00027386005922217513,-0.0002737850804233968,0.0002737850804234787,0.0002737101426696164,0.00027393507909959764,0.0002737101426696164,0.0010952903614147435,True,True,False,False,False,True,False,False,True,True,True,False,False,False,False,False,False,True,True,False,False,False,False,0.00023874895660749054,0.0002386919691486519,-0.00023869196914853694,0.0,0.0004773269780366322,-0.00023863500888810985,0.00023874895660749054,0.0002386919691486519,0.00047744092575590367,True,True,False,False,True,False,True,False,False,True,False,False,False,True,False,False,False,False,True,False,False,False,False
2023-08-16,2023-08-16 00:00:00+09:00,33435,33445,33140,33185,4192173,69500,33292.5,33690.0,33792.5,33437.5,33623.333333333336,0,False,32980.0,-0.006177489829742311,-0.006477489829742311,0.0,0.0,0.0,-0.000819560215249157,0.0016397926604153686,0.0002730375443582586,0.0,0.0002730375443582586,0.0002730375443582586,False,False,False,False,True,True,False,False,False,False,False,False,False,True,False,False,False,False,False,False,False,True,False,0.0,0.0,-0.0007198560598795584,-0.0007202016875939215,0.0009601536983432867,0.0004797313596442441,-0.0007198560598795584,0.000719683370393643,0.00023983691205019364,False,False,False,False,True,True,False,True,False,False,False,False,False,True,True,False,True,False,False,True,False,True,True
2023-08-17,2023-08-17 00:00:00+09:00,32980,33085,32655,33085,6816054,69500,32870.0,33185.0,33292.5,33135.0,33320.0,1,False,32700.0,-0.011636693365573492,-0.011936693365573492,-0.0005532503598933277,-0.0005535566152977091,0.0008297607999241735,0.0002764340031425801,0.0,0.0011049724881182432,0.0002765104400308943,0.0013814064912607202,0.0016579169312915091,False,False,True,True,False,True,False,True,True,False,False,True,True,False,True,False,True,True,True,False,False,True,False,-0.0007256016765327299,-0.00048402711496786573,0.00024198427220323006,0.0002419257299811224,0.00048367594655140267,0.000966650631094974,-0.0007256016765327299,0.001692252307627749,0.000966650631094974,False,False,True,True,True,True,False,True,True,False,False,True,True,True,True,False,True,True,False,True,False,True,True
2023-08-18,2023-08-18 00:00:00+09:00,32700,33090,32655,32910,6251548,69500,32872.5,33085.0,32870.0,32997.5,33060.0,2,True,32985.0,0.002278942570647313,0.0019789425706473133,0.0005595971046982757,-0.00027975940873462967,0.0002796029656128719,0.0002796029656128719,-0.0002796029656129866,0.0008383401357281631,0.0011188812356080278,0.0011179431013412459,0.0019572213713362303,True,False,True,True,False,True,True,True,True,True,False,True,True,False,True,True,True,True,True,False,False,False,False,0.0007310832542026391,-0.0004873294443424785,0.00024369440841929649,0.0,0.0007307271059531384,0.0,0.00048744821827951753,0.0007307271059531384,0.0012181753242325986,True,False,True,False,True,False,True,True,True,True,False,True,False,True,False,True,True,True,True,False,False,True,False
2023-08-21,2023-08-21 00:00:00+09:00,32985,33175,32900,32935,3525107,69500,33037.5,32910.0,32872.5,32922.5,32976.666666666664,2,True,33135.0,0.0060725671777743795,0.00577256717777438,-0.0005600672227048736,0.0002800728207636825,-0.0005602241042881367,-0.0002802297902603257,0.00028022979026030983,0.000840218506229355,-0.0008402185062292717,0.000840218506229355,0.0,False,True,False,False,False,True,False,True,False,False,True,False,False,False,True,False,True,False,False,True,False,False,True,0.0,0.0,-0.00024411082752736184,0.0002441108275273627,0.0002440512519739876,0.00048792389355408,-0.00024411082752736184,0.0009760859730554589,0.0007319751455280935,False,False,False,True,False,True,False,True,True,False,False,False,True,False,True,False,True,True,False,True,False,True,True
2023-08-22,2023-08-22 00:00:00+09:00,33135,33290,32935,33065,6094050,69500,33112.5,32935.0,33037.5,33000.0,32970.0,3,True,32905.0,-0.004838953576289162,-0.005138953576289162,-0.0002759001259052564,0.00027590012590512073,0.00027582402602126683,0.0008270158982740148,0.000826332508113572,0.0005505092349325582,0.00027582402602126683,0.002203857641320031,0.0024796816673413836,False,True,True,True,True,True,False,True,True,False,True,True,True,True,True,False,True,True,True,False,True,True,False,-0.00048508368644622644,0.0007275373183769279,-0.00024245363193083888,0.0007271846157312515,0.0007266562024965745,0.0,0.0,0.0014538408182278534,0.0014538408182278534,False,True,False,True,True,False,False,True,True,False,True,False,True,True,False,False,True,True,False,False,False,True,False
2023-08-23,2023-08-23 00:00:00+09:00,32905,33085,32855,32995,4340162,69500,32970.0,33065.0,33112.5,33030.0,32998.333333333336,1,False,33345.0,0.010607667828458789,0.010307667828458789,0.0,0.00027468754464709985,0.0008238363777774493,-0.00054914883313035,0.00027461211211982593,0.0,0.0008238363777774493,-0.00027453672101053267,0.000549299656766917,False,True,True,False,False,False,True,False,False,False,True,True,False,False,False,True,False,False,False,False,False,False,False,0.0,0.00024216006898809825,0.00048414428445068636,-0.0004841442844506869,0.0,0.0002421014416860778,0.000726304353438833,-0.00024204284276466433,0.0004842615106743112,False,True,True,False,False,True,True,False,False,False,True,True,False,False,False,True,False,False,False,False,False,False,False
2023-08-24,2023-08-24 00:00:00+09:00,33345,33465,33300,33445,4040484,69500,33382.5,32995.0,32970.0,33220.0,33168.333333333336,4,True,32980.0,-0.013903423531170578,-0.014203423531170578,0.00026784518708407556,-0.0005357621344334912,0.0,-0.0010723861617525938,0.0,0.00026820437333896485,-0.0002679169473493905,-0.0008041817884136879,-0.0010720987357630113,True,False,False,False,False,False,False,False,False,True,False,False,False,False,False,False,False,False,False,False,False,False,False,0.00023835061488135294,-0.00023835061488123354,0.0,-0.00047687173054389753,-0.0002385211698845776,0.00023852116988454572,0.0,-0.00047687173054389753,-0.00047687173054389753,True,False,False,False,False,True,False,False,False,True,False,False,False,False,False,False,False,False,False,False,False,False,False
2023-08-25,2023-08-25 00:00:00+09:00,32980,33210,32960,33080,4595875,69500,33085.0,33445.0,33382.5,33262.5,33173.333333333336,1,False,33290.0,0.0063482466747279975,0.006048246674727998,0.0002779708148544687,-0.00027797081485447605,0.0011114199532512665,-0.0005555555698445274,0.0002778163651707496,-0.0019463373306826104,0.0011114199532512665,-0.002224076535356469,-0.001112656582105172,True,False,True,False,True,False,True,False,False,True,False,True,False,False,False,True,False,False,False,False,False,False,False,-0.0002435163776796909,0.00024351637767970662,0.0009734729413197967,-0.000486618014468643,0.00048661801446856266,-0.001216989318999494,0.0009734729413197967,-0.001216989318999494,-0.0002435163776796909,False,True,True,False,True,False,True,False,False,False,True,True,False,True,False,True,False,False,False,False,False,False,False
2023-08-28,2023-08-28 00:00:00+09:00,33290,33340,33160,33305,4015465,69500,33250.0,33080.0,33085.0,33192.5,33276.666666666664,4,True,33470.0,0.004954211079417403,0.004654211079417403,0.0008256502464357926,0.000824969110447754,-0.00027483853409230084,0.0005496015527188268,0.0,0.0,0.00165061935688358,0.00027483853409217106,0.0019254578909758274,True,True,False,True,False,False,True,True,True,True,True,False,True,False,False,True,False,True,True,False,False,False,False,0.0007252508476966648,0.00024163344324413296,0.0002415750706276738,0.00024151672620709998,-0.00024151672620718794,0.0004829751361694493,0.001208459361568327,0.0004829751361694493,0.0016914344977378868,True,True,True,True,False,True,True,False,True,True,True,True,True,False,True,True,True,True,True,False,True,False,False
2023-08-29,2023-08-29 00:00:00+09:00,33470,33515,33350,33460,4018417,69500,33432.5,33305.0,33250.0,33382.5,33281.666666666664,3,True,33790.0,0.00986252241482366,0.00956252241482366,0.0,0.00027251669333390075,-0.0002725166933338575,0.00027251669333390075,-0.0008175501204787803,0.0,0.0,-0.00027259097892657036,-0.00027259097892657036,False,False,False,True,False,False,False,False,False,False,True,False,True,False,False,False,False,False,False,False,False,False,False,-0.00023995201074936836,0.0,-0.00023995201074936836,0.0,0.0,0.0,-0.00023995201074936836,-0.00023995201074936836,-0.00023995201074936836,False,False,False,False,False,False,False,False,False,False,False,False,False,False,False,False,False,False,False,False,False,False,False
2023-08-30,2023-08-30 00:00:00+09:00,33790,33825,33560,33560,3237969,69500,33692.5,33460.0,33432.5,33510.0,33441.666666666664,3,True,33630.0,0.002085816448152533,0.0017858164481525333,-0.0002672724858887414,-0.00026734393956848266,-0.00026734393956848266,0.00026734393956850315,-0.00026741543146387804,0.0,-0.0005346164254573351,-0.00026741543146387804,-0.0008020318569211926,False,False,False,False,False,False,False,False,False,False,False,False,True,False,False,False,False,False,False,False,False,False,False,-0.0007103113830082791,0.0,0.00023682652567761752,-0.00023682652567760934,-0.0002368826257671336,-0.0004739336581600257,-0.00047348485733063133,-0.0009476428096049401,-0.001421127666935503,False,False,False,False,False,False,False,False,False,False,False,True,False,False,False,False,False,False,False,False,False,False,False
2023-08-31,2023-08-31 00:00:00+09:00,33630,33675,33430,33575,3830111,69500,33552.5,33560.0,33692.5,33567.5,33531.666666666664,2,True,33485.0,-0.0026805658972449686,-0.0029805658972449686,0.00026620524581532685,0.0005320564105294756,0.00026592208639614374,-0.0007981908099712689,0.0005320564105294756,-0.0005320564105295891,0.001330318142182872,-0.0005320564105295891,0.0005323396452570122,False,True,False,False,True,False,True,False,False,True,True,False,False,True,False,True,False,False,False,False,False,False,False,0.0002358768733664134,0.0002358212485871697,0.0,-0.00023582124858721458,0.0002358212485871697,-0.0011796627532935963,0.0004716981219535569,-0.0011796627532935963,-0.0007079646313400168,True,False,False,False,False,False,False,False,False,True,False,False,False,False,False,True,False,False,False,False,False,False,False
2023-09-01,2023-09-01 00:00:00+09:00,33485,33970,33475,33910,7052806,69500,33722.5,33575.0,33552.5,33742.5,33681.666666666664,4,True,34010.0,0.0029489826010027365,0.0026489826010027365,0.0,0.00026542800421251554,-0.0005309264791560118,-0.0002654984749433661,-0.0007969186236604282,-0.0005314908442945303,-0.0005309264791560118,-0.0013281978310653519,-0.001593625835278036,False,False,False,False,False,False,False,False,False,False,False,False,False,False,False,False,False,False,False,False,False,False,False,-0.000236322818067864,0.0,-0.00023637867974387553,0.0002364345678351417,-0.00047292505019540156,-0.00023654642333833766,-0.0004727014978116052,-0.0004730369056986981,-0.0011821729713454405,False,False,False,True,False,False,False,False,False,False,False,False,True,False,False,False,False,False,False,False,False,False,False
2023-09-04,2023-09-04 00:00:00+09:00,34010,34125,33850,34125,3263322,69500,33987.5,33910.0,33722.5,34017.5,33870.0,4,True,34040.0,-0.0024908424908425264,-0.0027908424908425263,0.0,0.0,0.00026535757088172533,0.0,0.0,0.000796072750015322,0.00026535757088172533,0.00026528717492104185,0.0005306447458027145,False,False,False,False,False,True,False,False,False,False,False,False,False,False,True,False,False,False,True,False,False,False,False,-0.00023609963514236023,0.0,0.0,0.0,0.0,0.000708131742089622,-0.00023609963514236023,0.000708131742089622,0.0004720321069474027,False,False,False,False,False,True,False,True,False,False,False,False,False,False,True,False,True,False,False,True,False,True,True
2023-09-05,2023-09-05 00:00:00+09:00,34040,34195,34010,34090,3559458,69500,34102.5,34125.0,33987.5,34107.5,34041.666666666664,3,True,34025.0,-0.00190671751246696,-0.00220671751246696,-0.00026606359076740746,0.000797978496925729,-0.0005319149061584476,-0.00026606359076740746,0.0,-0.0010649628269565206,0.0,-0.0013310264177238392,-0.0013310264177238392,False,True,False,False,False,False,False,False,False,False,True,False,False,False,False,False,False,False,False,False,False,False,False,0.00047303690569876694,0.000236490482360321,-0.00023649048236028519,-0.00023654642333833766,-0.00023660239078794707,0.00023660239078788614,0.00023654642333828082,-0.00023654642333833766,0.0,True,False,False,False,False,False,False,False,False,True,False,False,False,False,False,False,False,False,False,False,False,False,False
2023-09-06,2023-09-06 00:00:00+09:00,34025,34125,33815,33850,3958831,69500,33970.0,34090.0,34102.5,33970.0,34021.666666666664,0,False,33755.0,-0.0028064992614476036,-0.0031064992614476036,0.0,0.0,-0.0002657807324615106,-0.0005314908442945303,0.0,0.0,-0.0002657807324615106,-0.0005314908442945303,-0.0002657807324615106,False,False,False,False,False,False,False,False,False,False,False,False,False,False,False,False,False,False,False,False,False,False,False,0.00023721978524240037,-0.00023721978524242964,0.0,0.0,0.0,-0.00023727607182146503,0.0,-0.00023727607182146503,-0.00023727607182146503,True,False,False,False,False,False,False,False,False,True,False,False,False,False,False,False,False,False,False,False,False,False,False
2023-09-07,2023-09-07 00:00:00+09:00,33755,33855,33600,33680,3837258,69500,33727.5,33850.0,33970.0,33765.0,33873.333333333336,0,False,33725.0,0.0013361045130642069,0.001036104513064207,-0.00026863667052079817,0.0,-0.0005374899350038387,0.0,-0.0008067769699401454,0.00026885334212223554,-0.0008061266055246638,0.0,-0.0008061266055246638,False,False,False,False,False,False,False,False,False,False,False,False,False,False,False,False,False,False,False,False,False,False,False,-0.0007181328854407791,0.0007181328854408335,-0.0002393203314042708,-0.00047881255403642374,-0.0007183048315552584,0.0007183048315551695,-0.0002393203314042708,0.0,-0.0002393203314042708,False,True,False,False,False,True,False,False,False,False,True,False,False,False,True,False,False,False,False,False,False,False,False
2023-09-08,2023-09-08 00:00:00+09:00,33725,33740,33480,33730,4100271,69500,33610.0,33680.0,33727.5,33705.0,33753.333333333336,3,True,33745.0,0.00044470797509643667,0.0001447079750964367,0.0008085164165005007,0.0008082985755993051,0.0005383580210781283,0.0013449901153326123,0.0,0.0,0.0018855224441382953,0.0008072111295297331,0.002423590791798632,True,True,True,True,False,False,True,True,True,True,True,True,True,False,False,True,True,True,True,False,False,False,False,0.0,0.0004785834022909885,0.00023920583776306664,0.0007172743881938952,-0.0002390343025604018,0.0,0.0007177892400538254,0.00047824008563331695,0.0011960293256873243,False,True,True,True,False,False,True,False,True,False,True,True,True,False,False,True,True,True,True,False,False,False,False
2023-09-11,2023-09-11 00:00:00+09:00,33745,33845,33625,33825,4173679,69500,33735.0,33730.0,33610.0,33777.5,33745.0,4,True,33940.0,0.0033998521803400017,0.0030998521803400018,-0.0005367686655984724,0.0005367686655985585,0.0,0.0,-0.0002683483177246225,0.0005366246439480395,0.0,0.00026827632622347425,0.00026827632622347425,False,True,False,False,False,True,False,False,False,False,True,False,False,False,True,False,False,False,False,False,False,True,False,-0.00023874895660739632,0.00023874895660749054,0.0,0.0004773269780366322,-0.00047732697803666937,0.0009544262237277732,0.0,0.0009544262237277732,0.0009544262237277732,False,True,False,True,False,True,False,True,True,False,True,False,True,False,True,False,True,True,False,False,False,True,False
2023-09-12,2023-09-12 00:00:00+09:00,33940,33970,33630,33650,4650274,69500,33800.0,33825.0,33735.0,33737.5,33735.0,0,False,33650.0,0.0,-0.0003,0.0,0.0,0.0,0.0,0.0002664180114333939,0.0002663470517810696,0.0,0.0007992540721197766,0.0007992540721197766,False,False,False,False,False,False,False,True,True,False,False,False,False,False,False,False,True,True,False,False,False,True,False,-0.00023806689792243686,0.00023806689792229752,0.0,0.0,0.0007138608274596104,-0.0004758505918960729,0.0,0.00023801023556371486,0.00023801023556371486,False,False,False,False,True,False,False,False,False,False,False,False,False,True,False,False,False,False,False,False,False,True,False
2023-09-13,2023-09-13 00:00:00+09:00,33650,33835,33570,33675,4489610,69500,33702.5,33650.0,33800.0,33662.5,33716.666666666664,2,True,33770.0,0.0028210838901261415,0.0025210838901261415,-0.000538502974779423,0.0,-0.000538793116482467,-0.000269578111890036,0.00026965080384509224,0.0,-0.001077296091261989,-0.000269578111890036,-0.0016163796622687412,False,False,False,False,True,False,False,False,False,False,False,False,False,False,False,False,False,False,False,False,False,False,False,-0.00023926307088665682,0.0,-0.0007181328854407791,0.0002394349347007179,0.0,0.0,-0.0009573959563273326,0.0002394349347007179,-0.0007179610216267044,False,False,False,True,False,False,False,False,False,False,False,False,True,False,False,False,False,False,False,True,False,False,True
2023-09-14,2023-09-14 00:00:00+09:00,33770,34150,33755,34150,3539713,69500,33952.5,33675.0,33702.5,33912.5,33825.0,4,True,34190.0,0.0011713030746705044,0.0008713030746705045,0.0,-0.00026705835383719026,0.0002670583538372971,-0.0008013891172849375,0.0,0.00026720107039400004,0.0,-0.0005341880468908926,-0.0005341880468908926,False,False,True,False,False,False,False,False,False,False,False,True,False,False,False,False,False,False,False,False,False,False,False,0.00023806689792229752,-0.00047619048518877314,0.000238123587266315,-0.0007145409378687601,0.00023823704698744521,0.0007143707888038334,0.0,0.00023806689792229752,0.00023806689792229752,True,False,True,False,True,True,False,False,False,True,False,True,False,False,True,False,False,False,False,False,False,True,False
2023-09-15,2023-09-15 00:00:00+09:00,34190,34725,34170,34595,10140955,69500,34447.5,34150.0,33952.5,34372.5,34140.0,4,True,34325.0,-0.007804596039890144,-0.008104596039890144,0.0005314908442945724,0.0,0.000265639528723796,-0.0007971303730182775,0.0,0.0005314908442945724,0.0007971303730182785,-0.00026563952872374276,0.0005314908442945724,True,False,False,False,False,True,True,False,False,True,False,True,False,False,True,True,False,False,False,False,False,False,False,-0.00023649048236028519,0.0,0.000236490482360321,-0.0004730369056986981,0.00023654642333828082,-0.0004731488141262305,0.0,-0.0007096392964865551,-0.0007096392964865551,False,False,False,False,True,False,False,False,False,False,False,True,False,False,False,False,False,False,False,False,False,False,False
2023-09-18,2023-09-18 00:00:00+09:00,34325,34490,34175,34180,4430765,69500,34332.5,34595.0,34447.5,34387.5,34308.333333333336,0,False,34250.0,0.0020479812755997973,0.0017479812755997973,0.0005415651364424427,-0.00027074590662211063,0.0,0.0,0.0005415651364424427,-0.00027074590662211063,0.0,0.0002708192298203996,0.0002708192298203996,True,False,False,False,True,False,False,True,False,True,False,False,False,True,False,False,False,False,False,False,False,True,False,-0.000239607045593437,-0.00023966447088957855,0.00023966447088953944,-0.00023966447088957855,0.0004792715164830005,0.0,-0.000239607045593437,0.00023960704559350016,0.0,False,False,True,False,True,False,False,True,False,False,False,True,False,True,False,False,True,False,False,True,False,False,True
2023-09-19,2023-09-19 00:00:00+09:00,34250,34250,33870,33920,5277235,69500,34060.0,34180.0,34332.5,34050.0,34231.666666666664,0,False,33900.0,-0.000589622641509413,-0.0008896226415094129,0.0,0.0002711864423398344,0.0002711864423398344,-0.00027118644233992936,-0.0002712600043759322,-0.00027133360633158885,0.0002711864423398344,-0.0008137800530474539,-0.0005425936107075566,False,False,True,False,False,False,False,False,False,False,True,True,False,False,False,False,False,False,False,False,False,False,False,0.0,-0.0002400096015361427,0.00024006721997433248,0.0004799616122854747,-0.0004799616122855009,-0.00048019208605784325,-0.0002400096015361427,-0.00048019208605784325,-0.0007202016875939215,False,False,True,True,False,False,False,False,False,False,False,True,True,False,False,False,False,False,False,False,False,False,False
2023-09-20,2023-09-20 00:00:00+09:00,33900,34025,33825,33915,4933163,69500,33925.0,33920.0,34060.0,33917.5,34005.0,1,False,33715.0,-0.00589709568037744,-0.00619709568037744,0.0,0.0,-0.0002717760582022363,0.0008148852820886414,0.0005428881783717613,0.0,-0.0002717760582022363,0.0013577734604602887,0.0013577734604602887,False,False,False,True,True,False,False,True,True,False,False,False,True,True,False,False,True,True,False,True,False,True,True,0.0004811161988401639,0.0,-0.00048111619884026654,0.0004810004902741555,0.0004807692400296633,0.0004805382120342681,0.0,0.001442307942337997,0.0016828949758574475,True,False,False,True,True,True,False,True,True,True,False,False,True,True,True,False,True,True,False,False,False,True,False
2023-09-21,2023-09-21 00:00:00+09:00,33715,33780,33315,33320,8451806,69500,33547.5,33915.0,33925.0,33617.5,33718.333333333336,0,False,33005.0,-0.009453781512605008,-0.009753781512605008,0.0002766634406913425,0.0005529444431732314,-0.0011061948030666356,0.00027658691920205323,0.0008295313623753788,0.00027635760850204695,0.0,0.0011058889708773707,0.0013825524115686078,True,True,False,True,True,True,False,True,True,True,True,False,True,True,True,False,True,True,False,False,True,True,False,0.0004870920700299516,0.00024339783496095686,-0.00048685492685118955,0.0,0.0007301935337216852,0.00024327940759821966,0.0004870920700299516,0.0009734729413197967,0.0014605650113497179,True,True,False,False,True,True,True,True,True,True,True,False,False,True,True,True,True,True,True,False,False,True,False
2023-09-22,2023-09-22 00:00:00+09:00,33005,33290,32930,33200,7803331,69500,33110.0,33320.0,33547.5,33260.0,33478.333333333336,1,False,33105.0,-0.0028614457831325213,-0.003161445783132521,0.0,0.0005602241042880475,-0.0005600672227048736,-0.0005600672227048736,0.0,0.0,0.0002801512835244999,0.00027991602702011456,0.0011201345332493495,False,True,False,False,False,False,True,True,True,False,True,False,False,False,False,True,False,True,True,False,False,False,False,0.0,0.0007393715678786705,-0.00024639645313763935,0.00024639645313760406,0.0,0.0007390073005377368,0.0004929751147409076,0.0007390073005377368,0.0012319824152786769,False,True,False,True,False,True,True,True,True,False,True,False,True,False,True,True,True,True,True,False,False,True,False
2023-09-25,2023-09-25 00:00:00+09:00,33105,33295,33055,33230,5527636,69500,33175.0,33200.0,33110.0,33215.0,33250.0,3,True,33230.0,0.0,-0.0003,-0.0005591277752596985,-0.00027968116529673555,-0.00027975940873462967,0.0002797594087346738,0.0002796811652966819,0.0,-0.0011185683492910988,0.0002797594087346738,-0.0008388089405564248,False,False,False,True,True,False,False,True,False,False,False,False,True,True,False,False,False,False,False,True,False,False,True,-0.00024676125973457637,0.0,0.0,0.00024682216588344175,0.0002467612597345525,0.0,-0.0004935834256180456,0.0004935834256179905,0.0,False,False,False,True,True,False,False,True,False,False,False,False,True,True,False,False,True,False,False,True,False,False,True
2023-09-26,2023-09-26 00:00:00+09:00,33230,33240,32760,32795,8274671,69500,33000.0,33230.0,33175.0,33012.5,33075.0,0,False,32620.0,-0.005336179295624355,-0.005636179295624355,-0.0002806229848638515,-0.0005613247410930207,-0.0005614823280582968,-0.0005617977675850902,-0.0014062722047533443,0.000562587919198652,-0.0008421053129222239,-0.0014050866439825691,-0.002247191956904721,False,False,False,False,False,True,False,False,False,False,False,False,False,False,True,False,False,False,False,False,False,False,False,0.0,-0.0007422986855750664,-0.0004950495150608624,-0.0002476166906301067,-0.0012390039994146563,0.0004957858306809165,-0.0004950495150608624,-0.0009908348593636544,-0.0014858843744245515,False,False,False,False,False,True,False,False,False,False,False,False,False,False,True,False,False,False,False,False,False,False,False
2023-09-27,2023-09-27 00:00:00+09:00,32620,32875,32595,32875,11126321,69500,32735.0,32795.0,33000.0,32835.0,32966.666666666664,2,True,32480.0,-0.012015209125475268,-0.012315209125475268,0.000282925451031482,0.0002828454268609553,0.00028276544794656334,0.00028268551424991405,-0.0005654509621965052,0.0005654509621965294,0.0008485363258388641,0.00028268551424991405,0.0011312218400888893,True,True,True,True,False,True,True,True,True,True,True,True,True,False,True,True,False,True,True,False,True,False,False,0.0009980040748513695,0.0,0.0,0.0004986287812112266,-0.0007480364393191593,0.0007480364393192425,0.0009980040748513695,0.0004986287812112266,0.0014966328560626805,True,False,False,True,False,True,True,True,True,True,False,False,True,False,True,True,True,True,True,False,False,False,False
2023-10-04,2023-10-04 00:00:00+09:00,32480,32480,31990,32005,12823224,69500,32235.0,32875.0,32735.0,32440.0,32558.333333333332,0,False,32235.0,0.007186377128573618,0.006886377128573618,-0.0011376565504610187,-0.0011379802081554322,0.0,0.0,-0.00171086440362943,0.00028534741240847285,-0.0014222730316764407,-0.0014255169912210611,-0.003702125828812978,False,False,False,False,False,True,False,False,False,False,False,False,False,False,True,False,False,False,False,False,False,False,False,-0.0005077430929086854,-0.0007620983475672547,0.0,-0.0002542265171948214,-0.0012721029574529854,0.0002544853048472101,-0.00126984144047593,-0.0010172940856974727,-0.0025412974286725325,False,False,False,False,False,False,False,False,False,False,False,False,False,False,True,False,False,False,False,False,False,False,False
2023-10-05,2023-10-05 00:00:00+09:00,32235,32260,32000,32015,8742454,69500,32130.0,32005.0,32235.0,32010.0,32298.333333333332,1,False,32060.0,0.001405591129158168,0.001105591129158168,-0.0005583473065210643,-0.00027929060368672953,0.00027929060368666946,-0.0008381059297682861,0.0,-0.0002795248096467249,-0.0005583473065210643,-0.0011176307394149233,-0.001675978045936044,False,False,True,False,False,False,False,False,False,False,False,True,False,False,False,False,False,False,False,False,False,False,False,-0.0002509725198265967,-0.00025103552284462955,0.0002510355228446088,-0.0007532957041716612,-0.0007538635863997109,0.00025135101301112833,-0.0002509725198265967,-0.0012558082775602304,-0.001506780797386766,False,False,True,False,False,False,False,False,False,False,False,True,False,False,True,False,False,False,False,False,False,False,False
2023-10-06,2023-10-06 00:00:00+09:00,32060,32225,32005,32075,5530666,69500,32115.0,32015.0,32130.0,32045.0,32031.666666666668,3,True,32405.0,0.010288386593920507,0.009988386593920507,0.0002807805718291954,-0.001123280095643327,0.0,0.001123280095643448,-0.0002807017562291313,0.000280701756229185,-0.0005617977675850902,0.001123280095643448,0.0005614823280582457,True,False,False,True,False,True,False,True,True,True,False,False,True,False,True,False,True,False,False,True,False,True,True,0.0,-0.0007557627264880854,0.0002519843783019568,0.0010073030315335349,0.0,-0.0007555723819978567,-0.0005037783481860734,0.0,-0.0005037783481860734,False,False,True,True,False,False,False,False,False,False,False,True,True,False,False,False,False,False,False,False,False,False,False
2023-10-10,2023-10-10 00:00:00+09:00,32405,32665,32130,32150,5059978,69500,32397.5,32075.0,32115.0,32112.5,32080.0,3,True,32595.0,0.013841368584758929,0.013541368584758929,0.0,0.0005483959556137368,0.0,-0.0013715541856582506,-0.00054914883313035,0.0013723070631749413,0.0005483959556137368,-0.0005483959556136762,0.0,False,True,False,False,False,True,True,False,False,False,True,False,False,False,True,True,False,False,False,False,False,False,False,0.0002467612597345525,0.0002467003836367133,-0.00024670038363679907,-0.0004935834256180456,-0.00024688310210573293,0.0,0.0002467612597345525,-0.000740466527723695,-0.0004937052679891822,True,True,False,False,False,False,True,False,False,True,True,False,False,False,False,True,False,False,False,False,False,False,False
2023-10-11,2023-10-11 00:00:00+09:00,32595,32925,32590,32690,6209888,69500,32757.5,32150.0,32397.5,32420.0,32305.0,4,True,32865.0,0.005353319057815886,0.005053319057815886,-0.0005452562839560184,0.0,-0.0005454049767051373,-0.0010917031651943557,0.0008188890862957927,0.0002728140788985085,-0.0008179959556316983,0.0,-0.0008179959556316983,False,False,False,False,True,False,False,False,False,False,False,False,False,True,False,False,False,False,False,False,False,False,False,-0.0002456097273798075,0.0004911591454336363,-0.0007368292117719284,-0.0004915212681901174,0.0007371913345283562,0.0,-0.0004912797937180482,0.000245670066338057,-0.0002456097273798075,False,True,False,False,True,False,False,False,False,False,True,False,False,True,False,False,False,False,False,True,False,False,True
2023-10-12,2023-10-12 00:00:00+09:00,32865,33075,32865,33060,6337428,69500,32970.0,32690.0,32757.5,32875.0,32633.333333333332,4,True,32755.0,-0.009225650332728375,-0.009525650332728374,0.00027016074728675204,0.0,0.00027016074728675204,0.0010802053440313814,0.0,-0.0008100445967444326,0.00027016074728675204,0.00027016074728675204,0.00027016074728675204,True,False,True,True,False,False,True,False,False,True,False,True,True,False,False,False,False,False,True,False,False,False,False,0.00024375380986015272,-0.00024375380986019538,-0.00024375380986019538,0.0007309051366927757,0.0,-0.0002435756923502918,0.0,0.0004873294443425717,0.0007310832542026391,True,False,False,True,False,False,False,True,True,True,False,False,True,False,False,False,True,True,False,False,False,True,False
2023-10-13,2023-10-13 00:00:00+09:00,32755,32880,32685,32770,3346991,69500,32782.5,33060.0,32970.0,32915.0,32840.0,1,False,32610.0,-0.004882514494964907,-0.005182514494964907,-0.00027199782569432065,0.0,-0.0002720718286406113,-0.0008166599065559779,0.0005445140346898021,0.0,-0.0005440696543349207,-0.00027214587186613035,-0.0008162155262009931,False,False,False,False,True,False,False,False,False,False,False,False,False,True,False,False,False,False,False,False,False,False,False,-0.0002459117189325872,0.0,-0.0004920049299741635,0.0,0.0,0.00024603272359309005,-0.0007379166489067023,0.00024603272359309005,-0.0004918839253135601,False,False,False,False,False,False,False,False,False,False,False,False,False,False,True,False,False,False,False,True,False,False,True
2023-10-16,2023-10-16 00:00:00+09:00,32610,32755,32320,32520,4402616,69500,32537.5,32770.0,32782.5,32645.0,32783.333333333336,0,False,32750.0,0.007072570725707328,0.006772570725707328,-0.0005503577464178254,-0.0008261049623055033,0.0011013216972199976,0.0011004127657871963,0.0005497526251708159,0.00027476301862656353,-0.00027514101150326027,0.001924928409584418,0.0013745706631665632,False,False,True,True,True,False,False,True,True,False,False,True,True,True,True,False,True,True,False,True,False,True,True,-0.000494437587328732,-0.0012368585373963583,0.0009893644141184936,0.0007415647355035913,0.0002470660914358099,0.000987654401272632,-0.00024718823509876236,0.001976285228211959,0.0014818476408833103,False,False,True,True,True,True,False,True,True,False,False,True,True,True,True,False,True,True,False,True,False,True,True
2023-10-17,2023-10-17 00:00:00+09:00,32750,32995,32680,32920,4094158,69500,32837.5,32520.0,32537.5,32720.0,32736.666666666668,4,True,32835.0,-0.0025820170109356333,-0.002882017010935633,0.0,0.0,0.0005460005595649037,-0.00027296301520650856,-0.0005461496585781328,0.0,0.0005460005595649037,-0.0008191126737846613,-0.0002731121142198341,False,False,True,False,False,False,True,False,False,False,False,True,False,False,False,True,False,False,False,False,False,False,False,0.0,0.0,0.0,0.0,-0.0004909180265504563,0.0002454891383384813,0.0,-0.0002454288882119316,-0.0002454288882119316,False,False,False,False,False,False,True,False,False,False,False,False,False,False,True,False,False,False,False,False,False,False,False
2023-10-18,2023-10-18 00:00:00+09:00,32835,33090,32825,33060,5119785,69500,32957.5,32920.0,32837.5,32990.0,32833.333333333336,4,True,32635.0,-0.012855414398064147,-0.013155414398064147,0.0005480953823151954,0.0,0.00027393507909959764,-0.0008220304614148749,-0.0002741603855417925,0.0,0.0008220304614148797,-0.0010961908469566289,-0.0002741603855417925,True,False,True,False,False,False,True,False,False,True,False,True,False,False,False,True,False,False,False,False,False,False,False,0.0004910385563923954,0.00024542888821195435,0.0002453686676524364,-0.0004906771442903469,0.0002453686676524364,-0.000736286694202808,0.00098183611225686,-0.0009815951708408777,0.0002455494180539889,True,True,True,False,True,False,True,False,True,True,True,True,False,False,False,True,False,False,False,False,False,False,False
2023-10-19,2023-10-19 00:00:00+09:00,32635,32675,32410,32430,5179844,69500,32542.5,33060.0,32957.5,32745.0,32803.333333333336,0,False,32175.0,-0.007863089731729889,-0.008163089731729889,-0.0002778935685522548,-0.0008341443553313468,-0.0002782028116426895,-0.00027828022998565546,0.0005563282480066141,0.0005560189189674898,-0.0013902407355263022,0.0011123471669739848,-0.0002778935685522548,False,False,False,False,True,True,False,True,False,False,False,False,False,True,True,False,True,False,False,True,False,False,True,-0.0002489729877170799,0.0,0.0,0.0,0.0009955202415016197,0.0,-0.0002489729877170799,0.0009955202415016197,0.000746547253784563,False,False,False,False,True,False,False,True,True,False,False,False,False,True,False,False,True,True,False,True,False,True,True
2023-10-20,2023-10-20 00:00:00+09:00,32175,32200,31815,31940,5747441,69500,32007.5,32430.0,32542.5,32185.0,32476.666666666668,0,False,31905.0,-0.001095804633688191,-0.001395804633688191,-0.0008428150519972754,0.0002810172844123283,-0.0002810172844122412,-0.0002810962773252496,-0.0005625879191985375,-0.00028141269356960716,-0.0008428150519972754,-0.0014062722047533443,-0.0022490872567506822,False,True,False,False,False,False,False,False,False,False,True,False,False,False,False,False,False,False,False,False,False,False,False,0.0,-0.0005023863456582405,-0.0007534849031607842,0.0002512247218337631,-0.0010052777926265997,-0.0005030181192584009,-0.0005023863456582405,-0.0012570711900510918,-0.001759457535709316,False,False,False,True,False,False,False,False,False,False,False,False,True,False,False,False,False,False,False,False,False,False,False
2023-10-23,2023-10-23 00:00:00+09:00,31905,31985,31715,31770,3815317,69500,31850.0,31940.0,32007.5,31855.0,32046.666666666668,0,False,31920.0,0.0047214353163360645,0.004421435316336065,0.0005670541688663747,0.00028348689062985497,-0.00028348689062997375,0.0,-0.0005672149896829333,0.0005672149896829231,0.0002835672782364524,0.0,0.0002835672782364524,True,True,False,False,False,True,True,False,True,True,True,False,False,False,True,True,False,False,False,False,False,False,False,-0.0002532607332772212,0.00025326073327714793,-0.0002532607332772212,0.00025326073327714793,-0.0005065856238023172,0.0005065856238024143,-0.0002532607332772212,0.00025326073327714793,0.0,False,True,False,True,False,True,False,False,False,False,True,False,True,False,True,False,False,False,False,True,False,False,True
2023-10-24,2023-10-24 00:00:00+09:00,31920,32035,31375,32015,5387775,69500,31705.0,31770.0,31850.0,31892.5,31908.333333333332,4,True,32105.0,0.002811182258316336,0.002511182258316336,-0.0002818886558483019,-0.0002818886558483019,0.0,0.000563697872874701,-0.0005636978728745931,0.0,-0.0002818886558483019,0.0,-0.0002818886558483019,False,False,False,True,False,False,False,False,False,False,False,False,True,False,False,False,False,False,False,False,False,False,False,0.0002533248905250335,-0.0002533248905251337,0.0,0.0002533248905250335,-0.0002533248905251337,0.0002533248905250335,0.0,0.0002533248905250335,0.0002533248905250335,True,False,False,True,False,False,True,False,False,True,False,False,True,False,True,False,False,False,False,False,False,True,False
2023-10-25,2023-10-25 00:00:00+09:00,32105,32120,31830,31840,3758074,69500,31975.0,32015.0,31705.0,31927.5,31875.0,1,False,31355.0,-0.015232412060301459,-0.015532412060301459,-0.0002822068594995935,-0.0005644933821927641,0.0,0.0005644933821928088,0.0,0.000846143048650335,-0.0005644933821927641,0.0014106364308428781,0.000846143048650335,False,False,False,True,False,True,False,True,True,False,False,False,True,False,True,False,True,True,False,True,False,True,True,-0.0005063291247412658,-0.0002532607332772212,0.0002533248905250335,0.0,0.00025326073327714793,0.0010126583143861855,-0.0007595898580185669,0.0010126583143861855,0.00025306845636778705,False,False,True,False,True,True,False,True,False,False,False,True,False,True,True,False,True,False,False,True,False,True,True
2023-10-26,2023-10-26 00:00:00+09:00,31355,31420,30995,31025,4681591,69500,31207.5,31840.0,31975.0,31432.5,31626.666666666668,0,False,31165.0,0.00451248992747777,0.00421248992747777,-0.00029107844769622114,0.001163805775816436,-0.0008727273281202262,0.0,0.0005820721933841412,0.00029090909296057484,0.0,0.0005819028386484659,0.0005819028386484659,False,True,False,False,True,True,False,True,True,False,True,False,False,True,True,False,True,True,False,False,False,True,False,0.0,0.0,-0.0005155968147220087,-0.0002578981316680068,0.0007734949463900476,0.0002576987515871796,0.0,0.0007732955663091387,0.0007732955663091387,False,False,False,False,True,True,True,True,True,False,False,False,False,True,True,False,True,True,False,False,False,True,False
2023-10-27,2023-10-27 00:00:00+09:00,31165,31230,30940,31055,4329063,69500,31085.0,31025.0,31207.5,31040.0,31306.666666666668,1,False,30810.0,-0.007889228787634872,-0.008189228787634872,-0.0005820721933841787,0.0,0.0,0.0,-0.0005819028386485693,-0.00029107844769622114,0.0,-0.0008729812863448423,-0.0005820721933841787,False,False,False,False,False,False,False,False,False,False,False,False,False,False,False,False,False,False,False,False,False,False,False,-0.0002578981316680068,-0.0002578981316680068,0.0005157297690380766,-0.0005157297690380465,0.00025789813166800387,-0.000515862791940303,0.0002578316373699647,-0.0007736944293102691,-0.000515862791940303,False,False,True,False,True,False,True,False,False,False,False,True,False,True,False,True,False,False,False,False,False,False,False
2023-10-30,2023-10-30 00:00:00+09:00,30810,31120,30800,31040,3535956,69500,30960.0,31055.0,31085.0,31047.5,31040.0,1,False,31205.0,0.005315721649484573,0.005015721649484573,0.0,-0.0002907399351778072,0.00029073993517786905,0.0002906554300363243,-0.0002906554300363967,0.0011621151801772967,0.0,0.0011621151801772967,0.0011621151801772967,True,False,True,True,False,True,False,True,True,False,False,True,True,False,True,False,True,True,False,False,False,True,False,-0.0005193456361862487,0.0,0.0005193456361863339,-0.0005193456361862487,0.0007789173443276682,0.0002595043481541037,0.0,0.0005190760562955067,0.0005190760562955067,False,False,True,False,True,True,True,True,True,False,False,True,False,True,True,False,True,True,False,False,False,True,False
2023-10-31,2023-10-31 00:00:00+09:00,31205,31270,30625,30660,5657280,69500,30947.5,31040.0,30960.0,30850.0,30918.333333333332,0,False,30855.0,0.006360078277886538,0.006060078277886538,0.00029090909296057484,0.0005819028386484659,-0.00029090909296067844,-0.00029099374568789833,0.0,0.0011634672632980494,0.0,0.0008724735176100548,0.0008724735176100548,True,True,False,False,True,True,False,True,True,True,True,False,False,False,True,False,True,True,False,False,False,True,False,-0.0002587656891137463,0.0002587656891136425,0.00025869874675378524,-0.0002586987467538888,0.00025869874675378524,0.0005171968049087742,0.00025869874675378524,0.0005171968049087742,0.0007758955516625743,False,True,True,False,True,True,True,True,True,False,True,True,False,True,True,True,True,True,True,False,False,True,False
2023-11-01,2023-11-01 00:00:00+09:00,30855,31150,30840,31085,4694504,69500,30995.0,30660.0,30947.5,30872.5,30928.333333333332,4,True,31600.0,0.01656747627473054,0.01626747627473054,-0.0008644288104910545,-0.00028830906931728633,-0.00028830906931728633,0.0011527378798082617,0.0002879769638332227,0.0,-0.0011527378798082853,0.0014407148436414786,0.0002879769638332227,False,False,False,True,True,False,False,True,False,False,False,False,True,True,False,False,True,False,False,True,False,True,True,-0.0005132153050804211,-0.00025670645757710516,0.0,0.0010264306777487944,0.0002564431351403711,0.00025637738891866953,-0.0007699217626575115,0.00153925120180792,0.0007693294391504192,False,False,False,True,True,False,False,True,True,False,False,False,True,False,True,False,True,True,False,True,False,True,True
2023-11-02,2023-11-02 00:00:00+09:00,31600,31750,31520,31600,6131947,69500,31635.0,31085.0,30995.0,31342.5,31115.0,3,True,31900.0,0.009493670886076,0.009193670886076,-0.0002814919089664552,0.0005629046025359818,-0.0005629046025359464,0.0,-0.000563221642599225,0.0,-0.0002814919089664552,-0.00028157116897280004,-0.0005630630779391869,False,True,False,False,False,False,False,False,False,False,True,False,False,False,False,False,False,False,False,False,False,False,False,-0.00025268477708670535,0.0,0.0,-0.0005055611836700228,-0.0002528764711920382,0.000252876471191991,-0.00025268477708670535,-0.0005055611836700228,-0.0007582459607567756,False,False,False,False,False,False,False,False,False,False,False,False,False,False,False,False,False,False,False,False,False,False,False
2023-11-03,2023-11-03 00:00:00+09:00,31900,31985,31765,31920,4490811,69500,31875.0,31600.0,31635.0,31760.0,31535.0,4,True,32445.0,0.016447368421052655,0.016147368421052653,0.0002784351960073267,0.0,0.0,0.0,-0.0005569479397656545,0.0005569479397655673,0.0002784351960073267,0.0,0.0002784351960073267,True,False,False,False,False,True,True,False,False,True,False,False,False,False,True,True,False,False,False,False,False,False,False,-0.00024878716386568414,0.00024878716386554346,-0.00024878716386568414,0.00024878716386554346,-0.00024878716386568414,0.0004975124480729501,-0.00024878716386568414,0.0004975124480729501,0.0002487252842073254,False,True,False,False,False,True,False,False,False,False,True,False,True,False,True,False,True,False,False,True,False,True,True
2023-11-06,2023-11-06 00:00:00+09:00,32445,33415,32335,33415,10194152,69500,32875.0,31920.0,31875.0,32667.5,32311.666666666668,4,True,33155.0,-0.0077809367050726275,-0.008080936705072627,0.0002744613712851428,0.0002743860629096034,0.0,-0.00027446137128516373,0.0002744613712851428,0.0002743860629096034,0.0002744613712851428,0.0002743860629096034,0.0005488474341947254,True,True,False,False,True,False,True,False,True,True,True,False,False,True,False,True,True,True,True,False,False,False,False,-0.0004926108474000208,0.0004926108473999813,0.0,-0.0002462750905195006,0.0002462144540321292,0.0,0.0,0.0002462144540321292,0.0002462144540321292,False,True,False,False,False,False,True,False,False,False,True,False,False,False,False,False,False,False,False,False,False,True,False
2023-11-07,2023-11-07 00:00:00+09:00,33155,33215,32490,32810,8868833,69500,32852.5,33415.0,32875.0,33112.5,32715.0,1,False,33050.0,0.007314843035659768,0.007014843035659768,0.0008227067514635477,-0.0005483959556136762,0.0,0.00027423557007191405,0.0,-0.0013719305211269824,0.0002743107958497712,-0.001097694951055126,-0.0008233841552052118,True,False,False,True,False,False,True,False,False,True,False,False,True,False,False,True,False,False,False,False,False,False,False,0.0,0.00024663953756795255,-0.00024663953756789823,0.0,-0.00024670038363679907,0.0,0.0,-0.00024670038363679907,-0.00024670038363679907,True,True,False,False,False,False,False,False,False,False,True,False,False,False,False,False,False,False,False,False,False,False,False
2023-11-08,2023-11-08 00:00:00+09:00,33050,33110,32420,32505,4718349,69500,32765.0,32810.0,32852.5,32657.5,32910.0,0,False,32505.0,0.0,-0.0003,0.00027162841400201984,-0.0005433306300465419,-0.0002717760582022363,-0.00027184994050801365,0.0,0.0,-0.0005434782742467333,-0.00027184994050801365,-0.0008153282147546764,True,False,False,False,False,False,False,False,False,True,False,False,False,False,False,False,False,False,False,False,False,False,False,0.0007371913345283562,-0.000245670066338105,0.0,-0.000491642094465434,-0.0002459117189325872,0.0007375538133979605,0.0004915212681900907,0.0,0.00024579083323948773,True,False,False,False,False,True,True,False,False,True,False,False,False,False,True,True,False,False,False,False,False,False,False
2023-11-09,2023-11-09 00:00:00+09:00,32505,32780,32445,32660,4401718,69500,32612.5,32505.0,32765.0,32582.5,32658.333333333332,3,True,32335.0,-0.009951010410287786,-0.010251010410287786,0.00027103943789731004,0.0,-0.000271039437897252,-0.0005422993625311492,0.0,0.0002711864423398344,0.0,-0.0002711129201911443,-0.0002711129201911443,False,False,False,False,False,False,False,False,False,True,False,False,False,False,False,False,False,False,False,False,False,False,False,0.0,-0.0002452483151471106,0.0,-0.00024530847663798425,0.0,0.0,-0.0002452483151471106,-0.00024530847663798425,-0.0004905567917849985,True,False,False,False,False,False,False,False,False,False,False,False,False,False,False,False,False,False,False,False,False,False,False
2023-11-10,2023-11-10 00:00:00+09:00,32335,32495,32215,32475,5273275,69500,32355.0,32660.0,32612.5,32567.5,32546.666666666668,1,False,32795.0,0.009853733641262519,0.009553733641262519,0.0,0.0010937928353278766,-0.0002733360683958515,0.0,0.0,0.0008202324451662815,0.00027341080142979923,0.0002733360683958681,0.0005467468698256132,False,True,False,False,False,True,True,False,True,False,True,False,False,False,True,True,False,True,True,False,False,False,False,-0.00024706609143592615,0.0,0.0004940711562955917,-0.0004940711562955437,0.0002470660914358099,0.0004939491332834043,0.000247005064859676,0.00024694406842381,0.0004939491332834043,False,False,True,False,False,True,True,False,True,False,False,True,False,False,True,True,False,True,True,False,False,False,False
2023-11-13,2023-11-13 00:00:00+09:00,32795,32815,32345,32450,6351729,69500,32580.0,32475.0,32355.0,32462.5,32528.333333333332,1,False,32725.0,0.008474576271186418,0.008174576271186418,0.00026863667052072927,-0.00026870885557357525,-0.00026870885557357525,-0.00026878107943029584,-0.00026870885557357525,0.0005373455260944802,-0.00026870885557357525,0.0005373455260944802,0.00026863667052072927,False,False,False,False,False,False,False,False,False,True,False,False,False,False,True,False,True,False,False,True,False,True,True,0.0,-0.00024470818670990004,0.0007339449870748329,0.0,0.0,0.000244588481101936,0.0,0.0,0.0,True,False,True,False,False,False,False,False,False,False,False,True,False,False,False,False,False,False,False,False,False,False,False
2023-11-14,2023-11-14 00:00:00+09:00,32725,32880,32695,32785,4710485,69500,32787.5,32450.0,32580.0,32617.5,32570.0,4,True,33470.0,0.020893701387829866,0.020593701387829864,-0.0002675585300242655,0.0,0.0,0.0,0.0,0.0,-0.0002675585300242655,0.0,-0.0002675585300242655,False,False,True,False,False,False,False,False,False,False,False,False,False,False,False,False,False,False,False,False,False,False,False,0.0,0.0002435756923503794,0.0,-0.0002435756923502918,0.0,0.0004870920700299516,0.0002435756923503794,0.00024351637767970662,0.0004870920700299516,True,True,False,False,False,True,True,False,True,False,True,False,False,False,True,True,False,True,True,False,False,False,False
2023-11-15,2023-11-15 00:00:00+09:00,33470,33520,33220,33495,9679173,69500,33370.0,32785.0,32787.5,33140.0,32910.0,4,True,33470.0,-0.0007463800567248935,-0.0010463800567248934,0.0,0.0,-0.0005232862495128016,-0.0007850320957919764,0.0005234231995974092,0.000523149371073524,-0.0005232862495128016,0.0002615404748792028,0.0002615404748792028,False,False,False,False,True,False,False,False,False,False,False,False,False,True,True,False,False,False,False,True,False,True,True,0.0002382938174031753,0.0,-0.00047664443228434376,-0.0002384074394412941,0.00023840743944128677,0.0004766444322843146,-0.00023835061488123354,0.0004766444322843146,0.0002382938174031753,True,False,False,False,False,False,False,False,False,True,False,False,False,False,True,False,False,False,False,True,False,True,True
2023-11-16,2023-11-16 00:00:00+09:00,33470,33575,33315,33470,5466819,69500,33445.0,33495.0,33370.0,33482.5,33250.0,2,True,33445.0,-0.0007469375560202884,-0.0010469375560202884,0.0005256241908138728,0.0,-0.00026277756030863224,0.0,0.0,-0.00026270852640251533,0.0002628466305052849,0.0002627775603086693,0.0005256241908138728,True,False,False,False,False,False,True,False,True,True,False,False,False,False,False,False,False,False,True,False,False,False,False,-0.0002389200823693941,0.0,-0.00023897717881691974,0.0007167602743844929,0.00023880597128413383,-0.0004776689844823941,-0.0004778972611861961,0.0004778972611862081,0.0,False,False,False,True,False,False,False,False,False,False,False,False,True,False,False,False,False,False,False,True,False,False,True
2023-11-17,2023-11-17 00:00:00+09:00,33445,33460,33210,33300,6010766,69500,33335.0,33470.0,33445.0,33385.0,33421.666666666664,0,False,33250.0,-0.0015015015015015232,-0.001801501501501523,0.0,0.0,0.0005246589837035918,-0.0002622950834709936,0.0,0.0005245213862715416,0.0002622950834709586,0.000262226302800618,0.0005245213862715416,False,False,True,False,False,False,True,False,False,False,False,True,False,False,True,False,False,False,True,False,False,False,False,-0.00047664443228434376,0.0,0.00023835061488135294,0.0002382938174031753,0.0,0.0,-0.00023829381740308726,0.0002382938174031753,0.0,False,False,True,True,False,False,False,False,False,False,False,True,True,False,False,False,False,False,False,True,False,False,True
2023-11-20,2023-11-20 00:00:00+09:00,33250,33680,33220,33565,7426441,69500,33450.0,33300.0,33335.0,33432.5,33445.0,4,True,33730.0,0.004915834947117448,0.004615834947117448,0.0,-0.0005257623675266026,-0.0007889546760321762,0.0,0.0,0.0007889546760320998,-0.0007889546760321762,0.0007889546760320998,0.0,False,False,False,False,False,True,False,True,False,False,False,False,False,False,True,False,True,False,False,True,False,False,True,0.00023840743944128677,-0.0002384074394412941,-0.00023846429110259607,0.0,0.0,-0.0002385211698845776,-0.00023846429110259607,-0.0002385211698845776,-0.00047698546098715126,True,False,False,False,False,False,False,False,False,True,False,False,False,False,False,False,False,False,False,False,False,False,False
2023-11-21,2023-11-21 00:00:00+09:00,33730,33875,33670,33725,7262668,69500,33772.5,33565.0,33450.0,33645.0,33530.0,3,True,33490.0,-0.0069681245366938205,-0.00726812453669382,-0.0002586987467538888,0.0005173305857747941,-0.0005173305857747766,-0.0002587656891137463,0.0,0.0005175983552410421,-0.0002586987467538888,0.0,-0.0002586987467538888,False,True,False,False,False,False,False,False,False,False,True,False,False,False,True,False,False,False,False,False,False,False,False,-0.00023621117388681365,0.0,0.0,-0.00023626698278843392,-0.0004727014978116052,0.00047270149781154596,-0.00023621117388681365,-0.00023626698278843392,-0.0004724781566751309,False,False,False,False,False,False,False,False,False,False,False,False,False,False,True,False,False,False,False,False,False,False,False
2023-11-22,2023-11-22 00:00:00+09:00,33490,33850,33430,33785,5610303,69500,33640.0,33725.0,33772.5,33755.0,33691.666666666664,4,True,33800.0,0.00044398401657530506,0.0001439840165753051,0.0,0.0,0.0002609943901020881,-0.000783392127804156,0.0002611989044496214,0.0,0.0,-0.000783392127804156,-0.0010443865179062734,False,False,True,False,True,False,False,False,False,False,False,True,False,True,False,False,False,False,False,False,False,False,False,0.0,0.0,0.0,-0.0007113219031404126,0.0,0.0,0.0,-0.00047415837777877134,-0.00047415837777877134,True,False,False,False,False,False,False,False,False,False,False,False,False,False,False,False,False,False,False,False,False,False,False
2023-11-23,2023-11-23 00:00:00+09:00,33800,33895,33650,33790,4815864,69500,33772.5,33785.0,33640.0,33787.5,33766.666666666664,3,True,33790.0,0.0,-0.0003,0.0005190760562955067,0.0,0.000518806756124439,0.0,-0.00025936973300636786,0.0007777058071825193,0.0010378828124200214,0.0007777058071825193,0.001815588619602516,True,False,True,False,False,True,True,True,True,True,False,True,False,False,True,True,True,True,True,False,False,False,False,0.0002361553913442342,0.00023609963514223924,0.0,0.0004720321069474027,0.0,0.0002359325243926995,0.000472255026486698,0.0007079646313400942,0.00118021965782677,True,True,False,True,False,False,True,True,True,True,True,False,True,False,False,True,True,True,True,False,False,True,False
2023-11-24,2023-11-24 00:00:00+09:00,33790,33855,33515,33525,4913581,69500,33685.0,33790.0,33772.5,33657.5,33700.0,0,False,33535.0,0.0002982848620431966,-1.7151379568033768e-06,0.00025930247779155826,0.0,0.0,-0.0005186722107979624,0.0,0.00025936973300636786,0.00025930247779155826,-0.00025930247779157637,0.0,False,False,True,False,False,False,False,False,False,False,False,False,False,False,False,False,False,False,False,False,False,False,False,0.00047180939775896174,0.0,0.0,-0.00023587687336632863,0.0,-0.00023593252439273968,0.00047180939775896174,-0.00047180939775909455,0.0,True,False,False,False,False,False,True,False,False,True,False,False,False,False,False,True,False,False,False,False,False,False,False
2023-11-27,2023-11-27 00:00:00+09:00,33535,33695,33370,33485,4318291,69500,33532.5,33525.0,33685.0,33505.0,33600.0,0,False,33600.0,0.0034343736001194447,0.003134373600119445,0.0005221932233544265,0.0,-0.0002611306973971757,0.00026113069739725164,0.0007829832058634519,0.0002608582250347523,0.0,0.001304972128295292,0.001304972128295292,True,False,False,True,True,False,False,True,True,True,False,False,True,True,False,False,True,True,False,False,False,True,False,0.0002366583847277798,0.0,-0.000236658384727774,0.0,0.00023660239078788614,0.00047303690569876694,0.0,0.0007096392964865314,0.0009462976812143285,True,False,False,True,False,True,False,True,True,True,False,False,False,True,True,False,True,True,False,False,False,True,False
2023-11-28,2023-11-28 00:00:00+09:00,33600,33870,33570,33870,4270900,69500,33720.0,33485.0,33532.5,33677.5,33626.666666666664,4,True,33815.0,-0.0016238559196929403,-0.0019238559196929402,0.0002603149825971188,-0.00026031498259716714,0.0,0.0007807417442784104,0.0,0.0002601118495611666,0.0,0.0010408535938396075,0.0010408535938396075,False,False,True,True,False,False,False,True,True,False,False,False,True,False,False,False,True,True,False,False,False,True,False,0.00023632281806788724,0.0,-0.000236322818067864,0.00023632281806788724,0.00023626698278830427,0.00047236656523116997,0.0,0.0009449563660872829,0.0009449563660872829,True,False,False,True,False,False,False,True,True,True,False,False,True,False,True,False,True,True,False,False,False,True,False
2023-11-29,2023-11-29 00:00:00+09:00,33815,33815,33530,33760,3312281,69500,33672.5,33870.0,33720.0,33815.0,33705.0,2,True,33685.0,-0.0022215639810426735,-0.0025215639810426734,0.0,-0.00025910092125774653,0.0,0.0,-0.0007777058071825281,0.0010368067284403084,-0.00025910092125774653,0.00025910092125779207,0.0,False,False,True,False,False,True,False,False,False,False,False,False,False,False,True,False,False,False,False,True,False,False,True,-0.00023587687336632863,0.0,0.0002358768733664134,0.0,0.0,0.0,0.0,0.0,0.0,False,False,True,False,False,False,False,False,False,False,False,True,False,False,False,False,False,False,False,False,False,False,False
2023-11-30,2023-11-30 00:00:00+09:00,33685,33955,33595,33955,6834917,69500,33775.0,33760.0,33672.5,33857.5,33861.666666666664,4,True,33780.0,-0.005153880135473465,-0.005453880135473465,0.0,0.0,0.0005185377352381531,0.00025916807194445674,-0.0002591680719443692,0.0,0.0005185377352381531,0.0,0.0005185377352381531,False,False,True,True,False,False,True,False,False,False,False,True,True,False,False,True,False,False,False,False,False,False,False,0.0004719207260778209,-0.00047192072607788816,0.00023598820168511483,0.00047180939775896174,0.0,0.0,0.00023598820168511483,0.00047180939775896174,0.0007077975994443116,True,False,True,True,False,False,True,True,True,True,False,True,True,False,False,True,False,True,True,False,False,True,False
2023-12-01,2023-12-01 00:00:00+09:00,33780,33780,33550,33570,4988163,69500,33665.0,33955.0,33775.0,33762.5,33761.666666666664,0,False,33810.0,0.0071492403932083,0.0068492403932083005,0.0002608582250347523,-0.00026085822503468293,0.0,-0.00026092628980396156,0.0002609262898040343,-0.00026092628980396156,-0.00026092628980396156,-0.00026092628980396156,-0.00026092628980396156,False,False,False,False,True,False,False,False,False,True,False,False,False,True,False,False,False,False,False,False,False,False,False,0.0002354880500697971,0.0,0.0,-0.00047103156782350584,0.00047103156782351836,-0.00023548805006977353,0.0002354880500697971,-0.00023548805006977353,0.0,False,False,False,False,True,False,True,False,False,True,False,False,False,True,False,True,False,False,False,False,False,False,False
2023-12-04,2023-12-04 00:00:00+09:00,33810,33890,33680,33740,6735167,69500,33785.0,33570.0,33665.0,33655.0,33755.0,2,True,33585.0,-0.004593953764078229,-0.004893953764078229,-0.00026058632069288586,-0.00026058632069288586,-0.0002606542436235554,0.0005212405643164359,0.0,-0.000521240564316364,-0.000521240564316364,0.0,-0.000521240564316364,False,False,False,True,False,False,False,False,False,False,False,False,True,False,False,False,False,False,False,False,False,False,False,0.0,0.0,0.0,0.0,0.0,-0.00046904316056912434,0.0,-0.00046904316056912434,-0.00046904316056912434,False,False,False,False,False,False,False,False,False,False,False,False,False,False,False,False,False,False,False,False,False,False,False
2023-12-05,2023-12-05 00:00:00+09:00,33585,33610,33370,33370,4349890,69500,33490.0,33740.0,33785.0,33555.0,33560.0,0,False,33530.0,0.004794725801618327,0.004494725801618327,0.0,0.0,-0.000262984879885211,0.00026298487988520876,-0.000262984879885211,-0.001052631676143262,-0.000262984879885211,-0.001052631676143262,-0.001315616556028482,False,False,False,True,False,False,False,False,False,False,False,False,True,False,False,False,False,False,False,False,False,False,False,0.0004716981219535569,-0.00023582124858721458,0.0,-0.00023587687336632863,0.0,0.0,0.0002358768733664134,-0.00023587687336632863,0.0,True,False,False,False,False,False,True,False,False,True,False,False,False,False,False,True,False,False,False,False,False,False,False
2023-12-06,2023-12-06 00:00:00+09:00,33530,33675,33480,33480,7820757,69500,33577.5,33370.0,33490.0,33425.0,33530.0,1,False,33375.0,-0.0031362007168458383,-0.0034362007168458383,0.0,-0.0005209690141272914,0.000520969014127415,-0.0005209690141272914,0.0002605184331525339,0.0,0.0,-0.00026045058097481927,-0.00026045058097481927,False,False,True,False,True,False,False,False,False,False,False,True,False,True,False,False,False,False,False,False,False,False,False,0.0,0.00023482446978865038,0.0,0.00023476934020255231,0.0,-0.00023476934020265523,-0.00023476934020265523,0.0,-0.00023476934020265523,False,True,False,True,False,False,False,False,False,False,True,False,False,False,False,False,False,False,False,False,False,False,False
2023-12-07,2023-12-07 00:00:00+09:00,33375,33505,33250,33350,9681266,69500,33377.5,33480.0,33577.5,33415.0,33400.0,0,False,33630.0,0.008395802098950522,0.008095802098950522,-0.000263192526851578,0.0,0.0,0.0,-0.0002632618153944068,0.0,-0.000263192526851578,0.00026319252685147855,0.0,False,False,False,False,False,False,False,True,False,False,False,False,False,False,False,False,False,False,False,True,False,False,True,-0.00023649048236028519,-0.00023654642333833766,-0.00023660239078794707,0.0004731488141262171,0.0,0.00047292505019538747,-0.0007096392964865551,0.0009460738643215912,0.0002364345678351417,False,False,False,True,False,True,False,True,False,False,False,False,True,False,True,False,True,False,False,True,False,True,True
2023-12-08,2023-12-08 00:00:00+09:00,33630,33855,33615,33835,8598566,69500,33735.0,33350.0,33377.5,33592.5,33555.0,4,True,33905.0,0.002068863602778137,0.0017688636027781372,-0.00025957170814140234,0.0,-0.000519210811248677,0.0,0.0,-0.00025970653307901004,-0.000519210811248677,-0.00025970653307901004,-0.0007789173443276503,False,False,False,False,False,False,False,False,False,False,False,False,False,False,False,False,False,False,False,False,False,False,False,-0.00023460410664789607,0.0002346041066478533,0.0,-0.00023460410664789607,0.0,-0.00046937339514628774,0.0,-0.0007039775017942694,-0.0007039775017942694,False,True,False,False,False,False,False,False,False,False,True,False,False,False,False,False,False,False,False,False,False,False,False
2023-12-11,2023-12-11 00:00:00+09:00,33905,33950,33690,33950,7031812,69500,33820.0,33835.0,33735.0,33892.5,33711.666666666664,4,True,34035.0,0.002503681885125175,0.0022036818851251753,0.000259235257446613,0.0005182689932021143,0.0,0.0002590338053597655,0.000517866402044983,0.0005175983552410421,0.0007775042506488046,0.0012944985626457955,0.00207200281329446,False,True,False,True,True,True,True,True,True,False,True,False,True,True,True,True,True,True,True,False,True,True,False,0.0,0.0007015082714903033,-0.0002337814154423142,0.0004675081899081364,-0.0002337267744658512,0.00046739893349154784,0.00046772685604793383,0.0007011803489338504,0.0011689072049819618,False,True,False,True,False,True,True,True,True,False,True,False,True,False,True,True,True,True,True,False,False,True,False
2023-12-12,2023-12-12 00:00:00+09:00,34035,34195,34025,34090,11151255,69500,34110.0,33950.0,33820.0,34020.0,33958.333333333336,4,True,34075.0,-0.0004400117336462728,-0.0007400117336462727,0.0002559181076027514,0.00025585263028142296,0.00025578718645665453,-0.0007675579243408721,0.0,-0.0002559181076027471,0.000767557924340802,-0.0007675579243408721,0.0,False,True,True,False,False,False,True,False,False,False,True,True,False,False,False,True,False,False,False,False,False,False,False,0.0002326934274605722,0.00023263929382583688,-0.00023263929382579755,-0.00023269342746061241,0.0002326934274605722,-0.00046544101375516837,0.0002326934274605722,-0.00046544101375516837,-0.00023274758629451568,False,True,False,False,True,False,False,False,False,True,True,False,False,False,False,True,False,False,False,False,False,False,False
2023-12-13,2023-12-13 00:00:00+09:00,34075,34075,33745,33760,3987975,69500,33910.0,34090.0,34110.0,33925.0,33933.333333333336,0,False,34220.0,0.013625592417061627,0.013325592417061627,-0.0002537105176617978,0.0002537105176617888,0.0,0.0,0.0,-0.0007615179959328381,-0.0002537105176617978,-0.0007615179959328381,-0.001015228513594663,False,True,False,False,False,False,False,False,False,False,True,False,False,False,False,False,False,False,False,False,False,False,False,0.00023145469377713448,-0.00023145469377711835,0.0,0.00023150827745497453,0.0,0.0,0.0,0.00023150827745497453,0.0,False,False,False,False,False,False,False,False,False,True,False,False,False,False,False,False,False,False,False,False,False,False,False
2023-12-14,2023-12-14 00:00:00+09:00,34220,34375,34055,34170,8792731,69500,34215.0,33760.0,33910.0,33965.0,34006.666666666664,3,True,34280.0,0.0032191981270119907,0.002919198127011991,-0.0002496567233039827,0.0,-0.000499251133684944,0.0,0.0,-0.00049937579065239,-0.0002496567233039827,-0.00024971906734841447,-0.00049937579065239,False,False,False,False,False,False,False,False,False,False,False,False,False,False,False,False,False,False,False,False,False,False,False,-0.0004554771201495078,0.0,0.0,0.00022776449250044427,-0.0002277644925004149,0.00022776449250044427,-0.0004554771201495078,0.00022776449250044427,-0.0002277126276491611,False,False,False,False,False,True,False,False,False,False,False,False,False,False,False,False,False,False,False,True,False,False,True
2023-12-15,2023-12-15 00:00:00+09:00,34280,34680,34280,34365,6261323,69500,34480.0,34170.0,34215.0,34267.5,34098.333333333336,4,True,34455.0,0.0026189436927106513,0.0023189436927106514,-0.00025141420622688164,0.0005027652192379505,0.0005025125733886448,-0.0005027652192379825,0.0,0.0,0.0007538635863996896,0.000251287851554792,0.0005026388645658785,False,True,True,False,False,False,True,False,True,False,True,True,False,False,False,True,False,True,True,False,False,False,False,-0.00022797218838046453,0.00022797218838036857,0.0004557885220200072,0.0,0.0,-0.00022786829311311057,0.0004557885220200072,-0.00022786829311311057,0.00022792022890687948,False,True,True,False,False,False,True,False,True,False,True,True,False,False,False,True,False,False,False,False,False,False,False
2023-12-18,2023-12-18 00:00:00+09:00,34455,34515,34280,34475,4133230,69500,34397.5,34365.0,34480.0,34420.0,34336.666666666664,3,True,34385.0,-0.0026105873821610226,-0.0029105873821610225,0.0,0.0002499687552074404,0.0,0.0,-0.0002499687552073415,0.0,-0.0002499062864436882,-0.0002499687552073415,-0.0004998750416510425,False,True,False,False,False,False,False,False,False,False,True,False,False,False,False,False,False,False,False,False,False,False,False,0.00022771262764911828,0.0,-0.0002277126276491611,-0.0002277126276491611,0.00022771262764911828,0.0,0.0,0.0,0.00022771262764911828,False,False,False,False,True,False,False,False,False,True,False,False,False,False,False,False,False,False,False,False,False,False,False
2023-12-19,2023-12-19 00:00:00+09:00,34385,34525,34280,34505,5012552,69500,34402.5,34475.0,34397.5,34490.0,34448.333333333336,4,True,34765.0,0.00753513983480647,0.00723513983480647,0.0002488490743213995,-0.00024884907432140487,0.0,-0.0004977600899189493,0.0,0.0,0.0002488490743213995,-0.0004977600899189493,-0.0002489110155975391,False,False,False,False,False,False,True,False,False,False,False,False,False,False,False,True,False,False,False,False,False,False,False,0.0,0.0,0.0,-0.00022714366934688525,0.0,0.00022714366934690287,0.0,0.0,0.0,False,False,False,False,False,False,False,False,False,False,False,False,False,False,False,False,False,False,False,False,False,False,False
2023-12-20,2023-12-20 00:00:00+09:00,34765,35170,34750,35170,9403237,69500,34960.0,34505.0,34402.5,34837.5,34716.666666666664,4,True,34910.0,-0.0073926642024452205,-0.00769266420244522,-0.00024706609143592615,-0.0004943153832735509,0.00024718823509876497,-0.00024718823509876236,0.0004943153832736167,-0.0004943153832735509,-0.0004941932396107502,-0.00024718823509876236,-0.0007413814747093765,False,False,True,False,True,False,False,False,False,False,False,True,False,True,False,False,False,False,False,False,False,False,False,-0.00022570816030817776,-0.00022575911598316892,0.0002257591159830916,0.0,0.0,0.0002257591159830916,-0.00022570816030817776,0.0,-0.00022570816030817776,False,False,True,False,False,False,False,False,False,False,False,True,False,False,False,False,False,False,False,False,False,False,False
2023-12-21,2023-12-21 00:00:00+09:00,34910,35060,34775,34940,6310580,69500,34917.5,35170.0,34960.0,35055.0,34871.666666666664,2,True,35265.0,0.009301659988551814,0.009001659988551814,0.0,0.00025021894287929555,0.0002501563490218957,0.0002501563490218957,0.0002501563490218957,0.0002500937864730256,0.0005003752919012798,0.0005002501354949281,0.0007504690783741788,False,True,True,True,True,True,True,True,True,False,True,True,True,True,False,True,True,True,True,False,True,False,False,0.00022844089191292286,-0.00022844089191289735,0.0004568296105030413,-0.0002283887185901274,0.00022838871859020394,0.00045662101250014517,0.0004568296105030413,0.00045662101250014517,0.0009134506230031686,False,False,True,False,True,True,True,True,True,True,False,True,False,False,True,True,False,True,True,False,False,False,False
2023-12-22,2023-12-22 00:00:00+09:00,35265,35335,35050,35050,3155432,69500,35192.5,34940.0,34917.5,34995.0,35053.333333333336,2,True,35225.0,0.004992867332382245,0.004692867332382245,0.000498007978420108,-0.0002489729877170799,-0.0004981320152816726,-0.0004982561139452804,0.0,0.0,-0.0002490970245785757,-0.0004982561139452804,-0.0004982561139452804,True,False,False,False,False,False,False,False,False,True,False,False,False,False,False,False,False,False,False,False,False,False,False,0.00022724690473889265,0.0,-0.0004545454623716274,0.0,-0.0004548555911944869,0.00022735023401330764,-0.00022729855763278865,0.00022735023401330764,-0.00022729855763278865,False,False,False,False,False,True,False,False,False,True,False,False,False,False,False,False,False,False,False,True,False,False,True
2023-12-26,2023-12-26 00:00:00+09:00,35225,35250,35025,35195,2667076,69500,35137.5,35050.0,35192.5,35122.5,35061.666666666664,3,True,35260.0,0.001846853246199709,0.001546853246199709,-0.0002473716772044968,0.0002473716772045935,0.00024731049959111077,-0.0002473104995912193,0.0,0.0,0.00024731049959111077,-0.0002473104995912193,0.0,False,True,True,False,False,False,True,False,False,False,True,True,False,False,False,True,False,False,False,False,False,False,False,-0.00045228404208357085,0.00022616759114831782,-0.00022616759114845396,0.0,0.00045228404208361264,0.00022606533384397692,-0.00045228404208357085,0.0006783493759274995,0.00022606533384397692,False,True,False,False,True,False,False,True,False,False,True,False,False,True,False,False,True,False,False,True,False,True,True
2023-12-27,2023-12-27 00:00:00+09:00,35260,35585,35165,35585,10959810,69500,35375.0,35195.0,35137.5,35390.0,35276.666666666664,4,True,35600.0,0.000421525923844257,0.00012152592384425705,0.0,0.0,0.00024645717931287407,0.00024639645313760406,0.0,0.0,0.00024645717931287407,0.00024639645313760406,0.0004928536324506077,False,False,False,True,False,False,False,True,True,False,False,True,True,False,False,False,False,True,True,False,False,False,False,0.0,0.0,0.00045095829400090896,0.0,0.0,0.0,0.00045095829400090896,0.0,0.00045095829400090896,False,False,True,False,False,False,True,False,True,False,False,True,False,False,False,True,False,True,False,False,False,False,False
2023-12-28,2023-12-28 00:00:00+09:00,35600,36170,35540,36170,10582829,69500,35855.0,35585.0,35375.0,35877.5,35650.0,4,True,35985.0,-0.005114735969035111,-0.005414735969035111,-0.0007366482837722926,0.0007366482837723511,-0.0004910385563924552,0.0,0.0002455494180539889,0.0002454891383384813,-0.0004910385563924552,0.0004910385563923954,0.0,False,True,False,False,True,True,False,True,False,False,True,False,False,True,False,False,True,False,False,True,False,False,True,0.00022479487562339774,-0.00022479487562349938,0.00022479487562339774,-0.00022479487562349938,0.00022479487562339774,0.0,0.00022479487562339774,0.0,0.00022479487562339774,False,False,True,False,True,False,False,False,False,True,False,True,False,False,False,True,False,False,False,False,False,False,False
2024-01-02,2024-01-02 00:00:00+09:00,35985,36530,35925,36390,7419568,69500,36227.5,36170.0,35855.0,36280.0,36048.333333333336,4,True,35975.0,-0.011404231931849362,-0.011704231931849362,-0.00024718823509876236,0.0,0.0,0.0,0.0,0.0002472493522299731,-0.00024718823509876236,0.0,-0.00024718823509876236,False,False,False,False,False,True,False,False,False,False,False,False,False,False,False,False,False,False,False,False,False,False,False,-0.0002255554312032641,-0.000225606317933831,0.0,-0.000225606317933831,-0.00022570816030817776,0.0004513653879384975,-0.0002255554312032641,-0.000225606317933831,-0.00045116174913706775,False,False,False,False,False,True,False,False,False,False,False,False,False,False,True,False,False,False,False,False,False,False,False
2024-01-03,2024-01-03 00:00:00+09:00,35975,35975,35380,35380,8099979,69500,35677.5,36390.0,36227.5,35885.0,35980.0,0,False,35110.0,-0.0076314301865461065,-0.007931430186546106,0.00025185745001535264,0.0,0.00025185745001535264,0.0,0.000251794033811684,0.0007550019233690852,0.00025185745001535264,0.0010067959571807808,0.0012586534071961062,True,False,True,False,True,True,True,True,True,True,False,True,False,True,True,True,True,True,True,False,False,True,False,0.0,0.0,0.0,0.0,0.0,0.00022745365729820934,0.0,0.00022745365729820934,0.00022745365729820934,False,False,False,False,False,True,False,True,True,False,False,False,False,False,False,False,False,False,False,False,False,True,False
2024-01-04,2024-01-04 00:00:00+09:00,35110,35350,34975,35070,8879926,69500,35162.5,35380.0,35677.5,35225.0,35613.333333333336,0,False,35055.0,-0.00042771599657831505,-0.000727715996578315,-0.00025442055855339385,0.0,0.0,0.0,0.0,0.0007630675685026486,-0.00025442055855339385,0.0007630675685026486,0.0005086470099491918,False,False,False,False,False,True,False,True,True,False,False,False,False,False,True,False,True,True,False,True,False,True,True,0.00022917382935172206,0.0,0.0,0.0,0.0,0.00045819015692779165,0.00022917382935172206,0.00045819015692779165,0.0006873639862794907,True,False,False,False,False,True,True,True,True,True,False,False,False,False,True,True,True,True,True,False,False,True,False
2024-01-05,2024-01-05 00:00:00+09:00,35055,35170,34910,34970,6663218,69500,35040.0,35070.0,35162.5,35020.0,35140.0,0,False,35155.0,0.005290248784672658,0.004990248784672658,0.0005121639036410762,-0.00025604916283794533,0.0,0.0,-0.000512426349926634,0.0,0.0,-0.000512426349926634,-0.000512426349926634,True,False,False,False,False,False,False,False,False,True,False,False,False,False,False,False,False,False,False,False,False,False,False,0.0,0.0,0.0,0.0,-0.000459875841629768,0.0,0.0,-0.000459875841629768,-0.000459875841629768,False,False,False,False,False,False,False,False,False,False,False,False,False,False,False,False,False,False,False,False,False,False,False
2024-01-08,2024-01-08 00:00:00+09:00,35155,35245,34815,34855,5362721,69500,35030.0,34970.0,35040.0,34912.5,34965.0,0,False,35310.0,0.013054081193516032,0.012754081193516032,-0.0005121639036411111,0.0002561147408033148,-0.00025611474080328487,0.0,-0.0005119017260490618,0.0002559836184463839,-0.0005121639036411111,0.0005120327812843453,0.0002559836184463839,False,True,False,False,False,True,False,True,True,False,True,False,False,False,False,False,True,False,False,True,False,True,True,-0.0002299643565383775,-0.0004600874247251587,0.0006900517812634291,-0.0002299643565383775,0.0004598758416297593,0.0,0.0,0.00022991148509141472,0.00022991148509141472,False,False,True,False,True,False,False,True,True,False,False,True,False,True,False,False,False,False,False,False,False,True,False
2024-01-09,2024-01-09 00:00:00+09:00,35310,35365,34630,34725,7512393,69500,34997.5,34855.0,35030.0,34790.0,34850.0,0,False,34725.0,0.0,-0.0003,0.0,0.0,-0.0005017561570396365,-0.00025084660861495194,0.0002508466086150062,0.0005015045240515228,-0.0005017561570396365,0.0005015045240515228,0.0005015045240515228,False,False,False,False,True,True,False,True,True,False,False,False,False,True,True,False,True,True,False,True,False,True,True,0.0,0.0,0.00022678308295415717,0.0,0.0,-0.0002267830829540644,0.00022678308295415717,-0.0002267830829540644,0.0,False,False,True,False,False,False,True,False,False,False,False,True,False,False,False,True,False,False,False,False,False,False,False
2024-01-10,2024-01-10 00:00:00+09:00,34725,34795,34320,34345,4007127,69500,34557.5,34725.0,34997.5,34535.0,34641.666666666664,0,False,34410.0,0.0018925607803172984,0.0015925607803172984,0.0,0.00025003125520938217,-0.00025003125520928253,0.0,-0.0005001250416822429,0.0005002501354949281,0.0,-0.00025003125520928253,0.0,False,False,False,False,False,True,False,False,False,False,True,False,False,False,True,False,False,False,False,False,False,False,False,-0.00022704052770926224,0.0,0.000680966999416341,-0.00022693747969854068,0.0,0.00022693747969861853,0.00045392647170703536,0.0,0.00045392647170703536,False,False,True,False,False,False,True,False,True,False,False,True,False,False,False,True,False,True,False,False,False,False,False
2024-01-11,2024-01-11 00:00:00+09:00,34410,34610,34290,34400,5403988,69500,34450.0,34345.0,34557.5,34372.5,34490.0,1,False,34280.0,-0.0034883720930232176,-0.0037883720930232175,-0.0004952947104720309,0.0007428501022550196,-0.0002475553917828874,-0.0002476166906301067,0.0007428501022550196,0.00024749412327781153,0.0,0.0004950495150609004,0.0004950495150609004,False,True,False,False,True,False,False,True,True,False,True,False,False,True,False,False,True,True,False,False,False,True,False,0.00022519986583188482,0.0,-0.00022519986583178754,0.00022519986583188482,0.0,-0.00022519986583178754,0.0,0.0,0.0,True,False,False,True,False,False,False,False,False,True,False,False,True,False,False,False,False,False,False,False,False,False,False
2024-01-12,2024-01-12 00:00:00+09:00,34280,34405,34005,34070,8090307,69500,34205.0,34400.0,34450.0,34235.0,34271.666666666664,0,False,34165.0,0.0027883768711476353,0.0024883768711476354,0.0,-0.0004964011022757799,-0.0004965243398930735,-0.0002482313528943955,0.0002482313528943557,0.00024816974938133185,-0.0007446940892745396,0.00024816974938133185,0.0,False,False,False,False,True,True,False,False,False,False,False,False,False,True,False,False,False,False,False,True,False,False,True,0.0,-0.00022606533384400142,0.0,0.0,0.00022606533384397692,-0.0004521817847790778,-0.00022606533384400142,-0.00022611645093516294,-0.0004521817847790778,False,False,False,False,True,False,False,False,False,False,False,False,False,True,False,False,False,False,False,False,False,False,False
2024-01-15,2024-01-15 00:00:00+09:00,34165,34365,34085,34215,6318099,69500,34225.0,34070.0,34205.0,34142.5,34228.333333333336,3,True,34010.0,-0.005991524185298802,-0.006291524185298802,0.0,-0.0002476780198419888,-0.00024773937944119355,0.0004952947104719574,0.0002475553917828216,0.0007422986855750062,-0.0004954173992832283,0.0014851487878299958,0.0012374707679880604,False,False,False,True,True,True,False,True,True,False,False,False,True,True,True,False,True,True,False,True,False,True,True,-0.00022575911598316892,0.0,0.0004514672762912255,-0.00022570816030817776,0.00022570816030810018,0.0006768189767673056,0.00022570816030810018,0.0006768189767673056,0.0009025271370753952,False,False,True,False,True,True,True,True,True,False,False,True,False,False,True,True,True,True,True,False,False,True,False
2024-01-16,2024-01-16 00:00:00+09:00,34010,34155,33705,33745,5992875,69500,33930.0,34215.0,34225.0,33980.0,34010.0,0,False,33885.0,0.0041487627796710225,0.0038487627796710226,-0.00024903499070313143,0.0,-0.0004982561139452804,-0.0004986287812113307,0.00024934546943808383,0.0,-0.0007472911046484538,-0.00024928331177330584,-0.001245795601512309,False,False,False,False,True,False,False,False,False,False,False,False,False,True,False,False,False,False,False,False,False,False,False,0.0,0.0,-0.0004530011402495036,-0.0006798867117419655,0.0,0.0009064129331205817,-0.0004530011402495036,0.00022652622137863713,-0.0002264749188708377,False,False,False,False,False,True,False,False,False,False,False,False,False,False,True,False,False,False,False,True,False,False,True
2024-01-17,2024-01-17 00:00:00+09:00,33885,33915,32905,32920,13766686,69500,33410.0,33745.0,33930.0,33332.5,33626.666666666664,0,False,33015.0,0.00288578371810444,0.00258578371810444,-0.00024872528420727283,-0.00024878716386568414,-0.0004977600899189493,-0.0009962640923654956,-0.0019945157447175447,-0.000499251133684944,-0.0009952725379918077,-0.002991774856822558,-0.003987047394814476,False,False,False,False,False,False,False,False,False,False,False,False,False,False,False,False,False,False,False,False,False,False,False,0.0004541326145261176,-0.00045413261452608653,-0.00045433894466237484,-0.00022724690473892125,-0.0011367512875794243,0.00022745365729820934,-0.00045433894466237484,-0.0009092976302812424,-0.0013636365749436815,True,False,False,False,False,True,False,False,False,True,False,False,False,False,False,False,False,False,False,False,False,False,False
2024-01-18,2024-01-18 00:00:00+09:00,33015,33185,32840,33075,12973930,69500,33012.5,32920.0,33410.0,32997.5,33246.666666666664,2,True,33420.0,0.0104308390022676,0.0101308390022676,0.0004990020063623845,0.0,0.00024940765810800434,0.0004985044968639143,0.0002491590893666539,0.00024909702457860997,0.0007484096644704017,0.0009967606108090739,0.0019945157447174293,True,False,True,True,True,False,True,True,True,True,False,True,True,True,False,True,True,True,True,False,True,True,False,0.0,-0.00045599635993054616,0.0009117848819505054,0.0002278163809830082,0.0,0.00022776449250044427,0.0006837607104004059,0.00045558087348339415,0.0011393415838838643,False,False,True,True,False,True,True,True,True,False,False,True,True,False,False,True,True,True,True,False,False,False,False
2024-01-19,2024-01-19 00:00:00+09:00,33420,33630,33380,33570,8205234,69500,33505.0,33075.0,33012.5,33322.5,33188.333333333336,4,True,33925.0,0.010574918081620588,0.010274918081620588,-0.0004900759715826847,-0.0002451280806489303,-0.00024518818315794223,0.0004903162638069552,0.00024506800759829854,0.0,-0.00098039223538966,0.000735384271405283,-0.00024500796398440244,False,False,False,True,False,False,False,True,False,False,False,False,True,True,False,False,True,False,False,True,False,False,True,-0.0002258100946706611,0.0,-0.00022586109638642653,0.0002258610963864294,0.0,0.0002257591159830916,-0.0004516711910572075,0.0006774303070403923,0.0002257591159830916,False,True,False,True,False,False,False,True,False,False,False,False,True,False,False,False,True,False,False,True,False,True,True
2024-01-22,2024-01-22 00:00:00+09:00,33925,33945,33605,33605,6761069,69500,33775.0,33570.0,33505.0,33587.5,33416.666666666664,3,True,33760.0,0.004612408867727957,0.004312408867727957,0.0,0.00023960704559350016,-0.00023977940409816378,0.0014381594041589043,-0.000239549647809849,-0.000239607045593437,-0.0007191657987054853,0.0009590027107557426,0.0,False,True,False,True,False,False,False,True,False,False,True,False,True,False,False,False,True,False,False,True,False,False,True,-0.0002225436751145697,0.0,-0.00022269235143808336,0.00022269235143797806,0.00044523598242192624,-0.00022259321182620267,-0.0008904720089745496,0.0004453351220338586,-0.00044513688694064815,False,True,False,True,True,False,False,True,False,False,False,False,True,True,False,False,True,False,False,True,False,False,True
2024-01-23,2024-01-23 00:00:00+09:00,33760,33845,33560,33780,4506031,69500,33702.5,33605.0,33775.0,33692.5,33651.666666666664,4,True,33805.0,0.000740082889283622,0.000440082889283622,0.0,-0.0002407028534909913,0.00024076080530397934,0.00024070285349098378,-0.00048146365879499686,0.0004814636587950553,-0.0002407028534909913,0.00024070285349098378,0.0,False,False,True,True,False,True,False,False,False,False,False,True,True,False,True,False,False,False,False,True,False,False,True,0.0,0.0,0.0,0.0,0.0,0.0,0.0,0.0,0.0,False,False,False,False,False,False,False,False,False,False,False,False,False,False,False,False,False,False,False,False,False,False,False
2024-01-24,2024-01-24 00:00:00+09:00,33805,33805,33370,33650,5453870,69500,33587.5,33780.0,33702.5,33715.0,33678.333333333336,0,False,33670.0,0.0005943536404160454,0.00029435364041604546,0.0,0.00047755492789152104,-0.00023874895660739632,0.00023880597128413383,0.0007160759346440892,-0.00047732697803666937,0.00023880597128413383,0.00047755492789152104,0.00047755492789152104,False,True,False,True,True,False,True,False,False,False,True,False,True,True,False,True,False,False,True,False,False,True,False,0.00022145941846683556,0.0,0.0002214103850515499,-0.0002214103850515687,0.0004427717583959919,0.0,0.00044286980351835475,0.0002213613733443498,0.000664231176862766,True,False,False,False,True,False,True,False,True,True,False,True,False,True,False,True,False,True,True,False,False,False,False
2024-01-25,2024-01-25 00:00:00+09:00,33670,33740,33480,33690,7350090,69500,33610.0,33650.0,33587.5,33670.0,33706.666666666664,3,True,33530.0,-0.004749183734045759,-0.005049183734045759,0.0002386350088880873,0.00023857807580648813,0.00023852116988454572,-0.00047709924569117523,0.0004770992456911782,0.0,0.0007157342545792204,-0.0002385211698845776,0.0004772130846946639,True,False,True,False,True,False,True,False,False,True,True,True,False,True,False,True,False,False,False,False,False,False,False,0.0,0.0,0.0,-0.0004436557304358815,0.0,0.0004435573370571367,0.00044365573043580835,0.00022175407563978237,0.0006654098060757205,False,False,False,False,False,True,True,False,True,False,False,False,False,False,True,True,False,True,True,False,False,False,False
2024-01-26,2024-01-26 00:00:00+09:00,33530,34090,33415,33750,4530850,69500,33752.5,33690.0,33610.0,33720.0,33696.666666666664,4,True,33865.0,0.0034074074074073035,0.0031074074074073036,0.0002401248660835482,0.0,-0.0012003362382274143,-0.0007207207519181792,0.0,0.0,-0.00024018253988405063,-0.0007207207519181792,-0.0007207207519181792,True,False,False,False,False,False,False,False,False,True,False,False,False,False,False,False,False,False,False,False,False,False,False,0.00022145941846683556,0.0002214103850515499,-0.00044286980351834277,-0.0006646726731909514,0.0,-0.00022160664910636052,0.0,-0.0006646726731909514,-0.0006646726731909514,True,True,False,False,False,False,False,False,False,True,True,False,False,False,False,False,False,False,False,False,False,False,False
2024-01-29,2024-01-29 00:00:00+09:00,33865,34370,33780,34150,4271662,69500,34075.0,33750.0,33752.5,33950.0,33863.333333333336,4,True,34230.0,0.002342606149341231,0.002042606149341231,0.0,0.0,-0.00023983691205026143,0.0,0.00047950132781597376,0.00023966447088953944,-0.00023983691205026143,0.0007191657987054193,0.0007191657987054193,False,False,False,False,True,False,False,True,True,False,False,False,False,True,False,False,True,True,False,True,False,True,True,0.0,-0.0002212634149972384,0.0002212634149971662,0.00044247788332542364,0.00022116554331009456,0.00022111663992803443,0.0002212634149971662,0.000884760066563384,0.000884760066563384,False,False,False,True,True,False,False,True,True,False,False,True,True,True,False,False,True,True,True,False,False,True,False
2024-01-30,2024-01-30 00:00:00+09:00,34230,34365,33915,33995,7939707,69500,34140.0,34150.0,34075.0,34072.5,33965.0,1,False,33740.0,-0.007501103103397577,-0.007801103103397577,0.0004743833106039834,0.0,0.0,-0.00023716352536165512,-0.00023721978524242964,-0.0007119971820897528,0.0004743833106039834,-0.0011863804926937637,-0.0007119971820897528,True,False,True,False,False,False,True,False,False,True,False,False,False,False,False,True,False,False,False,False,False,False,False,0.00021927420326858636,0.0,0.00021922613263286313,-0.00021922613263293853,-0.00021927420326862444,-0.00021932229499038318,0.0004385003359016334,-0.000657822630891913,-0.00021932229499038318,True,False,False,False,False,False,True,False,False,True,False,True,False,False,False,True,False,False,False,False,False,False,False
2024-01-31,2024-01-31 00:00:00+09:00,33740,33920,33735,33830,8485416,69500,33827.5,33995.0,34140.0,33912.5,33991.666666666664,1,False,33790.0,-0.0011823825007389877,-0.0014823825007389876,0.0,0.0002409348282948052,0.0,0.0002409348282948052,-0.00024093482829477133,0.0002409348282948052,0.0,0.0002409348282948052,0.0002409348282948052,False,True,True,True,False,False,True,False,False,False,True,False,True,False,False,False,False,False,False,False,False,True,False,-0.00044072279250176403,-0.00022043425637584862,0.00044081993219913506,-0.0002203856758231346,0.000220385675823086,0.0,-0.0002203371166785997,0.0,-0.0002203371166785997,False,False,True,False,True,False,False,False,False,False,False,True,False,True,False,False,False,False,False,False,False,False,False
2024-02-01,2024-02-01 00:00:00+09:00,33790,34465,33775,34410,7021653,69500,34120.0,33830.0,33827.5,34120.0,34078.333333333336,4,True,34690.0,0.008137169427492097,0.007837169427492097,-0.00024274790749134382,-0.00024280684834597732,-0.0007285974821404986,0.0,-0.00024292481596450223,-0.00048602674103776416,-0.000971345389631892,-0.0007289515570022205,-0.0014573721306695507,False,False,False,False,False,False,False,False,False,False,False,False,False,False,False,False,False,False,False,False,False,False,False,-0.0002225436751145697,0.0002225436751144718,-0.00022259321182620267,-0.00022259321182620267,0.00022259321182607056,-0.00022259321182620267,-0.00044513688694064815,-0.00022259321182620267,-0.00044513688694064815,False,True,False,False,True,False,False,False,False,False,True,False,False,True,False,False,False,False,False,False,False,False,False
2024-02-02,2024-02-02 00:00:00+09:00,34690,35575,34665,35520,11476191,69500,35120.0,34410.0,34120.0,34965.0,34586.666666666664,4,True,35425.0,-0.0026745495495495986,-0.0029745495495495985,0.0002386350088880873,-0.00047732697803666937,0.0,-0.00023869196914853694,-0.00023869196914853694,0.0,0.0,-0.00023869196914853694,-0.00023869196914853694,True,False,True,False,False,False,True,False,False,False,False,False,False,False,False,False,False,False,False,False,False,False,False,0.0,0.0,-0.00021917808306921952,0.00021917808306912598,0.0,0.00021917808306912598,-0.00021917808306921952,0.00021917808306912598,0.0,False,False,False,True,False,False,False,False,False,False,False,False,True,False,False,False,False,False,False,True,False,False,True
2024-02-05,2024-02-05 00:00:00+09:00,35425,35425,34650,35090,11378063,69500,35037.5,35520.0,35120.0,35305.0,35006.666666666664,1,False,34945.0,-0.004132231404958664,-0.004432231404958664,-0.00023755790585644923,0.0,0.00023755790585654814,0.00047494657743897605,-0.00023744509193829663,0.00023744509193843264,0.0,0.00047494657743897605,0.00047494657743897605,False,False,True,True,False,False,True,False,False,False,False,True,True,False,False,False,True,True,False,False,False,True,False,-0.00021850759400824548,0.0,-0.00043715847690735653,0.0006556660709157232,0.00021845985886990654,0.00021841214458337915,-0.0006556660709155967,0.001092538074369002,0.0004368720034533422,False,False,False,True,False,False,False,True,True,False,False,False,True,True,False,False,True,True,False,True,False,True,True
2024-02-06,2024-02-06 00:00:00+09:00,34945,35250,34750,34955,9454374,69500,35000.0,35090.0,35037.5,35022.5,35188.333333333336,1,False,35130.0,0.0050064368473752285,0.004706436847375229,0.0,0.00023688262576709122,-0.0002368826257671336,-0.00023693875244128903,0.00047404599133756746,-0.0002369949057188473,-0.0002368826257671336,-0.0004739336581600257,-0.0007108162839272442,False,True,False,False,True,False,False,False,False,False,True,False,False,True,False,False,False,False,False,False,False,False,False,-0.0002186031268952673,0.0,0.0,0.0,-0.00021865092467121712,0.0,-0.0002186031268952673,-0.00021865092467121712,-0.0004372540515665567,False,False,False,False,False,False,False,False,False,False,False,False,False,False,False,False,False,False,False,False,False,False,False
2024-02-07,2024-02-07 00:00:00+09:00,35130,35730,35120,35450,7548365,69500,35425.0,34955.0,35000.0,35202.5,35165.0,4,True,35595.0,0.004090267983074769,0.003790267983074769,-0.0007140307336570628,0.0007140307336569734,-0.00023795360017098212,-0.00023801023556362254,0.0,-0.0007143707888038016,-0.00023795360017098212,-0.0009523810243674802,-0.0011903346245383563,False,True,False,False,False,False,False,False,False,False,True,False,False,False,False,False,False,False,False,False,False,False,False,-0.00021836445113520357,0.0,0.0002183167785113899,0.0002183167785113899,0.0,0.0,0.0002183167785113899,0.0,0.0,False,False,False,False,False,False,False,False,False,False,False,True,True,False,False,False,False,False,False,False,False,False,False
2024-02-08,2024-02-08 00:00:00+09:00,35595,35755,35430,35490,6259742,69500,35592.5,35450.0,35425.0,35470.0,35298.333333333336,3,True,35915.0,0.011975204282896668,0.011675204282896668,0.0002353771930368913,-0.0002353771930368333,-0.0002354326085035751,0.0004708098015404412,0.0,0.0002353218036509739,-0.0002354326085035751,0.000706131605191405,0.00047069899668770126,True,False,False,True,False,False,False,True,False,True,False,False,True,False,False,False,True,True,False,True,False,True,True,0.0,0.0,0.0,0.0,0.0,-0.0002165205161646986,-0.0002164736451791564,-0.0002165205161646986,-0.00043299416134388614,False,False,False,False,False,False,False,False,False,False,False,False,False,False,False,False,False,False,False,False,False,False,False
2024-02-13,2024-02-13 00:00:00+09:00,35915,36130,35850,35925,6108254,69500,35990.0,35490.0,35592.5,35707.5,35621.666666666664,4,True,35370.0,-0.015448851774530259,-0.01574885177453026,0.0,0.0,0.00023421946470819272,0.000702493882068753,0.0009361105293941634,0.00023389077407531223,0.00023421946470819272,0.0016383853869738913,0.0016383853869738913,False,False,True,True,True,False,True,True,True,False,False,True,True,True,False,True,True,True,True,False,False,True,False,0.0,0.0,0.00021563342401618172,0.00021558693626664094,0.00043112740482406615,0.00043084877874589357,0.00021563342401618172,0.0010774702044448338,0.0012931036284609511,False,False,False,False,True,True,False,True,True,False,False,True,True,True,True,False,True,True,True,False,False,True,False
2024-02-14,2024-02-14 00:00:00+09:00,35370,35570,35250,35435,7163970,69500,35410.0,35925.0,35990.0,35680.0,35616.666666666664,1,False,35805.0,0.01044165373218564,0.01014165373218564,0.0,0.00047494657743897605,-0.00023750148550064686,0.0007123353025893683,-0.00023738872515040467,0.0007119971820897821,-0.00023750148550064686,0.0011869437595286225,0.0009494422740279568,False,True,False,True,False,True,False,True,True,False,True,False,True,False,True,False,True,True,False,True,False,True,True,0.0,0.00021822149568330413,0.0,-0.00043649062238192913,0.0004364906223820002,0.0,0.0,0.0,0.0,False,True,False,False,True,False,False,False,False,False,True,False,False,True,False,False,False,False,False,False,False,False,False
2024-02-15,2024-02-15 00:00:00+09:00,35805,35825,35360,35385,6137814,69500,35592.5,35435.0,35410.0,35410.0,35581.666666666664,0,False,35670.0,0.008054260279779513,0.007754260279779513,0.0,0.0,-0.00046992482067789525,0.00023499001400577107,0.00023499001400577107,0.00023493480667194965,-0.00046992482067789525,0.00046992482067777783,0.0,False,False,False,False,False,False,False,False,False,False,False,False,True,False,False,False,False,False,False,True,False,False,True,-0.00021623959431221222,0.0002163331538994737,0.00021628636398805665,0.0,0.0002163331538994737,0.00021628636398805665,-0.00021623959431221222,0.000432619517887276,-0.00021623959431221222,False,True,True,False,False,False,False,True,False,False,True,True,False,True,False,False,True,False,False,True,False,False,True
2024-02-16,2024-02-16 00:00:00+09:00,35670,35775,35480,35740,7035777,69500,35627.5,35385.0,35592.5,35562.5,35520.0,4,True,35845.0,0.0029378847229994953,0.0026378847229994954,0.0,0.0,-0.0004682744173605029,0.00023416461879619227,0.00023416461879619227,0.00023410979856417687,-0.0004682744173605029,0.0004682744173606188,0.0,False,False,False,False,False,False,False,False,False,False,False,False,True,False,False,False,False,False,False,True,False,False,True,-0.00021516944676878942,0.0004302926056064761,-0.00021512315883761898,0.0,0.0,0.00021512315883764763,0.0,0.00021512315883764763,0.00021512315883764763,False,True,False,False,False,False,False,False,False,False,True,False,False,False,False,False,False,False,False,False,False,True,False
2024-02-19,2024-02-19 00:00:00+09:00,35845,36375,35840,36300,6673013,69500,36107.5,35740.0,35627.5,36020.0,35808.333333333336,4,True,36200.0,-0.0027548209366391463,-0.003054820936639146,0.0002361553913442342,0.0,0.0,-0.00023615539134434258,0.00023626698278830427,0.00047236656523116997,0.0002361553913442342,0.0,0.0002361553913442342,True,False,True,False,False,True,True,False,False,True,False,False,False,False,True,True,False,False,False,False,False,False,False,0.000216052717703257,0.0,0.00021595940047226033,0.00021591277207923075,-0.0004318721725513779,0.000431872172551305,0.0006480181671847487,0.00021591277207923075,0.000863930939263878,True,False,False,False,False,True,True,False,True,True,False,True,True,False,True,True,False,True,True,False,False,False,False
2024-02-20,2024-02-20 00:00:00+09:00,36200,36220,35670,35875,6441149,69500,35945.0,36300.0,36107.5,36087.5,35971.666666666664,0,False,35855.0,-0.000557491289198575,-0.000857491289198575,-0.00023761435302480866,0.00047517225888138627,0.0,0.00047494657743897605,0.0004747211102681223,0.00047449585706380346,0.00023755790585654814,0.0014241635447712463,0.0016617214506277217,False,True,True,True,True,True,True,True,True,False,True,False,True,True,True,True,True,True,True,False,False,True,False,-0.00021675517587846585,0.0,-0.0002168021688708634,-0.00021675517587846585,0.000650124630115028,0.00021661431905336994,-0.0004335573447493602,0.0006499837732899861,0.0006499837732899861,False,False,False,False,True,False,False,True,True,False,False,False,False,True,False,False,True,True,False,True,False,True,True
2024-02-21,2024-02-21 00:00:00+09:00,35855,36110,35675,35795,6976327,69500,35892.5,35875.0,35945.0,35835.0,35990.0,0,False,36130.0,0.009358849001257052,0.009058849001257053,0.000717961021626564,0.0002392630708865802,0.0,0.00023914863201382434,-0.0004782400856334441,0.0,0.000717961021626564,0.0,0.0009571668593896947,True,True,True,False,False,False,True,False,True,True,True,False,True,False,False,True,False,True,False,False,False,False,False,0.00021774632639102778,0.0004353504639938795,-0.0004353504639939241,0.00021765154074385173,-0.0002176515407438367,0.00043525571960271564,0.00021774632639102778,0.00043525571960271564,0.000870700969243891,True,True,False,True,False,True,True,True,True,True,True,False,True,False,True,False,True,True,True,False,False,True,False
2024-02-22,2024-02-22 00:00:00+09:00,36130,36165,35845,35980,6463600,69500,36005.0,35795.0,35892.5,35887.5,35883.333333333336,3,True,36300.0,0.008893829905503026,0.008593829905503026,0.0,0.0,-0.00047192072607788816,-0.00023604390526209496,0.0,0.0007079646313400942,-0.00047192072607788816,0.0004719207260778209,0.0,False,False,False,False,False,True,False,False,False,False,False,False,False,False,True,False,False,False,False,True,False,False,True,0.0,0.00021558693626664094,-0.00043122036028279514,0.00021563342401618172,0.000646621425698859,0.00021544759320653566,-0.0002156334240161724,0.0010777024429215435,0.0008620690189053243,False,True,False,True,True,False,False,True,True,False,True,False,True,True,False,False,True,True,False,True,False,True,True
2024-02-23,2024-02-23 00:00:00+09:00,36300,36510,36040,36090,6739000,69500,36275.0,35980.0,36005.0,36035.0,35955.0,3,True,35875.0,-0.005957328899972247,-0.006257328899972247,-0.00023263929382579755,0.0,0.00023263929382583688,0.00023263929382583688,0.0,-0.00046533272128648166,0.0,-0.00023269342746061241,-0.00046533272128648166,False,False,True,False,False,False,False,False,False,False,False,True,False,False,False,False,False,False,False,False,False,False,False,0.0,0.0,0.0,0.00021256244101711238,0.00021256244101711238,-0.000850520995349491,0.0,-0.0006379585543322953,-0.0002126980758842991,False,False,False,False,False,False,False,False,False,False,False,False,True,False,False,False,False,False,False,False,False,False,False
2024-02-26,2024-02-26 00:00:00+09:00,35875,35960,35510,35800,5130714,69500,35735.0,36090.0,36275.0,35945.0,35956.666666666664,0,False,35815.0,0.00041899441340786936,0.00011899441340786939,0.0004676174974151005,-0.0002337814154423142,-0.00023383608197274743,0.0,-0.0007016723478157009,0.00046783626584301797,0.0,0.0,0.0,True,False,False,False,False,True,False,False,False,True,False,False,False,False,True,False,False,False,False,False,False,False,False,0.0,0.0,-0.00021296986556913568,0.0,-0.00021301523139451422,0.0002130152313944584,-0.00021296986556913568,0.0,-0.00021296986556913568,False,False,False,False,False,False,False,False,False,False,False,False,False,False,False,False,False,False,False,False,False,False,False
2024-02-27,2024-02-27 00:00:00+09:00,35815,35900,35455,35495,5199598,69500,35677.5,35800.0,35735.0,35647.5,35795.0,0,False,35585.0,0.002535568389913978,0.002235568389913978,-0.0002340002350680307,-0.0004681648025584362,0.00023410979856417687,-0.00023410979856425758,0.0,-0.0002341646187962756,-0.0004680552390621538,-0.0004682744173605029,-0.0009363296564226753,False,False,True,False,False,False,False,False,False,False,False,True,False,False,False,False,False,False,False,False,False,False,False,-0.0002137437220919905,-0.0004276245521652586,0.0002138351339271456,0.0,0.00021378941823801828,0.0,-0.00042753314033004203,0.00021378941823801828,-0.0002137437220919905,False,False,False,False,False,False,False,False,False,False,False,True,False,False,False,False,False,False,False,True,False,False,True
2024-02-28,2024-02-28 00:00:00+09:00,35585,36040,35495,35930,5641427,69500,35767.5,35495.0,35677.5,35712.5,35741.666666666664,4,True,35800.0,-0.003618146395769517,-0.003918146395769517,0.0,0.00023323615266072336,-0.00046652671711559714,-0.0002333450016421632,-0.00023339946424077968,0.0004667444658829387,-0.00023329056445478658,0.0,-0.00023329056445478658,False,True,False,False,False,True,False,False,False,False,True,False,False,False,True,False,False,False,False,False,False,False,False,0.00042643923887181374,-0.00042643923887174695,0.00042643923887181374,-0.000213196888132934,0.0,0.0,0.00042643923887181374,-0.000213196888132934,0.00021324235073867984,True,False,True,False,False,False,True,False,False,True,False,True,False,False,False,True,False,False,False,False,False,False,False
2024-02-29,2024-02-29 00:00:00+09:00,35800,35950,35610,35835,6145314,69500,35780.0,35930.0,35767.5,35882.5,35753.333333333336,3,True,36210.0,0.010464629552113802,0.010164629552113802,-0.00023438415670412767,0.00023432923364405752,0.0,0.0,0.0,-0.00023438415670412767,0.00023432923364405752,-0.00023438415670412767,-0.00023438415670412767,False,True,False,False,False,False,True,False,False,False,True,False,False,False,False,True,False,False,False,False,False,False,False,0.0002134243952183514,-0.00021342439521842709,-0.0002134699549145493,0.0002134699549145166,-0.0004269854889808135,0.0,-0.0002134699549145493,-0.00021351553406623143,-0.0004269854889808135,True,False,False,False,False,False,False,False,False,True,False,False,True,False,False,False,False,False,False,False,False,False,False
2024-03-04,2024-03-04 00:00:00+09:00,36210,36540,36150,36350,6037381,69500,36345.0,35835.0,35780.0,36092.5,36038.333333333336,4,True,36235.0,-0.0031636863823933936,-0.0034636863823933935,0.00022885913819995543,0.00022885913819995543,0.00022880677367869968,0.000457770664894863,0.0006867346040747782,-0.0002288591381999666,0.00045766591187864394,0.00022891152669490757,0.0,True,False,True,True,True,False,True,False,False,True,False,True,True,True,False,True,False,False,True,False,True,False,False,-0.00021103724885757384,0.0,0.0,-0.00021108179497899855,0.00021108179497904265,0.00021103724885753692,-0.00021103724885757384,0.00021103724885753692,0.0,False,False,False,False,False,False,False,False,False,False,False,False,False,False,False,False,False,False,False,True,False,False,True
2024-03-05,2024-03-05 00:00:00+09:00,36235,36545,36060,36060,5784831,69500,36302.5,36350.0,36345.0,36205.0,36081.666666666664,0,False,35880.0,-0.004991680532445919,-0.005291680532445919,0.0,-0.00023065390483994978,0.0,0.0,-0.000692440881677667,-0.00046168052528272374,-0.00046125462072401025,-0.000692440881677667,-0.0013844026207395688,False,False,False,False,False,False,False,False,False,False,False,False,False,False,False,False,False,False,False,False,False,False,False,-0.00021143884210289636,-0.0002114835579416008,0.00021148355794173263,-0.0002114835579416008,0.0,0.0,-0.00021143884210289636,-0.0002114835579416008,-0.00042292240004457434,False,False,True,False,False,False,False,False,False,False,False,False,False,False,False,False,False,False,False,False,False,False,False
2024-03-06,2024-03-06 00:00:00+09:00,35880,36015,35765,35930,5517887,69500,35890.0,36060.0,36302.5,35995.0,36113.333333333336,1,False,36070.0,0.0038964653492903345,0.0035964653492903346,0.00023339946424077618,-0.00023339946424077968,0.00023339946424077618,-0.00023345395226840796,0.0,0.0,0.00023339946424077618,-0.00023345395226840796,-0.00023345395226840796,True,False,True,False,False,False,True,False,False,True,False,True,False,False,False,True,False,False,False,False,False,False,False,0.00042589438463192436,-0.0002129245190627014,0.0,0.0002130152313944584,-0.00021301523139451422,-0.0006391818689972541,-0.00021301523139451422,-0.0004261666376027393,-0.0006391818689972541,True,False,False,False,False,False,False,False,False,True,False,False,True,False,False,False,False,False,False,False,False,False,False
2024-03-07,2024-03-07 00:00:00+09:00,36070,36200,35785,35955,4849264,69500,35992.5,35930.0,35890.0,35942.5,35981.666666666664,2,True,36385.0,0.011959393686552744,0.011659393686552744,-0.00023339946424077968,0.0,0.00023339946424077618,0.0,-0.00023339946424077968,0.0009332711829985259,0.0,0.0006998717187576492,0.0006998717187576492,False,False,True,False,False,True,False,True,True,False,False,True,False,False,True,False,True,True,False,False,False,True,False,-0.0004248990928595591,-0.0002125172678278208,0.00021251726782772765,0.00021247211383441816,-0.00021247211383452642,0.00042489909285961964,-0.0004248990928595591,0.00042489909285961964,0.0,False,False,True,False,False,True,False,True,False,False,False,True,True,False,True,False,True,False,False,True,False,False,True
2024-03-08,2024-03-08 00:00:00+09:00,36385,36615,36340,36480,7394314,69500,36477.5,35955.0,35992.5,36217.5,36121.666666666664,4,True,36270.0,-0.005756578947368474,-0.0060565789473684736,0.000458926120950481,-0.00022943673382739232,0.0,0.00022943673382738567,-0.0004589261209504452,0.000458926120950481,0.0002294893871231818,0.00022943673382738567,0.000458926120950481,True,False,False,False,False,False,False,False,True,True,False,False,False,False,True,True,False,True,True,False,False,False,False,-0.0002098856131117668,0.0,0.0,0.00020988561311175165,-0.0006297890414944063,0.0006297890414943985,-0.0002098856131117668,0.00020988561311175165,0.0,False,False,False,False,False,True,False,False,False,False,False,False,True,False,True,False,False,False,False,True,False,False,True
2024-03-11,2024-03-11 00:00:00+09:00,36270,36410,36130,36175,6073156,69500,36270.0,36480.0,36477.5,36327.5,36203.333333333336,0,False,36290.0,0.0031789910158950274,0.0028789910158950275,0.0007000350303377084,0.00046641791890339316,0.0006992192337086666,0.0006987306677667364,-0.00023291021416569773,-0.00023296447397156276,0.0018656721829496967,0.0,0.0018656721829496967,True,True,True,True,False,False,True,False,True,True,True,True,True,False,False,True,False,True,False,False,False,False,False,0.0004234596717947088,0.0,0.0006348534759834844,0.00021152829269784052,-0.0002115730463831787,0.00042310133908102915,0.0010583131477780545,0.00021152829269784052,0.001269841440475937,True,False,True,False,False,True,True,False,True,True,False,True,True,False,True,True,False,True,True,False,False,False,False
2024-03-12,2024-03-12 00:00:00+09:00,36290,36565,36110,36485,8134832,69500,36337.5,36175.0,36270.0,36330.0,36380.0,4,True,36625.0,0.0038371933671372815,0.0035371933671372816,0.0006964596915296963,0.00046425256172750426,0.00046425256172750426,-0.00023209933955880765,-0.00046425256172739904,0.00046436035197086546,0.0006964596915296963,-0.00023209933955880765,0.00046436035197086546,True,True,True,False,False,False,True,False,False,True,True,True,False,False,True,True,False,True,False,False,False,False,False,0.00042158516644644336,0.0002107703664668275,0.0002107703664668275,-0.0002107703664669008,-0.00021085925223087568,0.0,0.00042158516644644336,-0.0006324444186774647,-0.00021085925223087568,True,True,False,False,False,False,True,False,False,True,True,False,False,False,False,True,False,False,False,False,False,False,False
2024-03-13,2024-03-13 00:00:00+09:00,36625,36805,36490,36655,8736002,69500,36647.5,36485.0,36337.5,36570.0,36438.333333333336,4,True,36695.0,0.00109125630882545,0.0007912563088254502,0.0,-0.0004602992026035646,0.0,-0.0004600874247251587,-0.00023007017241713956,-0.0004602992026035646,0.0004601932892996799,-0.0009203866273286727,-0.00023017608572105768,False,False,False,False,False,False,True,False,False,False,False,False,False,False,False,True,False,False,False,False,False,False,False,0.0,0.0,0.00020922690734352038,0.0002092706924032833,-0.00041858518819641225,0.0,0.00020922690734352038,-0.00020931449579301886,-0.00041858518819641225,False,False,False,False,False,False,True,False,False,False,False,False,False,False,False,False,False,False,False,False,False,False,False
2024-03-14,2024-03-14 00:00:00+09:00,36695,37020,36695,36985,9555540,69500,36857.5,36655.0,36647.5,36820.0,36708.333333333336,4,True,36685.0,-0.008111396512099467,-0.008411396512099467,0.00023150827745497453,0.0,0.00023150827745497453,-0.00023145469377711835,0.0004628558286752124,0.000231347600800556,0.00023150827745497453,0.0004627487356985036,0.0009257117069306075,False,False,True,False,True,False,False,True,True,True,False,True,False,True,False,False,False,True,True,False,False,True,False,0.0002094460160553125,0.0,0.0,0.0,0.00020940215760731996,0.0,0.0002094460160553125,0.00020940215760731996,0.00041884817366257844,False,False,False,False,False,False,True,False,True,True,False,False,False,False,False,False,False,True,True,False,False,False,False
2024-03-15,2024-03-15 00:00:00+09:00,36685,36770,36290,36290,6009649,69500,36530.0,36985.0,36857.5,36637.5,36643.333333333336,0,False,36405.0,0.003168917057040588,0.002868917057040588,0.0,0.0,0.000934142991796922,0.0004670714704248801,0.000933924886934076,-0.0011675424560377012,0.0002334539522684674,-0.00023361756910363722,-0.0007006890395284559,False,False,True,True,True,False,False,False,False,False,False,True,True,True,False,True,False,False,False,False,False,False,False,-0.00042096401379397466,-0.0004211412991282786,0.0006316454573625858,0.0,-0.00021050415823445882,0.00021050415823439662,-0.0002104598555595372,0.0,-0.0002104598555595372,False,False,True,False,False,False,False,False,False,False,False,True,False,False,False,False,False,False,False,False,False,False,False
2024-03-18,2024-03-18 00:00:00+09:00,36405,36530,36210,36520,5967833,69500,36370.0,36290.0,36530.0,36405.0,36598.333333333336,2,True,36235.0,-0.007803943044906947,-0.008103943044906947,0.0004683840835044667,0.0,0.0004682744173606188,0.00023405500399416936,-0.00023405500399417396,-0.00023405500399417396,0.000702493882068753,0.0,0.000702493882068753,True,False,True,True,False,False,True,False,True,True,False,True,True,False,False,True,False,True,False,False,False,False,False,0.0,0.00021108179497904265,0.0,0.0,0.00021103724885753692,0.00021099272153392713,0.00021108179497904265,0.00042202997039142713,0.000633111765370336,False,True,False,False,True,False,True,True,True,False,True,False,False,False,False,True,True,True,True,False,False,True,False
2024-03-19,2024-03-19 00:00:00+09:00,36235,36235,35885,36085,7383566,69500,36060.0,36520.0,36370.0,36302.5,36298.333333333336,0,False,36360.0,0.007620895108771064,0.007320895108771064,0.0,0.0004676174974151005,0.00046739893349154784,-0.0004676174974151025,0.0,0.0,0.0009350164309066464,-0.0004676174974151025,0.0,False,True,True,False,False,False,True,False,False,False,True,True,False,False,False,True,False,False,False,False,False,False,False,0.0,0.00021063717824060425,0.00042114129912818195,-0.0008424600329779902,0.0,0.00042131873384983496,0.0006317784773688136,-0.0004211412991282786,0.00021063717824060425,False,True,True,False,False,True,True,False,False,False,True,True,False,False,True,True,False,False,False,False,False,False,False
2024-03-20,2024-03-20 00:00:00+09:00,36360,36740,36360,36720,4822500,69500,36550.0,36085.0,36060.0,36402.5,36441.666666666664,4,True,37315.0,0.01620370370370372,0.01590370370370372,-0.0004662004746442981,0.0009321837076801877,-0.00023296447397156276,0.0,0.0002329644739716103,0.0,0.00023301875906446757,0.0002329644739716103,0.00046598323303583667,False,True,False,False,True,False,False,True,True,False,True,False,False,False,False,False,False,False,True,False,False,False,False,0.0,0.0,0.00041884817366257844,-0.0004188481736625661,0.0002094460160553125,0.0,0.00041884817366257844,-0.0002094021576074263,0.0002094460160553125,False,False,True,False,True,False,True,False,False,False,False,True,False,False,False,True,False,False,False,False,False,False,False
2024-03-21,2024-03-21 00:00:00+09:00,37315,37785,37295,37715,9692134,69500,37540.0,36720.0,36550.0,37217.5,36840.0,4,True,37710.0,-0.00013257324671878123,-0.0004325732467187812,0.0006859494952856754,0.0006856359541821666,-0.00022849308907821488,0.00022849308907816983,0.000685322699581121,0.00045662101250014517,0.0009144948053879489,0.0011419437120813803,0.002056438517469213,True,True,False,False,True,True,True,True,True,True,True,False,False,True,True,True,True,True,True,False,True,True,False,0.0004132231463758046,-0.00020659022901692162,0.0,0.00020659022901696038,0.00020654755830950688,0.0,0.00020663291735883803,0.000413137787326395,0.0006197707046852454,True,False,False,False,False,False,False,True,True,True,False,False,True,False,False,False,True,True,True,False,False,True,False
2024-03-22,2024-03-22 00:00:00+09:00,37710,37910,37450,37605,6003798,69500,37680.0,37715.0,37540.0,37660.0,37346.666666666664,2,True,37755.0,0.00398883127243721,0.00368883127243721,0.0,0.000457770664894863,-0.0002288591381999666,0.0,0.0,-0.0009157509797466719,-0.0002288591381999666,-0.0006868918415466718,-0.0009157509797466719,False,True,False,False,False,False,False,False,False,False,True,False,False,False,False,False,False,False,False,False,False,False,False,-0.00041356493558851405,0.00020680384728854773,0.0,0.0,0.0004135649355884131,0.0,0.0,0.0004135649355884131,0.0,False,True,False,False,True,False,False,True,False,False,True,False,False,True,False,False,True,False,False,False,False,False,False
2024-03-25,2024-03-25 00:00:00+09:00,37755,37895,37375,37455,4720635,69500,37635.0,37605.0,37680.0,37530.0,37591.666666666664,0,False,37770.0,0.008410092110532563,0.008110092110532563,0.00022912132074104347,0.00022912132074104347,-0.00022912132074114135,-0.0009165903483148773,-0.00022927891880787445,0.00022927891880799577,0.0,-0.0009165903483148773,-0.0004584001913870953,False,False,False,False,False,False,False,False,False,True,False,False,False,False,False,False,False,False,False,False,False,False,False,0.0,0.00020740433549399593,-0.00020740433549410543,-0.0006224712308055695,-0.00020753346551611557,0.0,0.0,-0.0006224712308055695,-0.0006224712308055695,False,True,False,False,False,False,False,False,False,False,True,False,False,False,False,False,False,False,False,False,False,False,False
2024-03-26,2024-03-26 00:00:00+09:00,37770,38210,37740,37825,6553288,69500,37975.0,37455.0,37635.0,37640.0,37628.333333333336,4,True,37630.0,-0.005155320555188414,-0.005455320555188414,-0.000458505280843158,0.00045850528084308967,0.0,-0.000687836780529604,-0.00022927891880787445,0.00022917382935172206,0.0,0.00022917382935172206,0.00022917382935172206,False,True,False,False,False,False,False,True,False,False,True,False,False,False,False,False,False,False,False,False,False,True,False,0.00020749040431318157,0.0,0.00020749040431318157,-0.00041502386982931344,0.0004150238698293906,0.0,0.00020749040431318157,0.0,0.00020749040431318157,False,False,False,False,True,False,False,False,False,True,False,False,False,True,False,False,False,False,False,False,False,False,False
2024-03-27,2024-03-27 00:00:00+09:00,37630,37950,37595,37845,5449895,69500,37772.5,37825.0,37975.0,37835.0,37708.333333333336,3,True,37830.0,-0.00039635354736422546,-0.0006963535473642254,0.0,0.000688310225638,-0.0006883102256378686,-0.00022959476624787546,0.0,0.0,0.0,0.0,-0.000229542064591024,False,True,False,False,False,False,False,False,False,False,True,False,False,False,False,False,False,False,False,False,False,False,False,0.0,0.00041511001011184235,-0.0006226004144251962,-0.00041519618615967237,0.00020761964156377707,0.00020757654459582843,0.0,0.0,0.00020757654459582843,False,True,False,False,False,False,False,False,False,False,True,False,False,False,False,False,False,False,False,False,False,False,False
2024-03-28,2024-03-28 00:00:00+09:00,37830,38020,37730,37825,4745970,69500,37875.0,37845.0,37772.5,37835.0,37831.666666666664,1,False,37990.0,0.004362194315928658,0.004062194315928658,0.00022975301651899542,0.000229700242195288,-0.00045945325871423614,-0.00022970024219517676,-0.00022970024219517676,-0.00022975301651894856,0.0,-0.00045945325871423614,0.0,False,False,False,False,False,False,False,False,False,True,False,False,False,False,False,False,False,False,False,False,False,False,False,0.00041339397033536383,0.00020663291735883803,0.0,0.0,-0.0004133085407048146,0.0,0.0006200268876942083,-0.0004133085407048146,0.00020671834698936852,True,True,False,False,False,False,True,False,False,True,True,False,False,False,False,True,False,False,False,False,False,False,False
2024-03-29,2024-03-29 00:00:00+09:00,37990,38100,37765,37950,5014519,69500,37932.5,37825.0,37875.0,37887.5,37873.333333333336,3,True,38305.0,0.009354413702239883,0.009054413702239883,0.0,0.0,0.0027497725850705763,-0.0011458692671227498,0.003205130948948331,-0.002517451838753343,0.0027497725850705763,-0.0004581901569277868,0.0013758314483963265,False,False,True,False,True,False,True,False,True,False,False,True,False,True,False,True,False,True,False,False,False,False,False,0.00020590960641071095,0.0,0.0006174745487945271,0.0,0.0,0.0,0.0008233841552053568,0.0,0.0008233841552053568,False,False,True,False,False,False,True,False,True,True,False,True,False,False,False,True,False,True,False,False,False,False,False
2024-04-01,2024-04-01 00:00:00+09:00,38305,38345,37970,37975,3538372,69500,38157.5,37950.0,37932.5,37962.5,37916.666666666664,3,True,37950.0,-0.0006583278472679366,-0.0009583278472679365,-0.0006859494952856278,0.0,-0.00045735194028399226,0.0004573519402840779,-0.00022864982379250832,0.00022864982379265105,-0.0006859494952856278,0.0004573519402840779,-0.00022859755500169261,False,False,False,True,False,False,False,True,False,False,False,False,True,False,False,False,False,False,False,True,False,False,True,-0.00020578248863647409,0.00020578248863649997,-0.00020578248863647409,0.00020578248863649997,0.0,0.00020574015091605674,-0.00020578248863647409,0.0004115226395525826,0.00020574015091605674,False,False,False,True,False,False,False,True,False,False,True,False,True,False,False,False,True,False,False,True,False,True,True
2024-04-02,2024-04-02 00:00:00+09:00,37950,38255,37860,38080,6365867,69500,38057.5,37975.0,38157.5,38027.5,38001.666666666664,3,True,37850.0,-0.006039915966386533,-0.006339915966386533,0.0002300701724171145,0.0004600874247250982,0.00045998160884636464,0.0006898930939376467,0.0006897344795801126,0.0004595588316175123,0.0006900517812634291,0.001379310563505569,0.0016093807359225333,False,True,True,True,True,True,True,True,True,True,True,True,True,True,True,True,True,True,True,False,True,True,False,-0.00020727536606496218,-0.0002073183380495361,0.00020731833804949048,0.0004145077779557531,0.0,0.0004144218874066633,-0.00020727536606496218,0.0006216972534715411,0.0004144218874066633,False,False,False,True,False,True,False,True,True,False,False,False,True,False,True,False,True,True,False,True,False,True,True
2024-04-03,2024-04-03 00:00:00+09:00,37850,37870,37490,37505,7079000,69500,37680.0,38080.0,38057.5,37792.5,37853.333333333336,0,False,37925.0,0.01119850686575119,0.01089850686575119,-0.00046457608268801807,-0.00023236900302070086,-0.00023242301092431844,0.00046500814602166616,0.0013950246391645131,-0.00023236900302070086,-0.0009293680966330249,0.0006974311569458821,-0.0006969450857087361,False,False,False,True,True,False,False,True,False,False,False,False,True,True,False,False,True,False,False,True,False,False,True,-0.0002087464781611951,-0.00041762372709714903,-0.0004177982095451619,0.0,0.00041779820954523407,0.00020883366474566646,-0.0010441684148034377,0.0006266318742907701,-0.0004175365405127395,False,False,False,False,True,False,False,True,False,False,False,False,False,True,False,False,True,False,False,True,False,False,True
2024-04-04,2024-04-04 00:00:00+09:00,37925,38085,37855,38040,5544692,69500,37970.0,37505.0,37680.0,37772.5,37875.0,4,True,37675.0,-0.00959516298633023,-0.00989516298633023,0.00023038820514295724,-0.0002303882051429571,0.0,-0.0006914832590842669,0.00023054755145350794,0.0,0.0,-0.0004609357076308659,-0.0004609357076308659,True,False,False,False,False,False,False,False,False,True,False,False,False,False,False,False,False,False,False,False,False,False,False,0.0,0.0,0.0,-0.00020770588920868545,0.0,0.0,0.0,-0.00020770588920868545,-0.00020770588920868545,False,False,False,False,False,False,False,False,False,False,False,False,False,False,False,False,False,False,False,False,False,False,False
2024-04-05,2024-04-05 00:00:00+09:00,37675,37905,37505,37650,6309280,69500,37705.0,38040.0,37970.0,37845.0,37731.666666666664,0,False,37730.0,0.002124833997343867,0.0018248339973438669,0.00023449408009894773,0.0,-0.00023449408009900468,0.0009376465759634323,-0.0009376465759635034,0.00046893318561547833,0.0,0.00046893318561547833,0.00046893318561547833,True,False,False,True,False,True,False,True,True,True,False,False,True,False,True,False,True,True,False,False,False,True,False,0.00042122999780377403,0.0,0.0,0.0008419280648874844,-0.00021041557152859153,0.0,0.00042122999780377403,0.0006315124933591015,0.0010527424911627485,True,False,False,True,False,False,True,True,True,True,False,False,True,False,False,True,True,True,True,False,False,True,False
2024-04-08,2024-04-08 00:00:00+09:00,37730,37895,37625,37810,5115111,69500,37760.0,37650.0,37705.0,37730.0,37833.333333333336,3,True,38000.0,0.005025125628140614,0.004725125628140614,0.00023204548195556745,-0.00023204548195546447,0.0,0.001160227534722594,-0.00046414482151428015,0.00023209933955874233,0.0,0.00046425256172750426,0.0,True,False,False,True,False,True,False,True,False,True,False,False,True,False,False,False,False,False,False,False,False,False,False,-0.0006262394526759663,-0.0002088336647456112,0.00020883366474566646,0.0006262394526759555,-0.0010439504027763,0.0004177109501002668,-0.0006262394526759663,0.0,-0.0006262394526759663,False,False,False,True,False,True,False,False,False,False,False,False,True,False,True,False,False,False,False,False,False,False,False
2024-04-09,2024-04-09 00:00:00+09:00,38000,38085,37520,37575,5176282,69500,37802.5,37810.0,37760.0,37692.5,37678.333333333336,0,False,36980.0,-0.01583499667332,-0.016134996673320003,-0.00023188405901007769,0.00023188405900995943,-0.00023193784169848254,0.0,0.0,0.00046371436026864266,-0.00046382190070856747,0.00046371436026864266,0.00023183030125857948,False,False,False,False,False,True,False,True,False,False,False,False,False,False,True,False,False,False,False,True,False,True,True,-0.0004170141845253641,0.0002085288298662902,0.0,-0.00020852882986626195,0.0,0.00041701418452537155,-0.0004170141845253641,0.00020848535465905314,0.0,False,True,False,False,False,True,False,False,False,False,True,False,False,False,True,False,False,False,False,True,False,False,True
2024-04-11,2024-04-11 00:00:00+09:00,36980,37725,36915,37560,8686248,69500,37320.0,37575.0,37802.5,37567.5,37648.333333333336,1,False,37565.0,0.00013312034078816204,-0.00016687965921183793,0.0002331817662426024,0.0,0.0,-0.0004664179189033846,-0.00023329056445478658,0.0009328358885403278,0.0002331817662426024,0.00023312740518220833,0.0004663091714246367,True,False,False,False,False,True,False,False,True,True,False,False,False,False,True,True,False,True,True,False,False,False,False,-0.0002103713061298485,0.00021037130612970472,-0.0002103713061298485,-0.00021041557152859153,0.0,0.000420786877658389,-0.0002103713061298485,0.00021037130612970472,0.0,False,True,False,False,False,True,False,False,False,False,True,False,False,False,True,False,False,False,False,True,False,False,True
2024-04-12,2024-04-12 00:00:00+09:00,37565,37615,37160,37195,7688584,69500,37387.5,37560.0,37320.0,37377.5,37443.333333333336,0,False,36940.0,-0.006855760182820303,-0.007155760182820303,0.000229700242195288,-0.00022970024219517676,0.0,0.000229700242195288,0.0002296474921104986,0.0006886262179619789,0.0,0.001147973952267589,0.001147973952267589,False,False,False,False,False,True,False,True,True,False,False,False,False,False,True,False,True,True,False,False,False,True,False,0.0,0.0,0.00020892092419033472,-0.00041788550545443346,0.00020892092419033472,0.0,0.0,0.0,0.0,False,False,True,False,True,False,False,False,False,False,False,False,False,False,False,False,False,False,False,False,False,False,False
2024-04-15,2024-04-15 00:00:00+09:00,36940,37045,36575,37030,8579198,69500,36810.0,37195.0,37387.5,37112.5,37261.666666666664,1,False,36565.0,-0.012557385903321672,-0.012857385903321672,-0.0006975933313938473,0.00023258518537216323,0.0006974311569458821,0.0,0.00046500814602166616,0.0009293680966330201,0.00023242301092417651,0.0009293680966330201,0.0009293680966330201,False,False,True,False,True,True,False,True,True,False,True,True,False,True,True,False,True,True,True,False,False,True,False,-0.0004224757139306855,0.00021126016768129044,0.0006335128498225626,-0.0006335128498225887,0.0004223864899123089,0.0008442381252804908,0.0004222973035732149,0.000633111765370336,0.0010554090689434672,False,True,True,False,True,True,True,True,True,False,True,True,False,True,True,True,True,True,True,False,False,True,False
2024-04-16,2024-04-16 00:00:00+09:00,36565,36670,35995,36175,10000036,69500,36332.5,37030.0,36810.0,36602.5,36800.0,0,False,36250.0,0.0020732550103663705,0.0017732550103663706,-0.00023738872515040467,0.0,-0.00023744509193829663,0.0,-0.00023750148550064686,-0.00023755790585644923,-0.00047483381708874256,-0.0004750593913570923,-0.0009498932084458674,False,False,False,False,False,False,False,False,False,False,False,False,False,False,False,False,False,False,False,False,False,False,False,0.0,0.0,-0.00021470746190913674,-0.00042955327120974954,-0.00021484584893041744,0.0,-0.00021470746190913674,-0.0006443991201402002,-0.00085910658204921,False,False,False,False,False,False,False,False,False,False,False,False,False,False,False,False,False,False,False,False,False,False,False
2024-04-17,2024-04-17 00:00:00+09:00,36250,36355,35780,35780,7809241,69500,36067.5,36175.0,36332.5,35977.5,36328.333333333336,0,False,35875.0,0.0026551145891560157,0.002355114589156016,-0.0009480920359388988,-0.0011863804926937637,-0.0019006895719681448,-0.0019043090734575162,-0.00047664443228434376,0.0014292522680755082,-0.0037977733754503648,-0.0009517012376664004,-0.004749474613116633,False,False,False,False,False,True,False,False,False,False,False,False,False,False,True,False,False,False,False,False,False,False,False,-0.000429645549036708,-0.0006448146381400675,-0.0010756158937425299,-0.002370435330398896,0.0,0.001078167220345445,-0.0021500760809192924,-0.0012922681100535178,-0.00344234419097279,False,False,False,False,False,True,False,False,False,False,False,False,False,False,True,False,False,False,False,False,False,False,False
2024-04-18,2024-04-18 00:00:00+09:00,35875,36475,35820,36405,6719354,69500,36147.5,35780.0,36067.5,36092.5,36120.0,4,True,35845.0,-0.015382502403516018,-0.01568250240351602,0.0007174459233963593,0.00023903430256047535,-0.0002390343025604018,0.0009557945769449669,-0.00023886301319827564,0.00047766898448252685,0.0007174459233963593,0.0011946005482289614,0.0019120464716254415,True,True,False,True,False,True,True,True,True,True,True,False,True,False,True,True,True,True,True,False,False,True,False,0.000431220360282943,0.00021554046855724968,-0.000646621425698848,0.000646621425698859,0.00043084877874589357,-0.0004308487787458567,0.00021563342401618172,0.000646621425698859,0.0008622548497149578,True,True,False,True,True,False,True,True,True,True,True,False,True,True,False,True,True,True,True,False,False,True,False
2024-04-19,2024-04-19 00:00:00+09:00,35845,35955,35175,35720,17572130,69500,35565.0,36405.0,36147.5,36062.5,35968.333333333336,0,False,36025.0,0.008538633818589103,0.008238633818589103,-0.00097656257761017,0.0007325113256361956,-0.00024411082752736184,0.0002441108275273627,0.0017071093037343806,0.0,-0.00048816207950132343,0.0019512201312617493,0.0014630580517603152,False,True,False,True,True,False,False,True,True,False,True,False,True,True,False,False,True,True,False,True,False,True,True,-0.0010934938213713295,0.0010934938213712896,0.0,-0.0002186031268952673,0.001092538074369002,-0.0004368720034533619,0.0,0.0004370629440204506,0.0004370629440204506,False,True,False,False,True,False,False,True,True,False,True,False,False,True,False,False,True,True,False,False,False,True,False
2024-04-22,2024-04-22 00:00:00+09:00,36025,36290,35880,36200,8495605,69500,36085.0,35720.0,35565.0,35960.0,36108.333333333336,4,True,36280.0,0.0022099447513812542,0.0019099447513812543,0.0004911591454336363,-0.0002455494180539527,0.0004909180265505915,0.0007359254594374421,0.0,0.0,0.000982077171984251,0.0007359254594374421,0.001718002631421709,True,False,True,True,False,False,True,True,True,True,False,True,True,False,False,True,True,True,True,False,False,False,False,0.00021807872728456766,0.0,0.00021807872728456766,0.0010896808313722204,0.0,0.00021779375018038958,0.00021807872728456766,0.0013074745815525484,0.0015255533088371917,True,False,True,True,False,True,True,True,True,True,False,True,True,False,True,True,True,True,True,False,False,True,False
2024-04-23,2024-04-23 00:00:00+09:00,36280,36365,36075,36160,5182915,69500,36220.0,36200.0,36085.0,36180.0,36026.666666666664,2,True,36650.0,0.013550884955752185,0.013250884955752185,0.0,0.0,0.00024482800954703075,0.0004894762701741189,-0.00024470818670990004,0.0,0.00024482800954703075,0.0002447680834640325,0.000489596093011087,False,False,True,True,False,False,True,False,False,False,False,True,True,False,False,True,False,True,True,False,False,False,False,-0.0004342162465098006,0.00043412199509660965,0.00021699034478105822,-0.0006511123398777619,0.0,0.00021708455528644815,0.0004340277845912236,-0.00043402778459125326,0.0,False,True,True,False,False,False,True,False,False,False,True,True,False,False,True,True,False,False,False,False,False,False,False
2024-04-24,2024-04-24 00:00:00+09:00,36650,36940,36650,36825,6215061,69500,36795.0,36160.0,36220.0,36492.5,36395.0,4,True,36375.0,-0.012219959266802416,-0.012519959266802416,-0.00023914863201387654,0.00047824008563331695,0.00023903430256047535,-0.0007172743881938097,0.00023914863201382434,0.00023909145361954476,0.00047812575617995327,-0.0002390343025604018,0.00023909145361954476,False,True,True,False,True,False,True,False,False,False,True,True,False,True,True,True,False,False,False,False,False,False,False,0.0,0.0,0.0002135155340662167,-0.0004270766667519373,-0.0002136067507854794,0.00021360675078549438,0.0002135155340662167,-0.0004270766667519373,-0.00021356113268569115,False,False,True,False,False,False,False,False,False,False,False,True,False,False,False,True,False,False,False,False,False,False,False
2024-04-25,2024-04-25 00:00:00+09:00,36375,36510,36190,36190,2622964,69500,36350.0,36825.0,36795.0,36507.5,36391.666666666664,0,False,36570.0,0.010500138159712735,0.010200138159712735,0.00048661801446856266,0.0,-0.001216989318999494,0.0009737099114014389,0.0004867364418315467,-0.0007301935337216764,-0.0007303713045308415,0.00024351637767970662,-0.00048685492685118955,True,False,False,True,True,False,False,False,False,True,False,False,True,True,False,False,False,False,False,True,False,False,True,0.000431872172551305,0.00021586616381712772,-0.0006477383363686425,0.00021595940047226033,-0.0004319654494814727,0.0,0.0,-0.00021600604900917305,-0.00021600604900917305,True,True,False,True,False,False,False,False,False,True,True,False,True,False,False,False,False,False,False,False,False,False,False
2024-04-26,2024-04-26 00:00:00+09:00,36570,36720,36360,36605,4275438,69500,36540.0,36190.0,36350.0,36397.5,36540.0,4,True,36465.0,-0.003824614123753567,-0.004124614123753567,0.0,0.0002386350088880873,0.0,0.0004770992456911782,0.0,0.0,0.0002386350088880873,0.0004770992456911782,0.0007157342545792204,False,True,False,False,False,False,True,False,False,False,True,False,True,False,False,True,True,True,True,False,False,True,False,0.0,0.0004268943501330573,0.0,0.0,0.0,0.0,0.0004268943501330573,0.0,0.0004268943501330573,False,True,False,False,False,False,True,False,True,False,True,False,False,False,False,True,False,True,False,False,False,False,False
2024-04-29,2024-04-29 00:00:00+09:00,36465,36550,36310,36520,3692589,69500,36430.0,36605.0,36540.0,36562.5,36438.333333333336,2,True,36540.0,0.0005476451259582849,0.0002476451259582849,-0.00023677045215383347,0.00047348485733055446,0.0,-0.00023671440517681225,-0.0004735969778314957,0.00023682652567761752,0.00023671440517682667,-0.00047348485733063133,-0.00023677045215383347,False,True,False,False,False,False,False,False,False,False,True,False,False,False,False,True,False,False,False,False,False,False,False,-0.0002126980758842991,0.0002126980758842348,0.0,-0.0004254414018648621,0.0,0.0,0.0,-0.0004254414018648621,-0.0004254414018648621,False,True,False,False,False,False,False,False,False,False,True,False,False,False,False,False,False,False,False,False,False,False,False
2024-04-30,2024-04-30 00:00:00+09:00,36540,36865,36455,36650,5097163,69500,36660.0,36520.0,36430.0,36585.0,36591.666666666664,4,True,36355.0,-0.00804911323328783,-0.00834911323328783,-0.00047438331060401656,0.0004743833106039834,0.0009487666745855683,0.0011852555613005248,0.0004738213782084904,0.0,0.00023710729215998297,0.0014221381870677026,0.0011849746617059716,False,True,True,True,True,False,True,True,True,False,True,True,True,True,False,True,True,True,True,False,False,True,False,-0.0008521517345662404,-0.0004263483330410213,0.00042634833304102104,0.0004261666376027306,0.0,0.0,-0.0008521517345662404,0.0004261666376027306,-0.00042598509696352606,False,False,True,True,False,False,False,False,False,False,False,True,True,False,False,False,True,False,False,True,False,False,True
2024-05-02,2024-05-02 00:00:00+09:00,36355,36615,36335,36515,3981801,69500,36475.0,36650.0,36660.0,36582.5,36561.666666666664,1,False,36900.0,0.01054361221415867,0.01024361221415867,0.0,0.00048332528732079687,-0.00024163344324407544,-0.000725250847696635,0.00048344211722337494,0.00024163344324413296,0.0,0.00024163344324413296,0.00024163344324413296,False,True,False,False,True,False,False,False,False,False,True,False,False,True,True,False,False,False,False,False,False,True,False,-0.00021577300763397328,0.00021577300763398727,-0.00021577300763397328,-0.000647458747124349,0.0,0.0008631852068110852,-0.00021577300763397328,0.00021572645968675986,0.00021572645968675986,False,True,False,False,False,True,False,False,False,False,True,False,False,False,True,False,False,True,False,True,False,True,True
2024-05-03,2024-05-03 00:00:00+09:00,36900,36920,36470,36485,6246363,69500,36695.0,36515.0,36475.0,36500.0,36550.0,1,False,37075.0,0.016171029190078068,0.015871029190078066,-0.0004778972611861961,0.00023897717881686352,-0.00023897717881691974,-0.0007172743881938097,0.00047812575617995327,0.0,-0.0004778972611861961,0.0,-0.0004778972611861961,False,True,False,False,True,False,False,False,False,False,True,False,False,True,False,False,False,False,False,False,False,False,False,0.00021443122200735844,0.00021438525111596685,0.00021429336844043412,-0.0006432936857417076,0.0,-0.00021452322296148412,0.0008574491414948393,-0.0008578169087032617,-0.0004290004355799596,True,True,True,False,False,False,True,False,False,True,True,True,False,False,False,True,False,False,False,False,False,False,False
2024-05-07,2024-05-07 00:00:00+09:00,37075,37370,37075,37330,4327481,69500,37222.5,36485.0,36695.0,36907.5,36776.666666666664,4,True,37310.0,-0.0005357621216179886,-0.0008357621216179886,-0.00023318176624255452,0.0,0.0,0.0004663091714246367,0.0,-0.00023312740518215537,-0.00023318176624255452,0.0002331817662426024,0.0,False,False,False,False,False,False,False,False,False,False,False,False,True,False,False,False,False,False,False,True,False,False,True,0.0,-0.00021015025820744017,0.0,-0.00021019443062154756,0.0,0.0004203446888288977,-0.00021015025820744017,0.00021015025820751606,0.0,False,False,False,False,False,True,False,False,False,False,False,False,False,False,True,False,False,False,False,True,False,False,True
2024-05-08,2024-05-08 00:00:00+09:00,37310,37495,37260,37460,5577808,69500,37377.5,37330.0,37222.5,37395.0,37091.666666666664,4,True,37480.0,0.0005339028296849069,0.0002339028296849069,0.0004667444658829387,0.0,0.00023329056445477045,0.0,-0.0002333450016421632,0.0004666355660969392,0.0007000350303377084,0.0,0.0007000350303377084,True,False,True,False,False,True,True,False,False,True,False,True,False,False,True,True,False,True,False,False,False,False,False,0.0004200798213424005,0.0,0.00020997375405237516,0.00020992967433038003,-0.00041990342838260923,0.0004199034283825603,0.0006300535753947003,0.00020992967433038003,0.0008399832497250321,True,False,True,True,False,True,True,False,True,True,False,True,True,False,True,True,False,True,True,False,False,False,False
2024-05-09,2024-05-09 00:00:00+09:00,37480,37515,36980,37040,4485528,69500,37247.5,37460.0,37377.5,37250.0,37276.666666666664,0,False,37360.0,0.008639308855291628,0.008339308855291628,0.0,0.00023372677446579297,0.0,-0.00023367215902558652,-0.00046750818990822364,0.00023378141544238431,0.00023372677446579297,-0.0004673989334915442,0.0,False,False,False,False,False,False,False,False,False,False,False,False,False,False,False,False,False,False,False,False,False,False,False,0.0,0.00021019443062146457,0.0,-0.00021019443062154756,-0.00021023862160899105,-0.00021023862160899105,0.00021019443062146457,-0.00042043305223051056,-0.00021023862160899105,False,False,False,False,False,False,False,False,False,False,True,False,False,False,False,True,False,False,False,False,False,False,False
2024-05-10,2024-05-10 00:00:00+09:00,37360,37490,37150,37230,5938367,69500,37320.0,37040.0,37247.5,37135.0,37243.333333333336,1,False,37335.0,0.0028203062046736616,0.0025203062046736616,0.0,0.0,-0.00023269342746061241,-0.00023274758629451568,0.0,0.0006979179066586421,-0.00023269342746061241,0.0006979179066586421,0.0004652244791979285,False,False,False,False,False,True,False,True,False,False,False,False,False,False,True,False,True,False,False,True,False,True,True,0.00020861583469841826,0.0,-0.00020861583469835703,0.0,0.0,0.0006257169877736779,0.0,0.0006257169877736779,0.0006257169877736779,True,False,False,True,False,True,False,True,True,True,False,False,False,False,True,False,True,True,False,False,False,True,False
2024-05-13,2024-05-13 00:00:00+09:00,37335,37425,36995,37160,5686980,69500,37210.0,37230.0,37320.0,37195.0,37143.333333333336,1,False,37260.0,0.0026910656620020568,0.002391065662002057,0.0,0.0002317765684265922,0.0,0.0,-0.00023177656842658046,-0.0002318303012585158,0.0002317765684265922,-0.0004636068696851956,-0.0002318303012585158,False,False,False,False,False,False,False,False,False,False,False,False,False,False,False,False,False,False,False,False,False,False,False,0.0,0.0004166666726949109,-0.00041666667269485387,0.0004166666726949109,-0.00020831163495801155,0.00041657988521629787,0.0,0.0006249349229529065,0.0006249349229529065,False,True,False,True,False,False,False,True,True,False,True,False,True,False,True,False,True,True,False,False,False,True,False
2024-05-14,2024-05-14 00:00:00+09:00,37260,37290,37115,37235,6314959,69500,37202.5,37160.0,37210.0,37197.5,37208.333333333336,3,True,37870.0,0.017053847186786708,0.016753847186786706,-0.00023209933955880765,0.00046414482151435545,0.0,0.00023199164934125296,0.0,0.00023193784169848742,0.00023204548195556745,0.0004639294910396024,0.0006959749729951538,False,True,False,False,False,False,False,False,False,False,True,False,False,False,False,False,True,True,True,False,False,True,False,0.0,0.00020861583469841826,0.0,0.0,0.0,0.0,0.00020861583469841826,0.0,0.00020861583469841826,False,False,False,False,False,False,False,False,False,False,True,False,False,False,False,False,False,False,False,False,False,False,False
2024-05-16,2024-05-16 00:00:00+09:00,37870,37950,37560,37590,6494830,69500,37755.0,37235.0,37202.5,37412.5,37328.333333333336,3,True,37515.0,-0.001995211492418214,-0.002295211492418214,0.0004530011402494461,0.0,0.0,-0.0009062075835380977,0.0,0.00067973266466731,0.0004530011402494461,-0.0002264749188708377,0.00022652622137863713,True,False,False,False,False,True,True,False,False,True,False,False,False,False,True,True,False,False,False,False,False,False,False,0.00020485506575788746,0.0,-0.00020485506575789323,-0.0008198401770948857,0.0,0.0006149431371402312,0.0,-0.00020489703995462777,-0.00020489703995462777,True,False,False,False,False,True,False,False,False,True,False,False,False,False,True,False,False,False,False,False,False,False,False
2024-05-17,2024-05-17 00:00:00+09:00,37515,37545,37145,37150,4716522,69500,37345.0,37590.0,37755.0,37370.0,37325.0,0,False,37480.0,0.00888290713324369,0.00858290713324369,0.00022729855763283478,0.0,0.0006818956963848225,0.0004544421800544764,-0.00022724690473892125,0.0,0.0004545454623715516,0.0004544421800544764,0.0006817407376871814,True,False,True,False,False,False,True,False,False,False,False,True,True,False,False,True,False,True,True,False,False,False,False,0.0,0.0,0.0,0.0006169666005474775,0.0002055709741023964,0.0,0.0,0.0008225375746499902,0.0008225375746499902,False,False,False,True,True,False,False,True,True,False,False,False,True,True,False,False,True,True,False,False,False,True,False
2024-05-20,2024-05-20 00:00:00+09:00,37480,37695,37355,37460,4447271,69500,37525.0,37150.0,37345.0,37305.0,37400.0,3,True,37335.0,-0.0033368926855312786,-0.0036368926855312785,0.00022709208681667332,0.0,0.0,-0.00022709208681672772,-0.00022714366934688525,0.00022714366934690287,0.00022709208681667332,-0.00022709208681672772,0.0,True,False,False,False,False,False,False,False,False,False,False,False,False,False,False,False,False,False,False,False,False,False,False,0.0002051071692146895,-0.00020510716921459974,0.0,0.0,0.0,0.0,0.0,0.0,0.0,True,False,False,False,False,False,False,False,False,True,False,False,False,False,False,False,False,False,False,False,False,False,False
2024-05-21,2024-05-21 00:00:00+09:00,37335,37420,37215,37265,5812774,69500,37317.5,37460.0,37525.0,37362.5,37291.666666666664,0,False,37200.0,-0.0017442640547430388,-0.0020442640547430387,0.0,0.0,-0.00022616759114845396,0.0,0.0,0.00022616759114831782,-0.00022616759114845396,0.00022616759114831782,0.0,False,False,False,False,False,False,False,False,False,False,False,False,False,False,False,False,False,False,False,True,False,False,True,0.00020519134164532896,0.0,0.0,0.00020519134164532896,-0.0002051913416453548,0.00041034058844132266,0.00020519134164532896,0.00041034058844132266,0.00041034058844132266,True,False,False,False,False,True,False,False,False,True,False,False,False,False,True,False,True,True,True,False,False,True,False
2024-05-22,2024-05-22 00:00:00+09:00,37200,37375,36950,37265,6379874,69500,37162.5,37265.0,37317.5,37265.0,37330.0,1,False,37215.0,-0.0013417415805715427,-0.0016417415805715426,0.0,0.0,0.0,-0.0006760563637775672,-0.00022545372657781465,-0.00045105999862637644,0.0,-0.0013525700889816731,-0.0013525700889816731,False,False,False,False,False,False,False,False,False,False,False,False,False,False,False,False,False,False,False,False,False,False,False,0.0,0.0,0.0,-0.0006139363745481103,-0.00020468734080266235,0.00020468734080264113,0.0,-0.0004092490337454932,-0.0004092490337454932,False,False,False,False,False,False,False,False,False,False,False,False,False,False,False,False,False,False,False,False,False,False,False
2024-05-23,2024-05-23 00:00:00+09:00,37215,37440,36980,37265,5226850,69500,37210.0,37265.0,37162.5,37265.0,37265.0,2,True,36715.0,-0.014759157386287414,-0.015059157386287414,-0.00022373867416297113,-0.00022378874436022696,0.00022378874436016313,-0.0004476275813328171,-0.0004476275813328171,0.0,-0.00022373867416297113,-0.0004476275813328171,-0.000671366255495828,False,False,True,False,False,False,False,False,False,False,False,True,False,False,False,False,False,False,False,False,False,False,False,0.0,0.0002041858097957043,-0.00020418580979568367,-0.00020422751015539286,0.00020422751015547423,0.0,0.0,0.0,0.0,False,False,False,False,True,False,False,False,False,False,False,False,False,True,False,False,False,False,False,False,False,False,False
2024-05-24,2024-05-24 00:00:00+09:00,36715,36825,36585,36685,5643266,69500,36705.0,37265.0,37210.0,36975.0,37071.666666666664,0,False,36785.0,0.0027259097723866255,0.0024259097723866255,-0.00022657754713445826,-0.00022662889615411404,0.0002266288961540498,0.00022668026845339582,-0.0004534119325013829,0.00045341193250144246,-0.00022657754713445826,0.00022668026845339582,-0.0004532064432886477,False,False,True,False,False,True,False,False,False,False,False,True,False,False,True,False,False,False,False,True,False,False,True,0.0,0.0,0.00020671834698936852,-0.0004134794352893248,0.0,-0.00020680384728856606,0.00020671834698936852,-0.0006202832825778321,-0.00041356493558851405,False,False,True,False,False,False,False,False,False,False,False,False,False,False,False,False,False,False,False,False,False,False,False
2024-05-27,2024-05-27 00:00:00+09:00,36785,37275,36705,37195,6649585,69500,36990.0,36685.0,36705.0,36940.0,37048.333333333336,4,True,37080.0,-0.0030918134157816857,-0.0033918134157816856,-0.0006740815893937023,0.0002247443542441273,-0.00044933723514950486,-0.000898674515660542,0.00044943820981256975,0.0008982708890554111,-0.00044933723514950486,0.0004490345832073373,0.0006736275094742743,False,False,False,False,True,True,False,True,True,False,False,False,False,True,True,False,True,True,False,True,False,True,True,0.0,0.0,0.0,-0.00020552872336249711,0.0,0.0006164594873123445,0.0,0.0004109307639498936,0.0004109307639498936,False,False,False,False,False,True,False,True,True,False,False,False,False,False,True,False,True,True,False,False,False,True,False
2024-05-28,2024-05-28 00:00:00+09:00,37080,37305,37025,37235,4056913,69500,37165.0,37195.0,36990.0,37215.0,37038.333333333336,4,True,37100.0,-0.0036256210554586055,-0.003925621055458605,0.0,0.0,0.0,-0.0011201972718384349,0.000672268932882013,0.00022398924945264735,0.0,-0.0002239390895037893,-0.0002239390895037893,False,False,False,False,True,False,False,False,False,False,False,False,False,True,False,False,False,False,False,False,False,False,False,-0.00020523345377320698,0.0004104247954186651,0.0002051492467959085,-0.0006155740422145572,0.0,0.0002052334537731606,0.00041034058844132266,-0.000410340588441341,0.0,False,True,True,False,False,False,True,False,False,False,True,False,False,False,False,True,False,False,False,False,False,False,False
2024-05-29,2024-05-29 00:00:00+09:00,37100,37190,36615,36690,8392854,69500,36902.5,37235.0,37165.0,36962.5,37040.0,0,False,36380.0,-0.008449168710820354,-0.008749168710820354,-0.00089827088905538,0.0002246433795810284,-0.00044933723514950486,0.00022469385556836825,-0.00022469385556843772,-0.00022474435424416414,-0.0011229647446237823,-0.00022474435424416414,-0.0013477090988678693,False,False,False,True,False,False,False,False,False,False,False,False,False,False,False,False,False,False,False,False,False,False,False,-0.0006183654736872591,0.0,-0.0006187480861529122,0.0,0.0,0.00041254125997637956,-0.0012371135598402156,0.00041254125997637956,-0.0008245722998638838,False,False,False,False,False,False,False,True,False,False,False,False,False,False,True,False,True,False,False,True,False,False,True
2024-05-30,2024-05-30 00:00:00+09:00,36380,36385,35995,36025,6689431,69500,36190.0,36690.0,36902.5,36357.5,36650.0,0,False,36325.0,0.00832755031228305,0.00802755031228305,-0.00022704052770926224,0.0,0.0004540295197178023,0.00022693747969861853,-0.0004539264717070682,0.0006808124624706379,0.0002269889920085111,0.00045382347046209334,0.0006808124624706379,False,False,True,True,False,True,False,True,True,False,False,True,False,False,True,False,True,True,True,False,False,True,False,-0.00020813820451867133,0.0,0.00020822488362585471,0.0004163197395685658,-0.00020813820451867133,0.0002080948920214312,-0.0004163197395685294,0.0006244146315898487,0.0002080948920214312,False,False,True,True,False,False,False,True,False,False,False,True,True,False,False,False,True,False,False,True,False,True,True
2024-05-31,2024-05-31 00:00:00+09:00,36325,36410,36010,36010,5019907,69500,36210.0,36025.0,36190.0,36017.5,36241.666666666664,0,False,36265.0,0.00708136628714251,0.00678136628714251,-0.0002283887185901274,-0.0004569339809910867,-0.0009138680096835226,0.0006854792910933383,-0.00022844089191289735,-0.0009142857779747862,-0.0009138680096835226,-0.00045724737879417233,-0.0013711153884777701,False,False,False,True,False,False,False,False,False,False,False,False,True,False,False,False,False,False,False,False,False,False,False,-0.0004170141845253641,0.0,-0.0002085723232089491,0.0004171011530751372,-0.00020852882986626195,0.0002085288298662902,-0.0006255865077343095,0.0004171011530751372,-0.00020848535465907767,False,False,False,True,False,False,False,True,False,False,False,False,True,False,False,False,True,False,False,True,False,False,True
2024-06-03,2024-06-03 00:00:00+09:00,36265,36805,36250,36660,4712955,69500,36527.5,36010.0,36210.0,36335.0,36231.666666666664,4,True,36430.0,-0.006273867975995606,-0.006573867975995606,0.00022724690473889265,-0.00022724690473892125,0.00022724690473889265,0.0,-0.00022729855763278865,0.0004545454623715516,0.00022724690473889265,0.00022724690473889265,0.00022724690473889265,True,False,True,False,False,True,True,False,False,False,False,True,False,False,True,False,False,False,True,False,False,False,False,0.0004120313202091422,-0.0004120313202090571,0.0,-0.0002060793412754584,-0.0004122011599996924,0.0,0.0,-0.0004122011599996924,-0.0004122011599996924,True,False,False,False,False,False,False,False,False,True,False,False,False,False,False,False,False,False,False,False,False,False,False
2024-06-04,2024-06-04 00:00:00+09:00,36430,36580,36315,36390,5221701,69500,36447.5,36660.0,36527.5,36525.0,36353.333333333336,1,False,36695.0,0.00838142346798576,0.00808142346798576,-0.0004545454623716274,0.0004545454623715516,0.0,-0.00022724690473892125,-0.00045464879164606857,-0.0002274019338964168,0.0,-0.0009092976302812424,-0.0009092976302812424,False,True,False,False,False,False,False,False,False,False,True,False,False,False,False,False,False,False,False,False,False,False,False,0.00041279670348812674,-0.0004127967034881879,0.0,0.00020641965188382448,-0.00041288192163744695,0.0,0.0,-0.0002064622697537145,-0.0002064622697537145,True,False,False,True,False,False,False,False,False,True,False,False,True,False,False,False,False,False,False,False,False,False,False
2024-06-05,2024-06-05 00:00:00+09:00,36695,36860,36430,36755,5142891,69500,36645.0,36390.0,36447.5,36572.5,36601.666666666664,4,True,37105.0,0.009522513943681199,0.009222513943681199,-0.0002258100946706611,0.0,-0.00022586109638642653,-0.0006778895299702823,-0.00022601423985919714,-0.0004521817847790778,-0.0004516711910572075,-0.0011300713147494319,-0.001581742505806558,False,False,False,False,False,False,False,False,False,False,False,False,False,False,False,False,False,False,False,False,False,False,False,-0.0002056978306131877,-0.00020574015091605224,0.0004114379815292508,0.0,-0.0004115226395525218,0.0,0.0,-0.0004115226395525218,-0.0006172204701657059,False,False,True,False,False,False,False,False,False,False,False,True,False,False,False,False,False,False,False,False,False,False,False
2024-06-07,2024-06-07 00:00:00+09:00,37105,37395,37000,37240,5570430,69500,37197.5,36755.0,36645.0,36997.5,36795.0,4,True,36805.0,-0.01168098818474761,-0.01198098818474761,0.00044365573043580835,-0.00022180326141730446,0.0,0.0,-0.00022190169845848036,0.0006655574288944824,0.00022185246901870696,0.00044365573043580835,0.00044365573043580835,True,False,False,False,True,True,False,True,True,True,False,False,False,False,True,False,True,False,True,False,False,True,False,0.00020347950014242718,0.00020343810465859,0.0,-0.0002034381046584939,0.0,-0.00020347950014246762,0.0004069176048010877,-0.00040691760480097647,0.0,False,True,False,False,True,False,True,False,False,True,False,False,False,False,False,True,False,False,False,False,False,False,False
2024-06-10,2024-06-10 00:00:00+09:00,36805,37130,36685,36915,3841367,69500,36907.5,37240.0,37197.5,37077.5,36970.0,1,False,36990.0,0.002031694433157316,0.0017316944331573162,-0.00022244466780638904,0.0,0.00022244466780629822,-0.0008900757151932284,0.0,-0.0006680770764016642,0.0,-0.0015581527915948994,-0.0015581527915948994,False,False,True,False,True,False,False,False,False,False,False,True,False,False,False,False,False,False,False,False,False,False,False,0.0,0.0002040608108294125,0.0002040191785103631,-0.0010205123857405236,0.0,-0.00040849673770656386,0.00040807998933991093,-0.001429009123447124,-0.0010209291341072334,False,True,True,False,True,False,True,False,False,False,False,False,False,False,False,True,False,False,False,False,False,False,False
2024-06-11,2024-06-11 00:00:00+09:00,36990,37030,36760,36950,2917811,69500,36895.0,36915.0,36907.5,36932.5,37035.0,2,True,36875.0,-0.002029769959404626,-0.002329769959404626,0.00022180326141716292,0.00022175407563978237,-0.0002217540756398709,0.0006651147568106614,0.0,0.00022160664910635895,0.00022180326141716292,0.0008867214059169554,0.001108524667334218,True,True,False,True,True,False,False,True,True,False,False,False,True,False,False,False,True,True,True,False,False,True,False,0.0,0.0,0.00020364525067827967,0.0006106870418797265,0.00020347950014242718,0.001016776905086811,0.00020364525067827967,0.0018309434471091147,0.0020345886977874567,False,False,True,True,True,True,True,True,True,False,False,False,True,True,True,False,True,True,True,False,False,True,False
2024-06-12,2024-06-12 00:00:00+09:00,36875,37275,36875,37275,2806005,69500,37075.0,36950.0,36895.0,37112.5,37046.666666666664,4,True,37735.0,0.01234071093226019,0.01204071093226019,0.0,0.0,0.00043965707456950344,0.0,0.0,-0.0002198043749919901,0.00043965707456950344,-0.0002198043749919901,0.00021985269957745947,False,False,True,False,True,False,True,False,False,False,False,True,False,False,False,True,False,False,False,False,False,False,False,0.00020286033135807007,0.0,0.00020281918739032607,0.00020277806010881997,-0.00020277806010881533,0.0006082108651759382,0.00040567951874843927,0.0006082108651759382,0.001013890383924265,True,False,True,False,False,True,True,True,True,True,False,False,True,False,True,True,True,True,True,False,False,True,False
2024-06-13,2024-06-13 00:00:00+09:00,37735,37980,37530,37530,5844059,69500,37755.0,37275.0,37075.0,37402.5,37251.666666666664,3,True,37550.0,0.0005329070077271236,0.00023290700772712365,0.00021581957567307823,-0.00021581957567311726,0.0,0.0,0.00043149946732076115,0.000215679931818523,0.0,0.0008629989748124209,0.0008629989748124209,True,False,False,False,True,False,False,True,True,False,False,False,False,True,False,False,True,True,False,False,False,True,False,0.0002009444395387388,-0.000401929265861022,0.0,-0.00020102522934319674,0.00040201005566548926,0.0002009444395387388,-0.00020098482632226688,0.00040192926586109245,0.0002009444395387388,False,False,False,False,True,False,False,False,False,True,False,False,False,True,False,False,False,False,False,True,False,True,True
2024-06-14,2024-06-14 00:00:00+09:00,37550,37795,37490,37655,6306218,69500,37642.5,37530.0,37755.0,37592.5,37486.666666666664,3,True,37470.0,-0.00491302615854472,-0.00521302615854472,0.0,0.0,0.00043103448943208894,-0.00021549402087486317,0.0006464820826386007,0.0,0.00043103448943208894,0.00021544759320653566,0.0006464820826386007,False,False,True,False,True,False,True,False,True,False,False,True,False,True,False,True,False,True,True,False,False,False,False,0.00020082337651597718,-0.00020082337651590698,0.00020082337651597718,-0.00040168709116134417,0.0006024701457460999,0.0002007427488422427,0.00020082337651597718,0.00040152580342717143,0.0006023491799430671,False,False,False,False,True,False,False,False,True,True,False,False,False,True,False,False,False,True,True,False,False,True,False
2024-06-17,2024-06-17 00:00:00+09:00,37470,37635,37365,37450,7201864,69500,37500.0,37655.0,37642.5,37552.5,37545.0,0,False,37710.0,0.006942590120160297,0.006642590120160297,0.0006448146381400079,-0.00021489201758850425,0.0,-0.0010756158937425299,0.00043038520139259995,0.0008602151068079291,0.0004299226205514865,0.00021498441445802306,0.00021498441445802306,True,False,False,False,True,True,True,False,False,True,False,False,False,True,True,True,False,False,True,False,False,False,False,0.0002009444395387388,0.00020090406898323477,-0.0004018485085219599,-0.0006030757042768348,-0.00020110608413677035,0.0010051262279523966,0.0,0.0002009444395387388,0.0002009444395387388,True,True,False,False,False,True,False,False,False,True,False,False,False,False,True,False,False,False,False,False,False,True,False
2024-06-18,2024-06-18 00:00:00+09:00,37710,37910,37610,37845,4844002,69500,37760.0,37450.0,37500.0,37647.5,37650.0,4,True,38195.0,0.009248249438499112,0.008948249438499112,0.00042517007443207357,0.0,0.0,0.00021251726782772765,0.00021247211383441816,-0.0006375518226794292,0.00042517007443207357,-0.00021256244101710545,0.00021260763341477969,True,False,False,True,True,False,True,False,False,True,False,False,False,True,False,True,False,False,False,False,False,False,False,0.00019938191672064982,0.00019934217149635607,0.0,0.00019930244211464798,0.0,-0.0003986446136110263,0.0003987240882171538,-0.00019934217149637518,0.00019938191672064982,False,True,False,True,False,False,True,False,False,False,False,False,True,False,False,True,False,False,False,False,False,False,False
2024-06-19,2024-06-19 00:00:00+09:00,38195,38430,38160,38410,6540410,69500,38295.0,37845.0,37760.0,38127.5,37901.666666666664,4,True,38375.0,-0.0009112210361884587,-0.0012112210361884587,-0.0004245383209591776,0.00042453832095920124,0.0,0.0,0.00021220159230831337,0.0006363347335307106,0.0,0.0008485363258388641,0.0008485363258388641,False,True,False,False,True,True,False,True,True,False,True,False,False,True,True,False,True,True,False,False,False,True,False,0.0,0.00019890601756271427,0.00019886646182663975,0.00019882692182017522,0.00019878739753355452,0.00019874788895789952,0.0003977724793895714,0.0005963622083116055,0.000994134687701235,False,True,False,False,True,False,True,True,True,False,False,False,True,True,False,True,True,True,True,False,True,True,False
2024-06-20,2024-06-20 00:00:00+09:00,38375,38650,38325,38560,4450633,69500,38487.5,38410.0,38295.0,38485.0,38271.666666666664,4,True,38260.0,-0.00778008298755184,-0.00808008298755184,0.0002111263599102077,0.0,0.0002111263599102077,-0.00021112635991022539,-0.00042238648991232795,0.00021121554624945724,0.0002111263599102077,-0.00042229730357315975,-0.00021117094366302774,True,False,False,False,False,False,False,False,False,False,False,True,False,False,False,False,False,False,False,False,False,False,False,0.00039666799409441845,0.0003965107109840774,0.0,-0.0005948250398441649,0.0003965893369451196,0.00019823570289915338,0.0007931787050784124,0.0,0.0007931787050784124,True,True,False,False,True,False,True,False,True,True,True,False,False,True,False,True,False,True,False,False,False,False,False
2024-06-21,2024-06-21 00:00:00+09:00,38260,38335,38025,38230,5744918,69500,38180.0,38560.0,38487.5,38395.0,38400.0,0,False,37950.0,-0.0073240910279884774,-0.007624091027988477,0.00021378941823801828,-0.0008554320453210909,0.0008554320453211217,0.00021374372209187405,0.00021369804547606179,-0.0008550663197333875,0.00021378941823801828,-0.0004276245521652586,-0.0002138351339271846,True,False,True,True,True,False,False,False,False,False,False,True,False,True,False,False,False,False,False,False,False,False,False,0.0,-0.0001992627285661063,0.00019926272856598146,-0.0001992627285661063,-0.0001992627285661063,0.00039848575940733494,0.0,0.00019922303084125636,0.00019922303084125636,False,False,False,False,False,True,False,False,False,False,False,False,False,False,True,False,False,False,False,False,False,True,False
2024-06-24,2024-06-24 00:00:00+09:00,37950,38055,37780,37940,4284623,69500,37917.5,38230.0,38180.0,38085.0,38243.333333333336,0,False,37950.0,0.0002635740643119888,-3.642593568801115e-05,0.00021466137251038706,0.00021461530289487558,0.0,-0.00021461530289481332,0.0004291845559441174,0.0004290004355799922,0.0004292766754053381,0.000643569688629347,0.0010728463640346543,True,True,False,False,True,False,True,True,True,False,False,False,False,True,True,True,True,True,True,False,False,True,False,0.0001999000506405748,0.0,0.00019986009859681672,0.00019982016251927378,0.000599221030613452,0.0,0.00039976014923740806,0.0007990411931327646,0.0011988013423701262,False,False,False,True,True,False,True,True,True,False,False,True,True,True,False,True,True,True,True,False,False,True,False
2024-06-25,2024-06-25 00:00:00+09:00,37950,38140,37905,38050,4339239,69500,38022.5,37940.0,37917.5,37995.0,38073.333333333336,3,True,37870.0,-0.004730617608409982,-0.0050306176084099815,0.0002165205161647921,-0.0002165205161646986,0.0,-0.0006498429774881277,-0.0006502655480028692,0.00043355734474943776,0.0,-0.000866551180741645,-0.000866551180741645,True,False,False,False,False,True,False,False,False,True,False,False,False,False,True,False,False,False,False,False,False,False,False,0.00020002000266702272,0.0,0.0,-0.00040008002133969133,-0.00020010005069264774,0.0,0.00020002000266702272,-0.0006001800720324606,-0.00040016006936537184,False,False,False,False,False,False,False,False,False,False,False,False,False,False,False,False,False,False,False,False,False,False,False
2024-06-26,2024-06-26 00:00:00+09:00,37870,38365,37805,38365,6350700,69500,38085.0,38050.0,38022.5,38207.5,38118.333333333336,4,True,37970.0,-0.010295842564837732,-0.010595842564837732,0.0,0.000428724551046896,0.0,0.0,0.0,0.00042854082507130933,0.000428724551046896,0.00042854082507130933,0.000857265376118367,False,True,False,False,False,False,True,True,True,False,True,False,False,False,True,True,False,True,True,False,False,False,False,0.000398962702279784,0.0,0.00019946145473539285,0.00019942167779729537,0.00019942167779729537,0.0,0.000398962702279784,0.00019942167779729537,0.0005983843800769907,True,False,False,True,True,False,True,False,True,True,False,True,True,True,False,True,False,True,True,False,False,False,False
2024-06-27,2024-06-27 00:00:00+09:00,37970,38345,37885,38320,5404909,69500,38115.0,38365.0,38085.0,38342.5,38245.0,3,True,38460.0,0.0036534446764091566,0.0033534446764091567,0.00042955327120979415,0.0,0.0,0.0,0.000214707461909031,0.0,0.00042955327120979415,0.000214707461909031,0.000644260733118903,True,False,False,False,True,False,True,False,False,True,False,False,False,True,False,True,False,True,True,False,False,False,False,0.00039976014923740806,0.00019982016251927378,0.0,0.0,0.0003995205806237056,0.00019970044998960466,0.0005995803117565037,0.000599221030613452,0.0011988013423701262,True,True,False,False,True,False,True,True,True,True,False,False,False,True,False,True,True,True,True,False,False,False,False
2024-06-28,2024-06-28 00:00:00+09:00,38460,38545,38300,38545,5339707,69500,38422.5,38320.0,38115.0,38432.5,38410.0,4,True,38390.0,-0.004021273835776329,-0.004321273835776329,-0.0002132878327378002,-0.00021333333414243682,0.00021328783273766332,0.0006395906837797982,-0.0004263483330410213,0.0,0.0,0.00021324235073867984,0.00021324235073867984,False,False,True,True,False,False,False,False,False,False,False,True,True,False,False,False,False,False,False,False,False,True,False,-0.0005967180684272963,0.00019894558903772096,-0.00019894558903778297,0.0009943323877811031,0.0,0.00019874788895789952,-0.0005967180684272963,0.001193080276738979,0.0005963622083116055,False,True,False,True,False,False,False,True,False,False,False,False,True,False,False,False,True,True,False,True,False,True,True
2024-07-01,2024-07-01 00:00:00+09:00,38390,38645,38355,38620,3782571,69500,38500.0,38545.0,38422.5,38582.5,38495.0,4,True,38415.0,-0.005308130502330366,-0.005608130502330366,0.00042890843462583926,-0.00021438525111583978,0.00021438525111596685,0.0,0.0002143392999311351,0.00021429336844043412,0.0006432936857417202,0.00042863266837130104,0.0010719263541131036,True,False,True,False,True,False,True,True,True,True,False,True,False,True,False,True,False,True,True,False,False,False,False,0.0,0.0,-0.0001995410562342735,0.00039904230377867496,0.0,0.0003988831325324726,-0.0001995410562342735,0.0007979254363113163,0.0005983843800769907,False,False,False,True,False,True,False,True,False,False,False,False,True,False,True,False,True,True,False,True,False,True,True
2024-07-02,2024-07-02 00:00:00+09:00,38415,38570,38230,38345,5676869,69500,38400.0,38620.0,38500.0,38482.5,38503.333333333336,0,False,38505.0,0.00417264310861909,0.0038726431086190897,0.000214477212618405,0.0006431557730543751,0.0,-0.00021429336844032762,-0.0010721562086342946,0.0004288164731233856,0.0008576329856727856,-0.0004286326683714024,0.0006432936857417202,False,True,False,False,False,True,True,False,False,False,True,False,False,False,True,True,False,False,False,False,False,False,False,0.00020006001867263622,0.0004000000053332455,0.0001999400186607581,-0.00039992002132694667,-0.0002000200026670447,0.00020002000266702272,0.000800000042666763,-0.00039992002132694667,0.00040008002133967057,False,True,True,False,False,False,True,False,False,False,True,True,False,False,False,True,False,False,False,False,False,False,False
2024-07-03,2024-07-03 00:00:00+09:00,38505,38520,38180,38505,4825685,69500,38350.0,38345.0,38400.0,38425.0,38490.0,3,True,38815.0,0.008050902480197353,0.007750902480197353,0.0,0.0002117522506587805,0.0002117522506587805,0.00021170742113592133,0.0,-0.0008470987376518866,0.0002117522506587805,-0.0006353913165160485,-0.00042363906585717796,False,True,True,True,False,False,False,False,False,False,False,True,False,False,False,False,False,False,False,False,False,False,False,0.0,0.0,-0.00019866891890120273,0.0005958883878777244,-0.0001985505814127284,0.0001985505814127283,-0.00019866891890120273,0.0007944389692905759,0.0005957700503893883,False,False,False,True,False,False,False,True,False,False,False,False,True,False,False,False,True,True,False,True,False,True,True
2024-07-04,2024-07-04 00:00:00+09:00,38815,39020,38805,39020,5995175,69500,38912.5,38505.0,38350.0,38762.5,38623.333333333336,4,True,39225.0,0.005253716043054801,0.004953716043054801,0.000630450793184309,0.0,0.0,0.0,-0.00021010610435522872,0.0014698165375770756,0.000630450793184309,0.0012597104332217396,0.0018901612264060348,True,False,False,False,False,True,True,True,True,True,False,False,False,False,True,True,True,True,True,False,False,True,False,0.00039525692214186945,0.00019760893256687352,0.0,-0.00039517882355808733,-0.00019764798957513355,0.00019760893256687352,0.00039525692214186945,-0.00019756989099140262,0.00039525692214186945,True,False,False,False,False,False,False,False,False,True,False,False,False,False,False,True,False,False,False,False,False,False,False
2024-07-05,2024-07-05 00:00:00+09:00,39225,39885,39215,39740,6869265,69500,39550.0,39020.0,38912.5,39380.0,39088.333333333336,4,True,39695.0,-0.0011323603422244144,-0.0014323603422244143,0.0,0.0,0.00041981528744219107,0.0,0.0004196391165231911,0.00041946309339861454,0.00041981528744219107,0.0008391022099218722,0.0012589174973640183,False,False,True,False,True,False,False,True,True,False,False,True,False,True,False,True,True,True,True,False,False,True,False,0.0,0.0,0.0,0.00019741387883677838,-0.00019741387883680467,0.00019741387883677838,0.0,0.00019741387883677838,0.00019741387883677838,False,False,False,False,False,False,False,False,False,False,False,False,False,False,False,False,False,False,False,False,False,True,False
2024-07-08,2024-07-08 00:00:00+09:00,39695,39825,39600,39610,4212277,69500,39712.5,39740.0,39550.0,39675.0,39456.666666666664,2,True,39860.0,0.006311537490532704,0.006011537490532704,-0.0004163197395685294,-0.0002082682502581844,0.0,0.0,0.0,0.0010404745502192111,-0.0004163197395685294,0.0010404745502192111,0.0006241548106506462,False,False,False,False,False,True,False,True,False,False,False,False,False,False,True,False,True,False,False,True,False,True,True,0.0001967148624421222,-0.0001967148624422047,-0.00019675356679307374,0.0,0.00019675356679320228,0.0001967148624421222,-0.00019675356679307374,0.000393468429235231,0.0001967148624421222,False,False,False,False,False,False,False,False,False,False,False,False,False,True,False,False,False,False,False,True,False,True,True
2024-07-09,2024-07-09 00:00:00+09:00,39860,39870,39515,39750,4884271,69500,39692.5,39610.0,39712.5,39680.0,39700.0,3,True,39595.0,-0.003899371069182367,-0.004199371069182367,-0.0004134794352893248,0.0002067610882999947,-0.0006204115595548997,0.0,-0.00020688941834421875,0.0008273009778992044,-0.0008271299065442379,0.0006204115595547847,-0.00020671834698938871,False,True,False,False,False,True,False,False,False,False,False,False,False,False,True,False,True,False,False,True,False,False,True,0.00019590557414022645,0.0005874865536639861,-0.0003916193510007459,0.00019586720266320784,-0.0003917727768032748,0.0,0.0003917727768033152,-0.0001959055741401235,0.0,False,True,False,False,False,False,False,False,False,False,True,False,False,False,False,True,False,False,False,False,False,False,False
2024-07-10,2024-07-10 00:00:00+09:00,39595,39795,39585,39735,3486449,69500,39690.0,39750.0,39692.5,39742.5,39698.333333333336,3,True,40055.0,0.008053353466717095,0.007753353466717095,0.0,-0.000414078680864766,0.0,0.00020706077307646698,-0.00020706077307648137,0.000621053741108951,-0.000414078680864766,0.000621053741108951,0.00020697506024420367,False,False,False,True,False,True,False,True,False,False,False,False,False,False,True,False,True,False,False,True,False,True,True,0.00019598236221467658,-0.0003920031410448871,0.0,0.0003920799893396521,-0.0003920799893395307,0.0005880623515542229,-0.0003920799893395307,0.0005880623515542229,0.00019598236221467658,False,False,False,True,False,True,False,False,False,False,False,False,True,False,True,False,True,False,False,True,False,True,True
2024-07-11,2024-07-11 00:00:00+09:00,40055,40190,39860,39980,7478311,69500,40025.0,39735.0,39690.0,39857.5,39821.666666666664,3,True,39665.0,-0.007878939469734836,-0.008178939469734836,0.0,-0.0004104247954185876,-0.00020527558319033296,-0.00020531772990717322,0.00041059331309756096,0.0004104247954186651,-0.0006157003786088818,0.0006157003786088368,0.0,False,False,False,False,True,False,False,False,False,False,False,False,False,True,False,False,True,False,False,True,False,False,True,0.0,0.0,-0.00038842494176456526,0.00019423133012411804,0.0,0.00019419361164041993,-0.00038842494176456526,0.00038842494176462696,0.0,False,False,False,False,False,False,False,False,False,False,False,False,False,False,False,False,False,False,False,True,False,False,True
2024-07-12,2024-07-12 00:00:00+09:00,39665,39735,39260,39430,5269595,69500,39497.5,39980.0,40025.0,39705.0,39715.0,0,False,39650.0,0.005579507988840993,0.005279507988840993,0.00020997375405237516,0.00020997375405237516,-0.0002099296743303206,0.00020992967433038003,0.0,0.0010489878230335633,0.00020997375405237516,0.0012589174973640183,0.001468891251416334,False,True,False,True,False,True,False,True,True,False,False,False,True,False,True,False,True,True,True,False,False,True,False,0.0,-0.00019579050478604117,0.0,0.00039154268315399994,0.0,-0.00039146604532017495,-0.00019579050478604117,0.00019579050478607998,0.0,False,False,False,True,False,False,False,False,False,False,False,False,True,False,False,False,False,False,False,True,False,False,True
2024-07-15,2024-07-15 00:00:00+09:00,39650,39685,39320,39680,4369898,69500,39502.5,39430.0,39497.5,39555.0,39696.666666666664,3,True,39550.0,-0.0032762096774193727,-0.0035762096774193727,0.0002078785996469237,0.000415627603655653,-0.00020779220853983012,-0.00020783539511582452,0.000623376643563651,-0.0002077490399078564,0.0004157139947625762,0.0002077922085397942,0.0006235062033025313,False,True,False,False,True,False,False,False,False,False,True,False,False,True,False,True,False,False,True,False,False,False,False,0.00019445794908135806,0.00038887809162041877,0.00019442014253912476,-0.00019434457353952143,-0.00019438235069469455,0.0003887269242340756,0.00038887809162041877,0.0,0.0007776050158546974,False,True,True,False,False,True,False,False,True,False,True,True,False,False,True,True,False,True,False,False,False,False,False
2024-07-16,2024-07-16 00:00:00+09:00,39550,39830,39505,39705,7029476,69500,39667.5,39680.0,39502.5,39692.5,39605.0,4,True,39710.0,0.00012592872434202818,-0.0001740712756579718,0.0006224712308056063,0.00020740433549399593,-0.0006223421007835775,-0.001038098297315494,0.00020766275643093938,0.00020761964156377707,0.0002075334655159958,-0.00041511001011193457,-0.0002075765445959213,True,False,False,False,False,False,False,False,False,True,False,False,False,False,False,False,False,False,False,False,False,False,False,0.0,0.0,0.0,-0.00019392999188097576,-0.00019396760801769147,0.0001939676080177601,-0.00038774719369099177,-0.00019392999188097576,-0.0005816771855719473,False,False,False,False,False,False,False,False,False,False,False,False,False,False,False,False,False,False,False,False,False,False,False
2024-07-17,2024-07-17 00:00:00+09:00,39710,39730,39350,39375,4714961,69500,39540.0,39705.0,39667.5,39540.0,39586.666666666664,0,False,38870.0,-0.012825396825396851,-0.01312539682539685,0.0002087464781612044,0.0,-0.0004175365405127395,-0.0010446047121416588,-0.0016736405580296484,-0.0006283380665414447,-0.00020879006235155365,-0.003346583336712808,-0.0035553733990643316,False,False,False,False,False,False,False,False,False,False,False,False,False,False,False,False,False,False,False,False,False,False,False,-0.0005803269337836666,0.00019347973360159278,-0.00019347973360156137,-0.0003870718066519812,-0.001162115180177374,-0.0011634672632980698,-0.0005803269337836666,-0.002712654250127437,-0.003292981183911139,False,False,False,False,False,False,False,False,False,False,False,False,False,False,False,False,False,False,False,False,False,False,False
2024-07-18,2024-07-18 00:00:00+09:00,38870,39085,38705,39085,5775029,69500,38895.0,39375.0,39540.0,39230.0,39388.333333333336,1,False,38655.0,-0.011001663042087717,-0.011301663042087717,0.0004271678834711683,0.00042698548898082963,0.0,0.00021337885496506992,0.002344167296152031,-0.00021287919186299372,0.0010675777676703612,0.0023446669592540547,0.0034122447269244265,True,True,False,True,True,False,True,True,True,True,True,False,True,True,False,True,True,True,True,False,False,True,False,0.0,0.0,0.0,0.0,0.0013659871379556915,-0.0005851945938970274,0.0,0.0007807925440585443,0.0007807925440585443,False,False,False,False,True,False,False,True,True,False,False,False,False,True,False,False,True,True,False,False,False,True,False
2024-07-19,2024-07-19 00:00:00+09:00,38655,38720,38350,38625,5641558,69500,38535.0,39085.0,38895.0,38855.0,39028.333333333336,0,False,38590.0,-0.0009061488673138829,-0.0012061488673138828,0.0004290004355799922,-0.0004290004355799596,0.0,0.001286449577074675,-0.0004286326683714024,0.0002143392999311351,0.0,0.0010721562086343053,0.0010721562086343053,True,False,False,True,False,False,False,True,True,True,False,False,True,False,False,False,True,True,False,False,False,True,False,0.00019698611311602245,0.0,0.00019683102120440644,0.00019679228637759692,-0.0003936233075817745,0.0,0.0009845427594536986,-0.00019683102120430376,0.0007877117382491863,True,False,True,False,False,False,True,False,True,False,False,True,False,False,False,True,False,True,False,False,False,False,False
2024-07-22,2024-07-22 00:00:00+09:00,38590,38635,38035,38240,5494148,69500,38335.0,38625.0,38535.0,38432.5,38650.0,0,False,38525.0,0.007452928870292919,0.007152928870292919,0.000432619517887276,0.0,-0.00043252595830009966,0.0,0.0015130230920543527,-0.0008643042888952726,0.0002163331538994737,0.0006487188031591277,0.0008650519570585044,True,False,False,False,True,False,False,True,False,True,False,False,False,True,False,False,True,True,True,False,False,True,False,0.0,0.0005947071242777133,-0.00019819641329376787,-0.00039651071098408474,0.0005947071242777133,0.00019815713925925858,0.0003965107109840774,0.00039635355255310256,0.0007928642635371728,False,True,False,False,True,False,True,False,True,False,True,False,False,True,False,True,False,True,True,False,False,False,False
2024-07-23,2024-07-23 00:00:00+09:00,38525,38680,38265,38350,4976800,69500,38472.5,38240.0,38335.0,38295.0,38405.0,2,True,38025.0,-0.008474576271186418,-0.008774576271186418,0.0,-0.0010733069614671654,0.0,-0.00042946103301252713,-0.00021479970010630559,-0.0004297378665189597,-0.0006438459284546451,-0.0010739985996377802,-0.0017178445280924082,False,False,False,False,False,False,False,False,False,False,False,False,False,False,False,False,False,False,False,False,False,False,False,0.0,-0.0003939334303455053,-0.0003940110374062963,0.00019702492429030024,-0.0005911912675883187,-0.0001971414496281734,-0.0005909583546356684,-0.0005913077929262022,-0.0011822661475619034,False,False,False,False,False,False,False,False,False,False,False,False,False,False,False,False,False,False,False,False,False,False,False
2024-07-24,2024-07-24 00:00:00+09:00,38025,38400,37945,38125,5948102,69500,38172.5,38350.0,38472.5,38237.5,38238.333333333336,1,False,37575.0,-0.01442622950819672,-0.01472622950819672,0.0,-0.00021656740745171026,0.0,0.00021656740745173102,-0.001300108525491008,-0.00021684918224414574,-0.00021656740745171026,-0.0013003903002833642,-0.0015169577077350609,False,False,False,True,False,False,False,False,False,False,False,False,True,False,False,False,False,False,False,False,False,False,False,0.00019803941048980359,-0.0003961180483564243,0.0,0.0003961180483564127,-0.0009905894816961793,-0.00019823570289918046,-0.00019807863786660553,-0.000792707136238886,-0.0009907857741054842,True,False,False,True,False,False,False,False,False,False,False,False,True,False,False,False,False,False,False,False,False,False,False
2024-07-25,2024-07-25 00:00:00+09:00,37575,37625,37285,37430,6100001,69500,37455.0,38125.0,38172.5,37777.5,37968.333333333336,0,False,37505.0,0.002003740315255076,0.001703740315255076,-0.00022234574855361613,-0.0004448398649867772,-0.00022249416044622266,-0.0035666555865743114,0.0008928572021722385,0.003118737212654587,-0.0008896797739864785,0.00044493882825260287,-0.0004447409457340279,False,False,False,False,True,True,False,False,False,False,False,False,False,True,True,False,True,False,False,True,False,False,True,-0.0004024954773597643,-0.00020134903923858807,0.00020138958883904605,-0.002621762114840944,0.0006053879712690059,0.0016125784586989804,-0.0008051530225624752,0.0,-0.0010065426114013946,False,False,True,False,True,True,False,False,False,False,False,True,False,True,True,False,False,False,False,False,False,False,False
2024-07-26,2024-07-26 00:00:00+09:00,37505,37745,37425,37630,2981453,69500,37585.0,37430.0,37455.0,37530.0,37728.333333333336,3,True,37870.0,0.006377889981397766,0.006077889981397766,-0.0004477277889881142,-0.0017925167246420094,-0.0006728720675539447,0.0022411484055629024,-0.0008958567228488165,-0.0006724196151601411,-0.002464987242535467,0.0006728720675539234,-0.0017921151749815767,False,False,False,True,False,False,False,True,False,False,False,False,True,False,False,False,True,False,False,True,False,False,True,-0.00020171457456186906,-0.0010091836561418285,-0.0002019590030089302,0.0012111426591509,0.0002017552715407716,-0.0010091836561418285,-0.0014128572337127198,0.00020195900300898803,-0.0012108982307037954,False,False,False,True,True,False,False,False,False,False,False,False,True,True,False,False,False,False,False,True,False,False,True
2024-07-29,2024-07-29 00:00:00+09:00,37870,38225,37760,38080,2556935,69500,37992.5,37630.0,37585.0,37855.0,37713.333333333336,4,True,37495.0,-0.015362394957983194,-0.015662394957983196,0.0008861320916577982,-0.0002214594184668663,-0.0006646726731909514,0.00022160664910635895,0.0,0.00022155755047981358,0.0,0.00044316419958617096,0.00044316419958617096,True,False,False,True,False,False,False,False,False,True,False,False,True,False,False,False,False,False,False,False,False,True,False,0.0001996605776823692,-0.000399361027672035,-0.0003994407882149774,0.00019974033822532284,-0.00019974033822527294,0.0005991013658972911,-0.0003994407882149774,0.0005991013658972911,0.0001996605776823692,True,False,False,True,False,True,False,True,False,True,False,False,True,False,True,False,True,False,False,True,False,True,True
2024-07-30,2024-07-30 00:00:00+09:00,37495,37655,37435,37575,5637616,69500,37545.0,38080.0,37992.5,37827.5,37761.666666666664,1,False,37575.0,0.0,-0.0003,0.0,0.0008914642890357294,-0.00022279157939982298,-0.00022284122654891842,0.0004456328059487645,0.0006680770764017448,0.0006686727096356619,0.0008908686558016329,0.0015595413654373202,False,True,False,False,True,True,True,True,True,False,True,False,False,True,True,True,True,True,True,False,False,True,False,-0.000200541462619387,0.00040104271642398177,0.0,0.0,0.00020046106111040515,0.0004008016085718331,0.00020050125380444627,0.0006012626696822729,0.0008017639234866079,False,True,False,False,True,True,True,True,True,False,True,False,False,True,True,False,True,True,True,False,False,True,False
2024-07-31,2024-07-31 00:00:00+09:00,37575,38125,37500,38125,3964583,69500,37812.5,37575.0,37545.0,37850.0,37926.666666666664,4,True,38435.0,0.008131147540983541,0.007831147540983541,0.0017889092427244146,0.002899522495334393,0.00044523598242192624,-0.0022276685532239024,0.0015598888956875028,-0.00022269235143808336,0.005579748881068722,-0.0008904720089745496,0.004911820547208571,True,True,True,False,True,False,True,False,True,True,True,True,False,True,False,True,False,True,False,False,False,False,False,0.001002908518522591,0.0014021033844308927,0.0004002401494294996,-0.0010011012949413855,0.0014004203549105039,-0.00019994001866067428,0.0030057131134931625,0.0008001600746987008,0.0036057731374991276,True,True,True,False,True,False,True,True,True,True,True,True,False,True,False,True,True,True,True,False,False,False,False
2024-08-01,2024-08-01 00:00:00+09:00,38435,38465,38125,38155,5783088,69500,38295.0,38125.0,37812.5,38140.0,37951.666666666664,3,True,37240.0,-0.023981129602935414,-0.024281129602935415,0.0,0.0004348771540594625,0.0008691873645869339,-0.003917306423923485,0.0008718396367409824,-0.00021788865975737125,0.0013040645186464825,-0.0032633554469397356,-0.001959290928293359,False,True,True,False,True,False,True,False,False,False,True,True,False,True,False,True,False,False,False,False,False,False,False,-0.00019729703131970066,-0.00019725811287944444,0.0007887990943406771,-0.0027629778777159375,0.00019760893256687352,0.0005925926099341213,0.0007887990943406771,-0.0019727763352150396,-0.000986874648337192,False,False,True,False,True,True,True,False,False,False,False,True,False,True,True,True,False,False,False,False,False,False,False
2024-08-02,2024-08-02 00:00:00+09:00,37240,37315,36460,36620,8886834,69500,36887.5,38155.0,38295.0,37387.5,37633.333333333336,0,False,35660.0,-0.026215182960131034,-0.026515182960131035,-0.002279982747819022,0.00022818026339724222,0.0002281282090423601,-0.00045630847243965147,0.0,-0.002971091203975983,-0.0015954419338660088,-0.003427399676415569,-0.005022841610281536,False,True,True,False,False,False,False,False,False,False,True,True,False,False,False,False,False,False,False,False,False,False,False,-0.0012172856037517487,0.00020290149202203985,-0.0002029014920221159,-0.0004059265328724313,-0.0002030250742939345,-0.0012185216779849258,-0.0008113590708792473,-0.0014214643473775366,-0.0022328234182566954,False,True,False,False,False,False,False,False,False,False,True,False,False,False,False,False,False,False,False,False,False,False,False
2024-08-05,2024-08-05 00:00:00+09:00,35660,35660,32445,33260,26274100,69500,34052.5,36620.0,36887.5,34940.0,36011.666666666664,0,False,34585.0,0.03983764281419111,0.03953764281419111,0.0,-0.013736810777693776,-0.007044848764438637,-0.004876868968479812,0.0024414074626605883,0.0007319751455280935,-0.01835800348418514,-0.002679334205479271,-0.018845689424111977,False,False,False,False,True,True,False,False,False,False,False,False,False,True,True,False,False,False,False,False,False,False,False,0.0,-0.008808781791291364,-0.004847727904424492,-0.0019001378038409015,0.0006339144427811062,-0.0010565241341999848,-0.011762370436361391,-0.0023228814161396385,-0.012396418856630767,False,False,False,False,True,False,False,False,False,False,False,False,False,True,False,False,False,False,False,False,False,False,False
2024-08-06,2024-08-06 00:00:00+09:00,34585,35200,33830,34180,23712220,69500,34515.0,33260.0,34052.5,33720.0,34686.666666666664,2,True,34040.0,-0.0040959625511994835,-0.004395962551199483,0.002098147406846087,-0.0018648024052040195,0.0011659089580023767,-0.0016326534238853348,-0.0004669624180112793,0.0013995803544232636,0.0013992539596445566,-0.00023307306946201975,0.001166180890182394,True,False,True,False,False,True,True,False,True,True,False,True,False,False,True,True,False,True,False,False,False,False,False,0.002082032815403585,-0.00020818153504978775,0.0010415582651844748,-0.002292861869539079,0.0,0.0008336807485774087,0.0010415582651844748,-0.0006248047688420847,0.0004167534963424063,True,False,True,False,False,True,True,False,True,True,False,True,False,False,True,True,False,True,False,False,False,False,False
2024-08-07,2024-08-07 00:00:00+09:00,34040,35330,33900,34960,11282638,69500,34615.0,34180.0,34515.0,34570.0,34133.333333333336,4,True,34355.0,-0.017305491990846633,-0.017605491990846635,-0.0011634672632980698,-0.002564402850716412,0.0,0.0004669624180113042,-0.0028050509276086096,0.0018709079358116025,-0.0037278701140144154,-0.0004671805737856531,-0.004662013105811301,False,False,True,True,False,True,False,False,False,False,False,False,True,False,True,False,False,False,False,False,False,False,False,-0.001038098297315494,-0.0006233766435635591,-0.00020783539511582452,-0.00020792182214419175,-0.003332642118031392,0.0025005222447615264,-0.0016614749408790778,-0.0010400416954139703,-0.0029093952359398626,False,False,False,False,False,True,False,False,False,False,False,False,False,False,True,False,False,False,False,False,False,False,False
2024-08-08,2024-08-08 00:00:00+09:00,34355,34935,34160,34700,9767765,69500,34547.5,34960.0,34615.0,34830.0,34613.333333333336,3,True,35360.0,0.019020172910662714,0.018720172910662712,-0.002380386746457345,-0.0019061239986193604,0.0007152223454250738,0.00047653086439048656,0.0028544262958488617,0.0009496676877071559,-0.002380386746457345,0.004280624847946617,0.00190023810148929,False,False,True,True,True,True,False,True,True,False,False,True,True,True,True,False,True,True,False,True,False,True,True,-0.0012666246151929424,-0.0006335128498225887,-0.0004225649756519002,0.00021126016768129044,0.0006335128498225626,0.0016874081202764432,-0.001689189590844829,0.002532181137780192,0.0010542963549059923,False,False,False,True,True,True,False,True,True,False,False,False,True,True,True,False,True,True,False,True,False,True,True
2024-08-09,2024-08-09 00:00:00+09:00,35360,35390,34990,35175,8290829,69500,35190.0,34700.0,34547.5,34937.5,34945.0,3,True,35430.0,0.0072494669509595155,0.006949466950959516,0.001386962774348806,0.0009235742979289427,0.0,-0.0011546012135919238,0.0004620004702180313,0.0,0.0023105370722775174,-0.0006926007433738563,0.0016179363289038511,True,True,False,False,False,False,True,False,True,True,True,False,False,True,False,True,False,True,False,False,False,False,False,0.0008249123998405079,0.000618238041330053,-0.0004121162226059937,-0.00041237113986426684,0.0,-0.0004125412599763404,0.0010310342185647658,-0.0008249123998405629,0.0,True,True,False,False,False,False,True,False,False,True,True,False,False,False,False,True,False,False,False,False,False,False,False
2024-08-12,2024-08-12 00:00:00+09:00,35430,35715,35355,35580,5631349,69500,35535.0,35175.0,35190.0,35377.5,35151.666666666664,4,True,35715.0,0.003794266441821348,0.003494266441821348,0.0,-0.00045861041849438707,0.0,-0.000917641725324312,-0.000229542064591024,0.0004590314517140072,-0.00045861041849438707,-0.0006881523382012745,-0.0009174312570092291,False,False,False,False,False,True,False,False,False,False,False,False,False,False,True,False,False,False,False,False,False,False,False,-0.0004101722781051024,0.0002051071692146895,0.0,-0.0008206812114292207,-0.00020527558319033296,0.0006157003786088368,-0.00020506510889048288,-0.00041025641601062385,-0.0006153215249010352,False,True,False,False,False,True,False,False,False,False,True,False,False,False,True,False,False,False,False,False,False,False,False
2024-08-13,2024-08-13 00:00:00+09:00,35715,35890,35525,35700,4852824,69500,35707.5,35580.0,35535.0,35640.0,35485.0,3,True,36145.0,0.012464985994397715,0.012164985994397715,-0.00045714286510402835,0.0,0.00022859755500172113,-0.00022859755500169261,-0.00045735194028399226,-0.00045756120679334194,-0.00022854531010229668,-0.0011435107020789379,-0.001372056012181319,False,False,True,False,False,False,False,False,False,False,False,True,False,False,False,False,False,False,False,False,False,False,False,-0.0006146911370682033,0.0008195042458231798,-0.0006146911370682033,-0.0008195042458230955,0.0012290046610459809,-0.00020472924628779464,-0.0006146911370682033,0.00020477116893507464,0.00040958427768992943,False,True,False,False,True,False,False,True,False,False,True,False,False,True,False,False,False,False,False,True,False,True,True
2024-08-14,2024-08-14 00:00:00+09:00,36145,36240,35930,36035,6244494,69500,36085.0,35700.0,35707.5,35867.5,35771.666666666664,3,True,36835.0,0.02220063826835017,0.02190063826835017,0.0004475274185231616,-0.00022373867416297113,0.00022373867416295126,0.0,0.0,0.0006709158252336917,0.0004475274185231616,0.0006709158252336917,0.0011184432437567134,True,False,True,False,False,True,True,True,True,True,False,True,False,False,True,True,True,True,True,False,False,True,False,0.00020195900300898803,0.0006056323996563025,0.0,0.0,0.0,0.0004035512564855495,0.000807591402665353,0.0004035512564855495,0.0012111426591509,True,True,False,False,False,False,True,True,True,True,True,False,False,False,True,True,True,True,True,False,False,False,False
2024-08-16,2024-08-16 00:00:00+09:00,36835,36980,36690,36890,8459225,69500,36835.0,36035.0,36085.0,36462.5,36208.333333333336,4,True,37000.0,0.0029818378964487913,0.0026818378964487914,0.0004353504639938795,0.0006526705333394627,0.0,0.0,0.0,0.00021736767828212737,0.0010880209973334971,0.00021736767828212737,0.0017402658296751985,True,True,False,False,False,False,True,False,True,True,True,False,False,False,False,True,False,True,True,False,False,False,False,0.0,0.00039510075583117885,0.0,0.00019749185410296747,0.00019745285877164636,0.00019741387883677838,0.00039510075583117885,0.0005923585917114312,0.000987459347542535,False,True,False,True,False,False,False,True,True,False,True,False,True,True,False,True,True,True,True,False,False,True,False
2024-08-19,2024-08-19 00:00:00+09:00,37000,37025,36415,36565,6736568,69500,36720.0,36890.0,36835.0,36727.5,36496.666666666664,1,False,36960.0,0.010802680158621625,0.010502680158621625,0.00043639538113459514,0.0,-0.0006546645078333884,-0.0008735532331000657,0.0004367765957187175,-0.0004367765957186699,-0.00021826912669867184,-0.0006550933742301113,-0.0008733625009288023,True,False,False,False,False,False,False,False,False,True,False,False,False,True,False,False,False,False,False,False,False,False,False,0.0,0.0003953350516008067,-0.00039541321195303575,-0.0007912957880744823,0.0009890219380019145,0.0,-0.00039541321195303575,0.00019772614992735353,-0.00019768706202562183,False,True,False,False,True,False,False,False,False,False,True,False,False,True,False,False,False,False,False,True,False,False,True
2024-08-20,2024-08-20 00:00:00+09:00,36960,37105,36795,36930,5472924,69500,36950.0,36565.0,36720.0,36747.5,36795.0,3,True,36695.0,-0.0063633901976712925,-0.0066633901976712925,-0.00021479970010630559,-0.00021484584893041744,0.00042973786651889144,-0.00021484584893041744,-0.00021489201758850425,0.00042973786651889144,-0.00021479970010630559,0.0,-0.00021479970010630559,False,False,True,False,False,False,False,False,False,False,False,True,False,False,True,False,False,False,False,False,False,False,False,0.0,0.0,0.0,-0.00019575217836807621,0.0001957521783679921,0.0005870267265728045,-0.0005870267265727415,0.0005870267265728045,0.0,False,False,True,False,False,False,False,True,False,False,False,False,False,False,True,False,True,False,False,True,False,False,True
2024-08-21,2024-08-21 00:00:00+09:00,36695,36960,36690,36880,6776592,69500,36825.0,36930.0,36950.0,36905.0,36791.666666666664,2,True,36995.0,0.003118221258134435,0.002818221258134435,-0.0004308487787458567,0.0,-0.00043103448943213675,-0.00021558693626668737,0.0,0.0,-0.0008618832681780677,-0.00021558693626668737,-0.0010774702044447607,False,False,False,False,False,False,False,False,False,False,False,False,False,False,False,False,False,False,False,False,False,False,False,-0.0003916960488780296,-0.0009793360884584417,0.0,0.0007835455836724321,0.0,0.0,-0.0007835455836724449,0.0007835455836724321,0.0,False,False,False,True,False,False,False,True,False,False,False,False,True,False,False,False,True,False,False,True,False,False,True
2024-08-22,2024-08-22 00:00:00+09:00,36995,37045,36735,36935,5570074,69500,36890.0,36880.0,36825.0,36907.5,36915.0,3,True,36710.0,-0.006091782861784245,-0.006391782861784245,-0.00021479970010630559,-0.00021484584893041744,0.0,0.00021484584893049046,0.000644260733118903,0.0,-0.000429645549036708,0.0008591065820491685,0.0004294610330125523,False,False,False,True,True,False,False,True,False,False,False,False,True,True,False,False,True,False,False,True,False,True,True,0.00019540791464225246,-0.0005864529539599296,0.00019544610635853762,0.0007818608686022961,-0.000195407914642275,0.0003907776524915481,0.0,0.0009772306064512873,0.0003907776524915481,True,False,True,True,False,False,False,True,False,False,False,True,True,False,True,False,True,False,False,False,False,True,False
2024-08-23,2024-08-23 00:00:00+09:00,36710,37045,36695,36910,5766510,69500,36870.0,36935.0,36890.0,36922.5,36908.333333333336,3,True,37025.0,0.0031156868057438114,0.0028156868057438115,0.00043431053885716655,-0.0006515365633891038,-0.00021727322193025939,0.0006516780940959621,-0.00021717884763393475,0.0,-0.00043449924646210916,0.0004344992464620286,0.0,False,False,False,True,False,False,False,False,False,True,False,False,True,False,False,False,False,False,False,True,False,False,True,0.0,0.0,0.0,0.0,0.0,0.00019632865479775032,0.0,0.00019632865479775032,0.00019632865479775032,False,False,False,False,False,False,False,False,False,False,False,False,False,False,False,False,False,False,False,False,False,True,False
2024-08-26,2024-08-26 00:00:00+09:00,37025,37070,36595,36715,4216064,69500,36832.5,36910.0,36870.0,36812.5,36853.333333333336,0,False,36680.0,-0.0009532888465204614,-0.0012532888465204613,0.0,0.0004321521242710075,-0.00043215212427088605,0.0004319654494813771,0.0004317789358964526,0.00021581957567307823,0.0,0.0010795639610509612,0.0015117160853219392,False,True,False,True,False,False,False,True,True,False,True,False,True,True,False,False,True,True,False,False,False,True,False,0.00019498878876258804,0.00019495077554675967,-0.00019495077554681874,0.0005850804652519921,0.00038986355269632973,0.00019487479356231793,0.00019498878876258804,0.0011698188115105506,0.0007797271350210612,True,False,False,True,True,False,False,True,True,False,False,False,True,True,False,False,True,True,True,False,True,True,False
2024-08-27,2024-08-27 00:00:00+09:00,36680,36695,36435,36530,4384156,69500,36565.0,36715.0,36832.5,36622.5,36718.333333333336,0,False,36505.0,-0.0006843690117711576,-0.0009843690117711575,0.0,-0.00021793614557221526,0.0,-0.00021798365208927127,-0.00021803117932220098,0.0,-0.00021793614557221526,-0.00043601483141157986,-0.0006539509769837052,False,False,False,False,False,False,False,False,False,False,False,False,False,False,False,False,False,False,False,False,False,False,False,0.0,-0.000195407914642275,0.0003907776524915481,-0.0003907776524914958,0.00019540791464225246,-0.000195407914642275,0.0007817080718563489,-0.0003907776524914958,0.0003909304193650413,False,False,True,False,False,False,True,False,False,False,False,True,False,False,False,True,False,False,False,False,False,False,False
2024-08-28,2024-08-28 00:00:00+09:00,36505,36595,36270,36595,6708121,69500,36432.5,36530.0,36565.0,36562.5,36613.333333333336,3,True,36020.0,-0.015712529034021094,-0.016012529034021096,0.0,0.0,0.00043554007657135705,0.0002176989232501761,-0.00021769892325010248,0.0004353504639938795,0.00043554007657135705,0.0004353504639938795,0.0008708905405652947,False,False,True,True,False,False,False,True,False,False,False,True,True,False,True,True,False,True,True,False,False,False,False,0.0,0.0,-0.0005858803018873425,0.0007810974816191465,-0.00019521717973177395,0.0,-0.0007810974816190822,0.0005858803018873288,-0.00019521717973177395,False,False,False,True,False,False,False,False,False,False,False,False,True,False,False,False,True,False,False,True,False,False,True
2024-08-29,2024-08-29 00:00:00+09:00,36020,36235,35910,36110,6493190,69500,36072.5,36595.0,36432.5,36352.5,36411.666666666664,1,False,36310.0,0.005538631957906492,0.0052386319579064925,0.0017714796483820209,0.0,0.0002212634149971662,0.00022121446832832964,-0.0006637902666566221,0.0008849558099665016,0.0017714796483820209,0.0004423800116383839,0.002213859660020298,True,False,False,True,False,True,True,True,True,True,False,True,True,False,True,True,False,True,True,False,False,False,False,0.0007874016154857305,-0.00019679228637747834,0.00039362330758177305,0.0,-0.0003936233075817745,0.00039362330758177305,0.0007874016154857305,0.0,0.0007874016154857305,True,False,True,False,False,False,True,False,True,True,False,True,False,False,True,True,False,True,False,False,False,False,False
2024-08-30,2024-08-30 00:00:00+09:00,36310,36410,36160,36300,4963885,69500,36285.0,36110.0,36072.5,36205.0,36335.0,2,True,36300.0,0.0,-0.0003,0.0002197077895248478,0.0006588338878917722,-0.0008785416774167318,0.0006586892322905822,-0.0004390779433878003,0.0006584001115709643,0.0,0.001097574470847551,0.0015369417889876387,False,True,False,True,False,True,False,True,True,True,True,False,True,False,True,False,True,True,False,False,False,True,False,0.00019602077883008675,0.00039192632286918155,-0.0007840063122086455,0.00039192632286918155,0.0,-0.0005879471016992372,-0.00019605921050946172,-0.0001960207788301889,0.0,True,True,False,True,False,False,False,False,False,False,True,False,True,False,False,False,False,False,False,False,False,False,False
2024-09-02,2024-09-02 00:00:00+09:00,36300,36340,35865,36260,6423898,69500,36102.5,36300.0,36285.0,36280.0,36223.333333333336,1,False,36260.0,0.0,-0.0003,0.00043639538113459514,-0.00021817388545140545,0.0,-0.00043649062238192913,0.0,0.0,0.00021822149568330413,-0.0002182214956832252,0.0,True,False,False,False,False,False,True,False,False,True,False,False,False,False,False,False,False,False,False,False,False,False,False,0.0007791196342700227,-0.00019472300713849062,-0.00038948393871137007,-0.0003896356955587065,-0.0003897875707118119,0.0003897875707119283,0.0003896356955587663,-0.0003896356955587065,0.0,True,False,False,False,False,False,True,False,False,True,False,False,False,False,True,False,False,False,False,False,False,False,False
2024-09-03,2024-09-03 00:00:00+09:00,36260,36420,35950,35955,5515228,69500,36185.0,36260.0,36102.5,36107.5,36171.666666666664,0,False,34865.0,-0.030315672368238067,-0.03061567236823807,0.0,-0.00021855535001212697,0.0006555228028903976,-0.00021850759400824548,-0.00021865092467121712,0.0,0.00043696745287815736,-0.0008743169955868456,-0.0006558094015786081,False,False,True,False,False,False,True,False,False,False,False,True,False,False,False,True,False,False,False,False,False,False,False,-0.00019479887078251108,-0.0003897116183383299,0.00038971161833828714,-0.0003897116183383299,-0.0001949127771495368,0.0005846243954878788,-0.00019479887078251108,0.0,-0.00019479887078251108,False,False,True,False,False,True,False,False,False,False,False,True,False,False,True,False,False,False,False,False,False,False,False
2024-09-04,2024-09-04 00:00:00+09:00,34865,35150,34645,34705,7172762,69500,34897.5,35955.0,36185.0,35330.0,35640.0,0,False,34875.0,0.004898429621092104,0.004598429621092104,-0.0009057971633807987,-0.0009066183757900878,0.0009066183757900925,-0.0004532064432886477,0.0006791171738086843,0.0009047727375868611,-0.0009057971633807987,0.0020368910516451186,0.001131093888264307,False,False,True,False,True,True,False,True,False,False,False,True,False,True,True,False,True,True,False,True,False,True,True,0.0,-0.0005997001678980617,-0.00019994001866067428,0.00039984006930130574,0.0003996004049176885,0.0005991013658972911,-0.0005997001678980617,0.0015984019387131562,0.0009987017708149612,False,False,False,True,True,True,False,True,True,False,False,False,True,True,True,False,True,True,False,True,False,True,True
2024-09-05,2024-09-05 00:00:00+09:00,34875,35185,34460,34650,5346956,69500,34822.5,34705.0,34897.5,34677.5,35103.333333333336,0,False,34675.0,0.0007215007215006786,0.0004215007215006786,0.0013540963477292301,-0.00045116174913706775,0.0002256063179337917,0.0004510599986264239,-0.001353790820481672,0.0,0.001128540916526137,-0.0009027308218552797,0.00022581009467076334,True,False,True,True,False,False,True,False,False,True,False,True,True,False,False,True,False,False,False,False,False,False,False,0.0009963137219489021,-0.0005976691083379047,0.0,0.0005976691083378682,-0.001195695638669601,0.0,0.0003986446136109849,-0.0005980265303316598,-0.00019938191672072393,True,False,False,True,False,False,True,False,False,True,False,False,True,False,False,True,False,False,False,False,False,False,False
2024-09-06,2024-09-06 00:00:00+09:00,34675,34700,34095,34340,5168464,69500,34397.5,34650.0,34822.5,34495.0,34565.0,0,False,33640.0,-0.02038439138031445,-0.02068439138031445,-0.0013605444275601774,0.0009072352629526443,0.0009064129331205817,-0.0009064129331206967,-0.00022668026845340026,0.0,0.0004531037685131667,-0.0009064129331206967,-0.0004533091646074675,False,True,True,False,False,False,True,False,False,False,True,True,False,False,False,True,False,False,False,False,False,False,False,-0.0006007810333903306,0.0006007810333902144,0.0004003202615510645,-0.000600540504486441,0.0,-0.0004005607904549685,0.0004003202615510645,-0.0010011012949413855,-0.0006007810333903306,False,True,True,False,False,False,True,False,False,False,True,True,False,False,False,True,False,False,False,False,False,False,False
2024-09-09,2024-09-09 00:00:00+09:00,33640,34240,33500,34110,5952857,69500,33870.0,34340.0,34397.5,34225.0,34366.666666666664,1,False,34130.0,0.0005863383172091119,0.0002863383172091119,0.00023017608572094864,-0.0011514106050418138,0.0,0.000691005440371399,0.00023028209658480455,0.0011506157062781215,-0.0009212345193208752,0.001841621146649554,0.0009203866273287486,False,False,False,True,True,True,False,True,False,True,False,False,True,True,True,False,True,True,False,True,False,True,True,0.0010124532605263112,-0.0006074719231053466,-0.0004051863912808973,0.00040510431990113053,0.0,0.0006072260079304532,-0.0002026137176418144,0.001214820963331598,0.001214820963331598,True,False,False,True,False,True,False,True,True,True,False,False,True,False,True,False,True,True,False,True,False,True,True
2024-09-10,2024-09-10 00:00:00+09:00,34130,34215,33850,33965,5218848,69500,34032.5,34110.0,33870.0,34037.5,34138.333333333336,1,False,33890.0,-0.0022081554541439896,-0.0025081554541439895,-0.0006876791101950258,-0.0006881523382012745,0.0006881523382011897,-0.0011471837899154136,0.0006884681855414845,0.0009172208852169379,-0.0006876791101950258,0.00045850528084308967,-0.00022917382935184463,False,False,True,False,True,True,False,True,False,False,False,True,False,True,True,False,False,False,False,True,False,False,True,-0.0004024954773597643,0.0,-0.0004026575452027767,-0.0010069480258738934,0.0010069480258739507,0.000402495477359719,-0.0008051530225624752,0.000402495477359719,0.0,False,False,False,False,True,True,False,False,False,False,False,False,False,True,True,False,False,False,False,True,False,False,True
2024-09-11,2024-09-11 00:00:00+09:00,33890,33915,33355,33645,5017069,69500,33635.0,33965.0,34032.5,33805.0,33906.666666666664,0,False,34105.0,0.01367216525486703,0.01337216525486703,0.001141422336000965,0.0009122007474048665,0.00022792022890687948,0.0006834491665966528,0.0011380449617945545,0.00022745365729820934,0.002281543312312696,0.00204894778568925,0.004330491098001934,True,True,False,True,True,False,True,True,True,True,True,True,True,True,False,True,True,True,True,False,True,False,False,0.0004023335399272571,0.0004021717327481336,0.00040201005566548926,0.0,0.000602712223167362,0.00020082337651597718,0.0012065153283409916,0.000803535599683173,0.0020100509280241,True,True,True,False,True,False,True,True,True,True,True,True,False,True,False,True,True,True,True,False,True,False,False
2024-09-12,2024-09-12 00:00:00+09:00,34105,34415,34045,34415,4568052,69500,34230.0,33645.0,33635.0,34030.0,34008.333333333336,4,True,34435.0,0.0005811419439198939,0.00028114194391989396,-0.0013262601413534553,0.0,0.00022111663992803443,0.0008839779581155388,-0.0002209212424759446,0.0,-0.0008839779581154826,0.000663056715639608,-0.0002209212424759446,False,False,False,True,False,False,False,False,False,False,False,True,True,False,False,False,True,False,False,True,False,False,True,-0.0005928268131332542,0.00039525692214186945,-0.00039525692214189694,0.0,0.00019764798957523123,-0.000790826454817873,-0.0005928268131332542,-0.0005931784652426995,-0.0011860052783759824,False,True,False,False,True,False,False,False,False,False,True,False,False,True,False,False,False,False,False,False,False,False,False
2024-09-13,2024-09-13 00:00:00+09:00,34435,34645,34235,34490,4802842,69500,34440.0,34415.0,34230.0,34452.5,34183.333333333336,4,True,34695.0,0.00594375181211948,0.00564375181211948,0.0002193222949902784,0.0,-0.001316367017641692,-0.0004391743592765989,-0.0002196595286152047,0.0,-0.000877770519382741,-0.0006588338878918283,-0.0015366044072745802,False,False,False,False,False,False,False,False,False,False,False,False,False,False,False,False,False,False,False,False,False,False,False,0.00019629011742294664,0.0,-0.0007853917544891784,-0.0001964443577675357,-0.00019648295573577564,-0.0005896806067677717,-0.0005891016370663143,-0.0009826079202710624,-0.0015717095573374196,True,False,False,False,False,False,False,False,False,False,False,False,False,False,False,False,False,False,False,False,False,False,False
2024-09-19,2024-09-19 00:00:00+09:00,34695,34725,33965,34430,6043733,69500,34345.0,34490.0,34440.0,34460.0,34445.0,0,False,34805.0,0.01089166424629684,0.01059166424629684,0.0004351610164405138,-0.0004351610164405859,0.0017395090274540165,-0.0006519613400550994,-0.0004348771540595304,0.002172497052600291,0.0017395090274540165,0.0010856585584857828,0.0028251675859397225,True,False,True,False,False,True,True,True,True,True,False,True,False,False,True,True,True,True,True,False,False,False,False,0.0,-0.0005822416467251516,0.000970026266769444,-0.00019396760801769147,-0.00019400523874998137,0.0011634672632980494,0.0005819028386484659,0.0007754944165303511,0.0011634672632980494,False,False,True,False,False,True,True,True,True,False,False,True,False,False,True,True,True,True,True,False,False,True,False
2024-09-20,2024-09-20 00:00:00+09:00,34805,35000,34515,34515,6874828,69500,34757.5,34430.0,34345.0,34472.5,34478.333333333336,3,True,34610.0,0.002752426481239967,0.002452426481239967,0.0,0.0,0.0006464820826386007,0.00021540118553946684,-0.00021540118553933947,0.00021540118553946684,0.0006464820826386007,0.00021540118553946684,0.0008618832681779346,False,True,True,False,False,False,True,False,False,False,False,True,True,False,False,True,False,False,True,False,False,False,False,0.0,0.00038565368777254943,0.00019277108493438938,0.00019273393140510267,0.0001926967921946631,-0.0007710100613245905,0.000578424772706777,-0.00038557933772485756,0.00019284543498191008,False,True,False,False,False,False,True,False,False,False,True,True,False,False,False,True,False,False,False,False,False,False,False
2024-09-23,2024-09-23 00:00:00+09:00,34610,34695,34480,34620,4645629,69500,34587.5,34515.0,34757.5,34567.5,34521.666666666664,3,True,34805.0,0.005343731946851449,0.005043731946851449,0.0,0.0,-0.00021479970010630559,-0.000644676072612444,0.0,0.0008594757727187018,-0.00021479970010630559,0.00021479970010632063,0.0,False,False,False,False,False,True,False,False,False,False,False,False,False,False,True,False,False,False,False,True,False,False,True,-0.000385208017089893,0.0,0.0,-0.0007710100613245905,-0.0001928082527904682,0.0005783132691299858,-0.00057786768438458,-0.00019269679219473504,-0.000770564476579366,False,False,False,False,False,True,False,False,False,False,False,False,False,False,True,False,False,False,False,False,False,False,False
2024-09-24,2024-09-24 00:00:00+09:00,34805,35035,34525,35035,6212802,69500,34780.0,34620.0,34587.5,34827.5,34723.333333333336,4,True,35360.0,0.00927643784786647,0.00897643784786647,-0.000644676072612444,0.00021493820609357962,0.00042973786651889144,0.00042955327120979415,0.0,0.000214707461909031,0.0,0.000644260733118903,0.000644260733118903,False,True,False,False,False,False,False,False,False,False,True,True,True,False,False,False,True,False,False,False,False,True,False,-0.0001924372179516992,0.0,0.00019243721795168762,-0.0001924372179516992,0.0,0.0003848374109453879,0.0,0.00019240019299371187,0.00019240019299371187,False,False,False,False,False,False,False,False,False,False,False,True,False,False,False,False,False,False,False,False,False,True,False
2024-09-25,2024-09-25 00:00:00+09:00,35360,35535,34520,34520,7750557,69500,35027.5,35035.0,34780.0,34777.5,34725.0,0,False,35125.0,0.017526071842410174,0.017226071842410172,0.00021461530289487558,-0.0012883832574544986,-0.00021484584893041744,0.00042964554903666215,-0.000429645549036708,-0.0006448146381400675,-0.0010737679545596637,-0.0006448146381400675,-0.0017185825926997024,False,False,False,False,False,False,False,False,False,False,False,False,True,False,False,False,False,False,False,False,False,False,False,0.0,-0.0009625566245159316,0.0003850596890087952,-0.00038505968900877727,-0.00019258546039300738,0.00019258546039297036,-0.00038491147511408836,-0.00038505968900877727,-0.0007699711641229107,False,False,True,False,False,False,False,False,False,False,False,True,False,False,False,False,False,False,False,False,False,False,False
2024-09-26,2024-09-26 00:00:00+09:00,35125,35680,35110,35680,6994284,69500,35395.0,34520.0,35027.5,35100.0,35078.333333333336,4,True,35765.0,0.002382286995515681,0.002082286995515681,0.0,0.0004232804296001803,0.0008460237391256038,0.0014788214377730808,0.00021108179497904265,-0.00042220815488917986,0.0012693041687258215,0.0012676950778628844,0.0025369992465886526,False,True,True,True,True,False,True,True,True,False,True,True,True,True,False,True,True,True,True,False,False,False,False,0.0005741077566548132,0.00019129603119064252,0.0005736686264986042,0.0005733397194800072,0.00019104021454611575,-0.00019104021454609163,0.0013390724143439896,0.0005733397194800072,0.0019124121338242699,True,True,True,True,False,False,True,True,True,True,False,True,True,False,False,True,True,True,True,False,True,False,False
2024-09-27,2024-09-27 00:00:00+09:00,35765,36025,35535,35535,6771255,69500,35780.0,35680.0,35395.0,35607.5,35245.0,2,True,35760.0,0.00633178556352898,0.00603178556352898,-0.0014876211435397616,0.0,0.00021265284503315873,0.0008501594560943921,-0.0008501594560943328,-0.0021285661506303243,-0.0012749682985065854,-0.0021285661506303243,-0.0034035344491369596,False,False,False,True,False,False,False,False,False,False,False,False,True,False,False,False,False,False,False,False,False,False,False,-0.00038343558751988144,0.00019173617161615214,0.00019169941590382644,0.0005748778542915947,-0.0005748778542916635,-0.0009588647776569904,0.0,-0.0009588647776569904,-0.0009588647776569904,False,True,False,True,False,False,False,False,False,False,False,True,True,False,False,False,False,False,False,False,False,False,False
2024-09-30,2024-09-30 00:00:00+09:00,35760,35830,34720,34720,7175102,69500,35275.0,35535.0,35780.0,35127.5,35311.666666666664,0,False,34160.0,-0.016129032258064502,-0.016429032258064503,-0.00042780749315580953,0.0006413682742571541,-0.001497166358153348,0.0004279905907402669,-0.0006420545966952266,-0.0004282655311710513,-0.0008557980838960206,-0.0006423295371259443,-0.0014981276210219922,False,True,False,False,False,False,False,False,False,False,True,False,True,False,False,False,False,False,False,False,False,False,False,-0.0001919938567863737,-0.000384098333894438,-0.00019206760838840807,0.000576424264207099,-0.0003842459221148199,-0.00038439362379909497,-0.0005760921906808688,-0.00019221528170667115,-0.0013447317365947193,False,False,False,True,False,False,False,False,False,False,False,False,True,False,False,False,False,False,False,False,False,False,False
2024-10-02,2024-10-02 00:00:00+09:00,34160,34670,34095,34355,6121360,69500,34382.5,34720.0,35275.0,34537.5,34870.0,1,False,34270.0,-0.0024741667879493168,-0.0027741667879493167,0.00043374539825539034,-0.00043374539825543864,-0.0004339336149669827,0.0008676790132225019,-0.00021684918224414574,0.0010837759812298373,-0.0004339336149669827,0.0017346058122083715,0.001300672197241353,True,False,False,True,False,True,False,True,True,True,False,False,True,False,True,False,True,True,False,True,False,True,True,0.00019362958720579943,-0.00019362958720578718,0.00038722168925267613,-0.0007739938466889643,-0.00019359210204684135,0.0007741436423003297,0.00038722168925267613,-0.00019344230643551734,0.0009677732295061782,False,False,True,False,False,True,False,False,True,False,False,True,False,False,True,True,False,True,False,False,False,False,False
2024-10-04,2024-10-04 00:00:00+09:00,34270,34640,34140,34340,6396033,69500,34390.0,34355.0,34382.5,34347.5,34471.666666666664,1,False,34425.0,0.0024752475247524774,0.0021752475247524775,-0.00043122036028279514,0.00021563342401618172,-0.0008620690189053755,-0.0008628128231554956,0.0008628128231553449,0.00043112740482406615,-0.00021558693626668737,0.00043112740482406615,0.00021554046855724968,False,True,False,False,True,False,False,False,False,False,True,False,False,True,False,False,False,False,False,True,False,True,True,-0.0005795421779131089,0.0,0.0,-0.0001932180471666799,0.00019321804716677753,-0.0001932180471666799,-0.00038632413074648066,-0.0001932180471666799,-0.0005795421779131089,False,False,False,False,True,False,False,False,False,False,False,False,False,True,False,False,False,False,False,False,False,False,False
2024-10-07,2024-10-07 00:00:00+09:00,34425,34975,34175,34885,5638671,69500,34575.0,34340.0,34390.0,34612.5,34526.666666666664,4,True,34605.0,-0.008026372366346513,-0.008326372366346512,0.0,-0.0004271678834712028,0.0,-0.00021365238837814696,0.0,0.00042725913916365194,-0.0004271678834712028,0.00021360675078549438,-0.00021356113268569115,False,False,False,False,False,False,False,False,False,False,False,False,False,False,False,False,False,False,False,True,False,False,True,-0.00019188333552111708,-0.00019188333552111708,0.0001918833355211195,-0.0003838771640231041,0.00019195700222106692,0.0003838034973231008,0.0,0.0001918833355211195,0.0,False,False,False,False,True,False,False,False,False,False,False,True,False,False,False,False,False,False,False,False,False,False,False
2024-10-08,2024-10-08 00:00:00+09:00,34605,34725,34440,34620,4408500,69500,34582.5,34885.0,34575.0,34752.5,34615.0,3,True,34900.0,0.008087810514153748,0.007787810514153748,0.000431872172551305,0.00021586616381712772,-0.0004317789358963925,-0.00021595940047222447,-0.00021600604900917305,0.0,0.00021595940047226033,-0.00021595940047222447,0.0,True,True,False,False,False,False,False,False,False,True,True,False,False,False,False,False,False,False,False,False,False,False,False,0.00019347973360159278,-0.00019347973360156137,0.00019347973360159278,0.0,-0.0001935171752531139,-0.0001935171752531139,0.00019347973360159278,-0.0001935171752531139,-0.0001935171752531139,True,False,False,False,False,False,False,False,False,False,False,True,False,False,False,False,False,False,False,False,False,False,False
2024-10-10,2024-10-10 00:00:00+09:00,34900,34950,34635,34685,6478450,69500,34792.5,34620.0,34582.5,34652.5,34730.0,2,True,34895.0,0.006054490413723412,0.005754490413723412,0.0002107703664668275,0.0,-0.0010542963549060478,-0.00021099272153384476,-0.0006332454037467165,0.0010551863382766795,-0.000843525988439187,0.00021094821299622794,-0.0006325777754430657,False,False,False,False,False,True,False,False,False,False,False,False,False,False,True,False,False,False,False,True,False,False,True,0.0,0.0,-0.00038051750839649616,-0.0005710478883646713,-0.00019042178482750845,0.0005711566076258124,-0.00038051750839649616,-0.00019031306556628036,-0.0005708305739628504,False,False,False,False,False,True,False,False,False,False,False,False,False,False,True,False,False,False,False,False,False,False,False
2024-10-11,2024-10-11 00:00:00+09:00,34895,35055,34670,34730,5585424,69500,34862.5,34685.0,34792.5,34707.5,34678.333333333336,2,True,34800.0,0.0020155485171322596,0.0017155485171322597,0.0,0.0004222973035732149,-0.0006335128498225887,0.0,0.0,0.0002111263599102077,-0.00021121554624940102,0.0002111263599102077,0.0004222973035732149,False,True,False,False,True,False,False,False,False,False,True,False,False,False,False,False,False,False,False,True,False,True,True,0.0001906395964213807,0.0001906395964213807,0.0,0.0001906395964213807,0.0005720278542862049,0.0,0.0,0.0001906395964213807,0.0001906395964213807,False,True,False,True,True,False,False,False,False,False,True,False,False,True,False,False,False,False,False,False,False,True,False
2024-10-14,2024-10-14 00:00:00+09:00,34800,35265,34800,35140,5728670,69500,35032.5,34730.0,34862.5,34935.0,34851.666666666664,4,True,35320.0,0.00512236767216856,0.00482236767216856,0.0,-0.00021103724885757384,0.00021103724885753692,-0.0004221190438364983,0.00042211904383662366,0.00021099272153392713,0.0,0.00021099272153392713,0.00021099272153392713,False,False,False,False,True,False,True,False,False,False,False,False,False,True,False,False,False,False,False,False,False,True,False,0.0,-0.00018973531979888823,0.00018973531979892198,0.0005693139920351942,-0.00018973531979888823,0.00018973531979892198,0.0,0.0005693139920351942,0.0,False,False,False,True,False,False,False,True,False,False,False,True,True,False,False,False,True,False,False,False,False,False,False
2024-10-15,2024-10-15 00:00:00+09:00,35320,35345,35040,35265,5409366,69500,35192.5,35140.0,35032.5,35202.5,35045.0,3,True,34780.0,-0.013753012902311124,-0.014053012902311124,-0.0004180602067577332,-0.00041823505419349174,0.0,-0.00020918314060171207,0.00020918314060179466,0.0004182350541935309,-0.0008362952609512435,0.0004182350541935309,-0.0004180602067577332,False,False,False,False,True,False,False,False,False,False,False,False,False,True,False,False,False,False,False,True,False,False,True,-0.0001879169412652099,0.0,0.0,-0.000187952260679251,0.00018795226067915818,0.00018791694126521632,-0.0001879169412652099,0.00018791694126521632,0.0,False,False,False,False,False,False,False,False,False,False,False,False,False,False,False,False,False,False,False,True,False,False,True
2024-10-16,2024-10-16 00:00:00+09:00,34780,35085,34690,34945,6674005,69500,34887.5,35265.0,35192.5,35105.0,35116.666666666664,1,False,35050.0,0.0030047217055373387,0.002704721705537339,-0.00021139414516940257,0.0,-0.00021143884210289636,-0.0008462027160326631,0.00021161781900991402,0.0,-0.0004228329872722536,-0.00042301185063942445,-0.0008458448379117417,False,False,False,False,True,False,False,False,False,False,False,False,False,True,False,False,False,False,False,False,False,False,False,-0.0003786444573826348,0.0,0.0,-0.00018937600662602628,0.0,-0.00018941187669097476,-0.0003786444573826348,-0.00037878788331697507,-0.0007574323406996365,False,False,False,False,False,False,False,False,False,False,False,False,False,False,False,False,False,False,False,False,False,False,False
2024-10-17,2024-10-17 00:00:00+09:00,35050,35090,34845,35025,5635313,69500,34967.5,34945.0,34887.5,34985.0,35078.333333333336,2,True,35090.0,0.001855817273376248,0.001555817273376248,0.0014844663949649093,0.00021188685321348968,0.0,0.0010585372005663713,0.001268767351424176,0.0012671596204533021,0.0016963532481783338,0.003594464172444005,0.00550265938730805,True,False,False,True,True,True,True,True,True,True,True,False,True,True,True,True,True,True,True,False,True,True,False,0.0017005200130043709,-0.0005666257588566007,0.0001888395813372566,-0.0003776435090197919,0.0007550019233690852,0.0,0.0015117160853219392,0.0005661979956866087,0.00226671800869101,True,False,False,False,True,False,True,True,True,True,False,False,False,True,False,True,True,True,True,False,False,False,False
2024-10-18,2024-10-18 00:00:00+09:00,35090,35145,34660,34820,6168840,69500,34902.5,35025.0,34967.5,34922.5,34930.0,0,False,34840.0,0.0005743825387707346,0.00027438253877073467,0.00042292240004446164,0.00021139414516944792,0.0004226542750998682,0.00021126016768129044,0.00021121554624945724,0.0004222973035732149,0.0010569708203138105,0.0008447730175037023,0.0019017438378177028,True,False,True,False,True,False,True,True,True,True,True,True,False,True,False,True,True,True,True,False,True,False,False,0.000188625861164651,-0.00018862586116474945,0.0,0.0,0.00018855472856841858,0.0,0.0,0.00018855472856841858,0.0005657708778922416,True,False,False,False,False,False,False,False,True,False,False,False,False,False,False,False,False,True,False,False,False,True,False
2024-10-21,2024-10-21 00:00:00+09:00,34840,35085,34710,34920,4704271,69500,34897.5,34820.0,34902.5,34870.0,34921.666666666664,3,True,34780.0,-0.004009163802978222,-0.004309163802978222,-0.00042131873384972606,-0.0002107259516806615,-0.0002107703664669008,0.0004214963181474308,-0.00042149631814754725,0.0004214963181474308,-0.0008428150519972754,0.0004214963181474308,-0.00042131873384972606,False,False,False,False,False,False,False,False,False,False,False,False,True,False,False,False,False,False,False,True,False,False,True,-0.000188129057087698,0.0,-0.000188129057087698,0.0,-0.0003763643251050765,0.00037636432510505894,-0.000188129057087698,0.0,-0.000188129057087698,False,False,False,False,False,True,False,False,False,False,False,False,False,False,False,False,False,False,False,False,False,False,False
2024-10-22,2024-10-22 00:00:00+09:00,34780,34815,34310,34410,7816564,69500,34562.5,34920.0,34897.5,34665.0,34716.666666666664,0,False,34445.0,0.0010171461784365121,0.0007171461784365122,0.00021072595168067658,0.00021063717824060425,-0.00042131873384972606,-0.0006323111181271348,0.0,0.00042158516644644336,0.00021072595168067658,-0.0002107259516806615,0.0,False,False,False,False,False,False,True,False,False,False,True,False,False,False,False,False,False,False,False,False,False,False,False,0.0001888039276825461,-0.0005663048759179945,-0.00037771482979757106,0.0,0.0,0.0,-0.00037771482979757106,0.0,-0.00037771482979757106,True,False,False,False,False,False,False,False,False,True,False,False,False,False,False,False,False,False,False,False,False,False,False
2024-10-23,2024-10-23 00:00:00+09:00,34445,34985,34315,34855,6679313,69500,34650.0,34410.0,34562.5,34632.5,34728.333333333336,4,True,34650.0,-0.005881509109166516,-0.006181509109166516,-0.0006303183316157478,0.0,0.0,-0.0004202563625627011,0.00021015025820751606,0.0002101061043553075,-0.00021006196905302884,0.0,-0.00021006196905302884,False,False,False,False,True,False,False,False,False,False,False,False,False,False,False,False,False,False,False,False,False,False,False,-0.00018862586116474945,0.00037721614932390723,0.0,0.000188625861164651,-0.00018862586116474945,0.000188625861164651,-0.00018862586116474945,0.000188625861164651,0.0,False,True,False,True,False,False,False,True,False,False,True,False,True,False,False,False,False,False,False,True,False,False,True
2024-10-24,2024-10-24 00:00:00+09:00,34650,34780,34495,34565,7024836,69500,34637.5,34855.0,34650.0,34710.0,34610.0,0,False,34610.0,0.0013018949804715074,0.0010018949804715075,0.0006361997881851431,-0.00021202162700016282,0.00021202162700008695,0.0004239084421259153,-0.00042390844212583884,0.0004239084421259153,0.0006361997881851431,0.0004239084421259153,0.0010601082303109894,True,False,True,False,False,True,True,True,True,True,False,False,True,False,False,True,False,True,True,False,False,False,False,0.00018977132612218913,0.0,0.0003795066459210198,0.00018969932713616943,0.0,0.0,0.0003795066459210198,0.00018969932713616943,0.0005692059730574646,True,False,True,True,False,False,True,True,True,True,False,True,True,False,False,True,False,True,True,False,False,False,False
2024-10-25,2024-10-25 00:00:00+09:00,34610,34900,34460,34590,5844114,69500,34680.0,34565.0,34637.5,34577.5,34670.0,1,False,34635.0,0.001300954032957602,0.001000954032957602,0.0002114388421029302,-0.0004228329872722536,0.00021134946712930044,0.00021130480797050237,0.0,0.0006336466575937208,0.0006341824544015696,0.0008449514655643136,0.0014791339199657957,True,False,True,False,False,True,True,True,True,False,False,False,False,False,True,True,True,True,True,False,False,True,False,0.0003796507258964794,0.0,0.00018977132612218913,0.00018973531979892198,0.00018969932713616943,0.00018966334812660688,0.0005694220520186192,0.0005690979950616985,0.0011385200470803397,True,False,False,True,True,False,True,True,True,True,False,True,True,False,False,True,True,True,True,False,True,False,False
2024-10-28,2024-10-28 00:00:00+09:00,34635,34965,34605,34905,3512787,69500,34785.0,34590.0,34680.0,34747.5,34686.666666666664,4,True,34850.0,-0.0015757054863200226,-0.0018757054863200225,-0.000417972837850957,-0.0002090082565869664,-0.0004181476121976519,0.0,0.0,0.0008361204500485622,-0.0008361204500485702,0.0008361204500485622,0.0,False,False,False,False,False,True,False,True,False,False,False,False,False,False,True,False,True,False,False,True,False,False,True,-0.00018901805178661343,-0.0001890537863651265,-0.00037821483052973476,-0.0011355035285170762,0.0015137183590467277,-0.00018908953445766436,-0.0007562866686815505,0.0001891252960719847,-0.0005671613726094852,False,False,False,False,True,False,False,False,False,False,False,False,False,True,False,False,False,False,False,True,False,False,True
2024-10-29,2024-10-29 00:00:00+09:00,34850,34995,34655,34995,4158363,69500,34825.0,34905.0,34785.0,34950.0,34830.0,4,True,34775.0,-0.006286612373196165,-0.006586612373196165,0.00021019443062146457,0.00021015025820751606,-0.00021015025820744017,0.0006303183316156856,0.00020997375405237516,0.00020992967433038003,0.00021019443062146457,0.0012602396122877732,0.001470434042909184,False,False,False,True,False,False,False,True,True,False,True,False,True,True,False,False,True,True,True,False,True,True,False,0.0,0.0,0.0,0.00018944776034696093,-0.00018944776034680454,0.0007575757938081309,0.0,0.0007575757938081309,0.0007575757938081309,False,False,False,False,False,True,False,True,True,False,False,False,False,False,True,False,True,True,False,False,False,True,False
2024-10-30,2024-10-30 00:00:00+09:00,34775,34825,34440,34540,6639157,69500,34632.5,34995.0,34825.0,34767.5,34813.333333333336,0,False,34215.0,-0.009409380428488712,-0.009709380428488712,0.00041580042179100807,-0.0006237654844101822,0.00041597338370202944,0.0006236358169067733,0.0,0.0004155412484478306,0.0,0.0010391770653547074,0.0010391770653547074,True,False,True,True,False,False,False,True,True,True,False,True,True,False,False,False,True,True,False,False,False,True,False,-0.00018876828748832003,-0.00018880392768256933,-0.001133572764499105,0.0013223766921816927,0.0,0.0009434853044440908,-0.0015111449796699388,0.0022658619966257607,0.0007547170169557742,False,False,False,True,False,True,False,True,True,False,False,False,True,False,True,False,True,True,False,True,False,True,True
2024-10-31,2024-10-31 00:00:00+09:00,34215,34380,34005,34085,7856335,69500,34192.5,34540.0,34632.5,34312.5,34540.0,0,False,33820.0,-0.007774680944697132,-0.008074680944697132,0.0004222973035732149,0.0,0.0,0.0,-0.0002112601676812297,0.0,0.0004222973035732149,-0.0002112601676812297,-0.0004224757139306855,True,False,False,False,False,False,True,False,False,True,False,False,False,False,False,True,False,False,False,False,False,False,False,0.0001904580521899651,-0.0001904580521899086,0.00038117019710595245,-0.0005718097935274553,-0.00038138825786477465,0.0007626311141789866,-0.0003810249617444497,-0.00019056693721325755,-0.0005715918989576533,True,False,True,False,False,True,False,False,False,True,False,True,False,False,True,False,False,False,False,False,False,False,False
2024-11-01,2024-11-01 00:00:00+09:00,33820,34055,33720,33845,4997821,69500,33887.5,34085.0,34192.5,33965.0,34156.666666666664,1,False,33930.0,0.0025114492539517475,0.0022114492539517475,0.00042817384511999326,-0.0002140640059549584,0.0,-0.00021415569200597406,-0.0004284490211214569,-0.0004286326683714024,0.00021410983916502719,-0.0010712373814988035,-0.0010712373814988035,True,False,False,False,False,False,True,False,False,True,False,False,False,False,False,False,False,False,False,False,False,False,False,0.00019284543498191008,-0.00019284543498200642,0.0,-0.00019288263151711178,-0.00019291984240411416,-0.0003859513749182951,0.0,-0.0007717538488394208,-0.0007717538488394208,True,False,False,False,False,False,False,False,False,True,False,False,False,False,False,False,False,False,False,False,False,False,False
2024-11-04,2024-11-04 00:00:00+09:00,33930,34430,33835,34410,6150133,69500,34132.5,33845.0,33887.5,34127.5,34113.333333333336,4,True,34090.0,-0.009299622202847968,-0.009599622202847968,-0.00021301523139451422,0.0,0.0,0.0010646226918468882,0.00021278859533419505,0.0008507018803128285,-0.00021301523139451422,0.0021281131674940135,0.0019150979360996131,False,False,False,True,True,True,False,True,True,False,False,False,True,True,True,False,True,True,False,True,False,True,True,0.0,0.00038461538935661416,-0.0001922892035537344,0.0007689350628772567,-0.00038439362379909497,0.0009607071543023251,0.00019232618580302034,0.0013452485933803935,0.0015375747791834115,False,True,False,True,False,True,True,True,True,False,True,False,True,False,True,False,True,True,True,False,False,True,False
2024-11-05,2024-11-05 00:00:00+09:00,34090,34350,34030,34215,6242864,69500,34190.0,34410.0,34132.5,34312.5,34156.666666666664,3,True,34355.0,0.004091772614350342,0.003791772614350342,-0.00021424745663094983,0.0,0.0,0.00042844902112140754,-0.00021420156449038596,0.00021420156449037587,-0.00021424745663094983,0.00042844902112140754,0.00021420156449037587,False,False,False,True,False,False,False,False,False,False,False,False,True,False,False,False,False,False,False,True,False,True,True,0.0,0.0,0.0,0.0,0.0,0.00019310611240847366,0.0,0.00019310611240847366,0.00019310611240847366,False,True,False,False,False,False,False,True,False,False,False,False,False,False,False,False,False,False,False,False,False,True,False
2024-11-06,2024-11-06 00:00:00+09:00,34355,34470,33850,34135,8834595,69500,34160.0,34215.0,34190.0,34175.0,34253.333333333336,0,False,33985.0,-0.004394316683755672,-0.004694316683755672,-0.0004191114897895163,0.0018850146957714257,0.0008366451021387579,-0.00020909566202683568,0.0012541807664056836,0.00020887728535481505,0.0020929266744003777,0.0010448229975667973,0.003137749671967165,False,True,True,False,True,False,True,True,True,False,True,True,False,True,False,True,True,True,True,False,False,False,False,0.0007551444572552761,0.0011316485553215312,-0.00018851918238505945,-0.0009433073051149641,0.0009433073051150133,0.0016957140191397847,0.0016982738301916103,0.0016957140191397847,0.0032054331207630104,True,True,False,False,True,True,True,True,True,True,True,False,False,True,True,True,True,True,True,False,False,False,False
2024-11-07,2024-11-07 00:00:00+09:00,33985,34360,33805,34120,6664655,69500,34082.5,34135.0,34160.0,34127.5,34156.666666666664,1,False,34440.0,0.009378663540445586,0.009078663540445587,0.00020574015091605674,0.00020569783061318952,0.0006168397440366843,0.00020552872336240772,-0.0008223684673993002,0.0004112687699342843,0.0010282777255660649,-0.00020557097410253518,0.0008227067514635477,False,True,True,False,False,False,True,False,False,False,True,True,False,False,False,True,False,False,False,False,True,False,False,0.0001860638204269285,-0.0001860638204270075,0.0013019624270087383,0.0,-0.000743909277379055,0.0009298001599665274,0.0011158639803935048,0.00018589088258745505,0.0011158639803935048,False,False,True,False,False,True,True,False,True,False,False,True,False,False,True,True,False,True,True,False,False,False,False
2024-11-08,2024-11-08 00:00:00+09:00,34440,34560,33980,34080,7350207,69500,34270.0,34120.0,34082.5,34100.0,34111.666666666664,0,False,33865.0,-0.006308685446009377,-0.0066086854460093766,0.0004052684959217598,0.00040510431990113053,0.0,-0.00020253164626197776,-0.0008105370251246842,-0.0004055150096120973,0.0008103728158228557,-0.0014185836809987372,-0.0006082108651759355,True,True,False,False,False,False,True,False,False,True,True,False,False,False,False,True,False,False,False,False,False,False,False,0.0003694808835679423,0.0011076242594453593,-0.00018451886757773873,0.0007384161310232592,0.0,0.0,0.0012925862754354835,-0.00018468926084444737,0.0003694808835679423,True,True,False,True,False,False,True,False,False,True,True,False,True,False,False,True,False,False,False,False,False,False,False
2024-11-11,2024-11-11 00:00:00+09:00,33865,33870,33420,33530,7768380,69500,33645.0,34080.0,34270.0,33805.0,33910.0,0,False,33365.0,-0.004920966298836871,-0.005220966298836871,-0.00020208143950758154,0.0,-0.00020212228466993015,-0.00020216314634707866,0.0,0.00020212228466992378,-0.0004042037241774337,0.00020212228466992378,-0.00020208143950758154,False,False,False,False,False,False,False,False,False,False,False,False,False,False,False,False,False,False,False,True,False,False,True,-0.00018363786664408747,0.0,0.0,-0.00018367159570418636,-0.0005512172854313894,0.0007348888811355204,-0.00018363786664408747,0.0,-0.00018363786664408747,False,False,False,False,False,True,False,False,False,False,False,False,False,False,True,False,False,False,False,False,False,False,False
2024-11-12,2024-11-12 00:00:00+09:00,33365,33460,32790,32830,9429911,69500,33125.0,33530.0,33645.0,33180.0,33480.0,0,False,32565.0,-0.00807188547060611,-0.00837188547060611,-0.00040576182338009965,0.00020290149202203985,0.0,0.00020286033135807007,-0.00020286033135802692,-0.0002029014920221159,-0.00020286033135802692,-0.0002029014920221159,-0.00040576182338009965,False,False,False,False,False,False,False,False,False,False,True,False,False,False,False,False,False,False,False,False,False,False,False,0.0,0.0,0.0,0.00018394187488642675,-0.0009200479073885704,-0.00018407731299103087,0.0,-0.0007361060325023158,-0.0009200479073885704,False,False,False,False,False,False,False,False,False,False,False,False,False,False,False,False,False,False,False,False,False,False,False
2024-11-13,2024-11-13 00:00:00+09:00,32565,32755,31940,31990,10612097,69500,32347.5,32830.0,33125.0,32410.0,32783.333333333336,0,False,32035.0,0.0014066895904969456,0.0011066895904969457,-0.0006110602084425462,-0.00020376974089864739,0.00020376974089861687,0.00020372822725053423,-0.0008151620585890672,0.00040758101236740464,-0.0006110602084425462,0.0,-0.0006110602084425462,False,False,True,False,False,False,False,False,False,False,False,False,False,False,False,False,False,False,False,False,False,False,False,0.0,0.00018482580220799687,0.0,0.0,-0.0009244708063423797,0.00018496254561186352,0.00018482580220799687,-0.0007395082607303942,-0.0005546824585223843,False,True,False,False,False,False,False,False,False,False,True,False,False,False,False,False,False,False,False,False,False,False,False
2024-11-14,2024-11-14 00:00:00+09:00,32035,32250,31810,31855,10261937,69500,32030.0,31990.0,32347.5,31922.5,32225.0,0,False,31870.0,0.00047088369172820776,0.0001708836917282078,0.00020364525067827967,-0.0004073319811921075,0.0004073319811920635,0.00020368673051375112,0.00020364525067827967,-0.0004073319811921075,0.00020364525067827967,0.0,-0.00020368673051371835,False,False,True,False,True,False,False,False,False,False,False,True,False,True,False,False,False,False,False,False,False,False,False,0.0009227646682272444,0.0,0.0009227646682272444,0.0,0.00018445079827263228,-0.0003689356249188968,0.0009227646682272444,-0.00018448482664627287,0.0007382798415809127,True,False,True,False,True,False,True,False,False,True,False,True,False,False,False,True,False,True,False,False,False,False,False
2024-11-15,2024-11-15 00:00:00+09:00,31870,32280,31680,32085,8507787,69500,31980.0,31855.0,32030.0,31970.0,31976.666666666668,4,True,32440.0,0.011064360292971864,0.010764360292971864,-0.0004111842163195991,-0.0008228759978828438,-0.00020582484378522682,-0.0008237232755710675,-0.0004121162226059937,-0.002269680124246347,-0.0014398850579876432,-0.003505519622423463,-0.004945404680411109,False,False,False,False,False,False,False,False,False,False,False,False,False,False,False,False,False,False,False,False,False,False,False,-0.0005580876342415363,-0.000558295352735339,-0.000186167737668794,-0.0005587112539415791,-0.0005590235867188781,-0.000932400999951134,-0.0011164869042187095,-0.002050135840611723,-0.003166622744830447,False,False,False,False,False,False,False,False,False,False,False,False,False,False,False,False,False,False,False,False,False,False,False
2024-11-18,2024-11-18 00:00:00+09:00,32440,33095,32420,32830,5891926,69500,32757.5,32085.0,31980.0,32457.5,32256.666666666668,4,True,32775.0,-0.0016752969844654464,-0.0019752969844654463,-0.0004164931338839909,-0.00020831163495801155,0.00041657988521629787,-0.0006249349229530288,0.0004166666726949109,0.00020826825025813358,-0.00020822488362588613,0.0,-0.00020822488362588613,False,False,True,False,True,False,False,False,False,False,False,True,False,True,False,False,False,False,False,False,False,False,False,0.0,0.0001873887384852703,0.0,-0.00018738873848518582,-0.0003748828535001187,0.0005622715919853505,0.0001873887384852703,0.0,0.0001873887384852703,False,True,False,False,False,False,False,False,False,False,True,False,False,False,True,False,False,False,False,False,False,False,False
2024-11-19,2024-11-19 00:00:00+09:00,32775,33020,32770,32945,7100086,69500,32895.0,32830.0,32757.5,32887.5,32620.0,4,True,32890.0,-0.0016694490818029983,-0.0019694490818029983,-0.00041597338370189815,0.0,0.0,0.00041597338370202944,0.0,0.00041580042179100807,-0.00041597338370189815,0.0008317738054929468,0.00041580042179100807,False,False,False,True,False,True,False,True,False,False,False,False,True,False,False,False,True,False,False,True,False,True,True,0.0,0.0,0.0,0.0,-0.00018689842125239618,0.0001868984212523933,0.0,0.0,0.0,False,False,False,False,False,False,False,False,False,False,False,False,False,False,False,False,False,False,False,False,False,False,False
2024-11-20,2024-11-20 00:00:00+09:00,32890,33085,32810,33010,4688772,69500,32947.5,32945.0,32895.0,32977.5,32928.333333333336,4,True,32835.0,-0.005301423810966321,-0.005601423810966321,-0.00020671834698938871,-0.00020676108829991585,0.0002067610882999947,0.00041339397033536383,-0.00020667562334598894,0.0014458331548940061,-0.00020671834698938871,0.001652551501883455,0.0014458331548940061,False,False,False,True,False,True,False,True,True,False,False,False,True,False,True,False,True,True,False,True,False,True,True,-0.00018620240254896048,-0.0003725782457406956,0.0005588153260815102,0.0,-0.0007452953577706449,0.001862197931064621,-0.00018620240254896048,0.001116902573293999,0.0007444630904041356,False,False,True,False,False,True,False,True,True,False,False,True,False,False,True,False,True,True,False,True,False,True,True
2024-11-21,2024-11-21 00:00:00+09:00,32835,33230,32820,33050,7895737,69500,33025.0,33010.0,32947.5,33030.0,33001.666666666664,4,True,33205.0,0.004689863842662678,0.004389863842662678,-0.001454848017182416,0.0,0.00041580042179100807,0.0,0.0,0.0008312552432102847,-0.0008310825327721741,0.0008312552432102847,-0.00020770588920868545,False,False,True,False,False,True,False,False,False,False,False,True,False,False,True,False,True,False,False,True,False,False,True,0.0,-0.000935016430906643,0.0009348416124403637,-0.00018689842125239618,0.0001868984212523933,-0.0007478033625730787,0.0001868984212523933,-0.0007478033625730787,-0.0005609049413206738,False,False,True,False,True,False,False,False,False,False,False,True,False,True,False,False,False,False,False,False,False,False,False
2024-11-22,2024-11-22 00:00:00+09:00,33205,33500,33145,33345,5007775,69500,33322.5,33050.0,33025.0,33197.5,33135.0,4,True,33645.0,0.008996851102114345,0.008696851102114345,-0.00020676108829991585,-0.0008274721200324241,-0.0004139929680324928,0.0012414650880649455,0.0004134794352892201,-0.00020663291735883182,-0.001448226176364875,0.0018616201467001076,0.00041339397033536383,False,False,False,True,True,False,False,True,False,False,False,False,True,True,False,False,True,False,False,True,False,True,True,-0.00092910905132116,0.00018589088258745505,0.00037167813102092074,-0.0003716781310209698,0.001485884374424553,0.00018558040324201367,-0.00037154003771261245,0.001299786646645513,0.0009282466089329583,False,True,True,False,True,False,False,True,True,False,True,True,False,True,False,False,True,True,False,True,False,True,True
2024-11-25,2024-11-25 00:00:00+09:00,33645,33870,33520,33735,6798558,69500,33695.0,33345.0,33322.5,33540.0,33376.666666666664,4,True,33520.0,-0.006373202904994768,-0.006673202904994768,0.00020502306581290857,0.00020498103997170514,0.000204939031355644,-0.0004099200713272636,0.0,0.00020498103997170514,0.0006149431371402312,-0.00020493903135566924,0.00041000410578464347,True,True,False,False,False,False,True,False,False,False,True,False,False,False,False,True,False,False,False,False,False,False,False,0.0,-0.0001841451068641037,0.00018414510686411964,0.0,-0.0001841790225300014,0.00018417902252995558,0.0,0.0,-0.0001841451068641037,False,False,True,False,False,False,False,False,False,False,False,False,False,False,False,False,False,False,False,False,False,False,False
2024-11-26,2024-11-26 00:00:00+09:00,33520,33660,33465,33630,5023904,69500,33562.5,33735.0,33695.0,33682.5,33570.0,2,True,33525.0,-0.003122212310437078,-0.003422212310437078,-0.00020578248863647409,-0.00041169206015814264,0.00020586721637295133,0.00041160733242161907,0.0004114379815292508,0.0010278549573855694,-0.00041160733242167496,0.0018509002713363865,0.0014392929389149627,False,False,False,False,True,True,False,True,True,False,False,False,False,True,True,False,True,True,False,True,False,True,True,-0.0007374631602662643,-0.00036873156759967827,0.0005533524073688059,-0.0007380074135704359,0.0014754705738367411,0.0,-0.000553046377816381,0.0007374631602661291,0.0,False,False,True,False,True,False,False,True,False,False,False,True,False,True,False,False,True,False,False,True,False,False,True
2024-11-27,2024-11-27 00:00:00+09:00,33525,33660,33280,33370,5547080,69500,33470.0,33630.0,33562.5,33500.0,33578.333333333336,0,False,33275.0,-0.002846868444710826,-0.003146868444710826,0.0,0.0,0.0,0.00041000410578464347,0.0,0.0004098360713102451,0.0,0.000819840177094998,0.000819840177094998,False,False,False,False,False,False,False,False,True,False,False,False,False,False,False,False,False,False,False,False,False,True,False,0.00018357044567387409,-0.00018357044567385677,-0.00036724201661360355,0.0009178522902289597,-0.000367039827941431,-0.00018357044567385677,-0.00036724201661360355,0.0003672420166136845,0.0,True,False,False,True,False,False,False,True,False,False,False,False,True,False,False,False,True,False,False,True,False,False,True
2024-11-28,2024-11-28 00:00:00+09:00,33275,33425,33200,33270,3664913,69500,33312.5,33370.0,33470.0,33320.0,33423.333333333336,0,False,33150.0,-0.0036068530207393756,-0.0039068530207393756,0.0002059944388785666,0.0,0.0,-0.00020599443887857452,0.0,0.0004119464527874422,0.0002059944388785666,0.00020595201390888345,0.0004119464527874422,True,False,False,False,False,True,True,False,False,False,False,False,False,False,False,False,False,False,True,False,False,False,False,-0.0005517241519264462,0.0,0.0,-0.00036798528474124575,0.00036798528474127427,-0.0005520287195112043,-0.0005517241519264462,-0.0005520287195112043,-0.0011037528714376227,False,False,False,False,True,False,False,False,False,False,False,False,False,True,False,False,False,False,False,False,False,False,False
2024-11-29,2024-11-29 00:00:00+09:00,33150,33150,32415,32640,9016177,69500,32782.5,33270.0,33312.5,32955.0,33093.333333333336,0,False,32960.0,0.009803921568627416,0.009503921568627416,-0.00020540207528309067,-0.00020544427396349292,-0.00020548648998637055,-0.00020548648998637055,-0.00041109969746501066,-0.0006169666005474614,-0.0006163328392330272,-0.0012335527879988582,-0.0016443991372454584,False,False,False,False,False,False,False,False,False,False,False,False,False,False,False,False,False,False,False,False,False,False,False,-0.00018360414996960623,0.0,-0.00018363786664408747,0.00018367159570416793,-0.00018367159570418636,0.0,-0.00036724201661360355,0.0,-0.000550913612317805,False,False,False,True,False,False,False,False,False,False,False,False,True,False,False,False,False,False,False,False,False,False,False
2024-12-02,2024-12-02 00:00:00+09:00,32960,33010,32575,32700,7351735,69500,32792.5,32640.0,32782.5,32670.0,32870.0,1,False,32865.0,0.005045871559633097,0.004745871559633097,0.00041000410578464347,0.000204939031355644,-0.0004099200713272636,-0.000410088174703443,0.0,0.0002050651088903521,0.00020502306581290857,-0.00020502306581298983,0.0,True,True,False,False,False,False,True,False,False,True,True,False,False,False,False,False,False,False,False,False,False,False,False,-0.00018336847947222453,0.00018336847947222895,-0.00018336847947222453,0.00036670334110955105,0.0,-0.00018333486163734627,-0.00018336847947222453,0.00018336847947222895,0.0,False,True,False,True,False,False,False,False,False,False,True,False,True,False,False,False,False,False,False,True,False,False,True
2024-12-03,2024-12-03 00:00:00+09:00,32865,33260,32865,33180,5701518,69500,33062.5,32700.0,32792.5,32940.0,32840.0,4,True,32595.0,-0.017631103074141063,-0.017931103074141065,0.00040469446120938854,0.0,-0.00020232675840392556,0.0002023267584038934,0.0,0.0,0.00020236770280531027,0.0002023267584038934,0.00040469446120938854,True,False,False,False,False,False,False,False,False,True,False,False,False,False,False,False,False,False,True,False,False,False,False,0.0001824984036455871,-0.00018249840364545548,0.0001824984036455871,0.0,-0.00018249840364545548,-0.00018253171539224232,0.0001824984036455871,-0.0003650301190377882,-0.00018253171539224232,True,False,False,False,False,False,False,False,False,False,False,False,False,False,False,True,False,False,False,False,False,False,False
2024-12-04,2024-12-04 00:00:00+09:00,32595,32970,32475,32730,11354766,69500,32722.5,33180.0,33062.5,32955.0,32870.0,1,False,32755.0,0.0007638252367858644,0.0004638252367858645,0.00020110608413675824,0.0,0.00020106564861149844,-0.00040217173274822575,0.0,-0.001207486562489815,0.0004021717327481336,-0.0016096582952380954,-0.001207486562489815,False,False,False,False,False,False,True,False,False,False,False,False,False,False,False,True,False,False,False,False,False,False,False,0.00018223234674565953,-0.0001822323467457712,0.0,0.0,0.0,-0.0003645643496447784,0.0,-0.0003645643496447784,-0.0003645643496447784,True,False,False,False,False,False,False,False,False,False,False,False,False,False,False,False,False,False,False,False,False,False,False
2024-12-05,2024-12-05 00:00:00+09:00,32755,32800,32375,32500,8795714,69500,32587.5,32730.0,32722.5,32615.0,32803.333333333336,0,False,32585.0,0.002615384615384686,0.002315384615384686,0.00019970044998960466,-0.00019970044998971005,0.00019970044998960466,0.0,0.0,-0.0003994407882149774,0.00019970044998960466,-0.0003994407882149774,-0.00019974033822527294,False,False,False,False,False,False,False,False,False,False,False,False,False,False,False,False,False,False,False,False,False,False,False,0.0010905126489656847,-0.0001818347127475711,0.001635323340730838,0.0,0.0,0.0016350262521542672,0.001635323340730838,0.0016350262521542672,0.0018168609649019144,True,False,True,False,True,True,True,True,True,True,False,True,False,False,True,True,True,True,True,False,False,False,False
2024-12-06,2024-12-06 00:00:00+09:00,32585,32730,31840,32335,12257749,69500,32285.0,32500.0,32587.5,32417.5,32521.666666666668,0,False,31880.0,-0.01407143961651458,-0.01437143961651458,0.0,-0.00019990005064066926,0.00039976014923740806,-0.0003997601492374313,-0.00019994001866067428,0.0007995203304171802,0.00019986009859681672,0.00019982016251927378,0.00039968026111589585,False,False,True,False,False,True,False,False,False,False,False,True,False,False,True,False,False,False,True,False,False,False,False,-0.0001818347127475711,0.0,0.001091504565343171,-0.0005456033599018992,0.0,0.0,0.0,-0.0005456033599018992,-0.0005456033599018992,False,False,True,False,False,False,False,False,False,False,False,True,False,False,False,False,False,False,False,False,False,False,False
2024-12-09,2024-12-09 00:00:00+09:00,31880,32015,31500,31530,10662486,69500,31757.5,32335.0,32285.0,31932.5,32121.666666666668,0,False,31840.0,0.009831906121154477,0.009531906121154477,-0.000396667994094502,0.00039666799409441845,0.0,-0.00019831432886018756,0.0,0.0007930214531378529,0.0,0.0005947071242777133,0.0005947071242777133,False,True,False,False,False,True,False,True,True,False,True,False,False,False,True,False,False,True,False,False,False,True,False,0.0,0.00018157058606389312,-0.00036317414599279057,0.0005447117701638993,0.0007263483159362054,0.0,-0.00018160355992890233,0.0005447117701638993,0.0003631082102351043,False,True,False,True,True,False,False,True,True,False,True,False,True,True,False,False,True,True,False,True,False,True,True
2024-12-10,2024-12-10 00:00:00+09:00,31840,32245,31825,32170,5652081,69500,32035.0,31530.0,31757.5,31850.0,32011.666666666668,4,True,32025.0,-0.004507304942492962,-0.004807304942492962,0.0,-0.0005998200719675829,-0.00040008002133969133,-0.00020010005069264774,0.0,0.0010001000933593186,-0.0009999000933072963,0.000800000042666763,-0.00019990005064066926,False,False,False,False,False,True,False,True,False,False,False,False,False,False,True,False,True,False,False,True,False,False,True,-0.00018256503930218768,0.000365163414684059,-0.00036516341468393503,-0.00018263172363798704,-0.00018266508407716855,0.000730460222399032,-0.00036516341468393503,0.000365163414684059,0.0,False,True,False,False,False,True,False,True,False,False,True,False,False,False,True,False,True,False,False,True,False,False,True
2024-12-11,2024-12-11 00:00:00+09:00,32025,32525,32010,32505,4672310,69500,32267.5,32170.0,32035.0,32337.5,32068.333333333332,4,True,32710.0,0.006306722042762614,0.006006722042762614,0.0,0.0,0.0004006410310000492,-0.0002003004513457214,0.0006007810333902144,-0.00040048058204455664,0.0004006410310000492,0.0,0.0004006410310000492,False,True,True,False,True,False,True,False,False,False,False,True,False,True,False,True,False,False,False,False,False,False,False,-0.00018286550293257535,0.00018286550293258793,0.0,0.00018283206925418584,-0.0005485965210275827,-0.00018293240698600042,0.0,-0.0005486968587593726,-0.0005486968587593726,False,True,False,True,False,False,False,False,False,False,True,False,True,False,False,False,False,False,False,False,False,False,False
2024-12-12,2024-12-12 00:00:00+09:00,32710,33070,32590,32970,6775672,69500,32830.0,32505.0,32267.5,32737.5,32548.333333333332,4,True,32890.0,-0.0024264482863208814,-0.0027264482863208813,0.0,0.0,0.00019714144962808112,-0.0007887990943406612,0.0001972581128793886,-0.00019725811287944444,0.00019714144962808112,-0.0007887990943406612,-0.0005916576447125441,False,True,False,False,True,False,False,False,False,False,False,False,False,True,False,False,False,False,False,False,False,False,False,0.00018200018250261074,0.0001819670644634992,0.0,0.000545702605629425,-0.000545702605629464,0.0009093389732728665,0.0003639672469661882,0.0009093389732728665,0.0012733062202390124,True,True,False,True,False,True,True,True,True,False,True,False,True,False,True,True,True,True,True,False,False,True,False
2024-12-13,2024-12-13 00:00:00+09:00,32890,33255,32810,33120,7191550,69500,33032.5,32970.0,32830.0,33045.0,32865.0,4,True,33345.0,0.006793478260869623,0.006493478260869623,0.0,0.00019753086483984185,0.00039494471287463144,-0.0001974528587716425,0.0005922416518976694,-0.00019737491428921785,0.0005924755777144888,0.00019741387883677838,0.0007898894565510746,False,True,True,False,True,False,True,False,True,False,True,True,False,True,False,True,False,True,True,False,False,False,False,0.0,0.0001824318166147805,0.00036503011903783506,0.00036483035793200637,-0.0007297938656327011,0.0009121591437893155,-0.00018246510405516342,0.0005471956360886392,0.0005471956360886392,False,True,True,True,False,True,False,True,True,False,True,True,True,False,True,False,True,True,False,True,False,True,True
2024-12-16,2024-12-16 00:00:00+09:00,33345,33440,32935,33000,4979861,69500,33187.5,33120.0,33032.5,33060.0,33030.0,0,False,32955.0,-0.0013636363636363447,-0.0016636363636363446,0.00019679228637759692,-0.0003936233075817745,-0.00019686977128254636,0.0007872466456574828,0.0,0.0001967148624421222,-0.00039370079248685845,0.0009839615080995845,0.0005902607156128431,True,False,False,True,False,False,False,True,True,False,False,False,True,False,False,False,True,True,False,True,False,True,True,0.00018279864779909523,-0.00036556388635951065,-0.00018279864779900177,0.00018279864779909523,0.0003654970800921674,0.0,0.0,0.0005482957278912275,0.0005482957278912275,True,False,False,False,True,False,False,True,True,True,False,False,True,True,False,False,True,True,False,False,False,True,False
2024-12-17,2024-12-17 00:00:00+09:00,32955,32975,32570,32620,5459570,69500,32772.5,33000.0,33187.5,32810.0,32913.333333333336,0,False,32700.0,0.002452483139178341,0.002152483139178341,0.0,-0.0005821286668708066,0.0003881234281209339,0.0001940052387498914,-0.0007762468854750696,0.0,-0.00019400523874998137,-0.0005822416467251516,-0.0007762468854750696,False,False,True,False,False,False,False,False,False,False,False,True,False,False,False,False,False,False,False,False,False,False,False,-0.00036443149091379146,-0.0005466970523406787,0.0,0.0,0.0005466970523405842,-0.0009113278676841807,-0.0005466970523406787,-0.0003646308153435868,-0.0009113278676841807,False,False,False,False,True,False,False,False,False,False,False,False,False,True,False,False,False,False,False,False,False,False,False
2024-12-18,2024-12-18 00:00:00+09:00,32700,33180,32700,33080,4437805,69500,32940.0,32620.0,32772.5,32850.0,32900.0,4,True,32255.0,-0.024939540507859737,-0.025239540507859738,0.0,0.0005840553071703186,0.0,0.0001946093224007242,0.0,0.00019457145698122697,0.00038933230003176993,0.00038918077938192725,0.0007785130794136617,False,True,False,True,False,False,True,False,True,False,True,False,False,False,False,True,False,True,True,False,False,False,False,0.0,0.00036503011903783506,0.0,0.000182465104055152,0.0,0.0,0.00036503011903783506,0.000182465104055152,0.0005474952230928441,False,True,False,False,False,False,True,False,True,False,True,False,False,False,False,True,False,True,True,False,False,False,False
2024-12-19,2024-12-19 00:00:00+09:00,32255,32495,32175,32330,5702060,69500,32335.0,33080.0,32940.0,32705.0,32676.666666666668,1,False,32195.0,-0.004175688215279916,-0.004475688215279916,-0.000607226007930595,-0.00020244964134340406,-0.0012155593068866265,0.0008102086730429756,0.00040477636658729614,-0.000607226007930595,-0.0018227853148171723,0.0008102086730429756,-0.000607226007930595,False,False,False,True,True,False,False,True,False,False,False,False,True,True,False,False,True,False,False,True,False,False,True,-0.0005648122149586948,0.0005647058973597352,-0.0005650249703009926,0.0007528703536491016,-0.0009413537360873631,0.0005649185725982014,-0.0009415309988450712,0.00018827073387072405,-0.00018823529467344502,False,True,False,True,False,True,False,False,False,False,True,False,True,False,True,False,False,False,False,True,False,False,True
2024-12-20,2024-12-20 00:00:00+09:00,32195,32195,31625,31865,9703770,69500,31910.0,32330.0,32335.0,32097.5,32425.0,0,False,32140.0,0.008630158481092165,0.008330158481092165,-0.00020485506575789323,0.00040966817451276613,0.00040950041522292525,-0.0008191685897356495,0.0010240656296903522,0.0018406795257338842,0.0006143135239777503,0.0018406795257338842,0.002454993049711649,False,True,True,False,True,True,True,True,True,False,True,True,False,True,True,True,True,True,True,False,False,True,False,-0.00018962738276216934,0.0,0.0003791469239731263,-0.0007584376548620417,0.0,0.00037900322606420174,0.0003791469239731263,0.00037900322606420174,0.0007581501500374155,False,False,True,False,False,True,True,False,True,False,False,True,False,False,True,True,True,True,True,False,False,False,False
2024-12-23,2024-12-23 00:00:00+09:00,32140,32510,32025,32400,6926535,69500,32267.5,31865.0,31910.0,32132.5,32198.333333333332,4,True,32545.0,0.004475308641975317,0.0041753086419753175,0.0,0.0006006607448591063,-0.0006006607448590545,0.00040048058204467335,-0.00040040040574975766,0.0008006405551792296,0.00020030045134566125,0.0010009008942883444,0.0012012013456341492,False,True,False,True,False,True,False,True,True,False,True,False,True,False,True,False,True,True,True,False,False,True,False,0.0003717472161771472,0.0013000280408348643,0.0,-0.00018561484972088248,-0.0009285913936826776,0.0001857872741062468,0.0016717752570120244,-0.0009284189692972704,0.0007433562877146319,True,True,False,False,False,True,True,False,True,True,True,False,False,False,False,True,False,True,False,False,False,False,False
2024-12-24,2024-12-24 00:00:00+09:00,32545,32580,32290,32425,5201448,69500,32435.0,32400.0,32267.5,32412.5,32230.0,3,True,32540.0,0.0035466461063993204,0.0032466461063993205,0.0,0.0,-0.00020006001867262462,0.00020006001867263622,-0.00020006001867262462,0.0013995803544232636,-0.00020006001867262462,0.0013995803544232636,0.001199520335750558,False,False,False,True,False,True,False,True,True,False,False,False,False,False,True,False,True,True,False,True,False,True,True,0.0,0.0,-0.00018578727410612568,0.0001857872741062468,-0.0001858217974314494,0.0001858217974314607,0.0,0.0,0.0,False,False,False,True,False,True,False,False,False,False,False,False,True,False,False,False,False,False,False,False,False,False,False
2024-12-26,2024-12-26 00:00:00+09:00,32540,32540,32210,32235,3206208,69500,32375.0,32425.0,32435.0,32330.0,32353.333333333332,0,False,32180.0,-0.0017062199472622774,-0.0020062199472622774,-0.0005911912675883187,0.00019710259253722932,-0.00019698611311607392,0.0,-0.0005911912675883187,0.0015757340270419664,0.0,0.0009845427594536986,0.0009845427594536986,False,True,False,False,False,True,False,True,True,False,True,False,False,False,True,False,True,True,False,False,False,True,False,0.0,-0.00018363786664408747,-0.00018367159570418636,0.0003671745956434385,-0.0012857013434229363,0.001285701343422981,-0.000367309462348268,0.0003671745956434385,0.0003671745956434385,False,False,False,True,False,True,False,False,False,False,False,False,True,False,True,False,True,False,False,True,False,True,True
2024-12-27,2024-12-27 00:00:00+09:00,32180,32320,31875,32145,4849717,69500,32097.5,32235.0,32375.0,32190.0,32268.333333333332,0,False,32030.0,-0.0035775392751594692,-0.003877539275159469,-0.00019823570289918046,-0.00019827500808487718,0.0,-0.0009919651641698,0.0,-0.00039714059298784734,-0.00039651071098408474,-0.0015876169240625901,-0.001984127635046704,False,False,False,False,False,False,False,False,False,False,False,False,False,False,False,False,False,False,False,False,False,False,False,-0.00018400956901671922,0.0,0.0001840095690168759,-0.0007362415204645683,0.0,-0.0001841451068641037,0.0,-0.0009203866273286727,-0.0009203866273286727,False,False,True,False,False,False,False,False,False,False,False,False,False,False,False,False,False,False,False,False,False,False,False
2024-12-30,2024-12-30 00:00:00+09:00,32030,32450,31945,32060,4162622,69500,32197.5,32145.0,32097.5,32102.5,32146.666666666668,1,False,31930.0,-0.004054897067997554,-0.004354897067997554,-0.0012048194228504187,0.0,0.0004017677836285285,0.0008032128945884532,0.0006022282627059191,0.001002908518522591,-0.0008030516392218626,0.0020068238723898466,0.001002908518522591,False,False,True,True,True,True,False,True,True,False,False,True,True,True,True,False,True,True,False,True,False,True,True,-0.00018641066322973993,0.0,0.0,0.0005591277752597171,0.00037264766594827676,-0.00018623708034085185,-0.00018641066322973993,0.0009317060210002893,0.0007452953577705691,False,False,False,True,True,False,False,True,True,False,False,False,True,True,False,False,True,True,False,True,False,True,True
2025-01-02,2025-01-02 00:00:00+09:00,31930,32095,31740,31990,5735290,69500,31917.5,32060.0,32197.5,32025.0,32065.0,1,False,31980.0,-0.0003125976867771607,-0.0006125976867771606,0.0,0.0,0.0,0.0022378200774120375,0.0,0.0,0.0,0.0020345886977874567,0.0020345886977874567,False,False,False,True,False,False,False,True,True,False,False,False,True,False,False,False,True,True,False,False,False,True,False,0.0,0.0009379983803772601,0.0,0.00018756447583829624,0.0001875293020028691,0.0,0.0007504690783741788,0.00037509377784125485,0.0009379983803772601,False,True,False,False,True,False,True,False,True,False,True,False,True,True,False,True,True,True,True,False,False,False,False
2025-01-03,2025-01-03 00:00:00+09:00,31980,32855,31970,32630,8939357,69500,32412.5,31990.0,31917.5,32310.0,32226.666666666668,4,True,32730.0,0.0030646644192460215,0.0027646644192460216,0.0004093327932716628,-0.0002046454524690798,-0.0006141877560255181,-0.00020481310875491418,0.0010236463172494656,0.0006136851987629978,-0.0004095004152228133,0.0014325184072574693,0.0010230179920344864,True,False,False,False,True,False,False,True,True,True,False,False,False,True,True,False,True,True,False,True,False,True,True,0.0001888039276825461,-0.00018880392768256933,-0.00018883958133731043,0.0,0.00018887524846026392,0.0005664117965082575,-0.00018883958133731043,0.0007552870449684708,0.0003775722151708866,True,False,False,False,True,True,False,True,False,True,False,False,False,True,True,False,True,False,False,True,False,True,True
2025-01-06,2025-01-06 00:00:00+09:00,32730,33410,32680,33330,7620755,69500,33045.0,32630.0,32412.5,32980.0,32650.0,4,True,33645.0,0.0094509450945095,0.0091509450945095,0.0002017145745619383,-0.00020171457456186906,0.0002017145745619383,-0.00040346984610275166,-0.0002017959849446481,0.0006052658310473725,0.0002017145745619383,0.0,0.0002017145745619383,True,False,True,False,False,False,True,False,False,True,False,True,False,False,True,False,False,False,False,False,False,False,False,0.00037355248846786645,0.0,0.0005600672227049029,-0.0011204482964897178,-0.00018679368691650397,0.0009336197111727844,0.0009336197111727844,0.0,0.0009336197111727844,True,False,True,False,False,True,True,False,True,True,False,True,False,False,True,True,False,True,False,False,False,False,False
2025-01-07,2025-01-07 00:00:00+09:00,33645,33860,33330,33340,7687264,69500,33595.0,33330.0,33045.0,33335.0,33100.0,3,True,33060.0,-0.008398320335932796,-0.008698320335932796,0.0,0.0004006410310000492,0.00020026033910927707,0.0008006405551792296,-0.00020010005069264774,-0.00040032026155112724,0.0006009013701092985,0.00020022024293543685,0.0008011216130446671,False,True,False,True,False,False,True,False,False,False,True,False,True,False,False,True,False,True,True,False,False,False,False,0.0,0.0,0.00018599460669257054,0.0001859600191320006,0.0,-0.0005579838329464265,0.00018599460669257054,-0.0003720238138145283,-0.00018602920712188227,False,False,True,False,False,False,False,False,False,False,False,True,True,False,False,True,False,False,False,False,False,False,False
2025-01-08,2025-01-08 00:00:00+09:00,33060,33840,33060,33660,8151095,69500,33450.0,33340.0,33595.0,33500.0,33443.333333333336,4,True,33645.0,-0.00044563279857401383,-0.0007456327985740138,0.0,0.00020290149202203985,0.0006084575788570738,0.00020273694950334183,-0.0004055150096120973,0.00020277806010881997,0.0008113590708791076,0.0,0.0008113590708791076,False,True,True,True,False,False,True,False,False,False,True,True,False,False,False,True,False,True,False,False,False,False,False,0.0,0.0001874589938941192,0.0005621662286157648,0.00018731853571683676,-0.00018735363052455945,0.00037467216624138323,0.0007496252225099196,0.00018731853571683676,0.000936943758226655,False,True,True,False,False,False,True,False,True,False,True,True,True,False,True,True,False,True,True,False,False,False,False
2025-01-09,2025-01-09 00:00:00+09:00,33645,33980,33605,33685,8978910,69500,33792.5,33660.0,33450.0,33672.5,33561.666666666664,4,True,33665.0,-0.0005937360843105699,-0.0008937360843105698,0.0002038112714688749,0.00020376974089861687,0.0,0.00020372822725053423,-0.0004074979681490574,0.0,0.00040758101236740464,-0.00020376974089864739,0.0002038112714688749,True,True,False,True,False,False,True,False,False,True,True,False,False,False,False,True,False,False,False,False,False,False,False,0.0,0.0,0.00018816445628940673,0.0005642810269168818,0.0,0.0001880229393523688,0.00018816445628940673,0.0007523039662692876,0.0009404684225588001,False,False,True,True,False,False,False,True,True,False,False,True,True,False,False,True,True,True,True,False,False,True,False
2025-01-10,2025-01-10 00:00:00+09:00,33665,33870,33480,33635,10497619,69500,33675.0,33685.0,33792.5,33660.0,33660.0,0,False,33450.0,-0.0055002229820128035,-0.005800222982012803,-0.00020385281897113475,-0.00040783034823015703,0.0,-0.0004079967416857565,-0.0002040608108294991,-0.0008166599065559779,-0.000611683167201413,-0.001428717459071201,-0.0020404006262726283,False,False,False,False,False,False,False,False,False,False,False,False,False,False,False,False,False,False,False,False,False,False,False,0.0,0.0,0.0,-0.00018809367120251297,-0.00037629351337712855,-0.0001881998688156117,0.0,-0.0007525870533952795,-0.0007525870533952795,False,False,False,False,False,False,False,False,False,False,False,False,False,False,False,False,False,False,False,False,False,False,False
2025-01-13,2025-01-13 00:00:00+09:00,33450,33550,33105,33190,8008114,69500,33327.5,33635.0,33675.0,33412.5,33503.333333333336,0,False,33385.0,0.005875263633624561,0.005575263633624561,-0.0004164064186756409,0.0006245446231943577,0.00041614648956775786,0.00020800832108274135,0.0008316008795259878,0.0,0.0006242846940864405,0.0010396092006088886,0.00166389389469538,False,True,True,True,True,False,True,True,True,False,True,True,True,True,False,True,True,True,True,False,False,True,False,-0.00038314176713912044,0.0005748778542915947,0.00019155253386803062,0.0,0.0007658434224593645,0.0003827018799101258,0.0,0.001148545302369552,0.001148545302369552,False,True,True,False,True,True,False,True,True,False,True,True,False,True,True,False,True,True,False,False,False,True,False
2025-01-14,2025-01-14 00:00:00+09:00,33385,33410,33075,33335,5880779,69500,33242.5,33190.0,33327.5,33262.5,33386.666666666664,2,True,33465.0,0.003899805009749402,0.003599805009749402,0.0,0.0006192589732418086,0.00041262637267935583,0.00020624935620187912,0.0004123711398643112,-0.0002061643136876599,0.0010318853459213033,0.0004124561823784642,0.0014443415282997386,False,True,True,False,True,False,True,False,True,False,True,True,True,True,False,True,False,True,True,False,False,False,False,0.0,0.0007591573718176224,0.00018969932713616943,0.00018966334812660688,0.00018962738276224369,-0.00018962738276216934,0.000948856698953796,0.00018966334812660688,0.0011385200470803397,False,True,True,True,True,False,True,False,True,False,True,True,True,True,False,True,False,True,True,False,False,False,False
2025-01-15,2025-01-15 00:00:00+09:00,33465,33715,33215,33285,7096912,69500,33465.0,33335.0,33242.5,33310.0,33270.0,2,True,33740.0,0.013669821240799074,0.013369821240799074,0.0,-0.000622084001399104,0.0,0.0006220840013990587,-0.000622084001399104,0.0006220840013990587,-0.000622084001399104,0.0006220840013990587,0.0,False,False,False,True,False,True,False,False,False,False,False,False,True,False,True,False,False,False,False,True,False,False,True,0.0,0.0,0.0,0.0,0.0,0.00018998765137407894,0.0009504800639524294,0.00018998765137407894,0.001140467715326597,False,False,False,False,False,False,True,False,True,False,False,False,False,False,False,True,False,True,True,False,False,False,False
2025-01-16,2025-01-16 00:00:00+09:00,33740,33890,33645,33760,6733592,69500,33767.5,33285.0,33465.0,33522.5,33460.0,4,True,33625.0,-0.003998815165876746,-0.004298815165876746,-0.0008130081748632792,0.0004065867102158364,-0.0004065867102158864,0.0004065867102158364,0.0010153315929619419,0.0022301073611617856,-0.0008130081748632792,0.004058447128986959,0.0032454389541235625,False,True,False,True,True,True,False,True,True,False,True,False,True,True,True,False,True,True,False,True,False,True,True,-0.00037355248846785636,-0.0003736920820766708,-0.0003734827307653165,0.0007472445705445402,0.0003734129991111907,0.0,-0.00018675880155132456,0.0011206575696557424,0.0003734129991111907,False,False,False,True,True,False,False,True,False,False,False,False,True,True,False,False,True,False,False,True,False,True,True
2025-01-17,2025-01-17 00:00:00+09:00,33625,33785,33510,33690,5405536,69500,33647.5,33760.0,33767.5,33725.0,33578.333333333336,2,True,33855.0,0.004897595725734671,0.0045975957257346715,0.0008158270899158708,-0.0002039359648140368,-0.0004079967416857565,0.0004079967416857083,-0.00020397756317531377,0.0004079135279895376,0.0,0.0006119327064997627,0.0006119327064997627,True,False,False,True,False,False,False,False,False,True,False,False,True,False,False,False,False,False,False,False,False,True,False,0.0,-0.00037411148958593586,0.0011219148521590847,-0.0003738317800545336,0.0,0.00018693335880213985,0.0007478033625730003,-0.00018689842125239618,0.0005609049413206792,False,False,True,False,False,False,True,False,False,False,False,True,False,False,False,True,False,False,False,False,False,False,False
2025-01-20,2025-01-20 00:00:00+09:00,33855,33870,33560,33635,5681869,69500,33715.0,33690.0,33647.5,33662.5,33695.0,0,False,33840.0,0.006094841682770857,0.0057948416827708574,-0.0002012274883538014,-0.0006039255342086656,0.0004025764949700674,0.00020122748835383575,-0.0002012274883538014,0.0004024144923520309,-0.0002012274883538014,0.0004024144923520309,0.00020118700399816088,False,False,True,False,False,False,False,False,False,False,False,True,False,False,False,False,False,False,False,True,False,True,True,0.0,-0.0001854771404741884,0.0001854771404743285,0.0007414272814158259,0.0,0.0005557099337229548,0.0,0.0012971372151387058,0.0014825799602228961,False,False,False,True,False,True,False,True,True,False,False,True,True,False,True,False,True,True,False,False,False,True,False
2025-01-21,2025-01-21 00:00:00+09:00,33840,34100,33475,33665,7125158,69500,33787.5,33635.0,33715.0,33650.0,33663.333333333336,2,True,33905.0,0.007129065795336453,0.006829065795336453,-0.0008040201438156061,0.0010049242127986645,-0.0012060302969356367,0.0006030757042768088,0.0,0.0018070479769233564,-0.0010051262279524118,0.0024101236812000873,0.001606103537384461,False,True,False,True,False,True,False,True,True,False,True,False,True,False,True,False,True,True,False,True,False,True,True,-0.0001849283407951765,0.0,-0.0003699593086961939,-0.00037002775630340666,0.0005549903019154085,-0.0003699593086961939,-0.0005548876494913906,-0.00018499676308430212,-0.0005548876494913906,False,False,False,False,True,False,False,False,False,False,False,False,False,True,False,False,False,False,False,False,False,False,False
2025-01-22,2025-01-22 00:00:00+09:00,33905,34155,33735,34050,5013881,69500,33945.0,33665.0,33787.5,33857.5,33783.333333333336,4,True,34005.0,-0.001321585903083733,-0.0016215859030837328,0.00019862945740150908,-0.00019862945740153743,0.0,0.0,0.00019862945740150908,-0.00019862945740153743,0.0,0.0,0.0,True,False,False,False,True,False,False,False,False,True,False,False,False,True,False,False,False,False,False,False,False,False,False,-0.0007334067068747942,0.0,0.0,0.0007334067068747537,-0.0007334067068747942,0.0,-0.0007334067068747942,0.0,-0.0007334067068747942,False,False,False,True,False,False,False,False,False,False,False,False,True,False,False,False,False,False,False,False,False,False,False
2025-01-23,2025-01-23 00:00:00+09:00,34005,34015,33635,33685,3950876,69500,33825.0,34050.0,33945.0,33867.5,33800.0,0,False,33740.0,0.0016327742318540395,0.0013327742318540396,0.0,0.0,0.0,0.00039556962541119285,0.0,-0.00019776525328971434,0.0,0.0001978043721216484,0.0001978043721216484,False,False,False,False,False,False,False,False,False,False,False,False,True,False,False,False,False,False,False,False,False,True,False,-0.000548797233201247,0.0005487972332012851,-0.0009148294481225024,0.000731796593214146,0.00018286550293258793,-0.0012807613131223673,-0.0009148294481225024,-0.000366099216975653,-0.0010978958101898674,False,True,False,True,False,False,False,False,False,False,True,False,True,True,False,False,False,False,False,False,False,False,False
2025-01-24,2025-01-24 00:00:00+09:00,33740,33920,33605,33775,7810490,69500,33762.5,33685.0,33825.0,33730.0,33836.666666666664,2,True,33405.0,-0.010954848260547712,-0.011254848260547711,0.00019729703131966857,0.0,-0.0005920079107288644,0.00019737491428926322,0.0007891103191092326,0.0,-0.00039471087940909946,0.0009864852333984553,0.0005917743539893307,True,False,False,False,True,False,False,False,False,True,False,False,False,True,False,False,True,False,False,True,False,True,True,0.0,0.0,-0.0005459012054412128,0.00018200018250261074,0.0,0.0,-0.0003639672469660497,0.00018200018250261074,-0.00018196706446356377,False,False,False,False,False,False,False,False,False,False,False,False,False,False,False,False,False,False,False,True,False,False,True
2025-01-31,2025-01-31 00:00:00+09:00,33405,33495,33155,33445,7775839,69500,33325.0,33775.0,33762.5,33610.0,33635.0,1,False,32730.0,-0.02137838241889667,-0.02167838241889667,-0.0005991013658972246,0.0005991013658972911,0.0,0.0,0.0003992016021077399,-0.0003992016021078779,0.0,0.0,0.0,False,True,False,False,True,False,False,False,False,False,True,False,False,True,False,False,False,False,False,False,False,False,False,-0.00018286550293257535,0.0009146620961466857,0.0,-0.00018286550293257535,0.00036569757218678635,0.001096290992312545,0.0,0.0012791230615667342,0.0012791230615667342,False,True,False,False,True,True,False,True,True,False,True,False,False,True,True,False,True,True,False,False,False,True,False
2025-02-03,2025-02-03 00:00:00+09:00,32730,32730,32280,32530,15606931,69500,32505.0,33445.0,33325.0,32987.5,33250.0,0,False,32930.0,0.012296341838303082,0.011996341838303082,-0.0004129671749790286,0.0008257638784671963,0.0014434480287450948,-0.0002060793412754584,-0.0004122861324118203,0.0,0.0018562447322332297,-0.0006183654736872591,0.0012378792585461004,False,True,True,False,False,False,True,False,True,False,True,True,False,False,False,True,False,True,False,False,False,False,False,0.00018816445628940673,0.0009402915596417215,0.0007517384304398929,-0.0001878816351228516,-0.0005638567953169571,0.0001879875933725081,0.0016922068529985023,-0.0005637508370672927,0.001128456015931205,True,True,True,False,False,False,True,False,True,True,True,True,False,False,False,True,False,True,False,False,False,False,False
2025-02-04,2025-02-04 00:00:00+09:00,32930,33400,32800,32935,12055358,69500,33100.0,32530.0,32505.0,32732.5,32970.0,3,True,33290.0,0.010778806740549651,0.010478806740549651,0.00142319836973434,-0.0006096941556614049,0.0,0.0006096941556613104,-0.00020319008502301476,0.0010155378145051044,0.0008135042140729681,0.001422041885143436,0.002235546099216252,True,False,False,True,False,True,True,True,True,True,False,False,True,False,True,True,True,True,True,False,False,True,False,0.0007443245598572956,0.0003719546258244224,0.0,0.0,-0.0005579838329464265,0.00018602920712191957,0.0011162791856817002,-0.0003719546258245406,0.0007443245598572956,True,True,False,False,False,False,True,False,False,True,True,False,False,False,False,True,False,True,False,False,False,False,False
2025-02-05,2025-02-05 00:00:00+09:00,33290,33485,33210,33325,6499482,69500,33347.5,32935.0,33100.0,33130.0,32930.0,4,True,33540.0,0.006451612903225712,0.006151612903225712,-0.0004026575452027767,0.0,-0.00040281974361413756,-0.00020147073705702471,0.0,0.000604290480671018,-0.0008054772888168686,0.00040281974361409175,-0.0004026575452027767,False,False,False,False,False,True,False,False,False,False,False,False,False,False,True,False,False,False,False,True,False,False,True,0.000555607014941245,-0.00018516804052539428,-0.0009263548601306772,0.0005559158857148956,0.00018523664033711932,0.0003703703746042223,-0.0005559158857149046,0.0011115229006560207,0.000555607014941245,True,False,False,True,False,True,False,True,False,True,False,False,True,True,True,False,True,False,False,True,False,True,True
2025-02-06,2025-02-06 00:00:00+09:00,33540,33670,33395,33660,5068191,69500,33532.5,33325.0,33347.5,33492.5,33306.666666666664,4,True,33680.0,0.0005941770647652778,0.0002941770647652778,0.0011937924219200292,0.0,0.0,-0.0001989060175628299,0.0,0.00019890601756271427,0.0009949259600934243,0.0,0.0009949259600934243,True,False,False,False,False,False,True,False,False,True,False,False,False,False,False,True,False,True,False,False,False,False,False,0.0,0.00018336847947222895,0.00018333486163731768,0.00036656891906072716,0.0,0.00018326766293397262,0.00036670334110955105,0.00036656891906072716,0.0007332722601704517,False,False,False,True,False,False,False,False,False,False,True,False,True,False,False,True,False,False,True,False,False,False,False
2025-02-07,2025-02-07 00:00:00+09:00,33680,33710,33405,33440,7857348,69500,33557.5,33660.0,33532.5,33550.0,33475.0,0,False,33265.0,-0.005233253588516784,-0.005533253588516784,0.0,-0.00039721946897661186,0.00039721946897664396,-0.0005958883878777986,-0.0003974562850414805,0.00039745628504142923,0.0,-0.0005958883878777986,-0.0005958883878777986,False,False,True,False,False,False,False,False,False,False,False,True,False,False,False,False,False,False,False,False,False,False,False,0.0,0.0,0.000550004597236349,-0.0001833012561268899,-0.0009170106098814834,0.0005502063412529128,0.000550004597236349,-0.00036663611776419287,0.00018336847947222895,False,False,True,False,False,True,False,False,False,False,False,True,False,False,True,True,False,False,False,False,False,False,False
2025-02-10,2025-02-10 00:00:00+09:00,33265,33590,33115,33510,6491519,69500,33352.5,33440.0,33557.5,33475.0,33536.666666666664,2,True,33685.0,0.005222321695016463,0.004922321695016463,0.0003995205806237056,-0.00019974033822527294,-0.00019978024239853193,-0.0003996802611159263,0.0,-0.0005998200719675829,0.0,-0.0009995003330834993,-0.0009995003330834993,True,False,False,False,False,False,False,False,False,True,False,False,False,False,False,False,False,False,False,False,False,False,False,-0.0001841451068641037,-0.0001841451068641037,0.00036845984204626016,-0.00018421295069135821,0.0,0.0,-0.0003683241293942002,-0.00018421295069135821,-0.0005525370800854773,False,False,True,False,False,False,False,False,False,False,False,True,False,False,False,False,False,False,False,False,False,False,False
2025-02-11,2025-02-11 00:00:00+09:00,33685,33935,33580,33775,7792158,69500,33757.5,33510.0,33352.5,33642.5,33575.0,4,True,33720.0,-0.0016284233900814016,-0.0019284233900814015,-0.0001991833489305824,0.0,0.00019918334893070653,-0.0003984063797718741,-0.0011961723914302779,0.0003988831325324726,0.0,-0.001195695638669601,-0.001195695638669601,False,False,True,False,False,False,False,False,False,False,False,False,False,False,False,False,False,False,False,False,False,False,False,0.00018394187488642675,-0.00018394187488630353,0.0,-0.00018397571572449512,-0.0005521303167777264,0.00036812074776099277,0.0,-0.00036798528474124575,-0.00036798528474124575,True,False,False,False,False,True,False,False,False,True,False,False,False,False,True,False,False,False,False,False,False,False,False
2025-02-12,2025-02-12 00:00:00+09:00,33720,33860,33535,33820,7996959,69500,33697.5,33775.0,33757.5,33797.5,33701.666666666664,4,True,33935.0,0.0034003548196333,0.0031003548196333,0.00019930244211464798,0.0,-0.0003986446136110263,0.00019934217149635607,0.00019930244211464798,0.0,-0.00019934217149637518,0.0003986446136109849,0.00019930244211464798,True,False,False,False,True,False,False,False,False,True,False,False,False,True,False,False,False,False,False,True,False,True,True,0.0001836378666439823,0.0,-0.00018363786664408747,0.0001836378666439823,-0.000367309462348268,0.0003673094623482428,0.0,0.0001836378666439823,0.0001836378666439823,True,False,False,False,False,True,False,False,False,True,False,False,False,False,True,False,False,False,False,False,False,True,False
2025-02-13,2025-02-13 00:00:00+09:00,33935,34195,33905,34195,6598772,69500,34050.0,33820.0,33697.5,34007.5,33930.0,4,True,34250.0,0.0016084222839596318,0.001308422283959632,-0.00019815713925930986,0.0001981178807867996,0.0,0.0,0.000594118247003473,0.0,0.0001981178807867996,0.000594118247003473,0.0007922361277901307,False,True,False,False,True,False,True,False,False,False,True,False,False,True,False,False,False,True,True,False,False,True,False,0.0001836041499695853,0.0,-0.0007346189494744052,0.0005509136123178156,0.0,0.0,-0.0005510147995048472,0.0005509136123178156,0.0001836041499695853,True,False,False,True,False,False,False,True,False,True,False,False,True,False,False,False,True,False,False,True,False,True,True
2025-02-14,2025-02-14 00:00:00+09:00,34250,34525,34210,34365,7663353,69500,34367.5,34195.0,34050.0,34280.0,34126.666666666664,4,True,34480.0,0.003346428051796968,0.003046428051796968,-0.0003922337763563644,-0.000588639279235513,0.00019625159517403017,0.0003923876840615075,-0.000588639279235513,-0.0005889859795281028,-0.0007846214604178179,-0.0007852375747020856,-0.0015698590351200178,False,False,True,True,False,False,False,False,False,False,False,False,True,False,False,False,False,False,False,False,False,False,False,-0.00018219914416809692,-0.0003644979081726241,0.00018226556142681872,0.0010928962836450477,0.0,0.0,-0.00036443149091379146,0.0010928962836450477,0.0007284647927311336,False,False,False,True,False,False,False,True,False,False,False,False,True,False,False,False,True,True,False,True,False,True,True
2025-02-17,2025-02-17 00:00:00+09:00,34480,34660,34410,34615,5249340,69500,34535.0,34365.0,34367.5,34490.0,34391.666666666664,4,True,34650.0,0.0010111223458038054,0.0007111223458038055,-0.00038948393871137007,0.00038948393871130756,0.0,0.0,-0.00019472300713849062,0.0005840553071703186,0.0,0.00038933230003176993,0.00038933230003176993,False,True,False,False,False,True,False,False,False,False,True,False,False,False,True,False,False,False,False,False,False,True,False,0.0003637024953713289,0.0005456033599018459,-0.0005456033599018992,0.0005456033599018459,0.0,0.0,-0.00018190086453069647,0.0005456033599018459,0.0003637024953713289,True,True,False,False,False,False,False,True,False,True,True,False,True,False,False,False,True,False,False,True,False,True,True
2025-02-18,2025-02-18 00:00:00+09:00,34650,34930,34560,34870,4974895,69500,34745.0,34615.0,34535.0,34742.5,34616.666666666664,4,True,35000.0,0.0037281330656724343,0.0034281330656724344,0.0,0.00019495077554675967,-0.000584966381114676,0.0007798791582641965,0.00019487479356231793,0.0,-0.0003900156055678501,0.0009747539518263854,0.0005847383462585699,False,True,False,True,True,False,False,True,False,False,True,False,True,True,False,False,True,False,False,True,False,True,True,0.00036376864715444054,0.0,0.0,-0.0001818677826236924,0.00018186778262371572,0.00018183471274758984,0.00036376864715444054,0.00018183471274758984,0.0005456033599018459,True,False,False,False,True,False,True,False,False,True,False,False,False,True,False,True,False,False,True,False,False,False,False
2025-02-19,2025-02-19 00:00:00+09:00,35000,35730,35000,35580,6247515,69500,35365.0,34870.0,34745.0,35225.0,35021.666666666664,4,True,35485.0,-0.0026700393479482942,-0.002970039347948294,0.0,-0.00019495077554681874,0.0,0.0007795751710346834,-0.00019483682477610163,0.000584396627131478,-0.00019495077554681874,0.001169134973390101,0.0009741841978434143,False,False,False,True,False,True,False,True,True,False,False,False,True,False,True,False,True,True,False,True,False,True,True,0.00018166954360070693,-0.0001816695436007509,0.000726480235365932,0.000726480235365932,0.0,0.0,0.000726480235365932,0.000726480235365932,0.000726480235365932,False,False,True,True,False,False,True,True,True,True,False,True,True,False,False,True,True,True,True,False,False,False,False
2025-02-20,2025-02-20 00:00:00+09:00,35485,35530,35220,35270,8145518,69500,35375.0,35580.0,35365.0,35425.0,35240.0,1,False,35350.0,0.002268216614686791,0.001968216614686791,-0.0001956755705294837,-0.00019571386695218547,0.0,0.0,-0.0007832387320319885,0.0007832387320320498,-0.00039138943748155496,0.0,-0.00039138943748155496,False,False,False,False,False,True,False,False,False,False,False,False,False,False,True,False,False,False,False,False,False,False,False,-0.0001818016548957799,0.00018180165489589602,-0.0010913060377363653,-0.0001818347127475711,-0.0001818677826236924,0.00018186778262371572,-0.0010913060377363653,-0.0001818347127475711,-0.00036363636764334586,False,True,False,False,False,False,False,False,False,False,True,False,False,False,False,False,False,False,False,False,False,False,False
2025-02-21,2025-02-21 00:00:00+09:00,35350,35350,35070,35310,6400775,69500,35210.0,35270.0,35375.0,35290.0,35386.666666666664,1,False,35010.0,-0.008496176720475757,-0.008796176720475756,0.0,0.0,0.0,0.00019598236221467658,-0.0003920031410448871,0.0009797198785024858,0.0,0.0007836990996723637,0.0007836990996723637,False,False,False,False,False,True,False,True,True,False,False,False,False,False,True,False,False,False,False,False,False,True,False,0.0,-0.0009113278676841807,0.0007291287235162065,0.0003644314909138324,-0.00072899584055864,0.0009111617942456437,-0.00018219914416809692,0.000546597444600833,0.00018216595368703576,False,False,True,False,False,True,False,True,False,False,False,True,True,False,True,False,True,False,False,True,False,True,True
2025-02-24,2025-02-24 00:00:00+09:00,35010,35095,34860,35090,6901016,69500,34977.5,35310.0,35210.0,35200.0,35223.333333333336,1,False,34660.0,-0.012254203476773973,-0.012554203476773973,0.0003979307652987323,-0.00039793076529879754,0.00019898517626098196,-0.00019898517626095258,0.0,0.0003979307652987323,0.00019898517626098196,0.00019894558903772096,0.0003979307652987323,True,False,True,False,False,False,True,False,False,True,False,False,False,False,False,True,False,False,True,False,False,False,False,0.0003685956547444435,-0.0009217440047939859,0.0,0.00018428084452783852,0.00018424689135504516,0.0,0.0001843148102167127,0.00036852773588261846,0.0005528425460995597,True,False,False,False,True,False,True,False,False,True,False,False,False,True,False,True,False,False,True,False,False,True,False
2025-02-25,2025-02-25 00:00:00+09:00,34660,35025,34630,34905,5857816,69500,34827.5,35090.0,34977.5,34997.5,35101.666666666664,1,False,34870.0,-0.001002721673112772,-0.0013027216731127719,0.00020228583056730522,-0.00020228583056739494,0.0,-0.00020232675840392556,0.0004046125889712775,0.0,0.0,0.00020228583056730522,0.00020228583056730522,True,False,False,False,True,False,False,False,False,True,False,False,False,True,False,False,False,False,False,False,False,True,False,0.0,-0.000371609071537676,0.0005573618351440475,-0.00018575276360645253,0.0,0.0,0.00018575276360652932,-0.00018575276360645253,0.0,False,False,True,False,False,False,True,False,False,False,False,True,False,False,False,True,False,False,False,False,False,False,False
2025-02-26,2025-02-26 00:00:00+09:00,34870,35195,34725,35080,5199986,69500,34960.0,34905.0,34827.5,34992.5,35025.0,4,True,35110.0,0.0008551881413911833,0.0005551881413911833,0.0,0.00040766409043999953,0.00040758101236740464,-0.0006114338313385593,-0.00020381127146874,0.00040758101236740464,0.0006114338313385797,0.0,0.0006114338313385797,False,True,True,False,False,True,True,False,True,False,True,True,False,False,False,True,False,False,False,False,False,False,False,0.0,0.00018634119125929402,0.0,0.00018630647468886638,-0.00037264766594823795,0.00037271711203007787,0.00018634119125929402,0.0,0.00018634119125929402,False,True,False,False,False,True,True,False,False,False,True,False,False,False,True,True,False,False,False,False,False,False,False
2025-02-27,2025-02-27 00:00:00+09:00,35110,35130,34760,34940,6840998,69500,34945.0,35080.0,34960.0,35010.0,34975.0,0,False,34380.0,-0.01602747567258156,-0.01632747567258156,0.0008171604131937865,0.0008164932072300188,0.0,0.0004079967416857083,0.000815494438670153,0.0010184337370750002,0.001633653620423886,0.0022419249174308728,0.0038755785378549287,True,True,False,True,True,True,True,True,True,True,True,False,True,True,True,True,True,True,True,False,True,True,False,-0.00018658456999739694,0.0009325749067187993,0.0,-0.0007458512372611485,0.0,0.0011185683492910977,0.0007459903367213952,0.00037271711203007787,0.0013051181119811581,False,True,False,False,False,True,True,False,True,False,True,False,False,False,True,True,False,True,True,False,False,False,False
2025-02-28,2025-02-28 00:00:00+09:00,34380,34415,33655,33780,19442422,69500,34035.0,34940.0,34945.0,34360.0,34600.0,0,False,33610.0,-0.005032563647128452,-0.005332563647128452,0.0,0.0004202563625627884,-0.0004202563625627011,0.00021015025820751606,0.0004201680734082397,0.0004200798213424005,0.0,0.0008403361839050543,0.0008403361839050543,False,True,False,True,True,False,False,True,True,False,True,False,True,True,True,False,True,True,False,False,False,True,False,0.0,0.00037972280691699604,-0.0001898433797822745,0.0,0.00018984337978222973,0.00018980734611418352,0.00018987942713454036,0.0003796507258964794,0.0005695301530310278,False,True,False,False,True,False,False,False,False,False,True,False,False,True,True,True,True,True,True,False,False,True,False
2025-03-04,2025-03-04 00:00:00+09:00,33610,33920,33440,33695,7227954,69500,33680.0,33780.0,34035.0,33737.5,34138.333333333336,1,False,33940.0,0.007271108473067223,0.006971108473067223,-0.0002107703664669008,-0.00042176297546340076,0.0004217629754633696,-0.0014769493137401256,0.0002111263599102077,0.0016874081202764432,-0.0004215851664465034,0.00042158516644644336,0.0,False,False,True,False,True,True,False,False,False,False,False,True,False,True,True,False,False,False,False,True,False,False,True,-0.00018998765137411943,-0.00038008362297177364,0.00019002375354091136,-0.000950660780789954,-0.0005707219787750141,0.00171118969410156,-0.00018998765137411943,0.00038001140491507356,0.0,False,False,True,False,False,True,False,True,False,False,False,True,False,False,True,False,True,False,False,True,False,False,True
2025-03-05,2025-03-05 00:00:00+09:00,33940,34140,33665,33950,8433469,69500,33902.5,33695.0,33680.0,33822.5,33808.333333333336,4,True,34110.0,0.004712812960235624,0.004412812960235624,0.00042283298727219,0.0012674272926038045,0.000633111765370336,0.00021094821299622794,-0.0006329781833875495,-0.0006333790985521812,0.0023233720452463763,-0.0010554090689436032,0.0012679629763027455,True,True,True,True,False,False,True,False,True,True,True,True,True,False,False,True,False,True,False,False,False,False,False,-0.0005757604995442164,0.0013429258612973735,0.0003833620901848302,0.0,-0.00019169941590388672,-0.0009590486972742913,0.0011505274519380436,-0.0011507481131781464,-0.00019188333552111708,False,True,True,False,False,False,True,False,False,False,True,True,False,False,False,True,False,False,False,False,False,False,False
2025-03-06,2025-03-06 00:00:00+09:00,34110,34390,34050,34285,7170876,69500,34220.0,33950.0,33902.5,34117.5,33976.666666666664,4,True,33970.0,-0.009187691410237675,-0.009487691410237675,0.0,-0.001051193200971172,0.0002103270593513841,-0.0006311139370098648,0.001051635389800655,0.0008405127622373451,-0.0008408661416197577,0.001261034215028165,0.0004201680734082397,False,False,True,False,True,True,False,True,False,False,False,True,False,True,True,False,True,False,False,True,False,True,True,-0.0001908943405625312,-0.0007639419775660732,0.0,-0.00038218995305653306,0.0007642338927558957,0.0004964011022757588,-0.0009548363181285346,0.000954836318128596,0.0,False,False,False,False,True,True,False,True,False,False,False,False,False,True,True,False,True,False,False,True,False,False,True
2025-03-07,2025-03-07 00:00:00+09:00,33970,34275,33785,34125,4542551,69500,34030.0,34285.0,34220.0,34205.0,34120.0,2,True,33925.0,-0.00586080586080584,-0.00616080586080584,0.00021512315883764763,-0.0008607704426458853,-0.0006460644135565685,-0.00043075598339974337,-0.0004309416140813947,0.0006463427996206841,-0.0012917116973647602,-0.00021535479786039666,-0.0010763105118254464,True,False,False,False,False,True,False,False,False,True,False,False,False,False,True,False,False,False,False,False,False,False,False,0.0001940052387498914,-0.0005821286668708066,-0.0013580368757048602,-0.00019415590780336937,-0.0005826940050273306,0.0011650486754696814,-0.0005822416467251516,0.00038819876263900135,-0.00019404288408606435,True,False,False,False,False,True,False,True,False,True,False,False,False,False,True,False,True,False,False,True,False,False,True
2025-03-10,2025-03-10 00:00:00+09:00,33925,34305,33885,34205,4776508,69500,34095.0,34125.0,34030.0,34165.0,34205.0,3,True,33395.0,-0.023680748428592358,-0.02398074842859236,0.00021558693626664094,-0.0008626267517881585,-0.0010793309196757944,0.0021574981400210927,0.00043094161408149833,-0.0006464820826386663,-0.0017263707351971903,0.0019419576714639832,0.00021558693626664094,True,False,False,True,True,False,False,True,False,True,False,False,True,True,False,False,True,False,False,True,False,True,True,-0.001165048675469774,-0.00038865138460455936,-0.0005832604423151663,0.0007771517779912719,0.0005824677380482568,0.0001940805440347808,-0.0021369605023894393,0.001553700060074298,0.0,False,False,False,True,True,False,False,True,False,False,False,False,True,True,False,False,True,False,False,True,False,False,True
2025-03-11,2025-03-11 00:00:00+09:00,33395,33915,33295,33820,7793370,69500,33605.0,34205.0,34095.0,34012.5,34050.0,1,False,33970.0,0.004435245416912981,0.004135245416912981,-0.00022279157939982298,-0.0011147030470927345,0.0015598888956875028,-0.00022269235143808336,0.0004453351220338586,0.0017793599000773578,0.000445434305805824,0.0020020026706729687,0.002447436976479096,False,False,True,False,True,True,True,True,True,False,False,True,False,True,True,True,True,True,True,False,False,True,False,-0.00019827500808487718,-0.0005950610113109561,0.0011897681355887508,-0.00019823570289918046,0.0003964321161928768,0.00019815713925925858,0.0003964321161928768,0.00039635355255310256,0.0005945892554522019,False,False,True,False,True,False,True,False,True,False,False,True,False,True,False,True,True,True,True,False,False,False,False
2025-03-12,2025-03-12 00:00:00+09:00,33970,34440,33805,34355,7072173,69500,34122.5,33820.0,33605.0,34087.5,34126.666666666664,4,True,34560.0,0.005967108135642496,0.005667108135642496,-0.00022284122654891842,0.0011137098823504298,-0.00013357971389281614,-0.0003117554081410431,-0.0002227419543678762,-0.00022279157939982298,0.0007572889419087576,-0.0007572889419088022,0.0,False,True,False,False,False,False,True,False,False,False,True,False,False,False,False,True,False,False,False,False,False,False,False,0.0005986231845928269,-0.00019950124754447053,0.0005983843800769907,-0.0005983843800770021,-0.000399121937048441,-0.00019962072129368783,0.0009975063171253381,-0.0011971270384191388,-0.00019962072129368783,True,False,True,False,False,False,True,False,False,True,False,True,False,False,False,True,False,False,False,False,False,False,False
2025-03-13,2025-03-13 00:00:00+09:00,34560,34740,34160,34190,8755466,69500,34450.0,34355.0,34122.5,34272.5,34121.666666666664,2,True,34230.0,0.0011699327288681172,0.0008699327288681172,-0.0020046782523780106,0.0,0.0,-0.0013383896711227391,-0.0002231893771121993,0.0011154490838656155,-0.0017817376651208365,-0.00022294058725709013,-0.0020046782523780106,False,False,False,False,False,True,False,False,False,False,False,False,False,False,True,False,False,False,False,False,False,False,False,-0.002201982673339329,0.0010015023370896004,0.0,-0.0018034269991506827,-0.0010023053861060696,0.0006015037775341097,-0.0012004803362497818,-0.0012019232216164766,-0.0024024035578662896,False,True,False,False,False,True,False,False,False,False,True,False,False,False,True,False,False,False,False,False,False,False,False
2025-03-14,2025-03-14 00:00:00+09:00,34230,34480,34170,34380,6932300,69500,34325.0,34190.0,34450.0,34285.0,34308.333333333336,3,True,34640.0,0.0075625363583478045,0.0072625363583478045,-0.0008932559772149909,0.0006700167754842812,-0.000670016775484218,0.0,0.00022338880914977356,-0.0004468275320097706,-0.0008932559772149909,-0.00022343872286008782,-0.0011166947000750686,False,True,False,False,False,False,False,False,False,False,True,False,False,True,False,False,False,False,False,False,False,False,False,-0.0010031097239967602,0.0004013646451634026,0.0,0.0002007830545846916,-0.0002007830545847874,-0.00020082337651590698,-0.0010031097239967602,-0.00020082337651590698,-0.001605458903939865,False,True,False,True,False,False,False,False,False,False,True,False,True,False,False,False,False,False,False,False,False,False,False
2025-03-17,2025-03-17 00:00:00+09:00,34640,35110,34640,35050,5497062,69500,34875.0,34380.0,34325.0,34715.0,34540.0,4,True,35450.0,0.011412268188302432,0.011112268188302432,-0.00022121446832825886,0.0,0.0,-0.0002212634149972384,-0.0006640841417270925,-0.0002214594184668663,-0.00022121446832825886,-0.0011068069751911064,-0.0013280214435193445,False,False,False,False,False,False,False,False,False,False,False,False,False,False,False,False,False,False,False,False,False,False,False,-0.0005969555445406096,0.0,0.0,0.0003980099555029523,-0.0007961783860071387,0.0013928964544344955,-0.0005969555445406096,0.0009947280239302177,0.0003977724793895714,False,False,False,True,False,True,False,True,False,False,False,False,True,False,True,False,True,False,False,True,False,True,True
2025-03-18,2025-03-18 00:00:00+09:00,35450,35580,35065,35135,6196410,69500,35322.5,35050.0,34875.0,35092.5,34855.0,3,True,35155.0,0.0005692329585882394,0.00026923295858823944,0.0,0.0006592682361626919,-0.00043946386117077403,0.0006591233897860269,0.0,0.001097574470847551,0.00021980437499191554,0.0017566978606335054,0.0019765022356254902,False,True,False,True,False,True,True,True,True,False,True,False,True,False,True,True,True,True,True,False,False,True,False,0.00019733596512000072,0.0,0.00019729703131966857,0.0,0.0001972581128793886,-0.00039455514419920097,0.00039463299643956233,-0.00019729703131970066,0.00019733596512000072,True,False,True,False,True,False,True,False,False,True,False,True,False,True,False,True,False,False,False,False,False,False,False
2025-03-19,2025-03-19 00:00:00+09:00,35155,35647,35155,35435,4697251,69500,35401.0,35135.0,35322.5,35285.0,35206.666666666664,4,True,35695.0,0.007337378298292618,0.007037378298292618,0.0011095086015577935,-0.0004436557304358815,-0.0006658528711219277,0.00044395117266353694,-0.00044395117266339155,0.00044395117266353694,0.0,0.00044395117266353694,0.00044395117266353694,True,False,False,True,False,False,False,False,False,True,False,False,True,False,False,False,False,False,False,False,False,True,False,0.0011904763310748023,-0.0009919651641698,0.0001984717680425243,0.0,-0.00019851116690503651,0.0003969829349475849,0.0003969829349475849,0.0001984717680425243,0.0003969829349475849,True,False,True,False,False,False,True,False,False,True,False,True,False,False,True,True,False,False,True,False,False,False,False
2025-03-20,2025-03-20 00:00:00+09:00,35695,35815,35500,35675,5627694,69500,35657.5,35435.0,35401.0,35555.0,35415.0,3,True,35600.0,-0.0021023125437982237,-0.0024023125437982237,0.0,0.0,0.0004363001814411642,0.0,-0.00043630018144113884,-0.00043649062238192913,0.00021812629598970152,-0.0008727908038231537,-0.0006546645078333884,False,False,True,False,False,False,True,False,False,False,False,True,False,False,False,True,False,False,False,False,False,False,False,-0.0009789525989841602,-0.0001959055741401235,0.0005876016230181945,0.000782932120635755,0.0,-0.0005871416158496523,-0.0005872565501062135,0.00019579050478607998,-0.00039146604532017495,False,False,True,True,False,False,False,False,False,False,False,True,True,False,False,False,False,False,False,True,False,False,True
2025-03-21,2025-03-21 00:00:00+09:00,35600,35900,35525,35845,6252137,69500,35712.5,35675.0,35657.5,35760.0,35651.666666666664,4,True,35705.0,-0.0039057051192634695,-0.0042057051192634694,-0.0013233349968257246,-0.0011038747119383036,0.0008831972311795457,0.0,0.000441306273711074,0.00022058012662511044,-0.0013233349968257246,0.0006618864003361225,-0.0006614485964895515,False,False,True,False,True,False,False,False,False,False,False,True,False,True,False,False,False,False,False,True,False,False,True,-0.0005923585917113347,-0.0007902015425009138,-0.00019764798957513355,0.0009878495320760604,0.0,0.00019749185410296747,-0.0013827162696844187,0.0009878495320760604,-0.0003948667376083624,False,False,False,True,False,False,False,True,False,False,False,False,True,False,False,False,True,False,False,True,False,False,True
2025-03-24,2025-03-24 00:00:00+09:00,35705,35935,35595,35720,6277697,69500,35765.0,35845.0,35712.5,35782.5,35746.666666666664,2,True,35930.0,0.0058790593505038125,0.0055790593505038125,-0.0002176515407438367,0.0,-0.00021769892325010248,-0.00021774632639104936,0.0004354452496412933,0.00021765154074385173,-0.0004353504639939241,0.0004353504639938795,0.0,False,False,False,False,True,False,False,False,False,False,False,False,False,True,False,False,False,False,False,True,False,False,True,-0.00011746970274097611,0.0,-0.00027414964825987607,0.00019582884621485914,0.0,-0.00019582884621474354,-0.0003916193510007459,0.0,-0.0003916193510007459,False,False,False,True,False,False,False,False,False,False,False,False,True,False,False,False,False,False,False,False,False,False,False
2025-03-25,2025-03-25 00:00:00+09:00,35930,35940,35475,35555,6571405,69500,35707.5,35720.0,35765.0,35637.5,35706.666666666664,0,False,35705.0,0.004218815918998642,0.003918815918998642,0.0,0.0,0.0,0.0,0.0,0.0,0.0,0.0,0.0,False,False,False,False,False,False,False,False,False,False,False,False,False,False,False,False,False,False,False,False,False,False,False,0.0,0.0,0.0,0.0,-0.00038797284676760416,0.0,0.0,-0.00038797284676760416,-0.00038797284676760416,True,False,False,False,False,False,False,False,False,False,False,False,False,False,False,False,False,False,False,False,False,False,False
2025-03-26,2025-03-26 00:00:00+09:00,35705,35970,35580,35855,5126765,69500,35775.0,35555.0,35707.5,35705.0,35710.0,4,True,35485.0,-0.010319341793334269,-0.010619341793334269,-0.0006415054213369492,-0.0008559812206793513,0.0,-0.0006423295371259443,-0.00021415569200597406,0.0006423295371258604,-0.0012834226360613247,0.0,-0.0012834226360613247,False,False,False,False,False,False,False,False,False,False,False,False,False,False,True,False,False,False,False,False,False,False,False,-0.00019336749552663509,0.0,-0.0001935171752531139,0.0,0.0,-0.0003871467334456353,-0.0009672116045634513,-0.0003871467334456353,-0.001354358338009171,False,False,False,False,False,False,False,False,False,False,False,False,False,False,False,False,False,False,False,False,False,False,False
2025-03-27,2025-03-27 00:00:00+09:00,35485,35740,35385,35415,7191086,69500,35562.5,35855.0,35775.0,35635.0,35608.333333333336,0,False,35270.0,-0.0040943103204856834,-0.004394310320485683,0.0008699435085400354,0.0,-0.0010875476873989933,-0.0004353504639939241,0.0004353504639938795,0.001087547687398919,-0.0002176041788589234,0.001087547687398919,0.0008699435085400354,True,False,False,False,True,True,False,True,True,True,False,False,False,True,True,False,True,True,False,True,False,True,True,0.0,-0.0003907013138193278,-0.000195407914642275,0.0003907776524915481,0.00039062500496699754,0.00019525529692028407,-0.0005861092284616822,0.000976657954378678,0.00039054872591717224,True,False,False,True,True,False,False,True,True,False,False,False,True,True,False,False,True,False,False,True,False,True,True
2025-03-28,2025-03-28 00:00:00+09:00,35270,35270,34670,34845,9416839,69500,34970.0,35415.0,35562.5,35130.0,35371.666666666664,0,False,34220.0,-0.01793657626632228,-0.01823657626632228,-0.00021913005456369457,0.0,0.00021913005456361418,0.0008760403538798185,0.00021889022742536845,0.0002188423249789017,0.0,0.0013137729062840226,0.0013137729062840226,False,False,True,True,False,False,False,True,True,False,False,True,True,True,False,False,True,True,False,False,False,True,False,-0.00019609765726144666,0.0,0.0,0.00019609765726144677,0.0,0.0,-0.00019609765726144666,0.00019609765726144677,0.0,False,False,False,True,False,False,False,False,False,False,False,False,True,False,False,False,False,False,False,True,False,False,True
2025-03-31,2025-03-31 00:00:00+09:00,34220,34220,33765,33865,10984452,69500,33992.5,34845.0,34970.0,34355.0,34708.333333333336,0,False,34120.0,0.007529898124907675,0.007229898124907675,-0.00022745365729816654,-0.00022750540423456972,0.00022750540423459802,-0.001593625835278036,0.0009109542875454622,-0.0006831379065625618,-0.00022745365729816654,-0.0013658094542949313,-0.0015932631115930628,False,False,True,False,True,False,False,False,False,False,False,True,False,True,False,False,False,False,False,False,False,False,False,-0.00040306328639195925,0.0,0.0002015519506974822,-0.0012099215027131982,0.00080677696994011,-0.0008067769699401454,-0.00020151133569445694,-0.0012099215027131982,-0.001411432838407736,False,False,True,False,True,False,False,False,False,False,False,True,False,True,False,False,False,False,False,False,False,False,False
2025-04-01,2025-04-01 00:00:00+09:00,34120,34480,33940,34350,9143106,69500,34210.0,33865.0,33992.5,34107.5,34353.333333333336,3,True,34395.0,0.0013100436681223737,0.0010100436681223738,-0.0006772773709620183,-0.0009037506263568113,-0.00022606533384400142,0.00022596316896499895,0.00112981596020078,0.00022581009467076334,-0.001807093331162683,0.0009035464811682148,-0.0004514672762913132,False,False,False,True,True,False,False,True,False,False,False,False,True,True,False,False,True,False,False,True,False,False,True,-0.000399361027672035,-0.0005993407431429849,-0.00019986009859667835,0.00019978024239862384,0.0,0.0005991013658972911,-0.0011985618694117658,0.0007988816082958577,0.0,False,False,False,True,False,True,False,True,False,False,False,False,True,False,True,False,True,False,False,True,False,False,True
2025-04-02,2025-04-02 00:00:00+09:00,34395,34440,34040,34180,6797136,69500,34240.0,34350.0,34210.0,34265.0,34131.666666666664,1,False,33150.0,-0.030134581626682255,-0.030434581626682257,0.00035776575668930574,0.0,-0.0013422820807294047,0.00022373867416295126,0.0006709158252336917,0.00022353861722674792,-0.000984516324040016,0.0011181931166233307,0.0005813043739161323,True,False,False,True,True,False,False,True,True,True,False,False,True,True,False,False,True,False,False,True,False,True,True,0.000397614319353872,0.0,-0.0003976143193537601,0.0007950706043951911,0.0007944389692905759,0.0,0.0,0.0015895095736856665,0.0015895095736856665,True,True,False,True,True,False,True,True,True,True,False,False,True,True,False,False,True,True,False,False,False,True,False
2025-04-03,2025-04-03 00:00:00+09:00,33150,33785,33100,33755,11098090,69500,33442.5,34180.0,34240.0,33967.5,34095.0,1,False,33320.0,-0.012886979706710155,-0.013186979706710155,-0.0013761470061674956,-0.0009184845651445755,-0.00045955883161747296,0.0009186955170725863,0.0002295420645910912,0.0011469206441323632,-0.0027541904029295054,0.00229515822579572,-0.00022922636203523904,False,False,False,True,False,True,False,True,False,False,False,False,True,True,True,False,True,False,False,True,False,False,True,-0.0020296333332337226,0.0,-0.0004064214646473658,0.0006094464383659302,-0.0008126778179903221,0.001421753057609324,-0.0024360547978811158,0.0012185216779848952,-0.001014301740271878,False,True,False,True,False,True,False,True,False,False,False,False,True,False,True,False,True,False,False,True,False,False,True
2025-04-04,2025-04-04 00:00:00+09:00,33320,34015,33010,33455,20483991,69500,33512.5,33755.0,33442.5,33605.0,33796.666666666664,2,True,31960.0,-0.04468689284112992,-0.04498689284112992,0.0016453170946346708,0.001173571311785485,0.0007034822660855957,0.00046871339034812616,-0.0014064699927517131,0.0016406894574600179,0.0035223706725056947,0.000937207191374398,0.004459577863880129,True,True,True,True,False,True,True,False,True,True,True,True,True,False,True,True,True,True,True,False,True,False,False,0.0016632020466029684,0.0008305648317994931,0.0008300477754014892,0.0004148516964703688,-0.0020759816465468818,0.0026979366785169047,0.003116238109207953,0.0010368067284403084,0.003945597476672052,True,True,True,True,False,True,True,True,True,True,True,True,True,False,True,True,True,True,True,False,True,False,False
2025-04-07,2025-04-07 00:00:00+09:00,31960,32050,31400,31550,25201100,69500,31725.0,33455.0,33512.5,32502.5,32920.0,0,False,32150.0,0.019017432646592614,0.018717432646592612,-0.0026075634070808302,-0.0007831876134566463,0.0028716897426925283,-0.0028716897426925955,-0.004446195372193748,-0.0018360660895731492,-0.001042209578443754,-0.00706346952472476,-0.008105679103168485,False,False,True,False,False,False,False,False,False,False,False,True,False,False,False,False,False,False,False,False,False,False,False,-0.002277386545678524,-0.002736603760319134,0.0013692380048849588,0.0,-0.004565175698402884,-0.003664685732147923,-0.002505410717228574,-0.005948313123286319,-0.008681800018946842,False,False,True,False,False,False,False,False,False,False,False,True,False,False,False,False,False,False,False,False,False,False,False
2025-04-08,2025-04-08 00:00:00+09:00,32150,32200,31400,31535,19784954,69500,31800.0,31550.0,31725.0,31542.5,32180.0,0,False,31470.0,-0.002061201839226201,-0.002361201839226201,0.003202367559983416,-0.0019694738025319435,0.0012310724194200054,0.00024603272359309005,-0.002463055432397637,0.0014785611367844032,0.0027103626300092392,-0.0007384615720200843,0.0019719010579892383,True,False,True,True,False,True,True,False,True,True,False,True,True,False,True,True,False,True,False,False,False,False,False,0.0028307041220739996,-0.0015245565405261465,0.0019597175569666097,-0.0015238927516371048,-0.0006538084574188434,0.0006536659999607138,0.002395732388378339,-0.0013060515570059979,0.0010896808313722204,True,False,True,False,False,True,True,False,True,True,False,True,False,False,True,True,False,True,False,False,False,False,False
2025-04-09,2025-04-09 00:00:00+09:00,31470,31565,30840,31010,17841144,69500,31202.5,31535.0,31800.0,31272.5,31365.0,0,False,32740.0,0.05578845533698806,0.05548845533698806,-0.007280323368125385,0.002342835901772667,0.004669269183683471,0.005162634078806906,0.0038545595713819006,-0.004369625253641771,0.0010357328735321183,0.0046475683965468756,0.005683301270078952,False,True,True,True,True,False,True,True,True,False,True,True,True,True,False,True,True,True,True,False,False,True,False,-0.006659801856985311,0.0,0.004124662126317435,0.0038861633089199705,0.004552705336944748,-0.004095568864737082,0.0009151224614847148,0.004570391867944276,0.003883500026397612,False,False,True,True,True,False,True,True,True,False,False,True,True,True,False,True,True,True,True,False,False,True,False
2025-04-10,2025-04-10 00:00:00+09:00,32740,32920,32370,32920,11829124,69500,32645.0,31010.0,31202.5,31965.0,31821.666666666668,4,True,32375.0,-0.016555285540704734,-0.016855285540704736,-0.0009157509797466719,0.0011445577534254245,0.0025134252920973143,-0.0004565167849200391,-0.0013708021337787146,0.0006856359541821666,0.002742232065775899,-0.0011416829645165484,0.001600549101259575,False,True,True,False,False,True,True,False,True,False,True,True,False,False,True,True,False,True,False,False,False,False,False,-0.0006187480861529122,0.001443150441170797,0.0024696452148892855,-0.00020561324221714722,-0.0010287008416680116,-0.00102976015690167,0.003088010688576545,-0.002264074240786702,0.0006183654736872148,False,True,True,False,False,False,True,False,True,False,True,True,False,False,False,True,False,True,False,False,False,False,False
2025-04-11,2025-04-11 00:00:00+09:00,32375,32820,32260,32820,12284503,69500,32540.0,32920.0,32645.0,32870.0,32250.0,3,True,33000.0,0.005484460694698434,0.005184460694698434,0.0037585198109679244,-0.0004697040950611159,0.0039854700509405995,0.003969649112431873,-0.0016326534238853348,0.002331546871086943,0.005866495764281388,0.004668542559633329,0.010535038323914685,True,False,True,True,False,True,True,True,True,True,False,True,True,False,True,True,True,True,True,False,False,False,False,0.0012647556491996832,-0.0010538519259672894,0.005258188579474939,0.0031443270848944987,-0.0004186728133168703,-0.0008375209869794121,0.005469092302707241,0.002306806097915092,0.006936443996657169,True,False,True,True,False,False,True,True,True,True,False,True,True,False,False,True,True,True,True,False,False,False,False
2025-04-14,2025-04-14 00:00:00+09:00,33000,33230,32925,33030,5510556,69500,33077.5,32820.0,32540.0,32925.0,32923.333333333336,4,True,33075.0,0.0013623978201635634,0.0010623978201635634,0.00022880677367869968,0.0006861063733985867,-0.00022864982379250832,-0.0002287021164914047,0.0002287021164913603,0.0013711153884776847,0.0006862633232847929,0.0013711153884776847,0.0020573787117626145,True,True,False,False,False,True,True,True,True,True,True,False,False,True,True,True,True,True,True,False,False,True,False,-0.00020637705160444383,-0.00020641965188372295,0.00041279670348812674,-0.00020633446890499246,0.00041262637267935583,-0.0004126263726793019,0.0,-0.00020633446890499246,0.0,False,False,False,False,True,False,False,False,False,False,False,True,False,True,False,False,False,False,False,False,False,False,False
2025-04-15,2025-04-15 00:00:00+09:00,33075,33445,33075,33355,8739314,69500,33260.0,33030.0,33077.5,33192.5,33068.333333333336,4,True,33215.0,-0.0041972717733472775,-0.0044972717733472774,0.0016175624555278374,-0.00046189377264606985,0.0,0.001156203158053584,-0.00023113371188067606,0.001386001607877153,-0.00046264169226756734,0.0023110710540498835,0.001848429361782375,True,False,False,True,False,True,False,True,True,True,False,False,True,False,True,False,True,True,False,True,False,True,True,-0.00020693223043321277,0.00041382164877743345,-0.00020688941834421875,0.00020688941834426903,-0.00020688941834421875,0.0006205398895992767,0.0,0.0006205398895992767,0.0006205398895992767,False,True,False,False,False,True,False,False,True,False,True,False,False,False,True,False,True,True,False,False,False,True,False
2025-04-16,2025-04-16 00:00:00+09:00,33215,33275,32820,32835,7035487,69500,33047.5,33355.0,33260.0,33095.0,33073.333333333336,0,False,32925.0,0.002740977615349527,0.002440977615349527,-0.000471253543122884,-0.00047147572773419355,0.0009420631879009365,-0.0009420631879010176,0.0007066305793972983,0.0014117649403624798,0.0007064641763270316,0.0011763323318587583,0.001882796508185814,False,False,True,False,True,True,True,True,True,False,False,True,False,True,True,True,True,True,True,False,False,True,False,0.0012612993053265204,-0.000630450793184205,0.0,0.0006303183316156856,0.0,0.0010496484641686532,0.0006308485121422807,0.0016799667957843462,0.002521009738548108,True,False,False,True,False,True,True,True,True,True,False,False,True,False,True,True,True,True,True,False,False,True,False
2025-04-17,2025-04-17 00:00:00+09:00,32925,33220,32855,33160,6814121,69500,33037.5,32835.0,33047.5,32997.5,33116.666666666664,4,True,33215.0,0.0016586248492158617,0.0013586248492158618,0.0016480286249164154,0.0004703668948434446,-0.0009409551388220094,0.001646090906668717,0.00023493480667194965,0.0021119332031435513,0.0011774403809377797,0.003992958916484337,0.005170399297422064,True,True,False,True,False,True,True,True,True,True,True,False,True,True,True,True,True,True,True,False,True,True,False,0.0014710520673173566,0.0006300535753947003,-0.0006300535753947341,0.0008399832497250321,0.0,0.0004197271834966851,0.0010509722459750015,0.0012597104332217396,0.0023106826791968265,True,True,False,True,False,True,True,True,True,True,True,False,True,False,True,True,True,True,True,False,False,True,False
2025-04-18,2025-04-18 00:00:00+09:00,33215,33385,33110,33385,5906332,69500,33247.5,33160.0,33037.5,33272.5,33126.666666666664,4,True,33390.0,0.00014976785981724028,-0.0001502321401827597,0.0,-0.0009447331831617474,0.0016526978145019206,0.0021253993123135366,-0.0009440642664823142,0.0009440642664823036,0.0007079646313400942,0.0021253993123135366,0.0007079646313400942,False,False,True,True,False,False,True,True,False,False,False,True,True,False,True,True,True,False,True,False,False,True,False,0.0014750819237709508,0.0,0.0,0.0,0.0,0.0,0.0014750819237709508,0.0,0.0014750819237709508,True,False,False,False,False,False,True,False,True,True,False,False,False,False,False,True,False,True,False,False,False,False,False
2025-04-21,2025-04-21 00:00:00+09:00,33390,33585,33295,33430,4921214,69500,33440.0,33385.0,33247.5,33407.5,33325.0,4,True,33265.0,-0.004935686509123571,-0.005235686509123571,0.0008622341978908918,-0.0004789272122194881,0.0014360940716092387,0.0,-0.0009571668593897087,0.0002392630708865802,0.0018194010572805906,-0.0002392058377629678,0.0015801952195175699,True,False,True,False,False,False,True,False,False,True,False,True,False,False,False,True,False,True,False,False,False,False,False,-0.00021324235073874218,0.0010657573213826257,0.0002130152313944584,0.0,-0.00042607584794562473,0.0,0.0010655302020383163,-0.00021301523139451422,0.0008525149706437513,False,True,False,False,False,False,True,False,False,False,True,True,False,False,False,True,False,True,False,False,False,False,False
2025-04-22,2025-04-22 00:00:00+09:00,33265,33490,33255,33320,5665232,69500,33372.5,33430.0,33440.0,33375.0,33378.333333333336,1,False,33875.0,0.016656662665065936,0.016356662665065934,0.0012128564252092296,0.0,-0.00024245363193083888,0.0012116807492395818,0.00024216006898809825,0.0009680542866350526,0.0009704027932785145,0.0024218951048630304,0.0033922978981414296,True,False,False,True,True,False,False,True,True,True,False,False,True,True,True,True,True,True,True,False,False,True,False,0.0004316857394904193,0.00021577300763398727,-0.00021577300763397328,0.0006470398155215375,0.0,0.00043112740482406615,0.0004316857394904193,0.001078167220345445,0.0017256259674698574,True,True,False,True,False,True,False,True,True,True,True,False,True,False,True,True,True,True,True,False,False,True,False
2025-04-23,2025-04-23 00:00:00+09:00,33875,33965,33705,33920,6686259,69500,33835.0,33320.0,33372.5,33620.0,33556.666666666664,4,True,33925.0,0.00014740566037740876,-0.0001525943396225912,0.0030327796487181046,0.00046587468813722756,0.0,0.0,-0.0004658746881372776,0.001862197931064621,0.0032656898628837905,0.0013963232429274324,0.004662013105811371,True,True,False,False,False,True,True,False,True,True,True,False,False,False,True,True,True,True,True,False,False,False,False,0.0010419923835354578,0.0010406911127622002,-0.0012489593630203586,-0.00020805159754651265,-0.001040907765473909,0.0014569676841030706,0.0010419923835354578,0.00020800832108274135,0.002498960067638569,True,True,False,False,False,True,False,False,True,True,True,False,False,False,True,True,False,True,True,False,False,False,False
2025-04-24,2025-04-24 00:00:00+09:00,33925,33970,33645,33860,6733860,69500,33807.5,33920.0,33835.0,33890.0,33700.0,2,True,34230.0,0.010927347903130435,0.010627347903130436,0.0006985679641400653,0.0006980803075809319,-0.0025620137456436693,0.0004663091714246367,0.0009319665166637397,0.002093754399873378,-0.0011653654739227286,0.0034920300879617274,0.002326664614039127,False,True,False,False,True,True,False,True,True,True,True,False,True,True,True,False,True,True,False,True,True,True,True,0.0,0.0006250651313004577,-0.0010430792642827065,0.0002087900623515694,0.0010432969125776675,0.00041701418452537155,-0.0014600065165177296,0.0016691011594544497,-0.00020844189757595615,False,True,False,False,True,False,False,True,False,False,True,False,False,True,True,False,True,False,False,True,False,False,True
2025-04-25,2025-04-25 00:00:00+09:00,34230,34335,34060,34175,5791540,69500,34197.5,33860.0,33807.5,34017.5,33985.0,3,True,34235.0,0.0017556693489393371,0.0014556693489393372,0.0011242272122809105,0.0,-0.0004495392298675893,0.0020213370161374206,-0.0008980692116844929,0.0008980692116844054,0.0006746879824132425,0.0017969456767016347,0.002471633659114968,False,False,False,True,False,False,False,False,True,True,False,False,True,False,True,True,True,True,True,False,False,True,False,0.0004057618233800339,0.0,-0.0006088280248945883,0.0008116883562526632,-0.00040576182338009965,0.00020290149202203985,-0.0004059265328724313,0.0006088280248945642,0.00020290149202203985,False,False,False,True,False,False,False,False,False,True,False,False,True,False,False,False,True,False,False,True,False,True,True
2025-04-28,2025-04-28 00:00:00+09:00,34235,34355,34140,34200,2920421,69500,34247.5,34175.0,34197.5,34187.5,34078.333333333336,3,True,33870.0,-0.009649122807017574,-0.009949122807017574,-0.0017981573736974377,0.00022494657613697318,0.001573210797560449,0.0015707396924074823,-0.0004485310682956321,0.0013449901153326123,0.0,0.0024671987394444365,0.0024671987394444365,False,False,True,True,False,False,False,True,False,False,True,True,True,False,True,False,True,True,False,False,False,True,False,0.00020327269101389652,0.0,-0.0010171906074896396,0.0022364551356958834,-0.0008126778179903221,0.001421753057609324,-0.0012205046266915733,0.0028455303753147565,0.0016250257486232057,False,False,False,True,False,True,False,True,False,True,False,False,True,False,True,False,True,True,False,True,False,True,True
2025-04-29,2025-04-29 00:00:00+09:00,33870,34185,33755,34005,7061405,69500,33970.0,34200.0,34247.5,34102.5,34126.666666666664,1,False,33970.0,-0.0010292604028819818,-0.0013292604028819818,0.0006691201320241941,-0.00044603033745704905,0.0,0.0,-0.0017861134464837885,0.0017861134464837924,0.00022308979456711704,0.0,0.00022308979456711704,False,False,False,False,False,True,False,False,False,True,False,False,False,False,True,True,False,False,False,False,False,False,False,0.0002019182238057335,-0.00020191822380570952,0.0,-0.000403958801696061,-0.00020204061084992567,-0.0018202047699178868,0.0,-0.0024262041824638257,-0.0024262041824638257,False,False,False,False,False,False,False,False,False,True,False,False,False,False,False,False,False,False,False,False,False,False,False
2025-04-30,2025-04-30 00:00:00+09:00,33970,34135,33790,33935,6329504,69500,33962.5,34005.0,33970.0,33970.0,34046.666666666664,0,False,33910.0,-0.0007367025195226251,-0.001036702519522625,0.0011176931978351319,0.0,0.00022338880914977356,0.0013392859144740242,0.0,0.0011147030470928005,0.0013410820069847953,0.002453988961566787,0.0037950709685515343,False,False,False,True,False,False,True,True,True,True,False,True,True,False,True,True,True,True,True,False,False,True,False,0.0008077544865688867,0.0,0.00020183671478341746,0.0006052658310473725,0.0,0.00020167389399811412,0.0010095912013522745,0.0008069397250455515,0.0018165309263977853,False,False,False,False,True,False,False,False,True,True,False,True,True,False,False,True,True,True,True,False,False,False,False
2025-05-02,2025-05-02 00:00:00+09:00,33910,34115,33690,33965,5644954,69500,33902.5,33935.0,33962.5,33950.0,33968.333333333336,3,True,34330.0,0.010746356543500646,0.010446356543500646,0.0,0.00021860312689519508,0.00021855535001216473,-0.00043715847690735653,-0.0017505474929855821,0.0008756567985094423,0.00043715847690728763,-0.00131204917138349,-0.0008748906944761064,False,False,False,False,False,False,False,False,False,False,True,True,False,False,False,False,False,False,False,False,False,False,False,-0.0009915717222950518,0.0,0.0,-0.000396667994094502,-0.0011909489299681707,-0.0011923689806978557,-0.0005948250398441649,-0.0027799859047605243,-0.0031764966157445487,False,False,False,False,False,False,False,False,False,False,False,False,False,False,False,False,False,False,False,False,False,False,False
2025-05-07,2025-05-07 00:00:00+09:00,34330,34400,34040,34255,6838613,69500,34220.0,33965.0,33902.5,34110.0,34051.666666666664,3,True,34310.0,0.001605605021164802,0.0013056050211648022,0.00021807872728456766,-0.00021817388545140545,0.0,0.0008722198546859192,-0.0017452011410306386,0.0002183167785113899,-0.00021812629598977297,-0.0006546645078333884,-0.0008727908038231537,False,False,False,False,False,False,False,False,False,False,False,False,True,False,False,False,False,False,False,False,False,False,False,-0.0001984323848162081,-0.0007941235279354753,0.0,0.0001984717680425243,-0.00019847176804260258,-0.0009929501361955156,-0.000992555912751628,-0.0009929501361955156,-0.0013898542890543016,False,False,False,False,False,False,False,False,False,False,False,False,False,False,False,False,False,False,False,False,False,False,False
2025-05-08,2025-05-08 00:00:00+09:00,34310,34470,34255,34270,6263717,69500,34362.5,34255.0,34220.0,34262.5,34163.333333333336,3,True,34335.0,0.0018967026553837751,0.0015967026553837752,-0.0006481581732801154,-0.0012975780367331896,0.00021637996405967201,-0.0006492804037206313,0.0008656135576199678,0.000432525958300105,-0.001729356245953732,0.000648859112199514,-0.0010804971337541407,False,False,False,False,True,False,False,False,False,False,False,True,False,True,False,False,False,False,False,True,False,False,True,-0.001774273506364653,0.0005914243642081711,-0.00019710259253722425,-0.0005915409814611378,-0.00039455514419920097,0.0003945551441991361,-0.0007881773807043251,-0.0005915409814611378,-0.0013797183621654281,False,True,False,False,False,False,False,False,False,False,True,False,False,False,True,False,False,False,False,False,False,False,False
2025-05-09,2025-05-09 00:00:00+09:00,34335,34415,34160,34265,6422377,69500,34287.5,34270.0,34362.5,34267.5,34263.333333333336,1,False,34500.0,0.006858310229096665,0.006558310229096665,0.0006487188031591277,0.0004322455221827011,-0.00021609940656763267,0.000864117573752284,0.0,-0.00021595940047222447,0.0008648649187741065,0.0006481581732802686,0.0015130230920543527,False,True,False,False,False,False,False,False,False,True,True,False,True,False,False,True,False,True,True,False,False,False,False,0.00019741387883677838,0.0005920079107289163,0.0003944773226697263,0.0009866799024451063,0.0,-0.00039455514419920097,0.001183899112235324,0.0005921247582459241,0.0005921247582459241,False,True,True,True,True,False,True,False,False,True,True,True,True,False,False,True,False,True,True,False,False,False,False
2025-05-12,2025-05-12 00:00:00+09:00,34500,34750,34430,34750,6345461,69500,34590.0,34265.0,34287.5,34507.5,34428.333333333336,4,True,34900.0,0.004316546762589857,0.004016546762589857,0.000212381863387196,0.0008490766801763326,0.0002121565723455054,-0.0002121565723455766,0.0,0.0016959936225560035,0.0012736151159090218,0.0014838370502102199,0.0027574521661194494,False,True,False,False,False,True,True,False,True,False,True,False,False,False,True,True,True,True,True,False,False,True,False,0.0009747539518263854,-0.0003897875707118119,0.0005846243954878788,-0.0009745639597972074,0.0,0.0009745639597972904,0.0011695907766026694,0.0,0.0011695907766026694,True,False,True,False,True,True,True,False,False,True,False,True,False,False,True,True,False,True,False,False,False,False,False
2025-05-13,2025-05-13 00:00:00+09:00,34900,35045,34750,34830,8491033,69500,34897.5,34750.0,34590.0,34790.0,34615.0,3,True,35145.0,0.009043927648578753,0.008743927648578754,-0.00020922690734341976,0.00020922690734352038,0.0,0.0,-0.00020905195017078686,-0.0006274181947951842,0.0,-0.0008364701449660591,0.0,False,False,False,False,False,False,False,False,False,False,True,False,False,False,False,False,False,False,False,False,False,False,False,-0.0011529593898265914,0.0011529593898265311,0.0001922522355243701,0.0005759815845135729,-0.0011522951150167184,0.0007683442560093853,-0.0009607071543021926,0.00019203072550610966,0.00019203072550610966,False,True,False,False,False,True,False,False,False,False,True,False,True,False,True,False,False,False,False,True,False,True,True
2025-05-14,2025-05-14 00:00:00+09:00,35145,35455,35065,35295,9598145,69500,35260.0,34830.0,34897.5,35062.5,34958.333333333336,4,True,35200.0,-0.0026915993766822854,-0.0029915993766822854,0.0004092490337454726,0.0,0.0,-0.0006139363745481103,0.0006138107609598871,-0.0012279985169852885,0.0004092490337454726,-0.0010234367897709869,-0.0006141877560255181,False,False,False,False,True,False,False,False,False,True,False,False,False,True,False,False,False,False,False,False,False,False,False,0.00018991548817888404,0.00018987942713454036,-0.00018987942713464737,-0.00018987942713464737,-0.001520334766428159,0.001140467715326597,0.00018991548817888404,-0.0005697464782361578,-0.00018995156292279532,False,False,False,False,False,True,False,False,False,False,True,False,False,False,True,False,False,False,False,False,False,False,False
2025-05-15,2025-05-15 00:00:00+09:00,35200,35375,34990,35035,6696380,69500,35182.5,35295.0,35260.0,35165.0,35053.333333333336,0,False,35165.0,0.0037105751391466324,0.0034105751391466325,-0.0010219724956930802,-0.00020451989027211618,0.0004089979607117419,0.0010217636528048486,-0.00020426922755125242,0.0004084967377066746,-0.0008174944252535723,0.0012259911629601736,0.0004084967377066746,False,False,True,False,False,False,False,False,False,False,False,True,True,False,False,False,True,False,False,True,False,True,True,-0.0005711566076258944,-0.0019062148356930827,0.0013344773689480261,0.0001904943333695825,-0.0007621951588504276,0.0019043997376275018,-0.0009521089931854149,0.0013326989121465976,0.0003805899189612705,False,False,True,False,False,True,False,True,False,False,False,True,False,False,True,False,True,False,False,True,False,True,True
2025-05-16,2025-05-16 00:00:00+09:00,35165,35275,35070,35165,6437268,69500,35172.5,35035.0,35182.5,35100.0,35165.0,1,False,34995.0,-0.004834352338973447,-0.0051343523389734465,-0.00020364525067833442,0.0,-0.00020368673051371835,-0.00020368673051371835,-0.0006113092396179325,0.0006113092396179321,-0.0004073319811921075,-0.00020368673051371835,-0.0004073319811921075,False,False,False,False,False,False,False,False,False,False,False,False,False,False,False,False,False,False,False,False,False,False,False,-0.0005671613726094852,-0.00018908953445766436,-0.00018908953445766436,0.0017024500470542224,0.0,-0.0005671613726094852,-0.0005671613726094852,0.0011352886744447038,-0.0005671613726094852,False,False,False,True,True,False,False,True,False,False,False,False,True,False,False,False,True,False,False,True,False,False,True
2025-05-19,2025-05-19 00:00:00+09:00,34995,35030,34645,34770,7732398,69500,34837.5,35165.0,35172.5,34967.5,34990.0,0,False,35040.0,0.007765314926660993,0.007465314926660993,-0.00020548648998637055,0.00020548648998628235,0.00061620624318125,0.002256179810511921,-0.0016403530436412987,0.0,0.00061620624318125,0.0006158267668707221,0.0012320330100518142,False,False,True,True,False,False,False,False,False,False,True,True,True,False,False,True,False,False,True,False,False,False,False,-0.0017085908285641579,0.0005698547024757015,0.00018987942713454036,0.0020862975798801443,-0.0013271402080624634,0.0003793626752629309,-0.0009488566989537794,0.0011385200470803397,0.00018966334812660688,False,False,True,True,False,False,False,True,False,False,True,False,True,False,False,False,True,False,False,True,False,True,True
2025-05-20,2025-05-20 00:00:00+09:00,35040,35125,34800,34840,6059352,69500,34962.5,34770.0,34837.5,34805.0,34925.0,2,True,35005.0,0.004735935706084993,0.004435935706084993,0.0008120179090116785,-0.001624695727001922,-0.0016273396593753711,-0.0008146639961763357,0.00020372822725053423,0.0006109357689258406,-0.0024400174773657113,0.0,-0.0024400174773657113,True,False,False,False,True,False,False,False,False,True,False,False,False,False,False,False,False,False,False,False,False,False,False,-0.00018781106262364026,-0.0011276077120371453,-0.0011286682913743654,-0.0003765060285440632,-0.0009418857247142466,0.0011301564585848177,-0.00225606412668265,-0.00018823529467344502,-0.0024442994213561306,False,False,False,False,False,True,False,False,False,False,False,False,False,False,True,False,False,False,False,False,False,False,False
2025-05-21,2025-05-21 00:00:00+09:00,35005,35252,34995,35060,6282240,69500,35123.5,34840.0,34962.5,34950.0,34890.0,4,True,34865.0,-0.005561893896178005,-0.005861893896178005,-0.000611683167201413,-0.0010203041391201573,-0.0004084133199510559,-0.00020426922755125242,-0.0008174944252535723,0.00040883074976629517,-0.0020404006262726283,-0.0006129329030384462,-0.0026533335293110177,False,False,False,False,False,False,False,False,False,False,False,False,False,False,False,False,False,False,False,False,False,False,False,-0.0005671613726094852,0.0003781433208228552,-0.0003781433208228107,-0.0001891252960720015,-0.00037835793111217603,0.0007565727616418444,-0.0005671613726094852,0.00018908953445759548,-0.00037807183815182594,False,False,False,False,False,False,False,False,False,False,True,False,False,False,True,False,False,False,False,True,False,False,True
2025-05-22,2025-05-22 00:00:00+09:00,34865,34900,34525,34610,4417566,69500,34712.5,35060.0,35123.5,34835.0,34836.666666666664,0,False,34705.0,0.0027448714244437955,0.0024448714244437956,-0.00020574015091605224,0.00020574015091605674,0.00020569783061318952,-0.0004114379815292381,-0.000617474548794676,0.0008232146997107561,0.00020569783061318952,-0.0002056978306131877,0.0,False,False,False,False,False,False,False,False,False,False,True,False,False,False,False,False,False,False,False,False,False,False,False,-0.000573778346046716,0.00019129603119064252,0.0013380485605247504,-0.0009555662456686796,0.0,0.00019118631164243878,0.0009555662456686359,-0.0007643799340261654,0.00019118631164243878,False,False,True,False,True,False,True,False,False,False,True,True,False,False,False,True,False,False,False,False,False,False,False
2025-05-23,2025-05-23 00:00:00+09:00,34705,34785,34610,34640,5583567,69500,34697.5,34610.0,34712.5,34625.0,34770.0,1,False,34725.0,0.0024538106235565404,0.0021538106235565405,0.0,0.00020586721637295133,0.0,-0.0016481256305889392,-0.0008250825550577919,0.001031246868745428,0.00020586721637295133,-0.0014419613169012952,-0.001236094100528303,False,False,False,False,False,True,False,False,False,False,True,False,False,False,True,False,False,False,False,False,False,False,False,-0.0005741077566548268,0.00019140587674475068,-0.0003828483967130574,-0.0009577627396249956,-0.0011505274519379633,0.0007671653617531704,-0.0007655502766231117,-0.001341124829809835,-0.0021066751064329424,False,False,False,False,False,False,False,False,False,False,True,False,False,False,True,False,False,False,False,False,False,False,False
2025-05-26,2025-05-26 00:00:00+09:00,34725,35225,34700,35190,5660635,69500,34962.5,34640.0,34697.5,34915.0,34813.333333333336,4,True,35095.0,-0.002699630576868395,-0.0029996305768683947,0.00041059331309756096,0.0002052334537731606,0.0,0.00041034058844132266,-0.0018478600884796138,0.003487540718192429,0.0006158267668707221,0.002050021218154066,0.0026658479850247734,False,False,False,False,False,True,True,True,True,True,False,False,True,False,True,True,True,True,True,False,False,True,False,0.0009541075048756484,-0.0005723552574449434,-0.0004963063457287969,0.0012593739142314616,-0.0015267178537999079,0.0028606866080688313,-0.00011455409829813275,0.0025933426685001925,0.0024787885702020006,True,False,False,True,False,True,False,True,True,True,False,False,True,False,True,False,True,True,False,True,False,True,True
2025-05-27,2025-05-27 00:00:00+09:00,35095,35330,35060,35300,6195383,69500,35195.0,35190.0,34962.5,35245.0,35043.333333333336,4,True,35415.0,0.0032577903682720066,0.0029577903682720067,0.0004109307639498936,0.0008213552823151789,0.0,0.0,0.0,0.0018455864974145774,0.0012322860462651017,0.0018455864974145774,0.0030778725436796366,True,True,False,False,True,True,True,True,True,True,True,False,False,False,True,True,True,True,True,False,False,True,False,0.0,0.0015267178537998873,-0.0003814610002388646,0.00019074868918111888,0.0,0.0,0.0011452568535611387,0.00019074868918111888,0.0013360055427421298,False,True,False,False,True,False,True,False,True,False,True,False,False,True,False,True,False,True,True,False,False,False,False
2025-05-28,2025-05-28 00:00:00+09:00,35415,36110,35360,35780,11074773,69500,35735.0,35300.0,35195.0,35540.0,35423.333333333336,4,True,36185.0,0.011319172722191073,0.011019172722191073,0.0006091989222825442,0.0002029838634799405,-0.00020298386347990702,-0.0006091989222826492,8.124796884555155e-05,0.0011367789783316123,0.0006091989222825442,0.0006088280248945642,0.0012180269471772254,True,False,False,False,True,True,False,False,False,True,False,False,False,False,True,False,False,False,True,False,False,False,False,0.0003785011400222517,0.0001891968598965397,0.0,0.0009454477398972384,-0.001323877261915802,0.00018923266212202077,0.0005676979999185676,-0.0001891968598965053,0.0003785011400222517,True,False,False,True,False,False,True,False,False,True,False,False,True,False,False,True,False,False,False,False,False,False,False
2025-05-29,2025-05-29 00:00:00+09:00,36185,36515,36040,36490,13905925,69500,36277.5,35780.0,35735.0,36135.0,35856.666666666664,4,True,36355.0,-0.0036996437380104608,-0.003999643738010461,0.0,0.0,-0.00019962072129368783,-0.0013984619200523916,0.0,0.0015996804051159857,-0.00019962072129368783,-0.0007988816082958455,-0.0009985023295895493,False,False,False,False,True,True,False,False,False,False,False,False,False,False,True,False,False,False,False,False,False,False,False,-0.0014947685892293624,0.0011208669210109072,-0.0003734827307653165,-0.00018679368691650397,-0.001308533694517005,0.0,-0.0003734827307653165,-0.001495327381433501,-0.0018688101121988572,False,True,False,False,False,False,False,False,False,False,True,False,False,False,False,False,False,False,False,False,False,False,False
2025-05-30,2025-05-30 00:00:00+09:00,36355,36460,36080,36140,7705176,69500,36270.0,36490.0,36277.5,36315.0,36136.666666666664,1,False,36040.0,-0.0027670171555063128,-0.0030670171555063127,0.0010178117927006245,0.00040683483067238126,-0.0008138352432911581,-0.0012219960787447919,0.0006111846986629587,-0.0008149959701316636,0.0006108113800820432,-0.0014258073502135852,-0.0008149959701316636,True,True,False,False,True,False,True,False,False,True,True,False,False,True,False,False,False,False,False,False,False,False,False,0.0024628221219949414,-0.0015151518050107637,-0.001704707297948686,0.000947418356039811,-0.0013266371698373903,0.0007582938751979681,0.0005688821619240136,0.0003790750614005312,0.0009479572233247956,True,False,False,True,False,False,True,True,True,True,False,False,True,False,True,True,False,True,True,False,False,False,False
2025-06-02,2025-06-02 00:00:00+09:00,36040,36480,35950,36125,7397312,69500,36215.0,36140.0,36270.0,36132.5,36251.666666666664,1,False,36615.0,0.013564013840830391,0.013264013840830391,-0.0008201763838896378,0.0002051071692146895,0.0006150692146749561,-0.0014357504261042647,0.0,0.001435750426104194,0.0,0.0,0.0,False,False,True,False,False,True,False,False,False,False,False,True,False,False,True,False,False,False,False,False,False,False,False,-0.002094640392629054,0.0020946403926290933,-0.00019024065500163826,0.0011426396215602757,-0.0003807348227983748,0.0003807348227983526,-0.00019024065500163826,0.0011426396215602757,-0.0005708305739628504,False,True,False,True,False,False,False,True,False,False,True,False,True,False,False,False,True,False,False,True,False,False,True
2025-06-04,2025-06-04 00:00:00+09:00,36615,37170,36610,37140,10197246,69500,36890.0,36125.0,36215.0,36632.5,36468.333333333336,4,True,37430.0,0.007808292945611139,0.0075082929456111395,0.0,0.0,0.0,0.0010031097239967465,-0.000802407264718004,0.00040128411453404177,0.0,0.0006019865738130664,0.0006019865738130664,False,False,False,True,False,False,False,False,True,False,False,False,True,False,False,False,False,False,False,False,False,True,False,-0.0009371193638671934,0.0013117213536383318,0.0,0.0007487832622410887,-0.0007487832622411232,0.0,0.0003746019897709715,0.0,0.0003746019897709715,False,True,False,False,False,False,True,False,False,False,True,False,True,False,False,False,False,False,False,False,False,False,False
2025-06-05,2025-06-05 00:00:00+09:00,37430,38180,37400,37790,12933073,69500,37790.0,37140.0,36890.0,37465.0,37018.333333333336,4,True,38380.0,0.015612595924847872,0.015312595924847872,0.001202404954486716,-0.0002003004513457214,0.00020030045134566125,0.0,-0.0014029464171060905,0.00040104271642398177,0.001202404954486716,-0.0010019037006822609,0.00020050125380444627,True,False,True,False,False,False,True,False,False,True,False,False,False,False,False,True,False,False,False,False,False,False,False,-0.0015009383680820308,0.00018774054312160562,0.0013131978249603929,0.00018749414135739968,-0.00018752930200296108,0.0003750234433603988,0.0,0.00018749414135739968,0.0,False,False,True,False,True,False,False,False,False,False,False,True,False,False,False,False,False,False,False,False,False,False,False
2025-06-09,2025-06-09 00:00:00+09:00,38380,38695,38290,38445,12580883,69500,38492.5,37790.0,37790.0,38117.5,37791.666666666664,4,True,38705.0,0.006762908050461647,0.006462908050461647,-0.00020022024293533795,0.0,0.00020026033910927707,0.00020022024293543685,-0.0016028855365313559,0.001402665293595884,-0.00020022024293533795,0.0,-0.00020022024293533795,False,False,False,True,False,True,False,False,False,False,False,False,False,False,True,False,False,False,False,False,False,False,False,0.0,0.0003740415229695956,0.0009344921715474872,0.00018679368691653687,-0.0016824006211521828,0.00037411148958605935,0.0009344921715474872,-0.0011214954446497464,-0.00018700327310225396,True,False,True,False,False,False,True,False,False,False,True,True,False,False,False,True,False,False,False,False,False,False,False
2025-06-10,2025-06-10 00:00:00+09:00,38705,38890,38335,38670,9797525,69500,38612.5,38445.0,38492.5,38557.5,38301.666666666664,3,True,38865.0,0.005042668735453892,0.0047426687354538925,0.002595588958471506,0.0011971270384190022,0.0,-0.00019942167779724745,-0.000997705360621909,0.0017951535687507534,0.002595588958471506,0.0005980265303317085,0.0031936154888033254,True,True,False,False,False,True,True,False,True,True,True,False,False,False,True,True,False,True,True,False,False,False,False,0.00223672041060906,0.00037271711203007787,0.00018630647468886638,-0.0003725782457406956,-0.001491702681978568,0.0014917026819785,0.001678009156667441,-0.0003725782457406956,0.0014917026819785,True,False,False,False,False,True,True,False,True,True,True,False,False,False,True,True,False,True,False,False,False,False,False
2025-06-11,2025-06-11 00:00:00+09:00,38865,39190,38795,39125,6636335,69500,38992.5,38670.0,38612.5,38897.5,38746.666666666664,4,True,39150.0,0.0006389776357826893,0.0003389776357826893,-0.0009951239750449477,0.0001991040325144002,0.00019906439798999943,0.0,-0.00019906439798992608,0.0009949259600934243,-0.0005969555445406096,0.0007958615621033534,0.00019890601756271427,False,False,False,True,False,False,False,True,False,False,False,False,False,False,False,False,False,False,False,True,False,True,True,0.0011160715444211294,0.0,-0.00018592544443262667,0.0,-0.0011162791856817755,0.0011162791856817002,0.0009301460999884599,0.0,0.0009301460999884599,True,False,False,False,False,True,True,False,True,True,False,False,False,False,True,True,False,True,False,False,False,False,False
2025-06-12,2025-06-12 00:00:00+09:00,39150,39470,39120,39195,10534356,69500,39295.0,39125.0,38992.5,39160.0,38996.666666666664,4,True,39345.0,0.0038270187523918864,0.0035270187523918865,-0.0003990423037787282,0.0007979254363113163,0.000996512289739076,-0.0005977882015219494,-0.000997108468294067,-0.000399121937048441,0.0013953954222714875,-0.0019940186068643953,-0.0005986231845928798,False,True,True,False,False,False,True,False,False,False,True,True,False,False,False,True,False,False,False,False,False,False,False,-0.0003723701402178302,-0.00037243948288982433,0.0005586072205586731,-0.0003723701402178302,-0.0016773836753726098,0.0018635860779215065,0.0,-0.000186167737668794,-0.000186167737668794,False,False,True,False,False,True,False,False,False,False,False,True,False,False,True,False,False,False,False,False,False,False,False
2025-06-13,2025-06-13 00:00:00+09:00,39345,39385,38660,38865,8973193,69500,39022.5,39195.0,39295.0,39030.0,39061.666666666664,0,False,39000.0,0.0034735623311463737,0.0031735623311463738,0.0,0.0,0.0010089800068980885,0.0016122534729761215,-0.0022175193040235926,0.0010085729548847497,0.0010089800068980885,0.00040330712383724736,0.0014122871307355215,False,False,True,True,False,False,True,False,True,False,False,True,True,False,False,True,False,False,True,False,False,False,False,0.0003758692019445037,-0.0001879169412652099,0.000751597179312122,0.0005633274019969541,-0.0005633274019969031,-0.00018784634224484583,0.000751597179312122,-0.00018784634224484583,0.0005637508370673312,True,False,True,False,True,False,True,False,True,True,False,True,True,False,False,True,False,False,False,False,False,False,False
2025-06-16,2025-06-16 00:00:00+09:00,39000,39615,38745,39575,10145212,69500,39180.0,38865.0,39022.5,39220.0,39211.666666666664,4,True,39720.0,0.003663929248262754,0.003363929248262754,0.0008006405551792296,-0.00040024014942944305,0.0,-0.00020018016281445265,-0.00040048058204455664,0.0014009809156281432,0.0004004004057496883,0.0008003201707691157,0.0012007205765188873,True,False,False,False,False,True,False,True,True,True,False,False,False,False,True,False,False,False,True,False,False,True,False,0.00037348273076525106,-0.0005602764176817976,-0.001308533694517005,0.0001867588015512967,0.0,0.0009332711829985259,-0.001495327381433501,0.0011200299845499052,0.0011200299845499052,True,False,False,False,True,True,False,True,True,True,False,False,False,True,True,False,True,True,False,True,False,True,True
2025-06-17,2025-06-17 00:00:00+09:00,39720,40415,39420,39680,13232197,69500,39917.5,39575.0,39180.0,39627.5,39373.333333333336,3,True,39405.0,-0.006930443548387122,-0.007230443548387122,0.0,0.0,0.0,0.0005974310642698773,0.0009949259600934243,-0.001393173675432545,0.0,0.00019918334893070653,0.00019918334893070653,False,False,False,True,True,False,False,False,False,False,False,False,True,True,False,False,False,False,False,False,False,True,False,0.0,0.0003723008233620897,0.0,-0.0013036597432520187,0.0016758220102940057,0.0,0.0003723008233620897,0.00037216226704201355,0.0007444630904041356,False,False,False,False,True,False,False,True,True,False,True,False,False,True,False,False,False,True,True,False,False,False,False
2025-06-18,2025-06-18 00:00:00+09:00,39405,40175,39380,40015,12608824,69500,39777.5,39680.0,39917.5,39847.5,39756.666666666664,4,True,40275.0,0.006497563413719876,0.006197563413719876,0.00020006001867263622,-0.0014012613643067915,0.0,0.0014012613643067894,-0.00040016006936537184,0.0033962673740337125,-0.0012012013456341253,0.004397368668975147,0.003196167323340935,False,False,False,True,False,True,False,True,True,False,False,False,True,False,True,False,True,True,False,True,False,True,True,0.0,0.0,0.0014964462201460136,0.0001868984212523933,0.0,-0.0003738317800545336,0.0014964462201460136,-0.00018693335880213454,0.0013095128613439973,False,False,True,False,True,False,True,False,True,False,False,True,False,True,False,True,False,True,False,False,False,False,False
2025-06-19,2025-06-19 00:00:00+09:00,40275,40395,39755,40080,11440487,69500,40075.0,40015.0,39777.5,40047.5,39925.0,3,True,40245.0,0.004116766467065824,0.0038167664670658245,-0.003418806748785609,0.0008040201438156869,-0.000401929265861022,0.00020098482632214377,-0.002817470167269056,0.0020132883788553315,-0.0012053034805901877,-0.0006031969620913846,-0.0018085004426816292,False,True,False,True,False,True,False,False,False,False,True,False,False,False,True,False,False,False,False,False,False,False,False,-0.0005638567953169571,0.002253522080443475,-0.0009383504488835363,0.0,-0.002067475597829285,0.0015040423967091056,0.0007513148362431113,-0.0005634332011201637,0.0001878816351229138,False,True,False,False,False,True,False,False,False,False,True,False,False,False,True,True,False,False,False,False,False,False,False
2025-06-20,2025-06-20 00:00:00+09:00,40245,40665,40040,40640,11672070,69500,40352.5,40080.0,40075.0,40360.0,40245.0,4,True,40260.0,-0.009350393700787385,-0.009650393700787385,-0.0002012274883538014,0.002010455039862172,-0.0008036970494896281,0.002409155953429509,0.0,0.0,0.0010055305020187962,0.002409155953429509,0.0034146864554480357,False,True,False,True,True,False,True,True,True,False,True,False,True,False,False,True,True,True,True,False,False,True,False,0.00037615196982927925,0.0024415450197958423,0.0007500469130926245,0.00037488285349998205,-0.00018742385960587567,0.00037481259809113356,0.003567743902717795,0.0005622715919853505,0.003942556500808994,True,True,True,True,True,False,True,True,True,True,True,True,False,False,False,True,False,True,True,False,True,False,False
2025-06-23,2025-06-23 00:00:00+09:00,40260,40660,39885,40600,12359663,69500,40272.5,40640.0,40352.5,40620.0,40440.0,3,True,41225.0,0.015394088669950845,0.015094088669950845,-0.0010093873876099683,0.00020195900300898803,0.00040379568487274145,0.0020165362751930487,-0.0016129035754647687,0.0014114328384078085,-0.0004036326997282032,0.0018150655381358831,0.0014114328384078085,False,False,True,True,False,False,False,True,True,False,False,True,True,False,True,False,True,False,False,True,False,True,True,0.0,0.0,0.0,0.001128456015931205,-0.0015048911794202768,0.001692843440099621,0.0,0.0013164082766105737,0.0013164082766105737,False,False,False,True,False,True,False,True,True,False,False,False,True,False,True,False,True,True,False,False,False,True,False
2025-06-24,2025-06-24 00:00:00+09:00,41225,41970,41225,41940,13522365,69500,41597.5,40600.0,40272.5,41270.0,41060.0,4,True,42225.0,0.00679542203147343,0.0064954220314734305,0.0025673955052457334,0.00039494471287463144,0.0,0.0007894217895656158,0.0017739237922743797,0.002556791637712248,0.001580715602800793,0.0051201372195523245,0.006700852822352874,True,True,False,True,True,True,True,True,True,True,True,False,True,True,True,True,True,True,True,False,True,True,False,0.0,0.0007388253014322572,0.000923616949375572,0.0005537609740031863,0.0003690036942238929,0.000921913958538778,0.0011084427515837742,0.001844678626766095,0.0029531213783499295,False,True,True,False,True,False,True,True,True,False,True,True,False,True,True,True,True,True,True,False,True,True,False
2025-06-25,2025-06-25 00:00:00+09:00,42225,42380,41705,42070,14993820,69500,42042.5,41940.0,41597.5,42005.0,41536.666666666664,3,True,42070.0,0.0,-0.0003,0.0,0.0,0.0,0.0,0.00019609765726144677,-0.0013734918278124945,0.0,-0.0011773941705511598,-0.0011773941705511598,False,False,False,False,True,False,False,False,False,False,False,False,False,True,False,False,False,False,False,False,False,False,False,0.0,0.0,0.0,0.0,0.0,0.0,0.0,0.0,0.0,False,False,False,False,True,False,False,False,False,False,False,False,False,True,False,False,False,False,False,False,False,False,False
2025-06-26,2025-06-26 00:00:00+09:00,42070,42175,41150,41690,13922735,69500,41662.5,42070.0,42042.5,41880.0,41900.0,0,False,41695.0,0.00011993283761091433,-0.00018006716238908564,0.0,0.00039115979376125754,0.0003910068476013222,0.0003908540210008852,0.0,-0.0007818608686021612,0.0007821666413624768,-0.00039100684760134437,0.00039115979376125754,False,False,True,False,False,False,False,False,False,False,True,True,False,False,False,True,False,False,False,False,False,False,False,-0.00018384042702762024,0.0001838404270276496,0.0001838066359370839,0.0007348888811355204,0.0001836378666439823,0.0,0.0001838066359370839,0.0009185267477795861,0.001102333383716703,False,False,False,True,True,False,False,True,False,False,False,False,True,True,False,False,True,True,True,False,False,True,False
2025-06-27,2025-06-27 00:00:00+09:00,41695,41950,41295,41435,10455566,69500,41622.5,41690.0,41662.5,41562.5,41731.666666666664,0,False,41690.0,0.0061542174490165635,0.005854217449016564,-0.0005815644246494273,-0.00038759690407729516,-0.00019366708688400532,0.00019366708688401036,0.00019362958720579943,0.0005806639086988101,0.0005812264040406488,0.0009679605827886768,0.0015491869868293187,False,False,False,False,True,False,False,True,True,False,False,False,False,True,False,False,False,False,True,False,False,True,False,-0.0007291287235161682,-0.0005467966963905509,-0.0009113278676841807,0.0003644314909138324,-0.00018219914416809692,0.0001821991441679515,-0.0007291287235161682,0.0003644314909138324,0.0001821991441679515,False,False,False,False,True,False,False,False,False,False,False,False,False,False,False,False,False,False,False,True,False,True,True
2025-06-30,2025-06-30 00:00:00+09:00,41690,41945,41540,41700,9792586,69500,41742.5,41435.0,41622.5,41567.5,41608.333333333336,4,True,41890.0,0.004556354916067207,0.004256354916067207,0.0,0.0003845414390781728,-0.00038454143907814804,0.0003845414390781728,0.0003843936237989481,-0.0005766458593233937,0.0,0.00019228920355365755,0.00019228920355365755,False,False,False,False,True,False,False,False,False,False,True,False,False,True,False,False,False,False,False,False,False,True,False,-0.00018094634990107036,0.0005427408545711279,-0.0001808808904270954,0.00036172906887455854,0.00018081547829747297,-0.0001808154782975476,0.00018091361424283638,0.00036172906887455854,0.0005426426831174225,False,True,False,False,True,False,False,False,False,False,True,False,False,True,False,False,False,False,True,False,False,True,False
2025-07-01,2025-07-01 00:00:00+09:00,41890,42555,41820,41820,10688575,69500,42187.5,41700.0,41742.5,41760.0,41651.666666666664,3,True,41725.0,-0.0022716403634625015,-0.0025716403634625015,-0.0011556241655881075,0.00019254837837490656,0.0007705644765792078,0.0001926967921946631,0.00019265966729463616,-0.0007708614758288032,-0.00038505968900877727,-0.0003855050163393894,-0.0015411291819276136,False,False,True,False,True,False,False,False,False,False,False,True,False,True,False,False,False,False,False,False,False,False,False,0.0,0.00018091361424283638,0.00018091361424283638,-0.0005428390615522205,-0.0007242441019089992,0.0001811102060551839,0.00018091361424283638,-0.0010859729574061185,-0.0009050593431632539,False,False,False,False,False,False,False,False,False,False,False,False,False,False,False,False,False,False,False,False,False,False,False
2025-07-02,2025-07-02 00:00:00+09:00,41725,41890,41145,41660,12092466,69500,41517.5,41820.0,42187.5,41740.0,41726.666666666664,0,False,41950.0,0.006961113778204409,0.006661113778204409,0.00038669760729357917,0.0,0.0,0.0007729468983862306,-0.0003863987683315048,0.00019321804716677753,0.00038669760729357917,0.0005797661772213256,0.0009664637845149595,True,False,False,True,False,False,False,False,False,False,False,False,True,False,False,False,False,False,True,False,False,True,False,0.0005412720023895905,0.0,0.00018035891472834955,0.0005409791854954569,-0.0001802938795112357,0.0,0.0007216309171177934,0.00036068530598416516,0.0009019573083736844,True,False,False,True,False,False,False,False,False,True,False,False,False,False,False,False,False,False,True,False,False,False,False
2025-07-03,2025-07-03 00:00:00+09:00,41950,42310,41805,42305,12124433,69500,42057.5,41660.0,41517.5,41982.5,41928.333333333336,4,True,42475.0,0.004018437536934094,0.003718437536934094,-0.0011547345393967956,0.0005775339461712818,0.0006541355063272032,0.0,-0.00019236318228016026,0.000384689368083203,7.693491310139055e-05,0.00019232618580302034,0.00019232618580302034,False,True,True,False,False,False,False,False,False,False,True,True,False,False,False,False,False,False,True,False,False,True,False,0.0,-0.0007200720383140028,0.0005399082287186989,0.0,0.0,0.0,0.00017993702252784533,0.0,0.00017993702252784533,False,False,False,False,True,False,False,False,False,False,False,True,False,True,False,False,False,False,False,False,False,False,False
2025-07-04,2025-07-04 00:00:00+09:00,42475,42490,41485,41490,13216547,69500,41987.5,42305.0,42057.5,41897.5,41818.333333333336,0,False,41280.0,-0.005061460592913902,-0.005361460592913902,-0.00019136924754602103,0.0005739979111007585,0.0,-0.00019129603119072156,-0.0007655502766231117,0.0009568463078138365,0.00038262866355472547,0.0,0.00038262866355472547,False,True,False,False,False,False,False,False,False,False,True,False,False,False,False,False,False,False,False,False,False,False,False,0.0,-0.00017925965809407533,0.001612759062941357,-0.0005373936537748143,-0.0014344632188972068,0.0012552678058203204,0.0010748836577726998,-0.0007165890668518328,0.00017922752982827125,False,False,True,False,False,True,True,False,False,False,False,True,False,False,True,True,False,False,False,False,False,False,False
2025-07-07,2025-07-07 00:00:00+09:00,41280,41715,41105,41555,11472294,69500,41410.0,41490.0,41987.5,41522.5,41783.333333333336,2,True,41685.0,0.003128384069305712,0.002828384069305712,0.00019166267428106398,0.0,0.0,-0.00019166267428106734,-0.001534625277201212,-0.0001919938567863737,0.00019166267428106398,-0.001918281808268613,-0.0017266191339875153,True,False,False,False,False,False,False,False,False,False,False,False,False,False,False,False,False,False,False,False,False,False,False,0.0,0.00035880875878326236,0.0,-0.00017938828642603022,-0.0012566198583857221,0.0010771993860286412,0.00035880875878326236,-0.00035880875878312163,0.0,False,False,False,False,False,True,False,False,False,False,False,False,False,False,True,False,False,False,False,False,False,False,False
2025-07-08,2025-07-08 00:00:00+09:00,41685,42390,41650,42325,12388990,69500,42020.0,41555.0,41410.0,41940.0,41790.0,4,True,42340.0,0.0003544004725339889,5.44004725339889e-05,-0.000576202839335896,0.0005762028393359224,0.0003839508590074945,0.0005756500206932692,-0.00038372985889130614,0.0007673125256582303,0.0003839508590074945,0.0009592326874601342,0.0013431835464677597,False,True,True,False,False,False,False,True,False,False,True,True,False,False,False,False,False,False,True,False,False,True,False,0.0,0.00035984167354813785,0.00017987229115853034,0.0,-0.0001798722911586313,0.0,0.0005397139647067959,-0.0001798722911586313,0.00035984167354813785,False,True,False,False,False,False,False,False,False,False,False,False,False,True,False,False,False,False,False,False,False,False,False
2025-07-09,2025-07-09 00:00:00+09:00,42340,42540,42135,42450,10021593,69500,42337.5,42325.0,42020.0,42387.5,42110.0,4,True,42570.0,0.002826855123674976,0.0025268551236749762,-0.0005768676248810532,0.0007690829065877933,-0.00019221528170667115,-0.0011540682181067506,-0.0005775339461711768,0.001347060725199792,0.0,-0.00038454143907814804,-0.00038454143907814804,False,True,False,False,False,True,False,False,False,False,True,False,False,False,False,False,False,False,False,False,False,False,False,0.00036075036466266407,0.0003606202707670815,0.0010822511878848297,-0.0009017946323108137,0.00036081544681544744,0.0,0.0007213706354299557,-0.0005409791854953998,0.00018039144993444434,True,True,True,False,True,False,False,False,False,True,False,True,False,True,False,False,False,False,False,False,False,False,False
2025-07-10,2025-07-10 00:00:00+09:00,42570,43035,42385,43000,12995128,69500,42710.0,42450.0,42337.5,42725.0,42591.666666666664,4,True,43085.0,0.001976744186046542,0.0016767441860465419,0.00038262866355472547,0.0,0.0,0.0,-0.0009568463078138164,0.0,0.00038262866355472547,-0.0009568463078138164,-0.0005742176442591075,True,False,False,False,False,False,False,False,False,False,False,False,False,False,False,False,False,False,False,False,False,False,False,0.0,0.0,0.0,0.0005388415038324336,0.0,-0.0001795815754130532,0.0,0.00035925992841950486,-0.0003591309070740833,False,False,False,True,False,False,False,False,False,False,False,False,False,True,False,False,False,False,False,False,False,False,False
2025-07-11,2025-07-11 00:00:00+09:00,43085,43645,42955,43025,13469702,69500,43300.0,43000.0,42710.0,43012.5,42825.0,3,True,42985.0,-0.0009296920395118757,-0.0012296920395118757,0.0,-0.0013408679338742877,-0.00019169941590388672,0.0,0.0003833620901848302,0.0009577627396249024,-0.0015325673497781163,0.0013411248298097476,-0.00019144251996824332,False,False,False,False,True,False,False,True,False,False,False,False,False,True,False,False,True,False,False,True,False,False,True,0.0,-0.001074883657772784,-0.0010760402759919492,0.0007165890668517189,-0.00017909913184791028,0.00017909913184803038,-0.0021509239337647065,0.0007165890668517189,-0.00017906706109267133,False,False,False,True,False,False,False,True,False,False,False,False,True,False,False,False,True,False,False,True,False,False,True
2025-07-14,2025-07-14 00:00:00+09:00,42985,43495,42930,43425,9855981,69500,43212.5,43025.0,43300.0,43225.0,43150.0,4,True,43310.0,-0.002648244099021313,-0.002948244099021313,0.000384689368083203,-0.0015396461855927501,0.00019258546039297036,-0.000770564476579366,-0.0005783132691299729,0.0005783132691299858,-0.0009623713571166357,-0.000770564476579366,-0.0017329358336959332,True,False,True,False,False,False,False,False,False,False,False,False,False,False,False,False,False,False,False,False,False,False,False,0.0,-0.0003604253057579828,-0.00018026137948771122,-0.0005409791854953998,0.00018035891472834955,0.0005408816502547275,-0.0005406866852456506,0.0001802613794876028,-0.0003604253057579828,False,False,False,False,True,True,False,False,False,False,False,False,False,True,False,False,False,False,False,True,False,False,True
2025-07-15,2025-07-15 00:00:00+09:00,43310,43715,43145,43710,12530728,69500,43430.0,43425.0,43212.5,43567.5,43386.666666666664,4,True,43615.0,-0.0021734156943491456,-0.0024734156943491455,-0.0007600228372686221,0.0007600228372685753,-0.0007600228372686221,0.0009499383254474475,-0.00037986705110162953,0.00018995156292280738,-0.0007600228372686221,0.0007600228372685753,0.0,False,True,False,True,False,False,False,False,False,False,True,False,True,False,False,False,False,False,False,True,False,False,True,-0.0001783962184733386,0.00017839621847328866,0.0,0.0,0.0,0.0,0.0,0.0,0.0,False,False,False,False,False,False,False,False,False,False,False,False,False,True,False,False,False,False,False,False,False,False,False
2025-07-16,2025-07-16 00:00:00+09:00,43615,43620,43150,43300,10089303,69500,43385.0,43710.0,43430.0,43505.0,43478.333333333336,0,False,43445.0,0.003348729792147731,0.003048729792147731,0.0,-0.0001911863116424919,-0.0003824823148560372,0.0005736686264986042,-0.0007649646576892563,0.0007649646576891208,-0.0005736686264985243,0.0005736686264986042,0.0,False,False,False,False,False,False,False,False,False,False,False,False,False,False,False,False,False,False,False,True,False,False,True,0.0,0.0,0.0,-0.0003602954461602142,0.0007204611262646558,-0.000540297176583563,0.0,-0.00018013149647918493,-0.00018013149647918493,False,False,False,False,True,False,False,False,False,False,False,False,False,True,False,False,False,False,False,False,False,False,False
2025-07-17,2025-07-17 00:00:00+09:00,43445,43485,42810,43385,10528819,69500,43147.5,43300.0,43385.0,43342.5,43465.0,1,False,43470.0,0.001959202489339562,0.0016592024893395622,0.0007630675685026486,0.0011435107020790205,-0.00019049433336965058,0.0013326989121465976,0.0009508415663607103,-0.0001900959990517191,0.0017160839372118938,0.002093444479455853,0.0038095284166676487,True,True,False,True,True,False,True,True,True,True,True,False,True,True,False,True,True,True,True,False,False,True,False,-0.00017945266984009217,0.0008969414898574039,0.0003585514559746589,0.0012539186595936812,0.0,0.0005369127645760014,0.0010760402759920982,0.0017908314241697385,0.0028668717001617892,False,True,True,True,False,True,True,True,True,False,True,True,True,True,False,True,True,True,True,False,False,True,False
2025-07-18,2025-07-18 00:00:00+09:00,43470,43630,43105,43340,9757191,69500,43367.5,43385.0,43147.5,43362.5,43341.666666666664,1,False,43315.0,-0.0005768343331795656,-0.0008768343331795655,0.0005658775969166902,-0.00018859028815911843,0.00018859028815924368,-0.00018859028815911843,0.0,-0.00018862586116474945,0.0005658775969166902,-0.0003772161493238536,0.0001886614475928532,True,False,True,False,False,False,True,False,False,True,False,False,False,True,False,False,False,False,False,False,False,False,False,0.0003556820240236307,0.0,0.0,0.0,0.0,-0.0005335704884258636,0.0003556820240236307,-0.0005335704884258636,-0.00017788846440220367,True,False,False,False,False,False,False,False,False,True,False,False,False,True,False,False,False,False,False,False,False,False,False
2025-07-21,2025-07-21 00:00:00+09:00,43315,43760,43310,43690,8552783,69500,43535.0,43340.0,43367.5,43515.0,43471.666666666664,4,True,43660.0,-0.0006866559853513365,-0.0009866559853513365,0.00037764350901974887,-0.001133358640394904,0.0,0.0001888039276825461,-0.0005665187574800757,0.001321378200759571,0.0001888395813372566,0.000943663370961977,0.0011325029522991866,True,False,False,False,False,True,False,True,True,False,False,False,False,False,True,False,True,False,True,False,False,True,False,0.00017801513175619063,-0.0001780151317562941,0.0,-0.0001780468267857144,-0.00017807853310345512,0.0010679958295315309,0.0,0.0007118704696422095,0.0007118704696422095,True,False,False,False,False,True,False,True,True,False,False,False,False,False,True,False,True,False,False,False,False,True,False
2025-07-22,2025-07-22 00:00:00+09:00,43660,43820,42890,43090,12362878,69500,43355.0,43690.0,43535.0,43390.0,43373.333333333336,0,False,43390.0,0.006962172197725769,0.006662172197725769,0.0007545746443679056,0.0,-0.00018859028815911843,0.00018859028815924368,-0.00018859028815911843,0.0007541478487140704,0.0005659843562087081,0.0007541478487140704,0.0013201322049228162,True,False,False,False,False,False,True,False,True,True,False,False,False,False,False,False,False,True,True,False,False,True,False,0.0,0.00017820547137955441,0.0,0.0007125044832955,-0.00071250448329545,0.0008905513100810629,0.00017820547137955441,0.0008905513100810629,0.0010687567814606593,False,False,False,True,False,True,False,True,True,False,False,False,True,False,True,False,True,True,True,False,False,True,False
2025-07-23,2025-07-23 00:00:00+09:00,43390,43485,42700,43245,10985826,69500,43092.5,43090.0,43355.0,43167.5,43341.666666666664,1,False,43500.0,0.00589663544918495,0.0055966354491849505,0.0003782148305296744,0.0,-0.0005673759017453998,0.00037828636728771416,0.0,0.000567161372609405,-0.00018916107121569033,0.0009454477398972384,0.0007562866686814503,True,False,False,False,False,False,False,True,True,False,False,False,False,True,False,False,True,False,False,True,False,True,True,-0.0003551136400954606,0.0,0.0,0.0,-0.0003551136400954606,-0.00017760412088242285,0.0,-0.0005327177609778509,-0.0005327177609778509,False,False,False,False,False,False,False,False,False,False,False,False,False,False,False,False,False,False,False,False,False,False,False
2025-07-24,2025-07-24 00:00:00+09:00,43500,43985,43165,43200,13290719,69500,43575.0,43245.0,43092.5,43222.5,43178.333333333336,2,True,43105.0,-0.0021990740740740478,-0.0024990740740740477,-0.00018802293935247993,0.0,-0.0001880582986266614,0.0001880582986267309,0.0,0.0,-0.00037608123797914145,0.0001880582986267309,-0.00018802293935247993,False,False,False,False,True,False,False,False,False,False,False,False,False,True,False,False,False,False,False,True,False,False,True,0.00035292042010922025,0.0,0.0,0.00017641351373273844,-0.0007058408621970276,0.0,0.00035292042010922025,-0.0005294273484643242,-0.0001765069283551846,True,False,False,False,False,False,False,False,False,True,False,False,False,False,False,False,False,False,False,False,False,False,False
2025-07-25,2025-07-25 00:00:00+09:00,43105,43490,43080,43310,9565750,69500,43285.0,43200.0,43575.0,43255.0,43251.666666666664,3,True,43710.0,0.00923574232278912,0.00893574232278912,0.0,0.0,0.0,0.0005635390399914175,0.0,-0.0007514559812565714,0.0,-0.0001879169412652099,-0.0001879169412652099,False,False,False,True,True,False,False,False,False,False,False,False,True,True,False,False,False,False,False,False,False,False,False,0.0,0.0,0.0,0.0001760718377645872,-0.000880669365593636,0.000880669365593705,0.0,0.0001760718377645872,0.0001760718377645872,False,False,False,False,False,True,False,False,False,False,False,False,False,False,True,False,False,False,False,False,False,True,False
2025-07-28,2025-07-28 00:00:00+09:00,43710,43830,43085,43535,7342844,69500,43457.5,43310.0,43285.0,43422.5,43348.333333333336,3,True,43355.0,-0.004134604341334613,-0.004434604341334613,0.0,0.00018658456999748717,0.00018654976269015235,0.0001865149683667948,0.0005593362688943,-0.0005593362688942398,0.00037313433268739674,0.0001865149683667948,0.0005596493010543404,False,False,True,False,True,False,False,False,True,False,False,True,False,True,False,False,False,False,True,False,False,False,False,0.0,0.0,0.0,0.00034995625903964386,-0.00017496282084703463,0.0,0.0,0.00017499343819264894,0.00017499343819264894,False,False,False,True,False,False,False,False,False,False,False,False,False,False,False,False,False,False,False,False,False,True,False
2025-07-29,2025-07-29 00:00:00+09:00,43355,43895,42965,43830,6718539,69500,43430.0,43535.0,43457.5,43682.5,43558.333333333336,4,True,43645.0,-0.004220853296828642,-0.0045208532968286416,0.00018679368691653687,0.0001867588015512967,-0.00018675880155132456,0.0,0.0,-0.00018679368691650397,0.00018679368691653687,-0.00018679368691650397,0.0,False,False,False,False,True,False,False,False,False,False,False,False,False,True,False,False,False,False,False,False,False,False,False,0.0,0.0014042480804999802,-0.00017542320894035391,0.00017542320894027986,-0.0010530011502993988,0.001053001150299453,0.0012288248715597457,0.00017542320894027986,0.0014042480804999802,False,True,False,False,False,True,True,False,True,False,True,False,False,False,True,True,False,True,True,False,False,False,False
2025-07-30,2025-07-30 00:00:00+09:00,43645,44305,43620,44030,9812193,69500,43962.5,43830.0,43430.0,43930.0,43798.333333333336,4,True,44375.0,0.007835566659096127,0.007535566659096127,0.0001871782878652707,0.0,0.00018714325871030282,0.0005612197322500155,-0.00093554127882537,0.00037432154657546625,0.00037432154657546625,0.0,0.00037432154657546625,False,False,True,True,False,False,False,False,False,False,False,True,True,False,False,False,False,False,False,False,False,False,False,0.00017597888298830552,0.0,-0.00017597888298826608,0.0,-0.00017600985700630533,0.0,0.0,-0.00017600985700630533,-0.00017600985700630533,True,False,False,False,False,False,False,False,False,True,False,False,False,False,False,False,False,False,False,False,False,False,False
2025-07-31,2025-07-31 00:00:00+09:00,44375,44530,43735,43925,13790813,69500,44132.5,44030.0,43962.5,43977.5,43928.333333333336,0,False,43290.0,-0.014456459874786609,-0.014756459874786609,-0.00018465515701997616,-0.0003694126381131112,0.0,0.000554067795133099,-0.0005540677951330389,0.00018472337726854865,-0.0005540677951330389,0.00018472337726854865,-0.0003693444178643993,False,False,False,True,False,False,False,False,False,False,False,False,True,False,False,False,False,False,False,True,False,False,True,-0.00017480989468521486,0.0,0.00017480989468525476,0.0,-0.0010493180396177464,0.0008745081449325757,0.0,-0.00017480989468521486,-0.00017480989468521486,False,False,True,False,False,True,False,False,False,False,False,False,False,False,True,False,False,False,False,False,False,False,False
2025-08-01,2025-08-01 00:00:00+09:00,43290,43385,42100,42140,17550634,69500,42742.5,43925.0,44132.5,43032.5,43365.0,0,False,42130.0,-0.00023730422401513351,-0.0005373042240151334,-0.00018862586116474945,-0.0003773584950440109,0.00018869704745117497,0.0,-0.0016995566360815107,0.00037792895385573857,-0.00037728730875762523,-0.001321627682225637,-0.0016989149909833092,False,False,True,False,False,False,False,False,False,False,False,True,False,False,False,False,False,False,False,False,False,False,False,0.0,-0.0003549245822529426,-0.00035505059843956,-0.0008881784045993175,0.0,-0.00017773038347681432,-0.0005325286359983097,-0.0010659087880762004,-0.0015984374240745167,False,False,False,False,True,False,False,False,False,False,False,False,False,True,False,False,False,False,False,False,False,False,False
2025-08-04,2025-08-04 00:00:00+09:00,42130,42750,41940,42625,11482492,69500,42345.0,42140.0,42742.5,42382.5,42896.666666666664,2,True,43105.0,0.011260997067448653,0.010960997067448653,0.00038233607806595246,0.0,-0.00038233607806603307,-0.00019122287083792733,0.0007646721840771173,0.0,0.0,0.000573449313239313,0.000573449313239313,True,False,False,False,True,False,False,False,True,True,False,False,False,True,False,False,False,False,False,False,False,True,False,0.0008974244522249134,0.0,-0.00035880875878312163,0.0005382614286232423,-0.000538261428623199,0.0,0.0007180039798678399,0.0,0.0005385513100276697,True,False,False,True,False,False,True,False,True,True,False,False,True,False,False,True,False,False,False,False,False,False,False
2025-08-05,2025-08-05 00:00:00+09:00,43105,43465,42885,43205,11202264,69500,43175.0,42625.0,42345.0,42915.0,42656.666666666664,4,True,42905.0,-0.006943640782316907,-0.0072436407823169065,0.0001880229393523688,0.0,0.0,-0.00018802293935247993,0.0,0.0003760105327249878,0.0001880229393523688,0.0001879875933725081,0.0003760105327249878,False,False,False,False,True,False,False,False,False,False,False,False,False,True,False,False,False,False,True,False,False,False,False,0.0,0.0,0.0,0.0005314908442945724,0.0,0.0,0.000354484229163987,0.0005314908442945724,0.0008859750734584432,False,False,False,True,True,False,True,True,True,False,False,False,True,True,False,False,True,True,True,False,False,True,False
2025-08-06,2025-08-06 00:00:00+09:00,42905,43200,42820,43180,7972658,69500,43010.0,43205.0,43175.0,43192.5,43003.333333333336,3,True,43495.0,0.0072950440018526574,0.0069950440018526575,0.0011378723017972819,0.00018951956846266428,-0.0001895195684626503,0.00037900322606420174,-0.00037900322606415133,0.0005684509864110769,0.0011378723017972819,0.0005684509864110769,0.0017063232882082232,True,True,False,True,False,True,True,False,True,True,False,False,False,False,False,True,False,True,True,False,False,False,False,0.0008900757151931083,0.0,0.0008892841848840366,0.0014229813856132434,0.0003554291844774232,0.0001776672297468475,0.0017793599000773578,0.001956077799837552,0.0024902182914829834,True,False,True,True,True,False,True,True,True,True,False,True,True,True,False,True,True,True,True,False,True,True,False
2025-08-07,2025-08-07 00:00:00+09:00,43495,43555,43145,43550,9515224,69500,43350.0,43180.0,43010.0,43365.0,43311.666666666664,4,True,43590.0,0.0009184845005740794,0.0006184845005740795,0.0001871782878652707,0.0,0.00018714325871030282,0.00018710824266405471,-0.000561429789239453,0.0007485030289581124,0.00037432154657546625,0.0003741814823826521,0.0007485030289581124,False,False,True,False,False,True,True,False,True,False,False,True,False,False,False,False,False,True,True,False,False,False,False,0.0007072136079767403,0.0001767252810112731,0.0005305509011179753,0.0005302695661150697,-0.0014146775126805552,0.00035385704544747294,0.0003536693228730917,-0.0005305509011179143,-0.00017688157824487935,True,True,True,False,False,False,True,False,False,True,False,True,True,False,False,False,False,False,False,False,True,False,False
2025-08-08,2025-08-08 00:00:00+09:00,43590,43720,43310,43445,11031423,69500,43515.0,43550.0,43350.0,43497.5,43391.666666666664,2,True,43505.0,0.0013810565082288395,0.0010810565082288396,0.0,0.0,-0.0005605905033290662,-0.00018693335880213454,0.0005606952768143014,0.0005603810737846829,-0.0005605905033290662,0.000934142991796922,0.00037355248846786645,False,False,False,False,True,False,False,True,False,False,False,False,False,True,False,False,True,False,False,True,False,True,True,0.00035385704544747294,-0.0001769128708727742,-0.001062134990983423,0.0005312085118274399,-0.0001770381521841511,0.0010617590804577071,-0.0008851908164086827,0.0014159294401010919,0.0005307386236924321,True,False,False,True,False,True,False,True,False,True,False,False,True,False,True,False,True,False,False,True,False,True,True
2025-08-11,2025-08-11 00:00:00+09:00,43505,43605,43315,43455,7679003,69500,43460.0,43445.0,43515.0,43450.0,43483.333333333336,1,False,43500.0,0.0010355540214015413,0.0007355540214015414,0.00018523664033711932,0.0003703703746042223,0.0001851337596696722,0.0,-0.0009260117339180527,0.0,0.0007407407746108858,-0.0009260117339180527,-0.00018527095930716053,False,True,True,False,False,False,True,False,False,False,True,True,False,False,False,True,False,False,False,False,False,False,False,0.0007033585660110306,-0.0007033585660110312,0.0008791209357400927,-0.0003515556372998417,-0.0005275652984403572,0.0005275652984403766,0.0008791209357400927,-0.0003515556372998417,0.0005275652984403766,True,False,True,False,False,False,True,False,False,True,False,True,False,False,False,True,False,False,False,False,False,False,False
2025-08-12,2025-08-12 00:00:00+09:00,43500,44020,43275,43315,9060486,69500,43647.5,43455.0,43460.0,43385.0,43405.0,0,False,43735.0,0.009696410019623736,0.009396410019623736,-0.000558295352735339,-0.0005586072205586587,0.0,0.0022325590668502617,-0.0013017203139831267,0.0013017203139831879,-0.0011169025732940254,0.0022325590668502617,0.0011156564935560676,False,False,False,True,False,True,False,True,True,False,False,False,True,False,True,False,True,True,False,True,False,True,True,-0.001940549254991699,0.0010589482104986481,0.0008816010444930146,0.001763047001106919,-0.0007048458441590655,0.0015852050875660318,0.0,0.0026434062445139057,0.0014089470453365724,False,True,True,True,False,True,False,True,True,False,True,True,True,False,True,False,True,True,False,False,False,True,False
2025-08-13,2025-08-13 00:00:00+09:00,43735,43800,43320,43760,10331613,69500,43560.0,43315.0,43647.5,43537.5,43510.0,4,True,43870.0,0.0025137111517368194,0.0022137111517368194,0.0,0.00018343575214226735,-0.0003669051591334533,0.0,-0.00018350307419145366,0.0001835030741914294,-0.0003669051591334533,0.0,-0.0003669051591334533,False,True,False,False,False,False,False,False,False,False,False,False,False,False,False,False,False,False,False,False,False,False,False,0.0,0.0,-0.00034891835664528154,0.0,-0.0012221738753959083,0.0003493449817187467,-0.00034891835664528154,-0.0008728288936771464,-0.0012217472503223644,False,False,False,False,False,False,False,False,False,False,False,False,False,False,False,False,False,False,False,False,False,False,False
2025-08-14,2025-08-14 00:00:00+09:00,43870,43995,43555,43720,8615857,69500,43775.0,43760.0,43560.0,43740.0,43598.333333333336,2,True,43495.0,-0.005146386093321187,-0.005446386093321187,0.0,-0.0011023333837166386,0.0005513185842116571,0.0,-0.0009192021972709765,0.0009192021972710131,-0.0005510147995048472,0.0,-0.000734753890513295,False,False,True,False,False,True,False,False,False,False,False,True,False,False,True,False,False,False,False,False,False,False,False,-0.0005222386749383321,-0.00017414018328724246,-0.00017417051337248623,0.0,0.0,0.00034831069665971023,-0.0008705493715979984,0.00034831069665971023,-0.0005222386749383321,False,False,False,False,True,False,False,False,False,False,False,False,False,True,False,False,False,False,False,True,False,False,True
2025-08-18,2025-08-18 00:00:00+09:00,43495,43495,43060,43060,7647067,69500,43277.5,43720.0,43775.0,43390.0,43513.333333333336,0,False,43175.0,0.0026706920575940707,0.0023706920575940708,0.0,0.0,0.0,-0.00018431481021670935,-0.000922083974968425,-0.000738279841580962,0.0,-0.0018446786267661355,-0.0018446786267661355,False,False,False,False,False,False,False,False,False,False,False,False,False,False,False,False,False,False,False,False,False,False,False,-0.0012200437243216635,-0.00017438312015595036,0.0003484320592743269,0.0010458428702969681,-0.0017436796048268398,0.0005234231995974092,0.0,-0.0001744135349323807,-0.0013944572592540796,False,False,True,True,False,False,False,False,False,False,False,True,True,False,False,False,False,False,False,False,False,False,False
2025-08-19,2025-08-19 00:00:00+09:00,43175,43230,42640,42755,8157192,69500,42935.0,43060.0,43277.5,42907.5,43178.333333333336,0,False,42370.0,-0.009004794760846702,-0.009304794760846702,0.000740466527723692,-0.00037016472752857837,-0.0001851337596697308,0.0005552984871983114,-0.00037016472752857837,0.0007401924838321372,0.0001851680405254741,0.000925326243501797,0.0011104942840271153,True,False,False,True,False,True,False,True,True,True,False,False,True,False,False,False,True,True,True,False,False,True,False,-0.00017474879904669178,0.0,-0.00017477934152676795,0.00034952814057359545,-0.00017474879904669178,0.0,-0.00034952814057349126,0.0001747793415267406,-0.00017474879904669178,False,False,False,False,True,False,False,False,False,False,False,False,False,True,False,False,False,False,False,True,False,False,True
2025-08-20,2025-08-20 00:00:00+09:00,42370,42530,41835,42500,12481037,69500,42182.5,42755.0,42935.0,42627.5,42771.666666666664,1,False,42600.0,0.0023529411764706687,0.0020529411764706688,0.00037636432510505894,-0.0003763643251050765,0.0005644933821928088,0.00037615196982927925,-0.0009406453520218848,0.0009406453520219699,0.0005644933821928088,0.00037615196982927925,0.0009406453520219699,True,False,True,False,False,True,True,False,True,True,False,True,False,False,True,True,False,True,True,False,False,False,False,0.00017600985700645127,-0.0007042253812167597,0.0007042253812168317,0.0008795848926665004,0.0,0.0,0.00017600985700645127,0.0008795848926665004,0.0010555947496726822,True,False,True,True,True,False,False,True,True,True,False,True,True,True,False,False,True,True,True,False,False,True,False
2025-08-21,2025-08-21 00:00:00+09:00,42600,42950,42530,42605,6174316,69500,42740.0,42500.0,42182.5,42552.5,42620.0,3,True,42880.0,0.006454641474005429,0.006154641474005429,-0.0005656641991126179,0.00018859028815924368,0.0007540056907648751,0.0004521306734645111,0.0005647058973597352,0.00037629351337719187,0.00037693177981142913,0.0016944370052410134,0.0020713687850525036,False,True,True,True,True,False,True,True,True,False,False,True,True,True,False,False,True,True,True,False,True,True,False,-0.0003521126796943115,0.0003520506989362662,-0.0003521126796943115,0.0012318523335125419,0.0,-0.0008797396538181942,-0.0003521126796943115,0.00035211267969431214,0.0,False,True,False,True,True,False,False,True,False,False,True,False,True,True,False,False,False,False,False,True,False,False,True
2025-08-22,2025-08-22 00:00:00+09:00,42880,43175,42820,42960,9010296,69500,42997.5,42605.0,42740.0,42782.5,42688.333333333336,4,True,43335.0,0.008729050279329575,0.008429050279329576,-0.00018948365760151225,0.0003788596370377704,-0.00018941187669097476,-0.0005684509864109761,-0.00018955549293799318,-0.00018959143103520435,0.00018944776034696093,-0.0009475979103842066,-0.0007581501500373616,False,True,False,False,False,False,False,False,False,False,True,False,False,False,False,False,False,False,False,False,False,False,False,-0.00017669405470483097,0.00035335689413597575,0.0,-0.0007068386935041722,-0.00017675651835684264,0.0,0.00017666283943133497,-0.0007068386935041722,-0.0005301758540729443,False,True,False,False,False,False,False,False,False,False,True,False,False,False,False,False,False,False,False,False,False,False,False
2025-08-25,2025-08-25 00:00:00+09:00,43335,43485,43135,43485,7659332,69500,43310.0,42960.0,42997.5,43222.5,43016.666666666664,4,True,43350.0,-0.0031045187995860646,-0.0034045187995860645,0.0,0.0,0.000372925605664429,0.0,-0.00037292560566458074,0.000372925605664429,0.000372925605664429,0.0,0.000372925605664429,False,False,True,False,False,False,False,False,False,False,False,True,False,False,False,False,False,False,False,False,False,False,False,-0.0010451141867499967,-0.0003483713673971135,0.0010447502256227285,0.0006965001152192468,-0.0008707009692439209,0.000870700969243891,0.0003481288111748568,0.0006965001152192468,0.00017407955479588715,False,False,True,True,False,True,True,True,False,False,False,True,True,False,True,False,True,False,True,False,False,True,False
2025-08-26,2025-08-26 00:00:00+09:00,43350,43400,42985,43075,9098615,69500,43192.5,43485.0,43310.0,43280.0,43173.333333333336,0,False,43120.0,0.0010446894950666419,0.000744689495066642,0.0,0.00037467216624138323,0.00018728345405440844,0.0003744617156656336,0.0001871782878652707,-0.0005616400035307932,0.0005619556202956779,0.0,0.0005619556202956779,False,True,True,False,True,False,True,False,False,False,True,True,False,True,False,True,False,False,False,False,False,False,False,0.00017502406625579837,0.00017496282084699947,0.00017490161828578174,0.0010493180396177549,-0.00017480989468521486,-0.000524613109872315,0.000874814157794555,0.0003498950350602651,0.0006999125395087774,False,True,False,True,False,False,True,False,True,True,False,False,True,False,False,True,False,True,True,False,False,False,False
2025-08-27,2025-08-27 00:00:00+09:00,43120,43165,42820,43145,8221425,69500,42992.5,43075.0,43192.5,43110.0,43235.0,2,True,42930.0,-0.004983196198864337,-0.005283196198864337,-0.0003723701402178302,0.0,-0.00037250885139270565,0.00037250885139272663,0.0,0.0,-0.0007448789916104893,0.00037250885139272663,-0.0003723701402178302,False,False,False,False,True,False,False,False,False,False,False,False,False,True,False,False,False,False,False,True,False,False,True,-0.0001739584243753143,0.0,-0.0008702463346190561,0.0006962576434449537,-0.0005221477796814449,0.0010440230633361085,-0.0010442047589944124,0.0012181329270996217,0.00017392816810527097,False,False,False,False,False,True,False,True,False,False,False,False,True,False,True,False,True,False,False,True,False,True,True
2025-08-28,2025-08-28 00:00:00+09:00,42930,43560,42780,43365,7090464,69500,43170.0,43145.0,42992.5,43255.0,43195.0,4,True,43495.0,0.0029978092932088085,0.0026978092932088086,0.0005594405740313998,-0.0005594405740314189,0.0,-0.00018654976269009366,0.0,0.0016776963577217609,0.0,0.0014911465950318051,0.0014911465950318051,True,False,False,False,True,True,False,True,True,True,False,False,False,True,True,False,True,True,False,False,False,True,False,0.0,0.0,0.0,0.0005216937775916594,0.0,0.0,0.0,0.0005216937775916594,0.0005216937775916594,False,False,False,False,True,False,False,False,False,False,False,False,False,True,False,False,True,False,False,False,False,True,False
2025-08-29,2025-08-29 00:00:00+09:00,43495,43585,43160,43200,10134296,69500,43372.5,43365.0,43170.0,43282.5,43236.666666666664,1,False,42810.0,-0.009027777777777746,-0.009327777777777746,0.0,0.0,-0.00037057625030344687,0.0003705762503034397,-0.00037057625030344687,0.0016665127456621557,-0.00037057625030344687,0.0016665127456621557,0.001295936495358741,False,False,False,False,False,True,False,True,True,False,False,False,False,False,True,False,True,True,False,True,False,True,True,0.0,0.0,-0.0006932409289765051,0.0010396812580955098,0.0,0.0,-0.0006932409289765051,0.0010396812580955098,0.00034644032911897756,False,False,False,True,True,False,False,True,False,False,False,False,True,True,False,False,True,False,False,True,False,True,True
2025-09-01,2025-09-01 00:00:00+09:00,42810,42985,42370,42475,6651031,69500,42677.5,43200.0,43372.5,42837.5,43013.333333333336,0,False,42575.0,0.002354326074161195,0.002054326074161195,0.00018749414135739968,0.0007497657333425391,-0.00018738873848518582,-0.0015003753752345652,0.00018767007655712668,-0.0005631159229046777,0.0005623769948575369,-0.0018758212215821413,-0.0013134442267246972,True,True,False,False,True,False,True,False,False,True,True,False,False,True,False,True,False,False,False,False,False,False,False,-0.00034891835664528154,0.0005233318915775763,0.0,-0.0006978367345298668,0.00017450484295219003,-0.0012221738753959083,0.00017441353493247874,-0.0017455057669735984,-0.0015710922320412123,False,True,False,False,True,False,False,False,False,False,True,False,False,True,False,False,False,False,False,False,False,False,False
2025-09-02,2025-09-02 00:00:00+09:00,42575,42987,42575,42925,8514530,69500,42781.0,42475.0,42677.5,42700.0,42866.666666666664,4,True,42935.0,0.00023296447291798472,-6.703552708201525e-05,0.0,0.0,0.0007500469130926245,0.00037481259809113356,0.0,-0.00018738873848518582,0.0007500469130926245,0.00018742385960592497,0.0009374707726985625,False,False,True,True,True,False,True,False,False,False,False,True,False,True,False,True,False,True,True,False,False,False,False,-0.00017438312015595036,0.0003487358361410712,-0.0005230581585559444,-0.0001744135349323807,0.0,0.000523149371073524,-0.00017438312015595036,0.0003487358361410712,0.00017435271598514114,False,True,False,False,True,True,False,False,False,False,True,False,False,True,False,False,False,False,False,True,False,True,True
2025-09-03,2025-09-03 00:00:00+09:00,42935,43210,42865,43140,7579492,69500,43037.5,42925.0,42781.0,43032.5,42846.666666666664,4,True,43120.0,-0.00046360686138158247,-0.0007636068613815824,0.0,0.0,0.00018837713157333322,0.00037664783872775606,0.0,0.0005647058973597352,0.0,0.0009413537360873207,0.0009413537360873207,False,False,True,True,True,False,False,True,True,False,False,True,False,True,False,False,True,True,False,False,False,True,False,0.0003507541249570035,-0.0005261773338973785,0.0,0.00017542320894027986,0.0,0.0012271015651451154,-0.00017542320894035391,0.0014025247740854319,0.0012271015651451154,True,False,False,False,True,True,False,True,True,True,False,False,False,True,True,False,True,True,False,True,False,True,True
2025-09-04,2025-09-04 00:00:00+09:00,43120,43475,43115,43300,7637405,69500,43295.0,43140.0,43037.5,43220.0,43121.666666666664,4,True,43435.0,0.0031177829099306997,0.0028177829099307,0.0,-0.00037411148958593586,-0.000561429789239453,0.0001871782878652707,-0.00018717828786515598,0.0007485030289581124,-0.00093554127882537,0.0007485030289581124,-0.00018703824986729544,False,False,False,False,False,True,False,False,False,False,False,False,False,False,False,False,True,False,False,True,False,False,True,-0.00017444396032021192,0.00017444396032025055,-0.0010471205145254673,0.0005236973149279877,0.0,0.00017450484295219003,-0.0010471205145254673,0.0006982021578800687,-0.00034891835664528154,False,False,False,False,True,False,False,False,False,False,False,False,False,True,False,False,True,False,False,True,False,False,True
2025-09-05,2025-09-05 00:00:00+09:00,43435,43610,43310,43475,8861335,69500,43460.0,43300.0,43295.0,43387.5,43305.0,4,True,43575.0,0.0023001725129385697,0.00200017251293857,0.000924641767218463,0.0005543749564507171,0.00036941263811299187,-0.00018468926084444737,0.0,0.0009231053918677175,0.001848429361782375,0.0007384161310232592,0.002586845492805569,True,True,True,False,True,True,True,False,True,True,True,True,False,True,True,True,False,True,True,False,False,False,False,0.0010375238696571556,0.00017281603775835182,-0.0005185377352381119,0.00034572169747978823,0.00017281603775835182,0.0,0.0006918021721774718,0.0005185377352381531,0.00121033990741569,True,False,False,False,True,False,True,False,True,True,False,False,False,True,False,True,True,True,True,False,False,False,False
2025-09-08,2025-09-08 00:00:00+09:00,43575,43670,43440,43645,7216048,69500,43555.0,43475.0,43460.0,43560.0,43473.333333333336,4,True,43770.0,0.0028640164967350668,0.002564016496735067,0.00018489414862695076,-0.0003698224894220741,0.0007401924838321372,0.00036989088640718224,-0.0001849283407951765,0.000369822489422218,-0.00036989088640711974,0.0005547850350340533,0.00018489414862695076,True,False,True,False,False,False,False,False,False,False,False,True,False,False,False,False,False,False,False,True,False,True,True,-0.000694203429475795,-0.0003469812664930351,-0.0001735357921925893,0.000520517058685705,0.0003468609122533085,0.00017338534937237873,-0.0003470414749389201,0.0010407633203111837,0.0006937218453723083,False,False,False,False,True,False,False,True,True,False,False,False,False,True,False,False,True,True,False,True,False,True,True
2025-09-09,2025-09-09 00:00:00+09:00,43770,44290,43650,44240,11791442,69500,43970.0,43645.0,43555.0,43942.5,43786.666666666664,4,True,44400.0,0.003616636528029016,0.003316636528029016,0.00018445079827263228,0.00018441678244973846,0.0003687315675997421,0.0,0.0007370554967908458,0.001104565649858697,0.0007375991483220427,0.001841621146649554,0.0025792202949716002,False,True,False,False,True,True,True,True,True,False,False,True,False,True,True,True,True,True,True,False,True,True,False,0.00017329520882108685,-0.0003465003499671445,0.00034650034996714063,0.0005195255117286766,0.00034620045351847913,0.0,0.0005197955587882828,0.0008657259652470659,0.0013855215240352553,True,False,True,False,True,False,True,True,True,True,False,True,False,True,False,True,True,True,True,False,False,True,False
2025-09-10,2025-09-10 00:00:00+09:00,44400,45245,44400,45170,14970760,69500,44822.5,44240.0,43970.0,44705.0,44351.666666666664,4,True,45440.0,0.005977418640690679,0.005677418640690679,0.0001836041499695853,0.00018357044567387409,0.0,0.0,0.0,0.0,0.0003671745956434385,0.0,0.0003671745956434385,False,True,False,False,True,False,False,False,False,False,False,False,False,False,False,False,False,False,False,False,False,False,False,-0.00017254766672089908,0.0006900121025884384,0.00034494653670762686,-0.00017245839483979683,-0.0005175537077487393,0.0006900121025884384,0.000517464435867657,0.0,0.000517464435867657,False,True,True,False,False,True,True,False,False,False,True,True,False,False,True,True,False,False,False,False,False,False,False
2025-09-11,2025-09-11 00:00:00+09:00,45440,45615,45095,45465,10367431,69500,45355.0,45170.0,44822.5,45317.5,44958.333333333336,4,True,45985.0,0.011437369405036923,0.011137369405036924,0.0003675794932034021,0.0,0.0,0.0,0.0,0.0009183580404827889,0.0003675794932034021,0.0009183580404827889,0.0012859375336860958,True,False,False,False,False,True,False,True,True,True,False,False,False,False,True,False,True,True,True,False,False,True,False,-0.0006894174695677704,0.0006894174695677843,0.0,0.0001722801279133538,0.0,-0.0005169294506424947,0.0,-0.00034464932272914363,-0.00034464932272914363,False,True,False,False,False,False,False,False,False,False,True,False,False,True,False,False,False,False,False,False,False,False,False
2025-09-12,2025-09-12 00:00:00+09:00,45985,46450,45870,46385,11640436,69500,46160.0,45465.0,45355.0,45925.0,45673.333333333336,4,True,46725.0,0.007329955804678212,0.007029955804678212,0.0,0.00018276523856043523,0.00018273184153176896,-0.00018273184153174728,0.0,0.00018273184153176896,0.0003654970800921674,0.0,0.0003654970800921674,False,False,False,False,False,False,False,False,False,False,False,False,False,False,False,False,False,False,False,False,False,False,False,0.00017095478287634507,0.0,0.0,-0.0003419387962877221,-0.0006842285590243518,0.0003421728006012538,0.00017095478287634507,-0.0006839945547108826,-0.0005130397718345032,True,False,False,False,False,False,False,False,False,True,False,False,False,False,False,False,False,False,False,False,False,False,False
2025-09-15,2025-09-15 00:00:00+09:00,46725,46915,46415,46660,11063351,69500,46665.0,46385.0,46160.0,46522.5,46170.0,3,True,46755.0,0.0020360051435919235,0.0017360051435919236,-0.0007278020699718667,0.00018200018250261074,0.0,0.0012730746467981126,-0.001091107582334568,0.0009093389732728665,-0.0005458018874692703,0.0010913060377363759,0.000545504150267156,False,False,False,True,False,True,False,True,False,False,False,False,True,False,True,False,True,False,False,True,False,True,True,-0.00017092556233391838,0.0,0.0003418219141128381,0.0,0.0,0.00017086715120601098,0.00017089635177881867,0.00017086715120601098,0.00034176350298478634,False,False,True,False,False,False,False,False,False,False,False,True,False,True,False,False,False,False,True,False,False,False,False
2025-09-16,2025-09-16 00:00:00+09:00,46755,47495,46705,47420,9849943,69500,47100.0,46660.0,46665.0,47040.0,46821.666666666664,4,True,47140.0,-0.005904681568958292,-0.006204681568958292,0.0001803263912559137,0.0,0.0,-0.0003605552589988333,0.00018029387951114378,-0.0005409791854953998,0.0001803263912559137,-0.0007212405649831032,-0.00018035891472822563,False,False,False,False,True,False,False,False,False,False,False,False,False,True,False,False,False,False,False,False,False,False,False,0.00034019391380986304,0.0,0.0006800408286554666,0.0008501233190731308,-0.0008501233190732043,0.0006801564622009775,0.0010202347424654594,0.0006801564622009775,0.000850267885593221,True,False,True,True,False,True,True,False,True,True,False,True,True,False,True,True,True,True,True,False,False,False,False
2025-09-17,2025-09-17 00:00:00+09:00,47140,47140,46710,46840,11708392,69500,46925.0,47420.0,47100.0,47130.0,46973.333333333336,0,False,47170.0,0.007045260461144398,0.006745260461144398,0.0,0.00018091361424283638,0.00036172906887455854,0.0,-0.0003617290688746445,0.0007233273371430259,0.0005426426831174225,0.0003615982682684424,0.0009042409513859175,False,False,False,False,False,False,True,False,False,False,False,True,False,False,False,True,False,True,True,False,False,False,False,0.0,0.0,0.0,0.0,-0.00017054660227231336,0.000341064123360682,0.0,0.00017051752108850437,0.00017051752108850437,False,False,False,False,False,False,False,False,False,False,False,False,False,False,False,False,False,False,False,False,False,True,False
2025-09-18,2025-09-18 00:00:00+09:00,47170,47695,46965,47660,11716736,69500,47330.0,46840.0,46925.0,47250.0,47306.666666666664,4,True,47740.0,0.0016785564414603105,0.0013785564414603105,-0.0003602954461602142,0.0,0.0,-0.00018019641457895044,-0.0003604902706667177,0.0001802613794876028,-0.0003602954461602142,-0.0003604253057579828,-0.0007207207519181792,False,False,False,False,False,False,False,False,False,False,False,False,False,False,False,False,False,False,False,False,False,False,False,0.0,0.0,0.00017002465398445124,-0.0005101607116853642,-0.0001701114233922618,0.0,0.00017002465398445124,-0.0006802721350776282,-0.0005102474810933533,False,False,True,False,False,False,False,False,False,False,False,False,False,False,False,False,False,False,False,False,False,False,False
2025-09-19,2025-09-19 00:00:00+09:00,47740,47865,47360,47485,10653737,69500,47612.5,47660.0,47330.0,47572.5,47328.333333333336,2,True,47765.0,0.005896598925976715,0.005596598925976715,-0.000538261428623199,0.0003588731421971607,0.00017938828642595373,0.0,-0.0007177463075040738,-0.0007182618373077721,0.0,-0.0014360081448117326,-0.0014360081448117326,False,True,False,False,False,False,False,False,False,False,True,False,False,False,False,False,False,False,False,False,False,False,False,-0.0003394433162260149,-0.0005093811129751565,0.00016982253585858044,0.0,-0.00033961623692027143,-0.0006795786873839907,-0.0006790018933426064,-0.001019194924304285,-0.0015284031165851925,False,False,False,False,False,False,False,False,False,False,False,False,False,False,False,False,False,False,False,False,False,False,False
2025-09-22,2025-09-22 00:00:00+09:00,47765,48220,47745,47950,12238682,69500,47982.5,47485.0,47612.5,47717.5,47698.333333333336,4,True,48310.0,0.00750782064650668,0.00720782064650668,0.0,0.0,-0.0005353796862064081,-0.00017852361022152046,-0.0001785554865917451,0.0,-0.0005353796862064081,-0.0003570790968132168,-0.0008924587830197224,False,False,False,False,False,False,False,False,False,False,False,False,False,False,False,False,False,False,False,False,False,False,False,0.0,0.0,-0.001016260250066479,0.0005082592231396135,-0.0006777363864975816,0.000677736386497595,-0.001016260250066479,0.0005082592231396135,-0.0005080010269268118,False,False,False,False,False,True,False,False,False,False,False,False,False,False,True,False,True,False,False,True,False,False,True
2025-09-23,2025-09-23 00:00:00+09:00,48310,48465,48000,48335,10932893,69500,48232.5,47950.0,47982.5,48142.5,47923.333333333336,4,True,48385.0,0.001034447088031465,0.000734447088031465,0.00035435861462232367,0.0,-0.00017716361105778912,-0.0008862891655225461,0.0007090941619579376,-0.0005317734770355123,0.00017719500356454934,-0.0007089684806000765,-0.0005317734770355123,True,False,False,False,True,False,False,False,False,True,False,False,False,True,False,False,False,False,False,False,False,False,False,0.0005050080066928017,0.0,-0.00016830766681147442,0.0,0.0,-0.00016833599905082103,0.0003367003398811939,-0.00016833599905082103,0.00016836434083050052,True,False,False,False,False,False,True,False,False,True,False,False,False,True,False,True,False,False,False,False,False,False,False
2025-09-24,2025-09-24 00:00:00+09:00,48385,48525,47745,48185,12615782,69500,48135.0,48335.0,48232.5,48260.0,48156.666666666664,1,False,47910.0,-0.0057071702812078184,-0.006007170281207818,0.0,0.0,-0.000106995738105127,0.00010699573810528753,0.0008911862277733478,-0.00035637919122729576,-0.000106995738105127,0.0006418027746511452,0.0005348070365460542,False,False,False,False,True,False,False,False,False,False,False,False,False,True,False,False,True,False,False,True,False,True,True,0.0,0.0006765900122785431,0.0008458090667478775,0.0003381805916573681,-0.0005073137844494646,0.00033823778438473606,0.0006765900122785431,0.00016910459159268765,0.0006765900122785431,False,True,True,False,False,False,True,False,True,False,True,True,False,False,False,True,False,True,True,False,False,False,False
2025-09-25,2025-09-25 00:00:00+09:00,47910,48315,47845,48200,11171542,69500,48080.0,48185.0,48135.0,48192.5,48240.0,3,True,47700.0,-0.010373443983402453,-0.010673443983402453,0.00017906706109264032,-0.00035816619294061264,0.0003581661929405688,0.0,-0.00017906706109267133,0.00017906706109264032,0.00017906706109264032,0.0,0.00017906706109264032,False,False,True,False,False,False,False,False,False,False,False,True,False,False,False,False,False,False,False,False,False,False,False,-0.00033938571511916017,0.0,0.00016967845972663625,-0.0005091217759526633,0.0001697360608336558,-0.0001697360608335066,0.0,-0.0005091217759526633,-0.0005091217759526633,False,False,False,False,True,False,False,False,False,False,False,False,False,True,False,False,False,False,False,False,False,False,False
2025-09-26,2025-09-26 00:00:00+09:00,47700,47725,46680,47045,14027415,69500,47202.5,48200.0,48080.0,47622.5,47810.0,0,False,47360.0,0.006695716866829571,0.006395716866829571,-0.0003603603642600738,0.00018019641457890374,0.0,0.0010804971337541789,0.0007191657987054193,0.0003593890425025132,-0.000180163949681053,0.0028787353453558645,0.0026985713956747164,False,False,False,True,True,False,False,True,True,False,False,False,True,True,False,False,True,True,False,True,False,True,True,0.0001706921571097996,0.0005120764812759978,0.0,0.0,0.001364256691813968,0.000340773559269696,0.00034135518337943566,0.0017050302510837475,0.002046385434463331,True,True,False,False,True,False,True,True,True,True,True,False,False,True,False,True,True,True,True,False,False,True,False
2025-09-29,2025-09-29 00:00:00+09:00,47360,47857,47360,47765,8495289,69500,47608.5,47045.0,47202.5,47405.0,47670.0,4,True,47745.0,-0.0004187166335182235,-0.0007187166335182234,0.0,0.0,-0.0003571428609389896,-0.0005359535635215164,0.000535953563521525,0.0008926181080042635,-0.0003571428609389896,0.0008926181080042635,0.0005354752470653285,False,False,False,False,True,True,False,True,False,False,False,False,False,True,True,False,True,False,False,True,False,True,True,0.0005076571730990866,-0.00016919042422558223,0.0,-0.0008463817686811865,0.00016933367240519275,0.0011845335169619932,0.0003384667488734739,0.0005074854206859363,0.0008459521695595036,True,False,False,False,True,True,True,False,True,True,False,False,False,True,True,False,True,True,True,False,False,True,False
2025-09-30,2025-09-30 00:00:00+09:00,47745,47900,47550,47635,6890501,69500,47725.0,47765.0,47608.5,47700.0,47481.666666666664,2,True,47845.0,0.004408523144746601,0.004108523144746601,0.0,-0.0005355708420439128,0.00035707909681331973,0.00017849174523068253,0.00017845989161309475,0.0007135212575283284,-0.000178491745230687,0.0010704728943721391,0.0008919811491414789,False,False,True,True,True,False,False,True,False,False,False,True,False,True,True,False,True,True,False,True,False,True,True,0.00016941973780474083,0.0,0.0006773920665458867,0.00016927634403526354,0.00016924769440418024,0.0,0.0008468118043505434,0.0003385240384392916,0.0011853358427898744,False,False,True,False,True,False,True,False,True,True,False,True,False,True,False,True,False,True,True,False,False,False,False
2025-10-01,2025-10-01 00:00:00+09:00,47845,48210,47845,48135,6035418,69500,48027.5,47635.0,47725.0,47885.0,47845.0,4,True,49305.0,0.024306637581801294,0.024006637581801292,0.0007160759346440892,0.0,0.0,0.0,-0.0007160759346440843,-0.0005373936537748143,0.0007160759346440892,-0.0012534695884188116,-0.0005373936537748143,True,False,False,False,False,False,True,False,False,True,False,False,False,False,False,True,False,False,False,False,False,False,False,0.0,0.0,-0.0006779661276632156,0.0006779661276632754,-0.0011867425314134195,0.0006783110316039772,-0.0006779661276632156,0.0001695346278537467,-0.0005084314998094005,False,False,False,True,False,True,False,False,False,False,False,False,True,False,True,False,False,False,False,True,False,False,True
2025-10-02,2025-10-02 00:00:00+09:00,49305,50070,49130,49570,19649694,69500,49600.0,48135.0,48027.5,48852.5,48446.666666666664,4,True,50500.0,0.01876134758926762,0.018461347589267617,-0.0001768502966851806,0.0007072136079767403,-0.0005303633112916957,0.0,0.0,-0.0005306447458027798,0.0,-0.0005306447458027798,-0.0005306447458027798,False,True,False,False,False,False,False,False,False,False,True,False,False,False,False,False,False,False,False,False,False,False,False,0.0006715916975058153,0.0010075567602997706,0.0,0.0003356267861678604,-0.0010072184836737875,0.0001679402136787642,0.0006715916975058153,-0.0005036514838271282,0.0001679402136787642,True,True,False,False,False,False,True,False,False,True,True,False,False,False,False,True,False,False,False,False,False,False,False
2025-10-10,2025-10-10 00:00:00+09:00,50500,51060,50175,50830,15955272,69500,50617.5,49570.0,49600.0,50200.0,49511.666666666664,4,True,49780.0,-0.020657092268345445,-0.020957092268345447,0.00035001750444839803,0.0,0.0,0.0003498950350602651,0.0005246131098723835,-0.00017484045852736348,0.00035001750444839803,0.0006996676864051767,0.0010496851908535813,True,False,False,True,True,False,False,False,True,True,False,False,True,True,False,False,False,True,True,False,False,True,False,0.00016737802365626278,0.0,0.0003346720245428586,-0.000669456091948202,0.00016740604374913473,0.0005020500481991572,0.0005020500481991572,0.0,0.0005020500481991572,False,False,True,False,False,True,False,False,False,False,False,True,False,True,True,True,False,False,False,False,False,False,False
2025-10-13,2025-10-13 00:00:00+09:00,49780,50365,49395,50365,12559935,69500,49880.0,50830.0,50617.5,50597.5,50255.0,2,True,50615.0,0.00496376451901126,0.00466376451901126,0.0,-0.0003566969896924098,0.0007132667920083311,-0.0005349023930694312,-0.0016064260482736878,0.0016064260482737947,0.0003565698023159604,-0.0005349023930694312,-0.00017833259075348225,False,False,True,False,False,True,True,False,False,False,False,True,False,False,True,False,False,False,False,False,False,False,False,0.0,-0.00016990909904096222,0.00033978933388419087,-0.00033978933388426324,-0.0018705897810583785,0.0015307427089684418,0.0001698802348432457,-0.0005097273069332717,-0.0003398470720899985,False,False,True,False,False,True,False,False,False,False,False,True,False,False,True,False,False,False,False,False,False,False,False
2025-10-14,2025-10-14 00:00:00+09:00,50615,51345,49465,49855,18269212,69500,50405.0,50365.0,49880.0,50110.0,50350.0,0,False,50100.0,0.004914251328853592,0.004614251328853592,-0.003937717635039062,-0.000897102419544289,0.0010764263687381911,0.00017929179788045505,0.0,-0.00017929179788054998,-0.003758393685845118,0.0,-0.003758393685845118,False,False,True,True,False,False,False,False,False,False,False,True,False,False,False,False,False,False,False,False,False,False,False,-0.0030711506821272513,-0.0015375419446529929,0.000854481808805356,0.0,0.00034153005796464577,-0.0001707504486348178,-0.0027294455703109535,0.0001707796093297027,-0.002387857180994669,False,False,True,False,True,False,False,False,False,False,False,True,False,True,False,False,False,False,False,True,False,False,True
2025-10-15,2025-10-15 00:00:00+09:00,50100,51280,50055,51240,14711160,69500,50667.5,49855.0,50405.0,50547.5,50486.666666666664,4,True,51320.0,0.0015612802498048417,0.0012612802498048418,-0.0008902341903703646,0.0008902341903704836,-0.00017798344800919693,0.0,-0.0007122507423612086,0.0010681859659088758,-0.00017798344800919693,0.00035593522354785193,0.00017795177553852362,False,True,False,False,False,True,False,False,False,False,True,False,False,False,True,False,False,False,False,True,False,True,True,-0.0001692476944042079,0.00016924769440418024,-0.0003385240384393183,-0.00016930500336721785,-0.00016933367240527786,0.0006771627142119351,-0.0003385240384393183,0.0003385240384392916,0.0,False,True,False,False,False,True,False,True,False,False,True,False,False,False,True,False,False,False,False,True,False,False,True
2025-10-16,2025-10-16 00:00:00+09:00,51320,52585,51320,52585,17545461,69500,51952.5,51240.0,50667.5,51912.5,51226.666666666664,4,True,52360.0,-0.0042787867262527035,-0.004578786726252703,0.0008881784045993077,0.0,-0.0003551767041422729,0.00035492458225301783,0.0,0.0015956035651914602,0.0005330017004570609,0.001950528147444539,0.0031937571504834883,True,False,False,True,False,True,True,True,True,True,False,False,True,False,True,True,True,True,True,False,False,True,False,0.001184132761216772,0.0,-0.0001690760000646671,0.0005071422642714422,0.00016899028346098287,0.0005067995716212263,0.0010150567611521414,0.0011829321193535763,0.002197988880505773,True,False,False,True,True,True,True,True,True,True,False,False,False,True,False,True,True,True,True,False,False,True,False
2025-10-17,2025-10-17 00:00:00+09:00,52360,53450,52250,52735,15731156,69500,52850.0,52585.0,51952.5,52660.0,52186.666666666664,4,True,53190.0,0.008628045889826463,0.008328045889826463,-0.0021567226188807264,0.00035971223409461776,0.0012579748266915314,0.00046689533414106204,-0.0008980692116844929,-0.0005392289157350825,-0.0003591309070740833,-0.0009704027932785164,-0.0014372981274195836,False,True,True,True,False,False,False,False,False,False,True,True,True,False,False,False,False,False,False,False,False,False,False,-0.0013715071582412865,-0.0005148005261699137,0.0008571184205201938,0.000171335561114773,-0.0008569715152969888,0.00017145306514347608,-0.00017133556111472727,-0.0005141828890386768,-0.0006855184501533779,False,False,True,True,False,False,False,False,False,False,False,True,False,False,False,False,False,False,False,False,False,False,False
2025-10-20,2025-10-20 00:00:00+09:00,53190,53720,52365,53700,13813038,69500,53042.5,52735.0,52850.0,53217.5,53006.666666666664,4,True,54185.0,0.009031657355679679,0.008731657355679679,-0.00017632019793539195,0.0001763201979354137,-0.00017632019793539195,-0.0005291472034569334,-0.0008825346967661024,0.0012353306079928082,-0.00017632019793539195,-0.00017635129223024648,-0.0003526714901657277,False,False,False,False,False,True,False,False,False,False,False,False,False,False,True,False,False,False,False,False,False,False,False,0.00016876213017867593,0.0,0.0,-0.0006752194719739194,0.0,0.0,0.00016876213017867593,-0.0006752194719739194,-0.0005064573417953089,False,False,False,False,False,False,False,False,False,False,False,False,False,True,False,False,False,False,False,False,False,False,False
2025-10-21,2025-10-21 00:00:00+09:00,54185,54950,53665,53815,16921630,69500,54307.5,53700.0,53042.5,53757.5,53416.666666666664,3,True,53645.0,-0.0031589705472452323,-0.003458970547245232,-0.00035020136936441245,0.0,0.0,0.0,-0.0015774256184740722,0.0003507541249570035,-0.00035020136936441245,-0.0012266714935170889,-0.001576872862881456,False,False,False,False,False,False,False,False,False,False,False,False,False,False,False,False,False,False,False,False,False,False,False,0.0001677148850891926,-0.00016771488508912494,0.0001677148850891926,-0.0010065426114013946,-0.00016785564454015748,0.0005034824307080315,0.0001677148850891926,-0.0006709158252336343,-0.0003355141786212951,False,False,False,False,False,False,False,False,False,False,False,False,False,False,False,False,False,False,False,False,False,False,False
2025-10-22,2025-10-22 00:00:00+09:00,53645,54430,53135,54425,15606950,69500,53782.5,53815.0,54307.5,54120.0,53980.0,4,True,53620.0,-0.014790996784565968,-0.015090996784565968,0.0,-0.00034995625903961225,0.0,0.0,0.0,0.00034995625903964386,-0.00034995625903961225,0.00034995625903964386,0.0,False,False,False,False,False,False,False,False,False,False,False,False,False,False,False,False,False,False,False,True,False,False,True,-0.00016754628505309948,0.0,-0.0010050252102240388,0.00033512064656804217,0.00016751821799792954,0.0010045204260054903,-0.0003351206465680066,0.0015071592905713386,0.0011720386440032828,False,False,False,True,True,True,False,True,True,False,False,False,False,True,True,False,True,True,False,True,False,True,True
2025-10-23,2025-10-23 00:00:00+09:00,53620,54750,53450,53850,13504911,69500,54100.0,54425.0,53782.5,54137.5,54030.0,2,True,54555.0,0.013091922005570966,0.012791922005570966,0.0003534817993681992,0.0,0.00035335689413597575,0.0007063394254468575,0.0,0.0,0.000706838693504118,0.0007063394254468575,0.0014131781189510321,True,False,True,True,False,False,True,True,True,True,False,True,True,False,False,True,True,True,True,False,False,False,False,0.0,0.00033692722690700696,-0.0005054334199083321,0.00033698399644917557,0.0005052631686437447,0.00016836434083050052,-0.00016850619300129668,0.0010106115059234598,0.0008421053129220893,False,True,False,True,True,False,False,True,True,False,True,False,False,True,False,False,True,True,False,True,False,True,True
2025-10-24,2025-10-24 00:00:00+09:00,54555,55365,54395,55255,15936025,69500,54880.0,53850.0,54100.0,54552.5,54510.0,4,True,56155.0,0.016288118722287637,0.015988118722287635,0.0,0.0,0.0,0.00024472529707686284,0.0011528989695610654,-0.00017462673579692346,0.0,0.001048401284216814,0.001048401284216814,False,False,False,True,True,False,False,True,True,False,False,False,True,True,False,False,True,True,False,False,False,True,False,-0.00016740604374907906,0.00016740604374913473,-0.00100384816862229,0.0005020500481991572,0.00016729401962896085,0.0003345041007942523,0.0,0.0010038481686222588,0.0010038481686222588,False,True,False,True,False,False,False,True,True,False,True,False,False,True,False,False,True,True,False,False,False,True,False
2025-10-27,2025-10-27 00:00:00+09:00,56155,56790,56085,56775,18654857,69500,56437.5,55255.0,54880.0,56015.0,55293.333333333336,4,True,56340.0,-0.0076618229854689135,-0.007961822985468913,0.0,0.0,0.0,0.0006869311621658427,0.00017165908547869872,0.00017162962369422628,0.0,0.00103021987133863,0.00103021987133863,False,False,False,True,False,False,False,True,True,False,False,False,True,True,False,False,True,True,False,False,False,True,False,0.0001650846062354228,-0.00016508460623545238,0.001155020341260394,0.00033008747617758284,0.0008247423147902964,0.0,0.001155020341260394,0.0011548297909678752,0.0013199143972033134,False,False,True,False,True,False,True,True,True,False,False,True,False,True,False,True,True,True,True,False,False,False,False
2025-10-28,2025-10-28 00:00:00+09:00,56340,56380,55640,56210,13162981,69500,56010.0,56775.0,56437.5,56492.5,56080.0,1,False,56900.0,0.012275395837039627,0.011975395837039627,0.0,0.00034135518337943566,0.0001706339053710311,0.00034118048778574784,-0.00017057569337730724,-0.0005119017260490618,0.0005119890887505482,-0.00034129693164060575,0.0001706921571097996,False,True,True,True,False,False,True,False,False,False,True,False,False,False,False,True,False,False,False,False,False,False,False,0.0,0.00016459550691423698,0.0,0.0003291097610749604,-0.0004937052679891822,0.0003291639266059516,0.00016459550691423698,0.00016456841969177344,0.0003291639266059516,False,True,False,False,False,False,False,False,False,False,True,False,False,False,False,False,False,False,True,False,False,False,False
2025-10-29,2025-10-29 00:00:00+09:00,56900,57415,56150,57385,14601944,69500,56782.5,56210.0,56010.0,56797.5,56790.0,4,True,57830.0,0.007754639714210976,0.007454639714210976,0.0,0.0,0.00016861984695548467,-0.0006746500508884519,0.0008432414699846305,0.0008425310128526019,0.00016861984695548467,0.0010111224319488893,0.0011797422789041948,False,False,False,False,True,True,False,True,True,False,False,False,False,True,True,False,True,True,True,False,False,True,False,0.0,0.0,-0.00016362595144094307,0.0,0.0006546645078333589,0.0,-0.00016362595144094307,0.0006546645078333589,0.0,False,False,False,False,True,False,False,True,False,False,False,False,False,True,False,False,True,False,False,True,False,False,True
2025-10-30,2025-10-30 00:00:00+09:00,57830,58365,57247,57445,23644899,69500,57806.0,57385.0,56782.5,57415.0,57013.333333333336,3,True,57600.0,0.002698233092523372,0.0023982330925233723,0.000505433419908285,-0.0008425310128527151,0.0003370975929443155,-0.0013490727172565523,0.0003374388424122416,-0.0018573242992287206,0.0,-0.002868958174073088,-0.002868958174073088,True,False,True,False,True,False,False,False,False,True,False,True,False,True,False,False,False,False,False,False,False,False,False,0.0,-0.0019659246174409447,-0.0006556302480386448,-0.0016393446294331684,-0.0008206812114292207,0.0008206812114291353,-0.00098328424834876,-0.0016393446294331684,-0.0016393446294331684,False,False,False,False,False,True,False,False,False,False,False,False,False,False,True,False,False,False,False,False,False,False,False
2025-10-31,2025-10-31 00:00:00+09:00,57600,58180,57155,58145,18545471,69500,57667.5,57445.0,57806.0,57795.0,57658.333333333336,4,True,58285.0,0.0024077736692751373,0.0021077736692751373,-0.0005076571730991063,0.0,-0.0006772773709620183,0.0003386960235595419,0.00016930500336723262,0.0008460953208024044,-0.0011849345440611138,0.0013540963477292301,0.00016916180366829958,False,False,False,False,False,True,False,True,False,False,False,False,True,True,True,False,True,False,False,True,False,True,True,-0.00016464970811874436,0.0,-0.000658870061720168,0.0006588700617202493,0.0,0.0004938678180880345,-0.0008235197698389747,0.0011527378798082617,0.0003292181099694201,False,False,False,True,False,False,False,True,False,False,False,False,True,False,False,False,True,False,False,True,False,True,True
2025-11-03,2025-11-03 00:00:00+09:00,58285,59930,58120,59930,19716764,69500,59025.0,58145.0,57667.5,59037.5,58506.666666666664,4,True,59920.0,-0.00016686133822796378,-0.00046686133822796376,0.0010191949243041705,-0.001019194924304285,-0.00033973161529406284,-0.0005098139289621358,-0.000680156462201065,0.0006801564622009775,0.0003398470720899936,-0.0005098139289621358,-0.00016996685687219022,True,False,False,False,False,False,True,False,False,True,False,False,False,False,True,False,False,False,False,False,False,False,False,0.0004946006200902136,-0.0004946006200902711,-0.00016489405594292267,-0.0008248783772185376,0.0,0.0,0.0,-0.0008248783772185376,-0.0008248783772185376,True,False,False,False,False,False,False,False,False,True,False,False,False,False,False,False,False,False,False,False,False,False,False
2025-11-04,2025-11-04 00:00:00+09:00,59920,60010,58245,58280,23332296,69500,59127.5,59930.0,59025.0,59105.0,58785.0,0,False,57175.0,-0.01896019217570355,-0.01926019217570355,0.00017098401341127432,-0.0037684182999516446,-0.00017142367402912296,-0.0017158549165176902,-0.0001717475315514462,0.00017174753155145051,-0.002568274675976869,-0.0017158549165176902,-0.004284129592494531,True,False,False,False,False,False,False,False,False,False,False,False,False,False,False,False,False,False,False,False,False,False,False,0.00016601643600834884,-0.0009965122897389732,0.0,-0.0008317392145464835,0.0006654467056406255,-0.0004990435103154465,-0.0014953894952467284,-0.0006653360192211548,-0.0021607255144678443,False,False,False,False,True,False,False,False,False,False,False,False,False,True,False,False,False,False,False,False,False,False,False
2025-11-05,2025-11-05 00:00:00+09:00,57175,57280,54470,56665,33965758,69500,55875.0,58280.0,59127.5,57472.5,58291.666666666664,0,False,58030.0,0.024088943792464512,0.02378894379246451,0.000173445495188135,-0.001735810191089059,0.000173716668551148,-0.000521240564316364,0.0,0.002776815390652021,-0.0013886480273498085,0.0022555748263356065,0.0008669267989858374,True,False,True,False,False,True,False,True,True,False,False,False,False,False,True,False,True,True,False,True,False,True,True,0.0,-0.001504136658614539,-0.0005017142006738266,0.0,0.0018383894205791255,0.0005007929325929586,-0.0016714026956357903,0.002339182353172241,0.0006677796575364688,False,False,False,False,True,False,False,True,True,False,False,False,False,True,True,False,True,True,False,True,False,True,True
2025-11-06,2025-11-06 00:00:00+09:00,58030,58222,56255,56975,17605598,69500,57238.5,56665.0,55875.0,56820.0,57306.666666666664,2,True,55945.0,-0.01807810443176827,-0.018378104431768273,-0.0006885867030556482,-0.0001722207874746326,-0.0008615491185108595,0.0003445899413835453,-0.00034458994138359566,0.00017230981347016205,-0.0017223566090412853,0.00017230981347016205,-0.0012053380710271555,False,False,False,True,False,False,False,False,False,False,False,False,True,False,False,False,False,False,False,True,False,False,True,-0.0004989605093123627,-0.00016637550990878812,-0.000499292679091813,0.0001664585938092631,-0.0001664585938092564,-0.00016648630688585983,-0.00116462869831291,-0.00016648630688585983,-0.0013311150051987617,False,False,False,False,False,False,False,False,False,False,False,False,False,False,False,False,False,False,False,False,False,False,False
2025-11-07,2025-11-07 00:00:00+09:00,55945,57135,54975,55945,22145417,69500,56055.0,56975.0,57238.5,56460.0,56528.333333333336,0,False,56510.0,0.010099204575922727,0.009799204575922727,0.0,0.00035001750444839803,0.0008745081449325757,0.0003495892362119243,-0.00034952814057349126,0.0005242464078127791,0.0012245256493811482,0.0006990563024980425,0.0019235819518788957,False,True,True,True,False,False,True,False,True,False,True,True,True,False,False,True,False,True,True,False,False,False,False,0.0005037360529656836,0.0,-0.0005037360529657743,0.00016791201449911514,0.0,0.0005035669430791929,0.0,0.0006714789575783843,0.0008394191712571029,True,False,False,False,False,True,False,False,True,True,False,False,False,False,True,False,True,True,False,False,False,True,False
2025-11-10,2025-11-10 00:00:00+09:00,56510,58000,56355,57655,13611878,69500,57177.5,55945.0,56055.0,56800.0,56858.333333333336,4,True,58450.0,0.0137889168328853,0.0134889168328853,-0.0006945650565735205,0.0001736864963116104,-0.00017368649631156627,0.0001736864963116104,0.0,0.0,-0.0006945650565735205,0.0001736864963116104,-0.0005208785602619122,False,True,False,False,False,False,False,False,False,False,True,False,False,False,False,False,False,False,False,True,False,False,True,-0.0005003752919012001,0.00016681958500604043,0.00016679176087369875,-0.0003336113458798256,-0.0006675567671134715,0.0006675567671135282,-0.00016676394602145733,-0.0003336113458798256,-0.0005003752919012001,False,True,True,False,False,True,False,False,False,False,True,False,False,False,True,False,False,False,False,False,False,False,False
2025-11-11,2025-11-11 00:00:00+09:00,58450,59530,57660,58195,18535780,69500,58595.0,57655.0,57177.5,57925.0,57265.0,3,True,58145.0,-0.000859180341953758,-0.001159180341953758,-0.00017248814186797708,-0.00017251789915982682,-0.00017254766672089908,0.00017254766672084192,0.001379310563505569,0.0,-0.0005175537077487393,0.0015518582302263978,0.0010343045224776985,False,False,False,False,True,False,False,True,True,False,False,False,False,True,False,False,True,True,False,True,False,True,True,0.0003312903790446546,0.0,-0.0004969767351522713,0.0,0.0,0.0,-0.00016568635610767036,0.0,-0.00016568635610767036,True,False,False,False,False,False,False,False,False,True,False,False,False,False,False,False,False,False,False,False,False,False,False
2025-11-12,2025-11-12 00:00:00+09:00,58145,58950,57850,58800,12427003,69500,58400.0,58195.0,58595.0,58497.5,58216.666666666664,4,True,58390.0,-0.00697278911564625,-0.0072727891156462495,0.0,0.000859771353796389,-0.0001718951443854336,-0.000515862791940303,0.0005158627919403439,0.001030927926358529,0.0006878762094108522,0.001030927926358529,0.001718804135769408,False,True,False,False,True,True,True,True,True,False,True,False,False,True,True,True,True,True,True,False,False,True,False,0.00016486687037580317,0.0008239268819076655,-0.0004942746620111928,0.00016478536743218808,0.0,0.0,0.0004945190902722592,0.00016478536743218808,0.0006593044577046629,False,True,False,False,False,False,True,False,False,False,True,False,False,False,False,True,False,True,True,False,False,False,False
2025-11-13,2025-11-13 00:00:00+09:00,58390,59360,58355,59070,12559276,69500,58857.5,58800.0,58400.0,58935.0,58688.333333333336,4,True,57315.0,-0.029710512950736456,-0.030010512950736458,0.0,0.00034435262048255794,0.0,-0.0006888238605406204,0.0,0.00034447124005789056,0.00034435262048255794,-0.000344352620482682,0.0,False,True,False,False,False,False,True,False,False,False,True,False,False,False,False,True,False,False,False,False,False,False,False,0.000164703945031774,0.0,-0.00016470394503178748,-0.0004942746620111928,-0.0006589786070430206,0.000164703945031774,0.0,0.000164703945031774,0.000164703945031774,False,False,False,False,False,False,False,False,False,False,False,False,False,False,False,False,False,False,False,False,False,True,False
2025-11-14,2025-11-14 00:00:00+09:00,57315,57700,56510,56510,17102399,69500,57105.0,59070.0,58857.5,57790.0,58126.666666666664,0,False,57400.0,0.015749424880552088,0.015449424880552088,0.00035292042010922025,0.0007055918444087383,0.0003526093125391661,-0.0008817565159961282,0.0,-0.0012357667739111618,0.001234676936105416,-0.002117523289907317,-0.0008828463538019076,True,True,True,False,False,False,True,False,False,True,True,True,False,False,False,True,False,False,False,False,False,False,False,0.001007218483673846,0.0,0.00016777116053112059,-0.0008391374160269153,0.0,-0.0005038206505095051,0.001174989644204921,-0.0013429580665364684,-0.00016796842233156818,True,False,True,False,False,False,True,False,False,True,False,True,False,False,False,True,False,False,False,False,False,False,False
2025-11-17,2025-11-17 00:00:00+09:00,57400,57795,57075,57715,11984469,69500,57435.0,56510.0,57105.0,57112.5,57765.0,3,True,56980.0,-0.01273499090357788,-0.01303499090357788,-0.0003501400595996292,0.00035014005959951996,-0.000875580127735474,0.0,-0.0005257163005510335,0.0012262417232442935,-0.000875580127735474,0.0007005254226932939,-0.0001750547050421703,False,True,False,False,False,True,False,False,False,False,True,False,False,False,True,False,False,False,False,True,False,False,True,-0.00016723806377304335,0.00016723806377301912,-0.0005017981204232282,-0.00016732201160091928,-0.00016735001294182044,0.0008364701449659064,-0.0005017981204232282,0.0005017981204231591,0.0,False,True,False,False,False,True,False,False,False,False,True,False,False,False,True,False,False,False,False,True,False,False,True
2025-11-18,2025-11-18 00:00:00+09:00,56980,57490,55730,55800,15573977,69500,56610.0,57715.0,57435.0,56757.5,56675.0,0,False,55925.0,0.0022401433691756623,0.0019401433691756623,0.0007154355518897536,0.0003575259244375536,-0.002146691343163412,-0.00017906706109267133,0.0,0.0010739217069364129,-0.0008950148274897139,0.0008948546458437055,0.00017890687944662257,True,True,False,False,False,True,False,False,False,True,True,False,False,False,True,False,True,False,False,True,False,True,True,0.0,0.00051068177124852,-0.0011919967354334714,-0.0005115525731812642,0.0,0.0015338733301363274,0.00034083163247456815,0.001022320756955169,0.0008518613684916191,False,True,False,False,False,True,True,True,True,False,True,False,False,False,True,True,True,True,True,False,False,True,False
2025-11-19,2025-11-19 00:00:00+09:00,55925,55957,54330,55410,18569595,69500,55143.5,55800.0,56610.0,55605.0,56308.333333333336,0,False,57030.0,0.02923659989171634,0.02893659989171634,-0.0010832281254182627,-0.0016267513754613066,0.0028901754222334236,-0.0005412720023894752,0.001983233319290712,-0.0005404918607392113,0.00036081544681544744,0.0009014694561621392,0.0012622849029774459,False,False,True,False,True,False,True,False,True,False,False,True,False,True,False,True,True,True,True,False,False,True,False,-0.0013700978337806632,-0.0006857534985003997,0.0015409642634925988,0.0008560911403768673,0.0,0.0006843456212334673,0.00034223135173186496,0.0015404367616105247,0.0006843456212334673,False,False,True,True,False,True,True,True,True,False,False,True,True,False,True,True,True,True,True,False,False,True,False
2025-11-20,2025-11-20 00:00:00+09:00,57030,57490,56500,56600,16962616,69500,56995.0,55410.0,55143.5,56005.0,55936.666666666664,3,True,54185.0,-0.042667844522968235,-0.042967844522968236,-0.00017566974133889377,0.0,-0.0005271944590956324,-0.0001757623697291802,0.0,-0.0007033585660110312,-0.0007028642004344904,-0.0008791209357402404,-0.0014062227664454654,False,False,False,False,False,False,False,False,False,False,False,False,False,False,False,False,False,False,False,False,False,False,False,0.0010087425199697539,-0.00016805310517667427,-0.00016808135176979696,0.0,-0.0003363040220026571,-0.0001681944331608131,0.00067260806302354,-0.000504498455163531,0.0,True,False,False,False,False,False,True,False,False,True,False,False,False,False,False,True,False,False,False,False,False,False,False
2025-11-21,2025-11-21 00:00:00+09:00,54185,54645,53925,54225,20274935,69500,54285.0,56600.0,56995.0,55412.5,55411.666666666664,1,False,55200.0,0.017980636237897585,0.017680636237897583,-0.0010986999823422595,0.0005499037806982096,0.0,0.0005497022584595213,0.00036630037039616265,-0.0001831334132029289,-0.0014652017273279918,0.0007328692156526977,-0.000732332511675224,False,True,False,True,True,False,False,False,False,False,True,False,True,True,False,False,False,False,False,True,False,False,True,-0.001795518592941385,0.0013816927932151948,-0.0012088767554569342,0.0006909656519511201,0.0,0.0006904885480621859,-0.001795518592941385,0.001381454200013273,-0.0004140643929280864,False,True,False,True,False,True,False,True,False,False,True,False,True,False,True,False,True,False,False,True,False,False,True
2025-11-24,2025-11-24 00:00:00+09:00,55200,55365,54125,54210,15174652,69500,54745.0,54225.0,54285.0,54217.5,55011.666666666664,0,False,55745.0,0.028315808891348437,0.028015808891348436,-0.0014448259692398646,0.0005420543993956597,0.0,0.0005417607355983624,-0.0009030976862326951,0.0009030976862327535,-0.0009027715698441492,0.0005417607355983624,-0.00036101083424577114,False,True,False,True,False,True,False,False,False,False,True,False,True,False,True,False,False,False,False,True,False,False,True,-0.0006815471383259918,0.00017043033701253673,0.000340773559269696,-0.0015343963457128721,0.0,0.0010231924494305568,-0.0001703432420438346,-0.0005112038962822344,-0.0006815471383259918,False,True,True,False,False,True,False,False,False,False,True,True,False,False,True,False,False,False,False,False,False,False,False
2025-11-25,2025-11-25 00:00:00+09:00,55745,55920,54235,54605,13967143,69500,55077.5,54210.0,54745.0,54407.5,54346.666666666664,2,True,55080.0,0.008698837102829371,0.008398837102829371,0.0003547986554869275,-0.0005322452001812371,-0.0005325286359983097,0.0007099751806925272,0.00017741506300423415,-0.0005323396452571098,-0.0007099751806925384,0.00035505059843947916,-0.0003549245822529426,True,False,False,True,True,False,False,False,False,True,False,False,True,True,False,False,False,False,False,True,False,False,True,0.0005063718565453621,-0.0003375527458211257,-0.00016881911072421537,0.0003376097263667529,-0.0011821330431769517,0.0008445233168102472,0.0,0.0,0.0,True,False,False,True,False,True,False,False,False,True,False,False,True,False,True,False,False,False,False,False,False,False,False
2025-11-26,2025-11-26 00:00:00+09:00,55080,56080,54720,56080,14646050,69500,55400.0,54605.0,55077.5,55342.5,54965.0,4,True,56590.0,0.009094151212553525,0.008794151212553525,0.0005270092348590256,-0.0003513086282398737,0.00017566974133890567,0.0005268241407299226,-0.0007024938820686669,0.0008780402706526396,0.00035137034795794907,0.0007023705293136863,0.001053740877271564,True,False,True,True,False,True,True,False,True,True,False,True,True,False,True,True,False,True,True,False,False,True,False,0.00016670834413865608,-0.0001667083441386511,-0.0010008341118989687,0.0010008341118988922,0.0,0.0,-0.0010008341118989687,0.0010008341118988922,0.0,True,False,False,True,False,False,False,True,False,True,False,False,True,False,False,False,True,False,False,True,False,False,True
2025-11-27,2025-11-27 00:00:00+09:00,56590,57150,56215,56475,12038706,69500,56682.5,56080.0,55400.0,56277.5,55720.0,3,True,56740.0,0.004692341744134465,0.004392341744134465,0.0,0.0003493449817187467,-0.00017465723561993564,-0.0005241548123848699,-0.0006993007277985042,0.00104876779408443,0.00017468774609893828,-0.0001746877460988842,0.0,False,False,False,False,False,True,False,False,False,False,True,False,False,False,True,False,False,False,False,False,False,False,False,-0.0008306338213273384,-0.0001660991615811195,-0.0008309098940875034,-0.00016626486030485663,0.0,0.0011632739159734154,-0.0011630806328999045,0.0009970090556684745,-0.00016607157723134094,False,False,False,False,False,True,False,True,False,False,False,False,False,False,True,False,True,False,False,True,False,False,True
2025-11-28,2025-11-28 00:00:00+09:00,56740,56740,55555,55650,11190217,69500,56147.5,56475.0,56682.5,56062.5,56068.333333333336,0,False,56210.0,0.010062893081761004,0.009762893081761004,-0.00034910106830365726,0.0,-0.0005238802180410947,0.00017465723561997632,-0.00017465723561993564,0.0010474861292971468,-0.0008729812863448423,0.0010474861292971468,0.00017450484295219003,False,False,False,False,False,True,False,True,False,False,False,False,False,False,True,False,True,False,False,True,False,True,True,0.0,-0.001824666675285327,-0.0003320604380503659,-0.00016604400204196275,0.0,0.001990710677327228,-0.001990710677327211,0.001824666675285305,0.0,False,False,False,False,False,True,False,True,False,False,False,False,False,False,True,False,True,False,False,True,False,False,True
2025-12-01,2025-12-01 00:00:00+09:00,56210,56425,55075,55575,9238373,69500,55750.0,55650.0,56147.5,55612.5,55900.0,0,False,55925.0,0.0062977957714800414,0.0059977957714800415,-0.00017545398764200334,0.001052262461176511,0.0008758868914175316,-0.00035032405332886086,0.0,0.0010506041939913687,0.0019279648422213375,0.0007002801406624725,0.0024531289680768255,False,True,True,False,False,True,True,False,True,False,True,True,False,False,True,True,False,True,True,False,False,False,False,-0.0006668889877037677,0.00033350008646598604,0.0004995420968089391,-0.001332667197068368,0.001499125790877611,0.00016643088995728375,0.0011659866399694682,0.0003328894837665535,0.0014988761237359487,False,True,True,False,True,False,True,False,True,False,True,True,False,True,False,True,False,True,True,False,False,False,False
2025-12-02,2025-12-02 00:00:00+09:00,55925,56805,55830,56675,10143207,69500,56317.5,55575.0,55750.0,56125.0,55966.666666666664,4,True,56895.0,0.0038817820908689793,0.0035817820908689794,0.0,0.0,-0.000174261567052511,0.0,-0.0015697221327323307,-0.0003491620147205242,-0.000174261567052511,-0.0019188841474528258,-0.002093145714505215,False,False,False,False,False,False,False,False,False,False,False,False,False,False,False,False,False,False,False,False,False,False,False,0.0,0.0,0.0,-0.00016620959067597244,-0.001663617086400143,-0.00016651402919172032,0.0,-0.0019963407062678733,-0.0019963407062678733,False,False,True,False,False,False,False,False,False,False,False,False,False,False,False,False,False,False,False,False,False,False,False
2025-12-03,2025-12-03 00:00:00+09:00,56895,57610,56595,57295,14608637,69500,57102.5,56675.0,56317.5,56985.0,56515.0,4,True,57005.0,-0.005061523693166925,-0.005361523693166925,-0.00017225045258337056,-0.0005169294506424947,-0.0003447681468386594,0.00034476814683852275,0.0,-0.0010346612407763304,-0.0010339480500645224,-0.0006898930939377307,-0.0017238411440021724,False,False,False,True,False,False,False,False,False,False,False,False,True,False,False,False,False,False,False,False,False,False,False,0.00016546703107163415,-0.00016546703107171625,0.00016546703107163415,0.0,-0.0009932131258460469,0.0,0.00016546703107163415,-0.0009932131258460469,-0.0008277460947743642,True,False,True,False,False,False,True,False,False,False,False,True,False,False,False,False,False,False,False,False,False,False,False
2025-12-04,2025-12-04 00:00:00+09:00,57005,57150,56440,57150,11107435,69500,56795.0,57295.0,57102.5,57222.5,57040.0,3,True,57015.0,-0.0023622047244094,-0.0026622047244094,0.0006903693750206325,0.0006902502431086444,-0.00034506556588080617,0.0003450655658808644,-0.00010350716796380433,-6.901073119606957e-05,0.0005178217082998471,0.00017254766672084192,0.0006903693750206325,True,True,False,True,False,False,True,False,True,True,True,False,True,False,False,True,False,True,True,False,False,False,False,0.0,0.00016519368997667928,0.0,-0.0008263780323183243,0.0,0.0009915717222950275,0.0,0.00016519368997667928,0.00016519368997667928,False,False,True,False,True,True,False,False,True,False,True,False,False,False,True,False,False,False,False,False,False,True,False
2025-12-05,2025-12-05 00:00:00+09:00,57015,58240,56765,58240,14185189,69500,57502.5,57150.0,56795.0,57695.0,57561.666666666664,4,True,58455.0,0.0036916208791208938,0.003391620879120894,-0.0003441748442166385,0.00034417484421671573,-0.0001031867509127862,0.00027514101150333443,-0.0003439380945340516,0.00017198383394351958,0.0004128535116786041,0.00010318675091275672,0.000516040262591375,False,False,False,False,False,False,True,False,False,False,True,False,True,False,False,True,False,False,True,False,False,False,False,-0.00016497566646345147,0.00016497566646331985,-0.00032981530641980924,0.00016492125047691243,0.0,0.0006594131462153741,0.0001649484539822619,0.0008243343966920866,0.0009892828506743126,False,False,False,True,False,False,False,True,True,False,True,False,False,False,True,False,True,True,True,False,False,True,False
2025-12-08,2025-12-08 00:00:00+09:00,58455,59025,57915,59020,12087291,69500,58470.0,58240.0,57502.5,58630.0,58136.666666666664,4,True,58770.0,-0.004235852253473449,-0.004535852253473449,0.0,0.00017148246633802154,0.0,-0.00017148246633813118,0.0005143592055107761,0.0003427592150095535,0.00017148246633802154,0.0006856359541821666,0.0008571184205201938,False,False,True,False,True,False,False,False,True,False,False,False,False,True,False,False,False,True,True,False,False,True,False,0.0,0.0,-0.00016448721149024898,0.0,0.0,0.0001644872114901837,-0.00016448721149024898,0.0001644872114901837,0.0,False,False,False,False,False,False,False,False,False,False,False,False,False,False,False,False,False,False,False,True,False,False,True
2025-12-09,2025-12-09 00:00:00+09:00,58770,59050,58465,58705,7769893,69500,58757.5,59020.0,58470.0,58862.5,58655.0,2,True,58850.0,0.0024699770036624713,0.0021699770036624714,0.0,0.0,-0.00017225045258337056,-0.0005169294506424947,-0.0003447681468386594,0.00034476814683852275,-0.00017225045258337056,-0.0005169294506424947,-0.0006891799032259291,False,False,False,False,False,False,False,False,False,False,False,False,False,False,False,False,False,False,False,False,False,False,False,-0.0009918995688431847,-0.001157120552283917,-0.0013227515156163984,0.0,0.0,0.0011575032296911856,-0.0013227515156163984,0.0011575032296911856,-0.0001652482859250381,False,False,False,False,False,True,False,True,False,False,False,False,False,False,True,False,True,False,False,True,False,False,True
2025-12-10,2025-12-10 00:00:00+09:00,58850,59310,58535,58680,7974892,69500,58922.5,58705.0,58757.5,58692.5,58801.666666666664,0,False,59030.0,0.005964553510565684,0.0056645535105656845,-0.00017216148790045454,0.00017216148790059042,0.0,0.0,0.0,0.0008603631262888024,0.0,0.0008603631262888024,0.0008603631262888024,False,False,True,False,False,False,False,True,True,False,False,False,False,False,True,False,True,True,False,False,False,True,False,-0.0006624710411211407,-0.001159036473819007,0.0,-0.00033118066207653296,0.0014894500064287811,-0.00016538493380952358,0.0004965654326979654,0.0009928844105426577,0.0009928844105426577,False,False,True,False,True,False,True,False,True,False,False,False,False,True,False,True,True,True,True,False,False,True,False
2025-12-11,2025-12-11 00:00:00+09:00,59030,59310,58180,58200,8650999,69500,58745.0,58680.0,58922.5,58440.0,58528.333333333336,0,False,58490.0,0.00498281786941579,0.00468281786941579,0.000173445495188135,0.0005201560585420083,-0.00017335529210445167,0.0,0.00017335529210447392,-0.00121411861241564,0.0005202462616255102,-0.001040763320311211,-0.0005205170586856258,True,True,False,False,True,False,True,False,False,True,True,False,False,True,False,True,False,False,False,False,False,False,False,0.0001658787430195553,0.0001658512318256273,0.0004973887195307093,-0.0013271402080624634,0.0,0.00033195021051703823,0.0008291186943755555,-0.0009951899975454606,-0.0003318400561395587,True,True,True,False,False,False,True,False,False,True,True,True,False,False,False,True,False,False,False,False,False,False,False
2025-12-12,2025-12-12 00:00:00+09:00,58490,59085,58245,58995,9123588,69500,58665.0,58200.0,58745.0,58597.5,58625.0,4,True,57565.0,-0.02423934231714553,-0.02453934231714553,0.0008612523140238412,0.0,0.00034429334132488504,0.00034417484421671573,0.0,0.0,0.0012055456553486893,0.00034417484421671573,0.001549720499565252,True,False,True,True,False,False,True,False,True,True,False,True,True,False,False,True,False,True,True,False,False,False,False,0.0003282455306018437,0.0,-0.00032824553060190823,0.0,0.0,0.0003282455306018437,0.0,0.0003282455306018437,0.0003282455306018437,True,False,False,False,False,False,False,False,True,True,False,False,False,False,False,False,False,False,False,False,False,True,False
2025-12-15,2025-12-15 00:00:00+09:00,57565,58125,57345,57655,11192491,69500,57735.0,58995.0,58665.0,58325.0,58283.333333333336,1,False,57575.0,-0.0013875639580261945,-0.0016875639580261944,0.0007000350303377084,-0.00017496282084703463,0.0,-0.0005250722094907299,0.00017505470504221892,0.00035001750444839803,0.0005250722094907142,0.0,0.0005250722094907142,True,False,True,False,True,False,True,False,False,True,False,False,False,True,False,True,False,False,False,False,False,False,False,0.0003308519467732748,-0.0001654396562629059,0.0,-0.0008274721200324241,0.0,0.0,0.00016543965626291044,-0.0008274721200324241,-0.0006620324637695366,True,False,True,False,False,False,False,False,False,True,False,False,False,False,False,False,False,False,False,False,False,False,False
2025-12-16,2025-12-16 00:00:00+09:00,57575,57770,56360,56400,12221028,69500,57065.0,57655.0,57735.0,57027.5,57683.333333333336,0,False,56630.0,0.004078014184397238,0.0037780141843972385,-0.000710479603598674,0.00035530289945649246,-0.0010662876432352788,0.0003555555593012582,-0.00017776197718123095,0.00035549236065820865,-0.0014214643473775366,0.0005332859427781576,-0.0008881784045993175,False,True,False,True,False,False,False,False,False,False,True,False,True,False,False,False,False,False,False,True,False,False,True,-0.000166958845032585,-0.000501043851818115,-0.00016712626428133263,0.0,-0.0006687845091273399,0.001170079531739895,-0.0011692977194632526,0.0005012950226123533,-0.0006680026968508323,False,False,False,False,False,True,False,False,False,False,False,False,False,False,True,False,False,False,False,True,False,False,True
2025-12-17,2025-12-17 00:00:00+09:00,56630,57510,56330,57490,10160817,69500,56920.0,56400.0,57065.0,56945.0,57181.666666666664,4,True,56575.0,-0.01591581144546883,-0.016215811445468832,0.0007052186469989253,0.0007047216641198318,0.0001761028445161196,0.0007041014196888824,0.0012309858232551353,-0.0007032349094314855,0.0015860431556347797,0.0012318523335125419,0.002817895489147426,True,True,True,True,True,False,True,True,True,True,True,True,True,True,False,True,True,True,True,False,True,False,False,0.0005005422645591629,0.0006670001914784553,0.00016670834413865608,0.0,0.0004999583472194146,0.0,0.0011675424560376464,0.0004999583472194146,0.0016675008032569266,True,True,True,False,True,False,True,False,True,True,True,True,False,True,False,True,False,True,True,False,False,False,False
2025-12-18,2025-12-18 00:00:00+09:00,56575,57240,56360,56820,14319125,69500,56800.0,57490.0,56920.0,57155.0,56903.333333333336,1,False,57655.0,0.014695529743048219,0.014395529743048219,0.0,0.00017865118403918677,0.0,-0.00017865118403929492,-0.0007149240697715864,0.0008935752538107613,0.00017865118403918677,0.0,0.00017865118403918677,False,False,True,False,False,True,False,False,False,False,False,False,False,False,True,False,False,False,False,False,False,False,False,-0.00033687047648873586,-0.00016847780344797508,0.0001684494234589405,0.0,-0.00016844942345908817,0.0001684494234589405,-0.00016842105302963825,0.0,-0.00016842105302963825,False,False,True,False,False,False,False,False,False,False,False,True,False,False,False,False,False,False,False,False,False,False,False
2025-12-19,2025-12-19 00:00:00+09:00,57655,57725,56840,57120,9591822,69500,57282.5,56820.0,56800.0,56970.0,57143.333333333336,2,True,58340.0,0.02135854341736687,0.02105854341736687,0.00035298270751254996,0.0,0.0,-0.0001764757791573762,-0.0001765069283551846,0.00035298270751254996,0.00035298270751254996,0.0,0.00035298270751254996,True,False,False,False,False,False,False,False,False,True,False,False,False,False,False,True,False,False,False,False,False,False,False,0.0005020500481991572,-0.00033467202454271074,0.0,-0.0006696802527189593,0.0005023022290627847,0.00016737802365626278,0.00016737802365626278,0.0,0.00016737802365626278,True,False,False,False,True,False,True,False,True,True,False,False,False,True,False,False,False,False,False,False,False,False,False
2025-12-22,2025-12-22 00:00:00+09:00,58340,58480,58090,58425,10268728,69500,58285.0,57120.0,57282.5,57772.5,57455.0,4,True,58715.0,0.004963628583654289,0.004663628583654289,0.0013915465804373811,0.0,0.0,-0.0008694896643779423,0.0010432969125776675,0.0,0.0013915465804373811,0.00017380724819967392,0.0015653538286372396,True,False,False,False,True,False,True,False,True,True,False,False,False,True,False,True,False,True,True,False,False,False,False,0.00033118066207661807,0.0,-0.00033118066207653296,0.00016560404111711307,0.00016557662095948987,0.0,0.0,0.00033118066207661807,0.00033118066207661807,True,False,False,True,True,False,False,False,True,True,False,False,True,True,False,False,False,True,False,False,False,True,False
2025-12-23,2025-12-23 00:00:00+09:00,58715,59085,58540,58595,10148621,69500,58812.5,58425.0,58285.0,58510.0,58046.666666666664,3,True,58920.0,0.005546548340302104,0.005246548340302104,-0.000521240564316364,0.0008685833951790964,-0.0012162281057897307,0.0008688852749269522,-0.0017385261680680556,0.0010434783555519757,-0.0008688852749270311,0.00017383746241091022,-0.0006950478125161717,False,True,False,True,False,True,False,False,False,False,True,False,True,False,True,False,False,False,False,True,False,False,True,0.0,0.0001650028879249697,0.0,0.0,0.0,-0.0001650028879248964,0.0001650028879249697,-0.0001650028879248964,0.0,False,True,False,False,False,False,False,False,False,False,True,False,False,False,False,False,False,False,False,False,False,False,False
2025-12-24,2025-12-24 00:00:00+09:00,58920,58980,58595,58610,9325111,69500,58787.5,58595.0,58812.5,58602.5,58543.333333333336,2,True,58850.0,0.004094864357618189,0.0037948643576181888,0.0003462603912712153,0.0005191658851577251,0.0,0.0,-0.0005191658851575718,0.0,0.0008654262764289014,-0.0005191658851575718,0.0003462603912712153,False,True,False,False,False,False,True,False,False,True,True,False,False,False,False,True,False,False,False,False,False,False,False,0.0013151407452020355,0.0,0.0,-0.001315140745201917,0.0,0.0,0.0013151407452020355,-0.001315140745201917,0.0,True,False,False,False,False,False,True,False,False,True,False,False,False,False,False,True,False,False,False,False,False,False,False
2025-12-26,2025-12-26 00:00:00+09:00,58850,59415,58815,59110,8018196,69500,59115.0,58610.0,58787.5,58860.0,58771.666666666664,4,True,59640.0,0.008966333953645655,0.008666333953645656,-0.0005866418374844456,-0.00017260723267159054,0.0,-0.00017263703107187156,0.0008628872741805984,0.0,-0.0007592490701560052,0.0006902502431086444,-6.899882704733094e-05,False,False,True,False,True,False,False,True,False,False,False,False,False,True,False,False,False,False,False,True,False,False,True,0.0005893716813803134,-0.0006548788708178622,-0.0006553080182082064,0.0,0.0,0.0004911993549437384,-0.0007208152076456593,0.0011465073731518917,0.00042569216550635876,True,False,False,True,False,True,False,True,True,True,False,False,False,False,False,False,True,True,False,True,False,True,True
2025-12-29,2025-12-29 00:00:00+09:00,59640,60750,59630,60720,12193588,69500,60190.0,59110.0,59115.0,59915.0,59480.0,4,True,60455.0,-0.0043642951251646744,-0.004664295125164674,0.0,-0.000174261567052511,0.0,-0.00034861426185380754,0.00034861426185388186,-0.00017429193943909024,-0.000174261567052511,-0.00017429193943909024,-0.0003485535064914791,False,False,False,False,True,False,False,False,False,False,False,False,False,True,False,False,False,False,False,False,False,False,False,-0.00016527559743432696,0.0004957448668001635,-0.000495744866800076,0.0003305238833592919,-0.0004958268013323,0.0008262414747496887,-0.00016527559743432696,0.0006609385567768349,0.0004956629593424123,False,True,False,True,False,True,False,True,True,False,True,False,True,False,True,False,True,True,False,True,False,True,True
2025-12-30,2025-12-30 00:00:00+09:00,60455,61135,60330,60895,10982224,69500,60732.5,60720.0,60190.0,60807.5,60241.666666666664,4,True,60915.0,0.0003284341899991716,2.8434189999171648e-05,-0.0014000702322011969,0.00017511601480707002,0.0005251641258554302,-0.0013998252504532453,0.0,0.0007001575640481417,-0.0006997900915387793,-0.0006996676864051452,-0.0005247966533460907,False,False,True,False,False,True,False,False,False,False,False,True,False,False,True,False,False,False,False,False,False,False,False,0.0,0.0,0.0,-0.00016579623680526017,0.0,-0.0006634599679427111,0.0,-0.0008292562047478618,-0.0008292562047478618,False,False,False,False,False,False,False,False,False,False,False,False,False,False,False,False,False,False,False,False,False,False,False
2026-01-02,2026-01-02 00:00:00+09:00,60915,62760,60915,62660,10756098,69500,61837.5,60895.0,60732.5,61777.5,61425.0,4,True,63850.0,0.018991382061921414,0.018691382061921412,-0.000527101830705276,0.0005271018307051735,0.0003512469302006317,0.0,0.0005266391765711395,-0.0001755155774580226,0.0003512469302006317,0.0003511235991131635,0.0007023705293136863,False,True,True,False,True,False,False,True,True,False,True,True,False,True,False,True,False,True,True,False,False,False,False,0.00016643088995728375,0.0,-0.0001664308899572456,-0.0006658898198440338,0.0,0.0008322930151693695,0.0,0.00016640319532540299,0.0003328340852826138,False,False,False,False,False,True,False,False,True,False,False,False,False,False,True,False,False,True,False,False,False,True,False
2026-01-05,2026-01-05 00:00:00+09:00,63850,65120,63850,65040,14492680,69500,64485.0,62660.0,61837.5,63850.0,62865.0,4,True,64845.0,-0.002998154981549761,-0.003298154981549761,0.0,0.0,0.00035316970171077235,0.0,-0.00035316970171079626,-0.0007067138103324022,0.00035316970171077235,-0.0010598835120432463,-0.0007067138103324022,False,False,True,False,False,False,False,False,False,False,False,True,False,False,False,True,False,False,False,False,False,False,False,0.0,0.0,0.0,0.0,0.0003333889012375737,-0.0005001250416822429,0.0,-0.00016673614044460206,-0.00016673614044460206,False,False,False,False,True,False,False,False,False,False,False,False,False,True,False,False,False,False,False,False,False,False,False
2026-01-06,2026-01-06 00:00:00+09:00,64845,66225,64075,66210,17793210,69500,65150.0,65040.0,64485.0,65625.0,64636.666666666664,4,True,67020.0,0.012233801540552758,0.011933801540552758,0.0,-0.00017554638858383167,0.00017554638858386512,0.0012281780647270882,0.0,-0.0005261773338973785,0.0,0.0007020007308297848,0.0005264543422460413,False,False,True,True,False,False,False,True,False,False,False,True,True,False,False,False,True,False,False,False,False,True,False,0.0,-0.0001656314703580032,-0.0008285691086341123,0.00016576875296977494,0.00016574127824470734,0.00033140016873301327,-0.0009942005789920715,0.0006629101999474445,-0.0003312903790445818,False,False,False,True,True,False,False,True,False,False,False,False,True,True,False,False,True,False,False,True,False,False,True
2026-01-07,2026-01-07 00:00:00+09:00,67020,67825,65755,66720,17669667,69500,66790.0,66210.0,65150.0,66465.0,65990.0,3,True,66270.0,-0.006744604316546776,-0.007044604316546776,0.00017441353493247874,-0.0001744135349323807,0.0,0.00017441353493247874,0.00017438312015588469,0.0,0.0,0.00034879665508823947,0.00034879665508823947,True,False,False,True,False,False,False,False,False,True,False,False,False,True,False,False,False,False,False,False,False,True,False,0.0001649484539822619,-0.0006597394268654853,-0.0006597394268654853,-0.0006596306307779166,0.0,-0.00016497566646345147,-0.00016497566646345147,-0.0008246062972414201,-0.00016497566646345147,False,False,False,False,False,False,False,False,False,False,False,False,False,False,False,False,False,False,False,False,False,False,False
2026-01-08,2026-01-08 00:00:00+09:00,66270,68010,66235,66620,12739585,69500,67122.5,66720.0,66790.0,66670.0,66516.66666666667,2,True,66335.0,-0.0042779945962173604,-0.00457799459621736,-0.00017474879904669178,0.0,-0.00034958923621201016,-0.0012245256493810548,-0.0010507881877544856,-0.0005258084425761949,-0.000524338035258654,-0.0028011222797116675,-0.0033254603149704036,False,False,False,False,False,False,False,False,False,False,False,False,False,False,False,False,False,False,False,False,False,False,False,-0.0013260403070205432,-0.00016587874301944282,-0.0003315100312144113,-0.001991371384925287,0.00016609916158116184,0.00033211557927325877,-0.0008285691086341123,-0.001493156644070933,-0.002321725752705137,False,False,False,False,True,True,False,False,False,False,False,False,False,True,False,False,False,False,False,False,False,False,False
2026-01-09,2026-01-09 00:00:00+09:00,66335,67395,65810,67180,13826159,69500,66602.5,66620.0,67122.5,66900.0,66840.0,4,True,68035.0,0.012727002083953609,0.01242700208395361,-0.0003503854275510793,-0.00017523876326277092,0.00017523876326285256,0.0007006481281547965,0.0,-0.00017511601480696824,-0.0003503854275510793,0.0005255321133477886,0.00017514668579682085,False,False,True,True,False,False,False,True,False,False,False,True,True,False,False,False,False,False,False,True,False,True,True,-0.0011586527821089252,0.0009932131258461483,-0.0004964832538889782,-0.00016554920988059887,0.0,0.0,-0.0006619229101517592,-0.00016554920988059887,-0.0008274721200324241,False,True,False,False,False,False,False,False,False,False,True,False,False,False,False,False,False,False,False,False,False,False,False
2026-01-12,2026-01-12 00:00:00+09:00,68035,68195,66810,67610,13454910,69500,67502.5,67180.0,66602.5,67395.0,67136.66666666667,3,True,68150.0,0.007986984173938838,0.007686984173938838,-0.0006999125395087942,-0.0001750547050421703,0.0007000350303377084,0.0008751203848951992,-0.00017496282084703463,0.0005247966533460965,-0.00017493221421321597,0.0012249542173941904,0.00017490161828578174,False,False,True,True,False,True,False,True,False,False,False,True,True,False,True,False,True,False,False,True,False,True,True,-0.0006620324637695366,-0.0006618133927861014,0.0003307972243199398,-0.0004962368805826762,0.0,0.00016543965626291044,0.0004962368805826375,-0.00033079722431982684,0.00016543965626291044,False,False,True,False,False,False,True,False,False,False,False,True,False,False,False,True,False,False,False,False,False,False,False
2026-01-13,2026-01-13 00:00:00+09:00,68150,68525,67685,68465,13474255,69500,68105.0,67610.0,67502.5,68037.5,67751.66666666667,4,True,68325.0,-0.002044840429416439,-0.002344840429416439,0.0,0.0,0.0,0.00017365633455117998,0.00017362618326452952,0.0008676790132225019,0.0,0.0012149615310381298,0.0012149615310381298,False,False,False,False,False,True,False,True,True,False,False,False,False,True,True,False,True,True,False,False,False,True,False,-0.0003287851418734829,0.0008217602566145347,0.0,-0.0003286230722969359,0.00016432503528888658,0.0003285690846054731,0.0004929751147409076,0.00016427104759735475,0.0006572461623382202,False,True,False,False,True,False,True,False,True,False,True,True,False,True,False,True,False,True,True,False,False,False,False
2026-01-14,2026-01-14 00:00:00+09:00,68325,68905,68180,68840,11019346,69500,68542.5,68465.0,68105.0,68652.5,68305.0,4,True,68600.0,-0.0034863451481697005,-0.0037863451481697005,-0.0005213311439650464,-0.0003477051495392751,-0.00017389792235807772,-0.00034788659248055,0.0,0.0005217845148386374,-0.0010429342158623117,0.00017389792235815955,-0.0008690362935042673,False,False,False,False,False,True,False,False,False,False,False,False,False,False,False,False,False,False,False,True,False,False,True,-0.0001647310768900685,-0.00016475821768874193,-0.0008241985136475948,-0.00016492125047690693,0.0,0.0,-0.0011536878082264537,-0.00016492125047690693,-0.0013186090587033045,False,False,False,False,False,False,False,False,False,False,False,False,False,False,False,False,False,False,False,False,False,False,False
2026-01-15,2026-01-15 00:00:00+09:00,68600,70015,68535,70015,10321910,69500,69275.0,68840.0,68542.5,69427.5,69106.66666666667,4,True,70245.0,0.0032850103549240117,0.002985010354924012,0.0005261773338973572,0.0005259006169064986,-0.0008766547418634726,-0.00017542320894035391,0.0024531289680768255,0.0010495015831252018,0.00017542320894027986,0.0033272073422617584,0.0035026305512020745,True,True,False,False,True,True,False,True,True,True,True,False,False,True,True,False,True,True,True,False,False,True,False,0.00016524828592497253,0.0004955810789459827,-0.0004956629593424484,0.0,0.000991080358625783,0.0004951720824129466,0.0,0.0014862524410386502,0.0014862524410386502,False,True,False,True,True,True,False,True,True,True,True,False,False,True,False,False,True,True,False,False,False,True,False
2026-01-16,2026-01-16 00:00:00+09:00,70245,71100,70015,70755,16458718,69500,70557.5,70015.0,69275.0,70385.0,69870.0,4,True,70570.0,-0.002614656208041799,-0.002914656208041799,-0.00017423120524956746,-0.000174261567052511,0.0,-0.00034861426185380754,0.0,0.0005228758289062747,-0.0003484927723019569,0.0001742615670525221,-0.00017423120524956746,False,False,False,False,False,True,False,False,False,False,False,False,False,False,False,False,False,False,False,True,False,False,True,0.0001644601598970853,0.0003290556133673487,-0.0006581112445491904,0.0,-0.00032921810996945226,0.0,-0.0006581112445491904,-0.00032921810996945226,-0.0009873293545185756,False,True,False,True,False,False,False,False,False,False,True,False,False,False,False,False,False,False,False,False,False,False,False
2026-01-19,2026-01-19 00:00:00+09:00,70570,72065,70500,71780,12430232,69500,71282.5,70755.0,70557.5,71267.5,70850.0,4,True,71630.0,-0.002089718584563971,-0.002389718584563971,-0.0001768502966851806,-0.00017688157824487935,-0.00035385704544742724,0.00017694417457484243,0.0,-0.00017694417457475144,-0.0007075889203775159,0.0,-0.0007075889203775159,False,False,False,True,False,False,False,False,False,False,False,False,False,False,False,False,False,False,False,False,False,False,False,0.0,0.0,-0.0003327233436118544,-0.00016637550990878812,-0.0003328340852826127,0.0,-0.0003327233436118544,-0.0004992095951913912,-0.000665557428894454,False,False,False,False,False,False,False,False,False,False,False,False,False,False,False,False,False,False,False,False,False,False,False
2026-01-20,2026-01-20 00:00:00+09:00,71630,72080,70400,71190,16270502,69500,71240.0,71780.0,71282.5,71485.0,71241.66666666667,0,False,69900.0,-0.018120522545301276,-0.018420522545301278,-0.0001769128708727742,-0.00017694417457475144,-0.00035398230458122024,-0.0012399257633205472,-0.0012412449505692777,-0.0014204547842911123,-0.0007078393500287129,-0.0037243990909824397,-0.004432238441011128,False,False,False,False,False,False,False,False,False,False,False,False,False,False,False,False,False,False,False,False,False,False,False,-0.00016668055709894,-0.0001667083441386511,-0.00016673614044460206,-0.0005003752919012001,-0.0006675567671134715,-0.000835073117421507,-0.0005001250416822429,-0.0020030051764362016,-0.002503130218118477,False,False,False,False,False,False,False,False,False,False,False,False,False,False,False,False,False,False,False,False,False,False,False
2026-01-21,2026-01-21 00:00:00+09:00,69900,71935,69840,71755,16073534,69500,70887.5,71190.0,71240.0,71472.5,71575.0,4,True,73135.0,0.019232109260678643,0.01893210926067864,0.00017823723423005295,0.0,-0.0005348070365459404,0.0,0.0008911862277733478,0.0,-0.0003565698023159898,0.0008911862277733478,0.0005346164254572651,True,False,False,False,True,False,False,True,True,True,False,False,False,True,False,False,True,True,False,True,False,True,True,0.000503820650509406,0.0,0.0,-0.00016794021367877562,-0.0005039899308696764,0.000503989930869675,0.00033590863601031223,-0.00016794021367877562,0.0001679684223315581,True,False,True,False,False,True,True,False,True,True,False,True,False,False,True,True,False,False,False,False,False,False,False
2026-01-22,2026-01-22 00:00:00+09:00,73135,73720,72275,72530,17632701,69500,72997.5,71755.0,70887.5,72142.5,71825.0,3,True,73005.0,0.006549014201020276,0.006249014201020276,0.0003516174438478038,-0.0008792755336560913,-0.0003519268028580348,-0.000528122536700658,-0.0005284015974992102,0.0003525471568331744,-0.0008795848926664296,-0.0014089470453366106,-0.002288531938003038,True,False,False,False,False,False,False,False,False,True,False,False,False,False,False,False,False,False,False,False,False,False,False,-0.0008307718347721236,-0.00016623722089649854,-0.0004987945901070692,0.0,-0.0008317392145464835,-0.0001664308899572456,-0.0013295664248791149,-0.0008318775955980226,-0.0021614440204771623,False,False,False,True,False,False,False,False,False,False,False,False,False,False,False,False,False,False,False,False,False,False,False
2026-01-23,2026-01-23 00:00:00+09:00,73005,73600,72110,73025,14908170,69500,72855.0,72530.0,72997.5,72777.5,72436.66666666667,4,True,73140.0,0.0015748031496063408,0.001274803149606341,-0.00034952814057349126,-0.000699423004557521,0.0,0.0013983571584691948,0.00017465723561997632,0.0,-0.0010489511451310261,0.0015730143940891124,0.0005240632489580518,False,False,False,True,True,False,False,True,True,False,False,False,True,True,False,False,True,False,False,True,False,True,True,0.0,0.0,-6.616819958737684e-05,0.0008267879759939956,-0.0004959907516742136,0.0004959907516742193,0.0003309066873344625,0.0008267879759939956,0.0011576946633286257,False,False,False,True,False,True,True,True,True,False,False,False,True,False,True,True,True,True,True,False,False,True,False
2026-01-26,2026-01-26 00:00:00+09:00,73140,73605,72240,72305,14355836,69500,72922.5,73025.0,72855.0,72665.0,72620.0,0,False,72070.0,-0.003250121015144214,-0.003550121015144214,0.0005252560744065715,0.0,-0.0003501400595996292,0.0007001575640481417,-0.0001749934381926535,0.0008746611245978074,0.00017511601480707002,0.0013998252504533286,0.0015749412652603246,True,True,False,True,False,True,True,True,True,True,False,False,True,False,True,False,True,True,True,False,False,True,False,0.0,-0.0009963468110848865,0.00033222591667709297,0.0003321707388125197,0.0004980493171765963,0.0,0.00016609916158116184,0.0008302200559890558,0.0008302200559890558,False,False,True,True,True,False,True,True,True,False,False,True,True,True,False,True,True,True,True,False,False,True,False
2026-01-27,2026-01-27 00:00:00+09:00,72070,74830,71420,74775,13660438,69500,73125.0,72305.0,72922.5,73540.0,73368.33333333333,4,True,75650.0,0.011701771982614462,0.011401771982614462,0.00017305529159733748,0.00034602076469805097,0.000518806756124439,0.0006913239127738626,0.00017275632763018444,0.00017272648803626868,0.0010378828124200214,0.0010368067284403084,0.002074689540860297,True,True,True,True,False,False,True,True,True,True,True,True,True,True,False,True,True,True,True,False,True,False,False,0.0009870045216464208,0.0,-0.0003288932770972867,0.0004932993604925775,-0.0001644060833954118,0.0,0.0006581112445493242,0.0003288932770973625,0.0009870045216464208,True,False,False,True,False,False,True,True,True,True,False,False,True,False,False,True,False,True,True,False,False,False,False
2026-01-28,2026-01-28 00:00:00+09:00,75650,76500,75330,76175,13993663,69500,75915.0,74775.0,73125.0,75475.0,74418.33333333333,4,True,77195.0,0.013390219888414823,0.013090219888414823,0.00034270048313468865,-0.00017133556111472727,0.000171335561114773,0.0022246950221111086,0.0003418219141128381,-0.0003418219141127127,0.00034270048313468865,0.0022246950221111086,0.0025673955052457334,True,False,False,True,True,False,True,True,True,True,False,True,True,True,False,True,True,True,True,False,False,True,False,0.0009826401052720158,0.0003273322451486459,0.0,-0.000654771671780755,0.0006547716717806734,-0.000327332245148564,0.0013099723504205892,-0.000327332245148564,0.0009826401052720158,True,True,True,False,True,False,True,False,True,True,True,True,False,True,False,True,False,True,False,False,False,False,False
2026-01-29,2026-01-29 00:00:00+09:00,77195,77585,74585,77035,21702202,69500,76085.0,76175.0,75915.0,76605.0,75995.0,3,True,76485.0,-0.007139611864736772,-0.007439611864736772,0.0005144474090994605,0.0,0.0005141828890385697,0.000171335561114773,0.0001713062102689966,0.0005137426262493428,0.0010286302981382426,0.0008563843976331552,0.0018850146957714257,True,True,True,False,False,False,True,False,True,True,False,True,False,False,False,True,True,True,True,False,True,False,False,-0.0004922471179878253,0.0001639747482562478,-0.0003279763886401772,-0.00016402854133391138,0.00016402854133386143,-0.00016402854133391138,0.00016402854133386143,-0.00016402854133391138,0.0,False,True,False,False,False,False,False,False,False,False,True,False,False,True,False,False,False,False,False,False,False,False,False
2026-01-30,2026-01-30 00:00:00+09:00,76485,78740,76460,77305,16021987,69500,77600.0,77035.0,76085.0,77170.0,76838.33333333333,4,True,75680.0,-0.021020632559342833,-0.021320632559342835,0.0,-0.00017389792235807772,-0.0005218752836545543,-0.0010443865179062734,-0.0012198311175381988,0.0,-0.0006957732060126086,-0.002264217635444425,-0.0027860021502831376,False,False,False,False,False,False,False,False,False,False,False,False,False,False,False,False,False,False,False,False,False,False,False,0.0,-0.0004958268013323,-0.001323407968172993,0.0004964832538889885,-0.0009932131258460469,-0.0003312903790445818,-0.0018192347695053404,-0.0008280202510017448,-0.0026472550205070074,False,False,False,True,False,False,False,False,False,False,False,False,True,False,False,False,False,False,False,False,False,False,False
2026-02-02,2026-02-02 00:00:00+09:00,75680,76705,72590,72700,27331588,69500,74647.5,77305.0,77600.0,75002.5,75680.0,0,False,75450.0,0.03782668500687758,0.03752668500687758,-0.0007117438022881842,-0.0001780151317562941,0.0,-0.0010685664418374106,-0.0008913450986790453,0.0013541928586704494,-0.0007117438022881842,-0.0003560619585418899,-0.0010678057608301005,False,False,False,False,False,True,False,False,False,False,False,False,False,False,True,False,False,False,False,False,False,False,False,-0.00033428046441986943,0.0,0.00016723806377301912,-0.0006691201320242076,-0.0010045204260054762,0.0011718424376063298,-0.0006686727096356982,-0.0005017981204232282,-0.0011704708300590372,False,False,True,False,False,True,False,False,False,False,False,True,False,False,True,False,False,False,False,False,False,False,False
2026-02-03,2026-02-03 00:00:00+09:00,75450,78290,75280,78290,15709267,69500,76785.0,72700.0,74647.5,75495.0,76098.33333333333,4,True,77635.0,-0.008366330310384473,-0.008666330310384473,0.0003463203497816656,0.00034620045351847913,6.92376930278022e-05,-0.00024235290163114682,0.00034620045351847913,0.0,0.0005886732514128647,0.00010384755188731113,0.0006925208033001981,True,True,True,False,True,False,True,False,True,True,True,True,False,True,False,True,False,True,True,False,False,False,False,0.00016394786494637975,0.00016392099044973692,0.00016389412476254593,-0.000983767910132727,0.000328030181717814,0.00032792261320255364,0.0004917629801586684,-0.0003278151152122907,0.00016394786494637975,True,True,True,False,True,False,True,False,False,False,True,True,False,True,False,True,False,False,False,False,True,False,False
2026-02-04,2026-02-04 00:00:00+09:00,77635,79550,77265,79385,19180981,69500,78407.5,78290.0,76785.0,78837.5,76791.66666666667,4,True,77150.0,-0.02815393336272598,-0.028453933362725982,-0.000530457089620036,0.0003536693228730917,-0.0003536693228730169,0.0007072136079767403,0.0005300821751474413,0.0,-0.000530457089620036,0.0014139274183092737,0.0008834703286891539,False,True,False,True,True,False,False,True,True,False,True,False,True,True,False,False,True,True,False,True,False,True,True,-0.00033134526479424125,0.0003312903790446546,-0.0001656314703580032,-0.00016565890868667623,0.0,0.0009935420588777356,0.0,0.0008278831501912045,0.0008278831501912045,False,True,False,False,False,True,False,True,True,False,True,False,False,False,True,False,True,True,False,False,False,True,False
2026-02-05,2026-02-05 00:00:00+09:00,77150,78170,75625,76010,23642888,69500,76897.5,79385.0,78407.5,77697.5,77895.0,0,False,73650.0,-0.031048546243915287,-0.03134854624391529,0.001978951801726403,-0.0001797429680402919,-0.0012591062010587797,0.0008995233133296134,0.0008987148982720303,-0.00017967837619089217,0.0005401026326272676,0.0016185598354108027,0.0021586624680381065,True,False,False,True,True,False,True,True,True,True,False,False,True,True,False,True,True,True,True,False,False,True,False,0.001501627044492081,-0.0005002918473397675,0.00016679176087369875,-0.0003336113458798256,0.0,0.001000500333583622,0.0011681269580258885,0.0006668889877037743,0.0018350159457296321,True,False,True,False,False,True,True,True,True,True,False,True,False,False,True,True,True,True,True,False,False,False,False
2026-02-06,2026-02-06 00:00:00+09:00,73650,75655,72105,75195,23275183,69500,73880.0,76010.0,76897.5,75602.5,76863.33333333333,1,False,78365.0,0.04215705831504746,0.041857058315047456,0.002384665901223011,0.00018320051347390972,0.0010984988288813215,0.0,0.00036589828436028865,0.0007313951688266372,0.003666365243578053,0.00109729345318707,0.004763658696765007,True,True,True,False,True,True,True,False,True,True,False,True,False,True,True,True,True,True,True,False,True,False,False,0.0027095698203257624,0.0005072280098604675,0.001690617477907452,-0.000675904047360997,0.0005069708600345263,0.0006755615862400682,0.003892701877547331,0.000506628398913756,0.004399330276460955,True,True,True,False,True,True,True,True,True,True,True,True,False,True,True,True,True,True,True,False,True,False,False
2026-02-09,2026-02-09 00:00:00+09:00,78365,78940,78000,78340,17295874,69500,78470.0,75195.0,73880.0,76767.5,76515.0,3,True,79300.0,0.01225427623181008,0.01195427623181008,0.0008918220514392635,-0.001427297298504635,0.000713903296427922,-0.0014280616493347125,0.00017861927349439703,-0.0008934155869882912,0.0001784280493627018,-0.0021428579628285345,-0.001786033694992637,True,False,True,False,False,False,True,False,False,True,False,True,False,True,False,False,False,False,False,False,False,False,False,0.0,0.0,0.0,0.0,-0.0014887108861458957,-0.00033107101775670415,0.0,-0.001654260096026465,-0.001654260096026465,False,False,False,True,False,False,False,False,False,False,False,True,False,False,False,False,False,False,False,False,False,False,False
2026-02-10,2026-02-10 00:00:00+09:00,79300,79535,78355,78435,14716930,69500,78945.0,78340.0,78470.0,78387.5,77323.33333333333,2,True,78225.0,-0.0026773761713521083,-0.002977376171352108,0.001419950540321853,-0.0005322452001812371,0.00035486160769830627,-0.00017741506300417484,-0.0012427875545442523,0.00017763566970948927,0.0012425669478390489,-0.0012425669478389688,0.0,True,False,True,False,False,False,True,False,False,True,False,True,False,False,False,True,False,False,False,False,False,False,False,0.0004945190902722592,0.00032954358512109737,0.0003294350219218139,-0.00016470394503178748,-0.0006590871881361862,0.0,0.001153497697315258,-0.0008237911331680275,0.00032970656414734096,True,True,True,False,False,False,True,False,False,True,True,True,False,False,False,True,False,True,False,False,False,False,False
2026-02-11,2026-02-11 00:00:00+09:00,78225,79585,77625,79115,12643109,69500,78605.0,78435.0,78945.0,78775.0,78630.0,4,True,80265.0,0.014535802313088597,0.014235802313088597,-0.0007112375833250059,-0.0003558085787404167,0.0,0.0012447765455423237,-0.0012447765455422775,0.0,-0.0010670461620654538,0.0,-0.0010670461620654538,False,False,False,True,False,False,False,False,False,False,False,False,True,False,False,False,False,False,False,False,False,False,False,0.0,-0.0004946821767957136,-0.0004949270083705408,0.0003299785543882518,-0.000990099090783464,0.0001650846062354228,-0.0009896091851662782,-0.00033008747617756224,-0.0013196966613438393,False,False,False,True,False,False,False,False,False,False,False,False,True,False,False,False,False,False,False,False,False,False,False
2026-02-12,2026-02-12 00:00:00+09:00,80265,81985,79930,81975,19692365,69500,80957.5,79115.0,78605.0,80545.0,79841.66666666667,4,True,81785.0,-0.0023177798109179637,-0.0026177798109179636,0.00017763566970948927,0.0,0.0,-0.000888494061115167,0.00017776197718133194,0.0003554291844774232,0.00017763566970948927,-0.0003553028994564061,-0.0001776672297469138,False,True,False,False,False,True,False,False,False,False,False,False,False,True,False,False,False,False,False,False,False,False,False,0.0,0.00016483969377138652,-0.001154448878937742,-0.00033008747617756224,0.00033008747617758284,0.0006598482588475243,-0.0009896091851662782,0.0006598482588475243,-0.0003297609263188673,False,True,False,False,True,True,False,True,False,False,True,False,False,True,True,False,True,False,False,True,False,False,True
2026-02-13,2026-02-13 00:00:00+09:00,81785,83120,81350,81860,18091482,69500,82235.0,81975.0,80957.5,81917.5,80983.33333333333,3,True,83910.0,0.02504275592474947,0.02474275592474947,0.0005462988390441544,0.0,-0.0005462988390441257,0.0005462988390441544,0.00018203331259878297,-0.0014571951576706711,0.0,-0.00072886300602779,-0.00072886300602779,True,True,False,False,True,False,False,False,False,True,False,False,True,True,False,False,False,False,False,False,False,False,False,0.0001683076668115135,-0.0005050080066927344,-0.0011781538011771178,0.00016842105302973987,0.0008416800429555669,-0.0008416800429554835,-0.0005050930320363157,0.00016842105302973987,-0.0005050930320363157,True,False,False,True,True,False,False,False,False,True,False,False,True,True,False,False,False,False,False,True,False,False,True
2026-02-19,2026-02-19 00:00:00+09:00,83910,84530,83412,84390,19298748,69500,83971.0,81860.0,82235.0,83125.0,82741.66666666667,4,True,84575.0,0.0021922028676384375,0.0018922028676384376,0.0009001710932808242,0.00035984167354813785,0.00017987229115853034,-0.0007196833703936268,0.0,0.00017996940568691533,0.0014398850579875444,-0.0005397139647068265,0.0009001710932808242,True,True,True,False,False,True,True,False,True,True,True,True,False,False,False,True,False,True,False,False,False,False,False,0.0005005422645591629,0.00033355570689512585,0.00016673614044466795,0.0,-0.0005003752919012001,0.0005003752919012798,0.0010008341118988922,0.0,0.0008340979714544138,True,True,True,False,False,True,True,False,True,True,True,True,False,False,True,True,False,True,False,False,False,False,False
2026-02-20,2026-02-20 00:00:00+09:00,84575,86430,84415,86300,16572303,69500,85422.5,84390.0,83971.0,85345.0,84183.33333333333,4,True,88025.0,0.019988412514484466,0.019688412514484464,0.00036068530598416516,0.0,0.0,0.0007209805647568786,-0.0003604253057579828,0.0005405892554389848,0.00036068530598416516,0.0009011445144379265,0.0012618298204221654,False,False,False,True,False,True,False,False,True,True,False,False,True,False,True,True,True,True,True,False,False,True,False,0.0001667639460213877,-0.0003335000864661045,0.0,0.0005002084306048604,-0.0006670001914785149,0.0006670001914784553,0.0,0.0005002084306048604,0.0005002084306048604,False,False,False,True,False,True,False,True,False,True,False,False,True,False,True,False,True,True,False,False,False,True,False
2026-02-23,2026-02-23 00:00:00+09:00,88025,88475,86160,86940,20224734,69500,87317.5,86300.0,85422.5,86620.0,85876.66666666667,3,True,87025.0,0.0009776857602945555,0.0006776857602945555,0.0003619909541792147,0.0,0.0,0.0005427408545711279,-0.000542740854571079,0.0009044045113161734,0.0003619909541792147,0.0009044045113161734,0.001266395465495209,False,False,False,False,False,True,False,False,True,True,False,False,True,False,True,True,True,True,True,False,False,True,False,0.000334616031229938,0.0,0.0,-0.0006693440678280617,0.0005020500481991572,0.0,0.000334616031229938,-0.0001672940196289879,0.00016732201160094822,False,False,False,False,True,False,False,False,False,True,False,False,False,True,False,True,False,False,False,False,False,False,False
2026-02-24,2026-02-24 00:00:00+09:00,87025,89150,85905,89085,19422609,69500,87527.5,86940.0,87317.5,88012.5,87441.66666666667,4,True,89860.0,0.008699556603244174,0.008399556603244174,0.0001808808904272097,-0.0012668538478331941,-0.000362187617142969,0.0009052231993172774,0.0003618599641439792,-0.0005428390615522205,-0.0012670831634611999,0.0007242441019089448,-0.0005428390615522205,False,False,False,True,True,False,False,False,False,False,False,False,True,True,False,False,True,False,False,True,False,False,True,-0.001675042267694955,0.00016763054267744684,0.0006702413119540139,0.0,-0.0003350645030510007,-0.00016757436151490252,-0.0008371704130636586,-0.0005026388645658936,-0.0013398092776295693,False,True,True,False,False,False,False,False,False,False,True,True,False,False,False,False,False,False,False,False,False,False,False
2026-02-25,2026-02-25 00:00:00+09:00,89860,91850,89275,90890,26181980,69500,90562.5,89085.0,87527.5,89987.5,88971.66666666667,4,True,91555.0,0.007316536472659285,0.007016536472659285,-0.0005383580210780361,0.0008971024195443382,-0.0005381648708234109,-0.0005384546482067053,0.0,-0.0001795493316610763,-0.00017942047235712595,-0.0007180039798677497,-0.0008974244522249543,False,True,False,False,False,False,False,False,False,False,True,False,False,False,False,False,False,False,False,False,False,False,False,0.0,0.00016648630688578046,-0.00016648630688585983,-0.0008328475537627657,0.0001666250107995859,0.0008327088498490183,-0.00016648630688585983,0.00016648630688578046,0.0,False,True,False,False,False,True,False,False,False,False,True,False,False,True,True,False,False,False,False,True,False,False,True
2026-02-26,2026-02-26 00:00:00+09:00,91555,95095,91325,95025,24723198,69500,93210.0,90890.0,90562.5,92957.5,91666.66666666667,4,True,92990.0,-0.021415416995527514,-0.021715416995527516,0.0,0.0003552397905919395,0.0,0.00017757258325979729,0.00035505059843947916,0.00017747803755881222,0.0003552397905919395,0.0007101012192580801,0.001065341009850129,False,True,False,False,True,False,False,False,False,False,True,False,False,True,False,True,True,True,True,False,False,True,False,0.0,0.0004968121324344701,-0.00033118066207653296,0.000496729871957064,0.0,0.0006619229101517175,0.0001656314703578788,0.0011586527821088354,0.0013242842524669532,False,True,False,True,False,True,False,True,True,False,True,False,True,False,True,True,True,True,True,False,False,True,False
2026-02-27,2026-02-27 00:00:00+09:00,92990,95720,92480,94120,32570375,69500,94100.0,95025.0,93210.0,94572.5,93345.0,3,True,92035.0,-0.022152571185720338,-0.02245257118572034,0.0005383580210781283,0.0,-0.00017942047235712595,-0.0003589375487208708,-0.0012572969774819942,0.00017971066631165358,0.00035893754872078667,-0.0014365238598911497,-0.0010775863111702484,True,False,False,False,False,False,False,False,False,True,False,False,False,False,False,True,False,False,False,False,False,False,False,-0.00016662501079957938,-0.00016662501079957938,-0.0003333333364197721,0.0008331251002594722,-0.0013333335308642164,0.0,-0.0004999583472193385,-0.0005002084306047457,-0.001000166777824119,False,False,False,True,False,False,False,False,False,False,False,False,True,False,False,False,False,False,False,False,False,False,False
2026-03-03,2026-03-03 00:00:00+09:00,92035,92790,86705,86705,39338166,69500,89747.5,94120.0,94100.0,90412.5,91950.0,0,False,83280.0,-0.03950175883743734,-0.03980175883743734,-0.0012682309879951648,-0.00018130722558957422,-0.0001813401038608496,-0.0009071941110255713,-0.0005447117701639572,0.002177069074678732,-0.0016308783174454635,0.0007251631934892525,-0.0009057151239561722,False,False,False,False,False,True,False,False,False,False,False,False,False,False,True,False,True,False,False,True,False,False,True,-0.0011767673880456288,-0.0001681944331608131,0.00016836434083050052,-0.0005047531023292011,0.0,0.0005047531023293515,-0.002018164156237236,0.0,-0.0011767673880456288,False,False,True,False,False,False,False,False,False,False,False,True,False,False,True,False,False,False,False,False,False,False,False
2026-03-04,2026-03-04 00:00:00+09:00,83280,85100,75735,75900,70124750,69500,80417.5,86705.0,89747.5,81302.5,85575.0,0,False,84015.0,0.10691699604743077,0.10661699604743077,-0.0005495008838699018,0.0038401802701319666,-0.0016439861223888064,-0.002379428229794972,-0.0012835795289422188,0.000733675748244009,0.0016466932638732623,-0.002929332010493046,-0.0012826387466199037,False,True,False,False,False,True,True,False,False,False,True,False,False,False,True,True,False,False,False,False,False,False,False,0.0005087764037502004,0.0003390405185893197,-0.0003389256090738703,-0.0013568523112899083,-0.0003395009368885229,0.0005092081922809708,0.0008478169223395802,-0.0011871450558975107,-0.0003393281335579598,True,True,False,False,False,False,True,False,False,True,True,False,False,False,True,True,False,False,False,False,False,False,False
2026-03-05,2026-03-05 00:00:00+09:00,84015,86700,82175,83570,43909100,69500,84437.5,75900.0,80417.5,79735.0,82058.33333333333,3,True,81755.0,-0.021718319971281597,-0.0220183199712816,0.0,-0.0005381648708234109,0.00035880875878326236,-0.0016156542424834509,-0.0005391320105429027,0.0,-0.00017935611204025244,-0.002154786253026337,-0.0023341423650665885,False,False,True,False,False,False,False,False,False,False,False,True,False,False,False,False,False,False,False,False,False,False,False,0.0001676867615231192,-0.0006709158252336343,-0.00033562678616790037,-0.0005036514838271282,0.0008392782699949171,0.0,-0.0008388558498783187,0.0003356267861678604,-0.0005032290637105068,False,False,False,False,True,False,False,True,False,True,False,False,False,True,False,False,True,False,False,True,False,False,True
2026-03-06,2026-03-06 00:00:00+09:00,81755,83800,80250,83560,25625903,69500,82025.0,83570.0,84437.5,83565.0,81010.0,2,True,77625.0,-0.07102680708472953,-0.07132680708472952,0.0,0.0,0.0,0.0008945344544973924,-0.0008945344544974391,0.00017897091770374769,0.0,0.00017897091770374769,0.00017897091770374769,False,False,False,True,False,False,False,False,False,False,False,False,True,False,False,False,False,False,False,False,False,True,False,0.0003356267861678604,-0.000671366255495828,0.0,0.0015117160853219392,-0.0020161297151845485,0.0018482740706445362,-0.0015117160853219673,0.001343860440781711,-0.00016785564454015748,True,False,False,True,False,True,False,True,False,True,False,False,True,False,True,False,True,False,False,True,False,False,True
2026-03-09,2026-03-09 00:00:00+09:00,77625,78955,75595,78230,32610066,69500,77275.0,83560.0,82025.0,80895.0,81786.66666666667,1,False,82700.0,0.0571392049086028,0.0568392049086028,-0.0013007527616789925,0.001486436542734152,0.0009279020801245802,0.0007417022405662503,0.002221811689769902,0.0,0.0011135858611798202,0.0029635139303361316,0.004077099791516012,False,True,True,True,True,False,True,True,True,False,True,True,True,True,False,True,True,True,True,False,False,True,False,-0.00034674064147675464,0.0013862417745816496,0.0003462603912712153,-0.0003462603912712783,0.0008654262764289014,0.0005188964917951671,0.001385761524376155,0.0010380623769527127,0.002423823901328855,False,True,True,False,True,False,True,True,True,False,True,True,False,True,True,True,True,True,True,False,False,False,False
2026-03-10,2026-03-10 00:00:00+09:00,82700,83990,81025,82900,22322816,69500,82507.5,78230.0,77275.0,80565.0,81563.33333333333,4,True,84950.0,0.024728588661037332,0.02442858866103733,0.0,0.0007209805647568786,0.0001801639496810937,-0.0007208506349268036,-0.0003604253057579828,0.0005405892554389848,0.0009011445144379265,0.0,0.0009011445144379265,False,True,True,False,False,True,True,False,True,False,True,True,False,False,True,True,False,True,False,False,False,False,False,0.0,-0.00016947716335792654,0.0001694771633579958,0.0006776215742938525,-0.0008470987376518866,0.0003389256090740075,0.0,0.00016944844571594247,0.00016944844571594247,False,False,True,True,False,False,False,False,False,False,False,True,True,False,False,False,False,False,False,False,False,True,False
2026-03-11,2026-03-11 00:00:00+09:00,84950,86085,83045,83825,20831097,69500,84565.0,82900.0,82507.5,83362.5,81651.66666666667,3,True,83065.0,-0.009066507605129726,-0.009366507605129725,0.0,-0.0017940442558597848,-0.0005388415038324738,0.0005388415038324336,0.0,0.0,-0.002332885759692283,0.0005388415038324336,-0.0017940442558597848,False,False,False,False,False,False,False,False,False,False,False,False,True,False,False,False,False,False,False,True,False,False,True,0.0,-0.0003377807834852027,0.0,-0.0008449514655642472,0.0,0.0,-0.0003377807834852027,-0.0008449514655642472,-0.0011827322490493785,False,False,False,False,False,False,False,False,False,False,False,False,False,False,False,False,False,False,False,False,False,False,False
2026-03-12,2026-03-12 00:00:00+09:00,83065,84092,82380,83200,12702617,69500,83236.0,83825.0,84565.0,83512.5,83308.33333333333,1,False,80090.0,-0.03737980769230764,-0.037679807692307644,-0.00036317414599279057,0.0005447117701638993,-0.000726348315936185,0.0003632401057011609,-0.0009083477779616951,0.001815871208974625,-0.0005448106917651621,0.0012707635367140686,0.0007259528449489326,False,True,False,False,False,True,False,True,False,False,True,False,True,False,True,False,True,True,False,True,False,True,True,0.0,-0.0005133909584825431,-0.00017118890737694378,0.0,-0.000685048836518315,0.0013696287023776822,-0.0006845798658594117,0.0006845798658593763,0.0,False,False,False,False,False,True,False,True,False,False,False,False,False,False,True,False,True,False,False,True,False,False,True
2026-03-13,2026-03-13 00:00:00+09:00,80090,82515,79925,81540,18409995,69500,81220.0,83200.0,83236.0,82370.0,82855.0,1,False,81960.0,0.005150846210448812,0.004850846210448812,0.0,0.0005490985769887283,-0.0005490985769886586,0.0005490985769887283,0.0,-0.0009153318716882037,0.0,-0.00036623329469959176,-0.00036623329469959176,False,True,False,True,False,False,False,False,False,False,True,False,True,False,False,False,False,False,False,False,False,False,False,0.00034393809453396704,0.0006875215121281927,0.00034358358008502646,-0.000343583580084992,-0.00017183606881358067,-0.0008596235378487317,0.0013750431867473672,-0.0013750431867472705,0.0,True,True,True,False,False,False,True,False,False,True,True,True,False,False,False,True,False,False,False,False,False,False,False
2026-03-16,2026-03-16 00:00:00+09:00,81960,83155,81235,82985,17076998,69500,82195.0,81540.0,81220.0,82262.5,82575.0,4,True,85700.0,0.03271675604024815,0.03241675604024815,-0.00018336847947222453,0.0,0.0010997068556960385,0.0,0.0001831669571930456,-0.00018316695719312043,0.0009163383762237876,0.0,0.0009163383762237876,False,False,True,False,True,False,True,False,True,False,False,True,False,True,False,True,False,True,False,False,False,False,False,0.00017242865807012798,0.0005171076560976483,0.0,0.001033413801924302,-0.0015505214580217488,0.0010339480500644214,0.0006895363141677394,0.000516840393966851,0.0012063767081346977,True,True,False,True,False,True,True,True,True,True,True,False,True,False,True,True,True,True,True,False,False,False,False
2026-03-17,2026-03-17 00:00:00+09:00,85700,85925,84520,84635,17037815,69500,85222.5,82985.0,82195.0,83810.0,83053.33333333333,3,True,86640.0,0.023689962781355156,0.023389962781355154,0.0,-0.0021937851577135507,-0.0009154994688683346,-0.0005497022584595729,-0.00036663611776419287,0.00018333486163731768,-0.0031092846265818497,-0.0007330035145864429,-0.0038422881411683475,False,False,False,False,False,False,False,False,False,False,False,False,False,False,False,False,False,False,False,False,False,False,False,0.00017180654625200363,-0.0013752795703849128,-0.0012049231167753393,-0.00241421051902293,0.00017263703107193244,0.0015523935847251513,-0.002408396140908297,-0.0006891799032259291,-0.0030975760441341693,True,False,False,False,True,True,False,False,False,True,False,False,False,True,True,False,False,False,False,False,False,False,False
2026-03-18,2026-03-18 00:00:00+09:00,86640,89580,86610,89370,20662546,69500,88095.0,84635.0,85222.5,87002.5,85663.33333333333,4,True,86275.0,-0.03463130804520531,-0.03493130804520531,0.0,0.00018039144993444434,0.00036068530598416516,0.00036055525899876566,-0.0003605552589988333,0.0028808086181867105,0.0005410767559185718,0.0028808086181867105,0.0034218853741055716,False,False,True,False,False,True,True,True,True,False,True,True,True,False,True,True,True,True,True,False,False,True,False,0.00017019828140828858,0.00017016931888255943,0.0,0.0,0.0,0.0005103342800221258,0.00034036760029066305,0.0005103342800221258,0.0008507018803128285,False,True,False,False,False,False,True,True,True,True,True,False,False,False,True,True,True,True,True,False,False,True,False
2026-03-19,2026-03-19 00:00:00+09:00,86275,88395,86230,86750,19623205,69500,87312.5,89370.0,88095.0,88060.0,86918.33333333333,1,False,87330.0,0.006685878962535918,0.006385878962535918,-0.00036845984204621354,-0.0005529444431733251,-0.0016603638165493448,-0.0009215741136990676,0.0012899660869205754,-0.0005526388645763068,-0.0023974193133401295,-0.000184246891354949,-0.00036845984204621354,False,False,False,False,True,False,False,False,False,False,False,False,False,True,False,False,False,False,False,False,False,False,False,-0.0005206977467294308,-0.0005209690141272914,0.0,-0.0012160168266434463,0.0019102202561192452,-0.0005206073870295429,-0.000867980264545145,0.00017359604244610984,-0.00034710170428319545,False,False,False,False,True,False,False,False,False,False,False,False,False,True,False,False,False,False,False,True,False,False,True
2026-03-20,2026-03-20 00:00:00+09:00,87330,87750,86505,86660,14345898,69500,87127.5,86750.0,87312.5,86705.0,87593.33333333333,0,False,83165.0,-0.04033002538656816,-0.04063002538656816,-0.0003694126381131112,0.000554067795133099,0.0006275726067502072,-0.0009224241960202421,-0.0009232758480625394,0.000554067795133099,0.0008122277637700234,-0.0012916322489497237,0.00018465515701988932,False,True,True,False,False,True,True,False,False,False,True,True,False,False,True,True,False,False,False,False,False,False,False,-0.00017368649631156627,0.0003473428308628345,0.0,-0.0017379218833814877,0.0,0.0006955312400025463,0.00017365633455117998,-0.0010423906433789222,-0.0008687343088277836,False,True,False,False,False,True,False,False,False,False,True,False,False,False,True,True,False,False,False,False,False,False,False
2026-03-23,2026-03-23 00:00:00+09:00,83165,83360,80655,81025,31562963,69500,82007.5,86660.0,87127.5,83842.5,84811.66666666667,0,False,84735.0,0.045788336933045404,0.0454883369330454,0.000566947005642427,-0.00226971915105437,-0.00018937600662602628,0.0009465216040308782,-0.0011359334807217885,0.00037878788331682767,-0.0018921481520379265,0.00018937600662605224,-0.0017027721454119446,True,False,False,True,False,False,False,False,False,True,False,False,True,False,True,False,False,False,False,True,False,False,True,-0.00017716361105778912,-0.0014181885021874328,0.0008866034803664992,-0.0014189431256237328,0.0,-0.0005326231816994241,-0.0005315850218207438,-0.001951566307323065,-0.002483151329143937,False,False,True,False,False,False,False,False,False,False,False,True,False,False,False,False,False,False,False,False,False,False,False
2026-03-24,2026-03-24 00:00:00+09:00,84735,84820,80890,83505,25572404,69500,82855.0,81025.0,82007.5,82265.0,83730.0,2,True,85300.0,0.0214957188192324,0.0211957188192324,0.0,0.002808201789290547,-0.0003739715825185499,0.001495047933117684,-0.0007472445705445171,0.0022400606716206314,0.002434230206771876,0.0029878640341936187,0.00542209424096571,False,True,False,True,False,True,True,True,True,False,True,False,True,False,True,True,True,True,True,False,False,True,False,0.0,0.0010554090689434672,-0.00017582417627708187,0.0015813057850120854,0.00017554638858386512,0.0007018775511863438,0.0008795848926665004,0.0024587297247821447,0.003338314617448621,False,True,False,True,True,True,True,True,True,False,True,False,True,True,True,True,True,True,True,False,False,True,False
2026-03-25,2026-03-25 00:00:00+09:00,85300,86455,84300,84510,16581770,69500,85377.5,83505.0,82855.0,84007.5,83013.33333333333,3,True,83600.0,-0.010767956454857397,-0.011067956454857397,0.0,0.00037167813102092074,-0.0016736405580296484,-0.0009310120773036991,-0.00037264766594823795,0.00037264766594827676,-0.0013019624270086175,-0.0009310120773036991,-0.0022329745043123414,False,False,False,False,False,False,False,False,False,False,True,False,False,False,False,False,False,False,False,False,False,False,False,0.00017420085402473844,-0.0010447502256227385,-0.0010458428702969265,-0.0005233318915776881,0.0005233318915775763,-0.00017444396032021192,-0.0010458428702969265,-0.00034885749525271666,-0.0013947003655496665,True,False,False,False,True,False,False,False,False,True,False,False,False,True,False,False,False,False,False,False,False,False,False
2026-03-26,2026-03-26 00:00:00+09:00,83600,83765,81220,81600,17119972,69500,82492.5,84510.0,85377.5,83055.0,83205.0,0,False,78885.0,-0.03327205882352946,-0.03357205882352946,0.0,0.00018679368691653687,-0.0009343175490476863,-0.0001869683094163104,-0.0007482230053521195,0.0009350164309066464,-0.0007475238621312028,0.00018693335880213985,-0.0005605905033290662,False,False,False,False,False,True,False,False,False,False,True,False,False,False,True,False,False,False,False,True,False,False,True,0.0008754268264592677,-0.0010506041939913463,-0.00035044682328173697,0.00035044682328165316,-0.000701016502595186,0.0012264565707311042,-0.0005256241908138504,0.0008758868914175316,0.00035026270060371795,True,False,False,True,False,True,False,True,True,True,False,False,True,False,True,False,True,True,False,True,False,True,True
2026-03-27,2026-03-27 00:00:00+09:00,78885,81545,77740,81225,16138206,69500,79642.5,81600.0,82492.5,81412.5,82445.0,1,False,77325.0,-0.048014773776546615,-0.04831477377654662,0.0,0.0,-0.00018948365760151225,0.00018948365760141248,0.0003788596370377704,0.00018937600662605224,-0.00018948365760151225,0.0007577193012653254,0.0005682356436638793,False,False,False,False,True,False,False,True,False,False,False,False,False,True,False,False,True,False,False,True,False,True,True,0.0001765069283552805,0.0,-0.0014126790270953596,-0.00035316970171079626,0.00017660044196019195,0.0007060900558142131,-0.001059696319582844,0.0005295207960635808,0.00035298270751254996,True,False,False,False,True,True,False,True,True,True,False,False,False,True,True,False,True,True,False,True,False,True,True
2026-03-30,2026-03-30 00:00:00+09:00,77325,79150,76705,78680,17986759,69500,77927.5,81225.0,79642.5,79952.5,80501.66666666667,1,False,76285.0,-0.030439755973563853,-0.030739755973563855,-0.00038842494176456526,-0.00019426906326279619,0.0003885003933867393,0.0005824677380482568,-0.0001941182186043729,0.0007762468854749824,-0.00019419361164047807,0.0011645964049188657,0.0009704027932785145,False,False,True,True,True,True,False,True,True,False,False,True,True,False,True,False,True,True,False,True,False,True,True,0.0,0.0,-0.00010832866928825989,0.0006497960591081633,0.00036075036466266407,0.000721110541433738,-0.000288850377513856,0.0019120809620856356,0.0016232305845717719,False,False,False,True,True,True,False,True,True,False,False,False,True,True,True,False,True,True,False,True,False,True,True
2026-03-31,2026-03-31 00:00:00+09:00,76285,78075,75110,75430,23751281,69500,76592.5,78680.0,77927.5,77055.0,78445.0,0,False,79935.0,0.059724247646824935,0.05942424764682493,0.0017521663199775907,-0.00019453360629381977,0.0,-0.0015576327136837397,-0.0009747539518264797,0.0005849663811146777,0.0015576327136836792,-0.0019474202843955666,-0.0003897875707118119,True,False,False,False,False,False,True,False,False,True,False,False,False,False,True,True,False,False,False,False,False,False,False,-0.0007202016875939215,0.0005401998870898519,0.0008996851708976106,-0.001259786003020833,-0.0009008198068850114,0.0018008288677267919,0.000719683370393643,-0.000359776942179008,0.00035990642821473787,False,True,True,False,False,True,True,False,True,False,True,True,False,False,True,True,False,True,False,False,False,False,False
2026-04-01,2026-04-01 00:00:00+09:00,79935,82810,78885,82170,22033489,69500,80847.5,75430.0,76592.5,78800.0,78760.0,4,True,83215.0,0.012717536813922292,0.012417536813922292,0.0009441979740274688,0.0,0.00056609115579114,-0.0005660911557910797,0.0016973129958799279,0.002070588975070096,0.0015102891298185927,0.0032018108151589527,0.00471209994497761,True,False,True,False,True,True,True,True,True,True,False,True,False,True,True,True,True,True,True,False,False,True,False,-0.00017591696764511565,0.0005277509138235465,0.0012307693861326667,-0.00035149385247646987,0.0019316890719941685,0.0014025247740854319,0.0010548524184874532,0.002982719993603162,0.004037572412090656,False,True,True,False,True,True,True,True,True,False,True,True,False,True,True,True,True,True,True,False,False,True,False
2026-04-02,2026-04-02 00:00:00+09:00,83215,83755,77020,78190,34620279,69500,80387.5,82170.0,80847.5,80180.0,78596.66666666667,0,False,80210.0,0.025834505691264775,0.025534505691264774,0.0001905669372131011,-0.0022892035941344513,0.000572792378429188,0.0,-0.0009548363181285346,0.0011456942249967782,-0.0015258442784920696,0.00019085790686803683,-0.0013349863716239374,True,False,True,False,False,True,False,False,False,True,False,True,False,False,True,False,False,False,False,True,False,False,True,-0.0008862891655225461,-0.0010645849124681216,-0.0005330017004570521,0.0014207070405976305,-0.0015984374240745167,0.0015984374240745418,-0.003016593539425679,0.0014207070405976305,-0.0015958864988279144,False,False,False,True,False,True,False,True,False,False,False,False,True,False,True,False,True,False,False,True,False,False,True
2026-04-03,2026-04-03 00:00:00+09:00,80210,81200,79605,80575,14703488,69500,80402.5,78190.0,80387.5,79382.5,80311.66666666667,4,True,81410.0,0.010363015823766641,0.010063015823766642,0.00018756447583829624,-0.0005627990018170812,0.0,0.0005627990018169897,0.0,0.0,-0.0003752345259787205,0.0005627990018169897,0.00018756447583829624,True,False,False,True,True,False,False,False,False,True,False,False,True,False,False,False,False,False,False,True,False,True,True,0.0,0.001927626987838426,0.0,-0.00035020136936441245,0.00017511601480707002,-0.0003502627006037493,0.001927626987838426,-0.0005253480551611301,0.001402278932677381,False,True,False,False,False,False,True,False,True,False,True,False,False,True,False,True,False,True,False,False,False,False,False
2026-04-06,2026-04-06 00:00:00+09:00,81410,82855,81207,81750,13066649,69500,82031.0,80575.0,80402.5,81162.5,80171.66666666667,4,True,83555.0,0.022079510703364003,0.021779510703364,-0.0003742515013742409,-0.00018717828786515598,-0.0007490637054367108,0.0007490637054367439,0.00037432154657546625,-0.0003743215465754723,-0.0013104934946761512,0.0007490637054367439,-0.000561429789239453,False,False,False,True,True,False,False,False,False,False,False,False,True,True,False,False,True,False,False,True,False,False,True,-0.0005247966533460907,-0.0007001575640481316,0.0,0.0,0.001050052599108301,-0.0008749672445509687,-0.0012249542173941403,0.00017508535455745973,-0.0010498688628368148,False,False,False,False,True,False,False,False,False,False,False,False,False,True,False,False,False,False,False,True,False,False,True
2026-04-07,2026-04-07 00:00:00+09:00,83555,84385,81685,82770,19650427,69500,83035.0,81750.0,82031.0,82260.0,81698.33333333333,3,True,87850.0,0.06137489428536913,0.06107489428536913,-0.0005615348767113378,0.0,0.0,-0.00018724838552975913,0.0003744617156656336,0.0007485030289581124,-0.0005615348767113378,0.0009357163590940803,0.0003741814823826521,False,False,False,False,True,False,False,True,False,False,False,False,False,True,True,False,True,False,False,True,False,True,True,0.0,-0.0005247966533460907,0.0005247966533460965,0.0,0.0,0.0005245213862715416,0.0,0.0005245213862715416,0.0005245213862715416,False,False,True,False,False,False,False,False,True,False,False,True,False,False,True,False,True,True,False,False,False,True,False
2026-04-08,2026-04-08 00:00:00+09:00,87850,90070,87400,89000,29329013,69500,88735.0,82770.0,83035.0,85885.0,84506.66666666667,4,True,88310.0,-0.0077528089887640705,-0.00805280898876407,0.00036068530598416516,0.0,0.0018014776985110044,0.00017996940568691533,-0.0012604665394411044,0.0009004953332501659,0.0021621630044953172,-0.0001800018005040621,0.0019821612039912025,True,False,True,False,False,True,True,False,True,True,False,True,False,False,True,True,False,True,False,False,False,False,False,-0.0006790018933426064,0.0011875478535342875,0.0006779661276632754,-0.0006779661276632156,0.0006779661276632754,-0.0015260706649713447,0.0015260706649713603,-0.0015260706649713447,0.0,False,True,True,False,True,False,True,False,False,False,True,True,False,True,False,True,False,False,False,False,False,False,False
2026-04-09,2026-04-09 00:00:00+09:00,88310,88735,87070,87250,20553049,69500,87902.5,89000.0,88735.0,88125.0,86340.0,1,False,88795.0,0.017707736389684703,0.0174077363896847,0.001268001256751882,-0.0012680012567519933,0.0,0.001086956628756703,-0.0009057151239561722,0.0007246377128682905,0.0,0.0009058792176689054,0.0009058792176689054,True,False,False,True,False,False,False,True,True,True,False,False,True,False,True,False,True,True,False,False,False,True,False,0.0,0.00017011142339234692,-0.00034025178960446625,0.001020408251805457,0.0,-0.0011905775706880762,-0.00017014036621217858,-0.00017016931888250926,-0.0003403096850947708,False,False,False,True,False,False,False,False,False,False,True,False,True,False,False,False,False,False,False,False,False,False,False
2026-04-10,2026-04-10 00:00:00+09:00,88795,89805,88520,88655,12112242,69500,89162.5,87250.0,87902.5,87952.5,88301.66666666667,3,True,86465.0,-0.02470249844904404,-0.025002498449044043,0.0,0.0,-0.0008975855552808359,0.0005386480065598105,-0.0007182618373077721,0.00017961383074770665,-0.0008975855552808359,0.0,-0.0008975855552808359,False,False,False,False,False,False,False,False,False,False,False,False,False,False,False,False,False,False,False,False,False,False,False,-0.0003374957845062804,0.00033749578450612515,-0.0005062864001487851,0.0,-0.001351351556998958,0.0011825324462747546,-0.0005062864001487851,-0.00016881911072421537,-0.0006751055108729887,False,False,False,False,False,True,False,False,False,False,True,False,False,False,True,False,False,False,False,False,False,False,False
2026-04-13,2026-04-13 00:00:00+09:00,86465,88090,86410,87880,13658534,69500,87250.0,88655.0,89162.5,88267.5,87928.33333333333,1,False,90245.0,0.02691169776968594,0.026611697769685937,-0.0005425445471722303,-0.0007238509183231099,0.00018101185677088137,0.00018097909740823526,0.0003618599641439792,0.000542544547172155,-0.001085383608724415,0.001085383608724405,0.0,False,False,False,False,True,False,False,True,False,False,False,True,False,True,True,False,True,False,False,True,False,False,True,-0.00017016931888250926,0.0,0.00034030968509481623,-0.0005105079665029441,0.0,0.0008507018803128285,0.00017014036621220663,0.00034019391380986304,0.0005103342800221258,False,False,True,False,False,False,False,False,False,False,False,True,False,False,True,False,True,True,True,False,False,True,False
2026-04-14,2026-04-14 00:00:00+09:00,90245,91600,89955,90430,17031936,69500,90777.5,87880.0,87250.0,89155.0,88988.33333333333,4,True,93405.0,0.03289837443326338,0.032598374433263376,0.0005321507886112523,-0.0007095973333054238,-0.00017747803755875438,0.0007097232377399097,-0.0012423464194393264,0.001242346419439421,-0.0003549245822529426,0.0007097232377399097,0.0003547986554869275,True,False,False,True,False,True,False,False,False,True,False,False,True,False,True,False,False,False,False,True,False,True,True,-0.00016749016034468575,0.0,0.0,0.0008371704130635565,-0.0011722349161146335,0.0006700167754842812,-0.00016749016034468575,0.0003349522724332424,0.00016746211208861481,False,False,False,True,False,False,False,False,False,False,False,False,True,False,True,False,False,False,False,True,False,True,True
2026-04-15,2026-04-15 00:00:00+09:00,93405,94180,92205,92665,22556415,69500,93192.5,90430.0,90777.5,91547.5,90325.0,3,True,93460.0,0.008579290994442434,0.008279290994442435,-0.00017450484295217835,0.0,0.0,0.0006978367345298013,-0.00034885749525271666,-0.0010473032900021621,-0.00017450484295217835,-0.0006983240507249036,-0.0008728288936771464,False,False,False,True,False,False,False,False,False,False,False,False,True,False,False,False,False,False,False,False,False,False,False,0.00099222763225704,-0.0014887108861458957,0.00033101622281723185,0.00016546703107163415,-0.00016546703107171625,0.001818633220105532,-0.00016546703107171625,0.001818633220105532,0.0016531661890338307,True,False,True,True,False,True,False,True,True,True,False,True,True,False,True,False,True,True,False,True,False,True,True
2026-04-16,2026-04-16 00:00:00+09:00,93460,94755,93035,94710,16849470,69500,93895.0,92665.0,93192.5,93687.5,92601.66666666667,4,True,94555.0,-0.0016365748073065012,-0.001936574807306501,0.0005148888811942185,0.0,0.00034311202944259145,0.000857265376118367,-0.0001713942929896398,-0.00017142367402912296,0.0008580009106368094,0.0005144474090994605,0.0013724483197362204,True,False,True,True,False,False,True,False,True,True,False,True,True,False,False,True,False,True,True,False,False,False,False,0.00016378675001817885,0.00016375992831165506,0.0,-0.000491360258841867,0.00016381358051217916,0.0,0.0003275466783296344,-0.0003275466783296563,0.0,True,False,False,False,False,False,True,False,False,False,False,False,False,False,False,True,False,False,False,False,False,False,False
2026-04-17,2026-04-17 00:00:00+09:00,94555,94685,93630,94050,13116521,69500,94157.5,94710.0,93895.0,94380.0,93808.33333333333,2,True,94485.0,0.004625199362041421,0.004325199362041421,-0.0006858710831286996,0.0005144474090994605,0.0,0.00034281796701883885,0.00017136492201991508,-0.0006856359541822224,-0.00017142367402912296,-0.00017145306514358382,-0.0003428767391726684,False,True,False,False,True,False,False,False,False,False,True,False,False,False,False,False,False,False,False,False,False,False,False,0.0,0.0003270111212921275,-0.0011450070769238074,0.00016365272927442223,0.0009813543476493538,-0.001472392904041762,-0.0008179959556316983,-0.00032738582711790306,-0.0011453817827496422,False,False,False,False,True,False,False,False,False,False,True,False,True,True,False,False,False,False,False,False,False,False,False
2026-04-20,2026-04-20 00:00:00+09:00,94485,95435,93755,94500,14275549,69500,94595.0,94050.0,94157.5,94275.0,94420.0,4,True,95680.0,0.012486772486772546,0.012186772486772546,-0.0006806193898951725,-0.0005107687180082065,0.0003405414642139483,0.00017022725379427738,0.0,0.0,-0.0008508466436895973,0.00017022725379427738,-0.0006806193898951725,False,False,True,False,True,False,False,False,False,False,False,True,False,False,False,False,False,False,False,True,False,False,True,-0.00032557382674045475,-0.0013031440189155753,0.0006512536863199927,-0.0008141334000117867,0.0,0.0016276045259734525,0.0,0.0008134711259615347,0.0008134711259615347,False,False,True,False,False,True,False,True,True,False,False,True,False,False,True,False,True,True,False,False,False,True,False
2026-04-21,2026-04-21 00:00:00+09:00,95680,97010,95625,96920,18194786,69500,96317.5,94500.0,94595.0,95710.0,95156.66666666667,4,True,96985.0,0.0006706562113083514,0.00037065621130835143,-0.00016890465372474038,0.0,-0.00016893318732631293,0.0006755615862400682,0.00016881911072422594,-0.0005065428559132313,-0.00033783784105105656,0.00033783784105104967,0.0,False,False,False,True,True,False,False,False,False,False,False,False,True,False,False,False,False,False,False,True,False,False,True,-0.00016151175033087453,-0.00032310177987064425,0.0,0.000970089000895169,-0.00025859839813104665,-0.00022632846823744608,-0.0004846135302015303,0.00048516213452656814,-0.001131130442974735,False,False,False,True,False,False,False,False,False,False,False,False,True,False,False,False,False,False,False,True,False,False,True
2026-04-22,2026-04-22 00:00:00+09:00,96985,97400,95840,97300,18496018,69500,96620.0,96920.0,96317.5,97110.0,96240.0,4,True,98435.0,0.011664953751284735,0.011364953751284735,0.00016896173057017423,0.0,-0.0005069708600345725,-0.0008455230063208833,-0.0005076571730991063,0.0015221990254237025,-0.00033800912946451285,0.00016901884600362198,-0.00016899028346087423,False,False,False,False,False,True,False,False,False,False,False,False,False,False,True,False,False,False,False,True,False,False,True,-0.0008109642809222701,-0.00016227180562995838,-0.00016211396647320255,-0.0016225867587197295,-0.0008122817439554348,0.00048744821827951753,0.0,-0.0019474202843955666,-0.0019474202843955666,False,False,False,False,False,False,False,False,False,False,False,False,False,False,False,False,False,False,False,False,False,False,False
2026-04-23,2026-04-23 00:00:00+09:00,98435,99855,95675,98355,23967308,69500,97765.0,97300.0,96620.0,97827.5,97525.0,3,True,98695.0,0.0034568654364293128,0.003156865436429313,0.0006735140850659808,0.0,0.0006730607691407603,0.0005044984551634333,0.0001681096078600653,0.0011759766159940206,0.0013465748542067152,0.001848584679017499,0.003195159533224181,True,True,True,False,False,True,True,True,True,True,False,True,False,False,True,True,True,True,True,False,True,True,False,-0.001136825132583526,0.0,0.0006497726024584532,-0.000649139912440876,0.00016232448700521744,0.0006490345838739518,-0.00048705253012500094,0.00016221915843826767,0.0006490345838739518,False,False,True,False,False,False,False,False,True,False,False,True,False,False,False,False,False,True,False,True,False,True,True
2026-04-24,2026-04-24 00:00:00+09:00,98695,99030,96910,98000,16267003,69500,97970.0,98355.0,97765.0,98177.5,97885.0,2,True,98985.0,0.010051020408163192,0.009751020408163192,0.0006697923894073542,0.00016737802365626278,0.0005019660441717824,-0.000502218140630442,0.0001674340732250316,0.000669456091948237,0.001339136457235433,0.0003346720245428586,0.0011718424376063298,True,True,True,False,False,False,True,False,True,True,True,True,False,False,True,True,False,True,True,False,True,False,False,-0.00048602674103776416,0.0,0.00016203516198463275,-0.00016203516198455055,0.0008099133835451887,0.0,-0.0003239915790531232,0.000647878221560671,0.00032388664250757634,False,False,False,False,True,False,False,True,False,False,False,True,False,True,False,False,True,False,False,True,False,True,True
2026-04-27,2026-04-27 00:00:00+09:00,98985,101165,98905,100240,15757181,69500,100035.0,98000.0,97970.0,99120.0,98865.0,4,True,100855.0,0.006135275339185897,0.005835275339185897,-0.00033008747617756224,0.00033008747617758284,-0.00033008747617756224,-0.0013214405622954738,0.0001653029179729883,-0.0003306331655182326,-0.00033008747617756224,-0.0016520737278136407,-0.001982161203991211,False,True,False,False,False,False,False,False,False,False,True,False,False,False,False,False,False,False,False,False,False,False,False,-0.0003218538811176582,0.0003219056844150297,-0.00016093988929882476,-0.0009661836500411766,0.0009661836500411824,0.0,-0.0003218538811176582,0.0,-0.0003218538811176582,False,True,False,False,True,False,False,False,False,False,True,False,False,True,False,False,False,False,False,False,False,False,False
2026-04-28,2026-04-28 00:00:00+09:00,100855,102055,100420,100700,14306466,69500,101237.5,100240.0,100035.0,100470.0,99646.66666666667,3,True,99750.0,-0.009433962264150941,-0.009733962264150941,-0.0008280202510017448,-0.00016571381262542797,0.0,0.0,0.00016571381262542336,0.0011592284149854303,-0.0011594204197348191,0.0013249422276109322,0.00016552180787613542,False,False,False,False,False,True,False,True,False,False,False,False,False,False,True,False,True,False,False,True,False,True,True,-0.0001607587817946295,-0.0006432936857417076,0.0,-0.0008041817884136879,0.00032175032452595395,0.0004824314638875389,-0.0001607587817946295,0.0,-0.0001607587817946295,True,False,False,False,True,False,False,False,False,False,False,False,False,True,False,False,False,False,False,False,False,False,False
2026-04-29,2026-04-29 00:00:00+09:00,99750,101300,99520,101045,12365723,69500,100410.0,100700.0,101237.5,100872.5,100661.66666666667,3,True,101755.0,0.007026572319263735,0.006726572319263735,0.0008306338213274894,0.00016604400204185766,0.0,0.0,-0.00016604400204196275,-0.0003321707388123748,0.0009966778233693994,-0.0004982147408543257,0.0004984630825148989,True,True,False,False,False,False,True,False,True,True,True,False,False,False,False,True,False,False,False,False,False,False,False,0.00016109544940200233,-0.0008057368899372005,-0.0003221130644697274,-0.0006445375666252353,-0.0003224246360352142,0.0006447453479313111,0.00016109544940200233,-0.00032221685472916755,-0.00016112140532725797,True,False,False,False,False,False,True,False,False,False,False,False,False,False,False,False,False,False,False,False,False,False,False
2026-04-30,2026-04-30 00:00:00+09:00,101755,102230,99845,99905,16456253,69500,101037.5,101045.0,100410.0,100475.0,100550.0,0,False,102530.0,0.026274961213152537,0.025974961213152535,0.001164241295747733,-0.00016623722089649854,-0.0009980040748513116,-0.0014988761237358745,0.0011659866399694682,0.0003328894837665535,0.0,0.0,0.0,True,False,False,False,True,False,True,False,False,True,False,False,False,True,False,False,False,False,False,False,False,False,False,0.0009707167887309609,-0.0006470398155214429,-0.001943320449634728,-0.0008108327696322792,-0.00032446463620147546,0.0008109642809223839,-0.0014578442688883931,-0.00016211396647320255,-0.0016199582353615938,True,False,False,False,False,True,False,False,False,True,False,False,False,False,True,False,False,False,False,False,False,False,False
2026-05-04,2026-05-04 00:00:00+09:00,102530,105300,101865,105295,18089459,69500,103582.5,99905.0,101037.5,102600.0,102081.66666666667,4,True,111460.0,0.05854978868892169,0.05824978868892169,-0.00048697346956996237,0.0003246753275274466,-0.00032467532752742626,-0.0009746589465529893,0.00048744821827951753,0.0008118860558009522,-0.00048697346956996237,0.0003246753275274466,-0.00016229814204252941,False,True,False,False,True,True,False,False,False,False,True,False,False,True,True,False,False,False,False,True,False,False,True,-0.0003184206363474698,0.00015922299213642823,-0.00015922299213639863,-0.0011152713655010653,0.00015940065388012043,0.0009558707116209369,-0.0003184206363474698,0.0,-0.0003184206363474698,False,False,False,False,False,True,False,False,False,False,False,False,False,False,True,False,False,False,False,False,False,False,False
2026-05-06,2026-05-06 00:00:00+09:00,111460,114320,110500,113270,29550199,69500,112410.0,105295.0,103582.5,109282.5,106156.66666666667,4,True,115305.0,0.01796592213295667,0.017665922132956667,-0.0007999360477759759,0.0003200512109253792,-0.0003198976354855902,0.0006395906837797982,-0.0014396547315770926,-0.0014417303258213866,-0.0003198976354855902,-0.00224179437361861,-0.002401730399549317,False,True,False,True,False,False,False,False,False,False,True,False,True,False,False,False,False,False,False,False,False,False,False,-0.00015849116444940792,-0.0007919537912932161,-0.0006335128498225887,0.000791828372990193,-0.0009502693144608165,0.0009502693144608298,0.0003169069904514092,0.000791828372990193,0.0011087353634416054,False,False,False,True,False,True,True,True,True,False,False,False,True,False,True,True,True,True,True,False,False,True,False
2026-05-07,2026-05-07 00:00:00+09:00,115305,116180,111635,115620,26974175,69500,113907.5,113270.0,112410.0,114445.0,111395.0,4,True,113000.0,-0.022660439370351115,-0.022960439370351117,0.0,0.0006312135289269435,0.0003155569606493404,-0.000789452950135279,0.0,0.001105059706739515,0.00047337278990462083,0.0003156067566042808,0.0003156067566042808,False,True,True,False,False,True,True,False,False,False,True,True,False,False,True,True,False,False,True,False,False,False,False,0.0,0.0010958905206371096,0.0006261740968532476,-0.0009394082419358297,-0.00015665387358743143,0.0009395553462858519,0.00015650676923712983,-0.00015650676923724136,0.0,True,True,True,False,False,True,True,False,False,False,True,True,False,False,True,False,False,False,False,False,False,False,False
2026-05-08,2026-05-08 00:00:00+09:00,113000,115870,112660,115810,21327494,69500,114265.0,115620.0,113907.5,115715.0,114900.0,4,True,120630.0,0.04161989465503835,0.041319894655038346,0.0,-0.0004718836108011593,-0.00031461381414140977,0.0003146138141413699,0.0001572697966598231,0.001100196574630328,-0.0004718836108011593,0.0015720801854315332,0.001100196574630328,False,False,False,False,False,True,False,True,True,False,False,False,False,False,True,False,True,True,False,True,False,True,True,0.0,0.0003131850949495627,0.0,0.00031308704075403294,0.00015653126744012713,0.00015650676923712983,0.0003131850949495627,0.0004695938099914337,0.0007827789049407663,True,True,False,True,False,False,True,True,True,False,True,False,True,False,False,True,False,True,True,False,False,True,False
2026-05-11,2026-05-11 00:00:00+09:00,120630,123305,119900,121805,27029568,69500,121602.5,115810.0,114265.0,118807.5,117745.0,4,True,124065.0,0.018554246541603314,0.018254246541603313,0.0003088326151784477,-0.00046328469672737046,-0.00015447594067950047,0.00030892802222833086,0.0003088326151784477,0.0007716645185755468,-0.000308928022228324,0.0013894251559825894,0.0010804971337541789,False,False,False,False,True,False,False,True,True,True,False,False,False,True,True,False,True,True,False,True,False,True,True,-0.00015604275603171654,-0.0012490243622234093,0.00015606710917357176,0.0,0.0,-0.0007804573876215396,-0.00015604275603171654,-0.000624414631589846,-0.0007804573876215396,False,False,True,False,False,False,False,False,False,False,False,True,False,False,False,False,False,False,False,False,False,False,False
2026-05-12,2026-05-12 00:00:00+09:00,124065,124800,115645,119100,32050394,69500,120222.5,121805.0,121602.5,120452.5,118905.0,1,False,116485.0,-0.021956339210747244,-0.022256339210747246,-0.0009280743125538598,0.0007734550621491102,0.0001546192504046332,-0.0010828371388320486,0.0010828371388318981,-0.002166848085090314,0.0,-0.002166848085090314,-0.002166848085090314,False,True,True,False,True,False,True,False,False,False,True,True,False,True,False,False,False,False,False,False,False,False,False,-0.0004676174974151025,0.000623441416701889,-0.00015582391928685793,-0.001403509002320198,0.0009358915049050237,-0.00046783626584292234,0.0,-0.0009354537632580268,-0.0009354537632580268,False,True,False,False,True,False,False,False,False,False,True,False,False,True,False,False,False,False,False,False,False,False,False
2026-05-13,2026-05-13 00:00:00+09:00,116485,122795,114905,122655,23232596,69500,118850.0,119100.0,120222.5,120877.5,121186.66666666667,4,True,122790.0,0.001100648159471751,0.0008006481594717511,0.0,-0.0004634278294108445,0.0,0.00015449980718260347,0.0,0.0009264979044471214,-0.0004634278294108445,0.0010809977116296465,0.0006175698822187768,False,False,False,False,False,True,False,True,True,False,False,False,False,False,True,False,True,True,False,True,False,True,True,-0.0009329809415684809,-0.00031118718159941914,0.0010887317351966558,-0.0010887317351965606,0.0003111871815993612,0.0009329809415684003,-0.00015543638797127005,0.00015543638797136202,0.0,False,False,True,False,True,True,False,False,False,False,False,True,False,True,True,False,False,False,False,True,False,False,True
2026-05-14,2026-05-14 00:00:00+09:00,122790,125412,122605,124855,23542845,69500,124008.5,122655.0,118850.0,123755.0,122203.33333333333,4,True,124535.0,-0.0025629730487365388,-0.0028629730487365387,0.0,0.0007650524434055584,0.00030585716708836635,0.0003057636470848251,-0.0003057636470848173,0.0010697639898469508,0.0010709096104939639,0.0010697639898469508,0.002140673600341091,False,True,True,False,False,True,True,True,True,False,True,True,False,False,True,True,True,True,True,False,False,False,False,0.0012378154141199748,0.0007728572917348265,-0.0009275004529492059,0.0006184292095679617,0.0006180469912434874,0.0,0.001083172252905648,0.0012364762008112568,0.0023196484537170484,True,True,False,True,True,False,True,True,True,True,True,False,True,True,False,True,True,True,True,False,False,True,False
2026-05-15,2026-05-15 00:00:00+09:00,124535,126140,115095,117200,30488390,69500,120617.5,124855.0,124008.5,121027.5,121570.0,0,False,116060.0,-0.00972696245733784,-0.01002696245733784,-0.0012328557579424839,-0.0013887819530185362,-0.0021641684130821607,0.0020097401832950014,0.0006175698822187768,-0.0009264979044470208,-0.004785806124043183,0.0017008121610666458,-0.003084993962976591,False,False,False,True,True,False,False,True,False,False,False,False,True,True,False,False,True,False,False,True,False,False,True,-0.00030926241161902205,-0.000773574727212895,-0.0007741736083807417,-0.0003098373378775477,0.00015493066883583376,0.0,-0.0018570107472127711,-0.00015490666904188449,-0.0020119174162545974,False,False,False,False,False,False,False,False,False,False,False,False,False,False,False,False,False,False,False,False,False,False,False
2026-05-18,2026-05-18 00:00:00+09:00,116060,119900,111545,117840,26713441,69500,115722.5,117200.0,120617.5,117520.0,119965.0,2,True,116105.0,-0.014723353699932162,-0.015023353699932162,0.00046769039748760017,-0.00015587249661361835,-0.0007797271350210455,-0.0006242197456122789,0.0007802138181538718,-0.0004680552390621538,-0.00046790923414718636,-0.00031206116652052315,-0.0007799704006678269,True,False,False,False,True,False,False,False,False,True,False,False,False,True,False,False,False,False,False,False,False,False,False,0.0006267627908091106,0.0,-0.00031333229145586865,0.0,0.0,0.0,0.0003134304993532444,0.0,0.0003134304993532444,True,False,False,True,False,False,True,False,True,True,False,False,False,False,False,True,False,False,False,False,False,False,False
2026-05-19,2026-05-19 00:00:00+09:00,116105,116480,111755,114315,22841558,69500,114117.5,117840.0,115722.5,116077.5,116451.66666666667,0,False,114795.0,0.004198924025718309,0.0038989240257183092,0.0,-0.0007815553348201155,-0.00015638439315629295,-0.00046915318711797756,-0.00015643332061625383,0.0012507819016526766,-0.0009379397279765027,0.000625195393918318,0.0,False,False,False,False,False,True,False,False,False,False,False,False,False,False,True,False,False,False,False,True,False,False,True,-0.0001562622083029337,-0.00015628662999695237,-0.0003126465556185064,-0.0001563599409017714,0.0010938355649573468,0.00015616459780319012,-0.0006251953939183611,0.001250000162760564,0.000624804768842178,False,False,False,False,True,False,False,True,True,False,False,False,False,True,False,False,True,True,False,True,False,True,True
2026-05-20,2026-05-20 00:00:00+09:00,114795,115120,110485,113340,22359555,69500,112802.5,114315.0,114117.5,113827.5,115165.0,0,False,117695.0,0.03842421034056831,0.03812421034056831,0.0006257822482063671,0.0,-0.0003128421736761795,0.0010945196933496227,0.0017175427752555335,0.0009363296564226481,0.0003129400745301561,0.0029680565411466346,0.0032809966156768927,True,False,False,True,True,False,True,True,True,True,False,False,True,True,True,True,True,True,True,False,False,True,False,0.0010984700986851506,0.0,-0.0006275494401118012,0.00047069899668770126,0.001097436811561946,0.0012527405333917804,0.00047092065857343873,0.0028208763416412634,0.0032917970002146117,True,False,False,True,True,True,True,True,True,True,False,False,True,True,True,True,True,True,True,False,False,True,False
2026-05-21,2026-05-21 00:00:00+09:00,117695,123320,117525,123060,19375734,69500,120422.5,113340.0,112802.5,118200.0,116905.0,4,True,124105.0,0.008491792621485361,0.008191792621485361,-0.0001540001543044696,-0.00293051802229705,0.0,0.0030845181766017086,-0.001386855912246973,0.00046249904470456536,-0.0030845181766015663,0.0021601613090591306,-0.0009243568675423912,False,False,True,True,False,False,False,True,False,False,False,False,True,False,False,False,True,False,False,True,False,False,True,-0.0001552674484913942,-0.0009321112994276048,0.000621504059781909,-0.00046609182852641476,0.0001553880820466892,0.0006213109861255558,-0.0004658746881372776,0.00031060723964573903,-0.0001552674484913942,False,False,True,False,False,False,False,False,False,False,False,True,False,False,False,False,False,False,False,True,False,False,True
2026-05-22,2026-05-22 00:00:00+09:00,124105,124140,122120,123350,18073093,69500,123130.0,123060.0,120422.5,123205.0,119916.66666666667,3,True,126380.0,0.02456424807458446,0.02426424807458446,0.0,0.0001530573202652118,-0.0010718935257980297,-0.0001532214819514449,-0.0006131208040014957,-0.00015333895606214177,-0.0009188362055328713,-0.0009196812420150912,-0.001838517447548074,False,False,False,False,False,False,False,False,False,False,False,False,False,False,False,False,False,False,False,False,False,False,False,-0.0003090712433813255,0.00015454756231978605,-0.0009276438513081746,0.0012364762008112568,0.0,-0.00015447594067950047,-0.0010821675323697782,0.001082000260131702,0.00015449980718260347,False,True,False,True,False,False,False,True,False,False,False,False,True,False,False,False,True,False,False,True,False,True,True
2026-05-26,2026-05-26 00:00:00+09:00,126380,128250,125850,126755,17406514,69500,127050.0,123350.0,123130.0,125052.5,124388.33333333333,4,True,129745.0,0.02358881306457339,0.023288813064573387,0.0,0.0,0.0,0.00015203344765130913,0.0007598207188744516,0.0006074411728161353,0.0,0.001519295339341942,0.0009113001845737809,False,False,False,False,True,False,False,True,True,False,False,False,False,True,False,False,True,True,False,False,False,True,False,0.0,-0.00046051117553424034,0.00015352728977732083,0.00015352728977732083,-0.0003070781538026258,0.0006140620395594859,-0.00030698388575700294,0.0004605111755341576,0.0,True,False,True,True,False,False,False,False,False,False,False,True,True,False,False,False,False,False,False,True,False,False,True
2026-05-27,2026-05-27 00:00:00+09:00,129745,134855,129645,130600,28161697,69500,132250.0,126755.0,127050.0,128677.5,126901.66666666667,4,True,129535.0,-0.008154670750382897,-0.008454670750382897,-0.0003011141245274434,0.000301114124527503,0.0010531859846586405,0.0,-0.0012037317132079358,-0.0006024096567719113,0.0010531859846586405,-0.0018061413699798888,-0.0007529553853212873,False,True,True,False,False,False,True,False,False,False,True,True,False,False,False,True,False,False,False,False,False,False,False,-0.00015331544683159034,0.00015331544683164135,0.00045980535716982614,0.0,-0.00015326844998972452,-0.00030660739164003564,0.00045980535716982614,-0.000459875841629768,-0.00015331544683159034,False,False,True,False,False,False,True,False,False,False,False,True,False,False,False,True,False,False,False,False,False,False,False
2026-05-28,2026-05-28 00:00:00+09:00,129535,131300,124255,129990,23583705,69500,127777.5,130600.0,132250.0,130295.0,129115.0,2,True,133530.0,0.027232864066466744,0.026932864066466743,0.001061329794114003,0.0007574036565971102,0.0,0.0,0.0003028467618542532,0.0006054185140271388,0.0016672986052637098,0.0009082652758814336,0.002575563881145235,True,True,True,False,False,False,True,False,True,True,True,False,False,True,False,True,True,True,True,False,False,False,False,0.001537515678038534,0.00015362163022756382,0.0,-0.0006146281693181736,0.0,-0.00015371608669110983,0.0016911373082660222,-0.0007683442560092923,0.0009227930522566947,True,False,False,False,False,False,True,False,True,True,False,False,False,False,False,True,False,True,False,False,False,False,False
2026-05-29,2026-05-29 00:00:00+09:00,133530,134950,132000,134815,18852382,69500,133475.0,129990.0,127777.5,132402.5,131801.66666666666,4,True,135000.0,0.0013722508622928675,0.0010722508622928676,0.0,0.0010464161205981804,-0.0002988643178252841,-0.00044846401827935175,0.00104610336073536,0.00029868578477727206,0.0007475518027729176,0.0008963251272331672,0.001643876930006171,False,True,False,False,True,False,True,False,True,False,True,False,False,True,False,True,True,True,True,False,False,True,False,-0.00015259021926307195,0.0009151922542385885,0.0,0.00030487805114209025,-0.0007623694811572279,0.0007623694811571581,0.0007626020349755392,0.00030487805114209025,0.0010674800861176469,False,True,False,True,False,True,True,False,True,False,True,False,True,False,True,True,False,True,True,False,False,False,False
2026-06-01,2026-06-01 00:00:00+09:00,135000,142310,134815,141395,25511969,69500,138562.5,134815.0,133475.0,138105.0,135400.0,4,True,142700.0,0.009229463559531803,0.008929463559531803,-0.000296428044263365,0.0001482250058299228,0.0004445432391501712,0.0,-0.0007410152247192192,-0.00044487284785021415,0.00029634020071658693,-0.001185888072569465,-0.0008895478718528809,False,False,True,False,False,False,False,False,False,False,False,True,False,False,False,False,False,False,False,False,False,False,False,0.00045561546843292405,0.00015184875892827217,-0.000455615468432879,0.00045561546843292405,-0.0007594744801904135,0.00045575390078659894,0.0,0.00015189488902912337,0.00015189488902912337,True,False,False,True,False,False,False,False,False,True,False,False,True,False,False,False,False,False,False,False,False,True,False
2026-06-02,2026-06-02 00:00:00+09:00,142700,143645,136430,141575,25782083,69500,140037.5,141395.0,138562.5,141485.0,139261.66666666666,3,True,138375.0,-0.02260286067455408,-0.022902860674554083,-0.00020812582767975327,0.0,0.0,0.0,-0.00014868783017508094,0.0013373952509800281,-0.00020812582767975327,0.0011887074208048608,0.0009805815931250258,False,False,False,False,False,True,False,True,True,False,False,False,False,False,True,False,True,True,False,True,False,True,True,-0.0001522881294346051,-0.000761788716660396,-0.00015242740674285016,0.00045721253558805305,0.00015235773625874065,0.0003046458515564185,-0.0010665042528379134,0.0009142161234033101,-0.0001522881294346051,False,False,False,True,False,False,False,True,False,False,False,False,True,False,False,False,True,False,False,True,False,False,True
2026-06-04,2026-06-04 00:00:00+09:00,138375,140970,137460,138730,17958598,69500,139215.0,141575.0,140037.5,140152.5,140566.66666666666,1,False,133445.0,-0.03809558134505875,-0.03839558134505875,0.001190122127976763,0.0,0.0,0.0,-0.0007436603302490581,-0.0001487984527706768,0.001190122127976763,-0.0008924587830197224,0.0002976633449571494,True,False,False,False,False,False,True,False,False,True,False,False,False,False,False,True,False,False,False,False,False,False,False,0.0,0.0003067484686629396,-0.00015336247250369582,0.0006136851987629978,0.0,0.0,0.00015338599615930207,0.0006136851987629978,0.00015338599615930207,True,True,False,True,False,False,False,True,False,False,True,False,True,False,False,False,True,False,True,False,False,True,False
2026-06-05,2026-06-05 00:00:00+09:00,133445,134560,128485,131030,24790445,69500,131522.5,138730.0,139215.0,134880.0,137111.66666666666,0,False,119015.0,-0.09169655804014343,-0.09199655804014342,0.0005997001678981117,-0.000749681420522718,-0.0015010510173564429,0.0018009910316027433,-0.0019512201312618048,0.0006007810333902144,-0.0016510322699810267,0.0004505519337311754,-0.0012004803362497818,True,False,False,True,False,False,False,False,False,True,False,False,True,False,False,False,False,False,False,True,False,False,True,0.0004588910214372367,-0.00045882083851480455,-0.0004590314517140457,0.00030604437882342944,0.0,-0.0009184142693620562,-0.00030604437882329966,-0.0006123698905386831,-0.0009184142693620562,True,False,False,False,False,False,False,False,False,True,False,False,True,False,False,False,False,False,False,False,False,False,False
2026-06-08,2026-06-08 00:00:00+09:00,119015,125665,117930,119560,28098581,69500,121797.5,131030.0,131522.5,125295.0,129773.33333333333,1,False,124780.0,0.043660086985613855,0.043360086985613853,-0.001715667581411863,-0.0009370608213402455,0.0,0.0014048234574489797,-0.0003120124830304624,0.003893176294744708,-0.0023402772207069987,0.004985987269163292,0.002645710048456242,False,False,False,True,False,True,False,True,True,False,False,False,True,False,True,False,True,True,False,True,False,True,True,-0.0012515646189417958,-0.0001565557733139101,0.0,0.0004695938099914337,-0.00046959380999128837,0.002814260769245438,-0.0014081203922556723,0.002814260769245438,0.0014061403769897538,False,False,False,True,False,True,False,True,True,False,False,False,True,False,True,False,True,True,False,True,False,True,True
2026-06-09,2026-06-09 00:00:00+09:00,124780,130445,121410,130130,18130146,69500,125927.5,119560.0,121797.5,124845.0,126906.66666666667,4,True,125915.0,-0.03239068623684005,-0.03269068623684005,0.0006118079114054928,0.0007642338927558957,-0.0004584702456710324,0.0006112469627965657,0.00030548342989971923,0.0006106870418797265,0.0009175715584903978,0.0015274174345760476,0.0024449889930664398,True,True,False,True,False,False,True,True,True,True,True,False,True,True,False,True,True,True,True,False,True,True,False,0.0004669624180113042,0.0004667444658829387,-0.00046674446588294014,0.00015560569548249173,0.00015558148611699688,0.0,0.0004669624180113042,0.0003111871815993612,0.000778149599610756,True,True,False,False,True,False,True,False,True,True,True,False,False,False,False,True,False,True,True,False,False,False,False
2026-06-10,2026-06-10 00:00:00+09:00,125915,128025,120360,123795,17940673,69500,124192.5,130130.0,125927.5,126962.5,124495.0,0,False,119145.0,-0.037562098630800955,-0.03786209863080096,-0.0003136270999519472,0.0,0.0014105479965886194,0.002033952042823635,0.0003125488382998427,-0.0009379397279765027,0.0010969208966366858,0.0014085611531471681,0.002505482049783934,False,False,True,True,True,False,True,True,True,False,False,True,True,True,False,True,True,True,True,False,False,True,False,0.0014143162568111913,-0.0004717352080562192,0.0007861017620441671,0.0012564788836961199,0.0001569489134509745,-0.00031392246373011665,0.000628831965384246,0.0010995053334168679,0.0017283372988013358,True,False,True,True,True,False,True,True,True,True,False,True,True,False,False,True,True,True,True,False,False,True,False
2026-06-11,2026-06-11 00:00:00+09:00,119145,124875,117840,123850,13788825,69500,121357.5,123795.0,124192.5,123822.5,125925.0,2,True,131505.0,0.061808639483245775,0.061508639483245774,0.0006302190219618733,0.0,0.00015746791623754235,-0.0020490195521088326,0.0,0.0022064626761056677,0.0009451796544868135,0.0001574431239968318,0.0011026227784835059,True,False,True,False,False,True,True,False,False,True,False,True,False,False,True,True,False,True,True,False,False,False,False,0.00031655587475485535,0.00031645569884348497,0.00015819030326427594,-0.0018999372403042496,0.00047532283236668033,0.00047509700790715893,0.0007912018768626104,-0.0009495174000302988,-0.0001583155231676725,False,True,True,False,True,True,True,False,False,True,True,True,False,True,False,True,False,False,False,False,True,False,False
2026-06-12,2026-06-12 00:00:00+09:00,131505,135360,129260,129270,23629787,69500,132310.0,123850.0,121357.5,126560.0,125638.33333333333,3,True,136320.0,0.05453701554885115,0.05423701554885115,-0.0019967751047338294,-0.0007691716401062461,-0.0013855748502599474,0.0009239298470623496,0.0007692899833197609,-0.0004615029695017306,-0.003997545298911748,0.0012317168608802498,-0.0027658284380315343,False,False,False,True,True,False,False,False,False,False,False,False,True,True,False,False,True,False,False,True,False,False,True,-0.0009377931290603743,-0.0009385265822643885,-0.0006261740968531488,0.0006261740968532476,0.0,0.0,-0.0023461338672760173,0.0006261740968532476,-0.0017199597704228979,False,False,False,True,False,False,False,False,False,False,False,False,True,False,False,False,True,False,False,True,False,False,True
2026-06-15,2026-06-15 00:00:00+09:00,136320,137990,135720,136290,21585193,69500,136855.0,129270.0,132310.0,132780.0,129803.33333333333,3,True,139500.0,0.02355271846797269,0.023252718467972687,0.0,-0.0008991458720562572,0.0,0.0,0.0011986815939304609,0.0005988024131020228,-0.0008991458720562572,0.001797484007032378,0.0008983381349761128,False,False,False,False,True,False,False,True,False,False,False,False,False,True,False,False,True,False,False,True,False,True,True,0.0001537160866911373,0.00015369246168740982,0.0,0.0,-0.000614911625832208,0.00107584733346311,0.0003074085483784636,0.00046093570763085516,0.0007683442560093853,False,True,True,False,False,True,False,False,False,True,False,False,False,False,True,True,False,True,True,False,False,True,False
2026-06-16,2026-06-16 00:00:00+09:00,139500,140425,136650,139550,16326022,69500,138537.5,136290.0,136855.0,137920.0,135036.66666666666,4,True,137720.0,-0.013113579362235783,-0.013413579362235783,-0.0008903398718433629,0.0005936479841901201,-0.0005936479841901054,0.0005936479841901201,-0.0011876485956560663,0.0016326534238853118,-0.0008903398718433629,0.0010386528124192223,0.0001483129405760163,False,True,False,False,False,True,False,False,False,False,True,False,True,False,True,False,True,False,False,True,False,True,True,-0.00045924225835836417,0.00030618493809316796,-0.00030618493809315945,-0.0009191177117629464,0.0006128389957393166,0.0006124636541168648,-0.00045924225835836417,0.00030618493809316796,-0.00015305732026517244,False,True,False,False,True,True,False,False,False,False,True,False,False,True,False,False,False,False,False,True,False,False,True
2026-06-17,2026-06-17 00:00:00+09:00,137720,142350,137610,142055,16301201,69500,139980.0,139550.0,138537.5,140802.5,139298.33333333334,4,True,142305.0,0.0017598817359474328,0.0014598817359474329,0.0003003003025570787,0.0,0.0,0.001350236496489964,-0.0010500263471323232,0.00015007128414145786,0.0003003003025570787,0.0004502814334992598,0.0007505817360561783,False,False,False,True,False,False,False,False,False,True,False,False,True,False,False,True,False,False,True,False,False,True,False,0.0012277472383223377,-0.0010741963742971516,-0.00030712530953946405,0.00030712530953945293,0.0009208103781379043,-0.0004602992026035646,-0.00015357444551420223,0.0007676364850736495,0.0006140620395594859,True,False,False,False,True,False,False,True,False,True,False,False,True,True,False,False,True,True,False,True,False,True,True
2026-06-18,2026-06-18 00:00:00+09:00,142305,147180,142180,146945,20153826,69500,144680.0,142055.0,139980.0,144500.0,142850.0,4,True,149000.0,0.013984824253972628,0.013684824253972628,-0.00015086369493806846,0.0,0.0,0.0,0.0006033182686773806,-0.00015079544626331445,-0.00015086369493806846,0.0004525228224140989,0.00030165912747617433,False,False,False,False,True,False,False,False,False,False,False,False,False,True,False,False,False,False,False,True,False,True,True,0.0,0.0,0.0004637860483535484,-0.0007730962889884341,0.0004639294910396024,0.0007727378485127087,0.0004637860483535484,0.000463571050563829,0.0009273570989173507,False,False,True,False,True,True,True,False,True,False,False,True,False,True,True,True,False,True,True,False,False,False,False
2026-06-19,2026-06-19 00:00:00+09:00,149000,152455,143100,146910,26620203,69500,147777.5,146945.0,144680.0,146927.5,145303.33333333334,2,True,144690.0,-0.015111292628139705,-0.015411292628139705,-0.0006024096567719113,0.0013549117616619072,0.0009022557003055626,0.0010516037925473146,-0.00015016142381248953,0.0015006005216839779,0.0016547578051956768,0.0024020428904188086,0.004056800695614469,False,True,True,True,False,True,True,True,True,False,True,True,True,False,True,True,True,True,True,False,False,True,False,0.0004652244791979285,0.0,0.0010846828366489006,-0.0006196746906272113,0.0007745333823807423,0.00030964545842699086,0.001549907315846748,0.00046450415018051144,0.002014411466027416,True,False,True,False,True,False,True,False,True,True,False,True,False,True,False,True,False,True,True,False,False,False,False
2026-06-22,2026-06-22 00:00:00+09:00,144690,150735,144345,148355,19335392,69500,147540.0,146910.0,147777.5,147632.5,147403.33333333334,4,True,148310.0,-0.0003033264804017666,-0.0006033264804017665,-0.00014935404403831746,-0.00014942099392756944,0.00014942099392764355,0.0010453222784152485,0.0007459903367213952,0.0019369744564592447,-0.00044812906866900664,0.0037282870715957504,0.003280158002926828,False,False,True,True,True,True,False,True,True,False,False,True,True,True,True,False,True,True,False,True,False,True,True,0.00015469100502658813,-0.0001546910050265806,0.0004640012456613817,0.0006183336106733256,0.0001545236810614467,0.0006178560591980444,0.0004640012456613817,0.0013907133509329977,0.0018547145965944988,False,False,True,True,False,True,True,True,True,True,False,True,True,False,False,True,True,True,True,False,True,True,False
2026-06-23,2026-06-23 00:00:00+09:00,148310,149200,132500,132820,32931869,69500,140850.0,148355.0,147540.0,140587.5,142695.0,0,False,134645.0,0.013740400542087139,0.013440400542087139,-0.0012139606953668186,0.0,0.0,-0.0010634258503117173,-0.0006081800400326048,-0.00167440483598383,-0.0012139606953668186,-0.0033460107263280333,-0.00455997142169483,False,False,False,False,False,False,False,False,False,False,False,False,False,False,False,False,False,False,False,False,False,False,False,-0.0009363296564226753,0.0,0.0,-0.0014061403769898158,-0.0003127443340580645,-0.0003128421736761795,-0.0009363296564226753,-0.0020317268847240048,-0.002968056541146665,False,False,False,False,False,False,False,False,False,False,False,False,False,False,False,False,False,False,False,False,False,False,False
2026-06-24,2026-06-24 00:00:00+09:00,134645,139495,130855,138145,32994512,69500,135175.0,132820.0,140850.0,135482.5,139773.33333333334,2,True,145980.0,0.05671576966231129,0.05641576966231129,0.0012258659212123451,-0.000459875841629768,-0.0004600874247251587,-0.0007672830883605019,0.0003069838857569999,0.00015345661044470973,-0.0004600874247251587,-0.0003068425921589432,-0.0007669300168840681,True,False,False,False,False,False,False,False,False,True,False,False,False,True,False,False,False,False,False,False,False,False,False,0.0006257822482063671,-0.00046929996950501084,-0.00046952031537870277,-0.0007830240788457245,-0.00031338138771047196,0.0,-0.0003130380366774844,-0.0010964054665561964,-0.0014094435032336043,True,False,False,False,False,False,False,False,False,True,False,False,False,False,False,False,False,False,False,False,False,False,False
2026-06-25,2026-06-25 00:00:00+09:00,145980,148120,143120,145830,17200294,69500,145620.0,138145.0,135175.0,141987.5,138931.66666666666,3,True,143990.0,-0.012617431255571576,-0.012917431255571576,0.00030441400539481543,0.0,-0.0004566557656037151,0.0,0.0010652059137011768,0.000760167273397525,-0.00015224176020873983,0.0018253731870987808,0.0016731314268900127,True,False,False,False,True,True,False,True,True,True,False,False,False,True,False,False,True,True,False,True,False,True,True,0.0001562377942402467,0.0,0.00046856697460188196,0.0,0.001248439612838276,-0.0003119638147278096,0.000624804768842178,0.0009364757981103144,0.0015612805669524105,False,False,True,False,True,False,True,True,True,True,False,True,False,True,False,True,True,True,True,False,False,True,False
2026-06-26,2026-06-26 00:00:00+09:00,143990,144850,132595,137380,29479487,69500,138722.5,145830.0,145620.0,141605.0,140451.66666666666,0,False,136495.0,-0.006441985733003364,-0.0067419857330033636,0.00046739893349154784,-0.0015588467692910788,0.0006243171733922687,-0.00046820133512334635,0.002027291142674737,0.0020231895470241494,-0.0012474662462884636,0.003582279354575526,0.0023348131082870246,True,False,True,False,True,True,False,True,True,True,False,True,False,True,True,False,True,True,False,True,False,True,True,-0.0006321112726277647,-0.0011071570921389045,0.0004746460021078066,-0.000474646002107763,0.0017392683647667188,0.0,-0.0012646223626588103,0.001264622362658796,0.0,False,False,True,False,True,False,False,True,False,False,False,True,False,True,False,False,True,False,False,True,False,False,True
2026-06-29,2026-06-29 00:00:00+09:00,136495,138710,131920,136415,22249173,69500,135315.0,137380.0,138722.5,136897.5,139875.0,0,False,136405.0,-7.330572151154069e-05,-0.00037330572151154066,0.0017039737683473542,0.0010828371388318981,0.0,0.00030916679794873404,-0.00015457145096078385,0.0029327797512634633,0.002786810907179216,0.003087375098251328,0.005874186005430739,True,True,False,False,False,True,True,True,True,True,True,False,False,False,True,True,True,True,True,False,False,True,False,-0.0009398496932422736,0.00015670296984193635,0.000626566436538452,0.00046966732761600935,-0.0014096642635077,0.001722653311446156,-0.00015658028686179787,0.0007826563755545536,0.0006260760886926801,False,True,True,True,False,True,False,True,False,False,True,True,True,False,True,False,True,True,False,True,False,True,True
2026-06-30,2026-06-30 00:00:00+09:00,136405,141290,133305,138580,17098232,69500,137297.5,136415.0,135315.0,137497.5,137458.33333333334,4,True,139670.0,0.007865492856111933,0.007565492856111933,-0.0016675513604184635,0.0,0.0,-0.0001517335561670142,0.00075843765486218,0.0,-0.0016675513604184635,0.000606704098695145,-0.0010608472617232943,False,False,False,False,True,False,False,False,False,False,False,False,False,True,False,False,False,False,False,True,False,False,True,-0.0007759758284924307,-0.0013982756880884005,0.0001554605521979483,0.0,-0.00015546055219800534,0.0010877166793811124,-0.0020187909643828044,0.0009322561271830626,-0.0010865348371996229,False,False,False,False,False,True,False,True,False,False,False,False,False,False,True,False,True,False,False,True,False,False,True
2026-07-01,2026-07-01 00:00:00+09:00,139670,140555,131615,134525,16469581,69500,136085.0,138580.0,137297.5,136552.5,136506.66666666666,0,False,127565.0,-0.051737595242519974,-0.052037595242519975,-0.0004508905163937188,0.0006011421882262748,-0.0006011421882262519,0.0006011421882262748,-0.0007515971793122311,0.0,-0.0004508905163937188,-0.00030070666291849514,-0.0007515971793122311,False,True,False,False,False,False,False,False,False,False,True,False,True,False,False,False,False,False,False,False,False,False,False,0.0009293680966330201,-0.0009293680966330249,-0.00015497869074023037,-0.00015500271285786427,0.00015500271285791726,0.0006197707046852454,-0.00015497869074023037,0.0006197707046852454,0.00046479201394500444,True,False,False,False,False,True,False,False,False,True,False,False,False,False,False,False,True,False,False,True,False,True,True
2026-07-02,2026-07-02 00:00:00+09:00,127565,131225,121950,123530,24238689,69500,126587.5,134525.0,136085.0,129027.5,132211.66666666666,0,False,124385.0,0.006921395612401904,0.006621395612401904,-0.002127337073366178,-0.00045637788880665414,0.0,-0.0022850188935392896,-0.0010681316343217817,0.0004579104101992859,-0.002431612140372221,-0.002895240117661879,-0.0053268522580341236,False,False,False,False,False,False,False,False,False,False,False,False,False,False,False,False,False,False,False,False,False,False,False,-0.0006177606374069128,-0.0006181425015247985,0.0,-0.0015470300115126819,-0.0003096934060057072,0.0006192909316984303,-0.0012359031389316164,-0.0012374324858200128,-0.002473335624751582,False,False,False,False,False,True,False,False,False,False,False,False,False,False,False,False,False,False,False,False,False,False,False
2026-07-03,2026-07-03 00:00:00+09:00,124385,131765,118650,131010,25609740,69500,125207.5,123530.0,126587.5,127270.0,129688.33333333333,4,True,132760.0,0.013357758949698484,0.013057758949698484,0.0006130268391213541,0.0,0.0,0.0010718935257979533,0.0004590314517140072,-0.0004590314517140457,0.0006130268391213541,0.0010718935257979533,0.0016849203649194455,True,False,False,True,False,False,True,False,False,True,False,False,True,True,False,True,False,True,True,False,False,True,False,0.0,0.0,0.0,0.0010801636726497183,0.0,-0.00046278442785074647,0.0,0.0006173792447990023,0.0006173792447990023,False,False,False,True,False,False,False,False,False,False,False,False,True,False,False,False,True,True,False,False,False,True,False
2026-07-06,2026-07-06 00:00:00+09:00,132760,134720,126000,130125,20416755,69500,130360.0,131010.0,125207.5,130567.5,128221.66666666667,2,True,127350.0,-0.021325648414985632,-0.021625648414985633,-0.00015355086402536392,0.0,0.0004605818765691834,0.0,-0.0003070310125439903,0.00030703101254406825,0.00030703101254406825,0.0,0.00030703101254406825,False,False,True,False,False,False,True,False,False,False,False,True,False,False,False,True,False,False,False,False,False,False,False,-0.0004634994289235606,0.0013898542890542977,0.0,-0.0009263548601306772,0.0006176652450850572,0.00030868961504573414,0.0009263548601306608,0.0,0.0009263548601306608,False,True,False,False,True,False,True,False,True,False,True,False,False,True,False,True,False,True,False,False,False,False,False
2026-07-07,2026-07-07 00:00:00+09:00,127350,128695,118870,123710,23459803,69500,123782.5,130125.0,130360.0,126917.5,128281.66666666667,0,False,119975.0,-0.030191577075418308,-0.03049157707541831,0.0026252814089738285,0.0009249268425689904,0.00030811893634624915,0.0,0.0,-0.00015404760101324005,0.003858327187889019,-0.00015404760101324005,0.0037042795868758075,True,True,True,False,False,False,True,False,True,True,True,True,False,False,False,True,False,True,False,False,False,False,False,0.0006159532070319814,0.0,0.0,0.0,0.0001539290390170913,0.0001539053485146604,0.0006159532070319814,0.0003078343875317394,0.0009237875945636812,True,False,False,False,False,False,True,False,True,True,False,False,False,False,False,True,False,True,True,False,False,False,False
2026-07-08,2026-07-08 00:00:00+09:00,119975,125895,115560,116865,28898857,69500,120727.5,123710.0,123782.5,120287.5,123566.66666666667,0,False,121315.0,0.0380781243314936,0.0377781243314936,-0.0024883372092941976,-0.00046725333768111294,0.0,0.0009342884516424128,-0.001245912012905268,0.0,-0.0029555905469752647,-0.0003116235612628784,-0.0032672141082381234,False,False,False,True,False,False,False,False,False,False,False,False,True,False,False,False,False,False,False,False,False,False,False,0.0,-0.0013896396893883216,-0.00015449980718257954,0.0,-0.0009275004529492059,0.0007729767718876443,-0.0013896396893883216,-0.00015452368106158012,-0.0015441633704499239,False,False,False,False,False,True,False,False,False,False,False,False,False,False,True,False,False,False,False,False,False,False,False
2026-07-09,2026-07-09 00:00:00+09:00,121315,122080,113760,117700,25543395,69500,117920.0,116865.0,120727.5,117282.5,119425.0,1,False,122250.0,0.038657604078164765,0.03835760407816476,0.0,0.0009289364346588147,0.0009280743125538113,0.0,0.0013904984859196875,0.0,0.0018570107472126892,0.0013904984859196875,0.0032475092331322323,False,True,True,False,True,False,True,True,True,False,True,True,False,True,False,True,True,True,True,False,False,False,False,0.0,0.0007729767718876443,0.0,0.0,0.0015441633704498118,-0.00046299869644132963,0.0007729767718876443,0.0010811646740085045,0.0018541414458963091,False,True,False,False,True,False,True,True,True,False,True,False,False,True,False,True,True,True,True,False,False,True,False
2026-07-10,2026-07-10 00:00:00+09:00,122250,124395,119630,120605,21935200,69500,122012.5,117700.0,117920.0,119152.5,118390.0,3,True,119630.0,-0.008084241946851312,-0.008384241946851312,0.0007652866371817896,0.0,0.0,-0.002450981619140185,-0.0003067955231917836,-0.00122812419489187,0.0007652866371817896,-0.0039859013372239155,-0.003220614700042172,True,False,False,False,False,False,True,False,False,True,False,False,False,False,False,True,False,False,False,False,False,False,False,0.00030778701381794555,0.00030769231011983615,0.0,-0.0006154793239378036,0.000461645003197558,-0.0006155740422145572,0.0006154793239378371,-0.0007694083629548988,-0.00015392903901710362,True,True,False,False,False,False,True,False,False,True,True,False,False,True,False,True,False,False,False,False,False,False,False
2026-07-13,2026-07-13 00:00:00+09:00,119630,121305,108100,108820,28358089,69500,114702.5,120605.0,122012.5,114712.5,115708.33333333333,0,False,108820.0,0.0,-0.0003,0.00015430908139551445,0.0,0.0,0.00015428527377675294,-0.0015439249631651118,0.0,0.00015430908139551445,-0.0013896396893883216,-0.0012353306079927434,False,False,False,False,False,False,False,False,False,False,False,False,False,False,False,False,False,False,False,False,False,False,False,0.0001539290390170913,0.0,0.0,0.0007692899833197609,-0.0007692899833197306,0.0010768403471156612,0.0001539290390170913,0.0010768403471156612,0.0012307693861326667,False,False,False,True,False,True,False,True,True,True,False,False,True,False,True,False,True,True,True,False,False,True,False
2026-07-14,2026-07-14 00:00:00+09:00,108820,111880,102785,109720,33989327,69500,107332.5,108820.0,114702.5,109270.0,113048.33333333333,2,True,116585.0,0.06256835581480136,0.062268355814801356,0.0,0.0,0.0009260689039670088,0.0,0.00046271304905165793,-0.00015421389497748903,0.0009260689039670088,0.00030849915407401874,0.0012345680580409908,False,False,True,False,True,False,True,False,False,False,False,True,False,True,False,True,False,True,True,False,False,False,False,0.001078001182395181,-0.0003078817758310859,0.0,0.00030788177583112436,0.0010768403471156612,-0.0009229349986009506,0.0007701194065642521,0.00046178712434580396,0.0012319065309098738,True,False,False,True,True,False,True,False,True,True,False,False,True,True,False,True,False,True,True,False,False,False,False
2026-07-15,2026-07-15 00:00:00+09:00,116585,119470,115550,116735,21886708,69500,117510.0,109720.0,107332.5,113227.5,111758.33333333333,4,True,111120.0,-0.0481003983381163,-0.0484003983381163,0.0,0.0,0.001521838674477761,0.00030409001298644945,0.0,0.00015201033699565654,0.001521838674477761,0.00045610034998195143,0.0019779390244598384,False,False,True,False,False,False,True,False,True,False,False,True,False,False,False,True,False,True,True,False,False,False,False,0.00030623181987900926,0.0,0.00015308075039458872,-0.0009188362055328713,0.0,0.0009188362055328711,0.0004593125702735232,0.0,0.0004593125702735232,False,False,False,False,False,True,False,False,False,True,False,True,False,False,True,True,False,False,False,False,False,False,False
2026-07-16,2026-07-16 00:00:00+09:00,111120,111735,107145,109000,20103895,69500,109440.0,116735.0,117510.0,112867.5,111818.33333333333,0,False,104250.0,-0.04357798165137616,-0.043877981651376165,-0.000923076988620876,0.0,0.0,0.0007692899833197609,0.0006150061694460637,-0.0007688168288279935,-0.000923076988620876,0.0006154793239378371,-0.00030759766468305014,False,False,False,True,True,False,False,False,False,False,False,False,True,True,False,False,False,False,False,True,False,False,True,-0.0016808010680216252,0.0004586805370533085,-0.0012236159373137908,0.0010707458001973607,-0.0006117143484831633,0.00045882083851476915,-0.0024457364682821305,0.0009178522902289597,-0.0015278841780531757,False,True,False,True,False,False,False,True,False,False,True,False,True,False,False,False,True,False,False,True,False,False,True
2026-07-20,2026-07-20 00:00:00+09:00,104250,108950,103020,104095,24229515,69500,105985.0,109000.0,109440.0,106547.5,109943.33333333333,0,False,103805.0,-0.002785916710696945,-0.003085916710696945,-0.0007925814792333753,0.0007924558620590237,0.0,0.0007928328330943282,-0.001427551991185446,0.0,-0.0011097900465244373,-0.0006347191580910138,-0.0017445092046155255,False,True,False,True,False,False,False,False,False,False,True,False,True,False,False,False,False,False,False,False,False,False,False,-0.00031075202238883186,-0.0001554122312553902,0.0,0.0,-0.0003108969401694055,0.0,-0.000466164253644161,-0.0003108969401694055,-0.0007770611938135277,False,False,False,False,False,False,False,False,False,False,False,False,False,False,False,False,False,False,False,False,False,False,False
2026-07-21,2026-07-21 00:00:00+09:00,103805,109695,102455,108140,20630435,69500,106075.0,104095.0,105985.0,106117.5,107078.33333333333,4,True,113570.0,0.050212687257259025,0.049912687257259024,0.0,0.0017294242184836917,0.00031411968218070886,0.0010986425024080444,0.0,0.0,0.002043543900664434,0.0010986425024080444,0.0031421864030724955,False,True,True,True,False,False,True,True,True,False,True,True,True,False,False,True,True,True,True,False,False,False,False,0.0,0.0004648640356433383,-0.00015493066883573876,-0.00015493066883573876,-0.00030993336680761534,0.0003099333668077635,0.0003099333668077635,-0.00015493066883573876,0.0003099333668077635,False,True,False,False,False,False,False,False,False,False,True,False,False,False,False,False,False,False,False,False,False,False,False
2026-07-22,2026-07-22 00:00:00+09:00,113570,115000,108315,108315,18621312,69500,111657.5,108140.0,106075.0,108227.5,106850.0,3,True,111220.0,0.026819923371647514,0.026519923371647512,0.0,-0.0007827789049408337,0.0007827789049407663,-0.0014094435032336043,0.0,-0.001725355302137849,0.0,-0.0031347988053715033,-0.0031347988053715033,False,False,True,False,False,False,False,False,False,False,False,True,False,False,False,False,False,False,False,False,False,False,False,0.0,0.0,-0.0009273570989173494,0.0,-0.00046400124566145295,-0.0004642166427658592,-0.0009273570989173494,-0.0009282178884272723,-0.0018555749873447316,False,False,False,False,False,False,False,False,False,False,False,False,False,False,False,False,False,False,False,False,False,False,False
2026-07-23,2026-07-23 00:00:00+09:00,111220,113600,110150,113230,13470411,69500,111875.0,108315.0,111657.5,110772.5,109895.0,4,True,111530.0,-0.015013688951691195,-0.015313688951691195,0.0,0.0,-0.0004706989966877457,-0.0006279435057202077,0.0,0.0017258967177364451,-0.0004706989966877457,0.0010979532120161198,0.0006272542153283298,False,False,False,False,False,True,False,True,False,False,False,False,False,False,True,False,True,False,False,True,False,True,True,0.00123724111050264,0.0,-0.0015467907182986822,0.0,-0.00015481074417485807,0.0007738141684586963,-0.00030954960779607627,0.0006190034242837364,0.0003094538164877868,True,False,False,False,False,True,False,False,False,True,False,False,False,False,True,False,True,False,False,True,False,True,True
2026-07-24,2026-07-24 00:00:00+09:00,111530,111685,105445,106365,16981074,69500,108565.0,113230.0,111875.0,109797.5,109303.33333333333,0,False,108800.0,0.02289286889484332,0.02259286889484332,-0.000639284023689956,0.0006392840236900056,-0.0011190153833342186,-0.0012804099060445813,-0.0006408202718493671,0.0016012813669738276,-0.0011190153833342186,-0.00031994881092005476,-0.0014389641942543227,False,True,False,False,False,True,False,False,False,False,True,False,False,False,True,False,False,False,False,False,False,False,False,-0.0001563599409017714,0.0004690064965202063,-0.0009380863727334674,-0.00046937339514628774,0.0,0.0,-0.00046915318711797756,-0.00046937339514628774,-0.0009385265822643885,False,True,False,False,False,False,False,False,False,False,True,False,False,False,False,False,False,False,False,False,False,False,False
2026-07-27,2026-07-27 00:00:00+09:00,108800,108800,103990,107730,15613649,69500,106395.0,106365.0,108565.0,107047.5,109108.33333333333,1,False,101555.0,-0.05731922398589062,-0.05761922398589062,0.0,0.0,0.0,0.0020679240646891343,-0.0007948494178911399,0.0003180155854437868,0.0,0.0015910902322419035,0.0015910902322419035,False,False,False,True,False,True,False,True,False,False,False,False,True,False,False,False,True,True,False,False,False,True,False,0.0003100294552812985,0.0,0.0,0.0013939443130660373,-0.0009290802774225943,0.00046464803747764253,0.0003100294552812985,0.000929512073121155,0.0012395415284023178,True,False,False,True,False,False,True,True,True,True,False,False,True,False,False,True,True,True,True,False,False,True,False
2026-07-28,2026-07-28 00:00:00+09:00,101555,101900,94810,95675,21909756,69500,98355.0,107730.0,106395.0,101702.5,103256.66666666667,0,False,96615.0,0.00982492814214786,0.00952492814214786,-0.0014721520610818555,0.0,0.0,-0.0004911993549438008,-0.0013110457466230722,0.002783920573072651,-0.0014721520610818555,0.0009816754715058053,-0.0004904765895760101,False,False,False,False,False,True,False,True,False,False,False,False,False,False,True,False,False,False,False,True,False,False,True,-0.0012547053088963831,0.00015692428435503598,0.0006274510009774876,-0.0004705513379899081,0.0007841292646734831,0.00047018259623355974,-0.00047033002356392444,0.0007837605229171234,0.0003134304993532444,False,True,True,False,True,False,False,True,False,False,True,True,False,True,False,False,True,False,False,True,False,True,True
2026-07-29,2026-07-29 00:00:00+09:00,96615,98910,82710,89605,38902565,69500,90810.0,95675.0,98355.0,92640.0,97670.0,0,False,89325.0,-0.003124825623570082,-0.003424825623570082,0.0,-0.00016400164038400363,-0.00032808399244422664,-0.002793068438633527,0.0017096269287733285,0.0014115255023043798,-0.0004920856328282325,0.000328083992444124,-0.00016400164038400363,False,False,False,False,True,True,False,False,False,False,False,False,False,True,True,False,False,False,False,True,False,False,True,0.00031206116652063076,-0.00031206116652052315,-0.0003121585790916413,-0.0007808230271000759,0.0014050427727122375,-0.0001560184104888547,-0.0003121585790916413,0.00046820133512339844,0.00015604275603161127,True,False,False,False,True,False,False,False,False,True,False,False,False,True,False,False,False,False,False,True,False,True,True
2026-07-30,2026-07-30 00:00:00+09:00,89325,94300,86785,87635,40431123,69500,90542.5,89605.0,90810.0,88620.0,90971.66666666667,0,False,97905.0,0.11719062018599868,0.11689062018599869,0.0,0.0023228814161397287,-0.0026551625290158385,0.000498380274457352,-0.0004983802744573273,-0.0013302296607372562,-0.0003322811128761814,-0.0013302296607372562,-0.001662510773613414,False,True,False,False,False,False,False,False,False,False,True,False,True,False,False,False,False,False,False,False,False,False,False,-0.00047382137820846506,0.00031590586268086224,0.0003158060976823809,-0.0012638232329909157,0.0,0.00047412090971111744,0.00015789058215470497,-0.0007897023232797102,-0.0006318117411249915,False,True,True,False,False,True,False,False,False,False,True,True,False,False,False,False,False,False,False,False,False,False,False
2026-07-31,2026-07-31 00:00:00+09:00,97905,110000,97475,108820,34727609,69500,103737.5,87635.0,90542.5,98227.5,95353.33333333333,4,True,101980.0,-0.06285609263003122,-0.06315609263003122,0.0014373555137736406,-0.0006385696257860324,0.0,0.0017550862103923336,0.0003187759032414486,-0.0006376534569637599,0.0007987858879874189,0.0014362086566698997,0.0022349945446573263,True,False,False,True,True,False,True,True,True,True,False,False,True,True,False,True,True,True,True,False,False,True,False,0.0,0.0,0.0,0.0,0.00046500814602166616,-0.00015497869074023037,0.0,0.0003100294552812985,0.0003100294552812985,False,False,False,False,True,False,False,False,False,False,False,False,False,True,False,False,False,False,False,False,False,True,False
2026-08-03,2026-08-03 00:00:00+09:00,101980,102000,98355,99105,27169695,69500,100177.5,108820.0,103737.5,103962.5,98520.0,1,False,100720.0,0.01629584783815141,0.01599584783815141,0.00015919764421120372,0.0,-0.00015919764421108197,-0.00031847134027133365,0.00031847134027132665,-0.00031847134027133365,0.0,-0.00031847134027133365,-0.00031847134027133365,True,False,False,False,True,False,False,False,False,True,False,False,False,True,False,False,False,False,False,False,False,False,False,0.0,0.0,0.0,0.0,0.00030773965468286355,0.0,0.0,0.00030773965468286355,0.00030773965468286355,False,False,False,False,False,False,False,False,False,False,False,False,False,True,False,False,False,False,False,False,False,True,False
2026-08-04,2026-08-04 00:00:00+09:00,100720,101110,95720,100330,21430764,69500,98415.0,99105.0,100177.5,99717.5,102751.66666666667,2,True,105050.0,0.04704475231735272,0.04674475231735272,0.001571833080616514,-0.00047129055934785587,0.0009423591085315753,0.00015697355027912812,0.0004707728607935948,0.00015687504934515384,0.002042901629800331,0.0007846214604179258,0.0028275230902181686,True,False,True,False,True,True,True,True,True,True,False,True,False,True,False,True,False,True,True,False,True,False,False,0.0003042287823891016,0.0,-0.0010652059137011996,0.0010652059137011768,0.0,0.0,-0.0007609771313120997,0.0010652059137011768,0.0003042287823891016,False,False,False,True,False,False,False,True,False,True,False,False,True,False,False,False,True,False,False,True,False,True,True
2026-08-05,2026-08-05 00:00:00+09:00,105050,105660,103300,104300,18191398,69500,104480.0,100330.0,98415.0,102315.0,101245.0,3,True,102060.0,-0.02147651006711404,-0.021776510067114042,0.0,0.0003046458515564185,0.001521838674477761,-0.00045630847243965147,0.00015212596058851045,-0.0012176561626267833,0.0018264845260342812,-0.0015218386744778214,0.0003046458515564185,False,True,True,False,False,False,True,False,False,False,True,True,False,False,False,True,False,False,False,False,False,False,False,-0.0002986411848386882,0.00014933174073900437,0.0004478614690071964,-0.00014926487078991148,-0.00014928715411765091,0.0005970149431058931,0.0002985520249074603,0.00029846291819838466,0.0005970149431058931,False,False,True,False,False,True,False,False,True,False,False,True,False,False,True,False,False,False,True,False,False,False,False
2026-08-06,2026-08-06 00:00:00+09:00,102060,103220,98030,98900,14845527,69500,100625.0,104300.0,104480.0,101600.0,101176.66666666667,0,False,99800.0,0.009100101112234471,0.008800101112234471,-0.0007707129475914402,0.0,-0.00030845157554860943,0.00015423768057094774,-0.0021614953606205133,0.0012357122363282882,-0.001079164523140016,-0.0007715454437210744,-0.0018507099668610926,False,False,False,False,False,True,False,False,False,False,False,False,False,False,True,False,False,False,False,False,False,False,False,0.0,0.0,0.0,-0.00044967399393714753,-0.0008996851708976849,0.0014990259140407881,0.0,0.00044947187811903604,0.00044947187811903604,False,False,False,False,False,True,False,False,True,False,False,False,False,False,True,False,False,False,False,False,False,True,False
2026-08-07,2026-08-07 00:00:00+09:00,99800,100880,96515,98090,14130664,69500,98697.5,98900.0,100625.0,98495.0,100430.0,0,False,98835.0,0.00759506575593849,0.0072950657559384905,0.0,-0.0007721411857644405,0.00015447594067948274,0.0007720219637676163,0.0,0.001079830417306109,-0.0006176652450849856,0.0018518523810737264,0.001234187135988748,False,False,False,True,False,True,False,True,False,False,False,True,True,False,True,False,True,True,False,True,False,True,True,0.0,-0.00015036463452138037,0.0,0.0,0.000751597179312122,0.0,-0.00015036463452138037,0.000751597179312122,0.0006012325447908161,False,False,False,False,True,False,False,True,True,False,False,False,False,True,False,False,True,False,False,True,False,True,True
2026-08-10,2026-08-10 00:00:00+09:00,98835,100345,97260,98265,13128894,69500,98802.5,98090.0,98697.5,98177.5,98418.33333333333,1,False,97570.0,-0.007072711545311194,-0.007372711545311194,0.0006096631799873615,-0.0001523809526757842,0.0,0.0003047386889346538,0.0006091989222825442,-0.0004568643953675997,0.0004572822273115266,0.0004570732158495172,0.0009143554431610026,True,False,False,False,True,False,False,False,False,True,False,False,False,True,False,True,False,False,True,False,False,False,False,0.0,0.00029859659821742377,-0.0005972823829947159,0.00014935404403845908,0.0008956561279443863,-0.0008956561279444061,-0.00029868578477735706,0.00014935404403845908,-0.00014933174073896647,False,True,False,True,True,False,False,False,False,False,True,False,False,True,False,False,False,False,False,True,False,False,True
2026-08-11,2026-08-11 00:00:00+09:00,97570,100350,96650,99265,14065397,69500,98500.0,98265.0,98802.5,98765.0,98540.0,4,True,100550.0,0.012945146829194565,0.012645146829194565,-0.00030557677854285237,-0.0004585403213702404,0.0,-0.0004587506770568347,0.00030585716708836635,-0.0007648183929220399,-0.0007641170999131187,-0.0009177119028904576,-0.0016818290028034763,False,False,False,False,False,False,False,False,False,False,False,False,False,False,False,False,False,False,False,False,False,False,False,-0.00014924259411334186,0.0,-0.00029855202490752325,0.0,-0.00014930944409966977,-0.0007468818033356074,-0.0004477946190208619,-0.0008961912474353148,-0.0013439858664561339,False,False,False,False,False,False,False,False,False,False,False,False,False,False,False,False,False,False,False,False,False,False,False
2026-08-12,2026-08-12 00:00:00+09:00,100550,104990,100240,103250,15084783,69500,102615.0,99265.0,98500.0,101257.5,100260.0,4,True,107030.0,0.03661016949152551,0.03631016949152551,0.0007679902074730576,0.0004605111755341576,0.0,0.0,-0.00030698388575700294,0.0006138735613281546,0.0012285013830073243,0.0003068896755710468,0.0015353910585785364,True,True,False,False,False,True,True,False,True,True,True,False,False,False,True,True,False,True,True,False,False,False,False,0.0,0.0,0.0,0.00015000375037501013,0.0,0.0,0.0,0.00015000375037501013,0.00015000375037501013,False,False,False,True,False,False,False,False,False,False,False,False,False,False,False,False,False,False,False,False,False,True,False
2026-08-13,2026-08-13 00:00:00+09:00,107030,108930,106440,107270,18227047,69500,107685.0,103250.0,102615.0,105260.0,103261.66666666667,4,True,110220.0,0.027500699170317944,0.027200699170317942,-0.000761788716660396,0.0,-0.0001524041761694501,-0.0006098490812580696,-0.00030506406581915966,0.0009149131470773558,-0.000761788716660396,0.0,-0.000761788716660396,False,False,False,False,False,True,False,False,False,False,False,False,False,False,True,False,False,False,False,False,False,False,False,0.0,0.0,0.0,0.0,-0.0004485310682956321,-0.0002991325179349631,0.0,-0.0007476635862306207,-0.0007476635862306207,False,False,False,False,False,False,False,False,False,False,False,False,False,False,False,False,False,False,False,False,False,False,False
2026-08-14,2026-08-14 00:00:00+09:00,110220,110800,108145,110060,17088038,69500,109472.5,107270.0,107685.0,108665.0,106860.0,3,True,113010.0,0.026803561693621747,0.026503561693621745,0.0,0.0,0.0004532749189944098,0.0003020691761376076,-0.0004531379882687452,0.0,0.0004532749189944098,-0.00015106881213105975,0.0003022061068633118,False,False,True,False,False,False,True,False,False,False,False,True,False,False,False,False,False,False,False,False,False,False,False,0.0,0.0,0.00014862153553397598,0.0,-0.0005946187182781842,0.0005946187182782177,0.00014862153553397598,0.0,0.00014862153553397598,False,False,True,False,False,True,True,False,False,False,False,True,False,False,True,False,False,False,False,False,False,False,False
2026-08-18,2026-08-18 00:00:00+09:00,113010,114710,107220,108550,20274228,69500,110965.0,110060.0,109472.5,109305.0,108626.66666666667,0,False,102635.0,-0.05449101796407185,-0.054791017964071854,-0.00045770082422348326,0.00015259021926314218,-0.00030520372585451136,-0.0015274174345761271,0.0009167303926962515,0.0016784928027099078,-0.0006103143308149407,0.001067805760830137,0.0004574914300152363,False,True,False,False,True,True,False,True,False,False,True,False,False,True,True,False,False,False,False,True,False,True,True,0.0,0.0,-0.0009011715839674556,-0.00015027425078993625,-0.0001502968365345372,0.001201742671291831,-0.0004506873057582387,0.0009011715839674368,0.0004504842782092821,False,False,False,False,False,True,False,True,True,False,False,False,False,False,True,False,True,False,False,True,False,True,True
2026-08-19,2026-08-19 00:00:00+09:00,102635,104040,100655,101760,20456444,69500,102347.5,108550.0,110965.0,105155.0,106790.0,0,False,104975.0,0.031593946540880546,0.031293946540880545,-0.0003087849337488221,-0.0015453565121473242,-0.0001546670794205094,-0.0009285051734851152,0.0018561490247934376,0.00015449980718260347,-0.00200880852531674,0.0012366673395523854,-0.0007721411857644405,False,False,False,False,True,False,False,True,False,False,False,False,False,True,False,False,True,False,False,True,False,False,True,-0.0015089787079393359,-0.0007548879349951321,0.0,0.0,0.00015102318234553697,0.00045293274723133347,-0.0016600018902848616,0.0006039559295768296,-0.0010560459607079666,False,False,False,False,True,False,False,True,False,False,False,False,False,False,False,False,False,False,False,True,False,False,True
2026-08-20,2026-08-20 00:00:00+09:00,104975,109380,103660,108190,33024560,69500,106520.0,101760.0,102347.5,104975.0,106166.66666666667,4,True,106835.0,-0.012524262870875269,-0.012824262870875269,-0.000614911625832208,0.00015376335849479335,-0.00015376335849472301,0.0,0.0007685804697766309,0.0007679902074730576,-0.000614911625832208,0.0015365706772497842,0.0009216590514174618,False,True,False,False,True,False,False,True,True,False,True,False,False,True,True,False,True,False,False,True,False,True,True,0.0,-0.00030025521919018887,0.0,0.0,0.0,0.0,-0.00030025521919018887,0.0,-0.00030025521919018887,False,False,False,False,False,False,False,False,False,False,False,False,False,False,False,False,False,False,False,False,False,False,False
2026-08-21,2026-08-21 00:00:00+09:00,106835,110860,106460,109980,33240038,69500,108660.0,108190.0,106520.0,109085.0,106643.33333333333,4,True,109495.0,-0.00440989270776504,-0.0047098927077650395,0.0,0.0,-0.0004653688131764271,0.0006204436370895256,-0.0004652966349941899,0.00046529663499423794,-0.0004653688131764271,0.0006204436370895256,0.0001550748239132246,False,False,False,True,False,False,False,False,False,False,False,False,True,False,False,False,False,False,False,True,False,True,True,-0.0006060606246115743,0.0,0.0,0.0,0.00015154959489496704,0.00045451102971662906,-0.0006060606246115743,0.0006060606246116708,0.0,False,False,False,False,True,False,False,True,False,False,False,False,False,False,False,False,False,False,False,True,False,False,True
2026-08-24,2026-08-24 00:00:00+09:00,109495,109500,105290,105995,16347489,69500,107395.0,109980.0,108660.0,107987.5,108055.0,0,False,103035.0,-0.02792584555875277,-0.028225845558752773,-0.001089748687279292,0.0,0.0,-0.0020269750449852437,-0.000156091469918098,0.0006242197456122816,-0.001089748687279292,-0.0015588467692910788,-0.002648595456570437,False,False,False,False,False,False,False,False,False,False,False,False,False,False,True,False,False,False,False,False,False,False,False,-0.0012099215027131982,0.0,0.0,-0.0006055101607953163,0.0,0.0,-0.0012099215027131982,-0.0006055101607953163,-0.0018154316635086494,False,False,False,False,False,False,False,False,False,False,False,False,False,False,False,False,False,False,False,False,False,False,False
2026-08-25,2026-08-25 00:00:00+09:00,103035,106795,101105,106795,18853969,69500,103950.0,105995.0,107395.0,106395.0,107590.0,2,True,106350.0,-0.004166861744463679,-0.004466861744463679,0.0012464943963591086,-0.00046725333768111294,0.0,0.0,0.0009342884516424128,0.0010889010953817023,0.0007792410586780141,0.0020231895470241494,0.0028024306057021155,True,False,False,False,True,True,True,True,True,True,False,False,False,True,True,True,True,True,True,False,False,True,False,0.0,0.0,0.00015120586707572707,0.0,-0.00015120586707568698,0.0012090072501837823,0.00015120586707572707,0.0010578013831081077,0.0012090072501837823,False,False,True,False,False,True,True,True,True,False,False,True,False,False,True,False,True,True,True,False,False,True,False
2026-08-26,2026-08-26 00:00:00+09:00,106350,109120,105850,107710,20485425,69500,107485.0,106795.0,103950.0,107252.5,106833.33333333333,4,True,110900.0,0.029616562993222573,0.02931656299322257,0.0007788768989440113,-0.0007788768989438909,0.00015582391928678914,-0.00046754462006537076,0.0003117207007785039,0.00046739893349154784,0.00015582391928678914,0.00031157501420467425,0.00046739893349154784,True,False,True,False,False,False,False,False,False,True,False,True,False,False,False,False,False,False,True,False,False,True,False,0.0009067553893158317,-0.0009067553893157835,0.0,-0.0003024346008233416,0.00015122873374764123,0.0006046863373971379,0.0,0.0004534804703214016,0.0004534804703214016,True,False,False,False,False,True,True,False,True,True,False,False,False,False,True,False,False,False,False,False,False,True,False
2026-08-27,2026-08-27 00:00:00+09:00,110900,110910,108195,109135,18603034,69500,109552.5,107710.0,107485.0,108422.5,107880.0,3,True,108045.0,-0.009987629999541836,-0.010287629999541836,0.0,-0.0001545953469879835,0.0001545953469880497,-0.0012374324858200128,-0.0009290802774225943,0.0024756317765231555,0.0,0.00030911901328068255,0.00030911901328068255,False,False,True,False,False,True,False,False,False,False,False,True,False,False,True,False,False,False,False,False,False,True,False,-0.00015061375132023234,-0.00015063643923939952,0.00015063643923945045,-0.0004519774088242649,-0.00015070454402724747,0.0012050008989333161,-0.00015061375132023234,0.0006023189460819274,0.0004517051947616623,False,False,True,False,False,True,False,True,True,False,False,True,False,False,True,False,False,False,False,True,False,True,True
2026-08-28,2026-08-28 00:00:00+09:00,108045,109270,107050,107180,21388836,69500,108160.0,109135.0,109552.5,108157.5,108008.33333333333,0,False,104455.0,-0.02542451949990665,-0.025724519499906652,-0.0004615739754231516,-0.00015390534851464336,-0.00015392903901710362,0.0004617160528350122,0.00015385798937969577,0.0012300124551998545,-0.0007694083629548988,0.0018455864974145774,0.0010761781344596146,False,False,False,True,False,True,False,True,True,False,False,False,True,False,True,False,True,False,False,True,False,True,True,-0.00015022909965904137,0.0009010362525804243,-0.00105128792441301,0.00015025167183259022,0.00015022909965912404,0.0007508071529214418,-0.00030048077149161793,0.0010512879244130445,0.0007508071529214418,False,True,False,True,False,True,False,True,True,False,True,False,True,False,True,False,True,True,False,True,False,True,True
2026-08-31,2026-08-31 00:00:00+09:00,104455,107615,103015,107615,20845744,69500,105315.0,107180.0,108160.0,107397.5,107976.66666666667,2,True,106630.0,-0.009152999117223448,-0.009452999117223448,0.0,0.0,0.0009276438513082009,0.0,0.00030902348824413876,0.0021604946675451296,0.0009276438513082009,0.0024695181557892894,0.003397162007097634,False,False,True,False,False,True,True,True,True,False,False,True,False,False,True,True,True,True,True,False,False,True,False,0.0,0.0,0.0,0.0,0.0,0.0010546140337159668,0.0,0.0010546140337159668,0.0010546140337159668,False,False,False,False,False,True,True,True,True,False,False,False,False,False,True,False,True,True,False,False,False,True,False
2026-09-01,2026-09-01 00:00:00+09:00,106630,108415,106090,107885,21997851,69500,107252.5,107615.0,105315.0,107750.0,107560.0,4,True,104525.0,-0.03114427399545816,-0.03144427399545816,0.0009257831242920053,0.0006167129396820761,0.0015401204337967972,-0.0003078343875317299,-0.0013864286284585076,0.0,0.003082616497771086,-0.0016942630159901947,0.0013883534817807418,True,True,True,False,False,False,True,False,True,True,True,True,False,False,False,True,False,True,False,False,False,False,False,0.0007542047269039846,0.0001507727104251185,0.0007535227543640424,-0.00030134096958485624,-0.0004521817847790778,-0.000150772710425083,0.001658500191693028,-0.0009042954647890404,0.0007542047269039846,True,True,True,False,False,False,True,False,True,True,True,True,False,False,False,True,False,True,False,False,False,False,False
2026-09-02,2026-09-02 00:00:00+09:00,104525,105675,103485,103500,21280421,69500,104580.0,107885.0,107252.5,105692.5,106333.33333333333,0,False,104920.0,0.013719806763285103,0.013419806763285103,0.0001565802868618574,0.00015655577331385244,-0.0004697408682633345,-0.00046996162845083566,-0.0006269592681859449,-0.0010981254535146878,-0.00015660480808768183,-0.0021950463501514954,-0.002351651158239124,True,True,False,False,False,False,False,False,False,True,True,False,False,False,False,False,False,False,False,False,False,False,False,-0.0001520103369956108,0.00015201033699565654,-0.00030404378464687817,0.0,-0.0009126864034830955,-0.00015217225929086916,-0.00030404378464687817,-0.0009126864034830955,-0.0012167301881300563,False,True,False,False,False,False,False,False,False,False,True,False,False,False,False,False,False,False,False,False,False,False,False
2026-09-03,2026-09-03 00:00:00+09:00,104920,105550,100000,103610,26133074,69500,102775.0,103500.0,104580.0,103555.0,104998.33333333333,1,False,105005.0,0.01346395135604661,0.01316395135604661,-0.00031254883829995967,0.0,0.0015617682387319388,0.0,0.0009358915049050237,0.0,0.0012492194004318981,0.0009358915049050237,0.0021851109053370107,False,False,True,False,True,False,True,False,True,False,False,True,False,True,False,True,False,True,True,False,False,False,False,-0.0009082652758814559,0.0012108371390066605,0.0003024803410842495,0.0004535490288648937,-0.00045354902886490605,0.0004535490288648937,0.000605052204209484,0.0004535490288648937,0.0010586012330744644,False,True,True,True,False,False,True,False,True,False,True,True,True,False,False,True,False,True,True,False,False,False,False
2026-09-04,2026-09-04 00:00:00+09:00,105005,106785,104705,105720,20998563,69500,105745.0,103610.0,102775.0,104665.0,104276.66666666667,4,True,109500.0,0.03575482406356412,0.035454824063564115,-0.0001536924616872671,-0.0006150061694460911,0.00030750307745379694,0.0007683442560093853,-0.00030726686368651515,0.0012285013830073243,-0.00030740854837845626,0.0016895787753301152,0.0013821702269516739,False,False,True,True,False,True,False,True,True,False,False,True,True,False,True,False,True,True,False,True,False,True,True,0.0,-0.0002991325179349631,0.0,0.0,0.0002991325179349859,0.0,-0.0002991325179349631,0.0002991325179349859,0.0,False,False,False,False,True,False,False,False,False,False,False,False,False,True,False,False,False,False,False,True,False,False,True
2026-09-07,2026-09-07 00:00:00+09:00,109500,110875,108825,110820,18578602,69500,109850.0,105720.0,105745.0,108270.0,106716.66666666667,4,True,111860.0,0.00938458761956329,0.00908458761956329,0.0,0.0,0.0,0.0,0.001689319299083657,-0.0007675186500041049,0.0,0.0009218006490794261,0.0009218006490794261,False,False,False,False,True,False,False,False,False,False,False,False,False,True,False,False,False,False,False,False,False,True,False,0.0,0.0012037317132078528,-0.00045122960831802463,0.0,0.0006015942428392378,0.00045095829400090896,0.0007525021048899704,0.0010525525368402873,0.0018050546417302405,False,True,False,False,True,False,True,True,True,False,True,False,False,True,False,True,True,True,True,False,False,True,False
2026-09-08,2026-09-08 00:00:00+09:00,111860,114260,110320,110335,28659671,69500,112290.0,110820.0,109850.0,110577.5,108958.33333333333,2,True,110640.0,0.002764308696243223,0.002464308696243223,-0.0012275588468007238,0.0,-0.0010753515131048238,-0.0007688168288279935,-0.001385361569986864,0.000923645385862093,-0.0023029103599055303,-0.0010765091389478424,-0.0033794194988534506,False,False,False,False,False,True,False,False,False,False,False,False,False,False,True,False,False,False,False,False,False,False,False,-0.0013540963477292579,-0.00015056839597824725,-0.0006025003947887261,-0.0009044317770573206,-0.0009048409605441515,0.0006033182686773806,-0.002107165138496184,-0.0007536363307940447,-0.002860801469290261,False,False,False,False,False,True,False,False,False,False,False,False,False,False,True,False,False,False,False,False,False,False,False
2026-09-09,2026-09-09 00:00:00+09:00,110640,113260,110550,112100,24388329,69500,111905.0,110335.0,112290.0,111217.5,111085.0,3,True,111815.0,-0.0025423728813559476,-0.0028423728813559476,0.0,0.0,0.0,0.0,0.001230390804251141,0.00015369246168740982,0.0,0.0013840832659385552,0.0013840832659385552,False,False,False,False,True,False,False,True,True,False,False,False,False,True,False,False,True,True,False,False,False,True,False,0.00030188679474560745,-0.00015093200541826818,0.0004527276920305816,0.00015086369493802048,-0.00015086369493806846,-0.0006036824813579186,0.0006036824813578017,-0.0006036824813579186,0.0,True,False,True,True,False,False,True,False,False,True,False,True,True,False,False,True,False,False,False,False,False,False,False
2026-09-10,2026-09-10 00:00:00+09:00,111815,112405,109350,111865,24523748,69500,110877.5,112100.0,111905.0,111982.5,111433.33333333333,2,True,107720.0,-0.03705359138247,-0.03735359138247,0.001081331687970762,0.0006173792447990023,-0.0007716645185756088,-0.000154404385391254,-0.0003088803113360378,0.0007720219637676163,0.001081331687970762,0.00030873726704012207,0.0013900689550108943,True,True,False,False,False,False,True,False,True,True,True,False,False,False,True,True,False,True,True,False,False,False,False,0.00030307622599010987,0.0,0.0,0.0,0.0,0.00015150367425397109,0.00030307622599010987,0.00015150367425397109,0.00045457990024407247,True,False,False,False,False,False,True,False,True,True,False,False,False,False,False,True,False,False,True,False,False,False,False
2026-09-11,2026-09-11 00:00:00+09:00,107720,110210,107565,109500,26031068,69500,108887.5,111865.0,110877.5,110682.5,111155.0,1,False,105745.0,-0.034292237442922424,-0.034592237442922426,0.000936621985424633,0.0007798487488732729,0.0010904277114420452,0.0,-0.0010904277114421187,0.0009347251031088014,0.0031186677389903644,-0.00015570260833325418,0.0029629651306570487,True,True,True,False,False,True,True,False,True,True,True,True,False,False,True,True,False,True,False,False,False,False,False,0.00045721253558805305,0.00036561957690733757,0.0010047651065285634,-0.00015217225929086916,-0.0004566557656037151,0.0001522417602087977,0.0018275972190238642,-0.0004565862646857568,0.0013710109543383026,True,True,True,False,False,False,True,False,True,True,True,True,False,False,False,True,False,True,False,False,False,False,False
2026-09-14,2026-09-14 00:00:00+09:00,105745,107135,104950,105410,25008928,69500,106042.5,109500.0,108887.5,107455.0,108925.0,0,False,104770.0,-0.006071530215349563,-0.006371530215349563,0.0,0.0,0.0,0.0006274510009774876,0.0,0.0,0.0,0.0006274510009774876,0.0006274510009774876,False,False,False,True,False,False,False,False,False,False,False,False,True,False,False,False,False,False,False,False,False,True,False,0.0,-0.0006094773920190481,0.0001524041761694549,0.000761672669925666,-0.0001522881294346051,0.0,-0.0004570732158495777,0.0006093845404909747,0.00015231132464136666,False,False,True,True,False,False,False,True,False,False,False,True,True,False,False,False,True,False,False,True,False,True,True
2026-09-15,2026-09-15 00:00:00+09:00,104770,106165,103800,104275,28181360,69500,104982.5,105410.0,106042.5,104842.5,106395.0,0,False,104345.0,0.0006713018460799969,0.0003713018460799969,-0.0006260760886926617,0.0,0.0,0.0,0.0007825338845214647,0.0003128421736761185,-0.0006260760886926617,0.0010953760581975506,0.0004692999695049675,False,False,False,False,True,False,False,False,False,False,False,False,False,True,False,False,True,False,False,True,False,True,True,0.0004580502408507515,0.0010679686727171015,0.00030492453354108825,0.0,-0.00045742167451533607,0.0004574216745152462,0.0018309434471091147,0.0,0.0018309434471091147,True,True,True,False,False,False,True,False,True,True,True,True,False,False,False,True,False,True,False,False,False,False,False
2026-09-16,2026-09-16 00:00:00+09:00,104345,106390,104025,106365,22839754,69500,105207.5,104275.0,104982.5,105320.0,105350.0,4,True,107430.0,0.01001269214497258,0.00971269214497258,0.0,0.0012541152294304769,0.0,0.0006264683055319255,-0.0004698144319444646,0.0,0.0012541152294304769,0.0006264683055319255,0.0018805835349622422,False,True,False,True,False,False,True,False,True,False,True,False,True,False,False,True,False,True,True,False,False,False,False,0.0,0.00015263680102901706,0.0,0.0,0.0,0.0,0.00015263680102901706,0.0,0.00015263680102901706,False,True,False,False,False,False,False,False,False,False,True,False,False,False,False,False,False,False,False,False,False,False,False
2026-09-17,2026-09-17 00:00:00+09:00,107430,107915,105980,106280,25623002,69500,106947.5,106365.0,105207.5,106322.5,105640.0,2,True,109150.0,0.027004140007527377,0.026704140007527376,-0.0007814331881584882,-0.0006251953939183611,-0.0006255865077343095,0.0009382330633528094,-0.0009382330633527359,0.001719422072691682,-0.0014070196958928117,0.001719422072691682,0.00031240237679877207,False,False,False,True,False,True,False,True,False,False,False,False,True,False,True,False,True,False,False,True,False,True,True,-0.00030557677854285237,-0.0004585403213702404,-0.00015289350996832582,0.00015289350996835184,0.0,0.001985491297547209,-0.0009170106098814834,0.0021383848075154557,0.0012213741976341513,False,False,False,True,False,True,False,True,True,False,False,False,True,False,True,False,True,True,False,True,False,True,True
2026-09-18,2026-09-18 00:00:00+09:00,109150,109895,108285,109285,20895190,69500,109090.0,106280.0,106947.5,107782.5,107310.0,4,True,110185.0,0.00823534794345071,0.00793534794345071,0.00030807147501816286,0.0006158583720442647,0.0,0.0006154793239378371,0.0004613610231776881,0.0,0.0009239298470623496,0.0010768403471156612,0.0020007701941778524,True,True,False,True,True,False,True,False,True,True,True,False,True,True,False,True,True,True,True,False,False,True,False,0.0,0.0007572889419087576,0.0,-0.00015141191640706983,-0.0010605258171477938,0.000757633190267517,0.0007572889419087576,-0.000454304543287384,0.000302984398621356,False,True,False,False,False,True,True,False,False,False,True,False,False,False,True,True,False,False,False,False,False,False,False
2026-09-21,2026-09-21 00:00:00+09:00,110185,112135,110095,111700,20877625,69500,111115.0,109285.0,109090.0,110492.5,109088.33333333333,4,True,114345.0,0.02367949865711738,0.02337949865711738,0.0006109668740533608,-0.00030543677696219426,-0.0001527533799655263,0.0009161704717795821,0.0,0.000457770664894863,0.00015277671712553496,0.0013739411366744713,0.0015267178537998873,True,False,False,True,False,False,False,True,True,True,False,False,True,False,False,False,True,True,True,False,False,True,False,0.0004535490288648937,-0.00015116015447123288,0.0,0.0,0.0001511601544712678,0.000906481403664412,0.0003023888743937019,0.0010576415581354454,0.0013600304325292812,True,False,False,False,True,True,False,True,True,True,False,False,False,True,True,True,True,True,True,False,False,True,False
2026-09-22,2026-09-22 00:00:00+09:00,114345,114635,111400,111880,25168267,69500,113017.5,111700.0,111115.0,111790.0,110955.0,3,True,114290.0,0.021540936717912018,0.021240936717912016,0.0002983293578211366,0.0005963918471090419,0.0005960363758634621,-0.0017891759655808354,-0.0008957898478978045,0.0,0.0014907575807939087,-0.0026849658134786886,-0.0011942082326848397,False,True,True,False,False,False,True,False,False,True,True,True,False,False,False,True,False,False,False,False,False,False,False,0.0,0.0,0.0,-0.0008963251272332786,0.00014944332389756014,0.000746881803335529,0.0,0.0,0.0,False,False,False,False,True,False,False,False,False,False,False,False,False,True,True,False,False,False,False,False,False,False,False
2026-09-23,2026-09-23 00:00:00+09:00,114290,114305,111945,113145,21157647,69500,113125.0,111880.0,113017.5,112512.5,112241.66666666667,3,True,112740.0,-0.0035794776614079815,-0.0038794776614079814,0.0,0.0,0.0,0.0010369603180875738,0.00029616466971986324,0.0,0.0,0.0010369603180875738,0.0010369603180875738,False,False,False,True,False,False,False,False,False,False,False,False,True,False,False,False,False,False,False,False,False,True,False,0.0,-0.00014942099392756944,0.0,0.0002988196645573886,0.0,0.0004480621387782106,-0.00014942099392756944,0.000746881803335529,0.000597460809408033,False,False,False,True,False,False,False,True,False,False,False,False,True,False,False,False,True,True,False,True,False,True,True
