date,period,pos,r_on,net_5bp,net_7bp,net_2bp_fut_proxy,always_on_net_5bp,kodex_bh_cc,net_5bp_rank2_B13,net_5bp_rank3_B15
2023-01-02,design,0.0,0.0011706603255898784,0.0,0.0,0.0,0.0006706603255898784,-0.005891551805651485,0.0,0.0
2023-01-03,design,0.0,-0.0055606365465520335,-0.0,-0.0,-0.0,-0.006060636546552034,0.0,-0.0,-0.0
2023-01-04,design,0.0,0.005660850560710751,0.0,0.0,0.0,0.00516085056071075,0.021071885860618256,0.0,0.0
2023-01-05,design,0.0,-0.0069311153764128886,-0.0,-0.0,-0.0,-0.007431115376412889,0.007989681487585498,-0.007431115376412889,-0.0
2023-01-06,design,0.0,0.011289301540409413,0.0,0.0,0.0,0.010789301540409413,0.010663254425250512,0.0,0.0
2023-01-09,design,0.0,-0.0027392569765450903,-0.0,-0.0,-0.0,-0.0032392569765450903,0.027115425195188836,-0.0,-0.0
2023-01-10,design,0.0,0.0044459644322845104,0.0,0.0,0.0,0.00394596443228451,0.0011984249272385394,0.0,0.0
2023-01-11,design,1.0,0.00587170996483799,0.00537170996483799,0.00517170996483799,0.00567170996483799,0.00537170996483799,0.0018125854993160662,0.00537170996483799,0.00537170996483799
2023-01-12,design,1.0,0.0025191489361702235,0.0020191489361702235,0.0018191489361702234,0.0023191489361702234,0.0020191489361702235,0.0027993035878879358,0.0020191489361702235,0.0020191489361702235
2023-01-13,design,0.0,0.0017910246012435849,0.0,0.0,0.0,0.0012910246012435849,0.007387234042553148,0.0,0.0
2023-01-16,design,0.0,-0.0006035003017501595,-0.0,-0.0,-0.0,-0.0011035003017501595,0.007907542579075333,-0.0,-0.0
2023-01-17,design,1.0,-0.0011827520951608328,-0.0016827520951608328,-0.001882752095160833,-0.0013827520951608329,-0.0016827520951608328,-0.007845503922751962,-0.0,-0.0
2023-01-18,design,1.0,-0.005273005613199544,-0.005773005613199544,-0.005973005613199544,-0.005473005613199544,-0.005773005613199544,-0.006657204649905379,-0.005773005613199544,-0.005773005613199544
2023-01-19,design,0.0,-0.0010141302143195086,-0.0,-0.0,-0.0,-0.0015141302143195086,0.006361626126892395,-0.0,-0.0
2023-01-20,design,0.0,0.014005037783375363,0.0,0.0,0.0,0.013505037783375362,0.006524237712122183,0.0,0.0
2023-01-25,design,0.0,0.000892709538766745,0.0,0.0,0.0,0.00039270953876674496,0.015785054575986557,0.0,0.0
2023-01-26,design,0.0,0.0021525716708521436,0.0,0.0,0.0,0.0016525716708521436,0.013754339560257955,0.0,0.0
2023-01-27,design,0.0,0.00042065752006203994,0.0,0.0,0.0,-7.934247993796007e-05,0.007925377515410448,0.0,0.0
2023-01-30,design,1.0,0.0,-0.0005,-0.0007,-0.0002,-0.0005,-0.01585555267926486,0.0,0.0
2023-01-31,design,1.0,0.007146435131073714,0.0066464351310737135,0.006446435131073714,0.006946435131073714,0.0066464351310737135,-0.015420530019070178,0.0,0.0
2023-02-01,design,0.0,0.013709490931915091,0.0,0.0,0.0,0.013209490931915091,0.010886625480046819,0.0,0.0
2023-02-02,design,0.0,-0.0017649365930186844,-0.0,-0.0,-0.0,-0.0022649365930186845,0.010736348320174338,-0.0022649365930186845,-0.0022649365930186845
2023-02-03,design,0.0,-0.008983497705302268,-0.0,-0.0,-0.0,-0.009483497705302268,0.004150869394692114,-0.0,-0.0
2023-02-06,design,1.0,0.0007660538236078374,0.00026605382360783735,6.605382360783737e-05,0.0005660538236078374,0.00026605382360783735,-0.02275168440581976,0.0,0.0
2023-02-07,design,0.0,0.0062890999966900285,0.0,0.0,0.0,0.005789099996690028,0.006228350652811132,0.0,0.0
2023-02-08,design,0.0,-0.005964603500537846,-0.0,-0.0,-0.0,-0.006464603500537847,0.015557247360233006,-0.0,-0.0
2023-02-09,design,0.0,-0.006213008076910498,-0.0,-0.0,-0.0,-0.006713008076910498,-0.0032593461751572184,-0.0,-0.0
2023-02-10,design,0.0,-0.005179818378520107,-0.0,-0.0,-0.0,-0.005679818378520107,-0.0025506033157842722,-0.0,-0.0
2023-02-13,design,0.0,0.00807967549384947,0.0,0.0,0.0,0.007579675493849469,-0.005901058912238133,0.007579675493849469,0.007579675493849469
2023-02-14,design,1.0,0.0021309379405305418,0.0016309379405305417,0.0014309379405305417,0.0019309379405305417,0.0016309379405305417,0.005936088117930227,0.0,0.0
2023-02-15,design,0.0,0.006682928459250892,0.0,0.0,0.0,0.0061829284592508915,-0.018883388519162048,0.0,0.0
2023-02-16,design,0.0,-0.014088198676364572,-0.0,-0.0,-0.0,-0.014588198676364572,0.019881712166271326,-0.0,-0.0
2023-02-17,design,0.0,0.001123892635197743,0.0,0.0,0.0,0.000623892635197743,-0.008846078238647581,0.0,0.0
2023-02-20,design,0.0,-0.00013177834881727968,-0.0,-0.0,-0.0,-0.0006317783488172797,0.003371677905593007,-0.0,-0.0
2023-02-21,design,0.0,-0.01204064128785376,-0.0,-0.0,-0.0,-0.01254064128785376,-0.0013177834881729078,-0.01254064128785376,-0.01254064128785376
2023-02-22,design,0.0,0.0038944470556636634,0.0,0.0,0.0,0.0033944470556636634,-0.017417694794484406,0.0,0.0
2023-02-23,design,0.0,-0.0018896698050656635,-0.0,-0.0,-0.0,-0.0023896698050656635,0.012690525750352455,-0.0,-0.0
2023-02-24,design,0.0,-0.009031912758413085,-0.0,-0.0,-0.0,-0.009531912758413086,-0.008951067497679377,-0.0,-0.0
2023-02-27,design,0.0,0.003577696773322536,0.0,0.0,0.0,0.003077696773322536,-0.008898106643473569,0.003077696773322536,0.003077696773322536
2023-02-28,design,0.0,0.0008078088185796695,0.0,0.0,0.0,0.00030780881857966945,0.0027676522208721632,0.0,0.0
2023-03-02,design,0.0,0.0054723695695964025,0.0,0.0,0.0,0.004972369569596402,0.002558061258835398,0.0,0.0
2023-03-03,design,0.0,0.008508357618999707,0.0,0.0,0.0,0.008008357618999706,0.00224937890284016,0.008008357618999706,0.008008357618999706
2023-03-06,design,0.0,-0.001519606223778558,-0.0,-0.0,-0.0,-0.002019606223778558,0.014001942853314464,-0.0,-0.0
2023-03-07,design,0.0,-0.009066153028692847,-0.0,-0.0,-0.0,-0.009566153028692848,-0.005252551947408368,-0.0,-0.0
2023-03-08,design,0.0,0.00397533941987005,0.0,0.0,0.0,0.00347533941987005,-0.014246811902231649,0.0,0.0
2023-03-09,design,0.0,-0.011928093532472817,-0.0,-0.0,-0.0,-0.012428093532472817,-0.0029983492234612052,-0.0,-0.0
2023-03-10,design,0.0,0.004509736932012398,0.0,0.0,0.0,0.004009736932012398,-0.010948165168615298,0.004009736932012398,0.0
2023-03-13,design,0.0,-0.00962483478496623,-0.0,-0.0,-0.0,-0.01012483478496623,0.008097027673385826,-0.01012483478496623,-0.01012483478496623
2023-03-14,design,0.0,0.010237012874344975,0.0,0.0,0.0,0.009737012874344975,-0.023384281695868814,0.0,0.0
2023-03-15,design,0.0,-0.010280309780001384,-0.0,-0.0,-0.0,-0.010780309780001385,0.012666134573342092,-0.0,-0.0
2023-03-16,design,0.0,0.011281557405241838,0.0,0.0,0.0,0.010781557405241837,-0.0037009115208005428,0.0,0.0
2023-03-17,design,0.0,-0.00034005508892442915,-0.0,-0.0,-0.0,-0.0008400550889244292,0.011453532365687469,-0.0,-0.0
2023-03-20,design,0.0,0.005514454034799332,0.0,0.0,0.0,0.005014454034799332,-0.007175162376305,0.0,0.0
2023-03-21,design,0.0,0.008951144516569975,0.0,0.0,0.0,0.008451144516569975,0.002534593779969896,0.008451144516569975,0.0
2023-03-22,design,0.0,-0.007423153490569212,-0.0,-0.0,-0.0,-0.007923153490569212,0.012538435257943181,-0.0,-0.0
2023-03-23,design,0.0,-0.00030278562777552587,-0.0,-0.0,-0.0,-0.0008027856277755259,0.002935519789452279,-0.0,-0.0
2023-03-24,design,1.0,0.003240615716986195,0.002740615716986195,0.0025406157169861948,0.003040615716986195,0.002740615716986195,-0.003364284753061497,0.002740615716986195,0.002740615716986195
2023-03-27,design,0.0,0.003628717740020937,0.0,0.0,0.0,0.003128717740020937,-0.004624628679449128,0.003128717740020937,0.0
2023-03-28,design,0.0,-0.0019105718307971253,-0.0,-0.0,-0.0,-0.0024105718307971253,0.01176789771763831,-0.0,-0.0
2023-03-29,design,0.0,0.006091030789825869,0.0,0.0,0.0,0.005591030789825868,0.001541864986257302,0.005591030789825868,0.005591030789825868
2023-03-30,design,0.0,0.003556116853335123,0.0,0.0,0.0,0.003056116853335123,0.00699464524765725,0.0,0.0
2023-03-31,design,0.0,0.0029564417580973945,0.0,0.0,0.0,0.0024564417580973945,0.011731862142311034,0.0,0.0
2023-04-03,design,1.0,0.0008913538674852894,0.00039135386748528943,0.00019135386748528945,0.0006913538674852895,0.00039135386748528943,-0.004960252283029987,0.0,0.0
2023-04-04,design,0.0,0.0001643223346916578,0.0,0.0,0.0,-0.0003356776653083422,0.004522795549833258,0.0,0.0
2023-04-05,design,0.0,-0.004248227182118258,-0.0,-0.0,-0.0,-0.004748227182118259,0.005685552780333891,-0.0,-0.0
2023-04-06,design,1.0,0.007286156303024205,0.0067861563030242045,0.006586156303024205,0.007086156303024205,0.0067861563030242045,-0.017777196823633212,0.0,0.0
2023-04-07,design,0.0,-0.0005234231876471984,-0.0,-0.0,-0.0,-0.0010234231876471984,0.01700103137372322,-0.0,-0.0
2023-04-10,design,0.0,0.002916207633983481,0.0,0.0,0.0,0.002416207633983481,0.00961790107301752,0.0,0.0
2023-04-11,design,0.0,-0.0009914606454088926,-0.0,-0.0,-0.0,-0.0014914606454088926,0.013122934352925997,-0.0,-0.0
2023-04-12,design,0.0,-0.004909931452255711,-0.0,-0.0,-0.0,-0.005409931452255712,0.003134294943550664,-0.0,-0.0
2023-04-13,design,0.0,0.006077963404932385,0.0,0.0,0.0,0.0055779634049323845,0.0019129603060736855,0.0,0.0
2023-04-14,design,1.0,-0.00044392301106632726,-0.0009439230110663273,-0.0011439230110663274,-0.0006439230110663272,-0.0009439230110663273,0.003564041368337323,-0.0,-0.0
2023-04-17,design,0.0,0.0007607696452911483,0.0,0.0,0.0,0.0002607696452911483,0.00031708786504736075,0.0002607696452911483,0.0002607696452911483
2023-04-18,design,1.0,-0.00047617535951238743,-0.0009761753595123874,-0.0011761753595123875,-0.0006761753595123874,-0.0009761753595123874,-0.0014581418201413676,-0.0009761753595123874,-0.0009761753595123874
2023-04-19,design,0.0,-0.003394346984741281,-0.0,-0.0,-0.0,-0.003894346984741281,0.0006983905272848201,-0.0,-0.0
2023-04-20,design,0.0,-0.00222717149220486,-0.0,-0.0,-0.0,-0.0027271714922048602,-0.002950226818513424,-0.0,-0.0
2023-04-21,design,1.0,-0.0032297262727040144,-0.0037297262727040144,-0.0039297262727040145,-0.0034297262727040144,-0.0037297262727040144,-0.005027044225262456,-0.0037297262727040144,-0.0037297262727040144
2023-04-24,design,1.0,0.002414914512026245,0.001914914512026245,0.0017149145120262449,0.002214914512026245,0.001914914512026245,-0.006875159887439253,0.0,0.0
2023-04-25,design,0.0,-0.0007826257092545807,-0.0,-0.0,-0.0,-0.0012826257092545808,-0.012589754322696933,-0.0012826257092545808,-0.0012826257092545808
2023-04-26,design,0.0,0.0005875824247567607,0.0,0.0,0.0,8.758242475676069e-05,-0.0010435009456727373,8.758242475676069e-05,8.758242475676069e-05
2023-04-27,design,0.0,0.005335241875142227,0.0,0.0,0.0,0.004835241875142227,0.0034275641444148075,0.004835241875142227,0.004835241875142227
2023-04-28,design,0.0,0.0028245836174149996,0.0,0.0,0.0,0.0023245836174149996,0.002016981684505037,0.0,0.0
2023-05-02,design,0.0,-0.0077726031797012984,-0.0,-0.0,-0.0,-0.008272603179701299,0.010843803772604854,-0.0,-0.0
2023-05-03,design,0.0,-0.003953850142597859,-0.0,-0.0,-0.0,-0.004453850142597859,-0.008960976393126652,-0.004453850142597859,-0.004453850142597859
2023-05-04,design,0.0,0.011028335339471118,0.0,0.0,0.0,0.010528335339471118,-0.00379180710396676,0.010528335339471118,0.010528335339471118
2023-05-08,design,0.0,-0.001831325301204778,-0.0,-0.0,-0.0,-0.002331325301204778,0.012557337584176542,-0.0,-0.0
2023-05-09,design,0.0,-0.0002577984016498558,-0.0,-0.0,-0.0,-0.0007577984016498558,-0.0029879518072288835,-0.0,-0.0
2023-05-10,design,0.0,0.00353460016862317,0.0,0.0,0.0,0.00303460016862317,-0.00625161124001028,0.0,0.0
2023-05-11,design,0.0,-0.003706955418983471,-0.0,-0.0,-0.0,-0.004206955418983471,-0.002756339581036382,-0.0,-0.0
2023-05-12,design,0.0,-0.00212376658171598,-0.0,-0.0,-0.0,-0.00262376658171598,-0.004780021461320838,-0.0,-0.0
2023-05-15,design,0.0,0.0063860289326209685,0.0,0.0,0.0,0.005886028932620968,0.0028099065542703805,0.0,0.0
2023-05-16,design,0.0,-0.0018844629280655445,-0.0,-0.0,-0.0,-0.0023844629280655445,0.002802033103088686,-0.0,-0.0
2023-05-17,design,0.0,0.006121655762129974,0.0,0.0,0.0,0.005621655762129973,0.0031191110533497213,0.0,0.0
2023-05-18,design,0.0,0.007185475075383252,0.0,0.0,0.0,0.0066854750753832515,0.009716913908142777,0.0,0.0
2023-05-19,design,0.0,0.0,0.0,0.0,0.0,-0.0005,0.014050170013472751,0.0,0.0
2023-05-22,design,0.0,0.003394625176803334,0.0,0.0,0.0,0.002894625176803334,0.006421612046058511,0.0,0.0
2023-05-23,design,1.0,-0.00586041555673944,-0.0063604155567394405,-0.00656041555673944,-0.00606041555673944,-0.0063604155567394405,0.0029545811724029925,-0.0,-0.0
2023-05-24,design,0.0,0.004843833548265231,0.0,0.0,0.0,0.00434383354826523,-0.003635337992415888,0.0,0.0
2023-05-25,design,1.0,0.001637124956710645,0.001137124956710645,0.000937124956710645,0.0014371249567106449,0.001137124956710645,-0.0009436039379737693,0.001137124956710645,0.001137124956710645
2023-05-26,design,0.0,0.010071852153995753,0.0,0.0,0.0,0.009571852153995752,0.003400182602399049,0.0,0.0
2023-05-30,design,0.0,-0.0012693105476611066,-0.0,-0.0,-0.0,-0.0017693105476611066,0.013491889178249838,-0.0,-0.0
2023-05-31,design,1.0,-0.0013095943375635022,-0.0018095943375635022,-0.0020095943375635023,-0.0015095943375635023,-0.0018095943375635022,-0.00712052258444007,-0.0,-0.0
2023-06-01,design,1.0,0.0064128632652422635,0.005912863265242263,0.005712863265242263,0.006212863265242264,0.005912863265242263,-0.0032428050263477726,0.005912863265242263,0.005912863265242263
2023-06-02,design,0.0,0.006022979985174093,0.0,0.0,0.0,0.005522979985174092,0.012794444270654015,0.0,0.0
2023-06-05,design,1.0,0.0029874649665835307,0.0024874649665835307,0.0022874649665835306,0.0027874649665835306,0.0024874649665835307,0.0028724981467753707,0.0,0.0
2023-06-07,design,1.0,-0.0030247847155776553,-0.0035247847155776553,-0.0037247847155776554,-0.0032247847155776554,-0.0035247847155776553,-0.002155902553204636,-0.0,-0.0
2023-06-08,design,0.0,0.005099202670127978,0.0,0.0,0.0,0.0045992026701279776,-0.001265471156517206,0.0045992026701279776,0.0045992026701279776
2023-06-09,design,0.0,0.0023179918870284144,0.0,0.0,0.0,0.0018179918870284144,0.013257926942332743,0.0,0.0
2023-06-12,design,1.0,0.0057711198428291866,0.005271119842829186,0.0050711198428291865,0.005571119842829187,0.005271119842829186,-0.0064354774758288436,0.005271119842829186,0.005271119842829186
2023-06-13,design,1.0,0.0,-0.0005,-0.0007,-0.0002,-0.0005,0.00475810412573674,0.0,0.0
2023-06-14,design,1.0,0.0024561726689387164,0.0019561726689387164,0.0017561726689387163,0.0022561726689387164,0.0019561726689387164,-0.004888332162170439,0.0019561726689387164,0.0019561726689387164
2023-06-15,design,1.0,0.00511461671185609,0.00461461671185609,0.00441461671185609,0.004914616711856091,0.00461461671185609,-0.003530748211599266,0.0,0.0
2023-06-16,design,1.0,-0.0028822862048876186,-0.0033822862048876186,-0.0035822862048876187,-0.0030822862048876186,-0.0033822862048876186,0.004837318215430209,-0.0033822862048876186,-0.0033822862048876186
2023-06-19,design,1.0,-0.002744118644590343,-0.003244118644590343,-0.0034441186445903433,-0.0029441186445903432,-0.003244118644590343,-0.005519271456167818,-0.003244118644590343,-0.003244118644590343
2023-06-20,design,0.0,-0.0018841116876698871,-0.0,-0.0,-0.0,-0.002384111687669887,-0.0017574692442882123,-0.0,-0.0
2023-06-21,design,0.0,-0.0018394961651181374,-0.0,-0.0,-0.0,-0.0023394961651181374,-0.009327897207808244,-0.0,-0.0
2023-06-22,design,0.0,0.0040742698970546165,0.0,0.0,0.0,0.0035742698970546165,0.0024630541871921707,0.0,0.0
2023-06-23,design,0.0,-0.0016562500000000258,-0.0,-0.0,-0.0,-0.0021562500000000258,-0.004758498429384472,-0.0021562500000000258,-0.0021562500000000258
2023-06-26,design,0.0,-0.0018036508380756544,-0.0,-0.0,-0.0,-0.0023036508380756544,0.00490624999999989,-0.0,-0.0
2023-06-27,design,0.0,0.0037019754238605262,0.0,0.0,0.0,0.0032019754238605262,-0.0003731691389121661,0.0032019754238605262,0.0032019754238605262
2023-06-28,design,0.0,0.002940072563493157,0.0,0.0,0.0,0.002440072563493157,-0.00538186343132685,0.002440072563493157,0.002440072563493157
2023-06-29,design,0.0,0.00028154033847416216,0.0,0.0,0.0,-0.00021845966152583786,-0.00015638683848362422,0.0,0.0
2023-06-30,design,0.0,0.0036181029911730445,0.0,0.0,0.0,0.0031181029911730444,0.0029405324240623365,0.0,0.0
2023-07-03,design,0.0,-0.0004606738122293619,-0.0,-0.0,-0.0,-0.0009606738122293619,0.015595271513677122,-0.0,-0.0
2023-07-04,design,1.0,-0.0016033052754910182,-0.002103305275491018,-0.0023033052754910183,-0.0018033052754910183,-0.002103305275491018,-0.0039310831976905325,-0.0,-0.0
2023-07-05,design,0.0,-0.0006225293366950435,-0.0,-0.0,-0.0,-0.0011225293366950435,-0.009434834890389432,-0.0,-0.0
2023-07-06,design,0.0,-0.005708908406524493,-0.0,-0.0,-0.0,-0.006208908406524494,-0.007688237308183132,-0.0,-0.0
2023-07-07,design,0.0,0.0015273490947274038,0.0,0.0,0.0,0.0010273490947274038,-0.014209535759096559,0.0010273490947274038,0.0
2023-07-10,design,0.0,0.007235059760956286,0.0,0.0,0.0,0.006735059760956286,-0.001654628185954743,0.0,0.0
2023-07-11,design,0.0,0.00015648472709073324,0.0,0.0,0.0,-0.00034351527290926677,0.01839043824701192,0.0,0.0
2023-07-12,design,0.0,0.007525577634729608,0.0,0.0,0.0,0.007025577634729607,0.006415873810716066,0.0,0.0
2023-07-13,design,0.0,0.005985068180415887,0.0,0.0,0.0,0.005485068180415886,0.00799203905836987,0.0,0.0
2023-07-14,design,0.0,-0.005318179055491368,-0.0,-0.0,-0.0,-0.005818179055491368,0.015178626519405158,-0.0,-0.0
2023-07-17,design,0.0,0.002593202757947388,0.0,0.0,0.0,0.002093202757947388,-0.0038898681091594778,0.0,0.0
2023-07-18,design,1.0,0.005527236995639617,0.005027236995639617,0.004827236995639617,0.005327236995639618,0.005027236995639617,-0.006467752760998202,0.005027236995639617,0.005027236995639617
2023-07-19,design,1.0,-0.006548204623708753,-0.007048204623708754,-0.007248204623708753,-0.006748204623708753,-0.007048204623708754,-0.001166861143523934,-0.007048204623708754,-0.007048204623708754
2023-07-20,design,0.0,-0.007277661280374992,-0.0,-0.0,-0.0,-0.007777661280374992,-0.0030742744712247694,-0.0,-0.0
2023-07-21,design,0.0,-0.0005853177659345121,-0.0,-0.0,-0.0,-0.0010853177659345121,0.0010176390773406485,-0.0,-0.0
2023-07-24,design,0.0,0.0019892275676336446,0.0,0.0,0.0,0.0014892275676336446,0.006623332614521971,0.0,0.0
2023-07-25,design,1.0,-0.00042772906418986345,-0.0009277290641898635,-0.0011277290641898636,-0.0006277290641898634,-0.0009277290641898635,0.0016831925572284856,-0.0009277290641898635,-0.0009277290641898635
2023-07-26,design,1.0,0.0031882622423078377,0.0026882622423078377,0.0024882622423078376,0.0029882622423078376,0.0026882622423078377,-0.012984632305765187,0.0,0.0
2023-07-27,design,0.0,-0.004220312547784322,-0.0,-0.0,-0.0,-0.004720312547784322,0.012164922924534194,-0.0,-0.0
2023-07-28,design,0.0,0.005977561155048772,0.0,0.0,0.0,0.005477561155048771,-0.002354812073763757,0.005477561155048771,0.005477561155048771
2023-07-31,design,1.0,0.002410741531889027,0.0019107415318890268,0.0017107415318890267,0.0022107415318890268,0.0019107415318890268,0.004536815645883152,0.0019107415318890268,0.0019107415318890268
2023-08-01,design,0.0,-0.006455293340539292,-0.0,-0.0,-0.0,-0.0069552933405392925,0.016356423558132382,-0.0,-0.0
2023-08-02,design,1.0,0.0003068802553243266,-0.0001931197446756734,-0.0003931197446756734,0.0001068802553243266,-0.0001931197446756734,-0.02161772653575933,0.0,0.0
2023-08-03,design,0.0,0.0018846355856272368,0.0,0.0,0.0,0.0013846355856272368,-0.006720677591603774,0.0,0.0
2023-08-04,design,0.0,-0.005127888298529615,-0.0,-0.0,-0.0,-0.005627888298529615,0.00015447832669068795,-0.0,-0.0
2023-08-07,design,0.0,0.003468351294438232,0.0,0.0,0.0,0.002968351294438232,-0.0024712714691709214,0.0,0.0
2023-08-08,design,0.0,0.001561329003247458,0.0,0.0,0.0,0.001061329003247458,-0.008299269168834389,0.0,0.0
2023-08-09,design,0.0,-0.006209069566291858,-0.0,-0.0,-0.0,-0.006709069566291859,0.010866849862603,-0.0,-0.0
2023-08-10,design,0.0,0.0020143171464872545,0.0,0.0,0.0,0.0015143171464872545,-0.00318176201655751,0.0,0.0
2023-08-11,design,0.0,-0.0029849818102670733,-0.0,-0.0,-0.0,-0.0034849818102670733,-0.0033468654126250774,-0.0,-0.0
2023-08-14,design,0.0,-0.007560784313725533,-0.0,-0.0,-0.0,-0.008060784313725533,-0.008892758309754,-0.008060784313725533,-0.0
2023-08-16,design,0.0,-0.006147279908268577,-0.0,-0.0,-0.0,-0.006647279908268577,-0.015027450980392154,-0.0,-0.0
2023-08-17,design,0.0,-0.011628649926522239,-0.0,-0.0,-0.0,-0.01212864992652224,-0.0029940119760478723,-0.0,-0.0
2023-08-18,design,0.0,0.002280245367247913,0.0,0.0,0.0,0.0017802453672479128,-0.005271228675484019,0.0,0.0
2023-08-21,design,0.0,0.006033182503770718,0.0,0.0,0.0,0.005533182503770717,0.0007707871663937826,0.0,0.0
2023-08-22,design,0.0,-0.00482690279065312,-0.0,-0.0,-0.0,-0.005326902790653121,0.003915150348191565,-0.0,-0.0
2023-08-23,design,0.0,0.010635230803728746,0.0,0.0,0.0,0.010135230803728745,-0.002109772080682748,0.0,0.0
2023-08-24,design,0.0,-0.013936291240045473,-0.0,-0.0,-0.0,-0.014436291240045473,0.01367844443732591,-0.0,-0.0
2023-08-25,design,0.0,0.006358233752955522,0.0,0.0,0.0,0.005858233752955522,-0.010934142333459684,0.0,0.0
2023-08-28,design,0.0,0.004982545223738422,0.0,0.0,0.0,0.004482545223738421,0.006773595756917272,0.004482545223738421,0.0
2023-08-29,design,0.0,0.009886916419230563,0.0,0.0,0.0,0.009386916419230562,0.0046969216121866,0.009386916419230562,0.0
2023-08-30,design,0.0,0.0020471151423533396,0.0,0.0,0.0,0.0015471151423533396,0.0029692336850084544,0.0,0.0
2023-08-31,design,0.0,-0.0026758169111629204,-0.0,-0.0,-0.0,-0.0031758169111629204,0.00044091710758387137,-0.0031758169111629204,-0.0
2023-09-01,design,0.0,0.002898731415391431,0.0,0.0,0.0,0.002398731415391431,0.009979223068689702,0.0,0.0
2023-09-04,design,0.0,-0.0025087496515625585,-0.0,-0.0,-0.0,-0.0030087496515625585,0.0063585076208583224,-0.0,-0.0
2023-09-05,design,0.0,-0.0019532461090097097,-0.0,-0.0,-0.0,-0.0024532461090097098,-0.0010220831913773099,-0.0,-0.0
2023-09-06,design,1.0,-0.002872486574247546,-0.003372486574247546,-0.003572486574247546,-0.003072486574247546,-0.003372486574247546,-0.007006882867241271,-0.0,-0.0
2023-09-07,design,1.0,0.0013494429624980597,0.0008494429624980597,0.0006494429624980597,0.0011494429624980596,0.0008494429624980597,-0.005089296865242954,0.0,0.0
2023-09-08,design,1.0,0.0004387064427173737,-6.129355728262632e-05,-0.0002612935572826263,0.00023870644271737368,-6.129355728262632e-05,0.0014749725404048508,-6.129355728262632e-05,0.0
2023-09-11,design,0.0,0.0033433320834894698,0.0,0.0,0.0,0.0028433320834894697,0.0028829280521434075,0.0028433320834894697,0.0
2023-09-12,design,1.0,0.0,-0.0005,-0.0007,-0.0002,-0.0005,-0.005249343832021025,0.0,0.0
2023-09-13,design,0.0,0.0028562460765850783,0.0,0.0,0.0,0.0023562460765850783,0.0007538635506973979,0.0023562460765850783,0.0
2023-09-14,design,0.0,0.0012070566388115989,0.0,0.0,0.0,0.0007070566388115988,0.01412429378531077,0.0,0.0
2023-09-15,design,0.0,-0.007882194794085251,-0.0,-0.0,-0.0,-0.008382194794085251,0.013060971835345159,-0.0,-0.0
2023-09-18,design,1.0,0.0020099570178422344,0.0015099570178422343,0.0013099570178422342,0.0018099570178422343,0.0015099570178422343,-0.012006599046804345,0.0,0.0
2023-09-19,design,1.0,-0.0005920294145140836,-0.0010920294145140837,-0.0012920294145140837,-0.0007920294145140836,-0.0010920294145140837,-0.007606914252141328,-0.0,-0.0
2023-09-20,design,0.0,-0.005921216654200978,-0.0,-0.0,-0.0,-0.0064212166542009785,-0.00015579721434577642,-0.0064212166542009785,-0.0064212166542009785
2023-09-21,design,0.0,-0.009421393224210095,-0.0,-0.0,-0.0,-0.009921393224210096,-0.01757666417352277,-0.009921393224210096,-0.0
2023-09-22,design,0.0,-0.002897074273343736,-0.0,-0.0,-0.0,-0.003397074273343736,-0.003584570485978933,-0.0,-0.0
2023-09-25,design,0.0,0.0,0.0,0.0,0.0,-0.0005,0.000859571487695332,0.0,0.0
2023-09-26,design,0.0,-0.0053820619420542615,-0.0,-0.0,-0.0,-0.005882061942054262,-0.013009733443603233,-0.005882061942054262,-0.0
2023-09-27,design,0.0,-0.012055939559556306,-0.0,-0.0,-0.0,-0.012555939559556306,0.00244932160237199,-0.0,-0.0
2023-10-04,design,0.0,0.007133185826095678,0.0,0.0,0.0,0.006633185826095678,-0.02649091785886515,0.0,0.0
2023-10-05,design,0.0,0.0013205242481264534,0.0,0.0,0.0,0.0008205242481264534,0.0003302400845415221,0.0,0.0
2023-10-06,design,0.0,0.010281420945099873,0.0,0.0,0.0,0.009781420945099872,0.0018157208411739845,0.0,0.0
2023-10-10,design,0.0,0.013907154129405574,0.0,0.0,0.0,0.013407154129405574,0.0023067290581955113,0.0,0.0
2023-10-11,design,0.0,0.005399637868598095,0.0,0.0,0.0,0.004899637868598095,0.016833245660178964,0.0,0.0
2023-10-12,design,0.0,-0.009207455481313298,-0.0,-0.0,-0.0,-0.009707455481313298,0.011348939472322739,-0.0,-0.0
2023-10-13,design,0.0,-0.0049667806231051825,-0.0,-0.0,-0.0,-0.005466780623105183,-0.008727900508328279,-0.0,-0.0
2023-10-16,design,0.0,0.007052552894146746,0.0,0.0,0.0,0.006552552894146746,-0.007643681868025554,0.006552552894146746,0.0
2023-10-17,design,0.0,-0.0026006549797726874,-0.0,-0.0,-0.0,-0.0031006549797726875,0.012252591894439169,-0.0,-0.0
2023-10-18,design,0.0,-0.012916013939064497,-0.0,-0.0,-0.0,-0.013416013939064497,0.004270211263083468,-0.0,-0.0
2023-10-19,design,0.0,-0.0079196949450836,-0.0,-0.0,-0.0,-0.0084196949450836,-0.019054317593273473,-0.0,-0.0
2023-10-20,design,0.0,-0.0011581733951026019,-0.0,-0.0,-0.0,-0.0016581733951026019,-0.015089789134048126,-0.0,-0.0
2023-10-23,design,0.0,0.00472419988023165,0.0,0.0,0.0,0.004224199880231649,-0.005360688285903414,0.0,0.0
2023-10-24,design,0.0,0.0027400878148624574,0.0,0.0,0.0,0.0022400878148624574,0.0077516800851686884,0.0022400878148624574,0.0
2023-10-25,design,0.0,-0.015236514522821598,-0.0,-0.0,-0.0,-0.0157365145228216,-0.005480175629725026,-0.0,-0.0
2023-10-26,design,0.0,0.0044971381847915826,0.0,0.0,0.0,0.003997138184791582,-0.025659751037344414,0.0,0.0
2023-10-27,design,0.0,-0.004662877369728702,-0.0,-0.0,-0.0,-0.005162877369728702,0.0009880076315071928,-0.005162877369728702,-0.0
2023-10-30,design,0.0,0.005396965479786742,0.0,0.0,0.0,0.004896965479786741,0.0027228480991117188,0.0,0.0
2023-10-31,design,0.0,0.006391093701680228,0.0,0.0,0.0,0.005891093701680228,-0.012151658124299969,0.0,0.0
2023-11-01,design,0.0,0.016641247246229396,0.0,0.0,0.0,0.016141247246229395,0.013813008968147633,0.0,0.0
2023-11-02,design,0.0,0.009467929057207725,0.0,0.0,0.0,0.008967929057207724,0.016641247246229396,0.0,0.0
2023-11-03,design,0.0,0.01643564356435645,0.0,0.0,0.0,0.01593564356435645,0.010134684624616641,0.01593564356435645,0.0
2023-11-06,design,0.0,-0.007787376253231559,-0.0,-0.0,-0.0,-0.00828737625323156,0.04679867986798669,-0.0,-0.0
2023-11-07,design,1.0,0.007256847445654024,0.006756847445654024,0.006556847445654024,0.007056847445654025,0.006756847445654024,-0.01812850747209782,0.006756847445654024,0.0
2023-11-08,design,1.0,0.0,-0.0005,-0.0007,-0.0002,-0.0005,-0.009311883890440908,0.0,0.0
2023-11-09,design,0.0,-0.009967098896845328,-0.0,-0.0,-0.0,-0.010467098896845328,0.004829352088937977,-0.0,-0.0
2023-11-10,design,0.0,0.009862444848170338,0.0,0.0,0.0,0.009362444848170337,-0.005741565060318643,0.0,0.0
2023-11-13,design,1.0,0.008441010324004905,0.007941010324004905,0.007741010324004905,0.008241010324004905,0.007941010324004905,-0.000713729561380716,0.0,0.0
2023-11-14,design,0.0,0.020919695362961566,0.0,0.0,0.0,0.020419695362961565,0.010291539510421499,0.0,0.0
2023-11-15,design,0.0,-0.000786287152067966,-0.0,-0.0,-0.0,-0.001286287152067966,0.021723063080433258,-0.0,-0.0
2023-11-16,design,0.0,-0.0007554296506138147,-0.0,-0.0,-0.0,-0.0012554296506138147,-0.000786287152067966,-0.0012554296506138147,-0.0012554296506138147
2023-11-17,design,1.0,-0.0014869653252340687,-0.0019869653252340687,-0.0021869653252340688,-0.0016869653252340687,-0.0019869653252340687,-0.005099150141643083,-0.0019869653252340687,-0.0019869653252340687
2023-11-20,design,0.0,0.0049907404501083885,0.0,0.0,0.0,0.004490740450108388,0.007941027587952343,0.0,0.0
2023-11-21,design,0.0,-0.006965920094961442,-0.0,-0.0,-0.0,-0.007465920094961442,0.004833798926519917,-0.0,-0.0
2023-11-22,design,0.0,0.0004053632678515662,0.0,0.0,0.0,-9.463673214843383e-05,0.0017805266610440018,0.0,0.0
2023-11-23,design,0.0,0.0,0.0,0.0,0.0,-0.0005,0.0001247271593389776,-0.0005,-0.0005
2023-11-24,design,1.0,0.00031425788001637756,-0.00018574211998362245,-0.00038574211998362244,0.00011425788001637755,-0.00018574211998362245,-0.007888008979235472,0.0,0.0
2023-11-27,design,1.0,0.003397829164700328,0.002897829164700328,0.0026978291647003277,0.0031978291647003277,0.002897829164700328,-0.0011313283680588482,0.002897829164700328,0.002897829164700328
2023-11-28,design,0.0,-0.0015863634949765393,-0.0,-0.0,-0.0,-0.0020863634949765393,0.01145194274028638,-0.0,-0.0
2023-11-29,design,1.0,-0.002277904328018221,-0.002777904328018221,-0.002977904328018221,-0.002477904328018221,-0.002777904328018221,-0.0031727269899530786,-0.002777904328018221,-0.002777904328018221
2023-11-30,design,0.0,-0.005088584814918251,-0.0,-0.0,-0.0,-0.0055885848149182515,0.005679158735607093,-0.0,-0.0
2023-12-01,design,1.0,0.007186793873964259,0.0066867938739642585,0.006486793873964259,0.006986793873964259,0.0066867938739642585,-0.011325204008811984,0.0,0.0
2023-12-04,design,1.0,-0.004683402023229699,-0.0051834020232296996,-0.005383402023229699,-0.004883402023229699,-0.0051834020232296996,0.005146874215415487,-0.0051834020232296996,-0.0051834020232296996
2023-12-05,design,1.0,0.004767166535122325,0.004267166535122324,0.004067166535122325,0.004567166535122325,0.004267166535122324,-0.01102160609466718,0.0,0.0
2023-12-06,design,0.0,-0.0031780994336060298,-0.0,-0.0,-0.0,-0.0036780994336060298,0.0033149171270718814,-0.0,-0.0
2023-12-07,design,0.0,0.008371240839019523,0.0,0.0,0.0,0.007871240839019522,-0.003901825047199492,0.0,0.0
2023-12-08,design,0.0,0.0020239133142359034,0.0,0.0,0.0,0.0015239133142359034,0.01453121051301487,0.0,0.0
2023-12-11,design,0.0,0.0025135764158261686,0.0,0.0,0.0,0.0020135764158261686,0.0033939469423340807,0.0020135764158261686,0.0020135764158261686
2023-12-12,design,0.0,-0.0004326462498841499,-0.0,-0.0,-0.0,-0.0009326462498841499,0.004158262218774134,-0.0,-0.0
2023-12-13,design,1.0,0.013511405123724618,0.013011405123724618,0.012811405123724619,0.013311405123724617,0.013011405123724618,-0.009641830711703103,0.0,0.0
2023-12-14,design,1.0,0.0032065116852686426,0.0027065116852686426,0.0025065116852686425,0.0030065116852686425,0.0027065116852686426,0.01207601335538433,0.0,0.0
2023-12-15,design,0.0,0.0026365001992703085,0.0,0.0,0.0,0.0021365001992703085,0.005703890978602688,0.0,0.0
2023-12-18,design,1.0,-0.0026280405818359664,-0.0031280405818359665,-0.0033280405818359666,-0.0028280405818359665,-0.0031280405818359665,0.0032189828014348443,-0.0,-0.0
2023-12-19,design,0.0,0.007510533064663871,0.0,0.0,0.0,0.007010533064663871,0.000916758342500934,0.0,0.0
2023-12-20,design,0.0,-0.007369240908273955,-0.0,-0.0,-0.0,-0.007869240908273956,0.019173230750442638,-0.0,-0.0
2023-12-21,design,0.0,0.009317051108095775,0.0,0.0,0.0,0.008817051108095775,-0.006500509256485487,0.008817051108095775,0.008817051108095775
2023-12-22,design,1.0,0.0049592738420847216,0.004459273842084721,0.0042592738420847214,0.004759273842084722,0.004459273842084721,0.0031961405095732864,0.0,0.0
2023-12-26,design,1.0,0.0018558984643937126,0.0013558984643937126,0.0011558984643937125,0.0016558984643937126,0.0013558984643937126,0.004087643894082005,0.0013558984643937126,0.0013558984643937126
2023-12-27,design,0.0,0.0003848658890401868,0.0,0.0,0.0,-0.0001151341109598132,0.011105456940162295,0.0,0.0
2023-12-28,design,0.0,-0.005097285331469137,-0.0,-0.0,-0.0,-0.005597285331469137,0.016401207886790115,-0.0,-0.0
2024-01-02,design,0.0,-0.011406734026229715,-0.0,-0.0,-0.0,-0.011906734026229715,0.006087615053011808,-0.0,-0.0
2024-01-03,design,1.0,-0.007682458386683688,-0.008182458386683689,-0.008382458386683687,-0.007882458386683689,-0.008182458386683689,-0.02773515532266002,-0.0,-0.0
2024-01-04,design,0.0,-0.00033045933848052655,-0.0,-0.0,-0.0,-0.0008304593384805266,-0.008813983265342551,-0.0008304593384805266,-0.0008304593384805266
2024-01-05,design,1.0,0.005241911188769155,0.0047419111887691545,0.004541911188769155,0.005041911188769155,0.0047419111887691545,-0.0027938834980623106,0.0047419111887691545,0.0047419111887691545
2024-01-08,design,1.0,0.013057671381936808,0.012557671381936808,0.01235767138193681,0.012857671381936808,0.012557671381936808,-0.0033138519009459078,0.012557671381936808,0.012557671381936808
2024-01-09,design,0.0,0.0,0.0,0.0,0.0,-0.0005,-0.0036875831217506594,0.0,0.0
2024-01-10,design,0.0,0.0019017821539215607,0.0,0.0,0.0,0.0014017821539215607,-0.010952005339481818,0.0014017821539215607,0.0014017821539215607
2024-01-11,design,0.0,-0.0035218816035279543,-0.0,-0.0,-0.0,-0.004021881603527955,0.0015950430968374452,-0.0,-0.0
2024-01-12,design,0.0,0.0027520098948670135,0.0,0.0,0.0,0.0022520098948670135,-0.009585642973080621,0.0,0.0
2024-01-15,design,0.0,-0.005881447267128581,-0.0,-0.0,-0.0,-0.006381447267128582,0.004174397031539989,-0.0,-0.0
2024-01-16,design,0.0,0.003995879249523826,0.0,0.0,0.0,0.003495879249523826,-0.013610469591993857,0.0,0.0
2024-01-17,design,0.0,0.002848182283666123,0.0,0.0,0.0,0.002348182283666123,-0.024505978209970913,0.0,0.0
2024-01-18,design,0.0,0.01051189755678017,0.0,0.0,0.0,0.01001189755678017,0.004640296979006697,0.0,0.0
2024-01-19,design,0.0,0.010576198845091644,0.0,0.0,0.0,0.010076198845091644,0.015003344694677123,0.0,0.0
2024-01-22,design,0.0,0.004702636611593647,0.0,0.0,0.0,0.004202636611593646,0.0010356515189555715,0.0,0.0
2024-01-23,design,0.0,0.0007172929985965748,0.0,0.0,0.0,0.0002172929985965748,0.005266953004984698,0.0002172929985965748,0.0002172929985965748
2024-01-24,design,0.0,0.0006261740763933155,0.0,0.0,0.0,0.00012617407639331545,-0.003898331514112008,0.00012617407639331545,0.0
2024-01-25,design,0.0,-0.004784389755777219,-0.0,-0.0,-0.0,-0.005284389755777219,0.0012210394489668985,-0.0,-0.0
2024-01-26,design,0.0,0.0033085710718521177,0.0,0.0,0.0,0.0028085710718521177,0.0018449607554957836,0.0,0.0
2024-01-29,design,0.0,0.005182785747339214,0.0,0.0,0.0,0.004682785747339213,0.011767276359323287,0.0,0.0
2024-01-30,design,0.0,-0.007509502765845721,-0.0,-0.0,-0.0,-0.008009502765845722,-0.0017275952491130342,-0.008009502765845722,-0.008009502765845722
2024-01-31,design,0.0,-0.0012421974472842656,-0.0,-0.0,-0.0,-0.0017421974472842656,-0.004882721962977787,-0.0,-0.0
2024-02-01,design,0.0,0.008090367882765959,0.0,0.0,0.0,0.007590367882765958,0.017204434644886746,0.0,0.0
2024-02-02,design,0.0,-0.002661855609121244,-0.0,-0.0,-0.0,-0.003161855609121244,0.03223935277056933,-0.0,-0.0
2024-02-05,design,1.0,-0.004041916167664694,-0.004541916167664695,-0.004741916167664694,-0.004241916167664694,-0.004541916167664695,-0.012155807281653885,-0.004541916167664695,-0.004541916167664695
2024-02-06,design,0.0,0.004958826711546571,0.0,0.0,0.0,0.004458826711546571,-0.0037724550898203812,0.0,0.0
2024-02-07,design,0.0,0.004089615931721191,0.0,0.0,0.0,0.003589615931721191,0.01412514275410226,0.0,0.0
2024-02-08,design,1.0,0.011929429873897446,0.011429429873897445,0.011229429873897447,0.011729429873897445,0.011429429873897445,0.0011261261261261701,0.0,0.0
2024-02-13,design,0.0,-0.015411609884486088,-0.0,-0.0,-0.0,-0.01591160988448609,0.01222544550352267,-0.0,-0.0
2024-02-14,design,0.0,0.010465461013934085,0.0,0.0,0.0,0.009965461013934085,-0.013598479309840594,0.0,0.0
2024-02-15,design,1.0,0.00801591307187599,0.00751591307187599,0.007315913071875991,0.00781591307187599,0.00751591307187599,-0.001393418321968598,0.00751591307187599,0.00751591307187599
2024-02-16,design,0.0,0.0029394473838917357,0.0,0.0,0.0,0.0024394473838917356,0.010005047056378613,0.0,0.0
2024-02-19,design,0.0,-0.0027493994732729066,-0.0,-0.0,-0.0,-0.0032493994732729066,0.015667254556143373,-0.0,-0.0
2024-02-20,design,1.0,-0.0005271172543047653,-0.0010271172543047653,-0.0012271172543047654,-0.0007271172543047653,-0.0010271172543047653,-0.011721124070268818,-0.0010271172543047653,-0.0010271172543047653
2024-02-21,design,1.0,0.009362251636192864,0.008862251636192864,0.008662251636192865,0.009162251636192864,0.008862251636192864,-0.0021963218929366146,0.008862251636192864,0.008862251636192864
2024-02-22,design,1.0,0.008935089204893831,0.00843508920489383,0.008235089204893832,0.00873508920489383,0.00843508920489383,0.005106682710650734,0.00843508920489383,0.00843508920489383
2024-02-23,design,1.0,-0.005967455535178856,-0.0064674555351788565,-0.006667455535178856,-0.006167455535178856,-0.0064674555351788565,0.003095161619995901,-0.0,-0.0
2024-02-26,design,1.0,0.00035213334115846706,-0.00014786665884153295,-0.00034786665884153293,0.00015213334115846705,-0.00014786665884153295,-0.008005123278898463,-0.00014786665884153295,-0.00014786665884153295
2024-02-27,design,1.0,0.002545433019593979,0.002045433019593979,0.0018454330195939788,0.002345433019593979,0.002045433019593979,-0.00856857796819066,0.0,0.0
2024-02-28,design,0.0,-0.00356725146198833,-0.0,-0.0,-0.0,-0.00406725146198833,0.012253596164091718,-0.0,-0.0
2024-02-29,design,0.0,0.010495455878041682,0.0,0.0,0.0,0.009995455878041681,-0.0026315789473684292,0.0,0.0
2024-03-04,design,0.0,-0.003207999768792824,-0.0,-0.0,-0.0,-0.003707999768792824,0.014394605687481743,-0.0,-0.0
2024-03-05,design,1.0,-0.004981936837198497,-0.005481936837198498,-0.0056819368371984974,-0.005181936837198497,-0.005481936837198498,-0.008005548972572996,-0.0,-0.0
2024-03-06,design,0.0,0.0038888888888888307,0.0,0.0,0.0,0.0033888888888888307,-0.003612632560307638,0.0,0.0
2024-03-07,design,1.0,0.011979897148200136,0.011479897148200136,0.011279897148200137,0.011779897148200135,0.011479897148200136,0.00070175438596487,0.011479897148200136,0.011479897148200136
2024-03-08,design,0.0,-0.005788336933045368,-0.0,-0.0,-0.0,-0.006288336933045369,0.014638849929873743,-0.0,-0.0
2024-03-11,design,1.0,0.003165475983039956,0.002665475983039956,0.002465475983039956,0.002965475983039956,0.002665475983039956,-0.008380129589632856,0.0,0.0
2024-03-12,design,0.0,0.0038007486323063944,0.0,0.0,0.0,0.0033007486323063944,0.008596154963117941,0.0,0.0
2024-03-13,design,0.0,0.0010891060731994529,0.0,0.0,0.0,0.0005891060731994528,0.004635761589403931,0.0005891060731994528,0.0005891060731994528
2024-03-14,design,0.0,-0.008123615292847775,-0.0,-0.0,-0.0,-0.008623615292847775,0.009028116133100283,-0.0,-0.0
2024-03-15,design,1.0,0.0031844367889297676,0.0026844367889297675,0.0024844367889297675,0.0029844367889297675,0.0026844367889297675,-0.018832017269783563,0.0,0.0
2024-03-18,design,0.0,-0.007881716718444398,-0.0,-0.0,-0.0,-0.008381716718444399,0.006397823003213343,-0.0,-0.0
2024-03-19,design,0.0,0.007627809479445746,0.0,0.0,0.0,0.007127809479445746,-0.011966402025083367,0.007127809479445746,0.007127809479445746
2024-03-20,design,0.0,0.01622178353789372,0.0,0.0,0.0,0.01572178353789372,0.017613834866658795,0.0,0.0
2024-03-21,design,0.0,-0.00013927576601668878,-0.0,-0.0,-0.0,-0.0006392757660166888,0.02709352559150857,-0.0,-0.0
2024-03-22,design,1.0,0.004022908227406141,0.003522908227406141,0.003322908227406141,0.003822908227406141,0.003522908227406141,-0.0029247910863510196,0.003522908227406141,0.003522908227406141
2024-03-25,design,1.0,0.008386155831042741,0.00788615583104274,0.007686155831042741,0.00818615583104274,0.00788615583104274,-0.003939097639335087,0.00788615583104274,0.00788615583104274
2024-03-26,design,0.0,-0.005166092656371468,-0.0,-0.0,-0.0,-0.005666092656371469,0.009816570370785982,-0.0,-0.0
2024-03-27,design,0.0,-0.0004163890739506959,-0.0,-0.0,-0.0,-0.0009163890739506959,0.0005554938340184279,-0.0,-0.0
2024-03-28,design,0.0,0.004388401288745625,0.0,0.0,0.0,0.0038884012887456247,-0.0005551854319342242,0.0,0.0
2024-03-29,design,1.0,0.009356919414223563,0.008856919414223563,0.008656919414223564,0.009156919414223563,0.008856919414223563,0.003305188312409779,0.0,0.0
2024-04-01,design,1.0,-0.000663955514980441,-0.001163955514980441,-0.0013639555149804411,-0.000863955514980441,-0.001163955514980441,0.0006643966447970051,-0.0,-0.0
2024-04-02,design,0.0,-0.006041712646215003,-0.0,-0.0,-0.0,-0.006541712646215003,0.0027941461255429623,-0.0,-0.0
2024-04-03,design,1.0,0.011175844490504794,0.010675844490504793,0.010475844490504795,0.010975844490504793,0.010675844490504793,-0.015062900022070225,0.0,0.0
2024-04-04,design,0.0,-0.00955589924878475,-0.0,-0.0,-0.0,-0.01005589924878475,0.014172875469161461,-0.0,-0.0
2024-04-05,design,1.0,0.0021486173507827555,0.0016486173507827555,0.0014486173507827554,0.0019486173507827554,0.0016486173507827555,-0.010246354396818425,0.0,0.0
2024-04-08,design,0.0,0.005084887048820486,0.0,0.0,0.0,0.004584887048820485,0.004241426458687858,0.0,0.0
2024-04-09,design,1.0,-0.015824642827187096,-0.016324642827187097,-0.016524642827187096,-0.016024642827187095,-0.016324642827187097,-0.006168551501847808,-0.0,-0.0
2024-04-11,design,0.0,0.00013985231595436964,0.0,0.0,0.0,-0.00036014768404563037,-0.000419380993653351,0.0,0.0
2024-04-12,design,0.0,-0.0068353858321094085,-0.0,-0.0,-0.0,-0.007335385832109409,-0.009733721190422928,-0.0,-0.0
2024-04-15,design,0.0,-0.012596102017078503,-0.0,-0.0,-0.0,-0.013096102017078504,-0.004378036380070061,-0.013096102017078504,-0.013096102017078504
2024-04-16,design,0.0,0.0020328744845210522,0.0,0.0,0.0,0.0015328744845210522,-0.023121223297114857,0.0015328744845210522,0.0015328744845210522
2024-04-17,design,0.0,0.002642550942509869,0.0,0.0,0.0,0.002142550942509869,-0.010919440088284826,0.0,0.0
2024-04-18,design,0.0,-0.015381063688569507,-0.0,-0.0,-0.0,-0.015881063688569508,0.017470197897703876,-0.0,-0.0
2024-04-19,design,0.0,0.008499750007352702,0.0,0.0,0.0,0.007999750007352702,-0.01881510980290302,0.007999750007352702,0.0
2024-04-22,design,0.0,0.002176562772070456,0.0,0.0,0.0,0.0016765627720704561,0.013440781153495562,0.0016765627720704561,0.0016765627720704561
2024-04-23,design,0.0,0.013568087393590833,0.0,0.0,0.0,0.013068087393590833,-0.0011318126414765484,0.0,0.0
2024-04-24,design,0.0,-0.012238610104698622,-0.0,-0.0,-0.0,-0.012738610104698622,0.01842005868851504,-0.0,-0.0
2024-04-25,design,0.0,0.010508592661402805,0.0,0.0,0.0,0.010008592661402804,-0.017259578352780025,0.0,0.0
2024-04-26,design,0.0,0.008265411548616708,0.0,0.0,0.0,0.0077654115486167075,0.011495587552252662,0.0,0.0
2024-04-29,design,0.0,0.00056840788950141,0.0,0.0,0.0,6.840788950140996e-05,0.009815176213982424,0.0,0.0
2024-04-30,design,0.0,-0.008014726706315534,-0.0,-0.0,-0.0,-0.008514726706315534,0.0035241289149092747,-0.0,-0.0
2024-05-02,design,0.0,0.010516741515547823,0.0,0.0,0.0,0.010016741515547822,-0.0036250354007363317,0.0,0.0
2024-05-03,design,1.0,0.016186845698680008,0.015686845698680008,0.015486845698680009,0.01598684569868001,0.015686845698680008,-0.0008527087715308745,0.0,0.0
2024-05-07,design,0.0,-0.0005004726686315131,-0.0,-0.0,-0.0,-0.001000472668631513,0.023156577150659885,-0.0,-0.0
2024-05-08,design,0.0,0.0005264324504046236,0.0,0.0,0.0,2.6432450404623598e-05,0.0035033086804203695,0.0,0.0
2024-05-09,design,1.0,0.008574310692669895,0.008074310692669895,0.007874310692669896,0.008374310692669895,0.008074310692669895,-0.011193616313864618,0.0,0.0
2024-05-10,design,1.0,0.0027878449958183005,0.0022878449958183005,0.0020878449958183004,0.0025878449958183004,0.0022878449958183005,0.005099753418515984,0.0,0.0
2024-05-13,design,1.0,0.002681339552551565,0.002181339552551565,0.0019813395525515648,0.0024813395525515648,0.002181339552551565,-0.0018678561471981991,0.002181339552551565,0.002181339552551565
2024-05-14,design,1.0,0.017059233449477462,0.016559233449477462,0.016359233449477463,0.016859233449477463,0.016559233449477462,0.002011004664413507,0.0,0.0
2024-05-16,design,1.0,-0.001988071570576566,-0.002488071570576566,-0.0026880715705765662,-0.0021880715705765662,-0.002488071570576566,0.009505226480836182,-0.002488071570576566,-0.002488071570576566
2024-05-17,design,1.0,0.00888441874109458,0.00838441874109458,0.00818441874109458,0.008684418741094579,0.00838441874109458,-0.011679920477137173,0.0,0.0
2024-05-20,design,1.0,-0.003380250471018531,-0.003880250471018531,-0.004080250471018531,-0.003580250471018531,-0.003880250471018531,0.00835358869052616,-0.0,-0.0
2024-05-21,design,1.0,-0.0017825311942959443,-0.0022825311942959443,-0.0024825311942959444,-0.0019825311942959444,-0.0022825311942959443,-0.0052089105618974285,-0.0,-0.0
2024-05-22,design,0.0,-0.0013647504456327786,-0.0,-0.0,-0.0,-0.0018647504456327786,0.0,-0.0,-0.0
2024-05-23,design,0.0,-0.014817290552584628,-0.0,-0.0,-0.0,-0.015317290552584628,0.0,-0.0,-0.0
2024-05-24,design,0.0,0.002772826302237963,0.0,0.0,0.0,0.002272826302237963,-0.015625,0.0,0.0
2024-05-27,design,0.0,-0.0030417189898144237,-0.0,-0.0,-0.0,-0.0035417189898144237,0.013920719803072634,-0.0,-0.0
2024-05-28,design,0.0,-0.00362369337979096,-0.0,-0.0,-0.0,-0.00412369337979096,0.0011162271522253686,-0.0,-0.0
2024-05-29,design,0.0,-0.008402172683037223,-0.0,-0.0,-0.0,-0.008902172683037224,-0.01468989547038324,-0.0,-0.0
2024-05-30,design,0.0,0.008268510515701433,0.0,0.0,0.0,0.007768510515701432,-0.018049111689487418,0.0,0.0
2024-05-31,design,0.0,0.007061332718468982,0.0,0.0,0.0,0.006561332718468982,-0.000403341976375704,0.0,0.0
2024-06-03,design,0.0,-0.006257255301678977,-0.0,-0.0,-0.0,-0.006757255301678977,0.0179559603412498,-0.0,-0.0
2024-06-04,design,0.0,0.008328342032457803,0.0,0.0,0.0,0.007828342032457802,-0.007304850080693148,0.0,0.0
2024-06-05,design,0.0,0.009516548062803665,0.0,0.0,0.0,0.009016548062803664,0.010011123470522909,0.0,0.0
2024-06-07,design,0.0,-0.011677814938684472,-0.0,-0.0,-0.0,-0.012177814938684473,0.013215859030837107,-0.0,-0.0
2024-06-10,design,0.0,0.0020806388123488784,0.0,0.0,0.0,0.0015806388123488784,-0.008751393534002228,0.0,0.0
2024-06-11,design,0.0,-0.0020224719101124,-0.0,-0.0,-0.0,-0.0025224719101124,0.0009559691840521634,-0.0,-0.0
2024-06-12,design,0.0,0.012363211093475934,0.0,0.0,0.0,0.011863211093475934,0.008792134831460574,0.0,0.0
2024-06-13,design,1.0,0.0005531126413893528,5.311264138935278e-05,-0.0001468873586106472,0.0003531126413893528,5.311264138935278e-05,0.006849887227466267,0.0,0.0
2024-06-14,design,0.0,-0.004878855536260662,-0.0,-0.0,-0.0,-0.005378855536260663,0.003318675848336561,-0.0,-0.0
2024-06-17,design,1.0,0.006928662490992776,0.006428662490992776,0.006228662490992776,0.006728662490992777,0.006428662490992776,-0.005430138647702476,0.0,0.0
2024-06-18,design,0.0,0.009269924853271938,0.0,0.0,0.0,0.008769924853271938,0.01053156698630886,0.0,0.0
2024-06-19,design,0.0,-0.0009187699292007023,-0.0,-0.0,-0.0,-0.0014187699292007023,0.01491964236739629,-0.0,-0.0
2024-06-20,design,0.0,-0.0078057708871662745,-0.0,-0.0,-0.0,-0.008305770887166275,0.003945306166567519,-0.0,-0.0
2024-06-21,design,1.0,-0.007357332898952018,-0.007857332898952019,-0.008057332898952017,-0.007557332898952018,-0.007857332898952019,-0.008559431524547856,-0.007857332898952019,-0.007857332898952019
2024-06-24,design,1.0,0.0002462110849701382,-0.0002537889150298618,-0.0004537889150298618,4.621108497013821e-05,-0.0002537889150298618,-0.007601672367920975,-0.0002537889150298618,-0.0002537889150298618
2024-06-25,design,0.0,-0.0047461880472436935,-0.0,-0.0,-0.0,-0.005246188047243694,0.002927176232423223,-0.0,-0.0
2024-06-26,design,0.0,-0.010253774146420702,-0.0,-0.0,-0.0,-0.010753774146420703,0.008210359782875543,-0.0,-0.0
2024-06-27,design,0.0,0.0036565547128928344,0.0,0.0,0.0,0.0031565547128928344,-0.0011363021481521907,0.0,0.0
2024-06-28,design,0.0,-0.004065916312133155,-0.0,-0.0,-0.0,-0.004565916312133156,0.0059046587215600965,-0.0,-0.0
2024-07-01,design,0.0,-0.005348024724536438,-0.0,-0.0,-0.0,-0.005848024724536438,0.001938715062739016,-0.0,-0.0
2024-07-02,design,1.0,0.004195652762363666,0.0036956527623636663,0.0034956527623636663,0.003995652762363667,0.0036956527623636663,-0.0071754904595539015,0.0036956527623636663,0.0036956527623636663
2024-07-03,design,1.0,0.008059733678365433,0.007559733678365432,0.007359733678365433,0.007859733678365432,0.007559733678365432,0.004195652762363666,0.007559733678365432,0.007559733678365432
2024-07-04,design,0.0,0.005213459236600659,0.0,0.0,0.0,0.004713459236600659,0.01339694862256735,0.0,0.0
2024-07-05,design,0.0,-0.0011230672795653485,-0.0,-0.0,-0.0,-0.0016230672795653485,0.01843330230083784,-0.0,-0.0
2024-07-08,design,1.0,0.006288813772502122,0.005788813772502122,0.005588813772502122,0.006088813772502122,0.005788813772502122,-0.003264730463852894,0.0,0.0
2024-07-09,design,1.0,-0.0038905425870802146,-0.004390542587080215,-0.004590542587080215,-0.004090542587080214,-0.004390542587080215,0.003537457747032402,-0.004390542587080215,-0.004390542587080215
2024-07-10,design,0.0,0.008097589008176032,0.0,0.0,0.0,0.007597589008176031,-0.00039166536111545636,0.0,0.0
2024-07-11,design,1.0,-0.007891799278315736,-0.008391799278315737,-0.008591799278315736,-0.008091799278315737,-0.008391799278315737,0.006216858657889901,-0.0,-0.0
2024-07-12,design,1.0,0.00555394698744438,0.00505394698744438,0.00485394698744438,0.005353946987444381,0.00505394698744438,-0.013758729004958337,0.0,0.0
2024-07-15,design,0.0,-0.0032957547539954613,-0.0,-0.0,-0.0,-0.0037957547539954613,0.006317285672922557,-0.0037957547539954613,-0.0037957547539954613
2024-07-16,design,0.0,0.0001307052857217883,0.0,0.0,0.0,-0.0003692947142782117,0.0006016060265230383,0.0,0.0
2024-07-17,design,1.0,-0.01278469000421767,-0.01328469000421767,-0.013484690004217668,-0.01298469000421767,-0.01328469000421767,-0.008312856171903582,-0.0,-0.0
2024-07-18,design,0.0,-0.01104649618948994,-0.0,-0.0,-0.0,-0.011546496189489941,-0.007301771404470636,-0.011546496189489941,-0.011546496189489941
2024-07-19,design,0.0,-0.0009404809888485799,-0.0,-0.0,-0.0,-0.00144048098884858,-0.011790010356090175,-0.00144048098884858,-0.00144048098884858
2024-07-22,design,0.0,0.007436760395179709,0.0,0.0,0.0,0.0069367603951797085,-0.009969098481794947,0.0069367603951797085,0.0069367603951797085
2024-07-23,design,0.0,-0.008417235033019388,-0.0,-0.0,-0.0,-0.008917235033019388,0.002822711974812764,-0.0,-0.0
2024-07-24,design,0.0,-0.01445566656684727,-0.0,-0.0,-0.0,-0.01495566656684727,-0.005818988849193407,-0.0,-0.0
2024-07-25,design,0.0,0.0019965614774555274,0.0,0.0,0.0,0.0014965614774555274,-0.018266953420630005,0.0,0.0
2024-07-26,design,0.0,0.00637135922330101,0.0,0.0,0.0,0.005871359223301009,0.005379623980921844,0.0,0.0
2024-07-29,design,0.0,-0.011474828967810491,-0.0,-0.0,-0.0,-0.011974828967810491,0.011942850838482011,-0.0,-0.0
2024-07-30,design,0.0,0.0,0.0,0.0,0.0,-0.0005,-0.009348851154296955,0.0,0.0
2024-07-31,design,0.0,0.008162269165062241,0.0,0.0,0.0,0.007662269165062241,0.014609585649039802,0.0,0.0
2024-08-01,design,0.0,-0.023979190939388162,-0.0,-0.0,-0.0,-0.024479190939388162,0.0008135151991757184,-0.0,-0.0
2024-08-02,design,0.0,-0.026199147398435985,-0.0,-0.0,-0.0,-0.026699147398435985,-0.04026336467336822,-0.0,-0.0
2024-08-05,design,0.0,0.03991296238731734,0.0,0.0,0.0,0.03941296238731734,-0.09178171141413283,0.0,0.0
2024-08-06,design,0.0,-0.0041134837577884165,-0.0,-0.0,-0.0,-0.004613483757788417,0.02772769661175012,-0.0,-0.0
2024-08-07,design,0.0,-0.017298991631428007,-0.0,-0.0,-0.0,-0.017798991631428007,0.02283588409654591,-0.0,-0.0
2024-08-08,design,0.0,0.01894774474170302,0.0,0.0,0.0,0.01844774474170302,-0.007422302392287916,0.0,0.0
2024-08-09,design,0.0,0.007259581471902088,0.0,0.0,0.0,0.0067595814719020875,0.013644759578144594,0.0,0.0
2024-08-12,design,0.0,0.0038355368298705894,0.0,0.0,0.0,0.0033355368298705894,0.011491888079003143,0.0,0.0
2024-08-13,design,0.0,0.01248117687941619,0.0,0.0,0.0,0.011981176879416189,0.0033996803719309465,0.011981176879416189,0.0
2024-08-14,design,0.0,0.022234335551985396,0.0,0.0,0.0,0.021734335551985395,0.009382601644851052,0.021734335551985395,0.0
2024-08-16,design,0.0,0.0029705190001121373,0.0,0.0,0.0,0.0024705190001121373,0.023754877209088754,0.0,0.0
2024-08-19,design,0.0,0.01082899796426151,0.0,0.0,0.0,0.01032899796426151,-0.008855509472032286,0.0,0.0
2024-08-20,design,1.0,-0.0063544495143185165,-0.006854449514318517,-0.0070544495143185166,-0.006554449514318516,-0.006854449514318517,0.010037321872879534,-0.0,-0.0
2024-08-21,design,0.0,0.0031115097830352045,0.0,0.0,0.0,0.0026115097830352045,-0.001371665313663506,0.0,0.0
2024-08-22,design,1.0,-0.006101656963725888,-0.006601656963725888,-0.006801656963725888,-0.006301656963725887,-0.006601656963725888,0.0015137074620170665,-0.006601656963725888,-0.0
2024-08-23,design,0.0,0.0030528792292179308,0.0,0.0,0.0,0.0025528792292179307,-0.0006717420510523597,0.0,0.0
2024-08-26,design,1.0,-0.0009573419681824236,-0.0014573419681824236,-0.0016573419681824237,-0.0011573419681824237,-0.0014573419681824236,-0.005293524535066152,-0.0014573419681824236,-0.0
2024-08-27,design,1.0,-0.000679232467311941,-0.001179232467311941,-0.001379232467311941,-0.000879232467311941,-0.001179232467311941,-0.005096438124736036,-0.001179232467311941,-0.0
2024-08-28,design,0.0,-0.01567929485549624,-0.0,-0.0,-0.0,-0.01617929485549624,0.001782985226693734,-0.01617929485549624,-0.0
2024-08-29,design,0.0,0.0054968650691402665,0.0,0.0,0.0,0.004996865069140266,-0.013221459445715733,0.0,0.0
2024-08-30,design,0.0,0.0,0.0,0.0,0.0,-0.0005,0.0052105700134559285,-0.0005,0.0
2024-09-02,design,1.0,0.0,-0.0005,-0.0007,-0.0002,-0.0005,-0.0010822819059553845,-0.0005,0.0
2024-09-03,design,1.0,-0.0303056442105869,-0.030805644210586902,-0.0310056442105869,-0.0305056442105869,-0.030805644210586902,-0.008382516465657353,-0.0,-0.0
2024-09-04,design,0.0,0.004885314268692209,0.0,0.0,0.0,0.004385314268692209,-0.03476235659449667,0.0,0.0
2024-09-05,design,0.0,0.0007160545394875317,0.0,0.0,0.0,0.00021605453948753172,-0.0015787905868335228,0.0,0.0
2024-09-06,design,0.0,-0.020440724908182273,-0.0,-0.0,-0.0,-0.020940724908182273,-0.00892084613778088,-0.0,-0.0
2024-09-09,design,0.0,0.0005758622779898914,0.0,0.0,0.0,7.586227798989141e-05,-0.00674333192847254,0.0,0.0
2024-09-10,design,0.0,-0.002161142057041987,-0.0,-0.0,-0.0,-0.002661142057041987,-0.004273504273504258,-0.0,-0.0
2024-09-11,design,0.0,0.013735250737463067,0.0,0.0,0.0,0.013235250737463067,-0.009405533741210892,0.013235250737463067,0.0
2024-09-12,design,0.0,0.0005407354001440989,0.0,0.0,0.0,4.073540014409892e-05,0.02286135693215341,0.0,0.0
2024-09-13,design,0.0,0.006025179856115059,0.0,0.0,0.0,0.005525179856115059,0.00216294160057684,0.005525179856115059,0.0
2024-09-19,design,0.0,0.010960302684523526,0.0,0.0,0.0,0.010460302684523526,-0.0017386091127098435,0.010460302684523526,0.0
2024-09-20,design,0.0,0.002815720105439734,0.0,0.0,0.0,0.002315720105439734,0.00246231457570123,0.0,0.0
2024-09-23,design,0.0,0.005345198279980812,0.0,0.0,0.0,0.004845198279980811,0.0031152647975076775,0.0,0.0
2024-09-24,design,0.0,0.009265816808309735,0.0,0.0,0.0,0.008765816808309734,0.011944577161968395,0.008765816808309734,0.0
2024-09-25,design,0.0,0.017580640330647768,0.0,0.0,0.0,0.017080640330647767,-0.014724976392823441,0.0,0.0
2024-09-26,design,0.0,0.0024049605934168827,0.0,0.0,0.0,0.0019049605934168827,0.03363383150139265,0.0,0.0
2024-09-27,design,1.0,0.006313094580048251,0.00581309458004825,0.005613094580048251,0.006113094580048251,0.00581309458004825,-0.004027584608252255,0.0,0.0
2024-09-30,design,0.0,-0.016138156915289525,-0.0,-0.0,-0.0,-0.016638156915289526,-0.022924970180083215,-0.0,-0.0
2024-10-02,design,0.0,-0.0025276841598459443,-0.0,-0.0,-0.0,-0.0030276841598459443,-0.01051064463302065,-0.0,-0.0
2024-10-04,design,0.0,0.002378228671202409,0.0,0.0,0.0,0.0018782286712024092,-0.00042128069330760187,0.0,0.0
2024-10-07,design,0.0,-0.008031057373162676,-0.0,-0.0,-0.0,-0.008531057373162676,0.015834788367752317,-0.0,-0.0
2024-10-08,design,0.0,0.00809245102723355,0.0,0.0,0.0,0.007592451027233549,-0.007586533902323334,0.0,0.0
2024-10-10,design,1.0,0.006050490298351807,0.005550490298351807,0.005350490298351807,0.0058504902983518075,0.005550490298351807,0.001881270903010046,0.0,0.0
2024-10-11,design,1.0,0.0020539993451016425,0.0015539993451016425,0.0013539993451016424,0.0018539993451016424,0.0015539993451016425,0.0012518255789693011,0.0,0.0
2024-10-14,design,0.0,0.005119002088788127,0.0,0.0,0.0,0.004619002088788127,0.01184770636739807,0.0,0.0
2024-10-15,design,1.0,-0.01374923045351939,-0.01424923045351939,-0.014449230453519389,-0.01394923045351939,-0.01424923045351939,0.003530346268129758,-0.01424923045351939,-0.0
2024-10-16,design,0.0,0.002987988876397951,0.0,0.0,0.0,0.002487988876397951,-0.009058661428864578,0.0,0.0
2024-10-17,design,1.0,0.0018595590188612565,0.0013595590188612565,0.0011595590188612564,0.0016595590188612564,0.0013595590188612565,0.0022779717176497627,0.0013595590188612565,0.0
2024-10-18,design,1.0,0.0005344100706607957,3.44100706607957e-05,-0.00016558992933920428,0.00033441007066079573,3.44100706607957e-05,-0.005814811535169273,3.44100706607957e-05,0.0
2024-10-21,design,0.0,-0.004026289300728236,-0.0,-0.0,-0.0,-0.004526289300728237,0.002850187043524688,-0.0,-0.0
2024-10-22,design,0.0,0.0009313504581642817,0.0,0.0,0.0,0.00043135045816428174,-0.014595298715139982,0.0,0.0
2024-10-23,design,0.0,-0.005872756933115841,-0.0,-0.0,-0.0,-0.006372756933115842,0.012918732161634416,-0.0,-0.0
2024-10-24,design,0.0,0.001316025602679849,0.0,0.0,0.0,0.0008160256026798489,-0.008334569182856244,0.0,0.0
2024-10-25,design,0.0,0.0012851549657790784,0.0,0.0,0.0,0.0007851549657790784,0.0007477418197043839,0.0,0.0
2024-10-28,design,0.0,-0.001599336571496246,-0.0,-0.0,-0.0,-0.002099336571496246,0.009115634059595257,-0.0,-0.0
2024-10-29,design,0.0,-0.0028654988035804463,-0.0,-0.0,-0.0,-0.0033654988035804463,0.0025767089207440197,-0.0033654988035804463,-0.0
2024-10-30,design,0.0,-0.009395692895066476,-0.0,-0.0,-0.0,-0.009895692895066477,-0.009600898053233275,-0.009895692895066477,-0.0
2024-10-31,design,0.0,-0.00773811323036,-0.0,-0.0,-0.0,-0.00823811323036,-0.01321362524607772,-0.0,-0.0
2024-11-01,design,0.0,0.0025266362252662766,0.0,0.0,0.0,0.0020266362252662766,-0.007042892119819899,0.0,0.0
2024-11-04,design,0.0,-0.009281992933708572,-0.0,-0.0,-0.0,-0.009781992933708572,0.01668188736681886,-0.0,-0.0
2024-11-05,design,0.0,0.004004697238866539,0.0,0.0,0.0,0.003504697238866539,-0.005599137672914534,0.0,0.0
2024-11-06,design,0.0,-0.004346251358203546,-0.0,-0.0,-0.0,-0.004846251358203546,-0.0023787299388756677,-0.004846251358203546,-0.0
2024-11-07,design,0.0,0.009390947247637227,0.0,0.0,0.0,0.008890947247637226,-0.000452734516479536,0.0,0.0
2024-11-08,design,0.0,-0.006288167361992891,-0.0,-0.0,-0.0,-0.006788167361992892,-0.0011776429024368262,-0.0,-0.0
2024-11-11,design,0.0,-0.004946996466431042,-0.0,-0.0,-0.0,-0.005446996466431042,-0.016113428865106694,-0.005446996466431042,-0.0
2024-11-12,design,0.0,-0.008033892986034852,-0.0,-0.0,-0.0,-0.008533892986034852,-0.02089414656629285,-0.0,-0.0
2024-11-13,design,0.0,0.0014492753623187582,0.0,0.0,0.0,0.0009492753623187582,-0.025576651498509295,0.0,0.0
2024-11-14,design,0.0,0.00048515427906070663,0.0,0.0,0.0,-1.4845720939293382e-05,-0.004251207729468631,0.0,0.0
2024-11-15,design,0.0,0.011045820890729807,0.0,0.0,0.0,0.010545820890729807,0.0072773141859110435,0.0,0.0
2024-11-18,design,0.0,-0.0016632669072650375,-0.0,-0.0,-0.0,-0.0021632669072650375,0.023183379892752765,-0.0,-0.0
2024-11-19,design,0.0,-0.001657441285924266,-0.0,-0.0,-0.0,-0.002157441285924266,0.0035148281813901505,-0.0,-0.0
2024-11-20,design,0.0,-0.005367954559640453,-0.0,-0.0,-0.0,-0.005867954559640454,0.00203271101103919,-0.0,-0.0
2024-11-21,design,0.0,0.004644638403989987,0.0,0.0,0.0,0.004144638403989986,0.0011859434492229592,0.0,0.0
2024-11-22,design,0.0,0.00902209176579638,0.0,0.0,0.0,0.00852209176579638,0.00888403990024944,0.0,0.0
2024-11-25,design,0.0,-0.006413192853870875,-0.0,-0.0,-0.0,-0.006913192853870875,0.01174107832535154,-0.0,-0.0
2024-11-26,design,0.0,-0.003124808528889189,-0.0,-0.0,-0.0,-0.003624808528889189,-0.0031455183997557423,-0.0,-0.0
2024-11-27,design,0.0,-0.0028404705301182664,-0.0,-0.0,-0.0,-0.0033404705301182665,-0.00775075056675445,-0.0,-0.0
2024-11-28,design,0.0,-0.0036231884057971175,-0.0,-0.0,-0.0,-0.004123188405797118,-0.0029948439284942507,-0.0,-0.0
2024-11-29,design,0.0,0.009816609324200698,0.0,0.0,0.0,0.009316609324200698,-0.018921095008051503,0.0,0.0
2024-12-02,design,0.0,0.005041116607328533,0.0,0.0,0.0,0.0045411166073285325,0.0018307502919732155,0.0045411166073285325,0.0
2024-12-03,design,0.0,-0.017605961807172776,-0.0,-0.0,-0.0,-0.018105961807172777,0.01468225211884433,-0.0,-0.0
2024-12-04,design,0.0,0.0007869306556707034,0.0,0.0,0.0,0.0002869306556707034,-0.013538270454898305,0.0,0.0
2024-12-05,design,0.0,0.002631161832303164,0.0,0.0,0.0,0.002131161832303164,-0.007050898674808792,0.0,0.0
2024-12-06,design,0.0,-0.014051746112668906,-0.0,-0.0,-0.0,-0.014551746112668906,-0.005103819939768606,-0.014551746112668906,-0.0
2024-12-09,design,0.0,0.009802640177754451,0.0,0.0,0.0,0.009302640177754451,-0.024853428498598062,0.0,0.0
2024-12-10,design,0.0,-0.0044835868694955705,-0.0,-0.0,-0.0,-0.004983586869495571,0.020291465167951994,-0.0,-0.0
2024-12-11,design,0.0,0.006307448494453194,0.0,0.0,0.0,0.0058074484944531934,0.01040832666132907,0.0,0.0
2024-12-12,design,0.0,-0.0024373476657708615,-0.0,-0.0,-0.0,-0.0029373476657708615,0.014326465927099852,-0.0029373476657708615,-0.0
2024-12-13,design,0.0,0.006812667205873257,0.0,0.0,0.0,0.006312667205873257,0.004499718767577043,0.0,0.0
2024-12-16,design,1.0,-0.0014048451548451801,-0.0019048451548451801,-0.0021048451548451802,-0.0016048451548451802,-0.0019048451548451801,-0.003546319915386009,-0.0,-0.0
2024-12-17,design,0.0,0.00246359874924984,0.0,0.0,0.0,0.00196359874924984,-0.011582167832167811,0.0,0.0
2024-12-18,design,0.0,-0.02497819857979322,-0.0,-0.0,-0.0,-0.02547819857979322,0.014118315909162682,-0.0,-0.0
2024-12-19,design,0.0,-0.004142898116574756,-0.0,-0.0,-0.0,-0.004642898116574756,-0.0227046219010838,-0.0,-0.0
2024-12-20,design,0.0,0.0086652871184687,0.0,0.0,0.0,0.0081652871184687,-0.01437266961980943,0.0081652871184687,0.0
2024-12-23,design,0.0,0.004483591961333078,0.0,0.0,0.0,0.003983591961333077,0.016813243662700428,0.0,0.0
2024-12-24,design,0.0,0.003526832523115031,0.0,0.0,0.0,0.003026832523115031,0.0007949631137116331,0.003026832523115031,0.0
2024-12-26,design,0.0,-0.0016620321539297933,-0.0,-0.0,-0.0,-0.0021620321539297933,-0.005909827471165752,-0.0,-0.0
2024-12-27,design,0.0,-0.0035575782827473867,-0.0,-0.0,-0.0,-0.004057578282747387,-0.0027487454853453164,-0.004057578282747387,-0.0
2024-12-30,design,0.0,-0.004081108004755918,-0.0,-0.0,-0.0,-0.004581108004755918,-0.0026281208935611255,-0.0,-0.0
2025-01-02,validation,0.0,-0.00032206119162636604,-0.0,-0.0,-0.0,-0.000822061191626366,-0.0022172949002217113,-0.000822061191626366,-0.0
2025-01-03,validation,0.0,0.003094313409743865,0.0,0.0,0.0,0.002594313409743865,0.020000000000000018,0.0,0.0
2025-01-06,validation,0.0,0.009427546983185042,0.0,0.0,0.0,0.008927546983185042,0.021502320735057312,0.0,0.0
2025-01-07,validation,1.0,-0.008374277679923381,-0.008874277679923381,-0.00907427767992338,-0.008574277679923381,-0.008874277679923381,0.00027818991097916523,-0.0,-0.0
2025-01-08,validation,0.0,-0.00045910871694421207,-0.0,-0.0,-0.0,-0.0009591087169442121,0.009610333426037565,-0.0,-0.0
2025-01-09,validation,0.0,-0.0005811108392463904,-0.0,-0.0,-0.0,-0.0010811108392463904,0.0007345739471107393,-0.0,-0.0
2025-01-10,validation,1.0,-0.00554415413361109,-0.0060441541336110904,-0.00624415413361109,-0.00574415413361109,-0.0060441541336110904,-0.0014986542696354688,-0.0,-0.0
2025-01-13,validation,1.0,0.005867014341590648,0.005367014341590648,0.005167014341590648,0.005667014341590649,0.005367014341590648,-0.013263086960517034,0.005367014341590648,0.0
2025-01-14,validation,1.0,0.0038632711089132687,0.0033632711089132687,0.0031632711089132686,0.0036632711089132687,0.0033632711089132687,0.004408021357173997,0.0033632711089132687,0.0033632711089132687
2025-01-15,validation,1.0,0.013712198594731717,0.013212198594731717,0.013012198594731718,0.013512198594731717,0.013212198594731717,-0.0015144022746940156,0.0,0.0
2025-01-16,validation,1.0,-0.004028197381671705,-0.004528197381671706,-0.0047281973816717055,-0.004228197381671705,-0.004528197381671706,0.01430030643513791,-0.004528197381671706,-0.004528197381671706
2025-01-17,validation,0.0,0.004892966360856343,0.0,0.0,0.0,0.004392966360856343,-0.0021056486313283385,0.0,0.0
2025-01-20,validation,1.0,0.006095506478390078,0.005595506478390078,0.005395506478390078,0.005895506478390078,0.005595506478390078,-0.0016207951070336124,0.0,0.0
2025-01-21,validation,1.0,0.007099794962817985,0.006599794962817984,0.0063997949628179845,0.006899794962817985,0.006599794962817984,0.0009189205746316098,0.0,0.0
2025-01-22,validation,0.0,-0.0013313161875945223,-0.0,-0.0,-0.0,-0.0018313161875945223,0.011414756556599404,-0.0,-0.0
2025-01-23,validation,1.0,0.004893564962074937,0.004393564962074936,0.0041935649620749365,0.004693564962074937,0.004393564962074936,-0.010711043872919768,0.0,0.0
2025-01-24,validation,0.0,-0.01094557616296743,-0.0,-0.0,-0.0,-0.01144557616296743,0.005933447516515811,-0.01144557616296743,-0.01144557616296743
2025-01-31,validation,0.0,-0.021400061406201987,-0.0,-0.0,-0.0,-0.021900061406201987,-0.009729401033748863,-0.021900061406201987,-0.021900061406201987
2025-02-03,validation,0.0,0.012311383294399958,0.0,0.0,0.0,0.011811383294399957,-0.02738716610377645,0.011811383294399957,0.0
2025-02-04,validation,0.0,0.010756711252455364,0.0,0.0,0.0,0.010256711252455364,0.012469221541764108,0.0,0.0
2025-02-05,validation,0.0,0.006471095772217383,0.0,0.0,0.0,0.005971095772217383,0.01181679294110305,0.0,0.0
2025-02-06,validation,0.0,0.000579621720561363,0.0,0.0,0.0,7.962172056136295e-05,0.010107235301368256,0.0,0.0
2025-02-07,validation,1.0,-0.00528174420389993,-0.00578174420389993,-0.00598174420389993,-0.005481744203899929,-0.00578174420389993,-0.00655887736424654,-0.0,-0.0
2025-02-10,validation,0.0,0.0052708997303261285,0.0,0.0,0.0,0.004770899730326128,0.002057423614309828,0.0,0.0
2025-02-11,validation,0.0,-0.0016114320462146114,-0.0,-0.0,-0.0,-0.0021114320462146115,0.007906349595489193,-0.0,-0.0
2025-02-12,validation,0.0,0.003461468391328104,0.0,0.0,0.0,0.002961468391328104,0.0013377926421405117,0.0,0.0
2025-02-13,validation,0.0,0.0015916393885702096,0.0,0.0,0.0,0.0010916393885702096,0.011082771603813768,0.0,0.0
2025-02-14,validation,0.0,0.003376662184371826,0.0,0.0,0.0,0.002876662184371826,0.004985134688729298,0.0,0.0
2025-02-17,validation,0.0,0.0010086327093654646,0.0,0.0,0.0,0.0005086327093654646,0.007291199760944167,0.0,0.0
2025-02-18,validation,0.0,0.0037400241481873042,0.0,0.0,0.0,0.003240024148187304,0.007357085644783323,0.0,0.0
2025-02-19,validation,0.0,-0.0026264142230432164,-0.0,-0.0,-0.0,-0.0031264142230432164,0.020349265247224357,-0.0,-0.0
2025-02-20,validation,1.0,0.002271006813020504,0.001771006813020504,0.001571006813020504,0.002071006813020504,0.001771006813020504,-0.008716231817132325,0.0,0.0
2025-02-21,validation,1.0,-0.008549991275519142,-0.009049991275519143,-0.009249991275519141,-0.008749991275519143,-0.009049991275519143,0.001164618878471968,-0.009049991275519143,-0.009049991275519143
2025-02-24,validation,0.0,-0.01223259489040418,-0.0,-0.0,-0.0,-0.01273259489040418,-0.006252544640260593,-0.01273259489040418,-0.01273259489040418
2025-02-25,validation,0.0,-0.0010296540362437767,-0.0,-0.0,-0.0,-0.0015296540362437767,-0.005238360012876364,-0.0,-0.0
2025-02-26,validation,0.0,0.0008196241437854468,0.0,0.0,0.0,0.0003196241437854468,0.005001176747470026,0.0,0.0
2025-02-27,validation,1.0,-0.016017634092578947,-0.016517634092578948,-0.016717634092578947,-0.016217634092578946,-0.016517634092578948,-0.004010303846379015,-0.016517634092578948,-0.016517634092578948
2025-02-28,validation,0.0,-0.004985560115519094,-0.0,-0.0,-0.0,-0.005485560115519095,-0.03321087435709036,-0.0,-0.0
2025-03-04,validation,0.0,0.007253001767538292,0.0,0.0,0.0,0.006753001767538291,-0.0024623803009575784,0.0,0.0
2025-03-05,validation,0.0,0.004718407839816141,0.0,0.0,0.0,0.004218407839816141,0.007557749740964237,0.0,0.0
2025-03-06,validation,0.0,-0.009165518480800383,-0.0,-0.0,-0.0,-0.009665518480800384,0.009799770128848806,-0.0,-0.0
2025-03-07,validation,0.0,-0.005837746750120387,-0.0,-0.0,-0.0,-0.006337746750120388,-0.004612711915173984,-0.0,-0.0
2025-03-10,validation,0.0,-0.023627957247508102,-0.0,-0.0,-0.0,-0.024127957247508103,0.002286952335098791,-0.0,-0.0
2025-03-11,validation,0.0,0.004433108641525463,0.0,0.0,0.0,0.003933108641525462,-0.011228533685601061,0.0,0.0
2025-03-12,validation,0.0,0.005978000956480045,0.0,0.0,0.0,0.005478000956480045,0.015849881581344594,0.0,0.0
2025-03-13,validation,0.0,0.001171382231032636,0.0,0.0,0.0,0.000671382231032636,-0.004842180774748961,0.0,0.0
2025-03-14,validation,0.0,0.007556750298685744,0.0,0.0,0.0,0.007056750298685743,0.005586592178770999,0.0,0.0
2025-03-17,validation,0.0,0.01142622758701517,0.0,0.0,0.0,0.01092622758701517,0.019474313022700196,0.0,0.0
2025-03-18,validation,1.0,0.0005845389449072869,8.453894490728685e-05,-0.00011546105509271313,0.0003845389449072869,8.453894490728685e-05,0.002431735614672359,8.453894490728685e-05,8.453894490728685e-05
2025-03-19,validation,0.0,0.007389804967108171,0.0,0.0,0.0,0.006889804967108171,0.0085342685956451,0.0,0.0
2025-03-20,validation,0.0,-0.002129986759541791,-0.0,-0.0,-0.0,-0.002629986759541791,0.006810212420668371,-0.002629986759541791,-0.002629986759541791
2025-03-21,validation,0.0,-0.0038388815676387855,-0.0,-0.0,-0.0,-0.004338881567638786,0.0047205111968222635,-0.0,-0.0
2025-03-24,validation,0.0,0.005835681021100436,0.0,0.0,0.0,0.005335681021100436,-0.0034378043889302656,0.0,0.0
2025-03-25,validation,1.0,0.0042744916820702805,0.0037744916820702805,0.0035744916820702804,0.004074491682070281,0.0037744916820702805,-0.004657045938021076,0.0037744916820702805,0.0037744916820702805
2025-03-26,validation,0.0,-0.010281819223278754,-0.0,-0.0,-0.0,-0.010781819223278755,0.008433456561922403,-0.0,-0.0
2025-03-27,validation,1.0,-0.004117374159127829,-0.0046173741591278294,-0.004817374159127829,-0.004317374159127829,-0.0046173741591278294,-0.012257990606025837,-0.0,-0.0
2025-03-28,validation,0.0,-0.017976600948928723,-0.0,-0.0,-0.0,-0.018476600948928723,-0.01609255393180231,-0.0,-0.0
2025-03-31,validation,0.0,0.007519936929561322,0.0,0.0,0.0,0.007019936929561321,-0.028114225090619782,0.007019936929561321,0.0
2025-04-01,validation,0.0,0.0013153567905295205,0.0,0.0,0.0,0.0008153567905295205,0.014312138027229526,0.0,0.0
2025-04-02,validation,0.0,-0.030103650292924722,-0.0,-0.0,-0.0,-0.030603650292924722,-0.004962482436997373,-0.0,-0.0
2025-04-03,validation,0.0,-0.01289890785190595,-0.0,-0.0,-0.0,-0.01339890785190595,-0.012438035150968862,-0.0,-0.0
2025-04-04,validation,0.0,-0.04472068753836711,-0.0,-0.0,-0.0,-0.04522068753836711,-0.008852788171944903,-0.04522068753836711,-0.0
2025-04-07,validation,0.0,0.018975393828928544,0.0,0.0,0.0,0.018475393828928544,-0.05696746470227132,0.0,0.0
2025-04-08,validation,0.0,-0.0021165744057309865,-0.0,-0.0,-0.0,-0.0026165744057309866,-0.00045566983465694655,-0.0,-0.0
2025-04-09,validation,0.0,0.055798397244850584,0.0,0.0,0.0,0.05529839724485058,-0.016672093780527475,0.05529839724485058,0.0
2025-04-10,validation,0.0,-0.016594404067500568,-0.0,-0.0,-0.0,-0.017094404067500568,0.06162659778793289,-0.0,-0.0
2025-04-11,validation,0.0,0.005444135039579523,0.0,0.0,0.0,0.0049441350395795225,-0.0030568639071711923,0.0,0.0
2025-04-14,validation,0.0,0.001367989056087593,0.0,0.0,0.0,0.0008679890560875929,0.0063514908795094804,0.0008679890560875929,0.0
2025-04-15,validation,0.0,-0.004156275976724855,-0.0,-0.0,-0.0,-0.004656275976724855,0.009855739335903557,-0.0,-0.0
2025-04-16,validation,0.0,0.0027521501172791396,0.0,0.0,0.0,0.0022521501172791396,-0.015578338105353917,0.0,0.0
2025-04-17,validation,0.0,0.0016722408026756952,0.0,0.0,0.0,0.0011722408026756952,0.009913995308834966,0.0,0.0
2025-04-18,validation,0.0,0.00015379410045834874,0.0,0.0,0.0,-0.0003462058995416513,0.006781865477517579,0.0,0.0
2025-04-21,validation,0.0,-0.004976194133005651,-0.0,-0.0,-0.0,-0.005476194133005652,0.0013533880840330692,-0.005476194133005652,-0.0
2025-04-22,validation,0.0,0.016704163713132214,0.0,0.0,0.0,0.016204163713132214,-0.003317462755337175,0.0,0.0
2025-04-23,validation,0.0,0.0001513637877275098,0.0,0.0,0.0,-0.0003486362122724902,0.018060221283940026,0.0,0.0
2025-04-24,validation,1.0,0.010887365803360138,0.010387365803360138,0.01018736580336014,0.010687365803360138,0.010387365803360138,-0.0017860926951835943,0.010387365803360138,0.0
2025-04-25,validation,1.0,0.0017427884615384137,0.0012427884615384137,0.0010427884615384136,0.0015427884615384136,0.0012427884615384137,0.009280038818463066,0.0,0.0
2025-04-28,validation,1.0,0.0028224837857313556,0.0023224837857313556,0.0021224837857313555,0.0026224837857313555,0.0023224837857313556,0.0007211538461537881,0.0023224837857313556,0.0023224837857313556
2025-04-29,validation,0.0,-0.0010139568173684887,-0.0,-0.0,-0.0,-0.0015139568173684888,0.006846024501561354,-0.0,-0.0
2025-04-30,validation,1.0,-0.0007470938050981868,-0.0012470938050981868,-0.001447093805098187,-0.0009470938050981868,-0.0012470938050981868,-0.002057735894071322,-0.0,-0.0
2025-05-02,validation,0.0,0.0107186576299525,0.0,0.0,0.0,0.010218657629952499,0.0008965125661177797,0.0,0.0
2025-05-07,validation,1.0,0.0015986263654934607,0.0010986263654934607,0.0008986263654934607,0.0013986263654934606,0.0010986263654934607,0.00853909772191197,0.0010986263654934607,0.0010986263654934607
2025-05-08,validation,1.0,0.0018938833486223938,0.0013938833486223938,0.0011938833486223937,0.0016938833486223937,0.0013938833486223938,0.0004144586873502387,0.0,0.0
2025-05-09,validation,1.0,0.006895939386764471,0.006395939386764471,0.006195939386764471,0.006695939386764472,0.006395939386764471,-0.0001479596366111835,0.0,0.0
2025-05-12,validation,0.0,0.004289841538506423,0.0,0.0,0.0,0.0037898415385064226,0.014176630756481678,0.0,0.0
2025-05-13,validation,1.0,0.009055175425826123,0.008555175425826123,0.008355175425826124,0.008855175425826122,0.008555175425826123,0.002276242449003485,0.0,0.0
2025-05-14,validation,0.0,-0.00270076138485853,-0.0,-0.0,-0.0,-0.00320076138485853,0.013393507060707632,-0.0,-0.0
2025-05-15,validation,1.0,0.003704990158619914,0.003204990158619914,0.003004990158619914,0.003504990158619914,0.003204990158619914,-0.007383996552219552,0.0,0.0
2025-05-16,validation,0.0,-0.004844849463605971,-0.0,-0.0,-0.0,-0.005344849463605972,0.003704990158619914,-0.0,-0.0
2025-05-19,validation,1.0,0.007787435104707363,0.007287435104707363,0.007087435104707363,0.0075874351047073635,0.007287435104707363,-0.011246971969085195,0.007287435104707363,0.007287435104707363
2025-05-20,validation,1.0,0.00474457866394995,0.004244578663949949,0.00404457866394995,0.00454457866394995,0.004244578663949949,0.002012483229306472,0.0,0.0
2025-05-21,validation,0.0,-0.0055823908830590074,-0.0,-0.0,-0.0,-0.006082390883059008,0.006345510114976083,-0.0,-0.0
2025-05-22,validation,1.0,0.0027543366150961646,0.0022543366150961646,0.0020543366150961645,0.0025543366150961645,0.0022543366150961646,-0.012871315766638691,0.0022543366150961646,0.0022543366150961646
2025-05-23,validation,1.0,0.002459160372387137,0.001959160372387137,0.0017591603723871368,0.002259160372387137,0.001959160372387137,0.0008790436005625679,0.0,0.0
2025-05-26,validation,0.0,-0.0027088556525748375,-0.0,-0.0,-0.0,-0.0032088556525748375,0.01589671526435965,-0.0,-0.0
2025-05-27,validation,0.0,0.0032174662453317016,0.0,0.0,0.0,0.0027174662453317015,0.0031411198524537998,0.0,0.0
2025-05-28,validation,0.0,0.011336904458237651,0.0,0.0,0.0,0.01083690445823765,0.01358804941108871,0.0,0.0
2025-05-29,validation,0.0,-0.0036962925907397803,-0.0,-0.0,-0.0,-0.004196292590739781,0.019811240540770436,-0.0,-0.0
2025-05-30,validation,1.0,-0.002777933666311294,-0.003277933666311294,-0.0034779336663112942,-0.002977933666311294,-0.003277933666311294,-0.009560335723417301,-0.0,-0.0
2025-06-02,validation,0.0,0.013558655924543084,0.0,0.0,0.0,0.013058655924543083,-0.00042089904035014225,0.013058655924543083,0.013058655924543083
2025-06-04,validation,0.0,0.007781782437745743,0.0,0.0,0.0,0.007281782437745743,0.028099823147966108,0.0,0.0
2025-06-05,validation,0.0,0.015564202334630295,0.0,0.0,0.0,0.015064202334630294,0.01750218435998252,0.0,0.0
2025-06-09,validation,0.0,0.006779213927723626,0.0,0.0,0.0,0.006279213927723626,0.017308466389373445,0.0,0.0
2025-06-10,validation,1.0,0.005008785041827224,0.0045087850418272235,0.004308785041827224,0.004808785041827224,0.0045087850418272235,0.00588235294117645,0.0,0.0
2025-06-11,validation,0.0,0.000647987351286794,0.0,0.0,0.0,0.00014798735128679396,0.011748354443657627,0.0,0.0
2025-06-12,validation,0.0,0.003777392564228599,0.0,0.0,0.0,0.003277392564228599,0.0018143645836032896,0.0,0.0
2025-06-13,validation,1.0,0.0034965034965035446,0.0029965034965035446,0.0027965034965035445,0.0032965034965035445,0.0029965034965035446,-0.008460324441799671,0.0029965034965035446,0.0029965034965035446
2025-06-16,validation,0.0,0.0036900369003689537,0.0,0.0,0.0,0.0031900369003689537,0.01826531677277954,0.0,0.0
2025-06-17,validation,1.0,-0.0069259865058269865,-0.007425986505826987,-0.007625986505826987,-0.007125986505826986,-0.007425986505826987,0.0026650266502665776,-0.007425986505826987,-0.007425986505826987
2025-06-18,validation,0.0,0.006513089535973959,0.0,0.0,0.0,0.006013089535973959,0.008459415252504598,0.0,0.0
2025-06-19,validation,1.0,0.004149482579763664,0.0036494825797636636,0.0034494825797636635,0.003949482579763664,0.0036494825797636636,0.0016219366937835211,0.0036494825797636636,0.0036494825797636636
2025-06-20,validation,0.0,-0.009332501559575768,-0.0,-0.0,-0.0,-0.009832501559575768,0.01396655112213141,-0.0,-0.0
2025-06-23,validation,0.0,0.01541151492444115,0.0,0.0,0.0,0.01491151492444115,-0.0009981285090455705,0.0,0.0
2025-06-24,validation,0.0,0.006770153295613923,0.0,0.0,0.0,0.006270153295613923,0.03304608467590864,0.0,0.0
2025-06-25,validation,1.0,0.0,-0.0005,-0.0007,-0.0002,-0.0005,0.0030949272208520284,-0.0005,-0.0005
2025-06-26,validation,1.0,0.00012162195032949796,-0.00037837804967050205,-0.000578378049670502,-7.837804967050205e-05,-0.00037837804967050205,-0.009039193944945234,-0.00037837804967050205,-0.00037837804967050205
2025-06-27,validation,1.0,0.006167551824567408,0.005667551824567407,0.005467551824567408,0.005967551824567408,0.005667551824567407,-0.00612974629661156,0.005667551824567407,0.005667551824567407
2025-06-30,validation,0.0,0.004547554777364349,0.0,0.0,0.0,0.004047554777364348,0.00641229594459003,0.0,0.0
2025-07-01,validation,1.0,-0.0022793957176459045,-0.0027793957176459046,-0.0029793957176459046,-0.0024793957176459046,-0.0027793957176459046,0.002869580019941198,-0.0,-0.0
2025-07-02,validation,1.0,0.006986197999075072,0.006486197999075072,0.006286197999075072,0.0067861979990750726,0.006486197999075072,-0.00383132471689418,0.006486197999075072,0.006486197999075072
2025-07-03,validation,0.0,0.0039790977515701265,0.0,0.0,0.0,0.0034790977515701265,0.015505951656483496,0.0,0.0
2025-07-04,validation,1.0,-0.005083834384318364,-0.005583834384318365,-0.005783834384318364,-0.005283834384318364,-0.005583834384318365,-0.01927225657989362,-0.0,-0.0
2025-07-07,validation,0.0,0.0031236273122163816,0.0,0.0,0.0,0.0026236273122163816,0.001564256733636471,0.0,0.0
2025-07-08,validation,0.0,0.00033543378776634825,0.0,0.0,0.0,-0.00016456621223365176,0.018522133827907572,0.0,0.0
2025-07-09,validation,0.0,0.0028667670035118498,0.0,0.0,0.0,0.0023667670035118498,0.0029230658648202734,0.0,0.0
2025-07-10,validation,0.0,0.001980991910949692,0.0,0.0,0.0,0.001480991910949692,0.012996010415920134,0.0,0.0
2025-07-11,validation,1.0,-0.0009427736400490216,-0.0014427736400490217,-0.0016427736400490217,-0.0011427736400490217,-0.0014427736400490217,0.0005895809258777973,-0.0,-0.0
2025-07-14,validation,0.0,-0.0026155391046449594,-0.0,-0.0,-0.0,-0.0031155391046449594,0.00926275101348173,-0.0,-0.0
2025-07-15,validation,0.0,-0.0021808226805558606,-0.0,-0.0,-0.0,-0.0026808226805558606,0.006585553817052281,-0.0,-0.0
2025-07-16,validation,1.0,0.0033256048151011353,0.0028256048151011352,0.002625604815101135,0.003125604815101135,0.0028256048151011352,-0.009372897478133746,0.0,0.0
2025-07-17,validation,1.0,0.0019868633271780123,0.0014868633271780123,0.0012868633271780122,0.0017868633271780122,0.0014868633271780123,0.001920419681959773,0.0014868633271780123,0.0014868633271780123
2025-07-18,validation,1.0,-0.0005147884687383142,-0.0010147884687383142,-0.0012147884687383143,-0.0007147884687383142,-0.0010147884687383142,-0.0010518688202706405,-0.0010147884687383142,-0.0010147884687383142
2025-07-21,validation,0.0,-0.0006963303391128717,-0.0,-0.0,-0.0,-0.0011963303391128717,0.008119618120554062,-0.0,-0.0
2025-07-22,validation,1.0,0.006918949449308043,0.006418949449308042,0.006218949449308043,0.006718949449308043,0.006418949449308042,-0.013717707680523605,0.006418949449308042,0.006418949449308042
2025-07-23,validation,1.0,0.005909389363099038,0.0054093893630990375,0.005209389363099038,0.005709389363099038,0.0054093893630990375,0.0035771439329757015,0.0054093893630990375,0.0054093893630990375
2025-07-24,validation,1.0,-0.0022065727699530635,-0.0027065727699530635,-0.0029065727699530636,-0.0024065727699530636,-0.0027065727699530635,-0.0010317981427633294,-0.0,-0.0
2025-07-25,validation,0.0,0.009225221850195586,0.0,0.0,0.0,0.008725221850195586,0.0025586854460093456,0.0,0.0
2025-07-28,validation,1.0,-0.004192774452027703,-0.004692774452027704,-0.004892774452027703,-0.004392774452027703,-0.004692774452027704,0.005197967641480616,-0.004692774452027704,-0.004692774452027704
2025-07-29,validation,0.0,-0.0002313636573967326,-0.0,-0.0,-0.0,-0.0007313636573967326,0.0067783186974448295,-0.0,-0.0
2025-07-30,validation,0.0,0.007822356800403663,0.0,0.0,0.0,0.007322356800403662,0.008583591689417469,0.0,0.0
2025-07-31,validation,1.0,-0.014440765268579847,-0.014940765268579848,-0.015140765268579846,-0.014640765268579848,-0.014940765268579848,-0.002408643589567161,-0.014940765268579848,-0.014940765268579848
2025-08-01,validation,0.0,-0.00023968170269883515,-0.0,-0.0,-0.0,-0.0007396817026988352,-0.04060890360559233,-0.0,-0.0
2025-08-04,validation,0.0,0.01123142904532859,0.0,0.0,0.0,0.010731429045328589,0.011528689899813038,0.0,0.0
2025-08-05,validation,0.0,-0.006896551724137945,-0.0,-0.0,-0.0,-0.007396551724137945,0.013553538847949298,-0.0,-0.0
2025-08-06,validation,0.0,0.007321637426900507,0.0,0.0,0.0,0.0068216374269005065,-0.0005844535359439407,0.0,0.0
2025-08-07,validation,0.0,0.0009276868129319826,0.0,0.0,0.0,0.0004276868129319826,0.008608187134502954,0.0,0.0
2025-08-08,validation,1.0,0.0013716464406936524,0.0008716464406936524,0.0006716464406936524,0.0011716464406936523,0.0008716464406936524,-0.0024119857136231104,0.0,0.0
2025-08-11,validation,1.0,0.0010459521651209336,0.0005459521651209336,0.0003459521651209336,0.0008459521651209336,0.0005459521651209336,0.00020923420281770966,0.0,0.0
2025-08-12,validation,1.0,0.009700361431736138,0.009200361431736137,0.009000361431736138,0.009500361431736137,0.009200361431736137,-0.0032075866397043296,0.0,0.0
2025-08-13,validation,1.0,0.002492729538845051,0.001992729538845051,0.001792729538845051,0.002292729538845051,0.001992729538845051,0.01028331584470088,0.001992729538845051,0.001992729538845051
2025-08-14,validation,1.0,-0.005151781176361836,-0.005651781176361836,-0.005851781176361836,-0.005351781176361836,-0.005651781176361836,-0.0009232331625351753,-0.005651781176361836,-0.005651781176361836
2025-08-18,validation,0.0,0.0026505911052729925,0.0,0.0,0.0,0.0021505911052729925,-0.015108811162962588,0.0,0.0
2025-08-19,validation,0.0,-0.009000708717221806,-0.0,-0.0,-0.0,-0.009500708717221806,-0.007083880653030561,-0.0,-0.0
2025-08-20,validation,0.0,0.002376538808878781,0.0,0.0,0.0,0.0018765388088787809,-0.005953224663359347,0.0018765388088787809,0.0018765388088787809
2025-08-21,validation,0.0,0.006448095204229176,0.0,0.0,0.0,0.005948095204229176,0.002495365749322742,0.0,0.0
2025-08-22,validation,0.0,0.008746150048197787,0.0,0.0,0.0,0.008246150048197787,0.008297181328971392,0.008246150048197787,0.008246150048197787
2025-08-25,validation,0.0,-0.0030892156179592734,-0.0,-0.0,-0.0,-0.0035892156179592734,0.012225801142642156,-0.0,-0.0
2025-08-26,validation,0.0,0.0010551738692052837,0.0,0.0,0.0,0.0005551738692052837,-0.009430237149559817,0.0,0.0
2025-08-27,validation,0.0,-0.004986305218063092,-0.0,-0.0,-0.0,-0.005486305218063092,0.0016413815743194782,-0.005486305218063092,-0.005486305218063092
2025-08-28,validation,0.0,0.0029812507278443867,0.0,0.0,0.0,0.0024812507278443867,0.005103354636327495,0.0,0.0
2025-08-29,validation,1.0,-0.009001636661211121,-0.009501636661211121,-0.00970163666121112,-0.009201636661211121,-0.009501636661211121,-0.003843018516361929,-0.0,-0.0
2025-09-01,validation,0.0,0.002377951632463793,0.0,0.0,0.0,0.0018779516324637928,-0.016764086976852943,0.0,0.0
2025-09-02,validation,0.0,0.00023529965410951093,0.0,0.0,0.0,-0.0002647003458904891,0.010605664280788574,0.0,0.0
2025-09-03,validation,0.0,-0.0004682524817382072,-0.0,-0.0,-0.0,-0.0009682524817382072,0.005011882632532494,-0.0,-0.0
2025-09-04,validation,0.0,0.0031257289479822425,0.0,0.0,0.0,0.0026257289479822425,0.0036991946057314262,0.0,0.0
2025-09-05,validation,0.0,0.002323258137211681,0.0,0.0,0.0,0.0018232581372116812,0.004035456029857665,0.0,0.0
2025-09-08,validation,0.0,0.0028695732666852436,0.0,0.0,0.0,0.0023695732666852436,0.003926306251887723,0.0023695732666852436,0.0023695732666852436
2025-09-09,validation,0.0,0.0036072235793702667,0.0,0.0,0.0,0.0031072235793702667,0.013630473016754685,0.0,0.0
2025-09-10,validation,0.0,0.005992710359786324,0.0,0.0,0.0,0.005492710359786324,0.021004086664688115,0.0,0.0
2025-09-11,validation,0.0,0.011418669747189858,0.0,0.0,0.0,0.010918669747189857,0.006551731848572162,0.010918669747189857,0.010918669747189857
2025-09-12,validation,0.0,0.007359986063931734,0.0,0.0,0.0,0.006859986063931733,0.020215932820900173,0.0,0.0
2025-09-15,validation,1.0,0.0020130741590544954,0.0015130741590544954,0.0013130741590544953,0.0018130741590544953,0.0015130741590544954,0.0059663792352582234,0.0,0.0
2025-09-16,validation,0.0,-0.005921192758253424,-0.0,-0.0,-0.0,-0.0064211927582534245,0.01627776094203215,-0.0,-0.0
2025-09-17,validation,1.0,0.007051364989002495,0.006551364989002495,0.006351364989002495,0.006851364989002496,0.006551364989002495,-0.012268370607028789,0.0,0.0
2025-09-18,validation,0.0,0.0016317707891837507,0.0,0.0,0.0,0.0011317707891837507,0.017552939146935786,0.0,0.0
2025-09-19,validation,1.0,0.005870591738631026,0.005370591738631025,0.005170591738631026,0.005670591738631026,0.005370591738631025,-0.0036873781469864975,0.005370591738631025,0.005370591738631025
2025-09-22,validation,0.0,0.007519905632556778,0.0,0.0,0.0,0.007019905632556778,0.009784319564384969,0.0,0.0
2025-09-23,validation,0.0,0.0010030090270811698,0.0,0.0,0.0,0.0005030090270811698,0.008046509668450108,0.0,0.0
2025-09-24,validation,1.0,-0.005680627174778907,-0.006180627174778908,-0.006380627174778907,-0.005880627174778907,-0.006180627174778908,-0.0031344032096288776,-0.006180627174778908,-0.006180627174778908
2025-09-25,validation,0.0,-0.010372791852643504,-0.0,-0.0,-0.0,-0.010872791852643504,0.00031442585838248327,-0.0,-0.0
2025-09-26,validation,1.0,0.006698441324230364,0.006198441324230364,0.005998441324230364,0.0064984413242303645,0.006198441324230364,-0.023951719368831337,0.006198441324230364,0.006198441324230364
2025-09-29,validation,0.0,-0.00042292239374075447,-0.0,-0.0,-0.0,-0.0009229223937407545,0.01528618661170511,-0.0,-0.0
2025-09-30,validation,1.0,0.004389033776477369,0.003889033776477369,0.003689033776477369,0.004189033776477369,0.003889033776477369,-0.002685557200253763,0.0,0.0
2025-10-01,validation,0.0,0.02427714129841796,0.0,0.0,0.0,0.02377714129841796,0.010495515552445767,0.0,0.0
2025-10-02,validation,0.0,0.018745288208806166,0.0,0.0,0.0,0.018245288208806165,0.02981661001300928,0.0,0.0
2025-10-10,validation,0.0,-0.020665673124689476,-0.0,-0.0,-0.0,-0.021165673124689477,0.025387640334970207,-0.0,-0.0
2025-10-13,validation,0.0,0.004953274776400729,0.0,0.0,0.0,0.0044532747764007286,-0.009120715350223518,0.0044532747764007286,0.0044532747764007286
2025-10-14,validation,1.0,0.004923014586709851,0.00442301458670985,0.004223014586709851,0.004723014586709851,0.00442301458670985,-0.010147194481209598,0.0,0.0
2025-10-15,validation,0.0,0.0015769450631764048,0.0,0.0,0.0,0.0010769450631764048,0.027775526742301437,0.0,0.0
2025-10-16,validation,0.0,-0.004264064690855274,-0.0,-0.0,-0.0,-0.004764064690855274,0.02625613530188642,-0.0,-0.0
2025-10-17,validation,0.0,0.008638026469517834,0.0,0.0,0.0,0.008138026469517834,0.002842709793903442,0.0,0.0
2025-10-20,validation,0.0,0.009065944400556747,0.0,0.0,0.0,0.008565944400556746,0.018291164697094464,0.0,0.0
2025-10-21,validation,1.0,-0.0031530939734614183,-0.0036530939734614183,-0.0038530939734614184,-0.0033530939734614184,-0.0036530939734614183,0.002163036527103701,-0.0,-0.0
2025-10-22,validation,0.0,-0.0147907580959451,-0.0,-0.0,-0.0,-0.0152907580959451,0.011336123571254353,-0.0,-0.0
2025-10-23,validation,0.0,0.01309200037512892,0.0,0.0,0.0,0.01259200037512892,-0.01057808295443996,0.0,0.0
2025-10-24,validation,0.0,0.016305043230299576,0.0,0.0,0.0,0.015805043230299576,0.02610897496014264,0.0,0.0
2025-10-27,validation,0.0,-0.0076675383821671605,-0.0,-0.0,-0.0,-0.008167538382167161,0.027491911455572504,-0.0,-0.0
2025-10-28,validation,1.0,0.012290663408323077,0.011790663408323077,0.011590663408323078,0.012090663408323076,0.011790663408323077,-0.009944672750885064,0.011790663408323077,0.011790663408323077
2025-10-29,validation,0.0,0.010225992678118745,0.0,0.0,0.0,0.009725992678118744,0.020915690361532402,0.0,0.0
2025-10-30,validation,1.0,0.0026835043409629833,0.0021835043409629833,0.001983504340962983,0.002483504340962983,0.0021835043409629833,0.0035025344973247385,0.0,0.0
2025-10-31,validation,0.0,0.0024086364345250466,0.0,0.0,0.0,0.0019086364345250466,0.01217223537665535,0.0,0.0
2025-11-03,validation,0.0,-0.00016811808614369816,-0.0,-0.0,-0.0,-0.0006681180861436982,0.030723110779947715,-0.0,-0.0
2025-11-04,validation,1.0,-0.01896512974776554,-0.01946512974776554,-0.01966512974776554,-0.01916512974776554,-0.01946512974776554,-0.027554554318953595,-0.0,-0.0
2025-11-05,validation,1.0,0.02411095305832145,0.02361095305832145,0.02341095305832145,0.02391095305832145,0.02361095305832145,-0.02771294711546768,0.02361095305832145,0.02361095305832145
2025-11-06,validation,1.0,-0.018072821800562355,-0.018572821800562356,-0.018772821800562355,-0.018272821800562354,-0.018572821800562356,0.005494310099573241,-0.0,-0.0
2025-11-07,validation,1.0,0.010085183784465324,0.009585183784465323,0.009385183784465324,0.009885183784465323,0.009585183784465323,-0.018072821800562355,0.009585183784465323,0.009585183784465323
2025-11-10,validation,0.0,0.013788162102650992,0.0,0.0,0.0,0.013288162102650991,0.030543699461523133,0.0,0.0
2025-11-11,validation,1.0,-0.0008656659568205827,-0.0013656659568205827,-0.0015656659568205828,-0.0010656659568205828,-0.0013656659568205827,0.009366862974677925,-0.0,-0.0
2025-11-12,validation,0.0,-0.006973954763536683,-0.0,-0.0,-0.0,-0.007473954763536683,0.01040530480098334,-0.0,-0.0
2025-11-13,validation,0.0,-0.029713272041892003,-0.0,-0.0,-0.0,-0.030213272041892003,0.004575051405071973,-0.0,-0.0
2025-11-14,validation,1.0,0.01574339864852825,0.01524339864852825,0.015043398648528251,0.01554339864852825,0.01524339864852825,-0.043324747983011225,0.0,0.0
2025-11-17,validation,0.0,-0.012726288776774952,-0.0,-0.0,-0.0,-0.013226288776774953,0.021324014477508202,-0.0,-0.0
2025-11-18,validation,0.0,0.0022570510274095845,0.0,0.0,0.0,0.0017570510274095845,-0.03318611106261893,0.0017570510274095845,0.0017570510274095845
2025-11-19,validation,0.0,0.029257205200472702,0.0,0.0,0.0,0.028757205200472702,-0.006987829980860227,0.0,0.0
2025-11-20,validation,0.0,-0.04266946738820854,-0.0,-0.0,-0.0,-0.04316946738820854,0.02147467951631965,-0.0,-0.0
2025-11-21,validation,0.0,0.01798621304743686,0.0,0.0,0.0,0.01748621304743686,-0.041957419538593,0.01748621304743686,0.01748621304743686
2025-11-24,validation,0.0,0.028306445617426235,0.0,0.0,0.0,0.027806445617426234,-0.00027871197904083544,0.0,0.0
2025-11-25,validation,0.0,0.00870929052495617,0.0,0.0,0.0,0.00820929052495617,0.0072671176864174125,0.00820929052495617,0.00820929052495617
2025-11-26,validation,0.0,0.009090909090909038,0.0,0.0,0.0,0.008590909090909038,0.027032014023433915,0.0,0.0
2025-11-27,validation,0.0,0.004692071647755647,0.0,0.0,0.0,0.004192071647755646,0.007042759611929572,0.004192071647755646,0.004192071647755646
2025-11-28,validation,0.0,0.010048340665906208,0.0,0.0,0.0,0.009548340665906208,-0.014611432241490085,0.0,0.0
2025-12-01,validation,0.0,0.0063272780013778895,0.0,0.0,0.0,0.005827278001377889,-0.0013578838737711152,0.0,0.0
2025-12-02,validation,0.0,0.0038933333333333042,0.0,0.0,0.0,0.003393333333333304,0.019797672141847134,0.0,0.0
2025-12-03,validation,0.0,-0.005046952484788814,-0.0,-0.0,-0.0,-0.005546952484788814,0.010951111111111134,-0.0,-0.0
2025-12-04,validation,0.0,-0.002327180409372187,-0.0,-0.0,-0.0,-0.002827180409372187,-0.002549854042837585,-0.002827180409372187,-0.002827180409372187
2025-12-05,validation,0.0,0.0037022299880629106,0.0,0.0,0.0,0.0032022299880629106,0.019075827295005343,0.0,0.0
2025-12-08,validation,0.0,-0.0042506700353368565,-0.0,-0.0,-0.0,-0.004750670035336857,0.013424908741760833,-0.0,-0.0
2025-12-09,validation,1.0,0.002488629537458209,0.001988629537458209,0.001788629537458209,0.002288629537458209,0.001988629537458209,-0.005360282695163754,0.0,0.0
2025-12-10,validation,1.0,0.005992445054945117,0.0054924450549451165,0.005292445054945117,0.005792445054945117,0.0054924450549451165,-0.0004290740581824881,0.0,0.0
2025-12-11,validation,1.0,0.004985804307180874,0.004485804307180874,0.004285804307180874,0.004785804307180875,0.004485804307180874,-0.008173076923076894,0.0,0.0
2025-12-12,validation,0.0,-0.02426819687809545,-0.0,-0.0,-0.0,-0.02476819687809545,0.013676338203725491,-0.0,-0.0
2025-12-15,validation,0.0,-0.0013980392499519656,-0.0,-0.0,-0.0,-0.0018980392499519656,-0.02273115414830751,-0.0,-0.0
2025-12-16,validation,0.0,0.004073028689842495,0.0,0.0,0.0,0.003573028689842495,-0.021756985827377062,0.0,0.0
2025-12-17,validation,0.0,-0.01593059936908514,-0.0,-0.0,-0.0,-0.01643059936908514,0.019329022115831318,-0.0,-0.0
2025-12-18,validation,0.0,0.01468215267310935,0.0,0.0,0.0,0.01418215267310935,-0.011654398878373606,0.01418215267310935,0.01418215267310935
2025-12-19,validation,1.0,0.021361038594510662,0.02086103859451066,0.020661038594510663,0.021161038594510663,0.02086103859451066,0.005266424328397967,0.0,0.0
2025-12-22,validation,0.0,0.004949299855142364,0.0,0.0,0.0,0.0044492998551423635,0.022860368305933854,0.0044492998551423635,0.0044492998551423635
2025-12-23,validation,1.0,0.005554027099525349,0.005054027099525349,0.004854027099525349,0.00535402709952535,0.005054027099525349,0.002897151134717557,0.0,0.0
2025-12-24,validation,1.0,0.004108576438431433,0.0036085764384314327,0.0034085764384314326,0.003908576438431433,0.0036085764384314327,0.0002579269550864183,0.0,0.0
2025-12-26,validation,0.0,0.008965858148533234,0.0,0.0,0.0,0.008465858148533234,0.00852658541197493,0.0,0.0
2025-12-29,validation,0.0,-0.004347465361320801,-0.0,-0.0,-0.0,-0.004847465361320802,0.027238481599536346,-0.0,-0.0
2025-12-30,validation,0.0,0.00033090668431512427,0.0,0.0,0.0,-0.00016909331568487574,0.0029038413672943797,0.0,0.0
2026-01-02,validation,0.0,0.018989885996365974,0.0,0.0,0.0,0.018489885996365973,0.028970880211780292,0.0,0.0
2026-01-05,validation,0.0,-0.0030052824810620216,-0.0,-0.0,-0.0,-0.0035052824810620216,0.03797977199273217,-0.0,-0.0
2026-01-06,validation,0.0,0.01225005326110118,0.0,0.0,0.0,0.011750053261101179,0.017985221445943722,0.0,0.0
2026-01-07,validation,1.0,-0.006735125339776493,-0.007235125339776494,-0.007435125339776493,-0.006935125339776493,-0.007235125339776494,0.007700033478406532,-0.007235125339776494,-0.007235125339776494
2026-01-08,validation,0.0,-0.004264908274224544,-0.0,-0.0,-0.0,-0.004764908274224544,-0.0014950166112956964,-0.0,-0.0
2026-01-09,validation,0.0,0.012733026380910895,0.0,0.0,0.0,0.012233026380910894,0.008408826242797263,0.0,0.0
2026-01-12,validation,1.0,0.008002622833554351,0.007502622833554351,0.007302622833554351,0.007802622833554352,0.007502622833554351,0.006389009703495985,0.0,0.0
2026-01-13,validation,0.0,-0.00204553147028097,-0.0,-0.0,-0.0,-0.00254553147028097,0.012667093870616819,-0.00254553147028097,-0.00254553147028097
2026-01-14,validation,0.0,-0.0034979875594585152,-0.0,-0.0,-0.0,-0.003997987559458516,0.005474371992406413,-0.0,-0.0
2026-01-15,validation,0.0,0.003281000417320268,0.0,0.0,0.0,0.002781000417320268,0.01706549579216987,0.0,0.0
2026-01-16,validation,0.0,-0.0026059095763616424,-0.0,-0.0,-0.0,-0.0031059095763616425,0.010562518887337946,-0.0,-0.0
2026-01-19,validation,0.0,-0.0021054700110888502,-0.0,-0.0,-0.0,-0.0026054700110888502,0.014496262014952022,-0.0,-0.0
2026-01-20,validation,1.0,-0.018115685636242662,-0.018615685636242663,-0.01881568563624266,-0.01831568563624266,-0.018615685636242663,-0.00822536950998698,-0.0,-0.0
2026-01-21,validation,0.0,0.019236709820551035,0.0,0.0,0.0,0.018736709820551034,0.00793976534525953,0.0,0.0
2026-01-22,validation,1.0,0.006556739411282653,0.006056739411282652,0.005856739411282653,0.006356739411282653,0.006056739411282652,0.010797832008761832,0.0,0.0
2026-01-23,validation,0.0,0.0015728693828556128,0.0,0.0,0.0,0.0010728693828556128,0.006834567352438592,0.0,0.0
2026-01-26,validation,1.0,-0.0032467532467532756,-0.0037467532467532756,-0.003946753246753276,-0.0034467532467532757,-0.0037467532467532756,-0.009864926392472273,-0.0,-0.0
2026-01-27,validation,0.0,0.011709223202856611,0.0,0.0,0.0,0.01120922320285661,0.03415361462571753,0.0,0.0
2026-01-28,validation,0.0,0.014456715825672983,0.0,0.0,0.0,0.013956715825672983,0.018729367378562234,0.013956715825672983,0.013956715825672983
2026-01-29,validation,1.0,-0.007120552920733214,-0.0076205529207332146,-0.007820552920733213,-0.007320552920733214,-0.0076205529207332146,0.012353680312148674,-0.0076205529207332146,-0.0076205529207332146
2026-01-30,validation,0.0,-0.021026455577544012,-0.0,-0.0,-0.0,-0.021526455577544013,0.0035145481388572097,-0.0,-0.0
2026-02-02,validation,1.0,0.037836415992911654,0.037336415992911653,0.037136415992911655,0.037636415992911655,0.037336415992911653,-0.059577127382564266,0.0,0.0
2026-02-03,validation,0.0,-0.008381863293352332,-0.0,-0.0,-0.0,-0.008881863293352332,0.07690497286521203,-0.0,-0.0
2026-02-04,validation,0.0,-0.028158478605388226,-0.0,-0.0,-0.0,-0.028658478605388227,0.013986912980318067,-0.0,-0.0
2026-02-05,validation,1.0,-0.03105096595648893,-0.03155096595648893,-0.03175096595648893,-0.03125096595648893,-0.03155096595648893,-0.04252297939778127,-0.03155096595648893,-0.03155096595648893
2026-02-06,validation,0.0,0.042162466035791324,0.0,0.0,0.0,0.04166246603579132,-0.010725493571324574,0.0,0.0
2026-02-09,validation,1.0,0.01225653939051341,0.01175653939051341,0.011556539390513411,0.01205653939051341,0.01175653939051341,0.04182784328947542,0.01175653939051341,0.01175653939051341
2026-02-10,validation,1.0,-0.00268185959374323,-0.00318185959374323,-0.00338185959374323,-0.00288185959374323,-0.00318185959374323,0.0012205149288246897,-0.0,-0.0
2026-02-11,validation,0.0,0.014540874742386078,0.0,0.0,0.0,0.014040874742386078,0.008661508257304495,0.0,0.0
2026-02-12,validation,0.0,-0.0023204989686671507,-0.0,-0.0,-0.0,-0.0028204989686671507,0.03615500089051715,-0.0,-0.0
2026-02-13,validation,0.0,0.0250448766813387,0.0,0.0,0.0,0.0245448766813387,-0.001399666044592851,0.0,0.0
2026-02-19,validation,0.0,0.0021825207518366696,0.0,0.0,0.0,0.0016825207518366696,0.030909582708338545,0.0,0.0
2026-02-20,validation,0.0,0.01998950376115216,0.0,0.0,0.0,0.01948950376115216,0.022624272493082742,0.0,0.0
2026-02-23,validation,1.0,0.000972436068116922,0.00047243606811692195,0.00027243606811692197,0.000772436068116922,0.00047243606811692195,0.007417342119073966,0.0,0.0
2026-02-24,validation,0.0,0.008699385394070891,0.0,0.0,0.0,0.00819938539407089,0.024669776918535335,0.0,0.0
2026-02-25,validation,0.0,0.00730848448608068,0.0,0.0,0.0,0.006808484486080679,0.02026843817787416,0.0,0.0
2026-02-26,validation,0.0,-0.02140572372741334,-0.0,-0.0,-0.0,-0.02190572372741334,0.045489779195180935,-0.0,-0.0
2026-02-27,validation,0.0,-0.022156873228893814,-0.0,-0.0,-0.0,-0.022656873228893815,-0.009521892939606369,-0.0,-0.0
2026-03-03,validation,1.0,-0.03950224616063236,-0.04000224616063236,-0.04020224616063236,-0.03970224616063236,-0.04000224616063236,-0.07878949901085386,-0.0,-0.0
2026-03-04,validation,0.0,0.10690606269559222,0.0,0.0,0.0,0.10640606269559222,-0.12461258082115456,0.0,0.0
2026-03-05,validation,1.0,-0.021714519703246893,-0.022214519703246893,-0.022414519703246892,-0.02191451970324689,-0.022214519703246893,0.10104492653689068,-0.022214519703246893,-0.022214519703246893
2026-03-06,validation,0.0,-0.07102936571029361,-0.0,-0.0,-0.0,-0.07152936571029361,-0.00012043549474904935,-0.0,-0.0
2026-03-09,validation,0.0,0.05713587299136713,0.0,0.0,0.0,0.05663587299136713,-0.06377827563778271,0.05663587299136713,0.05663587299136713
2026-03-10,validation,0.0,0.024730778102880935,0.0,0.0,0.0,0.024230778102880934,0.059696115892804213,0.024230778102880934,0.024230778102880934
2026-03-11,validation,1.0,-0.009077155824508298,-0.009577155824508299,-0.009777155824508298,-0.009277155824508299,-0.009577155824508299,0.011157380989959664,-0.0,-0.0
2026-03-12,validation,0.0,-0.0373797858827799,-0.0,-0.0,-0.0,-0.037879785882779904,-0.007456235141560352,-0.0,-0.0
2026-03-13,validation,0.0,0.005159538357094373,0.0,0.0,0.0,0.004659538357094373,-0.019960079840319334,0.0,0.0
2026-03-16,validation,0.0,0.03270994032891861,0.0,0.0,0.0,0.03220994032891861,0.017737456026661658,0.0,0.0
2026-03-17,validation,1.0,0.023700796765370402,0.0232007967653704,0.023000796765370403,0.023500796765370403,0.0232007967653704,0.019866103915004985,0.0,0.0
2026-03-18,validation,0.0,-0.034641200054056465,-0.0,-0.0,-0.0,-0.035141200054056465,0.05596384825781908,-0.0,-0.0
2026-03-19,validation,0.0,0.006694356784852529,0.0,0.0,0.0,0.006194356784852528,-0.029325645299337788,0.0,0.0
2026-03-20,validation,1.0,-0.04033541223883019,-0.04083541223883019,-0.04103541223883019,-0.04053541223883019,-0.04083541223883019,-0.001032578429552622,-0.0,-0.0
2026-03-23,validation,0.0,0.045799535421040316,0.0,0.0,0.0,0.045299535421040316,-0.06503838426071096,0.0,0.0
2026-03-24,validation,0.0,0.021514578085262803,0.0,0.0,0.0,0.021014578085262803,0.030607554997950315,0.021014578085262803,0.021014578085262803
2026-03-25,validation,0.0,-0.01076626253483548,-0.0,-0.0,-0.0,-0.01126626253483548,0.01204093193679423,-0.0,-0.0
2026-03-26,validation,0.0,-0.03326549491211839,-0.0,-0.0,-0.0,-0.03376549491211839,-0.03443060286306365,-0.0,-0.0
2026-03-27,validation,0.0,-0.04801556323804568,-0.0,-0.0,-0.0,-0.04851556323804568,-0.00458834412580944,-0.0,-0.0
2026-03-30,validation,0.0,-0.030444904955611807,-0.0,-0.0,-0.0,-0.030944904955611807,-0.03133712501394004,-0.0,-0.0
2026-03-31,validation,0.0,0.05972379745146439,0.0,0.0,0.0,0.05922379745146439,-0.041305293320029635,0.0,0.0
2026-04-01,validation,0.0,0.012726448720618233,0.0,0.0,0.0,0.012226448720618233,0.08934552004803531,0.0,0.0
2026-04-02,validation,0.0,0.02583443819429254,0.0,0.0,0.0,0.02533443819429254,-0.048431547874229874,0.0,0.0
2026-04-03,validation,0.0,0.01038023383631459,0.0,0.0,0.0,0.00988023383631459,0.03049416247248571,0.0,0.0
2026-04-06,validation,0.0,0.02207475622968591,0.0,0.0,0.0,0.02157475622968591,0.014589787148995725,0.02157475622968591,0.02157475622968591
2026-04-07,validation,1.0,0.06137065590116486,0.06087065590116486,0.06067065590116486,0.06117065590116486,0.06087065590116486,0.012483994878361049,0.06087065590116486,0.06087065590116486
2026-04-08,validation,0.0,-0.00775772379789208,-0.0,-0.0,-0.0,-0.00825772379789208,0.07526934020768983,-0.0,-0.0
2026-04-09,validation,1.0,0.017706975510157097,0.017206975510157096,0.017006975510157098,0.017506975510157098,0.017206975510157096,-0.019665716741303685,0.0,0.0
2026-04-10,validation,1.0,-0.024703411477550064,-0.025203411477550064,-0.025403411477550063,-0.024903411477550062,-0.025203411477550064,0.016103542548650873,-0.0,-0.0
2026-04-13,validation,0.0,0.026914046841894246,0.0,0.0,0.0,0.026414046841894245,-0.008741556451155152,0.0,0.0
2026-04-14,validation,0.0,0.03289964273392032,0.0,0.0,0.0,0.03239964273392032,0.02902135944568518,0.0,0.0
2026-04-15,validation,1.0,0.008580521130890917,0.008080521130890916,0.007880521130890918,0.008380521130890916,0.008080521130890916,0.024708121403688388,0.0,0.0
2026-04-16,validation,0.0,-0.00163653946291753,-0.0,-0.0,-0.0,-0.00213653946291753,0.02207040371894986,-0.0,-0.0
2026-04-17,validation,1.0,0.004633741773235611,0.004133741773235611,0.003933741773235611,0.0044337417732356115,0.004133741773235611,-0.006971233036843438,0.0,0.0
2026-04-20,validation,0.0,0.012482293674714873,0.0,0.0,0.0,0.011982293674714872,0.004794264005564708,0.0,0.0
2026-04-21,validation,0.0,0.0006749950673436977,0.0,0.0,0.0,0.00017499506734369773,0.025603612622879135,0.0,0.0
2026-04-22,validation,0.0,0.011667959658650195,0.0,0.0,0.0,0.011167959658650195,0.0039253559300913565,0.011167959658650195,0.011167959658650195
2026-04-23,validation,1.0,0.0034485228656508937,0.0029485228656508937,0.0027485228656508936,0.0032485228656508936,0.0029485228656508937,0.010840444789242287,0.0029485228656508937,0.0029485228656508937
2026-04-24,validation,1.0,0.010054431549758602,0.009554431549758602,0.009354431549758603,0.009854431549758602,0.009554431549758602,-0.0036122509542277914,0.009554431549758602,0.009554431549758602
2026-04-27,validation,0.0,0.0061347845294992265,0.0,0.0,0.0,0.005634784529499226,0.02286125089863411,0.0,0.0
2026-04-28,validation,1.0,-0.005037330214986091,-0.0055373302149860915,-0.005737330214986091,-0.005237330214986091,-0.0055373302149860915,0.00458853769227674,-0.0,-0.0
2026-04-29,validation,0.0,0.0070208841554113555,0.0,0.0,0.0,0.006520884155411355,0.007885820515126873,0.0,0.0
2026-04-30,validation,1.0,0.02627778223541677,0.02577778223541677,0.02557778223541677,0.02607778223541677,0.02577778223541677,-0.011284980464489003,0.0,0.0
2026-05-04,validation,0.0,0.058553714682679336,0.0,0.0,0.0,0.058053714682679336,0.05394969108561343,0.0,0.0
2026-05-06,validation,0.0,0.017966773411652204,0.0,0.0,0.0,0.017466773411652203,0.07574012923117923,0.0,0.0
2026-05-07,validation,0.0,-0.022654198479898136,-0.0,-0.0,-0.0,-0.023154198479898136,0.02074450204348821,-0.023154198479898136,-0.023154198479898136
2026-05-08,validation,0.0,0.04161727679382565,0.0,0.0,0.0,0.04111727679382565,0.0016466326362587491,0.0,0.0
2026-05-11,validation,0.0,0.01855051003619601,0.0,0.0,0.0,0.01805051003619601,0.05176635489760084,0.0,0.0
2026-05-12,validation,1.0,-0.021950193504963855,-0.022450193504963856,-0.022650193504963854,-0.022150193504963854,-0.022450193504963856,-0.0222112537018756,-0.022450193504963856,-0.022450193504963856
2026-05-13,validation,0.0,0.0011028690935233065,0.0,0.0,0.0,0.0006028690935233065,0.02985024398451963,0.0,0.0
2026-05-14,validation,0.0,-0.002568135854386644,-0.0,-0.0,-0.0,-0.003068135854386644,0.01794000392131223,-0.0,-0.0
2026-05-15,validation,1.0,-0.009729489415546633,-0.010229489415546633,-0.010429489415546632,-0.009929489415546633,-0.010229489415546633,-0.06131424352348236,-0.0,-0.0
2026-05-18,validation,0.0,-0.014727515454537765,-0.0,-0.0,-0.0,-0.015227515454537766,0.005463219452139123,-0.0,-0.0
2026-05-19,validation,1.0,0.004198623833106874,0.0036986238331068737,0.0034986238331068736,0.003998623833106874,0.0036986238331068737,-0.029914202868974393,0.0036986238331068737,0.0036986238331068737
2026-05-20,validation,1.0,0.03842209491477466,0.03792209491477466,0.03772209491477466,0.038222094914774664,0.03792209491477466,-0.008528728579567879,0.03792209491477466,0.03792209491477466
2026-05-21,validation,0.0,0.008492655440836439,0.0,0.0,0.0,0.007992655440836438,0.08575571115354697,0.0,0.0
2026-05-22,validation,1.0,0.0245649948822928,0.0240649948822928,0.023864994882292802,0.024364994882292802,0.0240649948822928,0.0023613327687848074,0.0,0.0
2026-05-26,validation,0.0,0.023588932806324125,0.0,0.0,0.0,0.023088932806324125,0.027603125863105316,0.0,0.0
2026-05-27,validation,0.0,-0.00815578078366086,-0.0,-0.0,-0.0,-0.00865578078366086,0.03033201581027667,-0.0,-0.0
2026-05-28,validation,0.0,0.02723390478539711,0.0,0.0,0.0,0.02673390478539711,-0.004672502819613733,0.02673390478539711,0.02673390478539711
2026-05-29,validation,0.0,0.0013675823522416586,0.0,0.0,0.0,0.0008675823522416586,0.03712382831771088,0.0,0.0
2026-06-01,validation,0.0,0.00923393097583447,0.0,0.0,0.0,0.00873393097583447,0.04880187893923171,0.0,0.0
2026-06-02,validation,1.0,-0.022598910043173603,-0.023098910043173604,-0.023298910043173603,-0.022798910043173602,-0.023098910043173604,0.0012756005952803129,-0.023098910043173604,-0.023098910043173604
2026-06-04,validation,0.0,-0.03810012206484603,-0.0,-0.0,-0.0,-0.03860012206484603,-0.020093424870832988,-0.0,-0.0
2026-06-05,validation,1.0,-0.09169814783659358,-0.09219814783659358,-0.09239814783659359,-0.09189814783659359,-0.09219814783659358,-0.055507002477410805,-0.0,-0.0
2026-06-08,validation,0.0,0.043664462491304734,0.0,0.0,0.0,0.043164462491304734,-0.08753804505758378,0.0,0.0
2026-06-09,validation,0.0,-0.03238673114239077,-0.0,-0.0,-0.0,-0.03288673114239077,0.08841006042625232,-0.0,-0.0
2026-06-10,validation,0.0,-0.037564955563110125,-0.0,-0.0,-0.0,-0.038064955563110126,-0.04868019835525306,-0.0,-0.0
2026-06-11,validation,0.0,0.06180370708974836,0.0,0.0,0.0,0.06130370708974836,0.00044517831415014086,0.0,0.0
2026-06-12,validation,1.0,0.054538407875358574,0.054038407875358574,0.053838407875358575,0.054338407875358576,0.054038407875358574,0.043761781862606375,0.0,0.0
2026-06-15,validation,1.0,0.023548700152923097,0.023048700152923096,0.022848700152923097,0.023348700152923098,0.023048700152923096,0.05430586776218904,0.0,0.0
2026-06-16,validation,1.0,-0.01311131694777734,-0.013611316947777341,-0.01381131694777734,-0.013311316947777341,-0.013611316947777341,0.023916303964239605,-0.0,-0.0
2026-06-17,validation,0.0,0.0017634320620163457,0.0,0.0,0.0,0.0012634320620163457,0.01795087205336432,0.0,0.0
2026-06-18,validation,0.0,0.013985775559328673,0.0,0.0,0.0,0.013485775559328672,0.03442219385055978,0.0,0.0
2026-06-19,validation,1.0,-0.015107697764197181,-0.015607697764197181,-0.01580769776419718,-0.015307697764197182,-0.015607697764197181,-0.00023866511193393336,-0.015607697764197181,-0.015607697764197181
2026-06-22,validation,0.0,-0.0002971848489761175,-0.0,-0.0,-0.0,-0.0007971848489761175,0.009835349966578866,-0.0,-0.0
2026-06-23,validation,0.0,0.0137379010659886,0.0,0.0,0.0,0.0132379010659886,-0.10471037985627063,0.0,0.0
2026-06-24,validation,0.0,0.05671407951141316,0.0,0.0,0.0,0.05621407951141316,0.040089624527547496,0.05621407951141316,0.05621407951141316
2026-06-25,validation,0.0,-0.012622219779162669,-0.0,-0.0,-0.0,-0.01312221977916267,0.05563332777241836,-0.0,-0.0
2026-06-26,validation,1.0,-0.006447660170381564,-0.006947660170381564,-0.007147660170381564,-0.006647660170381564,-0.006947660170381564,-0.057944027979139334,-0.006947660170381564,-0.006947660170381564
2026-06-29,validation,0.0,-7.345379756129589e-05,-0.0,-0.0,-0.0,-0.0005734537975612959,-0.007031158828334716,-0.0005734537975612959,-0.0005734537975612959
2026-06-30,validation,0.0,0.007866899010130046,0.0,0.0,0.0,0.007366899010130046,0.015873365653004345,0.0,0.0
2026-07-01,validation,0.0,-0.05173775083051524,-0.0,-0.0,-0.0,-0.05223775083051524,-0.029262261299629055,-0.0,-0.0
2026-07-02,validation,0.0,0.006927263730826416,0.0,0.0,0.0,0.006427263730826416,-0.08173313271857818,0.0,0.0
2026-07-03,validation,0.0,0.013361785446591057,0.0,0.0,0.0,0.012861785446591056,0.06055272101945963,0.0,0.0
2026-07-06,validation,0.0,-0.021322470603636123,-0.0,-0.0,-0.0,-0.021822470603636124,-0.006753552689948483,-0.021822470603636124,-0.021822470603636124
2026-07-07,validation,0.0,-0.03019577032423193,-0.0,-0.0,-0.0,-0.03069577032423193,-0.04929810646604493,-0.03069577032423193,-0.03069577032423193
2026-07-08,validation,0.0,0.038077681557060705,0.0,0.0,0.0,0.037577681557060705,-0.05532921327382734,0.0,0.0
2026-07-09,validation,0.0,0.03865898197730355,0.0,0.0,0.0,0.03815898197730355,0.007142244705478973,0.03815898197730355,0.0
2026-07-10,validation,0.0,-0.008083946760605532,-0.0,-0.0,-0.0,-0.008583946760605532,0.02468011203527909,-0.0,-0.0
2026-07-13,validation,0.0,0.0,0.0,0.0,0.0,-0.0005,-0.09771356408168697,0.0,0.0
2026-07-14,validation,0.0,0.06256678143179384,0.0,0.0,0.0,0.06206678143179384,0.008268800471450621,0.06206678143179384,0.0
2026-07-15,validation,0.0,-0.04810300429184544,-0.0,-0.0,-0.0,-0.04860300429184544,0.06393665695577133,-0.0,-0.0
2026-07-16,validation,0.0,-0.0435829786451678,-0.0,-0.0,-0.0,-0.0440829786451678,-0.06625751072961372,-0.0440829786451678,-0.0
2026-07-20,validation,0.0,-0.002781922317947716,-0.0,-0.0,-0.0,-0.003281922317947716,-0.04500785982846267,-0.003281922317947716,-0.0
2026-07-21,validation,0.0,0.05021219028557655,0.0,0.0,0.0,0.04971219028557655,0.03886027819223181,0.0,0.0
2026-07-22,validation,0.0,0.026818505601450493,0.0,0.0,0.0,0.026318505601450493,0.001621541483664224,0.0,0.0
2026-07-23,validation,0.0,-0.01501743331976424,-0.0,-0.0,-0.0,-0.01551743331976424,0.04537591237499661,-0.0,-0.0
2026-07-24,validation,0.0,0.02289191811664515,0.0,0.0,0.0,0.02239191811664515,-0.06062724553547727,0.02239191811664515,0.0
2026-07-27,validation,0.0,-0.05732330043808653,-0.0,-0.0,-0.0,-0.05782330043808653,0.01283077879624317,-0.05782330043808653,-0.0
2026-07-28,validation,0.0,0.0098238411428333,0.0,0.0,0.0,0.0093238411428333,-0.11190274664459177,0.0,0.0
2026-07-29,validation,0.0,-0.0011182555213866685,-0.0,-0.0,-0.0,-0.0016182555213866685,-0.06343604030078964,-0.0016182555213866685,-0.0
2026-07-30,validation,0.0,0.11719062018599868,0.0,0.0,0.0,0.11669062018599868,-0.020016773832820745,0.11669062018599868,0.0
2026-07-31,validation,0.0,-0.06285609263003122,-0.0,-0.0,-0.0,-0.06335609263003122,0.24174131340217953,-0.0,-0.0
2026-08-03,validation,0.0,0.01629584783815141,0.0,0.0,0.0,0.01579584783815141,-0.08927586840654289,0.0,0.0
2026-08-04,validation,0.0,0.04704475231735272,0.0,0.0,0.0,0.04654475231735272,0.012360627617173714,0.04654475231735272,0.0
2026-08-05,validation,0.0,-0.02147651006711404,-0.0,-0.0,-0.0,-0.02197651006711404,0.0395694209109938,-0.02197651006711404,-0.0
2026-08-06,validation,0.0,0.009100101112234471,0.0,0.0,0.0,0.00860010111223447,-0.051773729626078624,0.0,0.0
2026-08-07,validation,0.0,0.00759506575593849,0.0,0.0,0.0,0.00709506575593849,-0.00819009100101109,0.00709506575593849,0.0
2026-08-10,validation,0.0,-0.007072711545311194,-0.0,-0.0,-0.0,-0.007572711545311195,0.0017840758487104313,-0.0,-0.0
2026-08-11,validation,0.0,0.012945146829194565,0.0,0.0,0.0,0.012445146829194564,0.010176563374548309,0.0,0.0
2026-08-12,validation,0.0,0.03661016949152551,0.0,0.0,0.0,0.03611016949152551,0.040145066236840776,0.0,0.0
2026-08-13,validation,1.0,0.027500699170317944,0.027000699170317943,0.026800699170317945,0.027300699170317945,0.027000699170317943,0.03893462469733655,0.0,0.0
2026-08-14,validation,1.0,0.026803561693621747,0.026303561693621746,0.026103561693621748,0.026603561693621748,0.026303561693621746,0.02600913582548703,0.026303561693621746,0.0
2026-08-18,validation,1.0,-0.05449101796407185,-0.05499101796407185,-0.05519101796407185,-0.05469101796407185,-0.05499101796407185,-0.013719789205887678,-0.0,-0.0
2026-08-19,validation,0.0,0.031593946540880546,0.0,0.0,0.0,0.031093946540880546,-0.062551819438047,0.0,0.0
2026-08-20,validation,0.0,-0.012524262870875269,-0.0,-0.0,-0.0,-0.01302426287087527,0.06318789308176109,-0.0,-0.0
2026-08-21,validation,0.0,-0.00440989270776504,-0.0,-0.0,-0.0,-0.00490989270776504,0.016544967187355653,-0.0,-0.0
2026-08-24,validation,1.0,-0.02792584555875277,-0.02842584555875277,-0.02862584555875277,-0.02812584555875277,-0.02842584555875277,-0.036233860701945786,-0.02842584555875277,-0.0
2026-08-25,validation,0.0,-0.004166861744463679,-0.0,-0.0,-0.0,-0.0046668617444636795,0.007547525826689938,-0.0,-0.0
2026-08-26,validation,0.0,0.029616562993222573,0.0,0.0,0.0,0.029116562993222572,0.008567816845358012,0.0,0.0
2026-08-27,validation,1.0,-0.009987629999541836,-0.010487629999541837,-0.010687629999541835,-0.010187629999541837,-0.010487629999541837,0.013229969362176242,-0.0,-0.0
2026-08-28,validation,1.0,-0.02542451949990665,-0.02592451949990665,-0.02612451949990665,-0.02562451949990665,-0.02592451949990665,-0.017913593256059013,-0.0,-0.0
2026-08-31,validation,0.0,-0.009152999117223448,-0.0,-0.0,-0.0,-0.009652999117223449,0.004058593021086132,-0.0,-0.0
2026-09-01,validation,0.0,-0.03114427399545816,-0.0,-0.0,-0.0,-0.03164427399545816,0.002508943920457085,-0.0,-0.0
2026-09-02,validation,0.0,0.013719806763285103,0.0,0.0,0.0,0.013219806763285102,-0.040645131389905886,0.0,0.0
2026-09-03,validation,0.0,0.01346395135604661,0.0,0.0,0.0,0.01296395135604661,0.0010628019323670745,0.0,0.0
2026-09-04,validation,0.0,0.03575482406356412,0.0,0.0,0.0,0.035254824063564116,0.020364829649647698,0.0,0.0
2026-09-07,validation,0.0,0.00938458761956329,0.0,0.0,0.0,0.008884587619563289,0.048240635641316754,0.0,0.0
2026-09-08,validation,1.0,0.002764308696243223,0.002264308696243223,0.0020643086962432227,0.0025643086962432227,0.002264308696243223,-0.004376466341815544,0.0,0.0
2026-09-09,validation,0.0,-0.0025423728813559476,-0.0,-0.0,-0.0,-0.0030423728813559476,0.01599673720940764,-0.0,-0.0
2026-09-10,validation,0.0,-0.03705359138247,-0.0,-0.0,-0.0,-0.03755359138247,-0.0020963425512935396,-0.03755359138247,-0.0
2026-09-11,validation,0.0,-0.034292237442922424,-0.0,-0.0,-0.0,-0.034792237442922425,-0.02114155455236222,-0.0,-0.0
2026-09-14,validation,0.0,-0.006071530215349563,-0.0,-0.0,-0.0,-0.006571530215349564,-0.037351598173515965,-0.0,-0.0
2026-09-15,validation,0.0,0.0006713018460799969,0.0,0.0,0.0,0.00017130184607999687,-0.010767479366284083,0.0,0.0
2026-09-16,validation,0.0,0.01001269214497258,0.0,0.0,0.0,0.009512692144972579,0.020043155118676603,0.0,0.0
2026-09-17,validation,0.0,0.027004140007527377,0.0,0.0,0.0,0.026504140007527377,-0.0007991350538241182,0.0,0.0
2026-09-18,validation,0.0,0.00823534794345071,0.0,0.0,0.0,0.00773534794345071,0.028274369589762927,0.0,0.0
2026-09-21,validation,0.0,0.02367949865711738,0.0,0.0,0.0,0.02317949865711738,0.022098183648259218,0.0,0.0
2026-09-22,validation,1.0,0.021540936717912018,0.021040936717912018,0.02084093671791202,0.02134093671791202,0.021040936717912018,0.0016114592658906801,0.0,0.0
2026-09-23,validation,1.0,-0.0035794776614079815,-0.004079477661407982,-0.004279477661407982,-0.0037794776614079816,-0.004079477661407982,0.011306757239899934,-0.004079477661407982,-0.004079477661407982
2026-09-28,validation,1.0,-0.0019634703196347303,-0.0024634703196347303,-0.0026634703196347304,-0.0021634703196347304,-0.0024634703196347303,-0.03221529895267139,-0.0,-0.0
