date,C2,C3,z_index,mis,sig_hat20,r_069500_oc,r_122630_oc,r_lev_synth_oc,r_k200idx_oc,w_chosen,net5_chosen,w_second,net5_second,w_third,net5_third,w_base_C3_1x,net5_base_C3_1x,w_idx_ref,net5_idx_ref,bh_069500_cc
2003-01-02,0,0,0.61341502,0.015897381,0.29112834,-0.0093967299,,-0.018535681,0.0016131034,0,-0,0,-0,0,-0,0,-0,0,0,0.0045740423
2003-01-03,0,0,0.3482477,0.0024159191,0.28764042,0.015143121,,0.029501709,0.015568429,0,0,0,0,0,0,0,0,0,0,0.042876115
2003-01-06,0,0,0.7106391,-0.010663046,0.33360903,0.014627903,,0.029406359,0.0031896043,0,0,0,0,0,0,0,0,0,0,0.0094597053
2003-01-07,0,0,0.34879128,0.0019830446,0.33359699,-0.042541924,,-0.083376578,-0.040670133,0,-0,0,-0,0,-0,0,-0,0,-0,-0.022526581
2003-01-08,1,1,1.3658439,-0.00023374409,0.32576177,-0.0047636497,,-0.0094683176,-0.0071796099,0.92091839,-0.0048473918,2,-0.0099683176,2,-0.0099683176,1,-0.0052636497,2,-0.01475922,0.0014749263
2003-01-09,0,0,-0.63187666,0.0091421914,0.32068492,-0.023527232,,-0.047352722,-0.02247191,0,-0,0,-0,0,-0,0,-0,0,-0,-0.029639175
2003-01-10,1,1,1.0027053,-0.003087148,0.33852864,-0.019707207,,-0.038997214,-0.022741166,0.88618794,-0.017907383,2,-0.039497214,2,-0.039497214,1,-0.020207207,2,-0.045882333,-0.0091064314
2003-01-13,0,0,-0.44803513,0.002129126,0.33792321,0.033505648,,0.067011296,0.035356068,0,0,0,0,0,0,0,0,0,0,0.033505648
2003-01-14,0,0,-0.58831469,0.0019001985,0.36438126,0.006498329,,0.013025679,0.0066877432,0,0,0,0,0,0,0,0,0,0,0.0042608373
2003-01-15,0,0,0.69313598,-0.0022959965,0.36489195,-0.016294398,,-0.032345993,-0.013154748,0,-0,0,-0,0,-0,0,-0,0,-0,-0.0088544549
2003-01-16,0,0,-0.73756897,0.0019541054,0.34838427,0.016328829,,0.032935832,0.015119852,0,0,0,0,0,0,0,0,0,0,0.0078168621
2003-01-17,0,0,-1.6927889,0.0057803747,0.34798628,-0.011951447,,-0.024173749,-0.0060159607,0,-0,0,-0,0,-0,0,-0,0,-0,-0.022899354
2003-01-20,0,0,-0.75039204,-0.0060724066,0.34552971,0.017932896,,0.036606967,0.01127537,0,0,0,0,0,0,0,0,0,0,-0.0022680023
2003-01-21,0,0,0.13678165,-0.0019801987,0.33514049,-0.0054934647,,-0.010986929,-0.0046983185,0,-0,0,-0,0,-0,0,-0,0,-0,-0.0054934647
2003-01-22,0,0,0.077909263,0.0022485491,0.33203216,-0.010721807,,-0.021555042,-0.0063957863,0,-0,0,-0,0,-0,0,-0,0,-0,-0.015809524
2003-01-23,0,0,0.849304,-0.0018623626,0.3329281,0.01083801,,0.021676021,0.0045448807,0,0,0,0,0,0,0,0,0,0,0.01083801
2003-01-24,0,0,-1.0330104,0.0059238797,0.32754585,-0.031518625,,-0.062893082,-0.02624639,0,-0,0,-0,0,-0,0,-0,0,-0,-0.029293509
2003-01-27,0,0,0.050158119,0.0032350554,0.3321455,-0.012224449,,-0.024847251,-0.0081503878,0,-0,0,-0,0,-0,0,-0,0,-0,-0.027810651
2003-01-28,0,0,0.86058137,-0.0038266792,0.34098177,0.020449898,,0.041228613,0.017567208,0,0,0,0,0,0,0,0,0,0,0.012375735
2003-01-29,0,0,-1.3101337,0.00261695,0.34228642,-0.035514765,,-0.07071911,-0.030972295,0,-0,0,-0,0,-0,0,-0,0,-0,-0.031262525
2003-01-30,0,0,0.64743338,-0.0072541647,0.32070771,0.0063799136,,0.012694513,0.0040042712,0,0,0,0,0,0,0,0,0,0,0.011584609
2003-02-03,0,0,0.88427366,-0.0016368225,0.32319771,0.013053233,,0.026037429,0.013953488,0,0,0,0,0,0,0,0,0,0,0.015746421
2003-02-04,0,0,-0.31172347,0.00056095523,0.2832592,-0.0046092184,,-0.009176142,0.0026143791,0,-0,0,-0,0,-0,0,-0,0,0,0
2003-02-05,0,0,-0.14470124,-0.0015921245,0.28104996,0.0072918777,,0.014672916,0.0035545024,0,0,0,0,0,0,0,0,0,0,0.0012079726
2003-02-06,0,0,0.64290037,0.000290233,0.27359297,-0.021918359,,-0.043836718,-0.021343459,0,-0,0,-0,0,-0,0,-0,0,-0,-0.021918359
2003-02-07,0,0,0.01300466,-0.00015065193,0.27860455,-0.016505055,,-0.033126294,-0.017720499,0,-0,0,-0,0,-0,0,-0,0,-0,-0.019942434
2003-02-10,0,0,-0.26580197,0.001873707,0.26214211,0.011826822,,0.023814586,0.0077134986,0,0,0,0,0,0,0,0,0,0,0.005034613
2003-02-11,0,0,0.4606776,-0.0029769618,0.26236499,-0.0089639358,,-0.017905476,-0.011374408,0,-0,0,-0,0,-0,0,-0,0,-0,-0.0077228136
2003-02-12,0,0,-0.12551298,-0.0061840912,0.22246059,0.02807316,,0.056774194,0.019278436,0,0,0,0,0,0,0,0,0,0,0.016827934
2003-02-13,1,0,1.5931618,0.00027594372,0.23166195,-0.021694215,,-0.043334709,-0.018176922,0,-0,0,-0,0,-0,0,-0,2,-0.036753844,-0.020479934
2003-02-14,0,0,-0.1944354,-0.0044781272,0.23383666,0.010374762,,0.020802377,0.00054929964,0,0,0,0,0,0,0,0,0,0,0.0078141499
2003-02-17,1,1,1.6333139,-0.00216118,0.23330402,0.027680951,,0.054195102,0.019775521,1.2858758,0.034760706,2,0.053695102,2,0.053695102,1,0.027180951,2,0.039151042,0.050293378
2003-02-18,0,0,-0.028446331,0.010016897,0.29525839,-0.002778329,,-0.005527043,0.002094515,0,-0,0,-0,0,-0,0,-0,0,0,0.0025937749
2003-02-19,0,0,0.27029152,-0.0040406189,0.2959714,-0.016748768,,-0.033170732,-0.020308483,0,-0,0,-0,0,-0,0,-0,0,-0,-0.0069651741
2003-02-20,0,0,0.72584052,-0.0051374601,0.29604203,0.015282526,,0.030669895,0.0074685535,0,0,0,0,0,0,0,0,0,0,0.011823647
2003-02-21,0,0,0.68042043,0.00098353413,0.2943382,-0.0047534165,,-0.009506833,-0.0029932327,0,-0,0,-0,0,-0,0,-0,0,-0,-0.0047534165
2003-02-24,0,0,-0.14475568,-0.0051144413,0.29367312,0.021984551,,0.043761088,0.013064287,0,0,0,0,0,0,0,0,0,0,0.026865672
2003-02-25,0,0,-1.2767598,0.0071615219,0.29137518,-0.023842365,,-0.048496994,-0.021235018,0,-0,0,-0,0,-0,0,-0,0,-0,-0.039922481
2003-02-26,0,0,-0.35103605,0.0044016299,0.31206086,-0.011059723,,-0.022035256,-0.0075596817,0,-0,0,-0,0,-0,0,-0,0,-0,-0.0072668551
2003-02-27,0,0,-1.2692525,0.0094316896,0.30822567,-0.0049150113,,-0.0099009901,0.0027173913,0,-0,0,-0,0,-0,0,-0,0,0,-0.011996747
2003-02-28,0,0,-0.36645792,-0.0054545156,0.29261289,-0.015008224,,-0.029985623,-0.019251481,0,-0,0,-0,0,-0,0,-0,0,-0,-0.013994649
2003-03-03,0,0,0.32743583,-0.0044422095,0.2907045,0.025593009,,0.051026758,0.021140207,0,0,0,0,0,0,0,0,0,0,0.028804008
2003-03-04,0,0,-1.8100925,0.0043869427,0.30391579,-0.014989733,,-0.030347121,-0.0078750849,0,-0,0,-0,0,-0,0,-0,0,-0,-0.02678028
2003-03-05,0,0,-1.1108564,0.0063475276,0.31384359,-0.013462347,,-0.027170452,-0.012251149,0,-0,0,-0,0,-0,0,-0,0,-0,-0.022305608
2003-03-06,0,0,0.18178252,0.0023853477,0.32780979,-0.015032818,,-0.029857023,-0.016766802,0,-0,0,-0,0,-0,0,-0,0,-0,-0.0081023454
2003-03-07,0,0,-1.1280264,0.0062837505,0.3228195,-0.0015214084,,-0.0030769231,-0.0017278618,0,-0,0,-0,0,-0,0,-0,0,-0,-0.012467756
2003-03-10,0,0,-0.96367228,-0.002021199,0.31889762,0.0087469932,,0.017574692,-0.00086555107,0,0,0,0,0,0,0,0,0,-0,0.0041358293
2003-03-11,0,0,-0.93685224,0.020464399,0.31882683,-0.0094174332,,-0.019030759,0.0017733117,0,-0,0,-0,0,-0,0,-0,0,0,-0.01951008
2003-03-12,0,0,0.4060429,0.0038566508,0.3256248,0.0017777778,,0.0035738218,0,0,0,0,0,0,0,0,0,0,0,-0.0033163829
2003-03-13,0,0,-0.80930859,0.0055926813,0.31922532,-0.028078709,,-0.055971794,0.0045905523,0,-0,0,-0,0,-0,0,-0,0,0,-0.02484472
2003-03-14,0,0,0.70591711,-0.012037027,0.31762848,-0.0095777101,,-0.01836394,-0.018621974,0,-0,0,-0,0,-0,0,-0,0,-0,0.035031847
2003-03-17,0,0,-0.77591914,-0.0043474226,0.32103854,-0.03180212,,-0.06391478,-0.038664323,0,-0,0,-0,0,-0,0,-0,0,-0,-0.036483516
2003-03-18,1,1,2.6349753,-0.0065149033,0.29035437,0.0068357222,,0.013230901,-0.0001459854,1.0332202,0.0065481713,2,0.012730901,2,0.012730901,1,0.0063357222,2,-0.0006919708,0.041514599
2003-03-19,0,0,-1.2516517,0.0068053206,0.3405618,0.0032801225,,0.0065502183,0.013057512,0,0,0,0,0,0,0,0,0,0,0.0048182216
2003-03-20,1,1,2.2509088,-0.011569477,0.34392464,0.032118991,,0.063539446,0.025060173,0.87228412,0.027580744,2,0.063039446,2,0.063039446,1,0.031618991,2,0.049720345,0.043591979
2003-03-21,0,0,-0.098409193,-0.002610568,0.39036922,0.0099875156,,0.019900498,0.011720905,0,0,0,0,0,0,0,0,0,0,0.013784461
2003-03-24,0,0,-1.6284212,-0.00080712594,0.39449829,-0.020420666,,-0.04048583,-0.015997831,0,-0,0,-0,0,-0,0,-0,0,-0,-0.011742892
2003-03-25,0,0,-1.507098,0.00079484455,0.38496083,0.0071059432,,0.014696059,0.0079840319,0,0,0,0,0,0,0,0,0,0,-0.025015635
2003-03-26,0,0,0.48555091,-0.0028621889,0.36922807,-0.011433411,,-0.022646257,-0.01424581,0,-0,0,-0,0,-0,0,-0,0,-0,-0.0017104982
2003-03-27,0,0,-0.76637872,0.002882724,0.36921787,-0.0023686477,,-0.0047629357,-0.0025714286,0,-0,0,-0,0,-0,0,-0,0,-0,-0.0077104305
2003-03-28,0,0,0.84711265,-0.0013456508,0.36817471,0.0094848028,,0.018945102,0.0078325263,0,0,0,0,0,0,0,0,0,0,0.010792143
2003-03-31,0,0,-1.8665733,-0.0026557105,0.37028554,-0.015454941,,-0.031520533,-0.022691369,0,-0,0,-0,0,-0,0,-0,0,-0,-0.034166133
2003-04-01,0,0,-0.16578721,0.012049222,0.37618375,0.0051111111,,0.010274738,0.018008632,0,0,0,0,0,0,0,0,0,0,0
2003-04-02,0,0,-0.63426121,0.00058320717,0.37029267,0.007032967,,0.013982958,0.0040745052,0,0,0,0,0,0,0,0,0,0,0.01304444
2003-04-03,0,0,0.80985844,-0.0047847617,0.35926607,-0.011994003,,-0.023549201,-0.020084866,0,-0,0,-0,0,-0,0,-0,0,-0,0.0067656045
2003-04-04,0,0,-0.97020298,0.0020244312,0.3587173,0.02978537,,0.060190308,0.034538036,0,0,0,0,0,0,0,0,0,0,0.019293302
2003-04-07,1,0,1.9396932,0.0041978429,0.365229,0.029509559,,0.057700122,0.03422949,0,0,0,0,0,0,0,0,2,0.06805898,0.053594215
2003-04-08,0,0,-2.6398357,0.0027281972,0.40551974,0.012287528,,0.024937656,0.020038168,0,0,0,0,0,0,0,0,0,0,-0.0022204279
2003-04-09,0,0,-1.4652759,-0.0030950804,0.39448758,-0.017357566,,-0.035044321,-0.020945946,0,-0,0,-0,0,-0,0,-0,0,-0,-0.026502124
2003-04-10,1,1,1.2725335,-0.0026967229,0.41536883,0.0089639358,,0.017984107,0.015180789,0.72224966,0.0061130748,2,0.017484107,2,0.017484107,1,0.0084639358,2,0.029961579,0.0058187864
2003-04-11,0,0,-0.91398091,-0.0036938738,0.41735963,0.010315659,,0.020601566,0.010483322,0,0,0,0,0,0,0,0,0,0,0.01177686
2003-04-14,1,1,1.9560704,-0.00029771511,0.41721414,0.010076582,,0.01989258,0.0081181794,0.71905521,0.0068860912,2,0.01939258,2,0.01939258,1,0.009576582,2,0.015836359,0.023483766
2003-04-15,0,0,0.89815061,-0.0035577083,0.38294285,-0.0015717092,,-0.0030959752,-0.0025863184,0,-0,0,-0,0,-0,0,-0,0,-0,0.01396648
2003-04-16,1,1,1.9236408,-0.0054058436,0.36140195,0.014534884,,0.028636884,0.0080122091,0.83010067,0.011650366,2,0.028136884,2,0.028136884,1,0.014034884,2,0.015624418,0.030106257
2003-04-17,0,0,-0.51512612,0.0022230019,0.36931072,-0.002702181,,-0.0054612834,-0.003063178,0,-0,0,-0,0,-0,0,-0,0,-0,-0.012989494
2003-04-18,0,0,0.80902819,-0.00060799944,0.34252747,0.0045740423,,0.0090107002,0.0022644358,0,0,0,0,0,0,0,0,0,0,0.020127734
2003-04-21,0,0,-0.33065441,-0.0050673551,0.34569399,0.0040114613,,0.0080784766,-0.0060346995,0,0,0,0,0,0,0,0,0,-0,-0.0028457598
2003-04-22,0,0,-1.3193756,0.0075200482,0.34406197,-0.025690184,,-0.051777434,-0.019805776,0,-0,0,-0,0,-0,0,-0,0,-0,-0.033105023
2003-04-23,0,0,-0.77728451,-0.001192394,0.34877733,-0.012695312,,-0.025203567,-0.01832731,0,-0,0,-0,0,-0,0,-0,0,-0,-0.0053128689
2003-04-24,0,0,-0.83247852,0.0027881954,0.35114836,-0.018397626,,-0.036795252,-0.017085031,0,-0,0,-0,0,-0,0,-0,0,-0,-0.018397626
2003-04-25,0,0,-1.7211026,-0.002140714,0.35505982,-0.015625,,-0.031892572,-0.019055397,0,-0,0,-0,0,-0,0,-0,0,-0,-0.035066505
2003-04-28,0,0,-0.52129418,0.00058907838,0.37997216,0.014379361,,0.029122056,0.017852123,0,0,0,0,0,0,0,0,0,0,0.0018796992
2003-04-29,1,0,1.0362421,0.0074596135,0.34999003,0.026310463,,0.051130777,0.030167749,0,0,0,0,0,0,0,0,2,0.059935498,0.057119033
2003-04-30,0,0,-0.47426001,0.0040659549,0.38983315,-0.0025605673,,-0.0051150895,0.0044672185,0,-0,0,-0,0,-0,0,-0,0,0,-0.0013803983
2003-05-02,0,0,0.27906393,-0.0017920174,0.38969981,-0.0027607967,,-0.0055139819,-0.0058769753,0,-0,0,-0,0,-0,0,-0,0,-0,-0.0013823065
2003-05-06,0,0,0.16192661,0.00016418286,0.39121998,-0.0031329548,,-0.006205158,0.0019516003,0,-0,0,-0,0,-0,0,-0,0,0,0.0067233538
2003-05-07,0,0,0.61916324,-0.00071996324,0.3852257,0.0085354025,,0.016861468,0.012585078,0,0,0,0,0,0,0,0,0,0,0.021213907
2003-05-09,0,0,-0.059904725,-0.0027741508,0.35180499,0.016682832,,0.033652905,0.01101999,0,0,0,0,0,0,0,0,0,0,0.0080784766
2003-05-12,1,0,1.4314605,0.00026813729,0.35190359,-0.0026222139,,-0.0051498988,-0.0016133035,0,-0,0,-0,0,-0,0,-0,2,-0.0036266071,0.016027476
2003-05-13,0,0,-1.2326683,0.0033145951,0.33143003,-0.033857089,,-0.067449227,-0.028695652,0,-0,0,-0,0,-0,0,-0,0,-0,-0.030046948
2003-05-14,0,0,-0.69574162,0.0018254651,0.34961928,-0.0058297707,,-0.01170275,-0.0016731017,0,-0,0,-0,0,-0,0,-0,0,-0,-0.0094869313
2003-05-15,1,1,1.0633736,-0.0018932735,0.35111792,0.011853867,,0.023570325,0.0096092249,0.85441381,0.0097009008,2,0.023070325,2,0.023070325,1,0.011353867,2,0.01881845,0.017787334
2003-05-16,0,0,-0.9904919,-0.0045031671,0.34824626,-0.010426723,,-0.020966803,-0.014860917,0,-0,0,-0,0,-0,0,-0,0,-0,-0.015748031
2003-05-19,0,0,-1.5685873,0.0029142248,0.34839312,-0.019105771,,-0.038576258,-0.012792064,0,-0,0,-0,0,-0,0,-0,0,-0,-0.028292683
2003-05-20,0,0,-0.17201039,0.0032445099,0.34402321,0.02539618,,0.051398026,0.028679144,0,0,0,0,0,0,0,0,0,0,0.013453815
2003-05-21,0,0,-0.60045533,0.0030722684,0.34339253,-0.0029761905,,-0.0059606596,0.0013147515,0,-0,0,-0,0,-0,0,-0,0,0,-0.0043590252
2003-05-22,0,0,-0.91057536,-0.00065642845,0.33445809,-0.0091779729,,-0.018403681,-0.0064541623,0,-0,0,-0,0,-0,0,-0,0,-0,-0.011741294
2003-05-23,0,0,0.76351046,-0.0014924259,0.33495727,0.020071542,,0.039623382,0.01544907,0,0,0,0,0,0,0,0,0,0,0.033628675
2003-05-26,0,0,-0.38435346,-0.0022392884,0.3348305,0.011372549,,0.022893231,0.011875565,0,0,0,0,0,0,0,0,0,0,0.0048704461
2003-05-27,0,0,0.38682668,-0.0048187279,0.33473432,-0.006195547,,-0.012374323,-0.0091533181,0,-0,0,-0,0,-0,0,-0,0,-0,-0.0048468399
2003-05-28,1,1,1.4892459,-0.0029955003,0.32894809,0.0034305317,,0.0067151651,-0.0011262671,0.91199801,0.0026726391,2,0.0062151651,2,0.0062151651,1,0.0029305317,2,-0.0026525341,0.025715956
2003-05-29,0,0,-1.2516299,0.0030084479,0.30383494,0.01165234,,0.023439001,0.014511041,0,0,0,0,0,0,0,0,0,0,0.0058879392
2003-05-30,0,0,0.1686061,0.0020674268,0.30390569,-0.0013200075,,-0.0026365348,0.002364949,0,-0,0,-0,0,-0,0,-0,0,0,0
2003-06-02,0,0,0.85704314,-0.0022483054,0.25008679,0.012818131,,0.025228519,0.0076904297,0,0,0,0,0,0,0,0,0,0,0.029456193
2003-06-03,0,0,-2.0757686,0.0059252613,0.26220138,-0.010915819,,-0.022023143,-0.0076008336,0,-0,0,-0,0,-0,0,-0,0,-0,-0.019442406
2003-06-04,0,0,0.61037583,0.0014124862,0.2737209,-0.006305638,,-0.012504597,-0.0028175916,0,-0,0,-0,0,-0,0,-0,0,-0,0.0022446689
2003-06-05,0,0,0.11092087,-0.0024768636,0.2720645,-0.0066506558,,-0.01316752,-0.0077688759,0,-0,0,-0,0,-0,0,-0,0,-0,0.0035460993
2003-06-09,0,0,-0.64219192,-0.0023481955,0.26066412,0.018684604,,0.037544584,0.016687117,0,0,0,0,0,0,0,0,0,0,0.013948298
2003-06-10,0,0,-0.027592569,0.00043266764,0.2639099,0.013301312,,0.026795683,0.0069343066,0,0,0,0,0,0,0,0,0,0,0.0060528247
2003-06-11,0,0,-0.53463475,0.010503705,0.25628267,-0.0095962339,,-0.01906132,-0.001204384,0,-0,0,-0,0,-0,0,-0,0,-0,-0.0027347311
2003-06-12,0,0,0.21433257,0.0054336879,0.23115838,-0.0010810811,,-0.0021314387,-0.00047698545,0,-0,0,-0,0,-0,0,-0,0,-0,0.013528336
2003-06-13,0,0,0.90566112,0.0034220828,0.22888491,-0.0012517883,,-0.0024822695,0.0035507161,0,-0,0,-0,0,-0,0,-0,0,0,0.0073953824
2003-06-16,0,0,0.027524174,0.00071120419,0.22642863,-0.0071903649,,-0.014437827,-0.0066445183,0,-0,0,-0,0,-0,0,-0,0,-0,-0.011101164
2003-06-17,1,1,1.1975988,-0.0029251753,0.22311431,0.0035429584,,0.0069360153,0.0011652296,1.3446023,0.0042122135,2,0.0064360153,2,0.0064360153,1,0.0030429584,2,0.0019304591,0.025710664
2003-06-18,0,0,-0.44805977,-0.00082497047,0.20896667,0.0030077849,,0.0060294378,0.0032649254,0,0,0,0,0,0,0,0,0,0,0.00070609003
2003-06-19,1,1,1.189428,-0.0043320856,0.2092296,0.020017559,,0.039853173,0.015677233,1.4338316,0.028122874,2,0.039353173,2,0.039353173,1,0.019517559,2,0.030954467,0.024695714
2003-06-20,0,0,0.060396955,0.0018025118,0.21557749,0.0029493407,,0.0059450953,0.0032084336,0,0,0,0,0,0,0,0,0,0,-0.0048201067
2003-06-23,0,0,-0.27696947,0.0013554597,0.21248519,-0.017483123,,-0.034990473,-0.016457143,0,-0,0,-0,0,-0,0,-0,0,-0,-0.018162948
2003-06-24,0,0,-0.90729084,0.0012130828,0.21479349,-0.0012517883,,-0.0025417574,-0.00047219927,0,-0,0,-0,0,-0,0,-0,0,-0,-0.016032417
2003-06-25,0,0,0.24147777,0.0017059538,0.2266588,0.01300089,,0.025863596,0.012354395,0,0,0,0,0,0,0,0,0,0,0.018442256
2003-06-26,0,0,-0.45323021,0.0042774864,0.22757387,0.0099079972,,0.01994302,0.01230661,0,0,0,0,0,0,0,0,0,0,0.0035161744
2003-06-27,0,0,0.21211769,0.0037763963,0.21613499,-0.0089949836,,-0.01776563,-0.0079110296,0,-0,0,-0,0,-0,0,-0,0,-0,0.003679047
2003-06-30,0,0,0.063027758,0.0038280889,0.21591698,-0.0098107919,,-0.019694039,-0.0066248257,0,-0,0,-0,0,-0,0,-0,0,-0,-0.013440391
2003-07-01,0,0,-0.70694683,0.00042959341,0.22323613,0.011919587,,0.023971377,0.013648665,0,0,0,0,0,0,0,0,0,0,0.0063694268
2003-07-02,0,0,0.88305288,-0.0057361986,0.20864138,0.0080209241,,0.015911449,0.0041260745,0,0,0,0,0,0,0,0,0,0,0.016350211
2003-07-03,1,1,1.039022,-0.0025174363,0.19835522,-0.013801329,,-0.027194897,-0.01460182,1.5124381,-0.021164704,2,-0.027694897,2,-0.027694897,1,-0.014301329,2,-0.029603639,0.0012108632
2003-07-04,0,0,0.74485693,-0.0021839138,0.19848567,0.014357378,,0.028749567,0.0095726496,0,0,0,0,0,0,0,0,0,0,0.013130615
2003-07-07,1,0,1.1946057,0.002778104,0.19961916,0.0086163203,,0.017073987,0.0074944072,0,0,0,0,0,0,0,0,2,0.014588814,0.018076398
2003-07-08,0,0,0.38993643,-0.0017400959,0.20180726,-0.00314778,,-0.0062274664,-0.0097182791,0,-0,0,-0,0,-0,0,-0,0,-0,0.0078726968
2003-07-09,0,0,-0.49740434,0.0018282462,0.2009898,-0.00582169,,-0.011653071,-0.0041914847,0,-0,0,-0,0,-0,0,-0,0,-0,-0.0066478311
2003-07-10,0,0,-0.40840668,0.0013037198,0.20343993,0,,0,-0.0014486294,0,0,0,0,0,0,0,0,0,-0,-0.0046846244
2003-07-11,0,0,-0.066415589,-0.0015575543,0.20605478,0.012423417,,0.0251594,0.01531704,0,0,0,0,0,0,0,0,0,0,0
2003-07-14,0,0,-0.0088377289,-0.0070104235,0.20407721,0.018738498,,0.037302248,0.016628125,0,0,0,0,0,0,0,0,0,0,0.023533367
2003-07-15,0,0,-0.16172596,-0.0052151843,0.20799966,-0.013929859,,-0.027800491,-0.013383702,0,-0,0,-0,0,-0,0,-0,0,-0,-0.011824602
2003-07-16,1,1,1.8266398,-0.0066605392,0.19825131,0.0013207859,,0.0026242414,-0.0054112554,1.5132309,0.0014897595,2,0.0021242414,2,0.0021242414,1,0.00082078587,2,-0.011222511,0.0079773974
2003-07-18,0,0,-1.6019474,0.0079707115,0.19827887,-0.0073701843,,-0.014978723,-0.0013370474,0,-0,0,-0,0,-0,0,-0,0,-0,-0.022918384
2003-07-21,0,0,-1.3387231,0.0061196297,0.20619595,-0.013447638,,-0.026791695,-0.0080357143,0,-0,0,-0,0,-0,0,-0,0,-0,-0.0096186298
2003-07-22,1,0,1.0224687,0.0025280508,0.20726055,0.01159618,,0.023212152,0.013200948,0,0,0,0,0,0,0,0,2,0.026001896,0.010734367
2003-07-23,0,0,-0.40099433,-0.00019534051,0.19857826,-0.010579345,,-0.021077283,-0.01097561,0,-0,0,-0,0,-0,0,-0,0,-0,-0.0067430883
2003-07-24,0,0,-0.72797397,0.00024490488,0.1895387,0.018401772,,0.036948341,0.014295362,0,0,0,0,0,0,0,0,0,0,0.014426341
2003-07-25,0,0,-0.34404334,0.00013824259,0.18496308,0.0096397768,,0.019490511,0.0093854749,0,0,0,0,0,0,0,0,0,0,-0.0011711561
2003-07-28,0,0,0.33684924,-0.0075413563,0.18488506,0.011976048,,0.023785927,0.0039258451,0,0,0,0,0,0,0,0,0,0,0.019095477
2003-07-29,0,0,0.24780766,0.0002251925,0.1941492,0.0075546067,,0.015096817,0.0066217977,0,0,0,0,0,0,0,0,0,0,0.008382643
2003-07-30,0,0,0.4601286,-0.0018035931,0.18576711,-0.0070399476,,-0.014142411,-0.011124311,0,-0,0,-0,0,-0,0,-0,0,-0,-0.011409943
2003-07-31,0,0,0.67484842,-0.0050695987,0.19433288,0,,0,-0.0042432815,0,0,0,0,0,0,0,0,0,-0,-0.0024732069
2003-08-01,0,0,0.76588514,-0.0034396169,0.18760954,0.019914417,,0.039659128,0.013336225,0,0,0,0,0,0,0,0,0,0,0.024297521
2003-08-04,0,0,-0.62407657,0.0048154725,0.19921591,-0.0042303938,,-0.0085315833,-0.0015143321,0,-0,0,-0,0,-0,0,-0,0,-0,-0.012425367
2003-08-05,0,0,0.6355897,-0.0034840928,0.20493512,0.0011409943,,0.0022764228,-0.0019367334,0,0,0,0,0,0,0,0,0,-0,0.0035947712
2003-08-06,0,0,-0.62768148,0.0063001806,0.19796468,-0.011012492,,-0.022236973,-0.0047112962,0,-0,0,-0,0,-0,0,-0,0,-0,-0.020351677
2003-08-07,0,0,0.076067238,-0.0044719714,0.21182717,0.0046635576,,0.0093473544,0.00010982976,0,0,0,0,0,0,0,0,0,0,0.0024929367
2003-08-08,0,0,-0.75322472,0.0023209521,0.21122194,-0.01322314,,-0.026367831,-0.0096575944,0,-0,0,-0,0,-0,0,-0,0,-0,-0.010278515
2003-08-11,0,0,-1.2978402,0.00092889789,0.21208414,0.0047066734,,0.0094466937,0.0073553995,0,0,0,0,0,0,0,0,0,0,0.0011725293
2003-08-12,0,0,0.11670352,-0.00037660049,0.21112184,-0.0081612258,,-0.016249378,-0.0087090729,0,-0,0,-0,0,-0,0,-0,0,-0,-0.0036807763
2003-08-13,0,0,-0.18126106,0.0030968045,0.1919543,0.012807718,,0.025374856,0.010607735,0,0,0,0,0,0,0,0,0,0,0.022502099
2003-08-14,0,0,0.78066395,0.0031386505,0.19964331,0.0070677186,,0.014147064,0.019654946,0,0,0,0,0,0,0,0,0,0,0.006240762
2003-08-18,0,0,-0.48474025,-0.0059885482,0.21240712,0.012024699,,0.023944346,0.0016029066,0,0,0,0,0,0,0,0,0,0,0.016484413
2003-08-19,1,1,2.195053,-0.00095685302,0.1897549,-0.0055213756,,-0.010852713,-0.0063667676,1.5809869,-0.0091188127,2,-0.011352713,2,-0.011352713,1,-0.0060213756,2,-0.013133535,0.012202954
2003-08-20,0,0,-0.32318468,-0.0013737122,0.19101137,-0.003651953,,-0.0073108709,-0.0037803213,0,-0,0,-0,0,-0,0,-0,0,-0,-0.0046002538
2003-08-21,1,1,1.0678925,-0.0038890896,0.19074391,0.022229279,,0.044296788,0.017804776,1.5727894,0.034369314,2,0.043796788,2,0.043796788,1,0.021729279,2,0.035209552,0.025976096
2003-08-22,0,0,-0.36688232,-0.0015174145,0.20181344,-0.0017112632,,-0.0034278591,0.00010285949,0,-0,0,-0,0,-0,0,-0,0,0,-0.0032618826
2003-08-25,0,0,0.85473342,-0.0032394332,0.20107176,0.0063952582,,0.012802498,0.0032945537,0,0,0,0,0,0,0,0,0,0,0.0054542621
2003-08-26,0,0,-0.70745311,0.0014258233,0.20109987,-0.004193849,,-0.0084059776,-0.0019567456,0,-0,0,-0,0,-0,0,-0,0,-0,-0.0063546187
2003-08-27,0,0,0.51633332,-0.0012431099,0.19535617,0.0031036623,,0.0061756986,0.0011278581,0,0,0,0,0,0,0,0,0,0,0.008267041
2003-08-28,0,0,0.7823936,-0.0020102127,0.19543848,-0.016178737,,-0.032228361,-0.015473888,0,-0,0,-0,0,-0,0,-0,0,-0,-0.012221535
2003-08-29,0,0,0.011114562,0.0019404614,0.19251985,0.0012414649,,0.0024604029,0.0038058013,0,0,0,0,0,0,0,0,0,0,0.010493344
2003-09-01,0,0,0.055790506,-0.0036657404,0.19336117,0.0047957921,,0.009573811,0.0016314877,0,0,0,0,0,0,0,0,0,0,0.0066646001
2003-09-02,0,0,0.75084074,0.0029517594,0.18202577,-0.0047313797,,-0.0093811469,-0.0026315789,0,-0,0,-0,0,-0,0,-0,0,-0,0.0040030793
2003-09-03,0,0,-0.78302984,-8.0077221e-05,0.17335309,-0.0071733822,,-0.014279204,-0.0057517659,0,-0,0,-0,0,-0,0,-0,0,-0,-0.0024536114
2003-09-04,0,0,-0.23249932,-0.00041233672,0.17366357,-0.0047502298,,-0.0094699863,-0.0049620253,0,-0,0,-0,0,-0,0,-0,0,-0,-0.001537279
2003-09-05,0,0,0.20163726,0.00054420602,0.15131398,-0.0065940807,,-0.013135787,-0.0065936295,0,-0,0,-0,0,-0,0,-0,0,-0,-0.002617398
2003-09-08,0,0,0.25463415,-0.0012323812,0.15347725,0.0026348419,,0.0052910053,0.0019447288,0,0,0,0,0,0,0,0,0,0,-0.0013893177
2003-09-09,0,0,-0.51276882,-0.00091551809,0.14694248,0.0067744419,,0.013494863,0.0052872395,0,0,0,0,0,0,0,0,0,0,0.010820838
2003-09-15,0,0,0.79648523,0.0033441165,0.14807662,-0.017141108,,-0.03430847,-0.016037353,0,-0,0,-0,0,-0,0,-0,0,-0,-0.017892644
2003-09-16,0,0,-0.030920492,0.0040343933,0.16795442,0.012145749,,0.024291498,0.015923896,0,0,0,0,0,0,0,0,0,0,0.012145749
2003-09-17,0,0,-0.069496722,-0.0027354971,0.16461411,-0.0056471306,,-0.01120533,-0.0062424487,0,-0,0,-0,0,-0,0,-0,0,-0,0.0023076923
2003-09-18,0,0,0.63162843,-0.0034642601,0.15144709,-0.010581199,,-0.021142945,-0.014251061,0,-0,0,-0,0,-0,0,-0,0,-0,-0.0096699923
2003-09-19,0,0,0.0082379598,-0.00088988238,0.16005691,-0.027014582,,-0.053511706,-0.024753982,0,-0,0,-0,0,-0,0,-0,0,-0,-0.017513949
2003-09-22,0,0,-1.1412509,0.0013470265,0.16159746,-0.03788239,,-0.076126772,-0.036329273,0,-0,0,-0,0,-0,0,-0,0,-0,-0.042435715
2003-09-23,1,1,1.2405504,-0.0024283033,0.22923459,0.0095867769,,0.019237148,0.0065430752,1.308703,0.012065875,2,0.018737148,2,0.018737148,1,0.0090867769,2,0.01268615,0.0062602965
2003-09-24,0,0,-0.27533986,-0.00079922676,0.2100219,0.0055555556,,0.011089367,0.0051830256,0,0,0,0,0,0,0,0,0,0,0.0075311067
2003-09-25,0,0,-1.6075976,0.0061675707,0.21346037,-0.0046319272,,-0.0094339623,0.0090268604,0,-0,0,-0,0,-0,0,-0,0,0,-0.022261943
2003-09-26,0,0,-1.6006795,-0.00036891259,0.21782121,-0.005360134,,-0.010805335,-0.0091875138,0,-0,0,-0,0,-0,0,-0,0,-0,-0.013129467
2003-09-29,0,0,0.5691089,0.0014818795,0.22959382,-0.0021937226,,-0.0043963476,-0.0011176931,0,-0,0,-0,0,-0,0,-0,0,-0,-0.0042101718
2003-09-30,0,0,0.1282784,-0.0026200729,0.2258455,-0.0060514372,,-0.012030075,-0.006655574,0,-0,0,-0,0,-0,0,-0,0,-0,0
2003-10-01,0,0,-0.4234024,0.0038352936,0.22603098,0.020567738,,0.041346318,0.022335025,0,0,0,0,0,0,0,0,0,0,0.015389819
2003-10-02,0,0,0.041068832,7.1298071e-05,0.2284928,-0.00098328417,,-0.0019354839,-0.0018434179,0,-0,0,-0,0,-0,0,-0,0,-0,0.015323118
2003-10-06,0,0,0.46268241,0.0012679023,0.23602468,-0.0058271285,,-0.011501597,-0.0011806375,0,-0,0,-0,0,-0,0,-0,0,-0,0.0075459318
2003-10-07,0,0,-0.16484842,0.005919205,0.24037943,-0.0061181774,,-0.012101911,0.0035362195,0,-0,0,-0,0,-0,0,-0,0,0,0.0050472159
2003-10-08,0,0,0.24313781,9.9699584e-05,0.24239842,-0.014951768,,-0.029679272,-0.011572354,0,-0,0,-0,0,-0,0,-0,0,-0,-0.0074518063
2003-10-09,0,0,0.60194263,-0.0059703688,0.24270745,0.021106021,,0.042315893,0.019643624,0,0,0,0,0,0,0,0,0,0,0.018606169
2003-10-10,0,0,-0.94007061,0.00535217,0.2558747,0.033741843,,0.067035573,0.033435292,0,0,0,0,0,0,0,0,0,0,0.040698606
2003-10-13,0,0,-0.73706341,0.0055703215,0.28128091,0.0055693069,,0.01119229,0.0027686628,0,0,0,0,0,0,0,0,0,0,0.00076982294
2003-10-14,0,0,0.43854566,0.0075715996,0.27893917,0.0048840049,,0.0096910963,0.0046629498,0,0,0,0,0,0,0,0,0,0,0.012923077
2003-10-15,0,0,0.43557326,0.0032211165,0.27349235,-0.014171566,,-0.028135289,-0.0095247644,0,-0,0,-0,0,-0,0,-0,0,-0,-0.0068347509
2003-10-16,0,0,-0.90772748,0.0038434149,0.26996932,0.020380018,,0.040841394,0.025390028,0,0,0,0,0,0,0,0,0,0,0.01835143
2003-10-17,0,0,-0.46133047,0.0010456957,0.27676504,-0.0079424547,,-0.015851652,-0.012231504,0,-0,0,-0,0,-0,0,-0,0,-0,-0.0058567352
2003-10-20,0,0,0.93940756,0.00045741392,0.27700209,0.016841147,,0.033831149,0.014218009,0,0,0,0,0,0,0,0,0,0,0.012386707
2003-10-21,0,0,0.13689128,0.0036365675,0.2736028,-0.007267873,,-0.014450015,-0.00079113924,0,-0,0,-0,0,-0,0,-0,0,-0,-0.0013428827
2003-10-22,0,0,-0.11946863,0.0015460848,0.2077234,-0.002236136,,-0.0044622936,-0.0011868262,0,-0,0,-0,0,-0,0,-0,0,-0,0
2003-10-23,0,0,-1.4159214,0.0084831008,0.20857106,-0.023438681,,-0.047451401,-0.013644633,0,-0,0,-0,0,-0,0,-0,0,-0,-0.03511131
2003-10-24,0,0,-0.95842528,-0.001724528,0.24803835,-0.0015532774,,-0.0031162356,-0.0058575686,0,-0,0,-0,0,-0,0,-0,0,-0,-0.0046454011
2003-10-27,1,0,1.6674272,0.0034422439,0.24276038,0.0066378512,,0.01317402,0.012421723,0,0,0,0,0,0,0,0,2,0.024443445,0.014467953
2003-10-28,0,0,-0.59791171,-0.00026992092,0.22852801,0.026376323,,0.052752645,0.020920077,0,0,0,0,0,0,0,0,0,0,0.026376323
2003-10-29,0,0,0.62188803,0.0012996639,0.23264763,-0.0078148039,,-0.015427158,-0.010763209,0,-0,0,-0,0,-0,0,-0,0,-0,0.0053787539
2003-10-30,0,0,0.87481258,-0.0015614974,0.2321777,0.0077002814,,0.015346023,0.0018665881,0,0,0,0,0,0,0,0,0,0,0.011294397
2003-10-31,0,0,0.51143742,0.0010953387,0.23135565,-0.0095405842,,-0.019058789,-0.0079217604,0,-0,0,-0,0,-0,0,-0,0,-0,-0.008376194
2003-11-03,0,0,-0.36465132,-0.006374967,0.23172498,0.019207862,,0.038599641,0.011718365,0,0,0,0,0,0,0,0,0,0,0.01437463
2003-11-04,0,0,0.57685453,-0.0012122192,0.23244943,-0.0092713313,,-0.018388163,-0.0050091513,0,-0,0,-0,0,-0,0,-0,0,-0,-0.00087655223
2003-11-05,0,0,0.65415188,-0.0068251793,0.23240387,0.019625073,,0.039313481,0.012295479,0,0,0,0,0,0,0,0,0,0,0.017985086
2003-11-06,0,0,0.93473664,-0.0050560566,0.23005312,-0.022263717,,-0.044527435,-0.025977733,0,-0,0,-0,0,-0,0,-0,0,-0,-0.022263717
2003-11-07,0,0,0.50758323,-0.0039997846,0.2422603,0.0137447,,0.027361374,0.0097849254,0,0,0,0,0,0,0,0,0,0,0.018510357
2003-11-10,0,0,-0.12264878,0.00085941569,0.22629658,-0.010418174,,-0.020902889,-0.0062614392,0,-0,0,-0,0,-0,0,-0,0,-0,-0.013558344
2003-11-11,0,0,-0.98117158,0.00092599546,0.23068907,-0.0039729253,,-0.007996446,-0.00078354554,0,-0,0,-0,0,-0,0,-0,0,-0,-0.010235415
2003-11-12,0,0,0.095675514,-0.001972936,0.23201188,0.013579336,,0.027134641,0.013028997,0,0,0,0,0,0,0,0,0,0,0.014477766
2003-11-13,0,0,0.48702713,-0.0030231621,0.23510012,0.010240877,,0.020288613,0.011172651,0,0,0,0,0,0,0,0,0,0,0.019950488
2003-11-14,0,0,-0.74633927,0.0010600145,0.24131586,-0.0015705311,,-0.0031410623,-0.00094831674,0,-0,0,-0,0,-0,0,-0,0,-0,-0.0015705311
2003-11-17,0,0,-0.44737086,-0.00041754478,0.2367493,-0.01284642,,-0.02593618,-0.011966303,0,-0,0,-0,0,-0,0,-0,0,-0,-0.022022022
2003-11-18,0,0,0.80159454,-0.005214574,0.24772687,0.017613386,,0.035361721,0.00862236,0,0,0,0,0,0,0,0,0,0,0.0137447
2003-11-19,0,0,-2.2343237,0.0100472,0.24886438,-0.0282205,,-0.057227576,-0.017941176,0,-0,0,-0,0,-0,0,-0,0,-0,-0.041396221
2003-11-20,0,0,-0.43503151,0.0021657012,0.2856585,-0.0073254597,,-0.014557338,-0.0079522863,0,-0,0,-0,0,-0,0,-0,0,-0,-0.00090279868
2003-11-21,0,0,-0.12568205,0.0010933503,0.2575921,0.0085054678,,0.017156863,0.0086798547,0,0,0,0,0,0,0,0,0,0,0
2003-11-24,0,0,-1.3241523,-0.00098244655,0.25489513,-0.015323927,,-0.030877408,-0.017019134,0,-0,0,-0,0,-0,0,-0,0,-0,-0.022590361
2003-11-25,1,1,1.1048324,-0.0014073394,0.2606648,0.0010585211,,0.0020783848,0.0011044177,1.1509034,0.00071242197,2,0.0015783848,2,0.0015783848,1,0.00055852109,2,0.0018088353,0.020030817
2003-11-26,0,0,0.09877763,-0.0022107146,0.26292421,0.021581648,,0.043124246,0.016508254,0,0,0,0,0,0,0,0,0,0,0.022507553
2003-11-27,0,0,-0.59020144,0.0026180161,0.27101498,-0.0048708487,,-0.0097330777,-0.00029518843,0,-0,0,-0,0,-0,0,-0,0,-0,-0.0039887723
2003-11-28,0,0,0.41950123,-0.004177281,0.26922689,0.021951943,,0.043903886,0.016781158,0,0,0,0,0,0,0,0,0,0,0.021951943
2003-12-01,0,0,-0.077075689,0.0023292552,0.27734082,0.013762132,,0.027472527,0.012743773,0,0,0,0,0,0,0,0,0,0,0.015674891
2003-12-02,0,0,-0.34309667,0.00099726884,0.27714115,-0.010235997,,-0.020367751,-0.0076653733,0,-0,0,-0,0,-0,0,-0,0,-0,-0.005144327
2003-12-03,0,0,0.12614177,-0.0020825043,0.27674486,0.0020149683,,0.0040380733,0.00085959885,0,0,0,0,0,0,0,0,0,0,0
2003-12-04,0,0,-0.61672328,-1.6859708e-05,0.27347111,0,,0,-0.0027809743,0,0,0,0,0,0,0,0,0,-0,-0.0048836541
2003-12-05,0,0,-1.377868,0.0036225225,0.263589,-0.020546954,,-0.041195242,-0.016224046,0,-0,0,-0,0,-0,0,-0,0,-0,-0.022950346
2003-12-08,0,0,-1.1484329,0.001751213,0.26555458,0.0053787539,,0.010881064,0.0074589756,0,0,0,0,0,0,0,0,0,0,-0.0059092924
2003-12-09,0,0,0.16907459,-0.0038864846,0.26390814,-0.00074041167,,-0.0014755792,-0.0039200314,0,-0,0,-0,0,-0,0,-0,0,-0,0.0028235993
2003-12-10,0,0,-1.6961012,0.0052913113,0.26141284,0.026674659,,0.053955744,0.027825043,0,0,0,0,0,0,0,0,0,0,0.015263782
2003-12-11,0,0,0.59676504,-0.00074334104,0.25937973,0.0030706244,,0.0061520434,-0.0085436893,0,0,0,0,0,0,0,0,0,-0,0.0013136768
2003-12-12,1,1,1.720511,-0.0030119045,0.24352845,0.0043459365,,0.0086380651,0.0011516315,1.2318889,0.0048412336,2,0.0081380651,2,0.0081380651,1,0.0038459365,2,0.001903263,0.010641399
2003-12-15,1,1,2.7412476,-0.0092716896,0.25660547,0.0077098801,,0.015265018,0.0010341262,1.1691099,0.0084875286,2,0.014765018,0,0,1,0.0072098801,2,0.0016682523,0.018029713
2003-12-16,0,0,-2.4322772,0.0043167644,0.25562181,-0.005165734,,-0.010465116,0.0033521693,0,-0,0,-0,0,-0,0,-0,0,0,-0.0177104
2003-12-17,0,0,0.29154562,-0.0046304096,0.26171736,-0.020621509,,-0.040949808,-0.023777946,0,-0,0,-0,0,-0,0,-0,0,-0,-0.013558344
2003-12-18,0,0,0.47457769,-0.0026042005,0.22907473,0.0068603124,,0.013696634,0.009178744,0,0,0,0,0,0,0,0,0,0,0.0086269923
2003-12-19,0,0,0.0053027452,-0.0055494609,0.2320536,-0.0010064702,,-0.0019965773,-0.0044545541,0,-0,0,-0,0,-0,0,-0,0,-0,0.0072484778
2003-12-22,0,0,-0.27458913,-0.0040370126,0.23230549,-0.0018810592,,-0.0037823683,-0.0065808298,0,-0,0,-0,0,-0,0,-0,0,-0,-0.0071963155
2003-12-23,0,0,0.53871048,-0.001961611,0.21566691,-0.0054849885,,-0.010922679,-0.0095337973,0,-0,0,-0,0,-0,0,-0,0,-0,-0.0011597565
2003-12-24,0,0,0.95534319,-0.0042427628,0.20545766,-0.014180292,,-0.028274668,-0.019370229,0,-0,0,-0,0,-0,0,-0,0,-0,-0.011175617
2003-12-26,0,0,0.10038983,0.00064131847,0.20021623,-0.0016159835,,-0.0032348184,-0.0028232087,0,-0,0,-0,0,-0,0,-0,0,-0,-0.0024952297
2003-12-29,0,0,-2.1556026,0.012599978,0.20070207,0.023396115,,0.046792231,0.015410451,0,0,0,0,0,0,0,0,0,0,0.023396115
2003-12-30,0,0,0.44691974,0.012669801,0.18784811,0.014718491,,0.029257208,0.0097898071,0,0,0,0,0,0,0,0,0,0,0.020992092
2004-01-02,0,0,0.68678052,0.016062958,0.20148983,0.011904762,,0.023680178,0.007082153,0,0,0,0,0,0,0,0,0,0,0.017462329
2004-01-05,0,0,-0.59568761,0.0046022733,0.20704118,0.005147468,,0.010348203,0.0099990567,0,0,0,0,0,0,0,0,0,0,0
2004-01-06,0,0,-0.31665455,0.0038800451,0.20721603,-0.012843285,,-0.025360853,-0.01036845,0,-0,0,-0,0,-0,0,-0,0,-0,0
2004-01-07,0,0,0.34909881,0.0010532137,0.20491217,0.0050971208,,0.010146716,0.0023301333,0,0,0,0,0,0,0,0,0,0,0.0098269896
2004-01-08,0,0,0.51458336,-0.00038417155,0.18833344,0.002737476,,0.0054674686,-0.0086924357,0,0,0,0,0,0,0,0,0,-0,0.0041118421
2004-01-09,1,0,1.6344363,0.0043360264,0.18709225,0.007160227,,0.014174913,0.013512271,0,0,0,0,0,0,0,0,2,0.026624543,0.017608518
2004-01-12,0,0,0.84655136,0.0029789351,0.20809236,0.0081736567,,0.016329809,0.0095411177,0,0,0,0,0,0,0,0,0,0,0.0092555332
2004-01-13,0,0,0.13091518,-0.0023767698,0.20724659,-0.0062284654,,-0.012420719,-0.008774286,0,-0,0,-0,0,-0,0,-0,0,-0,-0.0033227007
2004-01-14,0,0,0.45364046,-0.0005128506,0.20611985,0.0090848363,,0.018203721,0.0037988423,0,0,0,0,0,0,0,0,0,0,0.0072009601
2004-01-15,0,0,-1.388887,0.004984177,0.1955955,-0.0091439173,,-0.018304815,-0.0046008119,0,-0,0,-0,0,-0,0,-0,0,-0,-0.010062227
2004-01-16,1,1,1.4154864,-0.0017438162,0.1864789,-0.0051737862,,-0.010264508,-0.007624686,1.6087611,-0.0087728197,2,-0.010764508,2,-0.010764508,1,-0.0056737862,2,-0.015649372,0.0029423566
2004-01-19,0,0,0.35188094,0.00083682928,0.17392831,0.0043616178,,0.0086466658,0.0035855145,0,0,0,0,0,0,0,0,0,0,0.013335111
2004-01-20,0,0,-0.62856826,0.0047860848,0.1612648,0.00092117384,,0.0018423477,0.0095007619,0,0,0,0,0,0,0,0,0,0,0.00092117384
2004-01-26,0,0,0.98381974,-0.013242547,0.15761537,0.013828526,,0.027704485,0.0014976654,0,0,0,0,0,0,0,0,0,0,0.012095714
2004-01-27,0,0,-0.86325911,-0.00068594705,0.1587153,-0.012018609,,-0.023913602,-0.010939004,0,-0,0,-0,0,-0,0,-0,0,-0,-0.0068849052
2004-01-28,0,0,0.62820605,0.0018986377,0.15629757,-0.00078554595,,-0.0015725331,8.8825724e-05,0,-0,0,-0,0,-0,0,-0,0,0,-0.0017004578
2004-01-29,0,0,0.13992497,0.0067778065,0.15704726,-0.0043426767,,-0.0087232355,0.0017943657,0,-0,0,-0,0,-0,0,-0,0,0,-0.0086477987
2004-01-30,0,0,-0.6595051,0.0022082049,0.15411234,-0.0093642838,,-0.018689129,-0.0074292875,0,-0,0,-0,0,-0,0,-0,0,-0,-0.0072693629
2004-02-02,0,0,0.67385014,-0.0069688566,0.15693129,0.010966965,,0.022034126,0.0046779417,0,0,0,0,0,0,0,0,0,0,0.0063906271
2004-02-03,0,0,-1.0118357,0.0020510212,0.15729918,-0.017991798,,-0.035983596,-0.015803179,0,-0,0,-0,0,-0,0,-0,0,-0,-0.017991798
2004-02-04,0,0,-0.35447689,-0.0018215439,0.15957572,0.00081059173,,0.001625796,-0.004749726,0,0,0,0,0,0,0,0,0,-0,-0.0020207463
2004-02-05,1,1,1.1042473,-0.00026438065,0.15582982,0.0085377422,,0.017142857,0.0073414701,1.9251771,0.015998997,2,0.016642857,2,0.016642857,1,0.0080377422,2,0.01428294,0.0045896328
2004-02-06,0,0,-0.0055591124,-0.00018288484,0.15715747,0.015843179,,0.031660853,0.010729223,0,0,0,0,0,0,0,0,0,0,0.016662188
2004-02-09,0,0,0.31762912,-0.0038342725,0.16176702,0.0093347357,,0.018571802,0.0049724738,0,0,0,0,0,0,0,0,0,0,0.014670896
2004-02-10,0,0,0.51094097,-0.001324445,0.17124977,0,,0,0.0011470926,0,0,0,0,0,0,0,0,0,0,0
2004-02-11,0,0,-0.020212687,-0.0034028998,0.16989185,0.0093445814,,0.018621492,0.0082470609,0,0,0,0,0,0,0,0,0,0,0.013025922
2004-02-12,0,0,-0.4945066,-0.0038326585,0.14592395,-0.003328213,,-0.0066267363,-0.0040632835,0,-0,0,-0,0,-0,0,-0,0,-0,0.0011572586
2004-02-13,0,0,0.2155806,-0.0031327643,0.1444827,0.011738906,,0.023581239,0.0073100687,0,0,0,0,0,0,0,0,0,0,0.0073208323
2004-02-16,0,0,0.064055226,0.0030664049,0.14339253,0.00089445438,,0.0017928032,0.0029490849,0,0,0,0,0,0,0,0,0,0,-0.0012750223
2004-02-17,0,0,0.45411325,0.0021112679,0.14386727,-0.0021612001,,-0.0043043423,0.00034485732,0,-0,0,-0,0,-0,0,-0,0,0,0.0020426401
2004-02-18,0,0,-0.52982296,-0.001068028,0.14087817,-0.012045138,,-0.023974763,-0.015428131,0,-0,0,-0,0,-0,0,-0,0,-0,-0.0072620716
2004-02-19,1,1,1.2346524,-0.00085505572,0.14775166,-0.0025621317,,-0.0051150895,0.0027746467,2,-0.0056150895,2,-0.0056150895,2,-0.0056150895,1,-0.0030621317,2,0.0051492933,-0.00077002053
2004-02-20,0,0,-0.64165102,-0.00023225432,0.1441317,0.0019287643,,0.0038619979,0.0017417051,0,0,0,0,0,0,0,0,0,0,0.00077061392
2004-02-23,0,0,-0.19442119,0.0003071239,0.14524091,0.0046332046,,0.0092927207,0.0033138572,0,0,0,0,0,0,0,0,0,0,0.0017967146
2004-02-24,0,0,-0.6912937,0.0032765584,0.14196036,-0.011969112,,-0.024049651,-0.0088340768,0,-0,0,-0,0,-0,0,-0,0,-0,-0.016525749
2004-02-25,0,0,0.3317644,-0.00079389586,0.15101029,0.003647258,,0.0072945161,0.0019398642,0,0,0,0,0,0,0,0,0,0,0.003647258
2004-02-26,0,0,0.057194186,0.0052693829,0.15050765,-0.012998713,,-0.025781749,-0.0056972566,0,-0,0,-0,0,-0,0,-0,0,-0,-0.0046722907
2004-02-27,0,0,-0.10706675,-0.0034124558,0.14720088,0.022837009,,0.045709808,0.021321586,0,0,0,0,0,0,0,0,0,0,0.022036771
2004-03-02,0,0,0.43746688,-0.0043172388,0.16184329,0.0082205641,,0.016298897,0.0072513223,0,0,0,0,0,0,0,0,0,0,0.017096198
2004-03-03,0,0,0.45238583,-0.0073232299,0.1711967,0.0044264576,,0.0089262943,-0.0019524618,0,0,0,0,0,0,0,0,0,-0,-0.0037631711
2004-03-04,0,0,0.17634462,-0.0007327661,0.15419564,0.01494224,,0.029802154,0.011790652,0,0,0,0,0,0,0,0,0,0,0.017753714
2004-03-05,0,0,-0.64539446,0.0096676343,0.15461653,-0.01179941,,-0.023446086,-0.0026008893,0,-0,0,-0,0,-0,0,-0,0,-0,-0.005319807
2004-03-08,0,0,0.40035342,0.0014517759,0.15670285,-0.011010763,,-0.021904996,-0.010639189,0,-0,0,-0,0,-0,0,-0,0,-0,-0.005721393
2004-03-09,0,0,-0.59697772,0.00045730374,0.15752885,0,,0,-0.00034228992,0,0,0,0,0,0,0,0,0,-0,-0.010883162
2004-03-10,0,0,-0.050526902,0.0025306933,0.15428865,-0.014834538,,-0.029744502,-0.01281941,0,-0,0,-0,0,-0,0,-0,0,-0,-0.01732642
2004-03-11,0,0,0.80684534,-0.0022083771,0.16891402,0.010403121,,0.021024967,8.7827156e-05,0,0,0,0,0,0,0,0,0,0,0
2004-03-12,1,0,1.5845893,0.0082613268,0.16478598,-0.026726921,,-0.053626943,-0.019827282,0,-0,0,-0,0,-0,0,-0,2,-0.040054565,-0.02985843
2004-03-15,0,0,-0.32564495,-0.000925032,0.18300913,-0.0035559068,,-0.0070606695,-0.0053461641,0,-0,0,-0,0,-0,0,-0,0,-0,0.0037145131
2004-03-16,0,0,0.4988989,0.0029276854,0.18250437,-0.0046542553,,-0.0093658014,0.0076825741,0,-0,0,-0,0,-0,0,-0,0,0,-0.010705789
2004-03-17,0,0,0.70849967,-0.0089265729,0.18249477,0.026193941,,0.051879995,0.017860316,0,0,0,0,0,0,0,0,0,0,0.036339345
2004-03-18,0,0,-0.42313258,-0.00038187742,0.20946182,-0.0097174274,,-0.019277108,-0.0077955825,0,-0,0,-0,0,-0,0,-0,0,-0,-0.0015469898
2004-03-19,0,0,0.41140066,0.0035682766,0.20647192,0.0050006411,,0.0099325099,0.010979435,0,0,0,0,0,0,0,0,0,0,0.012007747
2004-03-22,0,0,0.57768294,0.00071224885,0.21021089,-0.021521906,,-0.043220993,-0.017855595,0,-0,0,-0,0,-0,0,-0,0,-0,-0.025516713
2004-03-23,0,0,0.025787365,-0.00024787096,0.22570971,0.013599155,,0.027430093,0.014089531,0,0,0,0,0,0,0,0,0,0,0.0051060487
2004-03-24,0,0,-1.1247779,0.0024168364,0.22620852,0,,0,0.0025688724,0,0,0,0,0,0,0,0,0,0,-0.0041682949
2004-03-25,0,0,0.42377783,-0.00031762271,0.22030109,-0.010980392,,-0.02194644,-0.009974402,0,-0,0,-0,0,-0,0,-0,0,-0,-0.010333551
2004-03-26,0,0,0.24788848,-0.0025364006,0.22232458,0.002738297,,0.0054040144,-0.0021951005,0,0,0,0,0,0,0,0,0,-0,0.016389109
2004-03-29,0,0,0.89653033,7.733129e-05,0.22753886,0.0098573281,,0.019663648,0.0078809107,0,0,0,0,0,0,0,0,0,0,0.012483745
2004-03-30,0,0,-0.89278599,0.0015813721,0.21820787,-0.0097025405,,-0.01928934,-0.0069096562,0,-0,0,-0,0,-0,0,-0,0,-0,-0.003724634
2004-03-31,1,1,1.1869791,-0.0055785981,0.20657745,0.00076863951,,0.0015276894,-0.0019791756,1.4522398,0.00061191206,2,0.0010276894,2,0.0010276894,1,0.00026863951,2,-0.0043583513,0.00709037
2004-04-01,0,0,-0.33222123,-0.0012746339,0.20917862,0.008590845,,0.017210378,0.0050971922,0,0,0,0,0,0,0,0,0,0,0.0069124424
2004-04-02,0,0,-0.16373137,-0.00039282868,0.20201348,0,,0,-0.0038527397,0,0,0,0,0,0,0,0,0,-0,0.0035596237
2004-04-06,0,0,0.90182844,-0.0046821623,0.20188933,0.0090225564,,0.017852715,0.0083487941,0,0,0,0,0,0,0,0,0,0,0.020015201
2004-04-07,0,0,0.26188074,-0.0036448282,0.22466846,0.0073383085,,0.014698555,0.0036786222,0,0,0,0,0,0,0,0,0,0,0.0058370591
2004-04-08,1,1,1.561212,-0.0023865124,0.22069025,0.0012327416,,0.0024615385,0.0042313117,1.3593713,0.001174336,2,0.0019615385,2,0.0019615385,1,0.00073274162,2,0.0080626234,0.0028398568
2004-04-09,0,0,-1.3217704,-0.00041640642,0.2096305,-0.010865539,,-0.021792967,-0.0069109076,0,-0,0,-0,0,-0,0,-0,0,-0,-0.013666585
2004-04-12,0,0,-0.22024548,-0.0040461321,0.21564093,0.021015762,,0.042121098,0.015101938,0,0,0,0,0,0,0,0,0,0,0.018849083
2004-04-13,0,0,0.30383917,0.00079250448,0.19695549,-0.010477583,,-0.020838381,-0.0093603744,0,-0,0,-0,0,-0,0,-0,0,-0,-0.0049007596
2004-04-14,0,0,0.29686145,0.0052513582,0.19855981,0.0017303176,,0.0034739454,0.0086149214,0,0,0,0,0,0,0,0,0,0,-0.0020930805
2004-04-16,0,0,-2.6539595,0.010503359,0.19831389,-0.013880283,,-0.027884974,-0.006986532,0,-0,0,-0,0,-0,0,-0,0,-0,-0.018260333
2004-04-19,0,0,-0.45045456,-0.0048387268,0.19803538,0.0075757576,,0.015222631,0.0022838775,0,0,0,0,0,0,0,0,0,0,0.0028905366
2004-04-20,1,1,1.3573773,-0.0043228023,0.19819702,0.012970816,,0.025819265,0.0086142009,1.5136454,0.019070362,2,0.025319265,2,0.025319265,1,0.012470816,2,0.016828402,0.017794486
2004-04-21,0,0,0.30618989,0.0010175758,0.20261827,0.018394233,,0.037139272,0.021617093,0,0,0,0,0,0,0,0,0,0,0.0088648116
2004-04-22,0,0,-0.78024011,-0.0056088532,0.18113169,-0.0026924489,,-0.0054000982,-0.010245062,0,-0,0,-0,0,-0,0,-0,0,-0,-0.0054918233
2004-04-23,0,0,0.41532836,-0.0021122012,0.18721503,0,,0,-0.00065295462,0,0,0,0,0,0,0,0,0,-0,0.010430728
2004-04-26,0,0,-0.59965796,0.003308415,0.18858679,-0.018170806,,-0.036249396,-0.01530654,0,-0,0,-0,0,-0,0,-0,0,-0,-0.015666748
2004-04-27,0,0,0.28428969,0.0012354627,0.1984732,-0.003704161,,-0.0074138144,-0.0034135376,0,-0,0,-0,0,-0,0,-0,0,-0,-0.0044417027
2004-04-28,0,0,-0.052942738,-0.0015379626,0.19728484,-0.020076837,,-0.040153675,-0.020591913,0,-0,0,-0,0,-0,0,-0,0,-0,-0.020076837
2004-04-29,0,0,-0.47809117,0.0080055996,0.20704508,-0.023628049,,-0.047467143,-0.016392028,0,-0,0,-0,0,-0,0,-0,0,-0,-0.027949918
2004-04-30,0,0,-0.50274014,0.00045363877,0.23392504,-0.0080052493,,-0.016150384,-0.0057496683,0,-0,0,-0,0,-0,0,-0,0,-0,-0.016523549
2004-05-03,0,0,0.93026541,0.0023110844,0.23627008,0,,0,0.0032897662,0,0,0,0,0,0,0,0,0,0,0.0047625347
2004-05-04,0,0,-0.4592647,0.00033986846,0.23649522,0.0035340314,,0.0070266753,-0.0048470961,0,0,0,0,0,0,0,0,0,-0,0.009479921
2004-05-06,0,0,-1.4620467,0.011028056,0.23655819,-0.036069002,,-0.072279691,-0.030860904,0,-0,0,-0,0,-0,0,-0,0,-0,-0.037954872
2004-05-07,1,0,1.0440511,0.0003709912,0.23899398,0.0048959608,,0.0098226467,0.0032101257,0,0,0,0,0,0,0,0,2,0.0060202513,0.0017624729
2004-05-10,0,0,0.4395609,-0.0091204265,0.2388763,-0.047651839,,-0.097013879,-0.050981838,0,-0,0,-0,0,-0,0,-0,0,-0,-0.064149411
2004-05-11,1,1,1.341484,-0.0076394547,0.30178618,0.0029006526,,0.0058181818,-0.0011667477,0.99408131,0.0023864439,2,0.0053181818,2,0.0053181818,1,0.0024006526,2,-0.0027334954,0
2004-05-12,1,1,1.2317734,-0.0032746813,0.3013682,0.017546362,,0.034623505,0.018634137,0.99546005,0.016968973,2,0.034123505,2,0.034123505,1,0.017046362,2,0.036868274,0.031525669
2004-05-13,0,0,-1.2218466,-0.0037838296,0.32427148,-0.018926554,,-0.038138608,-0.032581928,0,-0,0,-0,0,-0,0,-0,0,-0,-0.026216178
2004-05-14,1,0,2.0913187,0.0032029838,0.34140148,-0.042293907,,-0.084237579,-0.040468584,0,-0,0,-0,0,-0,0,-0,2,-0.081337167,-0.038295422
2004-05-17,0,0,-0.40728116,-0.001182269,0.34844736,-0.041954887,,-0.08429003,-0.049135578,0,-0,0,-0,0,-0,0,-0,0,-0,-0.046257485
2004-05-18,0,0,0.53464398,-0.0096029801,0.37648754,0.042100208,,0.085905602,0.026821971,0,0,0,0,0,0,0,0,0,0,0.021817611
2004-05-19,1,1,1.4480474,-0.0028280408,0.39059906,0.040109389,,0.079350766,0.035714286,0.76805099,0.030422031,2,0.078850766,0,0,1,0.039609389,2,0.071028571,0.051612903
2004-05-20,0,0,-2.760044,0.003935147,0.43577091,-0.01095647,,-0.022215551,0.0036253776,0,-0,0,-0,0,-0,0,-0,0,0,-0.024247736
2004-05-21,1,1,3.0222004,-0.013714636,0.42974131,0.012691854,,0.025029104,0.0070998915,0.69809439,0.0085110646,2,0.024529104,2,0.024529104,1,0.012191854,2,0.013799783,0.027245509
2004-05-24,1,1,1.5546822,-0.0068361776,0.44682264,-0.00086231676,,-0.0017011625,0.0025140205,0.67140733,-0.00091466946,2,-0.0022011625,0,-0,1,-0.0013623168,2,0.004628041,0.01311571
2004-05-25,0,0,-2.5725023,0.00046067074,0.44766574,-0.019169329,,-0.038709677,-0.0078094494,0,-0,0,-0,0,-0,0,-0,0,-0,-0.028481013
2004-05-27,1,1,1.5970159,-0.012806869,0.44835685,0.014219385,,0.027880512,-0.0001921045,0.66910989,0.0091797761,2,0.027380512,2,0.027380512,1,0.013719385,2,-0.00078420901,0.034942256
2004-05-28,1,0,1.236683,0.0040972905,0.46262423,0.0033826638,,0.0066666667,0.0041753653,0,0,0,0,0,0,0,0,2,0.0079507307,0.018454936
2004-05-31,0,0,-1.0578688,0.0072991632,0.46735288,0.01517067,,0.03034134,-0.0104523,0,0,0,0,0,0,0,0,0,-0,0.01517067
2004-06-01,0,0,0.85208638,0.00095134631,0.4602232,0.0079556755,,0.016347978,0.0097402597,0,0,0,0,0,0,0,0,0,0,-0.01826484
2004-06-02,0,0,-1.9717114,-0.0010395531,0.4636089,-0.0078291815,,-0.01581596,-0.006302521,0,-0,0,-0,0,-0,0,-0,0,-0,-0.017618041
2004-06-03,0,0,0.84739145,-0.0019047506,0.46522122,-0.050191952,,-0.099492672,-0.051653483,0,-0,0,-0,0,-0,0,-0,0,-0,-0.041606887
2004-06-04,1,0,1.6703542,0.00017121729,0.4859964,0.0068574836,,0.013657957,0.010409368,0,0,0,0,0,0,0,0,2,0.020418737,0.011077844
2004-06-07,0,0,0.90382341,-0.0068004907,0.4783263,0.035603943,,0.070760234,0.029708795,0,0,0,0,0,0,0,0,0,0,0.042197216
2004-06-08,0,0,-0.76439033,0.00098103378,0.50255177,-0.011247013,,-0.022262418,-0.012167516,0,-0,0,-0,0,-0,0,-0,0,-0,-0.00085239381
2004-06-09,1,0,1.4569538,0.0012752799,0.45486754,-0.027320096,,-0.054121914,-0.030431906,0,-0,0,-0,0,-0,0,-0,2,-0.061263812,-0.017915541
2004-06-10,0,0,-0.96704522,0.0048617193,0.46127463,-0.013750731,,-0.027790096,-0.0074995066,0,-0,0,-0,0,-0,0,-0,0,-0,-0.023888808
2004-06-11,0,0,-1.3447181,0.0059492449,0.45020644,-0.051759834,,-0.10321439,-0.038791384,0,-0,0,-0,0,-0,0,-0,0,-0,-0.0489469
2004-06-14,0,0,-1.9709647,-0.0059250482,0.45538025,-0.001100802,,-0.0022201078,-0.0055538091,0,-0,0,-0,0,-0,0,-0,0,-0,-0.0093574548
2004-06-15,1,1,3.7116986,-0.0083685376,0.44685261,0.014701282,,0.02921069,0.0061336937,0.67136231,0.0095342058,2,0.02871069,2,0.02871069,1,0.014201282,2,0.011867387,0.021410579
2004-06-16,0,0,0.11986571,-0.0062750799,0.41273138,-0.0010789149,,-0.0021578298,-0.0057494867,0,-0,0,-0,0,-0,0,-0,0,-0,-0.0010789149
2004-06-17,0,0,0.86472615,0.00055656742,0.40595236,0.005052825,,0.010028871,0.0051271534,0,0,0,0,0,0,0,0,0,0,0.012806666
2004-06-18,0,0,-2.0097013,0.0051986572,0.3646919,-0.018100936,,-0.036453506,-0.01186913,0,-0,0,-0,0,-0,0,-0,0,-0,-0.024832419
2004-06-21,0,0,0.37327291,-0.0035287477,0.3710625,0.012463,,0.0248563,0.0058187864,0,0,0,0,0,0,0,0,0,0,0.015310108
2004-06-22,0,0,-0.80681517,0.0045316347,0.36111934,0.010052583,,0.020208301,0.0037453184,0,0,0,0,0,0,0,0,0,0,0.0049238344
2004-06-23,1,0,1.1238828,0.0035418472,0.35507682,-0.016943978,,-0.033784812,-0.019696348,0,-0,0,-0,0,-0,0,-0,2,-0.039792696,-0.013933548
2004-06-24,1,0,2.1337205,0.00076400712,0.35069173,0.014348954,,0.028219754,0.013846154,0,0,0,0,0,0,0,0,2,0.027292308,0.031832298
2004-06-25,0,0,0.30144246,0.0018011869,0.36291653,0.017570206,,0.035066687,0.022249191,0,0,0,0,0,0,0,0,0,0,0.019714071
2004-06-28,0,0,0.24931274,-0.00080587686,0.3676118,-0.010035419,,-0.020070838,-0.010210151,0,-0,0,-0,0,-0,0,-0,0,-0,-0.010035419
2004-06-29,0,0,-1.0043252,-0.0023366805,0.36599218,0.018621415,,0.037518911,0.015308692,0,0,0,0,0,0,0,0,0,0,0.01118068
2004-06-30,0,0,0.44619306,0.0038955878,0.36296245,0.0042391463,,0.0084070155,0.0047351287,0,0,0,0,0,0,0,0,0,0,0.012826183
2004-07-01,0,0,-1.0203129,0.0073985955,0.36171029,-0.014957886,,-0.029846421,-0.0086546027,0,-0,0,-0,0,-0,0,-0,0,-0,-0.012663755
2004-07-02,0,0,-1.8697043,0.0064072905,0.32692162,-0.019397195,,-0.039268993,-0.012326968,0,-0,0,-0,0,-0,0,-0,0,-0,-0.03110718
2004-07-05,0,0,0.1639982,0.0014598958,0.34046991,0.00091157703,,0.0018203883,0.0023546274,0,0,0,0,0,0,0,0,0,0,0.0024345709
2004-07-06,0,0,-0.99723373,-0.0030099368,0.30327746,0.015758874,,0.031770512,0.0078004721,0,0,0,0,0,0,0,0,0,0,0.0077413479
2004-07-07,0,0,-2.9471222,0.0081268919,0.30407134,0.016589862,,0.033850494,0.026052522,0,0,0,0,0,0,0,0,0,0,-0.003163127
2004-07-08,0,0,-2.3549649,0.0036125593,0.29755234,-0.017041996,,-0.034324241,-0.015824085,0,-0,0,-0,0,-0,0,-0,0,-0,-0.023874282
2004-07-09,1,1,1.5569662,-0.00096112113,0.30471738,0.0020123839,,0.0040247678,0.0042663892,0.98451884,0.0014889704,2,0.0035247678,2,0.0035247678,1,0.0015123839,2,0.0081327784,0.0020123839
2004-07-12,0,0,0.68995649,-0.0051466492,0.26824933,-0.0067588326,,-0.013441271,-0.0082262211,0,-0,0,-0,0,-0,0,-0,0,-0,-0.0010814151
2004-07-13,1,1,1.3142236,-0.0083983962,0.26185819,0.0047751078,,0.0095121203,-0.0029774127,1.1456583,0.0049650928,2,0.0090121203,2,0.0090121203,1,0.0042751078,2,-0.0063548255,0.0088153418
2004-07-14,0,0,-1.5639661,0.0016049865,0.25337206,-0.013423854,,-0.02702283,-0.012872418,0,-0,0,-0,0,-0,0,-0,0,-0,-0.019776177
2004-07-15,0,0,0.16790515,0.00074116648,0.26418249,-0.0012527404,,-0.0025086234,-0.0037894737,0,-0,0,-0,0,-0,0,-0,0,-0,-0.0025023459
2004-07-16,0,0,-0.57677199,0.005453132,0.25996248,0.012437028,,0.024976288,0.016480595,0,0,0,0,0,0,0,0,0,0,0.008309815
2004-07-19,0,0,-1.5671136,0.0060307821,0.24993902,0.020826809,,0.041949219,0.028707627,0,0,0,0,0,0,0,0,0,0,0.013683719
2004-07-20,0,0,-2.0023195,0.0043029377,0.25324339,-0.011572288,,-0.02328108,-0.0070855476,0,-0,0,-0,0,-0,0,-0,0,-0,-0.017333947
2004-07-21,1,1,2.1390395,-0.0063246936,0.2619216,0.0047751078,,0.0094253573,0.0036023055,1.1453809,0.0049511653,2,0.0089253573,2,0.0089253573,1,0.0042751078,2,0.006804611,0.018264127
2004-07-22,0,0,-1.6131167,0.0025686916,0.27259565,0,,0,0.0055468341,0,0,0,0,0,0,0,0,0,0,-0.012724207
2004-07-23,0,0,-0.4851399,-0.0028236786,0.24766877,-0.0082413311,,-0.016505761,-0.0071822629,0,-0,0,-0,0,-0,0,-0,0,-0,-0.0096273292
2004-07-26,0,0,-0.51914646,-0.0043912874,0.23166959,0.01730983,,0.035070785,0.0091140314,0,0,0,0,0,0,0,0,0,0,0.0043900909
2004-07-27,0,0,-0.0061421292,0.0067757276,0.22901827,0.0042062627,,0.0083955224,0.0056770395,0,0,0,0,0,0,0,0,0,0,0.0062441461
2004-07-28,0,0,0.5187522,0.0071244107,0.22625012,-0.0084149327,,-0.016601268,-0.00278868,0,-0,0,-0,0,-0,0,-0,0,-0,0.0054297239
2004-07-29,0,0,-0.57148853,0.0011498874,0.22551538,-0.01961996,,-0.039288476,-0.017960963,0,-0,0,-0,0,-0,0,-0,0,-0,-0.020830119
2004-07-30,0,0,0.99333935,-0.003521972,0.23273489,0.0018767595,,0.0037255511,-0.0033476305,0,0,0,0,0,0,0,0,0,-0,0.0094547747
2004-08-02,0,0,-1.3347944,0.00094483319,0.21172888,-0.01663789,,-0.033459596,-0.015529263,0,-0,0,-0,0,-0,0,-0,0,-0,-0.022010615
2004-08-03,1,1,1.1515873,-0.0052107375,0.22361535,-0.0011104061,,-0.0022071575,-0.0005304477,1.3415895,-0.0019850448,2,-0.0027071575,2,-0.0027071575,1,-0.0016104061,2,-0.0014608954,0.0051077414
2004-08-04,0,0,-0.8756497,-0.0022109748,0.22792508,0.0056026893,,0.011295788,0.014152461,0,0,0,0,0,0,0,0,0,0,-0.0023820867
2004-08-05,0,0,0.18630868,-0.007591363,0.22832275,0.024746193,,0.049320266,0.017215885,0,0,0,0,0,0,0,0,0,0,0.028334925
2004-08-06,0,0,-0.15364883,-0.0013258078,0.21821227,-0.001100802,,-0.0022371365,-0.000948067,0,-0,0,-0,0,-0,0,-0,0,-0,-0.016718266
2004-08-09,0,0,0.88764221,0.0040967028,0.22318343,0.017216869,,0.034548336,0.020607606,0,0,0,0,0,0,0,0,0,0,0.013853904
2004-08-10,0,0,-1.1889112,0.0031388716,0.22854185,0.014176663,,0.028446389,0.012350848,0,0,0,0,0,0,0,0,0,0,0.010869565
2004-08-11,0,0,-0.92957894,0.0022817862,0.22846956,-0.0056609547,,-0.01127705,-0.00061671292,0,-0,0,-0,0,-0,0,-0,0,-0,-0.0016897081
2004-08-12,0,0,0.82996835,-0.0086325659,0.2155189,0.021138713,,0.042395173,0.015584948,0,0,0,0,0,0,0,0,0,0,0.018310509
2004-08-13,0,0,0.55946877,0.0034628135,0.22290506,0.020550015,,0.04110003,0.017061034,0,0,0,0,0,0,0,0,0,0,0.020550015
2004-08-16,0,0,-0.70730517,0.008617874,0.22337538,-0.009771987,,-0.019543974,-0.0018018018,0,-0,0,-0,0,-0,0,-0,0,-0,-0.009771987
2004-08-17,0,0,-0.33172696,-0.0001580849,0.21875792,-0.017026947,,-0.03372434,-0.017374901,0,-0,0,-0,0,-0,0,-0,0,-0,-0.007326555
2004-08-18,0,0,0.0076678898,-0.00067136933,0.20842567,0.0057142857,,0.011409698,0.0026204394,0,0,0,0,0,0,0,0,0,0,0.0073806296
2004-08-19,0,0,-0.31605283,0.0021871692,0.19320597,0.0087420359,,0.01732746,0.0078693097,0,0,0,0,0,0,0,0,0,0,0.017942584
2004-08-20,0,0,-0.41931879,0.0010815302,0.19177693,0.0030991736,,0.006227758,0.0017878427,0,0,0,0,0,0,0,0,0,0,-0.0016157462
2004-08-23,0,0,0.070918803,-0.001634761,0.18948612,-0.0035221603,,-0.0070267896,-0.0059101655,0,-0,0,-0,0,-0,0,-0,0,-0,-0.0010298661
2004-08-24,1,1,1.0840045,-0.0024919172,0.18893448,0.0008813161,,0.0017579842,0.00059148265,1.587852,0.0008966672,2,0.0012579842,2,0.0012579842,1,0.0003813161,2,0.0007829653,0.0035346097
2004-08-25,0,0,-0.58781355,0.0015359305,0.18910654,0.012459689,,0.02489019,0.016100356,0,0,0,0,0,0,0,0,0,0,0.013648371
2004-08-26,0,0,-0.47971949,-0.0007878317,0.19152093,-0.0021595163,,-0.0042949177,-0.00067750678,0,-0,0,-0,0,-0,0,-0,0,-0,0.0034747358
2004-08-27,0,0,0.42387193,-0.0024000474,0.1701426,0.0020178726,,0.0040316775,-0.0019308747,0,0,0,0,0,0,0,0,0,-0,0.0030298658
2004-08-30,0,0,-0.22212616,0.0044546116,0.17017591,-0.0083082653,,-0.016547789,-0.004250797,0,-0,0,-0,0,-0,0,-0,0,-0,-0.0041714614
2004-08-31,0,0,-0.19172626,0.0022181449,0.14300181,0.0042114435,,0.0084683895,0.005472491,0,0,0,0,0,0,0,0,0,0,-0.0011555684
2004-09-01,0,0,-0.83831953,0.0023312298,0.14320501,0.016755742,,0.033472803,0.018088107,0,0,0,0,0,0,0,0,0,0,0.017932032
2004-09-02,0,0,-0.074196933,-0.00090638457,0.15046681,0.0079556755,,0.015911351,0.0079175808,0,0,0,0,0,0,0,0,0,0,0.0079556755
2004-09-03,0,0,-1.3801084,0.0020238467,0.14336605,-0.011224919,,-0.02234949,-0.0093546253,0,-0,0,-0,0,-0,0,-0,0,-0,-0.0067653277
2004-09-06,0,0,0.9666863,-0.0010684631,0.1315054,0.0042504959,,0.0084877635,0.0037096928,0,0,0,0,0,0,0,0,0,0,0.0058180786
2004-09-07,0,0,-0.61590157,0.0045299423,0.12821628,-0.0060554851,,-0.012088839,-0.0019965773,0,-0,0,-0,0,-0,0,-0,0,-0,-0.0042325056
2004-09-08,0,0,-0.80353698,0.00096928861,0.13269066,-0.0046662896,,-0.0093141406,-0.0063742746,0,-0,0,-0,0,-0,0,-0,0,-0,-0.0026919807
2004-09-09,0,0,0.59966087,0.0050951605,0.13651902,-0.0026919807,,-0.0053695069,0.0088063559,0,-0,0,-0,0,-0,0,-0,0,0,0
2004-09-10,0,0,0.43051612,-0.008311268,0.12629226,0.021110796,,0.042108238,0.013600302,0,0,0,0,0,0,0,0,0,0,0.023867027
2004-09-13,0,0,0.51449623,-0.0011931445,0.13463937,0.014332966,,0.028473648,0.013037448,0,0,0,0,0,0,0,0,0,0,0.02122936
2004-09-14,0,0,0.77416304,0.0012993046,0.14459156,-0.0045834457,,-0.0090957731,-0.0091585056,0,-0,0,-0,0,-0,0,-0,0,-0,0.0032608696
2004-09-15,0,0,-0.4878863,0.0038788274,0.14006709,0,,0,0.00054940024,0,0,0,0,0,0,0,0,0,0,-0.0025731311
2004-09-16,0,0,0.0051537546,0.0088356945,0.14118196,0.011269518,,0.022539036,0.014079323,0,0,0,0,0,0,0,0,0,0,0.011269518
2004-09-17,0,0,-0.89588044,0.004200854,0.13435016,-0.010080645,,-0.020182992,-0.0054585153,0,-0,0,-0,0,-0,0,-0,0,-0,-0.011143931
2004-09-20,0,0,-0.45034328,-0.0020113373,0.13892217,0.0078750849,,0.01575017,0.0081285962,0,0,0,0,0,0,0,0,0,0,0.0078750849
2004-09-21,1,1,1.2394879,-0.0039921125,0.13965578,0.0028252388,,0.0056428859,-0.0027095376,2,0.0051428859,2,0.0051428859,2,0.0051428859,1,0.0023252388,2,-0.0058190751,0.0041762091
2004-09-22,0,0,0.026096034,-0.0044170277,0.14033797,-0.027770325,,-0.055540649,-0.031958949,0,-0,0,-0,0,-0,0,-0,0,-0,-0.027770325
2004-09-23,0,0,0.68244824,0.0045166485,0.17262775,-0.00166044,,-0.0033300957,0.0017798595,0,-0,0,-0,0,-0,0,-0,0,0,-0.0044156203
2004-09-24,0,0,0.2754389,0.0046103297,0.17468978,-0.00345925,,-0.0069070314,0.0055274499,0,-0,0,-0,0,-0,0,-0,0,0,-0.0018018018
2004-09-30,0,0,-1.3254548,-0.012316748,0.17479462,0.039427529,,0.079693704,0.0058845507,0,0,0,0,0,0,0,0,0,0,0.028603166
2004-10-01,0,0,0.36494185,2.511101e-05,0.17386891,0.010433828,,0.02122905,0.013523527,0,0,0,0,0,0,0,0,0,0,-0.0064794816
2004-10-04,0,0,0.42937483,-0.0083517361,0.17982911,0.030156166,,0.059765208,0.025913263,0,0,0,0,0,0,0,0,0,0,0.039673913
2004-10-05,0,0,-0.26384808,0.0040021138,0.22197819,-0.0045377933,,-0.0090043736,-0.0014884861,0,-0,0,-0,0,-0,0,-0,0,-0,0.0033978045
2004-10-06,0,0,0.086117827,-0.0010160964,0.22166405,0.0078257467,,0.015673981,0.0029798422,0,0,0,0,0,0,0,0,0,0,0.0063818703
2004-10-07,0,0,-0.96337956,0.0036747904,0.21735873,-0.0082730093,,-0.016526791,-0.0027078966,0,-0,0,-0,0,-0,0,-0,0,-0,-0.0071178983
2004-10-08,0,0,-0.056570118,0.0045913472,0.21853977,0.0033978045,,0.0068134172,0.0051218651,0,0,0,0,0,0,0,0,0,0,0.00078206465
2004-10-11,0,0,-0.006623871,0.0019993754,0.21746504,0.0023578727,,0.004743083,0.0058324496,0,0,0,0,0,0,0,0,0,0,-0.0033862985
2004-10-12,0,0,-0.83921226,-0.00388672,0.21536259,-0.026274304,,-0.052826202,-0.026696035,0,-0,0,-0,0,-0,0,-0,0,-0,-0.031364349
2004-10-13,1,1,1.3859016,-0.0021254532,0.24552315,-0.0067006165,,-0.013312034,-0.007282208,1.2218807,-0.0086675626,2,-0.013812034,2,-0.013812034,1,-0.0072006165,2,-0.014964416,0
2004-10-14,0,0,-0.67918458,0.0054584435,0.23839503,-0.0067668155,,-0.013575889,-0.0017373811,0,-0,0,-0,0,-0,0,-0,0,-0,-0.0098488937
2004-10-15,0,0,-0.62854352,-0.0032193439,0.23102882,0.003593642,,0.0072921049,0.0041678244,0,0,0,0,0,0,0,0,0,0,-0.010628151
2004-10-18,0,0,-0.13885604,-0.0063997372,0.23213527,0.010336273,,0.020686802,0.0041364096,0,0,0,0,0,0,0,0,0,0,0.0096405454
2004-10-19,1,1,1.6806856,-0.0044526737,0.23380671,0.0005399568,,0.0010688043,-0.0057720058,1.2831112,0.00018967943,2,0.00056880428,2,0.00056880428,1,3.9956803e-05,2,-0.011944012,0.01104897
2004-10-20,0,0,0.28936072,0.0044372468,0.2341249,-0.030044661,,-0.060276948,-0.024272288,0,-0,0,-0,0,-0,0,-0,0,-0,-0.033054506
2004-10-21,0,0,0.27357096,-0.0016829885,0.25627007,-0.013088276,,-0.026121995,-0.013246269,0,-0,0,-0,0,-0,0,-0,0,-0,-0.011022743
2004-10-22,0,0,0.28574322,0.00078283847,0.25524863,0.0039287218,,0.0078146804,0.0051764706,0,0,0,0,0,0,0,0,0,0,0.0094525959
2004-10-25,0,0,-1.1786929,0.0048470149,0.25849459,-0.015095937,,-0.030479989,-0.01054732,0,-0,0,-0,0,-0,0,-0,0,-0,-0.024318658
2004-10-26,0,0,0.99405995,-0.005506179,0.25704172,0.0041541326,,0.0083082653,0.0023870906,0,0,0,0,0,0,0,0,0,0,0.0041541326
2004-10-27,0,0,-0.60240848,-0.0018889314,0.25878093,-0.0128386,,-0.025397711,-0.012738253,0,-0,0,-0,0,-0,0,-0,0,-0,-0.0018544936
2004-10-28,1,1,1.5668465,-0.0040146531,0.25837651,0.016837379,,0.033071517,0.0089879225,1.1610962,0.018952638,2,0.032571517,2,0.032571517,1,0.016337379,2,0.017575845,0.035729598
2004-10-29,0,0,-1.8395318,0.0045534186,0.28088182,0.022951732,,0.04627682,0.010953005,0,0,0,0,0,0,0,0,0,0,0.01476473
2004-11-01,0,0,-0.90147875,0.0066723667,0.27470992,0.0022014309,,0.0044555834,0.0044572384,0,0,0,0,0,0,0,0,0,0,-0.0095186293
2004-11-02,0,0,0.6391609,-0.0011666781,0.22456265,0.014933553,,0.029805852,0.0092021717,0,0,0,0,0,0,0,0,0,0,0.017023613
2004-11-03,0,0,0.37280449,0.0037894426,0.23189352,0.00968523,,0.019302949,0.0145481,0,0,0,0,0,0,0,0,0,0,0.013228942
2004-11-04,0,0,-1.9083032,-0.0010904879,0.24122301,-0.0080064051,,-0.016038492,-0.009963199,0,-0,0,-0,0,-0,0,-0,0,-0,-0.0095923261
2004-11-05,0,0,-0.11631437,-0.0051111602,0.24397947,0.0040032026,,0.0079428118,-0.0021474588,0,0,0,0,0,0,0,0,0,-0,0.012106538
2004-11-08,0,0,0.34792916,0.006324602,0.24798177,-0.03115142,,-0.061622465,-0.025229562,0,-0,0,-0,0,-0,0,-0,0,-0,-0.020334928
2004-11-09,0,0,-0.034808212,-0.0016685894,0.25659521,0.00095186293,,0.0019081368,-0.0021048778,0,0,0,0,0,0,0,0,0,-0,-0.001356668
2004-11-10,0,0,0.76312896,-0.0025505232,0.23518277,0.016293279,,0.03256887,0.015155665,0,0,0,0,0,0,0,0,0,0,0.016845537
2004-11-11,0,0,-0.71569351,-0.001698349,0.24594192,0.0077873255,,0.015652409,0.0051504473,0,0,0,0,0,0,0,0,0,0,0.0028056112
2004-11-12,1,1,1.5893145,-0.0022308708,0.24198012,0.0035428421,,0.0069803516,0.0017666284,1.2397713,0.0038670582,2,0.0064803516,2,0.0064803516,1,0.0030428421,2,0.0031332568,0.018918199
2004-11-15,0,0,-0.79825364,0.0045573863,0.24855435,-0.0006486767,,-0.0012873326,0.0027245562,0,-0,0,-0,0,-0,0,-0,0,0,0.0071914226
2004-11-16,0,0,0.064262683,0.0042711136,0.24818195,-0.014089969,,-0.028060239,-0.0075332866,0,-0,0,-0,0,-0,0,-0,0,-0,-0.0098662859
2004-11-17,1,1,2.0922546,-0.0057180797,0.24884604,0.0099320439,,0.019799401,0.0042937259,1.2055647,0.011460424,2,0.019299401,2,0.019299401,1,0.0094320439,2,0.0081874518,0.013242428
2004-11-18,0,0,-0.78897326,0.0016869615,0.2212537,-0.0091683884,,-0.018298969,-0.011427076,0,-0,0,-0,0,-0,0,-0,0,-0,-0.0071169772
2004-11-19,0,0,0.4236861,-0.00025732302,0.22161335,-0.016421217,,-0.032842435,-0.015288639,0,-0,0,-0,0,-0,0,-0,0,-0,-0.016421217
2004-11-22,0,0,-0.44701661,0.0030608897,0.22624195,-0.011475847,,-0.023115173,-0.0087545126,0,-0,0,-0,0,-0,0,-0,0,-0,-0.018417914
2004-11-23,0,0,0.63617949,-0.0015354943,0.2187339,0.0041538255,,0.0082468742,0.0029769959,0,0,0,0,0,0,0,0,0,0,0.011609071
2004-11-24,0,0,-0.37534152,-0.0036899827,0.22057031,0.018779343,,0.037756203,0.015950257,0,0,0,0,0,0,0,0,0,0,0.013477449
2004-11-25,0,0,-0.50464242,0.0019845177,0.22259714,-0.0049862223,,-0.009938538,-0.0022155264,0,-0,0,-0,0,-0,0,-0,0,-0,-0.0015799868
2004-11-26,0,0,0.95928825,-0.0033329535,0.20040666,-0.02011041,,-0.040089087,-0.023210661,0,-0,0,-0,0,-0,0,-0,0,-0,-0.016879863
2004-11-29,0,0,0.39088107,-0.00082487382,0.21172444,0.0038785609,,0.0077343646,0.0048613612,0,0,0,0,0,0,0,0,0,0,0.0068410463
2004-11-30,0,0,0.2576249,0.0013831973,0.21325563,0.019803296,,0.039512066,0.016584491,0,0,0,0,0,0,0,0,0,0,0.022248868
2004-12-01,0,0,-0.32455105,0.0091405724,0.21495612,-0.0067770103,,-0.013554021,0.0018603827,0,-0,0,-0,0,-0,0,-0,0,0,-0.0067770103
2004-12-02,0,0,0.72008495,-0.00051640723,0.20725409,-0.0061983471,,-0.012202873,-0.0084325828,0,-0,0,-0,0,-0,0,-0,0,-0,0.0098412282
2004-12-03,1,0,1.3323767,0.00094293906,0.20375825,-0.0067053514,,-0.013309445,-0.0087849004,0,-0,0,-0,0,-0,0,-0,2,-0.017969801,0.00090956341
2004-12-06,0,0,-1.7246706,0.0088748993,0.2009141,-0.014439964,,-0.028940164,-0.0048707049,0,-0,0,-0,0,-0,0,-0,0,-0,-0.016487083
2004-12-07,0,0,-0.48590911,3.9152165e-05,0.19413233,-0.0087301587,,-0.017497349,-0.0091931453,0,-0,0,-0,0,-0,0,-0,0,-0,-0.010823654
2004-12-08,0,0,0.25005024,0.0033215832,0.199573,0.011255527,,0.022604952,0.017416546,0,0,0,0,0,0,0,0,0,0,0.0070723245
2004-12-09,0,0,-0.95188307,-0.0015926469,0.19047095,-0.0092752087,,-0.018550417,-0.010265108,0,-0,0,-0,0,-0,0,-0,0,-0,-0.0092752087
2004-12-10,0,0,-0.64692286,-0.0011717519,0.19511227,-0.022335161,,-0.044670322,-0.021980002,0,-0,0,-0,0,-0,0,-0,0,-0,-0.022335161
2004-12-13,0,0,-0.70552017,0.0024064738,0.19391348,0.0015058179,,0.0030136986,0.0024979184,0,0,0,0,0,0,0,0,0,0,0.00082079343
2004-12-14,0,0,-0.89672662,0.0039136639,0.19154695,0.00095186293,,0.0018939394,0.0069041701,0,0,0,0,0,0,0,0,0,0,0.0061509021
2004-12-15,0,0,0.50138865,-0.0059562515,0.19528846,0.018315018,,0.036580409,0.01579951,0,0,0,0,0,0,0,0,0,0,0.019698411
2004-12-16,0,0,-0.11999466,-0.004202356,0.20894004,0.0074547391,,0.014897579,0.0041949304,0,0,0,0,0,0,0,0,0,0,0.0082600586
2004-12-17,0,0,0.33083938,0.0044702573,0.20676403,-0.0048601077,,-0.0096630974,8.8794175e-05,0,-0,0,-0,0,-0,0,-0,0,0,0.0010570825
2004-12-20,0,0,0.25581265,-1.9584952e-05,0.20278021,0.007022658,,0.014099495,0.01114082,0,0,0,0,0,0,0,0,0,0,0.0031678986
2004-12-21,0,0,-0.51411859,-0.00035276211,0.18919482,0.0010508341,,0.0020980855,0.0025613849,0,0,0,0,0,0,0,0,0,0,0.0027631579
2004-12-22,0,0,-0.15254964,-0.0017868064,0.18501393,-0.006006006,,-0.011952709,-0.0054252713,0,-0,0,-0,0,-0,0,-0,0,-0,-0.001049731
2004-12-23,0,0,0.64291066,-0.0047978971,0.17862404,-0.011506276,,-0.022907718,-0.016774419,0,-0,0,-0,0,-0,0,-0,0,-0,-0.0069617759
2004-12-24,0,0,0.056712137,-0.00078615169,0.18228617,0.0046296296,,0.0092592593,0.0040819949,0,0,0,0,0,0,0,0,0,0,0.0046296296
2004-12-27,0,0,0.41944838,-0.0030884648,0.17159452,-0.0015799868,,-0.0031599737,-0.0044052863,0,-0,0,-0,0,-0,0,-0,0,-0,-0.0015799868
2004-12-28,0,0,0.16035242,-0.0032419697,0.16955655,0.007022658,,0.014112635,0.0039893617,0,0,0,0,0,0,0,0,0,0,0.0022418568
2004-12-29,0,0,-3.0392106,0.012508178,0.15987493,0.023133544,,0.046218487,0.016791711,0,0,0,0,0,0,0,0,0,0,0.024210526
2004-12-30,0,0,0.25639482,0.015325399,0.16057023,0.021736334,,0.043523049,0.010344525,0,0,0,0,0,0,0,0,0,0,0.020554985
2005-01-03,0,0,0.65271194,0.023072774,0.16368808,-0.0021399799,,-0.0042799597,-0.0025075659,0,-0,0,-0,0,-0,0,-0,0,-0,-0.0021399799
2005-01-04,0,0,0.42354681,0.0012306647,0.16360252,0.0017782294,,0.0035810206,-0.002,0,0,0,0,0,0,0,0,0,-0,-0.0050460452
2005-01-05,0,0,-0.61779078,0.0063948631,0.15596163,0.0056100982,,0.011283498,0.01093378,0,0,0,0,0,0,0,0,0,0,0
2005-01-06,0,0,-0.7861065,0.0051187029,0.14829406,-0.0068649886,,-0.01376673,-0.0082543028,0,-0,0,-0,0,-0,0,-0,0,-0,-0.0095093191
2005-01-07,0,0,0.44997903,0.00070906793,0.15557892,-0.010868175,,-0.021711367,-0.0079218379,0,-0,0,-0,0,-0,0,-0,0,-0,-0.0097286226
2005-01-10,0,0,0.53884325,-0.00052198615,0.14958801,0,,0,0.0023006814,0,0,0,0,0,0,0,0,0,0,0.00336091
2005-01-11,0,0,-0.46146271,-0.0033495925,0.12616112,0.014300438,,0.028600876,0.011735639,0,0,0,0,0,0,0,0,0,0,0.014300438
2005-01-12,0,0,0.78079803,0.00045274285,0.13007652,-0.005964467,,-0.011918347,-0.0054049342,0,-0,0,-0,0,-0,0,-0,0,-0,-0.0050806554
2005-01-13,0,0,-0.36103462,0.0016976001,0.1304878,0,,0,0.0065639769,0,0,0,0,0,0,0,0,0,0,0.0031916252
2005-01-14,0,0,-0.13051186,-0.0036195566,0.10820431,0.031362007,,0.063095545,0.031427821,0,0,0,0,0,0,0,0,0,0,0.02532451
2005-01-17,0,0,0.78065171,-0.00048048752,0.13513314,0.0055228277,,0.010923656,0.0079858776,0,0,0,0,0,0,0,0,0,0,0.016879732
2005-01-18,0,0,-0.10064109,-0.00084457293,0.14559867,-0.0018308312,,-0.0036616624,-0.0034192311,0,-0,0,-0,0,-0,0,-0,0,-0,-0.0018308312
2005-01-19,0,0,-0.87138631,-0.0014431749,0.14654901,-0.004398827,,-0.0087912088,-0.0079265749,0,-0,0,-0,0,-0,0,-0,0,-0,-0.0036683786
2005-01-20,0,0,-0.071152833,0.0067003455,0.14891502,0,,0,-0.00025412961,0,0,0,0,0,0,0,0,0,-0,-0.0025773196
2005-01-21,1,0,1.1193788,0.0039590153,0.15289061,0.0082542811,,0.016528926,0.010665312,0,0,0,0,0,0,0,0,2,0.020930625,0.0070136582
2005-01-24,0,0,0.44941997,0.0019724755,0.14997129,0.00036656891,,0.00073313783,0.005369578,0,0,0,0,0,0,0,0,0,0,0.00036656891
2005-01-25,0,0,-0.95306602,0.0035069291,0.14972155,-0.0052580093,,-0.010527604,-8.4090145e-05,0,-0,0,-0,0,-0,0,-0,0,-0,-0.0063515329
2005-01-26,0,0,0.032780227,-0.0022671206,0.15375069,0.010660458,,0.021253206,0.0096347185,0,0,0,0,0,0,0,0,0,0,0.013890596
2005-01-27,0,0,-0.53190823,0.0031941418,0.15848489,-0.0060357315,,-0.012019231,-0.0040613344,0,-0,0,-0,0,-0,0,-0,0,-0,-0.0016973812
2005-01-28,0,0,-0.17523765,0.00016096962,0.1597046,-0.0044990272,,-0.009009009,-0.004078575,0,-0,0,-0,0,-0,0,-0,0,-0,-0.0057080398
2005-01-31,0,0,-0.016910063,0.0035034372,0.15729224,0.011948305,,0.023852988,0.013478443,0,0,0,0,0,0,0,0,0,0,0.01380237
2005-02-01,0,0,-1.6802944,0.0032931061,0.16106167,-0.0080810517,,-0.016179667,-0.006128872,0,-0,0,-0,0,-0,0,-0,0,-0,-0.0091566265
2005-02-02,0,0,-0.56159442,-0.0017718577,0.16382889,-0.0043747721,,-0.0087442312,-0.0046550291,0,-0,0,-0,0,-0,0,-0,0,-0,-0.0037694553
2005-02-03,0,0,-0.29934178,-0.00082968935,0.16417877,0.0031676413,,0.0063237261,0.006339673,0,0,0,0,0,0,0,0,0,0,0.0050042719
2005-02-04,0,0,0.085721278,-0.0025697603,0.15197368,0.0072957198,,0.014609204,0.0066390041,0,0,0,0,0,0,0,0,0,0,0.0060723828
2005-02-07,0,0,0.051265501,0.0030172746,0.15077857,0,,0,0.0064537211,0,0,0,0,0,0,0,0,0,0,0.014123612
2005-02-11,0,0,-0.26008636,-0.0012885182,0.15661782,0.0022721837,,0.0045656614,0.0019575856,0,0,0,0,0,0,0,0,0,0,-0.002380669
2005-02-14,0,0,0.72557077,-0.00099537531,0.1555876,0.0088662963,,0.017570575,0.0070933419,0,0,0,0,0,0,0,0,0,0,0.018255578
2005-02-15,0,0,-0.10267074,0.0013004192,0.1593303,0.0015218918,,0.0030409357,0.0039203136,0,0,0,0,0,0,0,0,0,0,0.0024607453
2005-02-16,0,0,0.31020453,-0.0040835567,0.15880419,0.0035018093,,0.0069938221,-0.0018242386,0,0,0,0,0,0,0,0,0,-0,0.0049094097
2005-02-17,0,0,0.15735548,0.00065956923,0.14009095,-0.0016269611,,-0.0032508998,-0.00087273881,0,-0,0,-0,0,-0,0,-0,0,-0,-0.00069791788
2005-02-18,0,0,0.3453181,0.0035639139,0.12953048,0.013735304,,0.027470609,0.015621264,0,0,0,0,0,0,0,0,0,0,0.013735304
2005-02-21,1,1,1.1936394,-0.0016046887,0.13167752,-0.0044525631,,-0.0088545805,-0.0027250078,2,-0.0093545805,2,-0.0093545805,2,-0.0093545805,1,-0.0049525631,2,-0.0058500156,0.0012630612
2005-02-22,0,0,-0.24405572,-0.0024278344,0.12810918,-0.01194167,,-0.023913543,-0.0096116277,0,-0,0,-0,0,-0,0,-0,0,-0,-0.013188073
2005-02-23,0,0,0.14753091,-0.0045639657,0.13215603,0.0038723304,,0.0078208319,0.0003187505,0,0,0,0,0,0,0,0,0,0,-0.0058105752
2005-02-24,0,0,-0.0034582998,-0.0062890822,0.13635153,0.022477172,,0.045022863,0.013319591,0,0,0,0,0,0,0,0,0,0,0.020923437
2005-02-25,0,0,0.014880053,-0.0010626563,0.1472172,0.0046808996,,0.0093351548,0.003653039,0,0,0,0,0,0,0,0,0,0,0.0075566751
2005-02-28,0,0,-0.31684945,-0.00046460136,0.14328045,0.0045213067,,0.008994828,0.0074684324,0,0,0,0,0,0,0,0,0,0,0.0098863636
2005-03-02,0,0,0.49659835,-0.0020989528,0.14316461,-0.0063879861,,-0.012724634,-0.0081548662,0,-0,0,-0,0,-0,0,-0,0,-0,-0.0023630021
2005-03-03,0,0,0.080817031,-0.0015385021,0.14508265,0.0033852404,,0.006773538,0.0028409091,0,0,0,0,0,0,0,0,0,0,0.0029325513
2005-03-04,0,0,0.32207429,-0.00069326189,0.14177761,-0.00089736399,,-0.0017901096,-0.0025964108,0,-0,0,-0,0,-0,0,-0,0,-0,0.0016869096
2005-03-07,0,0,0.17775997,-0.0033526402,0.13982706,-0.0095003912,,-0.018916212,-0.012597708,0,-0,0,-0,0,-0,0,-0,0,-0,-0.0050522061
2005-03-08,0,0,0.13985622,-0.0028481831,0.13494821,-0.0062034739,,-0.012401353,-0.010188448,0,-0,0,-0,0,-0,0,-0,0,-0,-0.0057549086
2005-03-09,0,0,0.038129554,0.0026450734,0.1388647,0.0090909091,,0.018204574,0.011099899,0,0,0,0,0,0,0,0,0,0,0.0078311202
2005-03-10,1,0,1.0206365,0.001459686,0.13909504,-0.0028153153,,-0.0056306306,-0.0100715,0,-0,0,-0,0,-0,0,-0,2,-0.020543,-0.0028153153
2005-03-11,1,0,1.1117811,0.00135886,0.14921811,0.010827882,,0.021628929,0.016404806,0,0,0,0,0,0,0,0,2,0.032409612,0.012083569
2005-03-14,0,0,0.068651924,-0.0025301139,0.16264462,0.0025752995,,0.0051685393,0.00098979747,0,0,0,0,0,0,0,0,0,0,-0.00089265789
2005-03-15,0,0,-0.19471283,-0.00043265709,0.16312643,-0.029359431,,-0.058471761,-0.030387996,0,-0,0,-0,0,-0,0,-0,0,-0,-0.025240116
2005-03-16,0,0,0.49750147,0.0021363326,0.18703159,0.0044724771,,0.008953168,0.0041523034,0,0,0,0,0,0,0,0,0,0,0.0035517874
2005-03-17,0,0,-0.71516496,3.009638e-05,0.18669375,0.0041580042,,0.0084141638,-0.0018909549,0,0,0,0,0,0,0,0,0,-0,-0.0074209385
2005-03-18,0,0,-0.059906856,0.0018456806,0.1919022,0.0019605582,,0.0039315449,-0.00047288777,0,0,0,0,0,0,0,0,0,-0,-0.00069013112
2005-03-21,0,0,-0.094015038,0.0028441068,0.19191715,-0.0019567219,,-0.0039134438,0.00055218112,0,-0,0,-0,0,-0,0,-0,0,0,-0.0019567219
2005-03-22,0,0,0.37168746,0.0011832921,0.18705766,0.0078422327,,0.015684465,0.0014207909,0,0,0,0,0,0,0,0,0,0,0.0078422327
2005-03-23,0,0,0.20379972,0.0065425015,0.18600416,-0.0087416609,,-0.017574286,-0.0072969543,0,-0,0,-0,0,-0,0,-0,0,-0,-0.013845978
2005-03-24,0,0,0.34549025,0.0016511613,0.18840329,-0.012514484,,-0.024994214,-0.013860124,0,-0,0,-0,0,-0,0,-0,0,-0,-0.011139476
2005-03-25,0,0,0.85192887,-0.0017447463,0.18929383,0.0078390078,,0.015632291,0.0055475157,0,0,0,0,0,0,0,0,0,0,0.010795588
2005-03-28,0,0,0.6531173,-0.0027770262,0.18077547,0.0088115942,,0.017600741,0.008836876,0,0,0,0,0,0,0,0,0,0,0.010099837
2005-03-29,0,0,-0.5247942,-0.00075656915,0.18342743,-0.022607299,,-0.045147244,-0.019897355,0,-0,0,-0,0,-0,0,-0,0,-0,-0.021146995
2005-03-30,0,0,-0.29934477,0.0011981148,0.18785893,0.0025897587,,0.0051929659,0.0018659744,0,0,0,0,0,0,0,0,0,0,0
2005-03-31,0,0,0.6210865,-0.0013855754,0.18780681,-0.0019735315,,-0.003903111,-0.0042295108,0,-0,0,-0,0,-0,0,-0,0,-0,0.0093929787
2005-04-01,0,0,-0.18419551,-0.0028080103,0.19229538,0.01635323,,0.032844575,0.017890092,0,0,0,0,0,0,0,0,0,0,0.012097243
2005-04-04,0,0,0.6455371,-0.00039449288,0.20379706,0.00091943455,,0.0018388691,0.0035497357,0,0,0,0,0,0,0,0,0,0,0.00091943455
2005-04-06,0,0,-0.53745103,-0.0047825727,0.20406471,0.0088363553,,0.017662576,0.0018807304,0,0,0,0,0,0,0,0,0,0,0.0094155471
2005-04-07,0,0,0.11842188,-0.0019445741,0.20388302,-0.0010227273,,-0.0020433647,-0.002417531,0,-0,0,-0,0,-0,0,-0,0,-0,0
2005-04-08,0,0,0.39383488,-0.0035746641,0.20141439,-0.0020398912,,-0.0040645817,-0.0032593512,0,-0,0,-0,0,-0,0,-0,0,-0,0.0017062905
2005-04-11,0,0,0.3665571,0.0029159552,0.19801504,-0.0081818182,,-0.016374801,-0.0028135991,0,-0,0,-0,0,-0,0,-0,0,-0,-0.0088575971
2005-04-12,0,0,-0.58562805,-0.0010369826,0.17562883,0.0016066101,,0.0032183908,7.8597815e-05,0,0,0,0,0,0,0,0,0,0,0
2005-04-13,0,0,-0.011477813,-0.0056214257,0.17549736,0.0021788991,,0.0043617998,-0.0043804756,0,0,0,0,0,0,0,0,0,-0,0.0012603116
2005-04-14,0,0,-0.028090408,0.005346576,0.14811587,-0.018273762,,-0.036707838,-0.022826345,0,-0,0,-0,0,-0,0,-0,0,-0,-0.022542625
2005-04-15,1,0,1.564146,0.0060296923,0.18442859,-0.017366815,,-0.034815338,-0.0087456474,0,-0,0,-0,0,-0,0,-0,2,-0.017891295,-0.019667525
2005-04-18,0,0,-0.93396275,-0.00022965026,0.18195311,-0.0066682832,,-0.013543462,-0.004240459,0,-0,0,-0,0,-0,0,-0,0,-0,-0.021614521
2005-04-19,0,0,0.79879988,-0.004029053,0.19485221,-0.0030332444,,-0.0060306356,-0.0011604775,0,-0,0,-0,0,-0,0,-0,0,-0,0.0029293299
2005-04-20,0,0,0.66761497,-0.0054865556,0.19721732,0,,0,-0.0043592696,0,0,0,0,0,0,0,0,0,-0,0.0066934404
2005-04-21,0,0,-0.65262556,0.0038082722,0.19860335,0.010851012,,0.021888834,0.015656397,0,0,0,0,0,0,0,0,0,0,0.0022969052
2005-04-22,0,0,-0.30629205,-0.0017323995,0.19461276,-0.010364546,,-0.020477816,-0.013573925,0,-0,0,-0,0,-0,0,-0,0,-0,0.0019298034
2005-04-25,0,0,-0.0025479632,0.00091288075,0.19149797,0.0099237565,,0.019953766,0.010679692,0,0,0,0,0,0,0,0,0,0,0.0045744553
2005-04-26,0,0,-1.1038113,0.0025694548,0.18874317,-0.0074038691,,-0.014756635,-0.0023729646,0,-0,0,-0,0,-0,0,-0,0,-0,-0.0039544638
2005-04-27,0,0,-0.45136667,0.00041627422,0.18099667,-0.0095606922,,-0.019235452,-0.0073645014,0,-0,0,-0,0,-0,0,-0,0,-0,-0.015399423
2005-04-28,0,0,-0.43085132,0.0025184352,0.17564263,-0.016283874,,-0.032390621,-0.014487927,0,-0,0,-0,0,-0,0,-0,0,-0,-0.010874878
2005-04-29,0,0,-0.48801648,-0.002734202,0.18015292,0.013408521,,0.027209154,0.0044421664,0,0,0,0,0,0,0,0,0,0,-0.00098826436
2005-05-02,0,0,-0.64939869,0.0027260025,0.17453225,0.0032067094,,0.0063968508,0.001437146,0,0,0,0,0,0,0,0,0,0,0.0058117967
2005-05-03,0,0,-0.1929524,2.7459498e-05,0.16330556,-0.0029534826,,-0.0059127864,-0.0077434559,0,-0,0,-0,0,-0,0,-0,0,-0,-0.0039341038
2005-05-04,0,0,0.4191019,-0.0031746262,0.16177868,0.018300977,,0.03666997,0.015234871,0,0,0,0,0,0,0,0,0,0,0.0164157
2005-05-06,0,0,-0.77132315,-0.00038825769,0.17617837,0.0060503388,,0.012058362,0.0071428571,0,0,0,0,0,0,0,0,0,0,0.0095931998
2005-05-09,0,0,0.27473908,0.00065229158,0.1827713,-0.011867658,,-0.023655914,-0.0076599951,0,-0,0,-0,0,-0,0,-0,0,-0,-0.0085398124
2005-05-10,0,0,-0.1861666,-0.0035901678,0.18148312,0.0036240638,,0.007217611,-0.0050409057,0,0,0,0,0,0,0,0,0,-0,0.0078854786
2005-05-11,0,0,0.021889243,0.0057458327,0.18119634,-0.010787879,,-0.021728516,-0.0038500167,0,-0,0,-0,0,-0,0,-0,0,-0,-0.017693789
2005-05-12,0,0,-0.70140401,0.0029823713,0.18376343,-0.0045210166,,-0.0090166931,-0.002605042,0,-0,0,-0,0,-0,0,-0,0,-0,-0.001715476
2005-05-13,0,0,0.85140615,-0.00026075257,0.18329103,0.0039433148,,0.0079178523,0.0041392127,0,0,0,0,0,0,0,0,0,0,0
2005-05-16,0,0,0.94232625,0.0011571239,0.15119789,0.0029347029,,0.0058472408,0.0043649794,0,0,0,0,0,0,0,0,0,0,0.0067509513
2005-05-17,0,0,0.40495477,0.00049343993,0.1525738,-0.010248372,,-0.020271882,-0.011497105,0,-0,0,-0,0,-0,0,-0,0,-0,0.00085345038
2005-05-18,0,0,0.59334149,-0.0023412482,0.13190167,0,,0,-0.0043117745,0,0,0,0,0,0,0,0,0,-0,0.0049945182
2005-05-19,0,0,0.69197212,0.0020429476,0.13110824,0.012920206,,0.025507794,0.012424916,0,0,0,0,0,0,0,0,0,0,0.02630303
2005-05-20,0,0,-0.27858042,0.0035621359,0.1574179,-0.0048218276,,-0.009602998,-0.0026753141,0,-0,0,-0,0,-0,0,-0,0,-0,-0.00059052793
2005-05-23,0,0,0.65903144,-0.0011477821,0.15738124,-0.0011810559,,-0.0023607177,-0.0041335711,0,-0,0,-0,0,-0,0,-0,0,-0,-0.00059087686
2005-05-24,0,0,0.076473197,-0.0014167698,0.1575337,-0.00059017941,,-0.0011782727,-0.003486298,0,-0,0,-0,0,-0,0,-0,0,-0,0.0011824524
2005-05-25,0,0,-0.24527442,0.0032059005,0.15629943,-0.015331997,,-0.030620657,-0.011805895,0,-0,0,-0,0,-0,0,-0,0,-0,-0.013936459
2005-05-26,0,0,0.20298947,-0.00013580532,0.16284932,0.0033565092,,0.0067186563,0.0037941274,0,0,0,0,0,0,0,0,0,0,0.0025152713
2005-05-27,1,1,1.0898761,-0.0025070208,0.15180189,0.009357972,,0.01855767,0.006990165,1.97626,0.017839269,2,0.01805767,2,0.01805767,1,0.008857972,2,0.01358033,0.018040621
2005-05-30,0,0,-0.022559146,-0.00026876168,0.15392732,0.0043381405,,0.0086681504,0.0049991937,0,0,0,0,0,0,0,0,0,0,0.0052810703
2005-05-31,0,0,-0.058368557,-0.00092878191,0.15071878,0.010973617,,0.021947233,0.0014439275,0,0,0,0,0,0,0,0,0,0,0.010973617
2005-06-01,0,0,-0.41653945,0.0075083559,0.14982147,0.001977434,,0.0039840637,0.0067709173,0,0,0,0,0,0,0,0,0,0,-0.0053117783
2005-06-02,0,0,0.10551211,0.0011334521,0.14747636,-0.007153571,,-0.014220183,-0.006594105,0,-0,0,-0,0,-0,0,-0,0,-0,-0.0010448108
2005-06-03,0,0,-0.091372485,0.001738171,0.1371537,0.0015061986,,0.0030033499,0.0039936102,0,0,0,0,0,0,0,0,0,0,0.0045322487
2005-06-07,0,0,0.63657066,-0.0030021519,0.13376933,-0.0052210233,,-0.010472423,-0.0066072281,0,-0,0,-0,0,-0,0,-0,0,-0,-0.0080981027
2005-06-08,0,0,-0.54189011,0.0018121826,0.13445959,0.0080400839,,0.016065192,0.0091580977,0,0,0,0,0,0,0,0,0,0,0.0089806391
2005-06-09,0,0,-0.5460257,-0.00063959068,0.13519207,0.011388727,,0.022899871,0.016783887,0,0,0,0,0,0,0,0,0,0,0.0060108658
2005-06-10,0,0,-1.1401827,-1.6901545e-05,0.13004689,0.0052655678,,0.010491504,0.0050377834,0,0,0,0,0,0,0,0,0,0,0.0090773297
2005-06-13,0,0,0.66875615,0.00052840601,0.12800678,-0.0022722109,,-0.0045341192,-0.0021886969,0,-0,0,-0,0,-0,0,-0,0,-0,0
2005-06-14,0,0,-0.63731122,0.0013323408,0.12855067,-0.0052379868,,-0.010475974,-0.0047839385,0,-0,0,-0,0,-0,0,-0,0,-0,-0.0052379868
2005-06-15,0,0,-0.3151387,-0.0025534359,0.1322773,0.018703385,,0.037497124,0.017874016,0,0,0,0,0,0,0,0,0,0,0.016254579
2005-06-16,0,0,-0.79641058,0.0011775323,0.14239405,-0.0009002926,,-0.0017989656,0.0017823931,0,-0,0,-0,0,-0,0,-0,0,0,0
2005-06-17,0,0,0.032176492,-0.00058877447,0.1430442,-0.0041503085,,-0.0082663092,-0.0027758501,0,-0,0,-0,0,-0,0,-0,0,-0,0
2005-06-20,0,0,-0.77139304,0.0022983302,0.12004989,-0.010891534,,-0.021714797,-0.0093522956,0,-0,0,-0,0,-0,0,-0,0,-0,-0.0077720207
2005-06-21,0,0,-0.46511413,9.5190685e-05,0.1265567,0,,0,-0.0015642109,0,0,0,0,0,0,0,0,0,-0,-0.0030650471
2005-06-22,0,0,-0.064777768,0.0023171467,0.12788391,0.01322088,,0.026465891,0.013965166,0,0,0,0,0,0,0,0,0,0,0.012297882
2005-06-23,0,0,-0.070042717,0.00023470629,0.13291567,0.0085527797,,0.017113263,0.0087420702,0,0,0,0,0,0,0,0,0,0,0.0080989876
2005-06-24,0,0,-0.30358018,0.0049273135,0.12199271,-0.0069491145,,-0.01396082,-0.00069675621,0,-0,0,-0,0,-0,0,-0,0,-0,-0.011381388
2005-06-27,0,0,-0.085058776,-0.0020116327,0.13130204,-0.0074982958,,-0.015096066,-0.0067799252,0,-0,0,-0,0,-0,0,-0,0,-0,-0.013995485
2005-06-28,0,0,-0.30076297,-0.0041029554,0.12984368,0.0055115398,,0.01105736,0.0054232492,0,0,0,0,0,0,0,0,0,0,0.0024038462
2005-06-29,0,0,-0.42672848,-0.0026089321,0.12899972,0.001249716,,0.0024867187,-0.0012444583,0,0,0,0,0,0,0,0,0,-0,0.0063948841
2005-06-30,0,0,-0.16920797,0.0016367254,0.12930397,0.0096448428,,0.019289686,0.0095943838,0,0,0,0,0,0,0,0,0,0,0.0096448428
2005-07-01,0,0,0.055667443,0.0035270816,0.13126644,0.010934506,,0.021935776,0.013897516,0,0,0,0,0,0,0,0,0,0,0.0078669364
2005-07-04,0,0,0.47308709,-0.0019723688,0.13364576,-0.00089047195,,-0.0017777778,-0.0016010979,0,-0,0,-0,0,-0,0,-0,0,-0,0.00089206066
2005-07-05,0,0,0.224479,-0.00022138027,0.13317619,-0.0038901856,,-0.0077622533,-0.0044234289,0,-0,0,-0,0,-0,0,-0,0,-0,-0.0015597148
2005-07-06,0,0,-0.4677998,0.00067964215,0.13012599,-0.0062153163,,-0.01236476,-0.0038124285,0,-0,0,-0,0,-0,0,-0,0,-0,-0.00089265789
2005-07-07,0,0,0.60822924,0.00017847795,0.12917206,0.010511014,,0.021047918,0.011363636,0,0,0,0,0,0,0,0,0,0,0.0092696002
2005-07-08,0,0,-0.26258873,-0.0018720969,0.1251018,-0.0035441356,,-0.0070945571,-0.0043230944,0,-0,0,-0,0,-0,0,-0,0,-0,-0.0044262476
2005-07-11,0,0,0.94586383,-0.0063643701,0.12617203,0.014351954,,0.028511898,0.0066922325,0,0,0,0,0,0,0,0,0,0,0.021229299
2005-07-12,0,0,0.57029494,-0.0018171401,0.14177152,-0.0044386706,,-0.0088304975,-0.0045966785,0,-0,0,-0,0,-0,0,-0,0,-0,0.00087070091
2005-07-13,0,0,0.43852421,-0.0045277727,0.13833909,0.0068508047,,0.013701609,0.0034127161,0,0,0,0,0,0,0,0,0,0,0.0068508047
2005-07-14,1,1,1.216618,-0.0041519288,0.12651125,0.012381568,,0.024686058,0.0065397898,2,0.024186058,2,0.024186058,2,0.024186058,1,0.011881568,2,0.01267958,0.015552435
2005-07-15,0,0,0.11687132,0.0027192232,0.13148517,-0.0058262712,,-0.011607049,-0.0064788527,0,-0,0,-0,0,-0,0,-0,0,-0,-0.0019142827
2005-07-18,0,0,0.13282927,0.003660165,0.13330834,-0.0047780845,,-0.0095228018,0.0003656842,0,-0,0,-0,0,-0,0,-0,0,0,-0.0012786361
2005-07-19,0,0,0.82898473,0.0001462309,0.12600596,0.012909421,,0.025818841,0.013892951,0,0,0,0,0,0,0,0,0,0,0.012909421
2005-07-20,0,0,-0.9753087,-0.002121591,0.12814031,0.0032652201,,0.0065304403,-0.0019446845,0,0,0,0,0,0,0,0,0,-0,0.0032652201
2005-07-21,1,0,1.1453581,0.00039531081,0.12539107,-0.0081258464,,-0.016127365,-0.0082987552,0,-0,0,-0,0,-0,0,-0,2,-0.01699751,-0.00041994751
2005-07-22,0,0,-0.71224293,-0.0057291332,0.12419145,0.010426641,,0.02112752,0.0053767347,0,0,0,0,0,0,0,0,0,0,-0.0025207436
2005-07-25,0,0,-0.67394813,0.00033780311,0.11578555,0.0095628415,,0.019087572,0.014069264,0,0,0,0,0,0,0,0,0,0,0.011582605
2005-07-26,0,0,0.59262196,-0.0059962656,0.10681517,0.003023668,,0.0060574413,-0.00035566937,0,0,0,0,0,0,0,0,0,-0,0.00135318
2005-07-27,0,0,-0.051644215,-0.0034583188,0.10825915,0.0010387452,,0.0020759809,-0.00014209591,0,0,0,0,0,0,0,0,0,-0,0.0017671518
2005-07-28,1,1,1.0659106,-0.0028225712,0.10886112,0.0065035615,,0.012940331,0.0036655858,2,0.012440331,2,0.012440331,2,0.012440331,1,0.0060035615,2,0.0069311716,0.011725641
2005-07-29,0,0,0.90035718,-0.0043579756,0.11119756,0.0023502963,,0.0046833639,-0.0014631088,0,0,0,0,0,0,0,0,0,-0,0.0060512821
2005-08-01,1,1,1.8263629,-0.002641947,0.11033875,0.0024467326,,0.0048934652,0.0020185147,2,0.0043934652,2,0.0043934652,2,0.0043934652,1,0.0019467326,2,0.0036370293,0.0024467326
2005-08-02,0,0,-0.033247274,-0.0046484391,0.11010927,0.0032586558,,0.0065259509,0.0012489592,0,0,0,0,0,0,0,0,0,0,0.0019322689
2005-08-03,0,0,0.52315022,-0.0084118056,0.10655056,0.0014187272,,0.0028328612,-0.0081843191,0,0,0,0,0,0,0,0,0,-0,0.003045067
2005-08-04,0,0,0.31844471,-0.00072629272,0.10744094,-0.0059680356,,-0.011931244,-0.0071255621,0,-0,0,-0,0,-0,0,-0,0,-0,-0.005565675
2005-08-05,0,0,-1.7635582,0.009141398,0.11205749,-0.018875625,,-0.037851662,-0.0084566596,0,-0,0,-0,0,-0,0,-0,0,-0,-0.021471456
2005-08-08,0,0,-0.46661252,0.0010333136,0.13864713,0.0066924605,,0.013459516,0.0050794105,0,0,0,0,0,0,0,0,0,0,0.0011439268
2005-08-09,0,0,-0.55401105,0.0012857767,0.12542236,0.012813835,,0.025702643,0.014998929,0,0,0,0,0,0,0,0,0,0,0.0098680794
2005-08-10,0,0,-0.47909633,0.00058142631,0.1295153,0.0019449278,,0.0038712306,0.0007714426,0,0,0,0,0,0,0,0,0,0,0.0067887266
2005-08-11,0,0,0.063758132,0.0050304328,0.12853278,0.013753056,,0.027427875,0.018998878,0,0,0,0,0,0,0,0,0,0,0.016653045
2005-08-12,0,0,-0.7149874,-0.0018441753,0.13596364,0.0051204819,,0.010231718,0.0019897084,0,0,0,0,0,0,0,0,0,0,0.0060295448
2005-08-16,0,0,0.81097,-0.0032366061,0.13376183,-0.010610611,,-0.021265924,-0.013400793,0,-0,0,-0,0,-0,0,-0,0,-0,-0.012686045
2005-08-17,0,0,-0.11608128,-0.00029170926,0.14443291,0.0068360371,,0.013788845,0.0051701251,0,0,0,0,0,0,0,0,0,0,-0.0016187778
2005-08-18,0,0,0.28432766,-1.8517842e-05,0.13962001,-0.02266289,,-0.045252525,-0.02101394,0,-0,0,-0,0,-0,0,-0,0,-0,-0.021078233
2005-08-19,0,0,-1.0938849,-1.4468903e-05,0.15774355,-0.0033239846,,-0.0066708359,0.00092493774,0,-0,0,-0,0,-0,0,-0,0,0,-0.0067287785
2005-08-22,1,1,1.20595,-0.0099390572,0.15850043,0.028973424,,0.057946847,0.02063896,1.8927393,0.054339138,2,0.057446847,2,0.057446847,1,0.028473424,2,0.040877919,0.028973424
2005-08-23,0,0,-0.080978266,0.00089956711,0.18230681,-0.002725896,,-0.0054342357,-0.0023511514,0,-0,0,-0,0,-0,0,-0,0,-0,0.00050643168
2005-08-24,0,0,-0.54870891,0.0039067291,0.17533209,-0.026030588,,-0.052087556,-0.016978638,0,-0,0,-0,0,-0,0,-0,0,-0,-0.026523588
2005-08-25,0,0,-1.0710132,-0.0023372303,0.19220035,0.010671689,,0.021473684,0.011632886,0,0,0,0,0,0,0,0,0,0,0.0045757072
2005-08-26,0,0,-0.54344001,0.0011720926,0.1924766,-0.0091942149,,-0.018350515,-0.0098758465,0,-0,0,-0,0,-0,0,-0,0,-0,-0.0071428571
2005-08-29,0,0,-3.7091617,0.004925686,0.19088763,-0.0070779632,,-0.014345359,-0.0031193326,0,-0,0,-0,0,-0,0,-0,0,-0,-0.020018768
2005-08-30,1,1,1.5504942,-0.002244739,0.20175246,0.0029560811,,0.005866946,-0.0017994674,1.4869707,0.0038735871,2,0.005366946,2,0.005366946,1,0.0024560811,2,-0.0039989347,0.010745824
2005-08-31,0,0,-0.40753569,0.0023175558,0.20443173,0.013205155,,0.026505513,0.013602489,0,0,0,0,0,0,0,0,0,0,0.0095789474
2005-09-01,0,0,0.52189629,-0.0012035098,0.20837269,0.010969678,,0.021777093,0.011876988,0,0,0,0,0,0,0,0,0,0,0.018559066
2005-09-02,0,0,0.48172794,-0.004081659,0.2239571,0.0099171864,,0.019810068,0.004944634,0,0,0,0,0,0,0,0,0,0,0.011157744
2005-09-05,1,0,1.3921937,0.0021450021,0.22522153,-0.008250327,,-0.0164,-0.0056598564,0,-0,0,-0,0,-0,0,-0,2,-0.011719713,-0.0021259364
2005-09-06,1,1,1.2355008,-0.0034684347,0.21272375,0.0054644809,,0.010901383,0.0024161259,1.4102798,0.0071951318,2,0.010401383,2,0.010401383,1,0.0049644809,2,0.0044322518,0.0080146089
2005-09-07,0,0,0.69775005,-0.0027088872,0.2137506,0.0063783137,,0.012633241,0.0061887922,0,0,0,0,0,0,0,0,0,0,0.016304348
2005-09-08,1,1,1.632263,-0.0024981728,0.21971287,-0.0056929721,,-0.011286242,-0.005761372,1.3654184,-0.0082368562,2,-0.011786242,2,-0.011786242,1,-0.0061929721,2,-0.011922744,0.0031689443
2005-09-09,0,0,0.63161549,-0.00046718433,0.2196153,0.0075832184,,0.015130674,0.0058597697,0,0,0,0,0,0,0,0,0,0,0.009970385
2005-09-12,0,0,-0.39477942,0.0045756195,0.21153699,-0.0051376503,,-0.010191328,0.00033315565,0,-0,0,-0,0,-0,0,-0,0,0,0.003127749
2005-09-13,0,0,0.40165587,0.0036144136,0.2116583,-0.0025198682,,-0.0050130146,-0.00066493783,0,-0,0,-0,0,-0,0,-0,0,-0,0.0028256845
2005-09-14,0,0,0.52475133,-0.0030525327,0.20570578,0.021147445,,0.042620363,0.014412491,0,0,0,0,0,0,0,0,0,0,0.013408473
2005-09-15,0,0,-0.97255538,0.003091144,0.20740656,0.0014443909,,0.002901354,0.0053578516,0,0,0,0,0,0,0,0,0,0,-0.0028763183
2005-09-16,0,0,0.51564433,-0.0038310008,0.19152772,0.0036538462,,0.0073076923,0.00065595277,0,0,0,0,0,0,0,0,0,0,0.0036538462
2005-09-20,1,1,3.3195071,-0.0058250207,0.1896507,0.0059755288,,0.011833208,-0.0018712092,1.5818555,0.0088838514,2,0.011333208,2,0.011333208,1,0.0054755288,2,-0.0041424184,0.016095037
2005-09-21,0,0,0.64803044,-0.00012240081,0.17481433,0.0051107325,,0.010260308,0.0066748753,0,0,0,0,0,0,0,0,0,0,0.0013200075
2005-09-22,0,0,0.10652523,0.0029869475,0.17404533,0.0036785512,,0.0073696145,0.0079621958,0,0,0,0,0,0,0,0,0,0,0.0019774011
2005-09-23,0,0,-1.180228,0.00048398467,0.14820203,-0.022076092,,-0.0441356,-0.02,0,-0,0,-0,0,-0,0,-0,0,-0,-0.021708486
2005-09-26,1,1,1.0378818,-0.0017866772,0.17510236,0.024294596,,0.048380952,0.020822454,1.7132836,0.040974999,2,0.047880952,2,0.047880952,1,0.023794596,2,0.041244909,0.028722382
2005-09-27,0,0,0.2608139,0.0047513307,0.18476663,-0.0048309179,,-0.0096127184,-0.0011486918,0,-0,0,-0,0,-0,0,-0,0,-0,0.0002801382
2005-09-28,0,0,0.21387272,-0.00081800648,0.15762323,0.016154636,,0.032318326,0.013459208,0,0,0,0,0,0,0,0,0,0,0.015870052
2005-09-29,0,0,-0.096790834,0.00026183611,0.16028603,-0.0011021308,,-0.0022030475,6.287331e-05,0,-0,0,-0,0,-0,0,-0,0,0,-0.00055136923
2005-09-30,0,0,-0.58573407,-0.0023703178,0.16102775,-0.011544805,,-0.023009496,-0.014388489,0,-0,0,-0,0,-0,0,-0,0,-0,-0.00809121
2005-10-04,1,0,1.4485634,0.00051909856,0.1598295,0.013814699,,0.027452416,0.01224052,0,0,0,0,0,0,0,0,2,0.02408104,0.020393029
2005-10-05,1,1,1.4942571,-0.0022210419,0.166496,-0.011411357,,-0.02293578,-0.013908813,1.8018451,-0.021152158,2,-0.02343578,2,-0.02343578,1,-0.011911357,2,-0.028217626,-0.016260901
2005-10-06,0,0,-0.47089138,-0.0034120668,0.17944951,-0.010598387,,-0.021534064,-0.0099231754,0,-0,0,-0,0,-0,0,-0,0,-0,-0.025856496
2005-10-07,0,0,-1.0149028,0.00034940379,0.20203026,0.0013300399,,0.002665905,0.0047504393,0,0,0,0,0,0,0,0,0,0,-0.00085316144
2005-10-10,1,1,1.1489617,-0.007589306,0.19392288,0.022026848,,0.043896006,0.013876397,1.5470068,0.033489425,2,0.043396006,2,0.043396006,1,0.021526848,2,0.027352795,0.025711575
2005-10-11,0,0,-0.090761717,0.0038893348,0.2064707,0.014908788,,0.029850746,0.019165871,0,0,0,0,0,0,0,0,0,0,0.013782259
2005-10-12,0,0,0.0752754,-0.00056672197,0.20994126,-0.022011143,,-0.044066557,-0.02287643,0,-0,0,-0,0,-0,0,-0,0,-0,-0.022992701
2005-10-13,0,0,-1.4920239,0.0053440955,0.23035043,-0.015668981,,-0.031485671,-0.012724454,0,-0,0,-0,0,-0,0,-0,0,-0,-0.020265222
2005-10-14,1,1,1.9209807,-0.0022956578,0.24611575,-0.010257384,,-0.020440996,-0.010319984,1.2189386,-0.01298697,2,-0.020940996,2,-0.020940996,1,-0.010757384,2,-0.021039969,-0.0066723859
2005-10-17,0,0,-0.49192053,-0.0046471728,0.24310306,-0.01292237,,-0.025780579,-0.015532206,0,-0,0,-0,0,-0,0,-0,0,-0,-0.010459649
2005-10-18,0,0,0.60168755,-0.0052615608,0.24619797,0.013454651,,0.026859903,0.0038900244,0,0,0,0,0,0,0,0,0,0,0.015321955
2005-10-19,0,0,-0.75624324,0.004037026,0.24821412,-0.018320316,,-0.036993769,-0.017838196,0,-0,0,-0,0,-0,0,-0,0,-0,-0.027602674
2005-10-20,0,0,0.91067939,-0.00098435272,0.26028075,-0.0054305663,,-0.010724887,-0.0065163907,0,-0,0,-0,0,-0,0,-0,0,-0,0.0073666634
2005-10-21,0,0,-0.81063071,0.0032228753,0.2622361,0.028866995,,0.05834329,0.032770202,0,0,0,0,0,0,0,0,0,0,0.018233229
2005-10-24,0,0,0.77208277,-0.0033439813,0.27202117,-0.0029619721,,-0.0059109543,-0.0046411296,0,-0,0,-0,0,-0,0,-0,0,-0,-0.00076606339
2005-10-25,0,0,-0.10073158,-0.0038970358,0.26120263,-0.013371266,,-0.026466448,-0.015951238,0,-0,0,-0,0,-0,0,-0,0,-0,-0.0029707714
2005-10-26,0,0,0.93255546,-0.0018460844,0.24233613,-0.0043182036,,-0.0086223414,-0.004796951,0,-0,0,-0,0,-0,0,-0,0,-0,-0.0026912726
2005-10-27,0,0,-0.28711499,-0.00013660586,0.24220135,-0.0051232479,,-0.010277293,-0.0068910681,0,-0,0,-0,0,-0,0,-0,0,-0,-0.0080956052
2005-10-28,0,0,-2.1518713,0.0069501335,0.23581067,-0.013741657,,-0.027766759,-0.0069792655,0,-0,0,-0,0,-0,0,-0,0,-0,-0.023707734
2005-10-31,0,0,-0.48550837,-0.00093720068,0.24502417,0.0058145265,,0.011516689,0.0046574418,0,0,0,0,0,0,0,0,0,0,0.015724522
2005-11-01,0,0,0.28278866,-0.0026000859,0.25359325,0.023900107,,0.047591298,0.020547031,0,0,0,0,0,0,0,0,0,0,0.028414658
2005-11-02,1,1,1.8511078,-0.0039056019,0.26601915,0.01894336,,0.03785429,0.011703511,1.1277383,0.020859011,2,0.03735429,0,0,1,0.01844336,2,0.023007022,0.019817073
2005-11-03,0,0,0.57403445,0.00044292387,0.27032604,-0.0012973774,,-0.0025740026,-0.0020354939,0,-0,0,-0,0,-0,0,-0,0,-0,0.0068198804
2005-11-04,0,0,0.03713317,0.0030322881,0.25999406,-0.0023983027,,-0.0047684548,-0.0015869993,0,-0,0,-0,0,-0,0,-0,0,-0,0.0035260277
2005-11-07,0,0,0.7432151,0.00082911408,0.2598863,-0.0075548185,,-0.01505554,-0.0071573347,0,-0,0,-0,0,-0,0,-0,0,-0,-0.0039759593
2005-11-08,0,0,-0.39850891,0.0005277501,0.24792017,0.0061179088,,0.012217697,0.0052262588,0,0,0,0,0,0,0,0,0,0,0.0076123283
2005-11-09,0,0,-0.013461921,0.0010153686,0.24333178,0.0027682938,,0.0055452865,0.0027311992,0,0,0,0,0,0,0,0,0,0,0.0011977151
2005-11-10,0,0,-0.73090914,0.0023013582,0.22810325,0.0077255587,,0.015442596,0.0058950304,0,0,0,0,0,0,0,0,0,0,0.0082819545
2005-11-11,0,0,0.89260562,-0.00078684363,0.21186816,0.0092500227,,0.018383347,0.0090421552,0,0,0,0,0,0,0,0,0,0,0.015697727
2005-11-14,0,0,-0.024935916,-0.0024370896,0.2201481,-0.0016155089,,-0.0032272524,-0.0017252002,0,-0,0,-0,0,-0,0,-0,0,-0,-0.00044927666
2005-11-15,0,0,-0.72065247,0.0012228362,0.21424715,-0.0044899425,,-0.0089702189,-0.0008043559,0,-0,0,-0,0,-0,0,-0,0,-0,-0.0034160374
2005-11-16,0,0,-0.69698139,-3.6845055e-05,0.21449021,0.014292175,,0.028664731,0.015553067,0,0,0,0,0,0,0,0,0,0,0.01145589
2005-11-17,0,0,-0.74619069,-0.0019155524,0.18352849,0.0036659514,,0.0073509637,0.0015325201,0,0,0,0,0,0,0,0,0,0,0.0010701864
2005-11-18,0,0,-0.41650204,0.0039169215,0.1834844,-0.0067037135,,-0.013276269,-0.0040145985,0,-0,0,-0,0,-0,0,-0,0,-0,0.0032071269
2005-11-21,0,0,-0.27209759,0.00082486655,0.17566272,-0.0094765743,,-0.018902924,-0.0069410619,0,-0,0,-0,0,-0,0,-0,0,-0,-0.0068377586
2005-11-22,0,0,-2.0430283,1.9169822e-05,0.17738072,-0.019871106,,-0.039784946,-0.018199705,0,-0,0,-0,0,-0,0,-0,0,-0,-0.020922747
2005-11-23,0,0,0.35641628,-0.0029361022,0.19641007,0.038818182,,0.077285068,0.024033373,0,0,0,0,0,0,0,0,0,0,0.043561644
2005-11-24,0,0,0.88429061,0.0049910413,0.21805819,-0.0046365147,,-0.0092697857,6.0404712e-05,0,-0,0,-0,0,-0,0,-0,0,0,-0.0042880896
2005-11-25,0,0,0.3057587,-0.0018706821,0.21121587,-0.0013183336,,-0.0026366673,-0.0021703744,0,-0,0,-0,0,-0,0,-0,0,-0,-0.0013183336
2005-11-28,0,0,0.030032012,-0.0021498768,0.18654673,-0.0002639451,,-0.0005277509,-0.0023506721,0,-0,0,-0,0,-0,0,-0,0,-0,0
2005-11-29,0,0,-0.09193916,-0.0033167399,0.18424671,-0.0027533529,,-0.0055580457,-0.0051051416,0,-0,0,-0,0,-0,0,-0,0,-0,-0.011880665
2005-11-30,0,0,0.68057788,-0.0021417177,0.17273597,0.015643054,,0.031222281,0.010473117,0,0,0,0,0,0,0,0,0,0,0.017723548
2005-12-01,0,0,0.64820501,0.0027504687,0.16957237,0.0041206383,,0.0082564778,0.0077860937,0,0,0,0,0,0,0,0,0,0,0.0022753129
2005-12-02,0,0,0.10409026,-0.0013449385,0.16890141,-0.0065726887,,-0.013021503,-0.0065219969,0,-0,0,-0,0,-0,0,-0,0,-0,0.0029686545
2005-12-05,0,0,0.19168454,0.0012434161,0.16888592,0.0031231023,,0.0062246045,0.0023236416,0,0,0,0,0,0,0,0,0,0,0.0066161748
2005-12-06,0,0,-0.43818481,0.003621267,0.16708594,0.0033763311,,0.0067596845,0.0086417546,0,0,0,0,0,0,0,0,0,0,0.0023350342
2005-12-07,0,0,-0.68618646,0.0010521065,0.16704921,0.0062004823,,0.012377514,0.0065046419,0,0,0,0,0,0,0,0,0,0,0.00811044
2005-12-08,0,0,0.21603441,0.0012985392,0.1669119,0.0016288041,,0.0032629229,0.0017074894,0,0,0,0,0,0,0,0,0,0,0
2005-12-09,0,0,-1.0829163,0.0028475917,0.16750439,-0.00034290613,,-0.00068693114,-0.0017114193,0,-0,0,-0,0,-0,0,-0,0,-0,-0.0019685039
2005-12-12,0,0,0.10436553,0.0037281809,0.15911141,0.0086339545,,0.017213464,0.0097230407,0,0,0,0,0,0,0,0,0,0,0.01183432
2005-12-13,0,0,0.38232598,0.0025337269,0.16347899,0.00016906171,,0.00033723969,-0.00098940752,0,0,0,0,0,0,0,0,0,-0,0.0027968472
2005-12-14,0,0,0.75553709,-0.0049812016,0.16194831,-0.0062447257,,-0.012470509,-0.010407632,0,-0,0,-0,0,-0,0,-0,0,-0,-0.0047329277
2005-12-15,0,0,-0.088077362,-0.0024481243,0.16059025,0.0043224002,,0.0086279817,-0.0012225651,0,0,0,0,0,0,0,0,0,-0,0.0062839674
2005-12-16,0,0,-2.961933,0.0044053788,0.16048492,-0.004254595,,-0.0085807448,-0.0017084953,0,-0,0,-0,0,-0,0,-0,0,-0,-0.012489451
2005-12-19,1,1,1.4012529,-0.0023989225,0.16887037,0.011970928,,0.023956194,0.010819074,1.7765106,0.020777615,2,0.023456194,2,0.023456194,1,0.011470928,2,0.021238149,0.011365579
2005-12-20,0,0,-0.41659279,0.0015296151,0.17326324,0.0049119241,,0.0098463628,0.0059050514,0,0,0,0,0,0,0,0,0,0,0.0026193494
2005-12-21,0,0,0.66046313,-0.0032970243,0.14942609,0.014415781,,0.028841289,0.0080551692,0,0,0,0,0,0,0,0,0,0,0.014073824
2005-12-22,0,0,0.72858268,-0.0021800501,0.11693062,-0.0022406639,,-0.0044750145,-0.0056041631,0,-0,0,-0,0,-0,0,-0,0,-0,-0.00083104795
2005-12-23,0,0,0.64156693,-0.00098482953,0.11654733,0.00049701789,,0.00099001733,0.00074294205,0,0,0,0,0,0,0,0,0,0,0.0045745654
2005-12-26,0,0,0.69081617,-0.0035912822,0.11712135,0.012750455,,0.025500911,0.0030158188,0,0,0,0,0,0,0,0,0,0,0.012750455
2005-12-27,0,0,0.56477938,0.0026859978,0.11736593,0.0026111791,,0.0052125753,0.0024325395,0,0,0,0,0,0,0,0,0,0,0.0044964029
2005-12-28,0,0,-1.8040576,0.018220549,0.10484971,0.0021097046,,0.0042067794,0.0069738196,0,0,0,0,0,0,0,0,0,0,0.0051273704
2005-12-29,0,0,0.12783235,0.012184226,0.10375878,0.005406714,,0.010776902,0.0049844237,0,0,0,0,0,0,0,0,0,0,0.0088259109
2006-01-02,1,0,2.0997232,0.020975809,0.10425235,-0.0060322248,,-0.011931863,0.0028123067,0,-0,0,-0,0,-0,0,-0,2,0.0052246133,0.0051368489
2006-01-03,0,0,0.3961252,-0.00090802518,0.10443504,0.00095877277,,0.0019186186,0.00067155409,0,0,0,0,0,0,0,0,0,0,0.00039926535
2006-01-04,0,0,-0.99627162,0.0025111765,0.10438614,-0.0063824758,,-0.012603081,-0.0036550922,0,-0,0,-0,0,-0,0,-0,0,-0,0.0065453384
2006-01-05,0,0,-0.4013171,0.0070989822,0.10444256,-0.013667426,,-0.027077498,-0.0082635461,0,-0,0,-0,0,-0,0,-0,0,-0,-0.0042030135
2006-01-06,0,0,0.57519425,-0.0022591907,0.10877109,0.010108246,,0.020205234,0.0085875202,0,0,0,0,0,0,0,0,0,0,0.010671339
2006-01-09,0,0,-0.56159401,0.00025220633,0.11264006,-0.0082223962,,-0.016343684,-0.0090684254,0,-0,0,-0,0,-0,0,-0,0,-0,-0.0020486959
2006-01-10,0,0,-0.044612403,0.00035376594,0.11034068,-0.011496968,,-0.022932538,-0.010722971,0,-0,0,-0,0,-0,0,-0,0,-0,-0.0088432689
2006-01-11,0,0,-0.67401389,0.0013046122,0.11009088,-0.00063729786,,-0.0012745957,0,0,-0,0,-0,0,-0,0,-0,0,0,-0.00063729786
2006-01-12,0,0,0.068781957,0.0051220762,0.11097145,-0.0030025284,,-0.0059528472,0.0017844198,0,-0,0,-0,0,-0,0,-0,0,0,0.0058190514
2006-01-13,0,0,0.4041987,-0.0040785772,0.1100105,0.016120022,,0.032465445,0.014006696,0,0,0,0,0,0,0,0,0,0,0.0091139642
2006-01-16,0,0,0.85151629,-0.0011029149,0.11456964,-0.0015620119,,-0.0031067961,-0.0009312007,0,-0,0,-0,0,-0,0,-0,0,-0,0.0040053405
2006-01-17,0,0,0.11525677,-0.0021334111,0.099498239,-0.012753306,,-0.0255126,-0.023819954,0,-0,0,-0,0,-0,0,-0,0,-0,-0.012984981
2006-01-18,0,0,-1.8432823,0.010727064,0.12886358,-0.025260977,,-0.050801282,-0.017022961,0,-0,0,-0,0,-0,0,-0,0,-0,-0.030591219
2006-01-19,1,0,1.5800594,0.0031337701,0.16038526,0.00065109465,,0.0012963863,0.0030965078,0,0,0,0,0,0,0,0,2,0.0057930157,0.0051504251
2006-01-20,0,0,0.37222345,-0.0031583471,0.15719635,-0.024404086,,-0.048654328,-0.030902068,0,-0,0,-0,0,-0,0,-0,0,-0,-0.021309475
2006-01-23,0,0,0.2757293,-0.013565394,0.18070053,0.014783798,,0.030428282,-0.0030258084,0,0,0,0,0,0,0,0,0,-0,-0.013130558
2006-01-24,1,1,1.6818408,-0.0018140983,0.18477939,0.014673822,,0.029222677,0.014168487,1.6235577,0.023245873,2,0.028722677,2,0.028722677,1,0.014173822,2,0.027936974,0.019031579
2006-01-25,1,1,2.2003511,-0.0034150385,0.20207198,0.0058273145,,0.011575772,-0.00023046785,1.4846195,0.0081131293,2,0.011075772,0,0,1,0.0053273145,2,-0.0008609357,0.012726221
2006-01-26,1,1,1.6598562,-0.0025676804,0.20481081,0.00081479671,,0.0016272069,0.0014903984,1.4647665,0.00069237771,2,0.0011272069,2,0.0011272069,1,0.00031479671,2,0.0025807968,0.0022847817
2006-01-27,1,1,1.4048229,-0.0046284079,0.20575277,0.020072551,,0.039754131,0.011036278,1.4580606,0.028587907,2,0.039254131,2,0.039254131,1,0.019572551,2,0.021672556,0.030204347
2006-01-31,0,0,-0.90759508,-0.00083016975,0.21985458,0.0045799116,,0.0091525959,0.0066310041,0,0,0,0,0,0,0,0,0,0,0.0053737948
2006-02-01,0,0,-1.4076718,0.0055197799,0.22271747,-0.012670182,,-0.025370312,-0.0074136009,0,-0,0,-0,0,-0,0,-0,0,-0,-0.013834303
2006-02-02,1,1,1.6440698,-0.0043706766,0.22878429,-0.0025410943,,-0.0050632911,-0.008912656,1.3112789,-0.0038262008,2,-0.0055632911,2,-0.0055632911,1,-0.0030410943,2,-0.018225312,0.0011956002
2006-02-03,0,0,-1.7399924,0.0071544981,0.22758995,-0.025651303,,-0.05165873,-0.017804323,0,-0,0,-0,0,-0,0,-0,0,-0,-0.032322267
2006-02-06,0,0,-0.59444165,0.0011453623,0.2494174,0.0063552328,,0.012751511,0.011003086,0,0,0,0,0,0,0,0,0,0,0.0031262855
2006-02-07,0,0,-0.46621738,-0.00096041107,0.24623629,-0.007366181,,-0.014702279,-0.0073131406,0,-0,0,-0,0,-0,0,-0,0,-0,-0.0053309276
2006-02-08,0,0,0.042749108,0.0016851569,0.24695508,-0.016951956,,-0.034002322,-0.012011662,0,-0,0,-0,0,-0,0,-0,0,-0,-0.019788918
2006-02-09,1,1,1.2605183,-0.0059342189,0.25207993,0.0032516258,,0.006446281,-0.0033236152,1.1900987,0.0033589257,2,0.005946281,2,0.005946281,1,0.0027516258,2,-0.0070472303,0.012197174
2006-02-10,1,0,1.6655765,0.0014437412,0.25531684,0.0046238956,,0.0091886127,0.0045375218,0,0,0,0,0,0,0,0,2,0.0086750436,0.011136043
2006-02-13,0,0,-0.083556867,0.00078222674,0.25773285,-0.020670987,,-0.041260745,-0.014669362,0,-0,0,-0,0,-0,0,-0,0,-0,-0.018739213
2006-02-14,0,0,-0.78308156,-0.011031035,0.2550921,0.021994755,,0.044433051,0.010359644,0,0,0,0,0,0,0,0,0,0,0.011893793
2006-02-15,0,0,0.48593428,-0.0019998603,0.25605499,-0.025935653,,-0.051436478,-0.029689842,0,-0,0,-0,0,-0,0,-0,0,-0,-0.017630991
2006-02-16,0,0,-0.24364199,0.0010888675,0.25308698,0.0085743107,,0.017108353,0.0059241706,0,0,0,0,0,0,0,0,0,0,0.010953825
2006-02-17,0,0,0.59439567,-0.00022914936,0.24186811,0.0087014171,,0.017303889,0.0064214828,0,0,0,0,0,0,0,0,0,0,0.014502417
2006-02-20,0,0,0.72008068,0.0084844987,0.24749817,0,,0,0.0086815604,0,0,0,0,0,0,0,0,0,0,0.0094479132
2006-02-21,0,0,0.16855849,0.0039159967,0.23332841,-0.0082544307,,-0.016415869,-0.0029789184,0,-0,0,-0,0,-0,0,-0,0,-0,-0.0026043786
2006-02-22,0,0,0.12945906,-0.0062715913,0.22568645,0.0012313249,,0.0024774961,-0.0033937302,0,0,0,0,0,0,0,0,0,-0,-0.0047327621
2006-02-23,0,0,-0.27461223,-0.00038297761,0.21315701,0.01123504,,0.022313849,0.010843996,0,0,0,0,0,0,0,0,0,0,0.018365172
2006-02-24,1,1,1.2596554,-0.0020314517,0.21848423,0.0010461935,,0.0020915453,0.0019817677,1.3730968,0.00093621088,2,0.0015915453,2,0.0015915453,1,0.00054619347,2,0.0035635355,0.0014491587
2006-02-27,0,0,-0.83206585,-0.00032528267,0.2177671,0.0076329744,,0.015257368,0.0072959674,0,0,0,0,0,0,0,0,0,0,0.0082000161
2006-02-28,0,0,-0.67681919,0.00064499726,0.203474,-0.004614895,,-0.009210004,-0.005157818,0,-0,0,-0,0,-0,0,-0,0,-0,-0.0024718922
2006-03-02,1,1,1.5788005,-0.0027982457,0.19930672,-0.0047923323,,-0.0095770152,-0.0081323612,1.5052177,-0.0077096387,2,-0.010077015,2,-0.010077015,1,-0.0052923323,2,-0.016664722,-0.0039968026
2006-03-03,0,0,-0.46727139,-0.00086473047,0.19320257,-0.028086271,,-0.056326662,-0.02747564,0,-0,0,-0,0,-0,0,-0,0,-0,-0.030738363
2006-03-06,0,0,0.96651007,-0.00096198623,0.21898406,0.010812149,,0.021554916,0.0094640887,0,0,0,0,0,0,0,0,0,0,0.014076343
2006-03-07,0,0,-0.5193377,-0.0016382694,0.19819247,-0.01390832,,-0.028038158,-0.015337423,0,-0,0,-0,0,-0,0,-0,0,-0,-0.021637952
2006-03-08,0,0,-2.8773808,0.0053096558,0.21156611,0.0014259352,,0.0028662957,0.0083754084,0,0,0,0,0,0,0,0,0,0,-0.0035887164
2006-03-09,0,0,-0.79071487,-9.4064911e-05,0.21029602,0.0038487282,,0.0076890932,-0.0032406316,0,0,0,0,0,0,0,0,0,-0,0.0049417874
2006-03-10,1,0,1.9097954,0.0019907012,0.20155649,-0.00083444593,,-0.0016708438,0.0032387234,0,-0,0,-0,0,-0,0,-0,2,0.0060774467,-0.0020003334
2006-03-13,0,0,0.88433613,-0.0029357103,0.20066072,0.0051320255,,0.010173942,0.0045338293,0,0,0,0,0,0,0,0,0,0,0.014113913
2006-03-14,0,0,-0.33656108,-0.0017093435,0.20399887,-0.0079828821,,-0.015955259,-0.011382678,0,-0,0,-0,0,-0,0,-0,0,-0,-0.0073293255
2006-03-15,0,0,-0.12755114,-0.0019817085,0.2025196,0.0017335315,,0.0034499754,-0.0017961643,0,0,0,0,0,0,0,0,0,-0,0.0067197611
2006-03-16,0,0,0.39517812,-0.0026856185,0.20284737,-0.0040256326,,-0.0080268654,-0.0035205171,0,-0,0,-0,0,-0,0,-0,0,-0,-0.00098887515
2006-03-17,0,0,-1.5862104,0.00044730065,0.18901985,0.0076026775,,0.015233049,0.0080185938,0,0,0,0,0,0,0,0,0,0,0.0057741483
2006-03-20,0,0,-0.79019494,0.011378526,0.18741235,-0.0072216813,,-0.014291449,0.005191509,0,-0,0,-0,0,-0,0,-0,0,0,0.0034445994
2006-03-21,0,0,0.17784147,-0.0022337884,0.1803638,-0.0085078534,,-0.017031033,-0.0082611439,0,-0,0,-0,0,-0,0,-0,0,-0,-0.0093992644
2006-03-22,0,0,-1.1353717,-0.0053248931,0.17849677,-0.0081809834,,-0.016556851,-0.013059701,0,-0,0,-0,0,-0,0,-0,0,-0,-0.019719472
2006-03-23,0,0,0.93159628,-0.0054993501,0.19268851,-0.0036052654,,-0.007182828,-0.0066155377,0,-0,0,-0,0,-0,0,-0,0,-0,0.000252504
2006-03-24,0,0,0.19770272,-0.0016950631,0.19272836,0.010518344,,0.021036688,0.0073698485,0,0,0,0,0,0,0,0,0,0,0.010518344
2006-03-27,0,0,-1.2137456,0.001394509,0.18357024,0.010353177,,0.020761825,0.011912446,0,0,0,0,0,0,0,0,0,0,0.007660921
2006-03-28,0,0,-0.51477047,8.7127379e-05,0.18639878,0.0038904064,,0.0077937153,0.0036598118,0,0,0,0,0,0,0,0,0,0,0.0022312206
2006-03-29,0,0,-1.5137823,0.0023999784,0.18461222,0.0063958801,,0.012887029,0.010752688,0,0,0,0,0,0,0,0,0,0,-0.00098944591
2006-03-30,0,0,-0.56570207,-0.0023015065,0.18463254,0,,0,-0.00097824836,0,0,0,0,0,0,0,0,0,-0,0.00420931
2006-03-31,0,0,0.20138451,0.0011398717,0.1852601,0.018201197,,0.036313078,0.014976096,0,0,0,0,0,0,0,0,0,0,0.020711761
2006-04-03,1,0,1.0546012,0.0077709375,0.16008179,0.0056895585,,0.011324667,0.01382828,0,0,0,0,0,0,0,0,2,0.02725656,0.010548353
2006-04-04,0,0,-0.70436554,-0.0014434005,0.16261493,0.0052656774,,0.010544815,0.0047507266,0,0,0,0,0,0,0,0,0,0,0.0039840637
2006-04-05,0,0,-0.832199,-0.00077157578,0.13843853,-0.0010296214,,-0.0020550111,-0.0017195474,0,-0,0,-0,0,-0,0,-0,0,-0,0.001031746
2006-04-06,0,0,0.60542227,-0.0022333769,0.13736065,0.0035525381,,0.0070749155,-0.0001656269,0,0,0,0,0,0,0,0,0,-0,0.0078490446
2006-04-07,0,0,0.32116445,0.00036526483,0.13565249,0.0018087449,,0.0036163522,0.0043048733,0,0,0,0,0,0,0,0,0,0,0.0021239773
2006-04-10,0,0,0.33807346,0.0049263449,0.13507865,-0.0029829657,,-0.0059659314,0.0024881124,0,-0,0,-0,0,-0,0,-0,0,0,-0.0029829657
2006-04-11,0,0,-1.1030425,0.002381337,0.13059537,-0.0092075234,,-0.018406356,-0.0070212295,0,-0,0,-0,0,-0,0,-0,0,-0,-0.0087394693
2006-04-12,0,0,-0.68471722,0.00039588429,0.12988449,0.0065620999,,0.013223674,0.0050496549,0,0,0,0,0,0,0,0,0,0,-0.00095313741
2006-04-13,0,0,-0.53646457,0.000242756,0.12999248,0.013059404,,0.026160472,0.015632851,0,0,0,0,0,0,0,0,0,0,0.011448561
2006-04-14,0,0,0.58068169,-0.003749915,0.13860009,0.023076923,,0.046088729,0.017091208,0,0,0,0,0,0,0,0,0,0,0.024524446
2006-04-17,0,0,0.18969181,-3.1506912e-05,0.15261211,-0.0085161884,,-0.017032377,-0.0088733531,0,-0,0,-0,0,-0,0,-0,0,-0,-0.0085161884
2006-04-18,0,0,-1.0441823,0.0010583222,0.15727721,0.011111111,,0.022314114,0.0084537769,0,0,0,0,0,0,0,0,0,0,0.0069643272
2006-04-19,0,0,-0.18727192,0.0026989856,0.15198551,-0.0081115912,,-0.016007181,-0.0056563501,0,-0,0,-0,0,-0,0,-0,0,-0,0.0054560824
2006-04-20,0,0,-0.30838824,0.0020908762,0.12271157,-0.0082279445,,-0.016403402,-0.0039123211,0,-0,0,-0,0,-0,0,-0,0,-0,-0.005044329
2006-04-21,0,0,0.73886772,-0.0042212731,0.12526008,0.012491379,,0.024923547,0.0081962822,0,0,0,0,0,0,0,0,0,0,0.014902443
2006-04-24,0,0,-0.96103324,3.0273436e-05,0.12823101,-0.014645621,,-0.029367012,-0.012252943,0,-0,0,-0,0,-0,0,-0,0,-0,-0.01718135
2006-04-25,0,0,-0.57999609,0.00068397874,0.14475094,0.00030804775,,0.00061609549,0.0037870591,0,0,0,0,0,0,0,0,0,0,0.00030804775
2006-04-26,1,1,1.3953198,-0.0029306313,0.14501004,0.01740872,,0.034836224,0.013179838,2,0.034336224,2,0.034336224,2,0.034336224,1,0.01690872,2,0.025959675,0.01686042
2006-04-27,0,0,-0.19046124,0.0064129314,0.15020756,-0.0025546623,,-0.0050708427,-0.0021186441,0,-0,0,-0,0,-0,0,-0,0,-0,0.0050726832
2006-04-28,0,0,-2.9841289,0.011665467,0.15087018,-0.024256121,,-0.048512241,-0.016034206,0,-0,0,-0,0,-0,0,-0,0,-0,-0.024256121
2006-05-02,0,0,0.56567516,0.0004057912,0.17291249,0.014862982,,0.029806722,0.011079129,0,0,0,0,0,0,0,0,0,0,0.012120744
2006-05-03,0,0,-0.47035151,-0.002086436,0.16951002,-0.00068576653,,-0.0013700715,-0.0047613952,0,-0,0,-0,0,-0,0,-0,0,-0,0.00038138825
2006-05-04,0,0,0.91833569,-0.0012379851,0.16943247,0.0052679798,,0.010549652,0.0040272781,0,0,0,0,0,0,0,0,0,0,0.0039649257
2006-05-08,0,0,0.45142373,-0.0049048476,0.16982056,0.0015065913,,0.0029888665,-0.0034311655,0,0,0,0,0,0,0,0,0,-0,0.0097212729
2006-05-09,0,0,-0.12997333,0.00047519686,0.171388,-0.0017295834,,-0.0034583866,-0.0012715232,0,-0,0,-0,0,-0,0,-0,0,-0,-0.0015043249
2006-05-10,0,0,-0.60487111,0.00095531267,0.17154327,-0.002787194,,-0.0055743879,0.0015398503,0,-0,0,-0,0,-0,0,-0,0,0,-0.002787194
2006-05-11,0,0,-0.42421665,-0.0011843016,0.17041662,0.0099690356,,0.019933555,0.010358566,0,0,0,0,0,0,0,0,0,0,0.010197915
2006-05-12,0,0,-0.53472412,0.0031624783,0.16625301,-0.0085058336,,-0.017125104,-0.004200787,0,-0,0,-0,0,-0,0,-0,0,-0,-0.015030285
2006-05-15,0,0,-2.0247103,0.0087630577,0.17768439,-0.015284677,,-0.030773965,-0.0072121902,0,-0,0,-0,0,-0,0,-0,0,-0,-0.021788643
2006-05-16,0,0,-0.44052298,0.0014593575,0.1906842,-0.027414234,,-0.054709837,-0.02356535,0,-0,0,-0,0,-0,0,-0,0,-0,-0.025300737
2006-05-17,1,1,1.3344179,-0.0037382662,0.19105255,0.015092541,,0.030113321,0.010961496,1.5702486,0.023158119,2,0.029613321,2,0.029613321,1,0.014592541,2,0.021522991,0.017517318
2006-05-18,0,0,-4.908514,0.010584519,0.19871201,0.0063851864,,0.013030377,0.005219562,0,0,0,0,0,0,0,0,0,0,-0.013303075
2006-05-19,1,0,1.2506354,0.0016213665,0.21568507,0.0022437695,,0.0045347801,0.0045729126,0,0,0,0,0,0,0,0,2,0.0087458251,-0.0080894599
2006-05-22,0,0,-0.40876095,-0.0038329409,0.21392058,-0.023518119,,-0.047058824,-0.027014909,0,-0,0,-0,0,-0,0,-0,0,-0,-0.023986568
2006-05-23,0,0,-2.3358256,0.0016071329,0.22795983,0.0079404467,,0.016036081,0.0065245252,0,0,0,0,0,0,0,0,0,0,-0.0017203244
2006-05-24,0,0,0.17229538,0.004674758,0.22009408,0.0032017076,,0.0064060447,0.0056851143,0,0,0,0,0,0,0,0,0,0,0.002790087
2006-05-25,0,0,-0.74375439,0.0014046162,0.21787497,-0.026414786,,-0.052795031,-0.028286094,0,-0,0,-0,0,-0,0,-0,0,-0,-0.025777414
2006-05-26,1,1,1.4682757,-0.0016557963,0.23552085,0.01005568,,0.019899679,0.004912568,1.2737726,0.012250697,2,0.019399679,2,0.019399679,1,0.0095556802,2,0.009425136,0.020915582
2006-05-29,0,0,0.80897273,-0.00068583665,0.24265275,-0.0063037249,,-0.012544803,-0.003865905,0,-0,0,-0,0,-0,0,-0,0,-0,-0.001316439
2006-05-30,0,0,-0.2668164,-0.0023522618,0.24429798,-0.0044466403,,-0.0088888889,-0.009154644,0,-0,0,-0,0,-0,0,-0,0,-0,-0.003954523
2006-06-01,0,0,-0.23742249,-0.0039456992,0.23525071,-0.0091973244,,-0.018596788,-0.010657089,0,-0,0,-0,0,-0,0,-0,0,-0,-0.019851117
2006-06-02,0,0,0.74256257,-0.0030314982,0.23330013,-0.0040802731,,-0.0080539119,-0.0031106937,0,-0,0,-0,0,-0,0,-0,0,-0,0.0092827004
2006-06-05,0,0,0.85929473,-0.0049144311,0.23964085,-0.0095937265,,-0.019144332,-0.011591827,0,-0,0,-0,0,-0,0,-0,0,-0,-0.0073578595
2006-06-07,0,0,-1.5774544,0.0027738473,0.23700717,-0.008914031,,-0.01814692,-0.0064152999,0,-0,0,-0,0,-0,0,-0,0,-0,-0.026027628
2006-06-08,0,0,-0.32202669,-0.00044273261,0.24327262,-0.031415891,,-0.063227953,-0.031307438,0,-0,0,-0,0,-0,0,-0,0,-0,-0.037447029
2006-06-09,1,1,2.494197,-0.0049656369,0.2644883,0.0031236055,,0.0062056738,-0.0019384692,1.1342657,0.0030374214,2,0.0057056738,2,0.0057056738,1,0.0026236055,2,-0.0042769385,0.0098831986
2006-06-12,0,0,-0.3333977,0.0013700491,0.27041993,0.0041053101,,0.0082363474,0.007173872,0,0,0,0,0,0,0,0,0,0,0.00097864769
2006-06-13,0,0,-2.6043265,0.0060150922,0.26656564,-0.015654521,,-0.031696876,-0.0096846129,0,-0,0,-0,0,-0,0,-0,0,-0,-0.027553106
2006-06-14,0,0,0.23476731,0.00071490294,0.27535643,0.023574915,,0.047508583,0.023029517,0,0,0,0,0,0,0,0,0,0,0.015903482
2006-06-15,0,0,0.86077316,-0.0013027608,0.28294854,-0.010372887,,-0.020620389,-0.010749984,0,-0,0,-0,0,-0,0,-0,0,-0,-0.0043184885
2006-06-16,0,0,0.67394498,0.0020350754,0.27776581,0.011456773,,0.022361744,0.013551315,0,0,0,0,0,0,0,0,0,0,0.037047077
2006-06-19,0,0,-0.85501465,0.0057817851,0.3077679,-0.011327002,,-0.022654004,-0.0019739683,0,-0,0,-0,0,-0,0,-0,0,-0,-0.011327002
2006-06-20,0,0,0.46602789,-0.0036497078,0.29918808,-0.018257556,,-0.036723416,-0.014917951,0,-0,0,-0,0,-0,0,-0,0,-0,-0.023794836
2006-06-21,0,0,0.49487605,-0.0024197296,0.30257234,-0.00080724729,,-0.0016041351,-0.0017620036,0,-0,0,-0,0,-0,0,-0,0,-0,0.0056874605
2006-06-22,1,1,1.6280101,-0.0019432464,0.29497558,-0.00026560425,,-0.00052401747,-0.0058951288,1.0170334,-0.00077000589,2,-0.0010240175,2,-0.0010240175,1,-0.00076560425,2,-0.012190258,0.013644524
2006-06-23,0,0,-1.7548218,0.0069946456,0.29925422,-0.0003568561,,-0.00071903649,0.0023974763,0,-0,0,-0,0,-0,0,-0,0,0,-0.0077045696
2006-06-26,0,0,-0.25233972,0.0040268037,0.29850714,0.012062187,,0.024152429,0.0091350091,0,0,0,0,0,0,0,0,0,0,0.010887996
2006-06-27,0,0,0.25663215,0.0017520696,0.28642392,-0.002372375,,-0.0047223437,0.0011167639,0,-0,0,-0,0,-0,0,-0,0,0,0.002383685
2006-06-28,0,0,-2.5194786,0.0042908238,0.27582148,0.0010687567,,0.0021617727,0.0098984932,0,0,0,0,0,0,0,0,0,0,-0.010040514
2006-06-29,0,0,0.30330751,0.00024266996,0.27466489,0.012837422,,0.025378064,0.012336495,0,0,0,0,0,0,0,0,0,0,0.024822064
2006-06-30,0,0,0.44238782,-0.0037302592,0.28547208,0.0053703862,,0.010550113,0.0029348347,0,0,0,0,0,0,0,0,0,0,0.0238736
2006-07-03,0,0,0.1159706,-0.0018897785,0.29539574,0.002550153,,0.0051133458,-5.9758575e-05,0,0,0,0,0,0,0,0,0,-0,0
2006-07-04,0,0,-0.065221262,0.0022860862,0.29260653,-0.013271735,,-0.026298269,-0.01476518,0,-0,0,-0,0,-0,0,-0,0,-0,-0.0039850772
2006-07-05,0,0,-5.3347546,0.0096038236,0.29288711,0.011217534,,0.022745167,0.01633405,0,0,0,0,0,0,0,0,0,0,-0.0023835873
2006-07-06,0,0,-0.32767613,0.010937908,0.27550441,-0.016898524,,-0.033802817,-0.0050517346,0,-0,0,-0,0,-0,0,-0,0,-0,-0.017066303
2006-07-07,1,1,1.2124243,-0.0044846079,0.24307639,0.0069186197,,0.013784785,-0.00054614965,1.2341799,0.0080265377,2,0.013284785,2,0.013284785,1,0.0064186197,2,-0.0014922993,0.010764823
2006-07-10,0,0,-0.21895085,-0.00069753369,0.24234968,0.026989619,,0.054369609,0.028293816,0,0,0,0,0,0,0,0,0,0,0.01966847
2006-07-11,0,0,-1.2346683,-0.0019432787,0.25255315,0.0038016389,,0.0076258261,0.004053168,0,0,0,0,0,0,0,0,0,0,0.00084231806
2006-07-12,0,0,-0.54646016,-0.00082348259,0.22375528,-0.0026888497,,-0.0053691275,-0.0052718872,0,-0,0,-0,0,-0,0,-0,0,-0,-0.0010940919
2006-07-13,0,0,-0.23587038,-0.00070378769,0.22156617,-0.0017069216,,-0.0034587116,0.00096275347,0,-0,0,-0,0,-0,0,-0,0,0,-0.014491533
2006-07-14,0,0,-1.9916425,0.002781587,0.22537153,-0.0090987868,,-0.018448564,-0.0047820489,0,-0,0,-0,0,-0,0,-0,0,-0,-0.022398906
2006-07-18,0,0,-1.5365352,0.00011468201,0.20829409,-0.0014135524,,-0.0028563778,-0.0047366781,0,-0,0,-0,0,-0,0,-0,0,-0,-0.011543507
2006-07-19,0,0,-0.030830329,0.0025483046,0.21452842,-0.0034455341,,-0.006881341,-0.0018742971,0,-0,0,-0,0,-0,0,-0,0,-0,-0.002034858
2006-07-20,1,1,1.7429933,-0.0061368249,0.20124116,0.01530701,,0.030044384,0.0076899603,1.4907487,0.022039357,2,0.029544384,2,0.029544384,1,0.01480701,2,0.014979921,0.034929078
2006-07-21,0,0,-0.60360984,-0.001581831,0.23290463,0.0091989933,,0.018642279,0.0094212651,0,0,0,0,0,0,0,0,0,0,-0.0038547199
2006-07-24,0,0,-1.0411084,0.0025274849,0.23122984,0,,0,0.0040423838,0,0,0,0,0,0,0,0,0,0,-0.006191418
2006-07-25,0,0,-1.237043,0.0060925849,0.23032382,-0.0033961623,,-0.0066672223,0.0027141134,0,-0,0,-0,0,-0,0,-0,0,0,0.015661504
2006-07-26,0,0,-0.6876101,-0.0025052267,0.23351712,0.00017016932,,0.00033990483,-0.0046740173,0,0,0,0,0,0,0,0,0,-0,0.0014482876
2006-07-27,0,0,0.20140788,0.0032215075,0.23282318,0.012565801,,0.02508262,0.013471253,0,0,0,0,0,0,0,0,0,0,0.014547001
2006-07-28,0,0,0.09914066,0.00070138893,0.2347241,0.0032008086,,0.0064308682,0.0030351723,0,0,0,0,0,0,0,0,0,0,-0.0013416066
2006-07-31,0,0,0.29335549,0.0012906573,0.22621444,-0.011914612,,-0.023487196,-0.013465254,0,-0,0,-0,0,-0,0,-0,0,-0,0.0026868178
2006-08-01,0,0,-0.030702106,0.0038561493,0.20811334,-0.012207358,,-0.024378026,-0.0071874072,0,-0,0,-0,0,-0,0,-0,0,-0,-0.010718473
2006-08-02,0,0,-0.070542474,0.00049089251,0.21029168,0.0061089428,,0.012246981,0.010873483,0,0,0,0,0,0,0,0,0,0,0.0037243948
2006-08-03,0,0,0.1401973,-0.0033458143,0.20984086,-0.0020962603,,-0.004168751,-0.0079744817,0,-0,0,-0,0,-0,0,-0,0,-0,0.0036262439
2006-08-04,0,0,0.13460827,0.0015586923,0.20940174,0.0088028169,,0.017565872,0.0070627337,0,0,0,0,0,0,0,0,0,0,0.011091505
2006-08-07,0,0,0.78421484,-0.0023957508,0.20598163,-0.013379872,,-0.026759744,-0.015275248,0,-0,0,-0,0,-0,0,-0,0,-0,-0.013379872
2006-08-08,0,0,0.79842639,-0.0020352079,0.21074003,0.01525881,,0.030543368,0.017102676,0,0,0,0,0,0,0,0,0,0,0.014403639
2006-08-09,0,0,-0.087282213,-0.0016878962,0.2066578,0.0081442699,,0.016302088,0.0055238879,0,0,0,0,0,0,0,0,0,0,0.0073071494
2006-08-10,0,0,0.14266452,-0.00028953456,0.20674773,-0.002978653,,-0.0059795698,-0.0067995311,0,-0,0,-0,0,-0,0,-0,0,-0,-0.0066771082
2006-08-11,0,0,0.29880998,0.0024404692,0.20977364,-0.019475161,,-0.038732972,-0.01677321,0,-0,0,-0,0,-0,0,-0,0,-0,-0.013941909
2006-08-14,1,1,1.4409619,-0.0024034671,0.21053848,0.0031129059,,0.0062237174,0.00047587889,1.4249177,0.0039347446,2,0.0057237174,2,0.0057237174,1,0.0026129059,2,0.00055175778,0.0034505975
2006-08-16,0,0,-0.39663748,-0.004545548,0.18941454,0.005238214,,0.010386613,0.0034031567,0,0,0,0,0,0,0,0,0,0,0.014006542
2006-08-17,0,0,0.02746575,-0.0034792162,0.18374243,0.003448559,,0.0068470818,0.001450116,0,0,0,0,0,0,0,0,0,0,0.010835401
2006-08-18,0,0,-0.11605975,-0.0022807103,0.18459405,0.0028620492,,0.0057203563,0.001329941,0,0,0,0,0,0,0,0,0,0,0.0035185337
2006-08-21,0,0,-0.61229767,0.0030448867,0.14798516,-0.011605259,,-0.023101777,-0.0086475268,0,-0,0,-0,0,-0,0,-0,0,-0,-0.0069308545
2006-08-22,0,0,0.71851068,-0.00032974463,0.15139926,0.011170431,,0.022348205,0.010699541,0,0,0,0,0,0,0,0,0,0,0.010838328
2006-08-23,0,0,-0.93122328,0.0014071897,0.15078568,-0.0086185869,,-0.017254008,-0.0062853189,0,-0,0,-0,0,-0,0,-0,0,-0,-0.0095849241
2006-08-24,0,0,0.34992115,-0.0017993416,0.14996163,-0.0037844508,,-0.0075926384,-0.0050017448,0,-0,0,-0,0,-0,0,-0,0,-0,-0.0068891987
2006-08-25,0,0,-0.36412679,0.0009900391,0.15316242,0.010045286,,0.020031196,0.0093392482,0,0,0,0,0,0,0,0,0,0,0.013048146
2006-08-28,0,0,0.1050911,0.0022632398,0.14940522,-0.0035019138,,-0.0069969897,-0.0019655451,0,-0,0,-0,0,-0,0,-0,0,-0,-0.0025271052
2006-08-29,0,0,0.25533235,-0.0019990909,0.14971937,0.0081400081,,0.01621534,0.005754071,0,0,0,0,0,0,0,0,0,0,0.012177182
2006-08-30,0,0,-0.31473172,-0.0010963892,0.15475673,-0.0052474368,,-0.010493179,-0.0048568653,0,-0,0,-0,0,-0,0,-0,0,-0,-0.0050867985
2006-08-31,0,0,0.94179574,-0.0018192577,0.15167878,0.0057336671,,0.011411122,0.0020562029,0,0,0,0,0,0,0,0,0,0,0.010712547
2006-09-01,0,0,0.5156506,-0.0027340624,0.15193279,0.0020127204,,0.004036164,0.0014795425,0,0,0,0,0,0,0,0,0,0,-0.0006423639
2006-09-04,0,0,-0.093970925,-0.0021928525,0.15118695,-0.0019980818,,-0.0039751948,-0.0036729389,0,-0,0,-0,0,-0,0,-0,0,-0,0.0032942311
2006-09-05,0,0,0.1773236,-0.00061635998,0.14822233,0.0022405377,,0.0044774926,0.0010194257,0,0,0,0,0,0,0,0,0,0,0.0030431649
2006-09-06,0,0,-0.34784998,0.00081508136,0.13845836,-0.0056623335,,-0.011312037,-0.004069866,0,-0,0,-0,0,-0,0,-0,0,-0,-0.0045508982
2006-09-07,1,1,1.2030338,-0.0042105251,0.12682139,0.003070459,,0.0061869098,-0.00034189982,2,0.0056869098,2,0.0056869098,2,0.0056869098,1,0.002570459,2,-0.0010837996,-0.0043310876
2006-09-08,0,0,-0.071719555,0.0027012191,0.12848718,0.0051629558,,0.010340927,0.0061820263,0,0,0,0,0,0,0,0,0,0,0.0037054938
2006-09-11,0,0,-0.65794252,0.0014756799,0.12168852,-0.020100905,,-0.040115071,-0.017380438,0,-0,0,-0,0,-0,0,-0,0,-0,-0.017977528
2006-09-12,0,0,-0.24038451,0.00092441853,0.12994981,-0.0057935537,,-0.011569171,-0.0042769622,0,-0,0,-0,0,-0,0,-0,0,-0,-0.0042497548
2006-09-13,0,0,-0.046710717,-0.002222826,0.13136591,-0.0055334039,,-0.010973051,-0.0064349325,0,-0,0,-0,0,-0,0,-0,0,-0,0.0030367695
2006-09-14,0,0,-1.0286499,0.0005580914,0.11845154,0.015196078,,0.030345053,0.019599907,0,0,0,0,0,0,0,0,0,0,0.016774405
2006-09-15,0,0,-0.53636702,-0.0018090463,0.1333102,0.0058804575,,0.011772295,0.0037531987,0,0,0,0,0,0,0,0,0,0,0.0049090616
2006-09-18,0,0,-0.94406101,0.0014451256,0.13311784,0.010166507,,0.020324878,0.010772196,0,0,0,0,0,0,0,0,0,0,0.010570994
2006-09-19,0,0,-0.23470945,-0.0021839797,0.13329719,0.0023034154,,0.0046174668,-0.00050445603,0,0,0,0,0,0,0,0,0,-0,0
2006-09-20,0,0,-0.95030495,-0.0012674694,0.12912859,0.001676379,,0.0033775633,0.00022560632,0,0,0,0,0,0,0,0,0,0,-0.0056264363
2006-09-21,0,0,-0.21617369,0.0058755701,0.12649868,-0.010878133,,-0.021522146,-0.005217684,0,-0,0,-0,0,-0,0,-0,0,-0,0
2006-09-22,0,0,-0.38116517,0.0013309631,0.12245846,-0.0099303275,,-0.019958152,-0.0069231642,0,-0,0,-0,0,-0,0,-0,0,-0,-0.014743385
2006-09-25,0,0,0.53827977,-0.0035493441,0.12839385,0.010532286,,0.021098758,0.0056558501,0,0,0,0,0,0,0,0,0,0,0.0088975168
2006-09-26,0,0,-1.1820007,0.00087728746,0.12941051,-0.0081463142,,-0.016230408,-0.012444847,0,-0,0,-0,0,-0,0,-0,0,-0,-0.0043293514
2006-09-27,0,0,-0.37663561,-0.00036400433,0.1259257,0.0079671656,,0.01592536,0.0062055223,0,0,0,0,0,0,0,0,0,0,0.0085353088
2006-09-28,0,0,0.34915326,-0.00088567887,0.1325098,0.0038286671,,0.007650012,0.0063244678,0,0,0,0,0,0,0,0,0,0,0.0047904192
2006-09-29,0,0,0.12811026,-0.0045175212,0.13319003,0.0006347695,,0.0012677284,-0.0034700845,0,0,0,0,0,0,0,0,0,-0,0.0020659515
2006-10-02,0,0,0.23146317,-0.0005722318,0.13302832,0,,0,0.0030914507,0,0,0,0,0,0,0,0,0,0,-0.00095155023
2006-10-04,0,0,-1.3337257,0.0018318701,0.13309068,-0.016523673,,-0.03307625,-0.010822999,0,-0,0,-0,0,-0,0,-0,0,-0,-0.017382332
2006-10-09,0,0,-1.8903598,-0.0032572116,0.14633134,-0.022009029,,-0.043933054,-0.025195778,0,-0,0,-0,0,-0,0,-0,0,-0,-0.020113086
2006-10-10,0,0,0.50770649,-0.0024147686,0.16374127,0.0093088393,,0.018605417,0.002727642,0,0,0,0,0,0,0,0,0,0,0.0099744456
2006-10-11,0,0,-2.5671369,0.00756002,0.16514443,0.0044258667,,0.0088888889,0.0060652009,0,0,0,0,0,0,0,0,0,0,0.00024485798
2006-10-12,0,0,0.58794239,0.0082003409,0.16485433,0.0021164021,,0.0042224929,0.0032456242,0,0,0,0,0,0,0,0,0,0,0.0045695634
2006-10-13,1,1,1.0932527,-0.00092136271,0.15563409,-0.00024131274,,-0.00047797339,-0.00034191931,1.9275983,-0.00096083875,2,-0.00097797339,2,-0.00097797339,1,-0.00074131274,2,-0.0010838386,0.0095849241
2006-10-16,0,0,0.93754082,-0.0047791138,0.16166429,0.0038541834,,0.0076929241,0.00022666742,0,0,0,0,0,0,0,0,0,0,0.0058733607
2006-10-17,0,0,-0.027927534,-0.0035782475,0.16245918,-0.0043982407,,-0.0087943716,-0.0063849022,0,-0,0,-0,0,-0,0,-0,0,-0,-0.0041593345
2006-10-18,0,0,-0.26846223,-0.00056722851,0.14729124,0.0087096774,,0.017489879,0.0061675518,0,0,0,0,0,0,0,0,0,0,0.0046586345
2006-10-19,0,0,-0.0095593972,-0.0034200617,0.14742938,0.0025682183,,0.0051563004,-0.0019834523,0,0,0,0,0,0,0,0,0,-0,-0.0012791813
2006-10-20,0,0,0.26097634,-0.0014254677,0.1425406,0.0061664131,,0.012337766,0.0048727973,0,0,0,0,0,0,0,0,0,0,0.0057636888
2006-10-23,0,0,0.067609509,-0.0017464301,0.14507795,0.00063673989,,0.0012734798,-0.0016886187,0,0,0,0,0,0,0,0,0,-0,0.00063673989
2006-10-24,0,0,0.02317427,-0.0035942127,0.14373904,-0.0023004918,,-0.0045886076,-0.00554684,0,-0,0,-0,0,-0,0,-0,0,-0,0.0003977092
2006-10-25,0,0,0.27093341,-0.0013317559,0.14375691,0.0027016289,,0.0053998253,0.0023624705,0,0,0,0,0,0,0,0,0,0,0.0033394291
2006-10-26,0,0,-0.50228247,-0.0023964872,0.13562538,0.0022188763,,0.0044377526,0.00011203854,0,0,0,0,0,0,0,0,0,0,0.0022188763
2006-10-27,0,0,-0.55060523,-0.0018259635,0.13442545,-0.004422682,,-0.0088348978,-0.0067575114,0,-0,0,-0,0,-0,0,-0,0,-0,-0.0032418755
2006-10-30,0,0,0.8731837,0.0031179703,0.13138799,-0.0092967819,,-0.018624642,-0.0059870093,0,-0,0,-0,0,-0,0,-0,0,-0,-0.010947168
2006-10-31,0,0,-0.11392969,0.0052348435,0.13007488,0.00055834729,,0.0011105823,0.0045444217,0,0,0,0,0,0,0,0,0,0,0.0060956047
2006-11-01,1,0,1.2592918,0.0022688106,0.12761892,0.0011091745,,0.0022047244,0.0010126013,0,0,0,0,0,0,0,0,2,0.0016252025,0.0073341837
2006-11-02,1,1,1.2228979,-0.00014797571,0.12970154,0.0098529996,,0.019786182,0.0092352742,2,0.019286182,2,0.019286182,2,0.019286182,1,0.0093529996,2,0.018070548,0.0057771447
2006-11-03,0,0,0.15674225,-0.0024807248,0.13199423,0.0018130222,,0.0036326305,-0.0011152002,0,0,0,0,0,0,0,0,0,-0,0
2006-11-06,0,0,-0.45648017,-0.00098450154,0.11595622,-0.00079051383,,-0.0015884362,-0.00056019271,0,-0,0,-0,0,-0,0,-0,0,-0,-0.0054292234
2006-11-07,0,0,-1.0185427,-0.0048981556,0.084262996,0.0035472174,,0.007068803,-0.001502337,0,0,0,0,0,0,0,0,0,-0,0.0071993671
2006-11-08,0,0,0.11238402,-0.00038259119,0.084267847,-0.0060330643,,-0.012035952,-0.007556815,0,-0,0,-0,0,-0,0,-0,0,-0,-0.0035346791
2006-11-09,0,0,-0.13938428,0.0026668423,0.08666463,0.007778127,,0.01550509,0.013301291,0,0,0,0,0,0,0,0,0,0,0.011114615
2006-11-10,0,0,0.15446993,-2.4797274e-06,0.098751156,0.0014052619,,0.0028144789,0.0012738854,0,0,0,0,0,0,0,0,0,0,0
2006-11-13,0,0,0.19785224,0.0030083635,0.09120514,-0.0062785831,,-0.012485549,-0.0020408163,0,-0,0,-0,0,-0,0,-0,0,-0,-0.00054572386
2006-11-14,0,0,0.4548264,-0.0026537441,0.08951826,0.0040435459,,0.0080620155,0.0030261348,0,0,0,0,0,0,0,0,0,0,0.0071762871
2006-11-15,0,0,-0.86144477,-3.5570601e-05,0.090154783,0.0061742687,,0.012305799,0.00016405097,0,0,0,0,0,0,0,0,0,0,0.009680917
2006-11-16,0,0,0.25496726,0.0023536438,0.090306549,-0.007133543,,-0.014267086,-0.0047395947,0,-0,0,-0,0,-0,0,-0,0,-0,-0.007133543
2006-11-17,0,0,0.040303675,-0.0014978204,0.090578295,0.0016203704,,0.0032367448,-0.0013101867,0,0,0,0,0,0,0,0,0,-0,0.0028584672
2006-11-20,0,0,-0.0770364,0.0003942314,0.088481316,-0.0091672444,,-0.018334489,-0.0083547207,0,-0,0,-0,0,-0,0,-0,0,-0,-0.0091672444
2006-11-21,0,0,0.26145511,-0.0012515408,0.093868535,0.0027211942,,0.0054423884,0.0016505282,0,0,0,0,0,0,0,0,0,0,0.0027211942
2006-11-22,0,0,-0.71436706,0.00058606321,0.093967544,0.010855238,,0.021710475,0.012752858,0,0,0,0,0,0,0,0,0,0,0.010855238
2006-11-23,0,0,-1.3104701,-0.0041760863,0.10101785,0.0054758599,,0.01101202,-0.00016322089,0,0,0,0,0,0,0,0,0,-0,0
2006-11-24,0,0,0.042796108,-0.0017842175,0.10212557,0.0026918936,,0.0053983188,0.000217545,0,0,0,0,0,0,0,0,0,0,0
2006-11-27,0,0,0.39750192,0.0020889619,0.10026558,0,,0,0.0035945755,0,0,0,0,0,0,0,0,0,0,-0.00023011429
2006-11-28,0,0,0.0136449,0.00091448058,0.089401817,0.0015502674,,0.0031328321,0.0025831272,0,0,0,0,0,0,0,0,0,0,-0.0086696333
2006-11-29,0,0,-0.57833163,0.0013032813,0.09893014,0.0057883769,,0.011544678,0.0060758662,0,0,0,0,0,0,0,0,0,0,0.0085906664
2006-11-30,0,0,-1.4526799,2.3152121e-05,0.099878527,0.0050470291,,0.010059442,0.0026562585,0,0,0,0,0,0,0,0,0,0,0.0085174954
2006-12-01,0,0,-0.066591261,-0.0010502074,0.099275212,-0.00038141735,,-0.00076481836,0.00086430424,0,-0,0,-0,0,-0,0,-0,0,0,-0.0029673591
2006-12-04,0,0,-0.019187411,-0.00028287782,0.098981501,-0.00091687042,,-0.0018359853,-0.0028133961,0,-0,0,-0,0,-0,0,-0,0,-0,-0.0021367521
2006-12-05,0,0,-1.1746482,0.00084664836,0.099960973,-0.009363581,,-0.018642013,-0.0085354654,0,-0,0,-0,0,-0,0,-0,0,-0,-0.0048179872
2006-12-06,0,0,-0.69630856,-0.0014700681,0.10075438,-0.0060708522,,-0.012141704,-0.0065288357,0,-0,0,-0,0,-0,0,-0,0,-0,-0.0060708522
2006-12-07,0,0,-0.10255681,-0.0021938054,0.10105947,-0.0010851872,,-0.0021759403,-0.00087743351,0,-0,0,-0,0,-0,0,-0,0,-0,-0.0036338333
2006-12-08,0,0,-1.0289781,0.0057344155,0.086988612,-0.012341846,,-0.024691358,-0.0074651626,0,-0,0,-0,0,-0,0,-0,0,-0,-0.012648405
2006-12-11,0,0,-0.58530819,-0.00040605236,0.1017528,-0.0013368984,,-0.00267548,0.00027862914,0,-0,0,-0,0,-0,0,-0,0,0,-0.0019647909
2006-12-12,0,0,-0.34498912,-0.00067477074,0.101672,-0.010377358,,-0.020720509,-0.0098497496,0,-0,0,-0,0,-0,0,-0,0,-0,-0.0087408457
2006-12-13,0,0,-0.055680801,0.00095588863,0.10124994,0.0071496663,,0.014299333,0.0055693069,0,0,0,0,0,0,0,0,0,0,0.0071496663
2006-12-14,0,0,0.063977626,-0.0039178983,0.1021279,0.025124832,,0.050493788,0.025301609,0,0,0,0,0,0,0,0,0,0,0.020192459
2006-12-15,0,0,-2.3331319,-0.001523781,0.14273375,0.0053228419,,0.010621921,0.0016892812,0,0,0,0,0,0,0,0,0,0,0.007576929
2006-12-18,0,0,0.69906932,-0.0011759535,0.14273309,0.0069013112,,0.013793103,0.0044974262,0,0,0,0,0,0,0,0,0,0,0.0075966851
2006-12-19,0,0,0.31961819,-0.0013548818,0.14259709,-0.0018331806,,-0.0036773156,-0.002431381,0,-0,0,-0,0,-0,0,-0,0,-0,-0.0047978067
2006-12-20,0,0,-0.19601028,-0.0016364116,0.1436096,0.012311692,,0.02460645,0.0087605451,0,0,0,0,0,0,0,0,0,0,0.013008877
2006-12-21,0,0,0.66130141,0.00048488147,0.14202706,-0.0031726847,,-0.0063453694,-0.0052997859,0,-0,0,-0,0,-0,0,-0,0,-0,-0.0031726847
2006-12-22,0,0,0.073878737,0.0021987662,0.14251684,0.0014434399,,0.0028941356,0.0038864299,0,0,0,0,0,0,0,0,0,0,-0.0010609276
2006-12-26,0,0,0.72092141,0.0016439317,0.14252033,-0.0025045537,,-0.0050113895,0.00016164664,0,-0,0,-0,0,-0,0,-0,0,0,-0.0029585799
2006-12-27,0,0,-2.6703179,0.0047015621,0.1426976,0.0097390246,,0.019478049,-0.001408756,0,0,0,0,0,0,0,0,0,-0,0.0097390246
2006-12-28,0,0,-0.14745891,0.011885411,0.14021228,-0.0022525905,,-0.0044893378,-0.00032353734,0,-0,0,-0,0,-0,0,-0,0,-0,0.0012809886
2007-01-02,1,0,2.3196913,0.0075474591,0.13923589,0.0015776426,,0.0031498425,-0.0017202451,0,0,0,0,0,0,0,0,2,-0.0038404903,0.0033112583
2007-01-03,0,0,0.14116072,0.0027548455,0.1376177,-0.016021562,,-0.031983261,-0.019963409,0,-0,0,-0,0,-0,0,-0,0,-0,-0.014176418
2007-01-04,0,0,0.41608402,0.0018300861,0.15375391,-0.011595087,,-0.023250478,-0.0095468013,0,-0,0,-0,0,-0,0,-0,0,-0,-0.01415202
2007-01-05,0,0,-0.08428508,0.0014825224,0.15564975,-0.010082352,,-0.020108988,-0.0089093022,0,-0,0,-0,0,-0,0,-0,0,-0,-0.0073319441
2007-01-08,0,0,-0.45680133,0.0071943949,0.15717986,-0.010033445,,-0.020074697,-0.0040494938,0,-0,0,-0,0,-0,0,-0,0,-0,-0.010418286
2007-01-09,0,0,0.63399828,-0.0020794515,0.16072648,0.0015686275,,0.0031318509,-0.0021921196,0,0,0,0,0,0,0,0,0,-0,0.0032998114
2007-01-10,0,0,-0.36993248,0.00093668981,0.1613057,-0.01427451,,-0.028593873,-0.01258323,0,-0,0,-0,0,-0,0,-0,0,-0,-0.015818324
2007-01-11,0,0,-0.2088085,0.0026347849,0.16068352,0.0032495839,,0.0064740249,0.0059928086,0,0,0,0,0,0,0,0,0,0,0.0071610439
2007-01-12,1,1,1.266162,-0.0047195476,0.16345174,0.0080069079,,0.015912637,0.006453061,1.8354042,0.014111387,2,0.015412637,2,0.015412637,1,0.0075069079,2,0.012506122,0.01445726
2007-01-15,0,0,0.46281601,-0.0042757077,0.17304744,-0.0015489467,,-0.003080952,-0.0040432013,0,-0,0,-0,0,-0,0,-0,0,-0,0.0039716533
2007-01-16,0,0,0.17455148,6.5804553e-05,0.17254839,-0.0026303574,,-0.0052469136,-0.0013890432,0,-0,0,-0,0,-0,0,-0,0,-0,0
2007-01-17,0,0,0.20007235,0.00085495756,0.14103322,-0.012068699,,-0.024074074,-0.0086087198,0,-0,0,-0,0,-0,0,-0,0,-0,-0.009463233
2007-01-18,0,0,-0.087937943,-0.0051108219,0.14219888,0.0090408805,,0.018153118,0.0044299893,0,0,0,0,0,0,0,0,0,0,0.0050900548
2007-01-19,0,0,-2.1326614,0.005095048,0.13863108,-0.0099506386,,-0.020014183,-0.005530162,0,-0,0,-0,0,-0,0,-0,0,-0,-0.01550448
2007-01-22,0,0,0.084665688,-0.0037305664,0.14771108,0.0053052498,,0.010616384,0.00011311577,0,0,0,0,0,0,0,0,0,0,0.0047483381
2007-01-23,0,0,-0.7763647,0.0053630059,0.1417759,0.0038744366,,0.0077790125,0.0083219334,0,0,0,0,0,0,0,0,0,0,0
2007-01-24,0,0,0.40504701,-0.0022999294,0.14208388,0.011163522,,0.022284997,0.0087734098,0,0,0,0,0,0,0,0,0,0,0.013074984
2007-01-25,0,0,-0.39915746,-0.0007105913,0.1532505,-0.0054091647,,-0.010752688,-0.0081949059,0,-0,0,-0,0,-0,0,-0,0,-0,0.00069973566
2007-01-26,0,0,0.94135185,0.0011162598,0.15325449,-0.0031306253,,-0.0063076559,-0.001405837,0,-0,0,-0,0,-0,0,-0,0,-0,-0.010411001
2007-01-29,1,1,1.3756803,-0.0027317111,0.15403469,-0.0066598762,,-0.013292673,-0.010711081,1.9476133,-0.013445203,2,-0.013792673,2,-0.013792673,1,-0.0071598762,2,-0.021822162,-0.004632174
2007-01-30,0,0,0.68211674,0.0030197965,0.15209971,0.00062893082,,0.001253722,0.0042444822,0,0,0,0,0,0,0,0,0,0,0.0039438397
2007-01-31,0,0,-0.67824987,0.0017866582,0.15433486,-0.010085216,,-0.020071573,-0.011347677,0,-0,0,-0,0,-0,0,-0,0,-0,-0.005185418
2007-02-01,0,0,-0.36075758,0.00072674108,0.14277253,0.0099056604,,0.019721396,0.01249364,0,0,0,0,0,0,0,0,0,0,0.01453167
2007-02-02,0,0,-0.68212965,-0.0010703088,0.15556703,0.019740421,,0.039416511,0.020158147,0,0,0,0,0,0,0,0,0,0,0.021407442
2007-02-05,0,0,-0.44373903,-0.0013058327,0.17317214,0.0063242914,,0.012645692,0.002838273,0,0,0,0,0,0,0,0,0,0,0.0065543785
2007-02-06,0,0,-0.16360115,0.00363492,0.16683043,0.0056788067,,0.011357613,0.0088847705,0,0,0,0,0,0,0,0,0,0,0.0056788067
2007-02-07,0,0,0.17250902,-0.0046680363,0.16796936,-0.00030216045,,-0.00060633621,-0.0036149779,0,-0,0,-0,0,-0,0,-0,0,-0,-0.0036139136
2007-02-08,0,0,-0.73441876,-0.0013083416,0.15751696,-0.00060555598,,-0.0012132241,-0.00097598005,0,-0,0,-0,0,-0,0,-0,0,-0,-0.0023424513
2007-02-09,0,0,0.51598856,0.0031241419,0.15752687,0.00045262523,,0.0009016455,0.0017353579,0,0,0,0,0,0,0,0,0,0,0.0044686814
2007-02-12,0,0,-0.37812327,0.00077478023,0.14680652,-0.0020519836,,-0.0041366631,-0.0022923262,0,-0,0,-0,0,-0,0,-0,0,-0,-0.0098778465
2007-02-13,0,0,0.53228069,-0.0014206343,0.1526658,0.0074900642,,0.015034134,0.0038337258,0,0,0,0,0,0,0,0,0,0,0.0038839388
2007-02-14,0,0,0.2014275,-0.0011758938,0.15270576,0.0064150943,,0.012764679,0.0051415273,0,0,0,0,0,0,0,0,0,0,0.011606736
2007-02-15,0,0,0.80869246,-0.0034096229,0.15561045,-0.000744768,,-0.0014793994,-0.0043700703,0,-0,0,-0,0,-0,0,-0,0,-0,0.0061492313
2007-02-16,0,0,-0.16219931,1.896588e-05,0.15615376,0.0019369739,,0.0038722168,0.0035848047,0,0,0,0,0,0,0,0,0,0,0.0023850339
2007-02-20,0,0,0.60364071,-0.0011523691,0.14044715,0.0014843402,,0.0029631825,0.0015439493,0,0,0,0,0,0,0,0,0,0,0.0033459737
2007-02-21,0,0,-0.20387506,-0.0023381184,0.14044624,0.00029623047,,0.00059206631,-0.0031830239,0,0,0,0,0,0,0,0,0,-0,0.00096339114
2007-02-22,0,0,0.63953826,-0.00082742396,0.14096031,0.01067141,,0.0213634,0.0086660641,0,0,0,0,0,0,0,0,0,0,0.0096986748
2007-02-23,1,1,1.1963546,-0.002204231,0.13734333,0.0013925535,,0.0027838828,-0.0011029412,2,0.0022838828,2,0.0022838828,2,0.0022838828,1,0.0008925535,2,-0.0026058824,0.0018331134
2007-02-26,0,0,0.20923836,0.0048987431,0.13644349,-0.0014604936,,-0.0029143898,0.0022668564,0,-0,0,-0,0,-0,0,-0,0,0,0.00080509405
2007-02-27,0,0,0.048047483,-0.0019006276,0.130116,-0.0076319072,,-0.015316642,-0.0093718738,0,-0,0,-0,0,-0,0,-0,0,-0,-0.011042855
2007-02-28,0,0,-2.0663153,0.0047625277,0.13458927,0.015110838,,0.031391921,0.014958449,0,0,0,0,0,0,0,0,0,0,-0.021370998
2007-03-02,0,0,-2.7695821,0.00055793648,0.1700913,0.0025227429,,0.005105198,0.005003574,0,0,0,0,0,0,0,0,0,0,-0.0090675533
2007-03-05,0,0,0.34996048,0.0024735616,0.16679247,-0.019406305,,-0.03904321,-0.017961755,0,-0,0,-0,0,-0,0,-0,0,-0,-0.025163947
2007-03-06,1,1,3.9972797,-0.012826303,0.18692355,0.027668296,,0.055767398,0.014384865,1.6049342,0.044166404,2,0.055267398,2,0.055267398,1,0.027168296,2,0.02836973,0.019790363
2007-03-07,0,0,-1.5194163,-0.003665064,0.18226953,-0.00061026775,,-0.0012138684,-0.002952433,0,-0,0,-0,0,-0,0,-0,0,-0,0.0049091049
2007-03-08,0,0,0.21962582,-0.0010256447,0.18347131,0.010317946,,0.020662738,0.010270775,0,0,0,0,0,0,0,0,0,0,0.009006946
2007-03-09,0,0,0.054882881,-0.0020622735,0.18422804,-0.0073767407,,-0.014680548,-0.0073958108,0,-0,0,-0,0,-0,0,-0,0,-0,-0.002420758
2007-03-12,1,1,1.0252238,-0.0053343818,0.18407502,0.0091645838,,0.018306982,0.0089875474,1.6297703,0.014422195,2,0.017806982,2,0.017806982,1,0.0086645838,2,0.017575095,0.010389019
2007-03-13,0,0,-0.72487942,-0.0024303547,0.19011972,-0.00486782,,-0.0097145419,-0.0032202662,0,-0,0,-0,0,-0,0,-0,0,-0,-0.0027018913
2007-03-14,0,0,0.20416774,0.0025810687,0.19050771,-0.0056484238,,-0.011460431,-0.0021405049,0,-0,0,-0,0,-0,0,-0,0,-0,-0.019641782
2007-03-15,0,0,0.53021767,-0.0030756392,0.20188974,0.0087042834,,0.017316017,0.0057812926,0,0,0,0,0,0,0,0,0,0,0.014124511
2007-03-16,0,0,-0.68436465,-0.00037023713,0.20819911,-0.001210379,,-0.0024192939,-0.00092095997,0,-0,0,-0,0,-0,0,-0,0,-0,-0.00060555598
2007-03-19,0,0,0.41241251,-0.0005806663,0.20257248,0.013063953,,0.026201539,0.012499321,0,0,0,0,0,0,0,0,0,0,0.010224949
2007-03-20,0,0,-1.7739185,6.428531e-05,0.20489578,-0.0017923824,,-0.0035708972,-0.0036359748,0,-0,0,-0,0,-0,0,-0,0,-0,0.0020992653
2007-03-21,0,0,-1.2552975,-3.4208753e-05,0.20433599,0.0042645518,,0.0085291037,-0.0018222746,0,0,0,0,0,0,0,0,0,-0,0.0042645518
2007-03-22,0,0,-2.5231706,0.0032014532,0.20399027,-0.0034881995,,-0.0069500924,-0.0017601878,0,-0,0,-0,0,-0,0,-0,0,-0,0.00029799598
2007-03-23,0,0,0.45050673,0.00027407607,0.20482721,-0.0026775753,,-0.0053479908,-0.002668232,0,-0,0,-0,0,-0,0,-0,0,-0,-0.0013405824
2007-03-26,0,0,0.48155158,-4.8611193e-05,0.20154098,0.0015619189,,0.0031154959,-0.0011738968,0,0,0,0,0,0,0,0,0,-0,0.0042508763
2007-03-27,0,0,-0.18883757,0.0019368285,0.20138382,0.0050527567,,0.010111524,0.0025105497,0,0,0,0,0,0,0,0,0,0,0.0044556661
2007-03-28,1,0,1.2830645,0.00023265086,0.20173115,-0.013269088,,-0.026609187,-0.0081075315,0,-0,0,-0,0,-0,0,-0,2,-0.016615063,-0.015895313
2007-03-29,1,1,1.0895134,-0.00085439615,0.20100365,0.020850583,,0.04178294,0.011439672,1.4925102,0.030659982,2,0.04128294,2,0.04128294,1,0.020350583,2,0.022479344,0.018856585
2007-03-30,0,0,0.34122146,0.001327073,0.17817394,0.001695415,,0.0033898305,-0.0038761748,0,0,0,0,0,0,0,0,0,-0,0.0019908568
2007-04-02,0,0,0.93048844,0.0026773828,0.17770422,0.00095665612,,0.0019133122,0.0027120447,0,0,0,0,0,0,0,0,0,0,0.00095665612
2007-04-03,0,0,0.11986879,-0.002859717,0.14045936,0.0011762976,,0.0023525952,0.00010576415,0,0,0,0,0,0,0,0,0,0,0.0011762976
2007-04-04,0,0,-0.23340664,-0.0039673254,0.12547843,0.0065722214,,0.013071895,0.0061913007,0,0,0,0,0,0,0,0,0,0,0.012189749
2007-04-05,0,0,0.043648285,-0.0025409958,0.13170819,-0.0026058632,,-0.0052000578,-0.0030729167,0,-0,0,-0,0,-0,0,-0,0,-0,-0.00036273941
2007-04-06,0,0,0.36382782,0.00034512002,0.13052954,-0.0044778275,,-0.0089125279,-0.0030693996,0,-0,0,-0,0,-0,0,-0,0,-0,0.00036287104
2007-04-09,1,1,1.0657074,-0.0022600512,0.13026836,0.0094797019,,0.018911506,0.0075363825,2,0.018411506,2,0.018411506,2,0.018411506,1,0.0089797019,2,0.014672765,0.012042948
2007-04-10,0,0,-0.27880823,-0.0012777266,0.12815648,0.001508079,,0.0030215827,-0.0010322581,0,0,0,0,0,0,0,0,0,-0,-0.00028673835
2007-04-11,0,0,0.98065275,-0.0025553254,0.1272667,0.0071535875,,0.01427348,0.0026700899,0,0,0,0,0,0,0,0,0,0,0.0095367847
2007-04-12,0,0,0.9577863,8.0179789e-05,0.095421197,0.0076308658,,0.015324024,0.010473892,0,0,0,0,0,0,0,0,0,0,0.0035513886
2007-04-13,0,0,-2.0380385,-0.0035195816,0.088328982,-0.00049694732,,-0.00099693798,-0.0029527058,0,-0,0,-0,0,-0,0,-0,0,-0,-0.0035388209
2007-04-16,0,0,-0.32490545,-0.0031909843,0.092356468,0.0085955814,,0.017193606,0.0043823889,0,0,0,0,0,0,0,0,0,0,0.0084523049
2007-04-17,0,0,-1.5085222,-0.0014085945,0.089316922,-0.0025286226,,-0.0050434295,-0.0068209378,0,-0,0,-0,0,-0,0,-0,0,-0,0.00021129737
2007-04-18,0,0,0.11321996,-0.0002591581,0.091005105,0.003030303,,0.0060653078,0.0013702801,0,0,0,0,0,0,0,0,0,0,0.0022533624
2007-04-19,0,0,0.22452266,0.00020952886,0.090259218,-0.013907424,,-0.027807036,-0.015232794,0,-0,0,-0,0,-0,0,-0,0,-0,-0.013630296
2007-04-20,1,1,1.2141796,-0.0014808904,0.10751243,0.010735869,,0.02143212,0.010088595,2,0.02093212,2,0.02093212,2,0.02093212,1,0.010235869,2,0.019777191,0.012607736
2007-04-23,0,0,-0.15191768,-0.0027177034,0.11427311,-0.00020974621,,-0.00041695622,-0.001005935,0,-0,0,-0,0,-0,0,-0,0,-0,0.0059088351
2007-04-24,0,0,0.65779934,-0.0045136698,0.11517241,0.0088309504,,0.017701602,0.0066938447,0,0,0,0,0,0,0,0,0,0,0.0065734266
2007-04-25,0,0,0.26987463,3.7574749e-05,0.11605157,-0.0082484231,,-0.016459198,-0.0086430855,0,-0,0,-0,0,-0,0,-0,0,-0,-0.0059747117
2007-04-26,0,0,0.11851895,-0.0011607477,0.11440062,-0.0011090317,,-0.0021999175,-0.003243513,0,-0,0,-0,0,-0,0,-0,0,-0,0.0071987699
2007-04-27,0,0,-1.0993511,0.0086495183,0.11378355,-0.011211073,,-0.022361792,-0.0024149728,0,-0,0,-0,0,-0,0,-0,0,-0,-0.0085351468
2007-04-30,0,0,-0.46365243,0.00058764836,0.11962394,0.0042049198,,0.0084210526,0.0032844871,0,0,0,0,0,0,0,0,0,0,0.0028695409
2007-05-02,1,1,2.8525341,-0.0032614461,0.11940131,0.002089573,,0.0041710115,0.00050060072,2,0.0036710115,2,0.0036710115,2,0.0036710115,1,0.001589573,2,0.00060120144,0.0040477354
2007-05-03,0,0,0.070969973,-0.0051827222,0.12023731,-0.0006931448,,-0.0013824566,-0.0022374702,0,-0,0,-0,0,-0,0,-0,0,-0,0.0020852158
2007-05-04,0,0,-0.48322886,-0.0026401423,0.11288391,0.00089946724,,0.0017944648,0.0022874192,0,0,0,0,0,0,0,0,0,0,0.0033987653
2007-05-07,0,0,0.61815041,-0.0029853645,0.11201002,0.0084652443,,0.016856242,0.0055322302,0,0,0,0,0,0,0,0,0,0,0.012926863
2007-05-08,0,0,-0.54080323,-0.0030773521,0.11482643,-0.00020529665,,-0.0004117203,-0.00063838146,0,-0,0,-0,0,-0,0,-0,0,-0,-0.0029345527
2007-05-09,0,0,0.22836051,-0.0035748261,0.11078934,0.0083756694,,0.016802093,0.0063891483,0,0,0,0,0,0,0,0,0,0,0.005338809
2007-05-10,0,0,0.69926047,-0.0026040867,0.11048389,0.004679235,,0.0093218049,-0.0020879868,0,0,0,0,0,0,0,0,0,-0,0.0086465142
2007-05-11,1,0,1.6940711,0.0022337189,0.10822161,0.010552832,,0.021289747,0.0094053101,0,0,0,0,0,0,0,0,2,0.01841062,0.0018899764
2007-05-14,0,0,-0.99524782,-0.002184326,0.10639873,-0.0015461145,,-0.0030853847,-0.0040556199,0,-0,0,-0,0,-0,0,-0,0,-0,0.00067371825
2007-05-15,0,0,-0.50880887,0.0029203156,0.10310596,-0.011722698,,-0.023461201,-0.0064221076,0,-0,0,-0,0,-0,0,-0,0,-0,-0.01238807
2007-05-16,0,0,0.56068336,-0.0044990041,0.11123044,0.0074387497,,0.014893762,0.0058702671,0,0,0,0,0,0,0,0,0,0,0.0063399005
2007-05-17,0,0,0.061125779,-0.0065113044,0.111282,0.0024947745,,0.004966443,0.00014470384,0,0,0,0,0,0,0,0,0,0,0.0071805988
2007-05-18,0,0,-0.28348505,0.0036384775,0.11331162,-0.0067024129,,-0.013358269,-0.0013045999,0,-0,0,-0,0,-0,0,-0,0,-0,-0.00322841
2007-05-21,0,0,-3.1705746,-0.00047996397,0.098352629,0.01356668,,0.027277687,0.016063084,0,0,0,0,0,0,0,0,0,0,0.0082321188
2007-05-22,0,0,0.36366312,-0.0034687461,0.093847609,0.012234256,,0.024442367,0.0064969187,0,0,0,0,0,0,0,0,0,0,0.013318164
2007-05-23,0,0,0.79591557,0.0035263262,0.095573945,-0.0025659583,,-0.0051124074,-0.00033140801,0,-0,0,-0,0,-0,0,-0,0,-0,0.0012548709
2007-05-25,0,0,-0.33838008,0.0033918908,0.094373837,0.00718802,,0.01450638,0.0081884787,0,0,0,0,0,0,0,0,0,0,-0.0017810026
2007-05-28,0,0,-0.51641038,0.0045777295,0.088294127,-0.00072221128,,-0.0014351882,0.00336222,0,-0,0,-0,0,-0,0,-0,0,0,0.0057490253
2007-05-29,0,0,0.60739034,0.00066073464,0.088141277,-0.0046508581,,-0.0092737722,-0.0015067332,0,-0,0,-0,0,-0,0,-0,0,-0,-0.0016425756
2007-05-30,0,0,-0.56001232,-0.001616671,0.079809044,-0.0011184946,,-0.0022364007,-0.00080215165,0,-0,0,-0,0,-0,0,-0,0,-0,-0.00085554459
2007-05-31,1,1,1.3098241,-0.0071758015,0.081332888,0.02179462,,0.043314256,0.0098441728,2,0.042814256,2,0.042814256,2,0.042814256,1,0.02129462,2,0.019288346,0.028323014
2007-06-01,1,1,1.8340144,-0.0025790646,0.10510687,0.0036491677,,0.0072945994,0.0033484703,2,0.0067945994,2,0.0067945994,0,0,1,0.0031491677,2,0.0062969405,0.004163464
2007-06-04,1,1,1.8693687,-0.0045108404,0.10765988,0.0068458418,,0.013606299,0.0038906985,2,0.013106299,2,0.013106299,2,0.013106299,1,0.0063458418,2,0.007381397,0.013204057
2007-06-05,0,0,-0.84875542,0.000217755,0.11348208,0,,0,0.0035653037,0,0,0,0,0,0,0,0,0,0,0
2007-06-07,0,0,0.20142976,-0.00053262337,0.1121907,0.016009148,,0.032311835,0.01556314,0,0,0,0,0,0,0,0,0,0,0.0068622513
2007-06-08,1,0,1.1886047,0.0019585811,0.11085016,-0.0066889632,,-0.013502325,-0.0040779338,0,-0,0,-0,0,-0,0,-0,2,-0.0085558677,-0.015756894
2007-06-11,0,0,-0.76559571,-0.0030417986,0.13086759,-0.012463621,,-0.024825153,-0.013506188,0,-0,0,-0,0,-0,0,-0,0,-0,-0.0083857442
2007-06-12,0,0,-0.70292809,-0.00014499339,0.13558976,0.0081389387,,0.016283095,0.0088065315,0,0,0,0,0,0,0,0,0,0,0.0078160036
2007-06-13,0,0,0.95942108,0.0035898334,0.136322,-0.00025477707,,-0.00051056226,-0.00059436723,0,-0,0,-0,0,-0,0,-0,0,-0,-0.0022249062
2007-06-14,0,0,-0.51411019,-0.0052262786,0.14023025,0.015748031,,0.031392405,0.015426374,0,0,0,0,0,0,0,0,0,0,0.01911315
2007-06-15,0,0,-0.66697595,-0.0010067814,0.15535069,-0.0023030001,,-0.0045860188,-0.0010673783,0,-0,0,-0,0,-0,0,-0,0,-0,0.0020630158
2007-06-18,0,0,0.46090296,-0.00026021206,0.15580686,0.013421573,,0.026614337,0.011181332,0,0,0,0,0,0,0,0,0,0,0.022209745
2007-06-19,1,0,1.3619649,0.0034838694,0.16330336,-0.0077622802,,-0.015426333,-0.0030903156,0,-0,0,-0,0,-0,0,-0,2,-0.0065806311,-0.0014037229
2007-06-20,0,0,0.41274005,-0.00051403175,0.16117327,-0.014690643,,-0.029304475,-0.013840529,0,-0,0,-0,0,-0,0,-0,0,-0,-0.01210121
2007-06-21,1,1,1.963409,-0.00038622378,0.16960633,0.010063987,,0.020212102,0.0095723466,1.7688019,0.017365877,2,0.019712102,2,0.019712102,1,0.0095639871,2,0.018744693,0.0058772581
2007-06-22,0,0,-0.43447683,-0.00097796355,0.16858722,-0.01189965,,-0.023735242,-0.016181937,0,-0,0,-0,0,-0,0,-0,0,-0,-0.0092256596
2007-06-25,0,0,0.18434998,0.004563034,0.17848157,-0.00093843844,,-0.0018916703,0.0030081264,0,-0,0,-0,0,-0,0,-0,0,0,-0.008690794
2007-06-26,1,1,1.2979139,-0.0007655356,0.18085057,-0.0051301301,,-0.010250641,-0.0066541622,1.6588281,-0.0090036662,2,-0.010750641,2,-0.010750641,1,-0.0056301301,2,-0.013708324,-0.004195629
2007-06-27,0,0,0.56744556,0.003941736,0.18222036,-0.013035849,,-0.02598376,-0.0089502564,0,-0,0,-0,0,-0,0,-0,0,-0,-0.0096843164
2007-06-28,0,0,-0.10337629,-0.004037533,0.1869774,0.0067088608,,0.013373707,0.0030189699,0,0,0,0,0,0,0,0,0,0,0.01003302
2007-06-29,0,0,0.63675729,-0.0011193864,0.18871988,0.0052734007,,0.010531595,-0.0079788426,0,0,0,0,0,0,0,0,0,-0,0.0067270212
2007-07-02,0,0,-0.23553654,0.0080198687,0.1758947,0.0099899472,,0.020102408,0.017520826,0,0,0,0,0,0,0,0,0,0,0.0038718541
2007-07-03,0,0,0.66657465,-0.0063249034,0.18024601,0.018331579,,0.036500401,0.0087993313,0,0,0,0,0,0,0,0,0,0,0.022892691
2007-07-04,0,0,0.72063937,5.2735879e-05,0.18680046,0.014004244,,0.027920469,0.012228438,0,0,0,0,0,0,0,0,0,0,0.017210971
2007-07-05,0,0,0.40693233,-0.00057679802,0.19562634,0.0085398626,,0.017060367,0.0039344823,0,0,0,0,0,0,0,0,0,0,0.0096855196
2007-07-06,0,0,0.73802494,0.0049417371,0.19591527,-0.0002356823,,-0.00046904315,0.0043312102,0,-0,0,-0,0,-0,0,-0,0,0,0.0047370914
2007-07-09,0,0,0.031892056,-0.0010232283,0.18495492,0.01059135,,0.021149101,0.01032753,0,0,0,0,0,0,0,0,0,0,0.012199434
2007-07-10,0,0,0.079267545,0.0059064642,0.18387661,-0.00017328019,,-0.00034381984,0.00425,0,-0,0,-0,0,-0,0,-0,0,0,0.007860262
2007-07-11,1,0,1.0419027,0.00060007343,0.18369651,0.0049499185,,0.0099800399,0.0051835131,0,0,0,0,0,0,0,0,2,0.0099670262,-0.003061814
2007-07-12,0,0,-0.35227825,-0.00093314171,0.18120748,0.0083795654,,0.016713734,0.0062981686,0,0,0,0,0,0,0,0,0,0,0.01112592
2007-07-13,1,0,1.1673118,0.00012240207,0.16300517,0.012719496,,0.024990325,0.010664512,0,0,0,0,0,0,0,0,2,0.020929024,0.031233882
2007-07-16,0,0,-0.61531348,0.0015429438,0.18692239,-0.0072182121,,-0.01442361,-0.0098650052,0,-0,0,-0,0,-0,0,-0,0,-0,-0.0063354451
2007-07-18,0,0,0.81140638,0.0086840327,0.18693775,-0.016283206,,-0.032361387,-0.013533108,0,-0,0,-0,0,-0,0,-0,0,-0,-0.010011186
2007-07-19,0,0,0.98920794,-0.0016813925,0.19536328,0.0052207468,,0.010488514,0.00110011,0,0,0,0,0,0,0,0,0,0,0.00073442178
2007-07-20,0,0,0.47189448,0.00048666889,0.18808551,0.014758698,,0.029342854,0.01781016,0,0,0,0,0,0,0,0,0,0,0.020830981
2007-07-23,1,1,1.7854287,-0.004303078,0.20017047,0.0099477604,,0.019994415,0.0064629378,1.4987226,0.014458254,2,0.019494415,0,0,1,0.0094477604,2,0.012525876,0.0049770503
2007-07-24,0,0,-0.20417279,0.0015722632,0.18932165,-0.0056339569,,-0.011201131,-0.0022513627,0,-0,0,-0,0,-0,0,-0,0,-0,0.00033016013
2007-07-25,1,1,5.1186907,-0.011192132,0.18419049,0.019243567,,0.038803467,0.0031208027,1.6287486,0.031041827,2,0.038303467,2,0.038303467,1,0.018743567,2,0.0058416054,0.011001705
2007-07-26,0,0,-0.24764444,0.0049449493,0.17999256,-0.022072781,,-0.044002379,-0.02339916,0,-0,0,-0,0,-0,0,-0,0,-0,-0.018880244
2007-07-27,0,0,-1.5113447,0.01151212,0.19657252,-0.032285328,,-0.065620705,-0.021432091,0,-0,0,-0,0,-0,0,-0,0,-0,-0.047526619
2007-07-30,1,0,1.9699191,0.00024690268,0.25920156,0.025138848,,0.050484297,0.017192702,0,0,0,0,0,0,0,0,2,0.033985403,0.020960699
2007-07-31,0,0,-1.0134581,0.0075603547,0.25871267,0.0020925235,,0.0041505413,0.0076713685,0,0,0,0,0,0,0,0,0,0,0.010493299
2007-08-01,0,0,0.41520772,0.00060485178,0.25705793,-0.036536167,,-0.073574003,-0.034084821,0,-0,0,-0,0,-0,0,-0,0,-0,-0.043061121
2007-08-02,0,0,0.99510057,-0.0025108479,0.29531659,-0.010759605,,-0.021338281,-0.011247357,0,-0,0,-0,0,-0,0,-0,0,-0,-0.0023000708
2007-08-03,1,0,2.3348561,0.0032726443,0.28871881,0,,0,0.0014372067,0,0,0,0,0,0,0,0,2,0.0024744135,0.015073595
2007-08-06,0,0,-2.0682437,0.0018827906,0.29177823,0.0084063674,,0.017222426,0.012772222,0,0,0,0,0,0,0,0,0,0,-0.015024458
2007-08-07,0,0,0.036939305,-0.0053658658,0.29420297,-0.0068269343,,-0.01347771,-0.015326475,0,-0,0,-0,0,-0,0,-0,0,-0,0.0063261204
2007-08-08,1,1,1.6829988,-0.0029396911,0.28996388,0.016314835,,0.032477737,0.012697207,1.0346116,0.016374259,2,0.031977737,2,0.031977737,1,0.015814835,2,0.024994415,0.021091593
2007-08-09,0,0,0.2277992,-0.0018365729,0.30228716,-0.0054703972,,-0.010836438,-0.0076178711,0,-0,0,-0,0,-0,0,-0,0,-0,0.0042002301
2007-08-10,0,0,-2.6941232,-0.0031598519,0.30246218,-0.013154776,,-0.027240935,-0.01321812,0,-0,0,-0,0,-0,0,-0,0,-0,-0.045780095
2007-08-13,1,1,1.6130007,-0.0077951313,0.33620625,0.014928953,,0.029813218,0.0072785219,0.8923094,0.01287509,2,0.029313218,2,0.029313218,1,0.014428953,2,0.014157044,0.016452504
2007-08-14,0,0,-1.5836851,0.0044802526,0.31985938,-0.013063782,,-0.026144564,-0.0093711043,0,-0,0,-0,0,-0,0,-0,0,-0,-0.013705104
2007-08-16,0,0,-3.0122511,-0.01080122,0.32182905,-0.016551724,,-0.034727703,-0.031610615,0,-0,0,-0,0,-0,0,-0,0,-0,-0.060493531
2007-08-17,0,0,0.93448769,-0.0018187952,0.38683438,-0.032313576,,-0.064610679,-0.039069339,0,-0,0,-0,0,-0,0,-0,0,-0,-0.032066811
2007-08-20,1,1,4.9373636,-0.0039321195,0.39651108,0.021257523,,0.041362985,0.015248129,0.75659928,0.015705127,2,0.040862985,2,0.040862985,1,0.020757523,2,0.030096257,0.050517026
2007-08-21,1,0,1.3671222,0.00050886731,0.43991613,-0.0077901035,,-0.015487548,-0.0033947404,0,-0,0,-0,0,-0,0,-0,2,-0.0071894808,-0.0018181818
2007-08-22,0,0,0.48264562,-0.0071759387,0.43958549,0.018717417,,0.037434834,0.010593029,0,0,0,0,0,0,0,0,0,0,0.018717417
2007-08-23,1,1,3.4765687,-0.0044729601,0.44475967,0.003026268,,0.0059435364,0.00074421048,0.67452159,0.0017040223,2,0.0054435364,2,0.0054435364,1,0.002526268,2,0.001088421,0.021764597
2007-08-24,0,0,-0.99739674,-0.0003092067,0.4557884,-0.0056893839,,-0.011413307,-0.0021522379,0,-0,0,-0,0,-0,0,-0,0,-0,-0.0086893555
2007-08-27,1,0,2.1719772,1.1517139e-05,0.45213429,-0.012639361,,-0.024769249,-0.011756062,0,-0,0,-0,0,-0,0,-0,2,-0.023912123,0.0080959338
2007-08-28,1,1,2.1273554,-0.0023117472,0.43070218,0.016368688,,0.032747266,0.01427262,0.69653698,0.011053128,2,0.032247266,2,0.032247266,1,0.015868688,2,0.02814524,0.016061832
2007-08-29,0,0,-3.0368771,0.0052337249,0.43245133,0.027175238,,0.055760455,0.03065525,0,0,0,0,0,0,0,0,0,0,0.0018422773
2007-08-30,0,0,-0.16489265,0.00029065925,0.42947815,-0.0076447246,,-0.015045366,-0.0097243362,0,-0,0,-0,0,-0,0,-0,0,-0,0.0087198956
2007-08-31,0,0,0.8754572,0.0024110311,0.40560684,0.017982018,,0.035938693,0.016639645,0,0,0,0,0,0,0,0,0,0,0.018700382
2007-09-03,0,0,-2.0808367,0.006182836,0.40992203,-0.0080348944,,-0.015977175,0.00033523299,0,-0,0,-0,0,-0,0,-0,0,0,-0.0022513421
2007-09-04,0,0,-0.17458906,-0.00017070026,0.40753939,-0.0030603996,,-0.0061088059,-0.0033095936,0,-0,0,-0,0,-0,0,-0,0,-0,-0.0010992826
2007-09-05,0,0,-1.1210151,0.0042098823,0.40484721,-0.01194167,,-0.023675374,-0.010041421,0,-0,0,-0,0,-0,0,-0,0,-0,-0.0031856357
2007-09-06,1,1,1.7551423,-0.0045020223,0.40548497,0.016577822,,0.033427829,0.014479868,0.7398548,0.011895254,2,0.032927829,2,0.032927829,1,0.016077822,2,0.028559736,0.0083672284
2007-09-07,0,0,-1.3659406,0.0014824028,0.39901089,-0.0059811364,,-0.011938928,-0.0013793103,0,-0,0,-0,0,-0,0,-0,0,-0,-0.0040336522
2007-09-10,0,0,-1.9297983,0.0029691435,0.39890806,-0.0084740776,,-0.017243444,-0.0063694268,0,-0,0,-0,0,-0,0,-0,0,-0,-0.025167785
2007-09-11,1,1,1.1431745,-0.0064651526,0.38007131,0.010826245,,0.021701544,0.0029988861,0.78932556,0.0081507689,2,0.021201544,2,0.021201544,1,0.010326245,2,0.0055977723,0.0085465013
2007-09-12,0,0,-2.1705938,0.0022205195,0.37773137,-0.024860745,,-0.049541392,-0.022661441,0,-0,0,-0,0,-0,0,-0,0,-0,-0.021302889
2007-09-13,0,0,0.47198651,-0.0025247043,0.38099209,0.01497204,,0.02994408,0.016694201,0,0,0,0,0,0,0,0,0,0,0.01497204
2007-09-14,0,0,-0.87857812,-0.0069858762,0.30130206,0.013731061,,0.02743614,0.0077109871,0,0,0,0,0,0,0,0,0,0,0.014691943
2007-09-17,0,0,0.11721886,-0.00695299,0.26808284,0.0039889717,,0.0080160321,-0.00042226163,0,0,0,0,0,0,0,0,0,-0,-0.00075899113
2007-09-18,0,0,0.334952,0.00072148165,0.20283056,-0.016593631,,-0.033187263,-0.015961726,0,-0,0,-0,0,-0,0,-0,0,-0,-0.016593631
2007-09-19,1,1,1.4812223,-0.0077017839,0.21733432,0.016792562,,0.032861447,0.0065550499,1.3803619,0.022404553,2,0.032361447,2,0.032361447,1,0.016292562,2,0.0127101,0.03968867
2007-09-20,0,0,-1.3730715,-0.005564236,0.24696165,0.0075473872,,0.015219286,0.0057251908,0,0,0,0,0,0,0,0,0,0,-0.00062860735
2007-09-21,1,1,1.187108,-0.0037540521,0.23551917,0.007605215,,0.01521043,0.0042488244,1.2737816,0.0091873833,2,0.01471043,2,0.01471043,1,0.007105215,2,0.0080976487,0.007605215
2007-09-27,1,1,2.0631787,-0.0033265396,0.23298043,0.0051155208,,0.010135323,0.0020682104,1.2876618,0.0060595262,2,0.0096353233,2,0.0096353233,1,0.0046155208,2,0.0037364208,0.014698371
2007-09-28,0,0,-0.40104948,0.00035980102,0.23632922,-0.0026213051,,-0.0052280311,-0.0017364617,0,-0,0,-0,0,-0,0,-0,0,-0,0.00016778523
2007-10-01,0,0,0.62815561,-0.0014930281,0.2320369,0.0093426573,,0.018693681,0.0076798707,0,0,0,0,0,0,0,0,0,0,0.0088911257
2007-10-02,0,0,0.73361093,-0.00050836025,0.23238809,0.0089100251,,0.017577914,0.015220399,0,0,0,0,0,0,0,0,0,0,0.023001884
2007-10-04,0,0,-1.4350731,-0.0032072211,0.25038111,0.0088283379,,0.017760237,0.0020046382,0,0,0,0,0,0,0,0,0,0,0.0029798992
2007-10-05,0,0,-0.10978237,0.00052437337,0.2492123,-0.0028662593,,-0.0057390363,-0.0069691868,0,-0,0,-0,0,-0,0,-0,0,-0,-0.0039974071
2007-10-08,0,0,0.91249969,-1.7885576e-05,0.25101858,-0.0033901953,,-0.0067278941,-0.0035438897,0,-0,0,-0,0,-0,0,-0,0,-0,0.004447337
2007-10-09,0,0,0.59096681,-0.00094000025,0.25054122,0.0011884183,,0.0023778642,0.0007421875,0,0,0,0,0,0,0,0,0,0,0.00075593952
2007-10-10,0,0,0.52822415,-0.0014014142,0.24838561,0.00449318,,0.0089096309,0.0044075005,0,0,0,0,0,0,0,0,0,0,0.013218949
2007-10-11,0,0,0.056170831,-0.0016679636,0.24906153,0.0097532378,,0.019523124,0.0083185704,0,0,0,0,0,0,0,0,0,0,0.0088929123
2007-10-12,0,0,-0.57895118,0.0050111839,0.24793837,-0.017171237,,-0.034376983,-0.01129683,0,-0,0,-0,0,-0,0,-0,0,-0,-0.018156867
2007-10-15,0,0,0.6712676,-0.0013152836,0.23313736,-0.0052322477,,-0.010393467,-0.0060175899,0,-0,0,-0,0,-0,0,-0,0,-0,0.0016127298
2007-10-16,0,0,-1.0762268,1.5715271e-05,0.23337427,-0.0051540799,,-0.010421237,-0.0058059707,0,-0,0,-0,0,-0,0,-0,0,-0,-0.015832976
2007-10-17,0,0,0.35357278,-0.0045371438,0.22871033,-0.010284897,,-0.020746658,-0.0083927158,0,-0,0,-0,0,-0,0,-0,0,-0,-0.018650815
2007-10-18,0,0,0.046039326,-0.0042379116,0.22960096,0.0086292731,,0.017179671,0.0060538474,0,0,0,0,0,0,0,0,0,0,0.013281467
2007-10-19,0,0,-0.26922538,-0.00058661071,0.22847332,-0.01508337,,-0.030170049,-0.015812,0,-0,0,-0,0,-0,0,-0,0,-0,-0.015191401
2007-10-22,0,0,-3.3622356,0.00066832992,0.23942029,-0.0010372248,,-0.0021491254,0.00037523452,0,-0,0,-0,0,-0,0,-0,0,0,-0.034582614
2007-10-23,1,1,2.9436932,-0.0049557938,0.26274721,0.0099800399,,0.0197361,0.004100041,1.1417819,0.010863272,2,0.0192361,2,0.0192361,1,0.0094800399,2,0.007800082,0.021573604
2007-10-24,0,0,0.11665529,0.00048942933,0.23846614,-0.014000112,,-0.027771606,-0.0150589,0,-0,0,-0,0,-0,0,-0,0,-0,-0.0058159232
2007-10-25,1,1,4.2430439,-0.007087528,0.23917531,0.012213655,,0.024209293,0.0053743888,1.2543101,0.014764266,2,0.023709293,2,0.023709293,1,0.011713655,2,0.010348778,0.021411938
2007-10-26,1,1,1.0444157,-0.0038634567,0.25170226,0.02416264,,0.048274331,0.022804561,1.1918844,0.028289297,2,0.047774331,0,0,1,0.02366264,2,0.045209122,0.025244662
2007-10-29,0,0,-0.39783525,-0.00701035,0.26442512,0.006362558,,0.012651442,0.0078179426,0,0,0,0,0,0,0,0,0,0,0.012257295
2007-10-30,0,0,-1.6361176,0.00073804758,0.27091303,-0.0025569998,,-0.0050847458,-0.0024661863,0,-0,0,-0,0,-0,0,-0,0,-0,0.003214745
2007-10-31,0,0,0.97372438,0.00035363655,0.27166741,0.012345019,,0.024705882,0.0063374295,0,0,0,0,0,0,0,0,0,0,0.011696219
2007-11-01,0,0,-0.16735028,0.00053864786,0.25136338,-0.0098817346,,-0.019678652,-0.0087432525,0,-0,0,-0,0,-0,0,-0,0,-0,-0.0055957346
2007-11-02,0,0,-0.30863011,0.0029683023,0.24951645,-0.0031962728,,-0.0065261877,-0.00011775327,0,-0,0,-0,0,-0,0,-0,0,-0,-0.023199023
2007-11-05,0,0,-0.050149912,0.0015447778,0.2633826,-0.00563594,,-0.011239598,-0.0044697118,0,-0,0,-0,0,-0,0,-0,0,-0,-0.0027717391
2007-11-06,1,1,1.4683544,-0.0038937657,0.2617094,0.022687609,,0.045407411,0.017744975,1.1463096,0.025511734,2,0.044907411,2,0.044907411,1,0.022187609,2,0.03508995,0.02196305
2007-11-07,0,0,-0.25534201,-0.0038520332,0.27237953,-0.011568055,,-0.023022494,-0.011612805,0,-0,0,-0,0,-0,0,-0,0,-0,-0.0066659556
2007-11-08,1,1,1.6554257,-0.00055065958,0.26788419,-0.014374387,,-0.029163215,-0.017336269,1.1198869,-0.016647374,2,-0.029663215,2,-0.029663215,1,-0.014874387,2,-0.035072537,-0.028184893
2007-11-09,1,1,2.4355801,-0.0087930412,0.29148237,0.0048037105,,0.009602649,-0.0024522406,1.0292218,0.0044439439,2,0.009102649,2,0.009102649,1,0.0043037105,2,-0.0053044813,0.0053032814
2007-11-12,0,0,-1.3287255,0.00078343353,0.28832621,-0.013888889,,-0.028202514,-0.016136189,0,-0,0,-0,0,-0,0,-0,0,-0,-0.028519618
2007-11-13,1,1,1.9360728,-0.00078221172,0.30980972,0.0057220554,,0.011462294,0.0021293149,0.9683363,0.0050567058,2,0.010962294,2,0.010962294,1,0.0052220554,2,0.0038586299,0.0041291928
2007-11-14,0,0,0.10526558,0.0024553576,0.30598052,-0.010426956,,-0.020329553,-0.003187124,0,-0,0,-0,0,-0,0,-0,0,-0,0.015772871
2007-11-15,0,0,0.72994619,-0.0068210008,0.31484001,-0.0080708004,,-0.016201117,-0.0096080708,0,-0,0,-0,0,-0,0,-0,0,-0,-0.01170142
2007-11-16,0,0,-1.5719051,0.0071605191,0.31570678,0.00022642364,,0.00045685569,0.0042782509,0,0,0,0,0,0,0,0,0,0,-0.0084731497
2007-11-19,0,0,0.0070409823,-0.0013728391,0.31351719,-0.020857997,,-0.041554358,-0.022981012,0,-0,0,-0,0,-0,0,-0,0,-0,-0.017034522
2007-11-20,0,0,-1.7084201,0.0070558851,0.29565052,0.0040938067,,0.0083189732,0.0099326456,0,0,0,0,0,0,0,0,0,0,-0.011514768
2007-11-21,0,0,-1.8412447,0.0052757169,0.28818288,-0.033723572,,-0.067447143,-0.030174606,0,-0,0,-0,0,-0,0,-0,0,-0,-0.033723572
2007-11-22,0,0,0.74559221,0.0012964256,0.31028803,0.006993007,,0.014110429,0.0060424293,0,0,0,0,0,0,0,0,0,0,-0.0018083183
2007-11-23,0,0,0.80110941,-0.0066839936,0.29538702,-0.0076988361,,-0.015457644,-0.015753873,0,-0,0,-0,0,-0,0,-0,0,-0,-0.011533816
2007-11-26,0,0,0.45579041,-0.0052306261,0.27127276,0.033421975,,0.066136459,0.028679772,0,0,0,0,0,0,0,0,0,0,0.044596493
2007-11-27,0,0,-0.80490156,-0.0054198297,0.31872864,0.032645945,,0.067173873,0.024709554,0,0,0,0,0,0,0,0,0,0,0.0045031873
2007-11-28,0,0,-0.51117047,-9.2049883e-06,0.31946318,-0.027961949,,-0.055384264,-0.025607766,0,-0,0,-0,0,-0,0,-0,0,-0,-0.018397764
2007-11-29,0,0,0.64110538,-0.0075308747,0.31908902,-0.0002899223,,-0.00056715064,-0.0030908028,0,-0,0,-0,0,-0,0,-0,0,-0,0.022597865
2007-11-30,0,0,0.6534664,-0.0050097488,0.33623982,0.024882819,,0.049650713,0.0091356583,0,0,0,0,0,0,0,0,0,0,0.0272606
2007-12-03,0,0,-1.5375539,0.0064055243,0.33407978,-0.0024940483,,-0.0050076822,-0.001405249,0,-0,0,-0,0,-0,0,-0,0,-0,-0.0063802157
2007-12-04,1,0,1.1108349,0.0020095904,0.33408547,0.0072681847,,0.014525647,0.008930048,0,0,0,0,0,0,0,0,2,0.017460096,0.0080122741
2007-12-05,0,0,0.29459174,0.0028888474,0.32614823,0.012576134,,0.0251622,0.015581319,0,0,0,0,0,0,0,0,0,0,0.01217656
2007-12-06,0,0,0.30719991,-0.0067906641,0.33051541,0,,0,-0.0046650718,0,0,0,0,0,0,0,0,0,-0,0.0084656085
2007-12-07,0,0,-1.1265445,-0.0042764067,0.3108806,-0.017071966,,-0.033938997,-0.01712424,0,-0,0,-0,0,-0,0,-0,0,-0,-0.011100679
2007-12-10,0,0,-0.25196034,-0.0023278844,0.31064301,-0.013905953,,-0.027811907,-0.010853278,0,-0,0,-0,0,-0,0,-0,0,-0,-0.013905953
2007-12-11,0,0,0.16689035,-0.0076245741,0.29041051,0.010663507,,0.021246698,0.0025586874,0,0,0,0,0,0,0,0,0,0,0.014498499
2007-12-12,0,0,0.13967212,0.0032157422,0.29258366,0.024254473,,0.049372724,0.021576489,0,0,0,0,0,0,0,0,0,0,0.00664322
2007-12-13,0,0,-1.9736449,0.007477026,0.28108636,-0.019943336,,-0.039955481,-0.0045063332,0,-0,0,-0,0,-0,0,-0,0,-0,-0.021628217
2007-12-14,0,0,-1.0015676,-0.0040913595,0.27960084,-0.005219562,,-0.010448609,-0.012310335,0,-0,0,-0,0,-0,0,-0,0,-0,-0.0061217549
2007-12-17,0,0,-0.34724953,0.0024930619,0.28087676,-0.014523659,,-0.029356943,-0.017525471,0,-0,0,-0,0,-0,0,-0,0,-0,-0.024808943
2007-12-18,0,0,0.20930375,0.011343706,0.29352052,0.01292521,,0.025969427,0.020967255,0,0,0,0,0,0,0,0,0,0,0.0083045792
2007-12-20,0,0,0.69562892,-0.002821206,0.29293316,-0.015515949,,-0.030861011,-0.017767348,0,-0,0,-0,0,-0,0,-0,0,-0,-0.010034221
2007-12-21,0,0,0.16242339,-0.0014431341,0.26673987,0.014933209,,0.029736322,0.016244645,0,0,0,0,0,0,0,0,0,0,0.019393016
2007-12-24,0,0,-0.83493085,-0.0041244164,0.27606337,0.017703649,,0.035071892,0.011929825,0,0,0,0,0,0,0,0,0,0,0.027530318
2007-12-26,0,0,-0.99752518,-0.00093372862,0.28013523,-0.0084376397,,-0.016858323,-0.009720584,0,-0,0,-0,0,-0,0,-0,0,-0,-0.0074393109
2007-12-27,0,0,-1.0040947,0.0078434126,0.23393174,0.0019639751,,0.00391127,0.0028018129,0,0,0,0,0,0,0,0,0,0,0.0062552832
2007-12-28,0,0,0.49650688,0.0096783679,0.23404774,-0.00073231185,,-0.0014732548,0.00016581686,0,-0,0,-0,0,-0,0,-0,0,0,-0.0065524194
2008-01-02,0,0,0.064829208,0.0112597,0.22927974,-0.02435724,,-0.04872272,-0.021499563,0,-0,0,-0,0,-0,0,-0,0,-0,-0.024522239
2008-01-03,0,0,0.26650291,0.0068197898,0.2307908,0.004474923,,0.0090005845,0.0074268052,0,0,0,0,0,0,0,0,0,0,-0.0011558021
2008-01-04,0,0,-0.23262768,0.0026012911,0.22470649,0.0038161318,,0.0076274125,0.0049015429,0,0,0,0,0,0,0,0,0,0,0.0044549873
2008-01-07,0,0,-1.5557655,0.0072426404,0.22575303,0.0011770245,,0.0024063045,0.0070186146,0,0,0,0,0,0,0,0,0,0,-0.020102529
2008-01-08,0,0,-0.085791581,-0.0015239279,0.23138338,-0.0050472446,,-0.010078519,-0.0060841424,0,-0,0,-0,0,-0,0,-0,0,-0,-0.0034681401
2008-01-09,0,0,0.19579571,-0.0030855052,0.22460133,0.02308984,,0.046965538,0.023729858,0,0,0,0,0,0,0,0,0,0,0.0062525807
2008-01-10,0,0,-2.4265696,-0.00092732207,0.22379255,-0.011096834,,-0.022112307,-0.014050013,0,-0,0,-0,0,-0,0,-0,0,-0,-0.0074447506
2008-01-11,0,0,0.82211865,-0.0043524296,0.22563669,-0.032201199,,-0.064078578,-0.033215578,0,-0,0,-0,0,-0,0,-0,0,-0,-0.027285613
2008-01-14,1,1,2.1351148,-0.0069573584,0.23295508,-0.00067097719,,-0.0013482044,-0.006642889,1.2878019,-0.0013658845,2,-0.0018482044,2,-0.0018482044,1,-0.0011709772,2,-0.013685778,-0.0052823315
2008-01-15,0,0,-0.24903962,-0.0037493187,0.22646254,-0.014393295,,-0.028642214,-0.017216834,0,-0,0,-0,0,-0,0,-0,0,-0,-0.0093999878
2008-01-16,0,0,0.41804994,0.0079131687,0.22554739,-0.0072224644,,-0.014597622,-0.0047487321,0,-0,0,-0,0,-0,0,-0,0,-0,-0.017499538
2008-01-17,1,1,3.2871473,-0.00087738362,0.23372225,0.0062920508,,0.012500774,0.0015102975,1.2835748,0.0075526883,2,0.012000774,2,0.012000774,1,0.0057920508,2,0.002620595,0.013044842
2008-01-18,0,0,0.48142564,0.013955525,0.24147992,0.019784623,,0.040022798,0.026422669,0,0,0,0,0,0,0,0,0,0,0.0083575806
2008-01-21,0,0,-0.55899219,-0.00018892273,0.22477918,-0.022089849,,-0.044656297,-0.02184366,0,-0,0,-0,0,-0,0,-0,0,-0,-0.032416503
2008-01-22,0,0,-7.1981489,0.0071111577,0.23640956,-0.014342526,,-0.02949457,-0.0086269568,0,-0,0,-0,0,-0,0,-0,0,-0,-0.040672589
2008-01-23,1,1,6.4880733,-0.0036024602,0.27096219,-0.0060143569,,-0.011766939,-0.013660162,1.1071655,-0.0071308354,2,-0.012266939,2,-0.012266939,1,-0.0065143569,2,-0.027720324,0.016601627
2008-01-24,0,0,0.53530521,-0.0024118154,0.25983358,0.0019856521,,0.003910685,-0.002503188,0,0,0,0,0,0,0,0,0,-0,0.017761874
2008-01-25,0,0,0.4460939,0.0043553786,0.25403367,0.00025160398,,0.00049526404,0.0063169716,0,0,0,0,0,0,0,0,0,0,0.016556926
2008-01-28,0,0,-0.56721056,0.0017234552,0.26979605,-0.026522155,,-0.053788467,-0.024744994,0,-0,0,-0,0,-0,0,-0,0,-0,-0.039806314
2008-01-29,0,0,0.65028767,-0.0036404859,0.29389251,-0.00077374428,,-0.0015239063,-0.0081231295,0,-0,0,-0,0,-0,0,-0,0,-0,0.014932216
2008-01-30,0,0,0.60327724,-0.0015288449,0.30153661,-0.032967738,,-0.065540325,-0.034721563,0,-0,0,-0,0,-0,0,-0,0,-0,-0.02710202
2008-01-31,0,0,-0.31997295,-0.00038919227,0.30204273,0.026075358,,0.052437471,0.02587271,0,0,0,0,0,0,0,0,0,0,0.020494793
2008-02-01,0,0,-0.44213182,-0.0083711604,0.31785798,0.00045322111,,0.00090299278,-0.0058957779,0,0,0,0,0,0,0,0,0,-0,0.0042896139
2008-02-04,0,0,0.4950962,-0.0056670669,0.31862197,0.023059185,,0.04565052,0.019856617,0,0,0,0,0,0,0,0,0,0,0.033652602
2008-02-05,0,0,0.81373467,-0.0043836402,0.34351875,0.0084297937,,0.016940582,0.0060760668,0,0,0,0,0,0,0,0,0,0,0.0036313549
2008-02-11,0,0,-0.22256038,0.0039603501,0.34422898,-0.0080707148,,-0.016585494,-0.0070814125,0,-0,0,-0,0,-0,0,-0,0,-0,-0.033936369
2008-02-12,0,0,0.31246383,-0.0028254002,0.36118737,-0.0021268368,,-0.0042454651,-0.0072670276,0,-0,0,-0,0,-0,0,-0,0,-0,-0.00019372336
2008-02-13,0,0,0.83539945,0.00010698218,0.36038157,-0.018101573,,-0.035856826,-0.018721634,0,-0,0,-0,0,-0,0,-0,0,-0,-0.0085254796
2008-02-14,0,0,0.92531887,-0.0047078526,0.35451569,0.021283436,,0.042023742,0.023335069,0,0,0,0,0,0,0,0,0,0,0.034655723
2008-02-15,0,0,-0.97404445,-0.0029618931,0.38876885,0.013637522,,0.027611122,0.01212406,0,0,0,0,0,0,0,0,0,0,0.0014480892
2008-02-18,0,0,0.29357521,-0.003168562,0.38795064,0.001066834,,0.002129792,-0.003146109,0,0,0,0,0,0,0,0,0,-0,0.0028919904
2008-02-19,1,1,1.8900517,-0.008358482,0.37927707,0.0051884728,,0.010347837,0.0011920591,0.79097848,0.0037084811,2,0.0098478369,2,0.0098478369,1,0.0046884728,2,0.0019841181,0.0080240722
2008-02-20,0,0,-1.8195179,0.0027748778,0.37918028,-0.012558575,,-0.025235405,-0.010549695,0,-0,0,-0,0,-0,0,-0,0,-0,-0.017164179
2008-02-21,0,0,0.64542771,-0.0029030857,0.38583402,0.0042673361,,0.0084650815,-9.2421442e-05,0,0,0,0,0,0,0,0,0,-0,0.012591749
2008-02-22,0,0,-0.16260712,0.0021795551,0.37424315,-0.0047297723,,-0.0095474508,-0.0016815358,0,-0,0,-0,0,-0,0,-0,0,-0,-0.013809911
2008-02-25,0,0,0.18492137,-0.0023592847,0.34191747,0.0083029312,,0.016485575,0.0067247936,0,0,0,0,0,0,0,0,0,0,0.015714105
2008-02-26,0,0,-0.57681108,-0.00022838323,0.34307951,-0.0093359713,,-0.01850717,-0.0084447893,0,-0,0,-0,0,-0,0,-0,0,-0,-0.00043668122
2008-02-27,0,0,0.55379424,-0.0055083638,0.33743527,0.0029163564,,0.0057992473,-0.002597521,0,0,0,0,0,0,0,0,0,-0,0.0087374399
2008-02-28,0,0,0.37388536,0.00073914365,0.33253757,0.0059813776,,0.011923053,0.0052406125,0,0,0,0,0,0,0,0,0,0,0.0093423251
2008-02-29,0,0,-0.96867846,0.0073973948,0.29599567,-0.01011534,,-0.020357498,-0.0049557197,0,-0,0,-0,0,-0,0,-0,0,-0,-0.016243717
2008-03-03,0,0,0.06614778,-0.0009018678,0.30308974,-0.0028735632,,-0.0058935237,-0.0024499411,0,-0,0,-0,0,-0,0,-0,0,-0,-0.027042183
2008-03-04,0,0,0.17933453,-0.0010903071,0.30101906,-0.00051085568,,-0.0010187838,-0.00070658062,0,-0,0,-0,0,-0,0,-0,0,-0,0.0023695165
2008-03-05,0,0,0.69062832,-0.0027376376,0.29269567,-0.00051085568,,-0.0010211897,-0.002351392,0,-0,0,-0,0,-0,0,-0,0,-0,0
2008-03-06,0,0,-0.47887417,0.0024618621,0.29209283,0.0092804475,,0.018466987,0.010437236,0,0,0,0,0,0,0,0,0,0,0.014439049
2008-03-07,1,1,1.2928298,-0.0058531307,0.26886128,-0.0047399436,,-0.009644207,-0.010665288,1.1158171,-0.005807941,2,-0.010144207,2,-0.010144207,1,-0.0052399436,2,-0.021730577,-0.021413276
2008-03-10,0,0,-2.1662313,0.0022512184,0.27770852,0.001373896,,0.0027940394,-0.001983551,0,0,0,0,0,0,0,0,0,-0,-0.014931137
2008-03-11,0,0,-0.25951384,0.011667646,0.25497058,0.012434211,,0.025043063,0.021905697,0,0,0,0,0,0,0,0,0,0,0.00542271
2008-03-12,0,0,-0.65227077,-0.0029327648,0.25700282,-0.013397676,,-0.026196536,-0.015481759,0,-0,0,-0,0,-0,0,-0,0,-0,0.0096822406
2008-03-13,0,0,0.79465787,-0.0043464248,0.25892614,-0.018823986,,-0.037841352,-0.027312524,0,-0,0,-0,0,-0,0,-0,0,-0,-0.023812588
2008-03-14,1,1,1.5404626,-7.7159868e-05,0.23096208,-0.02470826,,-0.048871696,-0.022999036,1.2989145,-0.032431062,2,-0.049371696,2,-0.049371696,1,-0.02520826,2,-0.046398071,-0.01371308
2008-03-17,1,1,1.6420571,-0.00043247077,0.23194462,-0.015651239,,-0.03145673,-0.0083432658,1.2934122,-0.020788763,2,-0.03195673,2,-0.03195673,1,-0.016151239,2,-0.017086532,-0.020454545
2008-03-18,1,1,2.281815,-0.0086334129,0.23514614,0.013241885,,0.026354913,0.0029822556,1.2758023,0.016358489,2,0.025854913,2,0.025854913,1,0.012741885,2,0.0055645112,0.018220281
2008-03-19,0,0,-1.7173042,-0.0019063516,0.232512,-0.00065612493,,-0.0012852644,-0.001692211,0,-0,0,-0,0,-0,0,-0,0,-0,0.020776087
2008-03-20,0,0,0.89161968,-0.0034696918,0.24230916,0.016405468,,0.033335592,0.013787351,0,0,0,0,0,0,0,0,0,0,0.00065655571
2008-03-21,0,0,-1.190278,0.0047804834,0.23723105,-0.0021272481,,-0.0041811847,0.001863354,0,-0,0,-0,0,-0,0,-0,0,0,0.015681386
2008-03-24,0,0,0.62954663,-0.0030092906,0.24147636,0.0043870968,,0.0087628866,0.001138736,0,0,0,0,0,0,0,0,0,0,0.0056847545
2008-03-25,0,0,0.072363653,-0.0030104242,0.23520488,-0.001842908,,-0.0036468813,-0.0008881825,0,-0,0,-0,0,-0,0,-0,0,-0,0.0089285714
2008-03-26,0,0,-0.36584849,-0.0046249097,0.24054549,0.0045202776,,0.0090405552,0.0022905759,0,0,0,0,0,0,0,0,0,0,0.0045202776
2008-03-27,0,0,0.062151888,-0.0019255711,0.23903187,0.0040122277,,0.0080634839,0.0026725431,0,0,0,0,0,0,0,0,0,0,-0.00082393206
2008-03-28,0,0,0.80081886,-0.001436052,0.23681054,0.016819572,,0.033787675,0.018759966,0,0,0,0,0,0,0,0,0,0,0.012369172
2008-03-31,1,1,1.1777773,-0.0032744348,0.23686255,0.0073276132,,0.014648804,-0.00018374753,1.2665573,0.0087791305,2,0.014148804,2,0.014148804,1,0.0068276132,2,-0.00076749506,0.0077694236
2008-04-01,0,0,-1.2934742,0.0033400615,0.21953984,-0.0039279257,,-0.0078779542,0.0026699811,0,-0,0,-0,0,-0,0,-0,0,0,-0.0067147476
2008-04-02,0,0,-1.2209532,-0.0050725876,0.21954748,0.011042945,,0.021655438,0.0050756861,0,0,0,0,0,0,0,0,0,0,0.031547321
2008-04-03,0,0,0.41490514,-0.0032156841,0.23786819,0.014575489,,0.029175784,0.012037987,0,0,0,0,0,0,0,0,0,0,0.013713592
2008-04-04,0,0,-0.47641508,0.00046893691,0.2386799,0.001137384,,0.0022749042,0.00035262485,0,0,0,0,0,0,0,0,0,0,0.0010774572
2008-04-07,0,0,-0.10525751,-0.0021556108,0.22305793,0.0016765463,,0.0033577168,0.0023762376,0,0,0,0,0,0,0,0,0,0,0.00029897154
2008-04-08,0,0,-0.83001111,-0.0033499673,0.20401613,-0.0091198176,,-0.018307739,-0.0093301646,0,-0,0,-0,0,-0,0,-0,0,-0,-0.012792157
2008-04-10,0,0,0.44544872,-0.0041183098,0.21201479,0.012870562,,0.025932526,0.012384316,0,0,0,0,0,0,0,0,0,0,0.0054495913
2008-04-11,0,0,-0.48560136,0.0010977675,0.210241,0.005396007,,0.010744344,0.0085515296,0,0,0,0,0,0,0,0,0,0,0.0098765432
2008-04-14,0,0,-0.78509011,0.003519052,0.17231672,-0.0023005206,,-0.0046720354,0.00084689102,0,-0,0,-0,0,-0,0,-0,0,0,-0.017234182
2008-04-15,0,0,0.43511246,-0.0030473924,0.18628462,-0.0010945576,,-0.0021937843,-0.0058711026,0,-0,0,-0,0,-0,0,-0,0,-0,-0.0032160194
2008-04-16,0,0,0.73902427,-0.00065774881,0.17528651,0.0022365955,,0.0044420433,-0.0011966494,0,0,0,0,0,0,0,0,0,-0,0.0093139344
2008-04-17,0,0,-0.71042829,-0.0023773207,0.17463232,-0.0060917344,,-0.012065295,-0.0074339689,0,-0,0,-0,0,-0,0,-0,0,-0,0.0037394451
2008-04-18,0,0,0.066788982,-0.0025055541,0.16195468,0.0028221448,,0.0056402256,-0.0010110779,0,0,0,0,0,0,0,0,0,-0,0.003545247
2008-04-21,0,0,-0.37969469,-0.0024106188,0.16179239,0.0048578199,,0.0096136937,0.0037786657,0,0,0,0,0,0,0,0,0,0,0.015627807
2008-04-22,0,0,-0.1861202,-0.0026147805,0.16370819,-0.0046684789,,-0.0093590807,-0.0071038725,0,-0,0,-0,0,-0,0,-0,0,-0,-0.0070156821
2008-04-23,0,0,0.47312217,-0.0034415789,0.17004831,0.012784515,,0.025728885,0.0086180498,0,0,0,0,0,0,0,0,0,0,0.006530903
2008-04-24,0,0,0.13360752,-0.0010825953,0.16705389,-0.0057653842,,-0.011500323,-0.0034977114,0,-0,0,-0,0,-0,0,-0,0,-0,-0.0031262903
2008-04-25,0,0,-0.17776027,-0.0026592866,0.16736846,0.015527585,,0.030869972,0.011034483,0,0,0,0,0,0,0,0,0,0,0.021656805
2008-04-28,0,0,-0.61560466,-3.896519e-05,0.17138391,0.0008101383,,0.0016188714,-0.00093541392,0,0,0,0,0,0,0,0,0,-0,0.0016796015
2008-04-29,0,0,0.41766422,0.0033867631,0.16652704,-0.013514291,,-0.026883258,-0.01039501,0,-0,0,-0,0,-0,0,-0,0,-0,-0.0081526453
2008-04-30,0,0,-0.054453999,0.0017685669,0.17125551,0.0090384279,,0.018082128,0.0096236467,0,0,0,0,0,0,0,0,0,0,0.0087443162
2008-05-02,0,0,0.67617577,-0.0059068081,0.17149281,0.0053809606,,0.010661223,-0.002345648,0,0,0,0,0,0,0,0,0,-0,0.014967638
2008-05-06,0,0,-0.065110284,0.0018238686,0.1524029,0.0025052668,,0.0050105335,0.0057524353,0,0,0,0,0,0,0,0,0,0,0.0025052668
2008-05-07,0,0,-0.970442,-0.0032714467,0.14688637,-0.0057392886,,-0.011484451,-0.005044399,0,-0,0,-0,0,-0,0,-0,0,-0,-0.0062475152
2008-05-08,0,0,-0.011754694,-0.0006867187,0.14829962,0.0071626617,,0.014480061,0.0077265973,0,0,0,0,0,0,0,0,0,0,-0.0034863119
2008-05-09,0,0,-0.20906482,-0.0012968976,0.15087086,-0.021628426,,-0.043155611,-0.017179821,0,-0,0,-0,0,-0,0,-0,0,-0,-0.019327827
2008-05-13,0,0,-0.17640391,-0.0047472561,0.15411539,0.014096814,,0.02808239,0.0093688783,0,0,0,0,0,0,0,0,0,0,0.018129715
2008-05-14,0,0,-0.37410836,0.0012665177,0.15848542,0.0014360388,,0.0028720777,0.001351808,0,0,0,0,0,0,0,0,0,0,0.0014360388
2008-05-15,0,0,0.015998099,-0.001590445,0.15571127,0.024395831,,0.048713551,0.020955821,0,0,0,0,0,0,0,0,0,0,0.026041069
2008-05-16,0,0,-0.86983807,0.00057084732,0.15785262,0.0017832265,,0.0035551605,-0.0025393185,0,0,0,0,0,0,0,0,0,-0,0.0049754025
2008-05-19,0,0,-0.029002904,0.0015266214,0.15483546,-0.0037269845,,-0.007453969,-0.005654579,0,-0,0,-0,0,-0,0,-0,0,-0,-0.0037269845
2008-05-20,0,0,-0.3696597,0.0030087065,0.15654828,-0.0092711533,,-0.018547486,-0.0082024649,0,-0,0,-0,0,-0,0,-0,0,-0,-0.0095477387
2008-05-21,0,0,-1.2983587,0.0011137606,0.16174973,-0.0027408211,,-0.005553306,-0.00058999536,0,-0,0,-0,0,-0,0,-0,0,-0,-0.015446192
2008-05-22,0,0,-0.098478301,0.0045587481,0.17312202,0.00040341171,,0.00081211207,0.0043107128,0,0,0,0,0,0,0,0,0,0,-0.0060692814
2008-05-23,0,0,-0.49163998,0.00010573207,0.16725694,-0.0062190487,,-0.012433086,-0.0052680772,0,-0,0,-0,0,-0,0,-0,0,-0,-0.0058183075
2008-05-26,0,0,0.10381776,-0.00023959862,0.16531145,-0.0051434917,,-0.010377358,-0.0073234825,0,-0,0,-0,0,-0,0,-0,0,-0,-0.013732762
2008-05-27,0,0,0.47537318,-0.00044242548,0.17473803,0.0099114421,,0.019788069,0.011150006,0,0,0,0,0,0,0,0,0,0,0.01169144
2008-05-28,0,0,-0.070195024,-0.00312151,0.18303807,-0.014567316,,-0.029002187,-0.01809455,0,-0,0,-0,0,-0,0,-0,0,-0,-0.010046458
2008-05-29,0,0,0.55962792,-0.001542095,0.17848428,0.014865338,,0.029546376,0.014636449,0,0,0,0,0,0,0,0,0,0,0.021235408
2008-05-30,0,0,-0.50406812,-0.0011375315,0.1966218,0.0071076465,,0.014185208,0.0021100608,0,0,0,0,0,0,0,0,0,0,0.0092480901
2008-06-02,0,0,-0.79955335,0.0029560475,0.19493914,-0.0034242666,,-0.0068673458,-0.00054873159,0,-0,0,-0,0,-0,0,-0,0,-0,-0.0061468412
2008-06-03,0,0,-0.20188976,0.0020250608,0.19377908,-0.0080682342,,-0.016239415,-0.0071966955,0,-0,0,-0,0,-0,0,-0,0,-0,-0.014316802
2008-06-04,0,0,0.77022966,-0.0029174713,0.19505228,0.009844469,,0.019740684,0.0069819241,0,0,0,0,0,0,0,0,0,0,0.0072042761
2008-06-05,0,0,-0.6324448,0.0026899212,0.19650363,-0.0023650208,,-0.0047300415,0.0013649548,0,-0,0,-0,0,-0,0,-0,0,0,-0.0023650208
2008-06-09,0,0,-2.7764366,0.0054601963,0.19624611,0.0036519998,,0.007443424,0.010482638,0,0,0,0,0,0,0,0,0,0,-0.014801966
2008-06-10,0,0,0.03091482,-0.0026123361,0.201709,-0.019822884,,-0.039617887,-0.022732174,0,-0,0,-0,0,-0,0,-0,0,-0,-0.019132578
2008-06-11,0,0,0.68204259,-0.0017894212,0.2084081,0.0053776291,,0.010740498,0.00026389866,0,0,0,0,0,0,0,0,0,0,0.0067612039
2008-06-12,0,0,-0.54949641,0.0084985702,0.20237883,-0.010209597,,-0.020636077,-0.012148823,0,-0,0,-0,0,-0,0,-0,0,-0,-0.020503982
2008-06-13,0,0,0.90648602,0.002088715,0.22139683,-0.0073921474,,-0.01476372,-0.0021051689,0,-0,0,-0,0,-0,0,-0,0,-0,-0.0060069171
2008-06-16,0,0,-0.48102614,-0.0052750237,0.19793065,0.0023614896,,0.0046852475,-0.00066648894,0,0,0,0,0,0,0,0,0,-0,0.010499329
2008-06-17,0,0,0.32414335,-0.0046286959,0.2029184,-0.0053111232,,-0.010612639,-0.0088189674,0,-0,0,-0,0,-0,0,-0,0,-0,-0.0044098103
2008-06-18,0,0,0.099008992,0.00025652008,0.20299911,0.016923358,,0.033958346,0.016736214,0,0,0,0,0,0,0,0,0,0,0.013591408
2008-06-19,0,0,-0.72439566,0.0037691139,0.211025,-0.010556159,,-0.021275302,-0.0093695623,0,-0,0,-0,0,-0,0,-0,0,-0,-0.01807842
2008-06-20,0,0,0.45314732,-0.00011179769,0.21610623,-0.010501396,,-0.020912662,-0.013506865,0,-0,0,-0,0,-0,0,-0,0,-0,-0.0062183747
2008-06-23,0,0,-0.29265349,0.0032242169,0.21581584,0.0055406836,,0.011248025,0.0060776279,0,0,0,0,0,0,0,0,0,0,-0.0091405435
2008-06-24,0,0,-1.105939,0.0045182434,0.21686151,0.0004960625,,0.00099366538,0.0030371359,0,0,0,0,0,0,0,0,0,0,-0.0010525012
2008-06-25,0,0,0.1211092,0.00034671288,0.21178559,0.0048417132,,0.0096984768,0.0047726125,0,0,0,0,0,0,0,0,0,0,0.0032847846
2008-06-26,0,0,-0.97312189,0.0035747642,0.20282278,-0.0014777415,,-0.0029458696,0.00086785731,0,-0,0,-0,0,-0,0,-0,0,0,0.0017914505
2008-06-27,0,0,-0.59385164,0.005979088,0.20057706,-0.00044091711,,-0.00090119086,0.0053408292,0,-0,0,-0,0,-0,0,-0,0,0,-0.021458963
2008-06-30,0,0,0.093914321,-0.0023860277,0.1868598,0.0016443208,,0.0033005395,-0.003779219,0,0,0,0,0,0,0,0,0,-0,-0.0019534942
2008-07-01,0,0,-0.26600367,-0.0004698327,0.18361249,-0.0046190838,,-0.009258085,-0.0029020783,0,-0,0,-0,0,-0,0,-0,0,-0,-0.0067559035
2008-07-02,0,0,-0.89318672,-0.00063144876,0.18371123,-0.020670356,,-0.041361756,-0.022514689,0,-0,0,-0,0,-0,0,-0,0,-0,-0.021168394
2008-07-03,0,0,-1.1307536,0.0064131994,0.19207884,0.00032948929,,0.00066880685,0.0097187454,0,0,0,0,0,0,0,0,0,0,-0.014157683
2008-07-04,0,0,-0.52899327,-0.0028404532,0.1855018,-0.016237624,,-0.032539683,-0.018057922,0,-0,0,-0,0,-0,0,-0,0,-0,-0.018181818
2008-07-07,0,0,-1.0704291,0.0014160643,0.18969783,0.011048979,,0.022189149,0.0085231521,0,0,0,0,0,0,0,0,0,0,0.0069108964
2008-07-08,0,0,0.69023176,0.0014793228,0.19124423,-0.026423172,,-0.053052179,-0.027369463,0,-0,0,-0,0,-0,0,-0,0,-0,-0.030185913
2008-07-09,0,0,0.16902933,-0.00047105865,0.2010132,-0.020913706,,-0.04121099,-0.025195352,0,-0,0,-0,0,-0,0,-0,0,-0,-0.0060464477
2008-07-10,0,0,0.51050643,0.0058844608,0.19706282,0.018471872,,0.037399065,0.023403701,0,0,0,0,0,0,0,0,0,0,0.0062214849
2008-07-11,0,0,-0.45680365,-0.00297066,0.19079502,0.01297275,,0.02592237,0.015322171,0,0,0,0,0,0,0,0,0,0,0.013877439
2008-07-14,0,0,0.87127259,-0.002835774,0.20583786,-0.00054207887,,-0.0010841577,-0.0025547262,0,-0,0,-0,0,-0,0,-0,0,-0,-0.00054207887
2008-07-15,0,0,0.091440689,-0.0010078665,0.19831951,-0.022520985,,-0.045342127,-0.02525125,0,-0,0,-0,0,-0,0,-0,0,-0,-0.028949153
2008-07-16,1,1,2.0258491,-0.0039407449,0.21677987,-0.0057250576,,-0.011450115,-0.0076304393,1.3838923,-0.0084228632,2,-0.011950115,2,-0.011950115,1,-0.0062250576,2,-0.015660879,-0.0057250576
2008-07-17,0,0,0.39845547,-0.0017954425,0.20390441,-0.0065893335,,-0.012888501,-0.01086129,0,-0,0,-0,0,-0,0,-0,0,-0,0.016290991
2008-07-18,0,0,0.020691111,0.0045327829,0.21102388,-0.023465211,,-0.046339328,-0.021064921,0,-0,0,-0,0,-0,0,-0,0,-0,-0.010847786
2008-07-21,1,1,2.1297535,-0.0084426164,0.21150291,0.030343008,,0.060325787,0.021867975,1.4184202,0.042388408,2,0.059825787,2,0.059825787,1,0.029843008,2,0.043335949,0.036532551
2008-07-22,0,0,-1.5689013,-0.0033823073,0.26163457,0.010711605,,0.021692573,0.0080230094,0,0,0,0,0,0,0,0,0,0,-0.0016847496
2008-07-23,0,0,0.53708936,0.0045439579,0.26179818,0.0024472518,,0.0047977178,0.0038945033,0,0,0,0,0,0,0,0,0,0,0.02308627
2008-07-24,0,0,0.44530476,-0.0027003311,0.2734347,0.015739216,,0.03141843,0.015698128,0,0,0,0,0,0,0,0,0,0,0.017682766
2008-07-25,0,0,-0.45358226,0.0010937684,0.28905175,-0.0018467221,,-0.0037583893,0.00068583746,0,-0,0,-0,0,-0,0,-0,0,0,-0.018801867
2008-07-28,0,0,0.32691237,0.00020929476,0.28812212,-0.0086551702,,-0.017178553,-0.0080245112,0,-0,0,-0,0,-0,0,-0,0,-0,-0.00099114576
2008-07-29,0,0,-0.55449226,0.0012722503,0.28795847,-0.0063184782,,-0.012845917,-0.0027438264,0,-0,0,-0,0,-0,0,-0,0,-0,-0.022223692
2008-07-30,0,0,-0.50299995,-0.003056297,0.29483514,-0.0004663247,,-0.00091869545,-0.0069379521,0,-0,0,-0,0,-0,0,-0,0,-0,0.014949604
2008-07-31,0,0,-1.5075539,0.0024535239,0.28739019,0.0039171425,,0.0078042328,0.0065088757,0,0,0,0,0,0,0,0,0,0,0.0077979206
2008-08-01,0,0,-0.0705977,0.0025194212,0.28849018,-0.0087935514,,-0.017716932,-0.0033151905,0,-0,0,-0,0,-0,0,-0,0,-0,-0.016004233
2008-08-04,0,0,-0.14880581,-0.00086180439,0.28390637,-0.01549552,,-0.031066388,-0.014859878,0,-0,0,-0,0,-0,0,-0,0,-0,-0.017877546
2008-08-05,0,0,0.50276771,0.00069444572,0.29171722,-0.0043215805,,-0.008663962,-0.0025894897,0,-0,0,-0,0,-0,0,-0,0,-0,-0.0067063574
2008-08-06,0,0,-0.35973125,-0.0034054718,0.27355455,0.013245928,,0.025996419,0.0077218154,0,0,0,0,0,0,0,0,0,0,0.03293145
2008-08-07,0,0,-0.70364725,0.002753691,0.29007527,-0.01027146,,-0.02054292,-0.0090531315,0,-0,0,-0,0,-0,0,-0,0,-0,-0.01027146
2008-08-08,0,0,0.34424868,0.00083495427,0.29181759,0.011664393,,0.023617154,0.01378579,0,0,0,0,0,0,0,0,0,0,-0.00053911989
2008-08-11,0,0,-0.7518154,-0.00018133983,0.28397273,-0.004841812,,-0.0095281603,-0.0071123755,0,-0,0,-0,0,-0,0,-0,0,-0,0.011664756
2008-08-12,0,0,-1.0532767,0.0020940072,0.28458739,-0.0023958472,,-0.004784689,-0.0014327355,0,-0,0,-0,0,-0,0,-0,0,-0,-0.00093308451
2008-08-13,0,0,0.95473756,0.0019465501,0.25925017,-0.0098877606,,-0.01980463,-0.0064003969,0,-0,0,-0,0,-0,0,-0,0,-0,-0.011340894
2008-08-14,0,0,-0.71764319,0.0022605571,0.26196016,0.01325937,,0.026587086,0.012105078,0,0,0,0,0,0,0,0,0,0,0.010661269
2008-08-18,0,0,-0.62376908,-0.00014819572,0.25957717,-0.0026659557,,-0.005322688,-0.007310447,0,-0,0,-0,0,-0,0,-0,0,-0,-0.00093470423
2008-08-19,0,0,0.41008722,0.0044965137,0.25616814,-0.016438725,,-0.03314767,-0.0084320418,0,-0,0,-0,0,-0,0,-0,0,-0,-0.024391874
2008-08-20,0,0,0.01227825,-0.00024901932,0.22903607,0.0047409647,,0.0095113378,0.0054001732,0,0,0,0,0,0,0,0,0,0,0.0016439482
2008-08-21,0,0,-1.0906796,0.0028079241,0.22903307,-0.019180887,,-0.038291204,-0.016788395,0,-0,0,-0,0,-0,0,-0,0,-0,-0.017369897
2008-08-22,0,0,-0.96446859,0.0012011839,0.22413067,-0.0093438393,,-0.018724237,-0.0062098944,0,-0,0,-0,0,-0,0,-0,0,-0,-0.011274271
2008-08-25,0,0,-0.67309919,-0.003049503,0.20394692,0.0025234824,,0.005026178,-0.00067315659,0,0,0,0,0,0,0,0,0,-0,0.0066868445
2008-08-26,0,0,-0.41253929,0.0018549763,0.19760814,0.0093730029,,0.019042123,0.0086974856,0,0,0,0,0,0,0,0,0,0,-0.0060830653
2008-08-27,0,0,-0.81775155,0.0026317726,0.19855194,0.0042253521,,0.0084596405,0.0025639684,0,0,0,0,0,0,0,0,0,0,0.0031656701
2008-08-28,0,0,-0.12435021,0.00080942988,0.18871973,-0.020766326,,-0.041411043,-0.020955444,0,-0,0,-0,0,-0,0,-0,0,-0,-0.017882188
2008-08-29,0,0,-0.31623716,-0.0021895145,0.18867113,-0.00679983,,-0.013491673,-0.0090723163,0,-0,0,-0,0,-0,0,-0,0,-0,0.0012138522
2008-09-01,0,0,-0.7086398,0.0034756484,0.18145821,-0.025951557,,-0.052470485,-0.022330775,0,-0,0,-0,0,-0,0,-0,0,-0,-0.036371416
2008-09-02,0,0,0.31635394,-0.0044962333,0.21282212,0.011193477,,0.022423522,-0.0010952303,0,0,0,0,0,0,0,0,0,-0,0.0095470693
2008-09-03,0,0,-0.071002152,-0.0059717215,0.20702931,0.016695237,,0.033957402,0.013579636,0,0,0,0,0,0,0,0,0,0,0
2008-09-04,0,0,-0.58345937,0.00050160183,0.21322668,-0.0060912961,,-0.012196018,0.00010896214,0,-0,0,-0,0,-0,0,-0,0,0,-0.007184224
2008-09-05,0,0,-0.16878897,-0.0013407758,0.17446652,0.0074536967,,0.015206205,0.0068053774,0,0,0,0,0,0,0,0,0,0,-0.011961899
2008-09-08,1,1,3.3917668,-0.0051119004,0.1788529,0.030642915,,0.060139558,0.02719801,1.6773561,0.050122646,2,0.059639558,2,0.059639558,1,0.030142915,2,0.05399602,0.050668859
2008-09-09,0,0,-3.7202846,0.0051433969,0.27144607,-0.01488604,,-0.029812424,-0.0092720144,0,-0,0,-0,0,-0,0,-0,0,-0,-0.01621737
2008-09-10,1,0,1.4986012,0.0040971013,0.27201794,0.02318777,,0.046924728,0.024400848,0,0,0,0,0,0,0,0,2,0.048401696,0.011351312
2008-09-11,0,0,-1.569746,0.0070634981,0.27520376,-0.014086521,,-0.028179087,-0.012630569,0,-0,0,-0,0,-0,0,-0,0,-0,-0.01429797
2008-09-12,1,1,1.0493559,-0.0011842859,0.27886098,0.009167741,,0.018109791,0.0071599045,1.0758049,0.0093455919,2,0.017609791,2,0.017609791,1,0.008667741,2,0.013919809,0.021903104
2008-09-16,0,0,-5.2476223,-0.0095241605,0.29524157,0.015707609,,0.034132534,0.007996396,0,0,0,0,0,0,0,0,0,0,-0.059190916
2008-09-17,1,1,1.4239904,-0.00048235172,0.35315575,0.0024277202,,0.0047379756,0.0013639588,0.84948354,0.0016375665,2,0.0042379756,2,0.0042379756,1,0.0019277202,2,0.0023279175,0.027911889
2008-09-18,1,0,1.1392308,0.0038534991,0.36668868,-0.00067817045,,-0.0013936203,0.006174572,0,-0,0,-0,0,-0,0,-0,2,0.011949144,-0.026713636
2008-09-19,0,0,0.27688911,-0.0064308011,0.37327975,0.027313226,,0.052959502,0.013836546,0,0,0,0,0,0,0,0,0,0,0.060699744
2008-09-22,0,0,-3.072188,0.0022556339,0.41733873,-0.01137086,,-0.022594906,-0.006512605,0,-0,0,-0,0,-0,0,-0,0,-0,-0.004905097
2008-09-23,1,1,2.9627868,-0.003557467,0.41661762,0.024510158,,0.049619438,0.0221416,0.72008476,0.017289349,2,0.049119438,2,0.049119438,1,0.024010158,2,0.043883199,0.01228747
2008-09-24,1,1,1.405785,-0.002713542,0.41888525,0.015795438,,0.031707664,0.0098274961,0.7161866,0.010954388,2,0.031207664,2,0.031207664,1,0.015295438,2,0.019254992,0.012067749
2008-09-25,0,0,-0.73225356,0.0035577472,0.41865601,0.0079921481,,0.016071051,0.0093715833,0,0,0,0,0,0,0,0,0,0,0.0025800153
2008-09-26,0,0,-3.2567366,0.0051943087,0.41876991,-0.012891986,,-0.025834381,-0.0098186919,0,-0,0,-0,0,-0,0,-0,0,-0,-0.0148143
2008-09-29,0,0,0.93986973,0.0012482135,0.41982487,-0.026588301,,-0.052708232,-0.022704837,0,-0,0,-0,0,-0,0,-0,0,-0,-0.017860925
2008-09-30,1,1,2.3811919,-0.0088854507,0.42272155,0.047238704,,0.1003231,0.043502572,0.70968703,0.033169852,2,0.099823102,2,0.099823102,1,0.046738704,2,0.086605144,-0.010422657
2008-10-01,0,0,-4.8060158,-0.0089206787,0.40196395,-0.0019602149,,-0.0039184384,-0.0099791878,0,-0,0,-0,0,-0,0,-0,0,-0,-0.0014527493
2008-10-02,1,1,1.2734745,-0.0015260984,0.40282495,-0.021128799,,-0.042035557,-0.021896247,0.74474037,-0.01610784,2,-0.042535557,2,-0.042535557,1,-0.021628799,2,-0.044192494,-0.015930749
2008-10-06,1,0,1.8873509,0.0086642759,0.40516971,-0.022717049,,-0.04609066,-0.019879046,0,-0,0,-0,0,-0,0,-0,2,-0.040158092,-0.036442933
2008-10-07,1,0,1.7915976,0.0021742667,0.43151853,0.0200343,,0.040725775,0.02076705,0,0,0,0,0,0,0,0,2,0.041134101,0.0038358266
2008-10-08,0,0,0.96887042,0.0061712656,0.42928963,-0.023057015,,-0.047354433,-0.02257046,0,-0,0,-0,0,-0,0,-0,0,-0,-0.047993886
2008-10-09,1,0,1.3006647,0.0075355097,0.41834969,-0.0023153693,,-0.0046057333,0.0072774994,0,-0,0,-0,0,-0,0,-0,2,0.014154999,0.0031307698
2008-10-10,1,1,1.7560874,-0.0030754665,0.42050643,-0.0036611749,,-0.0076256499,-0.0031986221,0.71342547,-0.0029686882,2,-0.0081256499,2,-0.0081256499,1,-0.0041611749,2,-0.0067972443,-0.041773367
2008-10-13,1,1,4.2757777,-0.012464142,0.43575243,0.018154933,,0.035725833,0.010167248,0.68846431,0.012154791,2,0.035225833,2,0.035225833,1,0.017654933,2,0.019934496,0.035075998
2008-10-14,0,0,-3.8013544,0.0019690203,0.45998115,0.014189867,,0.02717873,0.018698536,0,0,0,0,0,0,0,0,0,0,0.061077941
2008-10-15,0,0,-2.6718068,0.0048064296,0.50603339,-0.0019360335,,-0.0039447732,0.0020699172,0,-0,0,-0,0,-0,0,-0,0,0,-0.019998479
2008-10-16,0,0,-1.1959609,0.0094098896,0.46941245,-0.046425637,,-0.098672721,-0.033893111,0,-0,0,-0,0,-0,0,-0,0,-0,-0.099549969
2008-10-17,0,0,-0.078353906,-1.9682866e-05,0.56588119,-0.039976534,,-0.077820377,-0.053080921,0,-0,0,-0,0,-0,0,-0,0,-0,-0.012925463
2008-10-20,1,0,2.1371419,0.0064326939,0.56838757,0.0095378479,,0.01894755,0.014687882,0,0,0,0,0,0,0,0,2,0.028975765,0.016412047
2008-10-21,0,0,-1.8900522,0.005390481,0.54402095,-0.023267577,,-0.045691582,-0.023870685,0,-0,0,-0,0,-0,0,-0,0,-0,-0.0048956455
2008-10-22,1,0,1.6817619,0.0053800357,0.54194326,-0.058180872,,-0.11689895,-0.045061888,0,-0,0,-0,0,-0,0,-0,2,-0.090523775,-0.062489211
2008-10-23,0,0,-0.40523121,-0.018445001,0.55332657,-0.015012107,,-0.031671434,-0.033806579,0,-0,0,-0,0,-0,0,-0,0,-0,-0.063708341
2008-10-24,0,0,-0.67271717,-0.0023976471,0.58624451,-0.11878073,,-0.23756146,-0.10544267,0,-0,0,-0,0,-0,0,-0,0,-0,-0.11878073
2008-10-27,1,1,2.7218741,-0.040558408,0.65689768,0.033755274,,0.069029851,0.019345961,0.45669213,0.015187422,2,0.068529851,2,0.068529851,1,0.033255274,2,0.038291922,0.01149297
2008-10-28,0,0,-1.4768733,-0.021125346,0.67447302,0.12658228,,0.26200873,0.084165711,0,0,0,0,0,0,0,0,0,0,0.089795918
2008-10-29,0,0,-1.4877501,0.012742379,0.72024203,-0.079352776,,-0.15218805,-0.074044758,0,-0,0,-0,0,-0,0,-0,0,-0,-0.038161757
2008-10-30,1,1,9.171009,-0.0027818594,0.72067397,0.074336283,,0.13950913,0.04568822,0.416277,0.030736347,2,0.13900913,2,0.13900913,1,0.073836283,2,0.090976439,0.14986319
2008-10-31,0,0,-1.8840952,0.020823133,0.87502878,0.021829235,,0.043937709,0.024305556,0,0,0,0,0,0,0,0,0,0,0.015376167
2008-11-03,0,0,-0.88085095,0.0042156332,0.88228093,-0.005425936,,-0.010887316,0.008197832,0,-0,0,-0,0,-0,0,-0,0,0,-0.0086533261
2008-11-04,0,0,0.62659811,-0.0091098214,0.87564596,0.015373485,,0.03058104,0.013705041,0,0,0,0,0,0,0,0,0,0,0.020912893
2008-11-05,0,0,0.3370414,-0.005186423,0.87889328,0,,0,-0.0048814953,0,0,0,0,0,0,0,0,0,-0,0.021464197
2008-11-06,0,0,-1.045807,-0.0086267607,0.86617356,-0.035145524,,-0.073967062,-0.036686152,0,-0,0,-0,0,-0,0,-0,0,-0,-0.080826576
2008-11-07,0,0,-0.74464499,-0.0028555442,0.9014572,0.077880094,,0.16102896,0.073396486,0,0,0,0,0,0,0,0,0,0,0.043729843
2008-11-10,0,0,-0.11728894,-0.0054609678,0.90394274,0.01594451,,0.031609965,0.00039793076,0,0,0,0,0,0,0,0,0,0,0.024993184
2008-11-11,0,0,-1.1331391,0.0050656174,0.89524972,-0.010880406,,-0.022263451,-0.0035090087,0,-0,0,-0,0,-0,0,-0,0,-0,-0.032718567
2008-11-12,0,0,-1.0271457,0.0023378893,0.86326224,0.021463233,,0.04371377,0.019734109,0,0,0,0,0,0,0,0,0,0,0.0033916949
2008-11-13,0,0,-1.8281669,0.0062693733,0.8618688,-0.00047750931,,-0.0010004002,0.016526571,0,-0,0,-0,0,-0,0,-0,0,0,-0.043851635
2008-11-14,0,0,-0.44275847,-0.0052724942,0.80231553,-0.032675539,,-0.062875309,-0.037222523,0,-0,0,-0,0,-0,0,-0,0,-0,0.0069749666
2008-11-17,1,0,1.1031904,0.0035041091,0.79675587,-0.00057504313,,-0.0011617775,0.0015675098,0,-0,0,-0,0,-0,0,-0,2,0.0027350196,-0.010532309
2008-11-18,0,0,-1.059802,0.0091408264,0.78848116,-0.02204878,,-0.044876886,-0.01619256,0,-0,0,-0,0,-0,0,-0,0,-0,-0.038741849
2008-11-19,0,0,-0.50861645,0.0074070739,0.79859345,-0.025371655,,-0.050413549,-0.019850381,0,-0,0,-0,0,-0,0,-0,0,-0,-0.018954509
2008-11-20,0,0,-1.4097475,-0.0055253723,0.78393276,-0.013887394,,-0.029505947,-0.018822969,0,-0,0,-0,0,-0,0,-0,0,-0,-0.068537726
2008-11-21,1,1,2.2245146,-0.0090664573,0.77783024,0.091051805,,0.18718303,0.077899596,0.38568827,0.034924769,2,0.18668303,2,0.18668303,1,0.090551805,2,0.15539919,0.062227074
2008-11-24,0,0,-4.4540476,0.0093916085,0.71374457,-0.037955153,,-0.075972823,-0.027623457,0,-0,0,-0,0,-0,0,-0,0,-0,-0.038746146
2008-11-25,1,1,1.4114201,-0.0069875384,0.72418526,-0.016176922,,-0.031038208,-0.03279184,0.41425864,-0.0069085591,2,-0.031538208,2,-0.031538208,1,-0.016676922,2,-0.06598368,0.027370897
2008-11-26,0,0,0.71048211,0.0050570433,0.70187661,0.036822507,,0.073198314,0.039091471,0,0,0,0,0,0,0,0,0,0,0.043188677
2008-11-27,0,0,0.98788438,-0.0028813256,0.71669114,0.0037937743,,0.0074031891,0.0044749188,0,0,0,0,0,0,0,0,0,0,0.02942937
2008-11-28,0,0,0.27120818,0.0019432365,0.57746054,0.012586472,,0.024959512,0.0075931232,0,0,0,0,0,0,0,0,0,0,0.021319895
2008-12-01,0,0,-0.82335771,0.0081668003,0.57317681,-0.022772559,,-0.045545118,-0.01376016,0,-0,0,-0,0,-0,0,-0,0,-0,-0.022772559
2008-12-02,0,0,0.042969698,0.0010502405,0.57403603,0.0094859241,,0.019980664,0.017426375,0,0,0,0,0,0,0,0,0,0,-0.039032916
2008-12-03,0,0,-0.81329857,-0.0038260666,0.57757646,-0.012534819,,-0.024688939,-0.014092821,0,-0,0,-0,0,-0,0,-0,0,-0,0.0029301809
2008-12-04,0,0,0.54171601,-0.0090366393,0.56889447,-0.026609528,,-0.052652337,-0.035730007,0,-0,0,-0,0,-0,0,-0,0,-0,-0.016018537
2008-12-05,1,1,2.6955119,-0.0061887995,0.51142073,0.013035951,,0.025934556,0.010379842,0.58660118,0.0073536035,2,0.025434556,2,0.025434556,1,0.012535951,2,0.020359684,0.018429405
2008-12-08,0,0,-0.70977498,-0.00054865468,0.49994857,0.066349772,,0.13074446,0.065289317,0,0,0,0,0,0,0,0,0,0,0.082537448
2008-12-09,0,0,-1.0020312,-0.0020825251,0.57734886,-0.010504976,,-0.020848574,-0.0081289706,0,-0,0,-0,0,-0,0,-0,0,-0,-0.0027860327
2008-12-10,1,1,1.7937546,-0.0085889021,0.57274053,0.034848062,,0.069547478,0.031620012,0.5237974,0.017991426,2,0.069047478,2,0.069047478,1,0.034348062,2,0.062840025,0.03706463
2008-12-11,0,0,-0.74470726,-0.0067570813,0.58848813,0.013636774,,0.027429609,0.0091663899,0,0,0,0,0,0,0,0,0,0,0.0079022989
2008-12-12,0,0,-1.0241553,0.0072088327,0.57576682,-0.02739229,,-0.055791613,-0.02452537,0,-0,0,-0,0,-0,0,-0,0,-0,-0.044636493
2008-12-15,1,1,2.6735774,-0.0045158291,0.60608695,0.021137026,,0.041321578,0.015695218,0.49497848,0.010214884,2,0.040821578,2,0.040821578,1,0.020637026,2,0.030990435,0.04522988
2008-12-16,0,0,-0.22961071,0.0061614832,0.62637747,0.0030449579,,0.006112909,0.0085965614,0,0,0,0,0,0,0,0,0,0,-0.00071377587
2008-12-17,0,0,-0.42671464,0.00050062198,0.60401346,-0.018492673,,-0.036152797,-0.014337381,0,-0,0,-0,0,-0,0,-0,0,-0,0.0046428571
2008-12-18,1,1,1.6332824,-0.0070254667,0.59653401,-0.00044029588,,-0.00087260035,-0.0084120616,0.5029051,-0.0004728796,2,-0.0013726003,2,-0.0013726003,1,-0.00094029588,2,-0.017224123,0.0087984358
2008-12-19,1,1,1.022641,-0.00024215336,0.52879404,0.0046749581,,0.0093614766,0.0058090203,0.56732863,0.0023685733,2,0.0088614766,2,0.0088614766,1,0.0041749581,2,0.011218041,0.0034358206
2008-12-22,0,0,0.55531158,0.0025611884,0.49879436,-0.013797293,,-0.027277406,-0.0086911736,0,-0,0,-0,0,-0,0,-0,0,-0,-0.0021949078
2008-12-23,0,0,-0.10936481,-0.0043299073,0.47153661,-0.014537995,,-0.029478253,-0.02244831,0,-0,0,-0,0,-0,0,-0,0,-0,-0.027804663
2008-12-24,0,0,0.15088226,0.0068903293,0.49522761,-0.011946783,,-0.023893565,-0.0096995824,0,-0,0,-0,0,-0,0,-0,0,-0,-0.011946783
2008-12-26,0,0,-0.35469881,0.0053770437,0.4735338,-0.011236982,,-0.022414579,-0.0079602667,0,-0,0,-0,0,-0,0,-0,0,-0,-0.0086104241
2008-12-29,0,0,-1.1134738,0.0083525933,0.46203494,0.012853708,,0.025728829,0.0080940851,0,0,0,0,0,0,0,0,0,0,0.012011457
2008-12-30,0,0,0.78813224,0.012338477,0.46118962,-0.0071655329,,-0.014238082,-0.0024538205,0,-0,0,-0,0,-0,0,-0,0,-0,-0.00063909431
2009-01-02,0,0,-1.201244,0.017970309,0.45586894,0.015423242,,0.030287022,0.024676293,0,0,0,0,0,0,0,0,0,0,0.034533163
2009-01-05,0,0,0.50342248,-0.0035354925,0.44572902,-0.00086805556,,-0.0017070673,-0.0047874749,0,-0,0,-0,0,-0,0,-0,0,-0,0.016425291
2009-01-06,0,0,0.99075996,-0.0029773688,0.44659365,0.016673866,,0.033161512,0.010505285,0,0,0,0,0,0,0,0,0,0,0.022415291
2009-01-07,0,0,-0.23534079,0.0084163656,0.4392289,0.019292334,,0.038255931,0.027051111,0,0,0,0,0,0,0,0,0,0,0.028127124
2009-01-08,0,0,0.22033413,-0.00065806989,0.44268198,-0.0090604027,,-0.01839707,-0.0091074681,0,-0,0,-0,0,-0,0,-0,0,-0,-0.023720969
2009-01-09,0,0,0.39834604,0.00015716814,0.37346782,-0.025632406,,-0.050892708,-0.029156171,0,-0,0,-0,0,-0,0,-0,0,-0,-0.018455808
2009-01-12,0,0,0.15914478,0.00042247417,0.38582942,-0.012392006,,-0.025079477,-0.011455879,0,-0,0,-0,0,-0,0,-0,0,-0,-0.023891668
2009-01-13,0,0,0.26577806,-6.3859539e-05,0.37151461,0.017729865,,0.035755997,0.018370073,0,0,0,0,0,0,0,0,0,0,0.0093664399
2009-01-14,0,0,-0.74678487,0.0057127823,0.37198401,0.01629435,,0.032611554,0.02013866,0,0,0,0,0,0,0,0,0,0,0.015582597
2009-01-15,0,0,-2.0851458,0.0089135464,0.32349622,-0.028064861,,-0.058080575,-0.02283751,0,-0,0,-0,0,-0,0,-0,0,-0,-0.05965003
2009-01-16,0,0,0.54460189,0.0042971396,0.35368673,0.010893246,,0.021576913,0.01334885,0,0,0,0,0,0,0,0,0,0,0.020808507
2009-01-19,0,0,0.44856302,-0.0012982303,0.36257733,0.0051762606,,0.010289161,0.0040155267,0,0,0,0,0,0,0,0,0,0,0.011404454
2009-01-20,0,0,-1.422828,0.0057140706,0.36472359,-0.0140681,,-0.0283983,-0.0083231831,0,-0,0,-0,0,-0,0,-0,0,-0,-0.023084436
2009-01-21,0,0,-0.73875216,0.00090973235,0.37279209,0.015162931,,0.031466823,0.014227067,0,0,0,0,0,0,0,0,0,0,-0.020358084
2009-01-22,0,0,-0.22318985,0.0046917744,0.37835613,-0.013117424,,-0.025598023,-0.0080661699,0,-0,0,-0,0,-0,0,-0,0,-0,0.012060488
2009-01-23,0,0,-0.31721825,0.0022724205,0.38257667,-0.014152252,,-0.028563428,-0.01205743,0,-0,0,-0,0,-0,0,-0,0,-0,-0.023008525
2009-01-28,1,1,1.6440041,-0.008751269,0.37394449,0.041620728,,0.081548155,0.034166381,0.80225811,0.032989437,2,0.081048155,2,0.081048155,1,0.041120728,2,0.067932763,0.063708013
2009-01-29,0,0,-1.0972878,0.00041744194,0.44172815,-0.0013118769,,-0.0026016824,0.0017101888,0,-0,0,-0,0,-0,0,-0,0,0,0.007232954
2009-01-30,0,0,-0.041232934,-0.0033667389,0.44068265,0.013297635,,0.027113093,0.011902374,0,0,0,0,0,0,0,0,0,0,-0.0056922673
2009-02-02,0,0,-0.42060855,0.0048773809,0.44168458,-0.0055219095,,-0.011169159,0.00094048099,0,-0,0,-0,0,-0,0,-0,0,0,-0.016558041
2009-02-03,0,0,0.45140677,-0.0021795025,0.44598763,0.010974304,,0.021866667,0.011422083,0,0,0,0,0,0,0,0,0,0,0.014777002
2009-02-04,0,0,0.89766835,-0.00097048468,0.43418113,0.012726171,,0.024976637,0.011608301,0,0,0,0,0,0,0,0,0,0,0.032389021
2009-02-05,0,0,-0.40146045,-0.00062112271,0.44291681,-0.0071570234,,-0.014439805,-0.0049108297,0,-0,0,-0,0,-0,0,-0,0,-0,-0.015729184
2009-02-06,0,0,0.97419745,-0.0010858111,0.44005647,0.0097855684,,0.019182652,0.01216638,0,0,0,0,0,0,0,0,0,0,0.030658329
2009-02-09,0,0,-0.27332392,-0.0027197027,0.44254086,-0.018003001,,-0.035617116,-0.019095602,0,-0,0,-0,0,-0,0,-0,0,-0,-0.0071627201
2009-02-10,0,0,0.84619807,-0.0052628532,0.43590023,-0.010382375,,-0.020651444,-0.015380752,0,-0,0,-0,0,-0,0,-0,0,-0,-0.0049227635
2009-02-11,0,0,-0.067480464,0.0015939674,0.42799694,0.014703308,,0.030194105,0.017364524,0,0,0,0,0,0,0,0,0,0,-0.011088366
2009-02-12,0,0,-1.1314565,0.0031620444,0.4225523,-0.011081292,,-0.022245395,-0.0029846873,0,-0,0,-0,0,-0,0,-0,0,-0,-0.014749008
2009-02-13,0,0,-0.25274537,-0.0019422625,0.42355593,0.014689167,,0.029342416,0.011405109,0,0,0,0,0,0,0,0,0,0,0.015932767
2009-02-16,0,0,-0.3415619,0.0017071354,0.42234588,-0.0069480632,,-0.014006828,-0.0077348066,0,-0,0,-0,0,-0,0,-0,0,-0,-0.014735028
2009-02-17,0,0,-0.77127745,0.0060023683,0.36094663,-0.035206321,,-0.070685704,-0.03208768,0,-0,0,-0,0,-0,0,-0,0,-0,-0.038919013
2009-02-18,0,0,0.96096324,0.0031545728,0.38425762,-0.0045207122,,-0.0091683039,-0.0019378504,0,-0,0,-0,0,-0,0,-0,0,-0,-0.018109018
2009-02-19,0,0,-0.39619604,0.0086097052,0.38474545,-0.0054453161,,-0.010845588,0.0002089573,0,-0,0,-0,0,-0,0,-0,0,0,-0.0012974977
2009-02-20,0,0,-0.46947807,0.0035352538,0.37654335,-0.029042533,,-0.058645479,-0.026054503,0,-0,0,-0,0,-0,0,-0,0,-0,-0.038233111
2009-02-23,0,0,-0.11212438,0.00081929454,0.39088116,0.036702592,,0.073871409,0.039685429,0,0,0,0,0,0,0,0,0,0,0.030200695
2009-02-24,0,0,-1.718622,0.0057714691,0.40622414,-0.0040481928,,-0.0083391244,0.0011622839,0,-0,0,-0,0,-0,0,-0,0,0,-0.032218788
2009-02-25,0,0,0.8598988,-0.002728948,0.41673684,-0.020446622,,-0.0398421,-0.023729052,0,-0,0,-0,0,-0,0,-0,0,-0,0.0060969709
2009-02-26,1,1,1.4541464,-0.003358375,0.33634333,-0.014146435,,-0.028115502,-0.021641311,0.89194575,-0.013063825,2,-0.028615502,2,-0.028615502,1,-0.014646435,2,-0.043682623,-0.0078876491
2009-02-27,0,0,0.9344274,0.002668309,0.33418855,0.00048477797,,0.00096955594,0.0063411079,0,0,0,0,0,0,0,0,0,0,0.00048477797
2009-03-02,0,0,-0.65140656,0.0014703025,0.33731131,-0.014162077,,-0.028751123,-0.021784079,0,-0,0,-0,0,-0,0,-0,0,-0,-0.028588041
2009-03-03,0,0,0.21195748,0.00083078499,0.35933735,0.036541431,,0.075483734,0.033369381,0,0,0,0,0,0,0,0,0,0,0.0045889864
2009-03-04,0,0,-0.40592171,0.0073797223,0.35489188,0.033472388,,0.066958077,0.040973111,0,0,0,0,0,0,0,0,0,0,0.03326713
2009-03-05,0,0,-0.4151901,0.0035374284,0.35898006,-0.011683131,,-0.023096423,-0.0078937926,0,-0,0,-0,0,-0,0,-0,0,-0,0
2009-03-06,0,0,0.15516816,0.00066934093,0.35860812,0.018440412,,0.037656485,0.018322867,0,0,0,0,0,0,0,0,0,0,-0.0021143681
2009-03-09,1,1,1.1350795,-0.0031826349,0.33126973,0.0079221151,,0.015703339,0.0027934962,0.90560643,0.0067215152,2,0.015203339,2,0.015203339,1,0.0074221151,2,0.0051869923,0.017047096
2009-03-10,0,0,-0.59814004,0.0044716725,0.34082555,0.024269062,,0.048978018,0.031286127,0,0,0,0,0,0,0,0,0,0,0.015151515
2009-03-11,0,0,-0.36149415,-0.0053005122,0.35239267,0.0082704717,,0.016126174,0.0045599946,0,0,0,0,0,0,0,0,0,0,0.03488806
2009-03-12,0,0,-0.27502722,0.00016731685,0.37711655,-0.0098251307,,-0.019650261,0.0043425159,0,-0,0,-0,0,-0,0,-0,0,0,-0.0098251307
2009-03-13,0,0,-1.3453942,-0.0092122246,0.37628242,-0.003513197,,-0.0069537309,-0.011874413,0,-0,0,-0,0,-0,0,-0,0,-0,0.0070095585
2009-03-16,0,0,-0.50870676,0.0027143963,0.37392156,-0.0018954779,,-0.0037851478,-0.00074773979,0,-0,0,-0,0,-0,0,-0,0,-0,-0.00036159826
2009-03-17,1,1,1.4879963,-0.0027660497,0.37026848,0.024270106,,0.048075217,0.020727126,0.81022289,0.019259084,2,0.047575217,2,0.047575217,1,0.023770106,2,0.041054253,0.034273829
2009-03-18,0,0,-0.53880969,-0.0033366809,0.36348249,-0.002863589,,-0.0056842649,-0.006175247,0,-0,0,-0,0,-0,0,-0,0,-0,0.0047215179
2009-03-19,0,0,-0.20860985,-0.00096760894,0.3569556,-0.01891355,,-0.037541785,-0.017508592,0,-0,0,-0,0,-0,0,-0,0,-0,-0.011400226
2009-03-20,0,0,0.87778675,-0.0026832908,0.35867575,0.0055331108,,0.011041009,0.0044766294,0,0,0,0,0,0,0,0,0,0,0.007834507
2009-03-23,1,1,1.6579334,-0.005218878,0.32653198,0.020624837,,0.041099454,0.017763029,0.91874615,0.018489616,2,0.040599454,2,0.040599454,1,0.020124837,2,0.035126059,0.024368941
2009-03-24,0,0,-1.2432068,-0.0032771276,0.31954401,-0.0004179903,,-0.00081994096,-0.002375891,0,-0,0,-0,0,-0,0,-0,0,-0,0.019525921
2009-03-25,0,0,0.47717604,0.0018182641,0.2872738,0.007885906,,0.015820921,0.010019535,0,0,0,0,0,0,0,0,0,0,0.004767082
2009-03-26,0,0,-0.80537431,0.00040275002,0.28742718,0.015778928,,0.031652989,0.015843196,0,0,0,0,0,0,0,0,0,0,0.012735142
2009-03-27,0,0,-0.81805004,0.00093326173,0.27836463,-0.010154778,,-0.020236638,-0.0064531989,0,-0,0,-0,0,-0,0,-0,0,-0,-0.0065751623
2009-03-30,1,1,1.1166999,-0.0042679369,0.28166121,-0.033104361,,-0.066230648,-0.034962011,1.0651094,-0.035761194,2,-0.066730648,2,-0.066730648,1,-0.033604361,2,-0.070324022,-0.03342434
2009-03-31,1,1,2.3213097,-0.0037727629,0.26637293,0.0044277929,,0.0088098263,-0.0019070625,1.1262406,0.0044809833,2,0.0083098263,2,0.0083098263,1,0.0039277929,2,-0.004214125,0.0096721732
2009-04-01,0,0,-0.022117234,0.0033209996,0.26658072,0.012622013,,0.02505847,0.015441083,0,0,0,0,0,0,0,0,0,0,0.020176331
2009-04-02,0,0,0.84467413,-0.006059902,0.25545615,0.023166023,,0.045808967,0.017636252,0,0,0,0,0,0,0,0,0,0,0.034984211
2009-04-03,0,0,-0.51482995,0.0022120206,0.27228735,-0.0064321448,,-0.012724845,-0.0032209961,0,-0,0,-0,0,-0,0,-0,0,-0,0.0045764753
2009-04-06,0,0,0.14726674,-0.0054200221,0.26876595,0.0044660659,,0.0089129397,0.0024374294,0,0,0,0,0,0,0,0,0,0,0.0066336317
2009-04-07,0,0,0.21005572,-0.0033265927,0.26785604,0.002943048,,0.0058968842,0.00023767083,0,0,0,0,0,0,0,0,0,0,0.0011115522
2009-04-08,0,0,-0.0024056523,0.0012676446,0.26788695,-0.02421424,,-0.048966356,-0.021767889,0,-0,0,-0,0,-0,0,-0,0,-0,-0.034816401
2009-04-09,0,0,0.26702515,-0.0011300287,0.28879681,0.032260692,,0.063974152,0.032596113,0,0,0,0,0,0,0,0,0,0,0.041166804
2009-04-10,0,0,-0.058727098,-0.00084120225,0.31664318,-0.0028677724,,-0.0056346608,-0.0034760443,0,-0,0,-0,0,-0,0,-0,0,-0,0.015310552
2009-04-13,0,0,0.25012757,0.0031807418,0.3145741,-0.0088085304,,-0.017512866,-0.00463795,0,-0,0,-0,0,-0,0,-0,0,-0,-0.0028760202
2009-04-14,0,0,0.87048026,-0.0057888725,0.31452883,-0.0040291337,,-0.0080098583,-0.0088153953,0,-0,0,-0,0,-0,0,-0,0,-0,0.0020268163
2009-04-15,0,0,-0.56929803,0.00086450467,0.2981093,0.0082912192,,0.016835017,0.011640274,0,0,0,0,0,0,0,0,0,0,-0.0066127276
2009-04-16,1,1,1.0301322,-0.0048984209,0.30067592,-0.01080497,,-0.021300875,-0.014518536,0.997752,-0.011279557,2,-0.021800875,2,-0.021800875,1,-0.01130497,2,-0.029437071,0.0037591041
2009-04-17,0,0,0.48857335,-0.0043033538,0.29577184,-0.01104503,,-0.02187046,-0.015514566,0,-0,0,-0,0,-0,0,-0,0,-0,-0.0010142779
2009-04-20,0,0,0.40581327,-0.0014170327,0.29738742,0.0010874631,,0.0021631644,-0.0014488554,0,0,0,0,0,0,0,0,0,-0,0.0065604499
2009-04-21,0,0,0.014929558,0.0066293677,0.28862556,0.016403785,,0.033354715,0.020049828,0,0,0,0,0,0,0,0,0,0,0
2009-04-22,0,0,-0.28893367,0.0018724708,0.28392842,0.0066286419,,0.013169985,0.0064635272,0,0,0,0,0,0,0,0,0,0,0.013345748
2009-04-23,1,1,1.1199635,-0.0049364755,0.28627305,0.0079443893,,0.015851242,0.0014782806,1.0479506,0.0078235273,2,0.015351242,2,0.015351242,1,0.0074443893,2,0.0025565613,0.010336907
2009-04-24,0,0,-0.38350097,-0.00030535252,0.28561122,-0.011894841,,-0.023782474,-0.012364585,0,-0,0,-0,0,-0,0,-0,0,-0,-0.011595301
2009-04-27,0,0,-0.68787362,0.00019287726,0.2898346,-0.011946699,,-0.023864158,-0.012506454,0,-0,0,-0,0,-0,0,-0,0,-0,-0.01073455
2009-04-28,0,0,0.75246738,-0.00081612933,0.26113388,-0.029011295,,-0.057915058,-0.031559442,0,-0,0,-0,0,-0,0,-0,0,-0,-0.027205084
2009-04-29,0,0,0.81471904,0.0021426934,0.28677829,0.021656655,,0.042970282,0.021064499,0,0,0,0,0,0,0,0,0,0,0.029878097
2009-04-30,0,0,0.034796311,-0.0040067398,0.29377152,0.016470407,,0.032771822,0.011261779,0,0,0,0,0,0,0,0,0,0,0.02173913
2009-05-04,0,0,0.928945,-0.00010009917,0.2783362,0.0052344276,,0.010340498,0.0081916625,0,0,0,0,0,0,0,0,0,0,0.017869312
2009-05-06,0,0,-1.3355982,0.00087813187,0.28547796,-0.0062958299,,-0.012537798,-0.0052291945,0,-0,0,-0,0,-0,0,-0,0,-0,-0.0020084802
2009-05-07,0,0,0.5656747,-0.0032516529,0.28634369,-0.0075863593,,-0.014994905,-0.009806082,0,-0,0,-0,0,-0,0,-0,0,-0,0.0043231962
2009-05-08,0,0,0.51276758,-0.00059537604,0.28586322,0.0083178611,,0.016646849,0.0081300813,0,0,0,0,0,0,0,0,0,0,0.0076443521
2009-05-11,0,0,-0.90552104,0.0033388105,0.25017635,-0.0043220277,,-0.0085974499,-0.000385845,0,-0,0,-0,0,-0,0,-0,0,-0,0.0011048096
2009-05-12,0,0,0.41687432,-0.00018370644,0.21026845,-0.0025908653,,-0.0052137643,-0.0028295606,0,-0,0,-0,0,-0,0,-0,0,-0,-0.0086815774
2009-05-13,0,0,0.39793928,-0.0029407859,0.21008717,0.0065238342,,0.013033175,0.0037681481,0,0,0,0,0,0,0,0,0,0,0.0076443521
2009-05-14,0,0,-0.023919112,-0.0031248829,0.21037443,-0.0091372079,,-0.018587644,-0.013320647,0,-0,0,-0,0,-0,0,-0,0,-0,-0.025557929
2009-05-15,0,0,0.43889152,0.0024647454,0.23510644,-0.0041093843,,-0.008125277,-0.0016283901,0,-0,0,-0,0,-0,0,-0,0,-0,0.0074829932
2009-05-18,0,0,0.064874775,0.0019936328,0.23528538,-0.00082762772,,-0.0016600015,0.0018085227,0,-0,0,-0,0,-0,0,-0,0,0,-0.0036761948
2009-05-19,0,0,0.66833309,-0.00069052061,0.23591553,0.0081725814,,0.015989628,0.0080529509,0,0,0,0,0,0,0,0,0,0,0.031099398
2009-05-20,0,0,0.055286958,-0.00019526759,0.25713586,0.0051843739,,0.010367234,0.005745554,0,0,0,0,0,0,0,0,0,0,0.0053311911
2009-05-21,0,0,-0.14070893,0.00080339031,0.25713932,-0.0073572261,,-0.014755296,-0.0068822373,0,-0,0,-0,0,-0,0,-0,0,-0,-0.010097341
2009-05-22,0,0,-0.32236687,0.0023010616,0.26142138,-0.0037794575,,-0.0076341591,-0.0037842952,0,-0,0,-0,0,-0,0,-0,0,-0,-0.013502605
2009-05-25,0,0,-0.6798786,0.0035340381,0.2656169,0.00509287,,0.010255637,0.0055749521,0,0,0,0,0,0,0,0,0,0,-0.0017109276
2009-05-26,0,0,0.25819332,0.0007713377,0.26397738,-0.024934872,,-0.049814126,-0.024285395,0,-0,0,-0,0,-0,0,-0,0,-0,-0.023845007
2009-05-27,0,0,0.27077865,-0.0025849976,0.2722356,-0.01686747,,-0.033283804,-0.021843157,0,-0,0,-0,0,-0,0,-0,0,-0,-0.0033587786
2009-05-28,0,0,0.60126416,-0.0025929708,0.26971234,0.025425688,,0.05115486,0.028335642,0,0,0,0,0,0,0,0,0,0,0.019378064
2009-05-29,0,0,-0.72954409,0.00036108647,0.26058363,0.0026897788,,0.0053495802,0.0030309834,0,0,0,0,0,0,0,0,0,0,0.0083402209
2009-06-01,0,0,-0.76735701,-0.00081924751,0.24235963,0.013743651,,0.02755316,0.013899787,0,0,0,0,0,0,0,0,0,0,0.011326379
2009-06-02,0,0,0.19429248,-0.0033128983,0.23312729,-0.014054763,,-0.027785776,-0.017262034,0,-0,0,-0,0,-0,0,-0,0,-0,-0.0024314766
2009-06-03,0,0,0.54655607,-0.002424247,0.22168873,-0.0064682102,,-0.012873967,-0.0080866982,0,-0,0,-0,0,-0,0,-0,0,-0,-0.0016249354
2009-06-04,0,0,0.22190316,0.001485099,0.22091313,-0.025500371,,-0.051103023,-0.021164021,0,-0,0,-0,0,-0,0,-0,0,-0,-0.027446919
2009-06-05,0,0,0.32463572,0.00030520379,0.23817887,0.002253098,,0.0044497182,0.0019162487,0,0,0,0,0,0,0,0,0,0,0.015137684
2009-06-08,0,0,0.030799391,0.0013166098,0.24060369,-0.0016485575,,-0.003297115,0.00011258092,0,-0,0,-0,0,-0,0,-0,0,0,-0.0016485575
2009-06-09,0,0,0.941536,-0.00010973923,0.24042384,-0.026378362,,-0.052232767,-0.025516742,0,-0,0,-0,0,-0,0,-0,0,-0,-0.016512797
2009-06-10,0,0,0.37791154,0.00093561974,0.24445171,0.02733399,,0.054240853,0.027839327,0,0,0,0,0,0,0,0,0,0,0.035488056
2009-06-11,0,0,-0.085061889,0.00092577809,0.27378356,0.0087104156,,0.017447878,0.0052080448,0,0,0,0,0,0,0,0,0,0,0.0071491745
2009-06-12,0,0,0.34284141,0.0016587562,0.25478434,-0.0039335664,,-0.0078311943,-0.00027361278,0,-0,0,-0,0,-0,0,-0,0,-0,0.0006586169
2009-06-15,0,0,-0.14573017,-0.0019693507,0.25425771,-0.0092206367,,-0.018453427,-0.01057013,0,-0,0,-0,0,-0,0,-0,0,-0,-0.0098727512
2009-06-16,0,0,-0.15354744,0.0023259868,0.25775127,0.0018669255,,0.0037755796,0.003421776,0,0,0,0,0,0,0,0,0,0,-0.0090848659
2009-06-17,0,0,0.049939544,0.00312396,0.23454592,-0.0023909145,,-0.0047932894,-0.00056211355,0,-0,0,-0,0,-0,0,-0,0,-0,-0.0047704234
2009-06-18,0,0,-0.090384534,0.0024000612,0.2338227,-0.012735036,,-0.025475798,-0.011376436,0,-0,0,-0,0,-0,0,-0,0,-0,-0.01295686
2009-06-19,0,0,0.32084635,-0.0012062728,0.23493468,0.00052806276,,0.0010500263,-0.0018648282,0,0,0,0,0,0,0,0,0,-0,0.0063737765
2009-06-22,0,0,-0.25973247,0.0011262652,0.2305995,0.012365227,,0.024730453,0.014507537,0,0,0,0,0,0,0,0,0,0,0.012365227
2009-06-23,0,0,-0.60489542,0.006878949,0.23578859,-0.011856215,,-0.024048403,-0.0048524291,0,-0,0,-0,0,-0,0,-0,0,-0,-0.025471066
2009-06-24,0,0,0.19575283,-0.0011773094,0.2423758,0.00083841463,,0.0016723679,0.00068587106,0,0,0,0,0,0,0,0,0,0,0.0035154757
2009-06-25,0,0,-0.1099878,-0.0002713725,0.2418314,0.017008352,,0.033916269,0.019145299,0,0,0,0,0,0,0,0,0,0,0.020028939
2009-06-26,0,0,-0.39700884,0.00099903043,0.2367386,-0.0038470075,,-0.0076246334,-0.0042212842,0,-0,0,-0,0,-0,0,-0,0,-0,0.005300881
2009-06-29,0,0,0.35444528,0.0023313779,0.23667166,-0.0067277835,,-0.013395157,-0.0061694086,0,-0,0,-0,0,-0,0,-0,0,-0,-0.0022279985
2009-06-30,0,0,0.48627485,-0.0019302651,0.23249187,-0.0062065908,,-0.01232304,-0.0091890396,0,-0,0,-0,0,-0,0,-0,0,-0,0.0011164868
2009-07-01,0,0,0.11253224,0.0010681024,0.23243577,0.017656262,,0.035383697,0.019156444,0,0,0,0,0,0,0,0,0,0,0.015613383
2009-07-02,0,0,0.24524018,-0.00075625282,0.23996903,-0.0059731935,,-0.011887504,-0.0058495517,0,-0,0,-0,0,-0,0,-0,0,-0,-0.0010248902
2009-07-03,0,0,-0.095399672,0.00057728521,0.21984587,0.019316493,,0.039174326,0.021271844,0,0,0,0,0,0,0,0,0,0,0.0054228345
2009-07-06,0,0,-0.11758242,-0.00016855163,0.21745344,0.0077988338,,0.015597668,0.0094102199,0,0,0,0,0,0,0,0,0,0,0.0077988338
2009-07-07,0,0,0.17027236,-0.00099955506,0.21873461,0.00050425011,,0.0010045203,-0.00037801058,0,0,0,0,0,0,0,0,0,-0,0.0044839806
2009-07-08,0,0,0.23162543,0.0036748669,0.20872319,0.0012277914,,0.0024632326,0.0047318612,0,0,0,0,0,0,0,0,0,0,-0.001871985
2009-07-09,0,0,-0.20492654,-0.0003779023,0.17307072,0.0049927641,,0.010016694,0.0024964724,0,0,0,0,0,0,0,0,0,0,0.0018754959
2009-07-10,0,0,0.063412162,0.00093438998,0.1729851,-0.0043122035,,-0.0086089389,-0.0038322448,0,-0,0,-0,0,-0,0,-0,0,-0,-0.0025199798
2009-07-13,0,0,-0.029868786,0.00083306569,0.17161475,-0.0296307,,-0.059334298,-0.033002225,0,-0,0,-0,0,-0,0,-0,0,-0,-0.030821423
2009-07-14,0,0,0.35488758,0.0031189447,0.20927693,-0.01129115,,-0.022236662,-0.0093855242,0,-0,0,-0,0,-0,0,-0,0,-0,0.0043196544
2009-07-15,0,0,0.97928948,-0.0031231487,0.20803818,0.014672438,,0.029033897,0.012751457,0,0,0,0,0,0,0,0,0,0,0.025658139
2009-07-16,0,0,-0.23451066,-0.0016848384,0.22689331,0,,0,-0.0018759715,0,0,0,0,0,0,0,0,0,-0,0.012074326
2009-07-17,0,0,0.25587464,-0.00037366617,0.22205913,-0.0018444949,,-0.0036635198,-0.0025049299,0,-0,0,-0,0,-0,0,-0,0,-0,0.0051435919
2009-07-20,0,0,0.43597541,-0.0017745282,0.22187821,0.025150549,,0.050141243,0.022008399,0,0,0,0,0,0,0,0,0,0,0.028429282
2009-07-21,0,0,0.10937272,-0.00037837799,0.23537749,-0.00089340939,,-0.0017769273,-0.00015491867,0,-0,0,-0,0,-0,0,-0,0,-0,0.004699378
2009-07-22,0,0,-0.048221661,0.00049307706,0.20721988,0.0013025296,,0.0025963378,0.0017013817,0,0,0,0,0,0,0,0,0,0,0.0046773972
2009-07-23,0,0,0.05814577,-0.0010970699,0.20730119,0.00068483769,,0.0013700507,-0.00025713551,0,0,0,0,0,0,0,0,0,-0,0.00041079009
2009-07-24,0,0,-0.37829603,-0.0012252886,0.19864141,-0.0033312938,,-0.0066189383,-0.0039305768,0,-0,0,-0,0,-0,0,-0,0,-0,0.0032849713
2009-07-27,0,0,0.33807254,-0.0032971389,0.19852558,0.011019659,,0.021978022,0.0093767518,0,0,0,0,0,0,0,0,0,0,0.013847203
2009-07-28,0,0,-0.35382511,0.0027344633,0.20024467,0.00087289331,,0.001742277,0.0041984926,0,0,0,0,0,0,0,0,0,0,0.0028930902
2009-07-29,0,0,-0.078944213,6.9868081e-06,0.19994306,0.00080591001,,0.0016135539,0.00025228316,0,0,0,0,0,0,0,0,0,0,-0.00026834832
2009-07-30,0,0,0.23978165,2.1928257e-05,0.19664786,0.0083187978,,0.016633132,0.0074596774,0,0,0,0,0,0,0,0,0,0,0.0085894511
2009-07-31,0,0,-0.10989261,-0.00062938578,0.19621379,0.012728719,,0.025366627,0.010253858,0,0,0,0,0,0,0,0,0,0,0.016367265
2009-08-03,0,0,0.20756579,-0.000141643,0.1997854,-0.00032675467,,-0.00065240084,0.0010806032,0,-0,0,-0,0,-0,0,-0,0,0,0.0013747054
2009-08-04,0,0,-0.072587833,-0.0015699635,0.19941967,-0.0052573506,,-0.010440162,-0.0057482463,0,-0,0,-0,0,-0,0,-0,0,-0,0.0018957966
2009-08-05,0,0,0.097767657,0.00025265453,0.1997517,-0.0085103619,,-0.01694696,-0.0074736225,0,-0,0,-0,0,-0,0,-0,0,-0,-0.0041759102
2009-08-06,0,0,-0.18493743,0.00085835768,0.2010519,0.0057780696,,0.011580471,0.0056764895,0,0,0,0,0,0,0,0,0,0,0.0036692439
2009-08-07,0,0,0.061333635,-0.00016525422,0.20039644,0.0078554595,,0.015754234,0.0075709159,0,0,0,0,0,0,0,0,0,0,0.0050920486
2009-08-10,0,0,-0.10496666,-0.00019908453,0.19921202,-0.0057486113,,-0.01143371,-0.006742336,0,-0,0,-0,0,-0,0,-0,0,-0,-0.00019485581
2009-08-11,0,0,-0.14539572,0.00055976073,0.134729,0.0037787478,,0.0075792225,0.0036726899,0,0,0,0,0,0,0,0,0,0,0.00090950432
2009-08-12,0,0,0.03839743,0.0022770785,0.13644785,-0.0073567708,,-0.014758702,-0.0058861039,0,-0,0,-0,0,-0,0,-0,0,-0,-0.01038489
2009-08-13,0,0,0.27812832,-0.0039890919,0.12837093,0.0015019918,,0.0029910917,-0.010072365,0,0,0,0,0,0,0,0,0,-0,0.0058372139
2009-08-14,0,0,0.75984153,0.00017682996,0.12802235,0.0068799896,,0.01369686,0.0075151279,0,0,0,0,0,0,0,0,0,0,0.011541471
2009-08-17,0,0,0.11802819,-7.7930901e-05,0.13942324,-0.026417775,,-0.052941557,-0.026460164,0,-0,0,-0,0,-0,0,-0,0,-0,-0.028363308
2009-08-18,0,0,0.30060258,0.0014062553,0.16089572,0.010420146,,0.020983254,0.012318986,0,0,0,0,0,0,0,0,0,0,0.0035825649
2009-08-19,0,0,-0.30265954,0.0015340808,0.16000198,-0.0054637614,,-0.010881678,-0.0034691248,0,-0,0,-0,0,-0,0,-0,0,-0,-0.0012560323
2009-08-20,0,0,0.52457226,-0.0029230831,0.16030414,0.013806706,,0.027429467,0.010836371,0,0,0,0,0,0,0,0,0,0,0.020651311
2009-08-21,0,0,-0.17669041,-0.0011111447,0.17352424,0.0032977692,,0.0065764023,0.0010191701,0,0,0,0,0,0,0,0,0,0,0.0062256809
2009-08-24,0,0,0.51810649,-0.0051181183,0.17368567,0.011369443,,0.022537351,0.0055865922,0,0,0,0,0,0,0,0,0,0,0.020494973
2009-08-25,0,0,-0.62278136,0.0021400949,0.18043028,-0.0017134154,,-0.0034434383,-0.00071677737,0,-0,0,-0,0,-0,0,-0,0,-0,-0.0065049893
2009-08-26,0,0,0.12763675,-0.00051366444,0.18400325,0.0039961941,,0.0079751883,0.0039563373,0,0,0,0,0,0,0,0,0,0,0.0061661687
2009-08-27,0,0,-0.4527681,0.0037129281,0.18400227,-0.0094768764,,-0.018953753,-0.0053399447,0,-0,0,-0,0,-0,0,-0,0,-0,-0.0094768764
2009-08-28,0,0,0.62292513,-0.0025769722,0.18813716,-0.0017741731,,-0.0035251165,-0.003373723,0,-0,0,-0,0,-0,0,-0,0,-0,0.0048475571
2009-08-31,0,0,-0.11040998,8.1134003e-06,0.18207163,-0.0095940022,,-0.019206309,-0.0095019816,0,-0,0,-0,0,-0,0,-0,0,-0,-0.010537006
2009-09-01,0,0,0.3478703,-0.0027955077,0.1872064,0.025011252,,0.050135327,0.020959815,0,0,0,0,0,0,0,0,0,0,0.022709777
2009-09-02,0,0,-0.52301101,0.0063958353,0.20087947,0.0050085589,,0.010125609,0.0093982258,0,0,0,0,0,0,0,0,0,0,-0.0056454648
2009-09-03,0,0,0.12465158,0.0013386692,0.20187862,-0.00075719334,,-0.001514769,0,0,-0,0,-0,0,-0,0,-0,0,0,-0.0010093364
2009-09-04,0,0,0.12259254,-0.0013505005,0.20191214,-0.007163954,,-0.014258912,-0.0099098674,0,-0,0,-0,0,-0,0,-0,0,-0,-0.0023364486
2009-09-07,0,0,-0.089714534,-0.0015790949,0.20216524,-0.0049192735,,-0.0098033055,-0.0063956794,0,-0,0,-0,0,-0,0,-0,0,-0,-0.0013291981
2009-09-08,0,0,0.39169391,-0.0014503825,0.20210356,0.0039156246,,0.0078036501,0.0030366293,0,0,0,0,0,0,0,0,0,0,0.0074787679
2009-09-09,0,0,-0.33893035,0.00048943734,0.20348154,-0.0075938245,,-0.015151515,-0.0076051016,0,-0,0,-0,0,-0,0,-0,0,-0,-0.0052214394
2009-09-10,0,0,0.019397606,-0.001784483,0.2000682,0.019051224,,0.038008936,0.01814392,0,0,0,0,0,0,0,0,0,0,0.021564536
2009-09-11,0,0,-0.60776147,0.0026479787,0.21317949,0.0024691358,,0.0049242891,0.0048423895,0,0,0,0,0,0,0,0,0,0,0.0053237588
2009-09-14,0,0,0.005917371,0.0030794725,0.20398131,-0.013382443,,-0.026682987,-0.011349423,0,-0,0,-0,0,-0,0,-0,0,-0,-0.010344828
2009-09-15,0,0,0.30336424,-0.0018891286,0.17598648,0.0071247135,,0.014188772,0.0057701256,0,0,0,0,0,0,0,0,0,0,0.011448482
2009-09-16,0,0,0.16072589,-0.0013818338,0.17923316,0.019255534,,0.038391001,0.016267281,0,0,0,0,0,0,0,0,0,0,0.022453248
2009-09-17,0,0,0.19361745,-0.0017759333,0.18761794,-0.00089653936,,-0.0017813669,-0.0018856912,0,-0,0,-0,0,-0,0,-0,0,-0,0.0057156609
2009-09-18,0,0,0.011818699,-0.00011102373,0.17859652,0.0013158682,,0.0026312642,0.00063006301,0,0,0,0,0,0,0,0,0,0,0.0014955731
2009-09-21,0,0,-0.19817919,0.0011489836,0.17908768,-0.0040570372,,-0.0081044038,-0.002248707,0,-0,0,-0,0,-0,0,-0,0,-0,-0.0028672122
2009-09-22,0,0,0.47014457,-0.0039138993,0.1681136,0.013718325,,0.02743665,0.011449353,0,0,0,0,0,0,0,0,0,0,0.013718325
2009-09-23,0,0,-0.11652467,-0.0034174916,0.16983066,-0.001948167,,-0.0038924275,-0.0053123202,0,-0,0,-0,0,-0,0,-0,0,-0,-0.00094551471
2009-09-24,0,0,0.041967919,0.00091613181,0.17077029,-0.0069386787,,-0.013913664,-0.0069227334,0,-0,0,-0,0,-0,0,-0,0,-0,-0.0095232462
2009-09-25,0,0,-0.12951323,0.0022140992,0.17171122,-0.00029968832,,-0.00060157613,0.0026215874,0,-0,0,-0,0,-0,0,-0,0,0,-0.0039414751
2009-09-28,0,0,-0.66946006,0.0048332511,0.17264336,-0.0052932331,,-0.010620964,-0.0010459775,0,-0,0,-0,0,-0,0,-0,0,-0,-0.0085136999
2009-09-29,0,0,0.29596911,-0.0032290683,0.1713892,0.00029977816,,0.00059449498,-0.0035972841,0,0,0,0,0,0,0,0,0,-0,0.0088891576
2009-09-30,0,0,-0.020963825,-0.002057513,0.15864939,-0.0040259584,,-0.0080722892,-0.0079454652,0,-0,0,-0,0,-0,0,-0,0,-0,-0.0065332055
2009-10-01,0,0,0.55372262,-0.0011598762,0.16008777,-0.020052993,,-0.040031256,-0.022055161,0,-0,0,-0,0,-0,0,-0,0,-0,-0.018220211
2009-10-05,0,0,-0.1327508,0.0033726611,0.17446837,-0.013442868,,-0.027233184,-0.010860877,0,-0,0,-0,0,-0,0,-0,0,-0,-0.025871075
2009-10-06,0,0,0.055194075,-0.00021157322,0.19871816,-0.013762903,,-0.027298672,-0.013855507,0,-0,0,-0,0,-0,0,-0,0,-0,-0.0054882665
2009-10-07,0,0,0.56522337,-0.0036416381,0.19970208,-0.0098014577,,-0.019418684,-0.014433962,0,-0,0,-0,0,-0,0,-0,0,-0,-0.00031715826
2009-10-08,0,0,0.43435183,-0.00092980731,0.19748439,0.0025262094,,0.0050289163,0.00332842,0,0,0,0,0,0,0,0,0,0,0.0072335025
2009-10-09,0,0,0.018035017,-0.0010999269,0.19959745,0.017298652,,0.034422549,0.01693556,0,0,0,0,0,0,0,0,0,0,0.022489606
2009-10-12,0,0,0.46767609,-0.00088620009,0.19756623,-0.01301956,,-0.025835405,-0.014309377,0,-0,0,-0,0,-0,0,-0,0,-0,-0.0051752819
2009-10-13,0,0,-0.67974957,0.0038348576,0.19826251,-0.006812411,,-0.013624822,-0.0018735363,0,-0,0,-0,0,-0,0,-0,0,-0,-0.006812411
2009-10-14,1,1,1.0314256,-0.0043693983,0.19512349,0.0089905754,,0.017880264,0.0035325834,1.5374879,0.013268675,2,0.017380264,2,0.017380264,1,0.0084905754,2,0.0066651669,0.014715969
2009-10-15,0,0,-0.11610877,-0.00015998387,0.1954701,-0.0013424457,,-0.0026661819,-0.0010106114,0,-0,0,-0,0,-0,0,-0,0,-0,0.005714988
2009-10-16,0,0,-0.53113607,0.0024953003,0.18256882,-0.011842989,,-0.023664308,-0.0097226062,0,-0,0,-0,0,-0,0,-0,0,-0,-0.010937309
2009-10-19,0,0,-0.19509181,0.0016637927,0.18360176,0.0099151019,,0.019891838,0.010753191,0,0,0,0,0,0,0,0,0,0,0.0067955767
2009-10-20,0,0,0.45166367,-0.0023190197,0.18549586,-0.0010362694,,-0.0020589838,-0.0035729009,0,-0,0,-0,0,-0,0,-0,0,-0,0.0055838498
2009-10-21,0,0,-0.4748687,0.0018696698,0.18736308,0.0022681297,,0.0045572115,0.0023596909,0,0,0,0,0,0,0,0,0,0,-0.0023187698
2009-10-22,0,0,-0.79731849,0.0043155963,0.17733694,-0.0094351258,,-0.019027484,-0.0049925345,0,-0,0,-0,0,-0,0,-0,0,-0,-0.017553517
2009-10-23,0,0,0.26119383,-0.0028227519,0.18395299,0.00099028285,,0.0019691096,-0.0015808806,0,0,0,0,0,0,0,0,0,-0,0.0068480359
2009-10-26,0,0,0.095351786,-0.00094802221,0.18442111,0.019134,,0.038449535,0.016739141,0,0,0,0,0,0,0,0,0,0,0.014344896
2009-10-27,0,0,-0.18037482,0.0019633997,0.19126825,0.0011036174,,0.0022201665,0.0018512519,0,0,0,0,0,0,0,0,0,0,-0.0046936909
2009-10-28,0,0,0.058974054,0.00046206451,0.1889591,-0.026090152,,-0.052180304,-0.024679946,0,-0,0,-0,0,-0,0,-0,0,-0,-0.026090152
2009-10-29,0,0,-0.99524341,0.0030013995,0.20420059,-0.0020404259,,-0.0041386446,0.00086746988,0,-0,0,-0,0,-0,0,-0,0,0,-0.015784178
2009-10-30,0,0,0.095614225,-0.0012277612,0.20883924,-0.013329964,,-0.026363466,-0.01659534,0,-0,0,-0,0,-0,0,-0,0,-0,-0.0021084915
2009-11-02,0,0,-1.4323364,0.0076946777,0.20174244,0.0046296296,,0.0094327089,0.012341396,0,0,0,0,0,0,0,0,0,0,-0.013510053
2009-11-03,0,0,-0.33733633,-0.0011265787,0.18589993,-0.0071396119,,-0.014279224,-0.006650692,0,-0,0,-0,0,-0,0,-0,0,-0,-0.0071396119
2009-11-04,0,0,0.2566542,-0.0027624443,0.18593205,0.017551873,,0.035037447,0.015936841,0,0,0,0,0,0,0,0,0,0,0.019480944
2009-11-05,0,0,-1.15303,0.0015487618,0.20078681,-0.010891982,,-0.021895446,-0.0099722722,0,-0,0,-0,0,-0,0,-0,0,-0,-0.015902533
2009-11-06,0,0,0.88589672,-0.0025927706,0.20590012,-0.0013488342,,-0.0026597429,-0.0022705314,0,-0,0,-0,0,-0,0,-0,0,-0,0.013097022
2009-11-09,0,0,0.21022776,-0.0025833557,0.19687293,0.0023121387,,0.0046177527,0,0,0,0,0,0,0,0,0,0,0,0.0037303833
2009-11-10,0,0,0.12783648,-0.0012502105,0.19723993,-0.007983779,,-0.015791453,-0.0079089047,0,-0,0,-0,0,-0,0,-0,0,-0,0.0032038959
2009-11-11,0,0,0.61249586,-0.002655777,0.19786984,0.0071869236,,0.014312856,0.0031994652,0,0,0,0,0,0,0,0,0,0,0.01149719
2009-11-12,0,0,-0.16874647,0.00079343131,0.19435929,-0.011537734,,-0.023039154,-0.018241414,0,-0,0,-0,0,-0,0,-0,0,-0,-0.009977267
2009-11-13,1,0,1.344362,0.00080092426,0.19848318,-0.0053598775,,-0.010723861,-0.0055769231,0,-0,0,-0,0,-0,0,-0,2,-0.011553846,-0.0057405281
2009-11-16,0,0,-0.0020114755,-0.00083309504,0.19566895,0.012217745,,0.024365353,0.011030297,0,0,0,0,0,0,0,0,0,0,0.015139851
2009-11-17,0,0,-0.42237412,-0.00080543237,0.2027267,-0.0073668304,,-0.01468005,-0.0088210187,0,-0,0,-0,0,-0,0,-0,0,-0,-0.0037285137
2009-11-18,0,0,0.76484983,-0.0032972445,0.20092474,0.0077117573,,0.015370079,0.0048446851,0,0,0,0,0,0,0,0,0,0,0.011227402
2009-11-19,0,0,0.33231017,-2.650135e-05,0.20686857,0.0080609886,,0.016060757,0.0075843226,0,0,0,0,0,0,0,0,0,0,0.011918203
2009-11-20,0,0,0.08345494,-0.0015375764,0.20363131,0.0063030454,,0.012691631,0.0041337843,0,0,0,0,0,0,0,0,0,0,-0.00043392016
2009-11-23,0,0,0.34165013,-8.5473827e-05,0.2020883,-0.0023523585,,-0.0046962862,-0.0022408964,0,-0,0,-0,0,-0,0,-0,0,-0,-0.00055813953
2009-11-24,0,0,-0.37459601,-0.00054828715,0.19634554,-0.013587796,,-0.027050289,-0.013361888,0,-0,0,-0,0,-0,0,-0,0,-0,-0.0089972698
2009-11-25,0,0,0.050225846,0.00019541339,0.1978145,0.0017496719,,0.0034923605,0.0020265812,0,0,0,0,0,0,0,0,0,0,0.0037568092
2009-11-26,0,0,-1.0171938,0.0037360943,0.17636403,-0.0082964257,,-0.016592851,-0.0048630784,0,-0,0,-0,0,-0,0,-0,0,-0,-0.0082964257
2009-11-27,0,0,-2.48945,0.0053294925,0.16922791,-0.035934618,,-0.072678158,-0.032160077,0,-0,0,-0,0,-0,0,-0,0,-0,-0.046546735
2009-11-30,1,0,3.1686255,0.0035907303,0.24116857,0.0020746888,,0.0040790312,0.0046121388,0,0,0,0,0,0,0,0,2,0.0088242775,0.019659586
2009-12-01,0,0,-0.9166799,0.0043534256,0.24887561,0.010481366,,0.020962733,0.014949515,0,0,0,0,0,0,0,0,0,0,0.010481366
2009-12-02,0,0,0.24752742,-0.00151948,0.25089497,0.0071215108,,0.014144986,0.0068480031,0,0,0,0,0,0,0,0,0,0,0.014150339
2009-12-03,0,0,0.34256126,-0.00038350697,0.24682254,0.012005028,,0.023903385,0.010899957,0,0,0,0,0,0,0,0,0,0,0.016541448
2009-12-04,0,0,-0.18348701,-0.00065979913,0.24119436,0.0097353969,,0.019564808,0.0097443864,0,0,0,0,0,0,0,0,0,0,0.0049065275
2009-12-07,0,0,0.23520213,-0.0016455616,0.23713284,0.00098522167,,0.0019631902,-0.00046371435,0,0,0,0,0,0,0,0,0,-0,0.004697157
2009-12-08,0,0,-0.19224627,0.0010950986,0.23728602,-0.002215112,,-0.0044313146,-0.0015331723,0,-0,0,-0,0,-0,0,-0,0,-0,-0.0024606299
2009-12-09,0,0,-0.53706589,0.00071558312,0.23774408,0.010930998,,0.022019267,0.01148617,0,0,0,0,0,0,0,0,0,0,0.0037617168
2009-12-10,0,0,-0.28584144,0.0006695021,0.23639882,-0.0020855057,,-0.0041643701,0.01287335,0,-0,0,-0,0,-0,0,-0,0,0,-0.00049149106
2009-12-11,0,0,-0.90220982,-0.0066806702,0.23059565,0.010150422,,0.020195876,0.0023366627,0,0,0,0,0,0,0,0,0,0,0.015428115
2009-12-14,0,0,0.076995718,0.0026293194,0.23068479,-0.0023491146,,-0.0046751379,0.00013668671,0,-0,0,-0,0,-0,0,-0,0,0,0.0026029056
2009-12-15,0,0,-1.2039658,0.0037865268,0.22640416,0,,0,0.0040234089,0,0,0,0,0,0,0,0,0,0,0.00018112661
2009-12-16,0,0,0.29997765,-0.0014028603,0.22519125,-0.0016920474,,-0.0033877798,-0.0015023902,0,-0,0,-0,0,-0,0,-0,0,-0,-0.0027767717
2009-12-17,0,0,-0.32544604,-0.00082060884,0.2225868,-0.0093220339,,-0.018644068,-0.010357257,0,-0,0,-0,0,-0,0,-0,0,-0,-0.0093220339
2009-12-18,0,0,-0.029165851,-0.0019983431,0.22436253,0.0060300271,,0.012145247,0.0039848021,0,0,0,0,0,0,0,0,0,0,-0.00097763656
2009-12-21,0,0,-0.71181175,-3.3962913e-05,0.22440089,0,,0,-0.001247286,0,0,0,0,0,0,0,0,0,-0,-0.0010397554
2009-12-22,0,0,0.22059974,-0.001074425,0.2246316,0.0022541733,,0.0044862079,0.00045920007,0,0,0,0,0,0,0,0,0,0,0.0072246372
2009-12-23,0,0,0.16455693,-2.4525551e-05,0.22326758,0.00078792654,,0.0015712818,0.0013262599,0,0,0,0,0,0,0,0,0,0,0.0037079813
2009-12-24,0,0,-0.17095544,-0.0012936546,0.22352844,0.013381774,,0.026758687,0.011498973,0,0,0,0,0,0,0,0,0,0,0.013565891
2009-12-28,0,0,0.4347146,-0.00097642825,0.22326714,-0.0073708613,,-0.014665878,-0.0045283357,0,-0,0,-0,0,-0,0,-0,0,-0,-0.0022108031
2009-12-29,0,0,-1.271428,0.0024020666,0.12147189,0.0046726173,,0.0093485947,-0.0010427529,0,0,0,0,0,0,0,0,0,-0,0.0043116354
2009-12-30,0,0,-0.20294341,0.0091969174,0.11586325,0.0069763282,,0.013952656,0.0079963653,0,0,0,0,0,0,0,0,0,0,0.0069763282
2010-01-04,0,0,0.48548961,0.0090412227,0.11302544,0.0060397916,,0.012079583,0.0082104029,0,0,0,0,0,0,0,0,0,0,0.0060397916
2010-01-05,0,0,-0.81284292,-0.00017693658,0.10516382,-0.0042830322,,-0.0085390104,-0.0062433107,0,-0,0,-0,0,-0,0,-0,0,-0,-0.0011183049
2010-01-06,0,0,0.3325813,-0.0015648252,0.097909039,0.004526749,,0.0090327878,0.0037528481,0,0,0,0,0,0,0,0,0,0,0.0068351894
2010-01-07,0,0,-0.48019971,0.0014588106,0.099544853,-0.012461971,,-0.024916652,-0.013022343,0,-0,0,-0,0,-0,0,-0,0,-0,-0.012172997
2010-01-08,0,0,0.52211321,0.00046396349,0.11630697,-0.00082566643,,-0.0016438678,4.4913541e-05,0,-0,0,-0,0,-0,0,-0,0,0,0.0037324486
2010-01-11,0,0,0.11295466,-0.0016762408,0.11630051,-0.0012379886,,-0.0024729157,-0.0048363262,0,-0,0,-0,0,-0,0,-0,0,-0,0
2010-01-12,0,0,-0.075259574,0.00105542,0.1167417,-0.00023580735,,-0.00047103156,0.0024269663,0,-0,0,-0,0,-0,0,-0,0,0,0.0010034234
2010-01-13,0,0,-1.0699906,0.005283244,0.10776004,-0.012255047,,-0.024609166,-0.0074721493,0,-0,0,-0,0,-0,0,-0,0,-0,-0.016215579
2010-01-14,0,0,0.12203236,-0.0011254399,0.12595693,0.007459124,,0.014852662,0.0036299288,0,0,0,0,0,0,0,0,0,0,0.011927595
2010-01-15,0,0,0.50754122,0.00026287108,0.12960976,0.001772107,,0.0035346097,0.0039580803,0,0,0,0,0,0,0,0,0,0,0.0045015696
2010-01-18,0,0,-0.023388,-0.0025578654,0.13325388,0.0099549656,,0.020008337,0.0095383785,0,0,0,0,0,0,0,0,0,0,0.005012088
2010-01-19,0,0,0.61402023,-0.0011958067,0.13388237,-0.003562876,,-0.0070938481,-0.0058108588,0,-0,0,-0,0,-0,0,-0,0,-0,0.00093874677
2010-01-20,0,0,0.16523524,0.00055574219,0.12630002,-0.0070921986,,-0.014068266,-0.0046044185,0,-0,0,-0,0,-0,0,-0,0,-0,0.0011723329
2010-01-21,0,0,-0.7095112,-0.0012001068,0.1259868,0.017843427,,0.036016696,0.014033986,0,0,0,0,0,0,0,0,0,0,0.0086065574
2010-01-22,0,0,-1.4075047,0.0076050569,0.12578892,-0.015257321,,-0.030851379,-0.0085807988,0,-0,0,-0,0,-0,0,-0,0,-0,-0.025889592
2010-01-25,0,0,-0.71889935,0.0019963859,0.15517036,0.0076556754,,0.015490639,0.007394819,0,0,0,0,0,0,0,0,0,0,-0.0038734283
2010-01-26,0,0,-0.7141841,0.0048828505,0.15610468,-0.023093448,,-0.046071429,-0.019170204,0,-0,0,-0,0,-0,0,-0,0,-0,-0.020638909
2010-01-27,0,0,0.54645629,-0.0017001461,0.16481672,-0.0089754549,,-0.017943241,-0.010957378,0,-0,0,-0,0,-0,0,-0,0,-0,-0.0085517073
2010-01-28,0,0,0.18699057,-0.00034524173,0.16628969,0.0090222795,,0.017976154,0.0080863794,0,0,0,0,0,0,0,0,0,0,0.012876594
2010-01-29,0,0,-1.5672534,0.0037585867,0.17245998,-0.01696061,,-0.034272942,-0.011420783,0,-0,0,-0,0,-0,0,-0,0,-0,-0.026946472
2010-02-01,0,0,0.7620123,-0.002763892,0.18894148,0.0036256798,,0.0072513596,0.0010924809,0,0,0,0,0,0,0,0,0,0,0.0036256798
2010-02-02,0,0,0.04250319,0.0010343973,0.1861414,-0.014387157,,-0.028527701,-0.014550763,0,-0,0,-0,0,-0,0,-0,0,-0,-0.005792588
2010-02-03,0,0,0.87546669,-0.0016744508,0.1867402,0.0021107524,,0.0041835856,0.00047223272,0,0,0,0,0,0,0,0,0,0,0.011276782
2010-02-04,0,0,0.2384575,0.0022929131,0.19062176,-0.003152819,,-0.0062924121,-0.00047209895,0,-0,0,-0,0,-0,0,-0,0,-0,-0.0010531533
2010-02-05,0,0,-2.8939071,0.0047299927,0.18527206,-0.0036243403,,-0.0074368843,-0.0020439945,0,-0,0,-0,0,-0,0,-0,0,-0,-0.028217054
2010-02-08,0,0,-0.77212189,0.0071049671,0.20947965,-0.010636943,,-0.021233312,-0.0060117302,0,-0,0,-0,0,-0,0,-0,0,-0,-0.0087428207
2010-02-09,0,0,0.37408838,-0.00095062143,0.20984028,0.01246609,,0.025014581,0.013978442,0,0,0,0,0,0,0,0,0,0,0.0091418271
2010-02-10,0,0,-0.3722079,0.00074898812,0.217046,-0.0062729692,,-0.012461451,-0.0050246401,0,-0,0,-0,0,-0,0,-0,0,-0,0.00051036683
2010-02-11,0,0,0.51915061,-0.00084217709,0.21136137,0.014569284,,0.029073827,0.015395788,0,0,0,0,0,0,0,0,0,0,0.016833514
2010-02-12,0,0,-1.2470865,0.0020876447,0.22072565,-0.0058838257,,-0.011746329,-0.0029137807,0,-0,0,-0,0,-0,0,-0,0,-0,-0.0040760018
2010-02-16,0,0,-0.38494484,0.0021819601,0.21642495,0.0070542294,,0.014112903,0.0073003218,0,0,0,0,0,0,0,0,0,0,0.0067371868
2010-02-17,0,0,0.47754542,-0.0014892224,0.21617219,0.0094263566,,0.018695037,0.0056539766,0,0,0,0,0,0,0,0,0,0,0.018012384
2010-02-18,0,0,-0.20693808,0.00212728,0.22861872,-0.0061898633,,-0.012349453,-0.0058930826,0,-0,0,-0,0,-0,0,-0,0,-0,-0.0037476193
2010-02-19,0,0,-1.9180043,0.00080935418,0.22777079,-0.011360815,,-0.022875,-0.011462675,0,-0,0,-0,0,-0,0,-0,0,-0,-0.017945239
2010-02-22,1,1,2.3820522,-0.0035384623,0.23164469,0.010742673,0.015484515,0.021249156,0.006417516,1.2950869,0.011641928,2,0.014984515,2,0.014984515,1,0.010242673,2,0.012435032,0.022103611
2010-02-23,0,0,-0.089929062,0.00027917201,0.23586403,0,0,0,0.00075015237,0,0,0,0,0,0,0,0,0,0,0
2010-02-24,0,0,-0.69520742,0.00040929758,0.23538359,-0.0052608776,-0.012425447,-0.010600486,-0.0036373943,0,-0,0,-0,0,-0,0,-0,0,-0,-0.012594458
2010-02-25,0,0,-0.14265084,-0.0043003018,0.22817921,-0.016155089,-0.044278607,-0.032266071,-0.020296422,0,-0,0,-0,0,-0,0,-0,0,-0,-0.014808362
2010-02-26,0,0,0.82032155,-0.00075448278,0.23287925,-0.0035858078,0.0020714656,-0.0071437523,-0.00081523042,0,0,0,0,0,0,0,0,0,-0,0.00031577618
2010-03-02,1,1,1.1711254,-0.0043856765,0.22815829,0.0060553093,0.011669203,0.011976048,0.0021328025,1.3148766,0.0073229932,2,0.011169203,2,0.011169203,1,0.0055553093,2,0.003865605,0.017488478
2010-03-03,0,0,-0.39700375,0.00040479652,0.21799248,0.0024192048,0.0025062657,0.0048369093,0.0044461262,0,0,0,0,0,0,0,0,0,0,0.002730206
2010-03-04,0,0,0.0978413,-0.002188818,0.21838811,-0.0044510386,-0.002997003,-0.0088932806,-0.0039482961,0,-0,0,-0,0,-0,0,-0,0,-0,-0.0034653465
2010-03-05,0,0,0.33452322,-0.0032034822,0.21682312,0.012076547,0.022965552,0.024088944,0.0055432893,0,0,0,0,0,0,0,0,0,0,0.014778937
2010-03-08,1,1,1.0240178,-0.00097704617,0.21534417,0.0075844912,0.014832536,0.015042118,0.0043359934,1.3931187,0.0099338333,2,0.014332536,2,0.014332536,1,0.0070844912,2,0.0082719867,0.016154693
2010-03-09,0,0,-0.46709311,0.0011898325,0.22313913,0.00096443641,-0.001891253,0.0019307349,0.0019319227,0,0,0,0,0,0,0,0,0,0,0
2010-03-10,0,0,-0.27311197,0.00011442927,0.18636521,0.00066209221,-0.0061291843,0.0013235471,-0.00036714089,0,0,0,0,0,0,0,0,0,-0,0.0011441648
2010-03-11,0,0,0.39865912,-0.0018780175,0.18196416,-0.0088182364,-0.011792453,-0.017588992,-0.010137912,0,-0,0,-0,0,-0,0,-0,0,-0,-0.0061353383
2010-03-12,0,0,0.59745849,-0.0027077313,0.18065419,-0.0011452682,-0.0042573321,-0.0022813232,-0.0034844803,0,-0,0,-0,0,-0,0,-0,0,-0,0.0029050415
2010-03-15,0,0,-0.039296088,-4.3619131e-05,0.1803182,-0.010793536,-0.022274882,-0.021570163,-0.0093780168,0,-0,0,-0,0,-0,0,-0,0,-0,-0.0100175
2010-03-16,0,0,0.31959184,-0.0016813877,0.1746037,-0.00042550605,-0.0014485756,-0.00084863915,-0.0041637752,0,-0,0,-0,0,-0,0,-0,0,-0,0.002377324
2010-03-17,0,0,0.98492099,0.00035895203,0.17338851,0.011218335,0.031578947,0.022254128,0.01329408,0,0,0,0,0,0,0,0,0,0,0.01958161
2010-03-18,0,0,-1.2061057,-0.0020530365,0.18971201,-0.00095739588,-0.00046816479,-0.0019209989,-0.0030497519,0,-0,0,-0,0,-0,0,-0,0,-0,-0.0041751163
2010-03-19,0,0,0.71972648,-0.0012238775,0.18297155,0.0028053002,0.0060408922,0.0055912443,0.0019541013,0,0,0,0,0,0,0,0,0,0,0.0062889315
2010-03-22,0,0,-0.76172826,-0.00094850487,0.18267533,-0.0053905127,-0.01535598,-0.010849256,-0.0036022069,0,-0,0,-0,0,-0,0,-0,0,-0,-0.011606452
2010-03-23,0,0,0.86131298,-0.0046576939,0.17189115,0.0038307296,0.0089034677,0.0076154212,-0.00081717892,0,0,0,0,0,0,0,0,0,-0,0.0099361677
2010-03-24,0,0,0.540134,0.00026957623,0.15691425,-0.0075744127,-0.018239854,-0.015034944,-0.0073068423,0,-0,0,-0,0,-0,0,-0,0,-0,0
2010-03-25,0,0,0.31281614,-0.00068731299,0.15699511,0.001909194,0.0065025546,0.0038206674,0.0043614556,0,0,0,0,0,0,0,0,0,0,0.0013117882
2010-03-26,0,0,-0.6860647,0.00013029088,0.14895548,0.005657119,0.0055350554,0.011314238,0.0086226458,0,0,0,0,0,0,0,0,0,0,0.005657119
2010-03-29,0,0,-2.2388526,0.0010857525,0.13247263,0.0060913706,0.010242086,0.012287676,0.0067693426,0,0,0,0,0,0,0,0,0,0,-0.0024277594
2010-03-30,0,0,0.90324491,-0.0022774849,0.13437531,0.00029500266,0.00045558087,0.00058647587,-0.0043410159,0,0,0,0,0,0,0,0,0,-0,0.0063512792
2010-03-31,0,0,0.067336246,0.0011101909,0.1272189,-0.0037159372,-0.0091033227,-0.0074318745,-0.0052971808,0,-0,0,-0,0,-0,0,-0,0,-0,-0.0037159372
2010-04-01,0,0,0.52216056,-0.0017133329,0.12914373,0.018578975,0.032598714,0.037255252,0.015722137,0,0,0,0,0,0,0,0,0,0,0.015925641
2010-04-02,0,0,-0.45906356,-0.00079207114,0.13900745,0.0025597766,0.0053050398,0.0051109304,0.0029199664,0,0,0,0,0,0,0,0,0,0,0.0042540793
2010-04-05,0,0,0.42137077,-0.0015386122,0.13687565,0.0028359764,0,0.0056572187,0.00048379294,0,0,0,0,0,0,0,0,0,0,0.005454651
2010-04-06,0,0,-0.00019001058,-0.0034994906,0.12612889,-0.0010949115,-0.0030395137,-0.002186547,-0.0048552183,0,-0,0,-0,0,-0,0,-0,0,-0,0.00040399377
2010-04-07,0,0,-0.52316024,0.0017555699,0.12618638,-0.0024213075,-0.0021777003,-0.0048392672,-8.797783e-05,0,-0,0,-0,0,-0,0,-0,0,-0,-0.0017307027
2010-04-08,0,0,-0.14864847,-0.00055181496,0.12642878,0.0056828066,0.0092186128,0.011404632,0.0071031501,0,0,0,0,0,0,0,0,0,0,0.0022538141
2010-04-09,0,0,-0.47474581,-0.002096778,0.12381448,-0.0046120143,-0.0091264668,-0.0092224336,-0.0067005343,0,-0,0,-0,0,-0,0,-0,0,-0,-0.0044398316
2010-04-12,0,0,-0.20463773,0.00062936361,0.12787739,-0.012114919,-0.021815009,-0.024135157,-0.013051503,0,-0,0,-0,0,-0,0,-0,0,-0,-0.0082242558
2010-04-13,0,0,0.19671033,-0.00077019973,0.12931192,-0.0020430798,-0.0062249889,-0.0040844906,-0.0023089561,0,-0,0,-0,0,-0,0,-0,0,-0,-0.001635132
2010-04-14,0,0,0.96070322,-0.0028542435,0.12891559,0.011482863,0.024933215,0.022885688,0.0091588868,0,0,0,0,0,0,0,0,0,0,0.015032756
2010-04-15,0,0,-0.038224391,-0.002034907,0.11326506,-0.00091806289,-0.0064377682,-0.001828258,-0.0015249216,0,-0,0,-0,0,-0,0,-0,0,-0,0.0033999885
2010-04-16,0,0,-0.57044077,-0.0033368113,0.11015064,-0.0027084654,-0.0095486111,-0.0054354111,-0.0049818643,0,-0,0,-0,0,-0,0,-0,0,-0,-0.0060877556
2010-04-19,0,0,-1.6957967,0.0021368677,0.11304915,-0.0047975661,-0.01431127,-0.0097167911,-0.0023196681,0,-0,0,-0,0,-0,0,-0,0,-0,-0.017103895
2010-04-20,0,0,0.57734981,-0.00065212238,0.12743396,0.00081871345,0.0040467626,0.001628854,0.00066672593,0,0,0,0,0,0,0,0,0,0,0.0061140506
2010-04-21,0,0,0.53347876,-0.0011298804,0.12709561,0.0095802125,0.026666667,0.019039926,0.010007936,0,0,0,0,0,0,0,0,0,0,0.016010284
2010-04-22,0,0,-1.4162752,0.00027977888,0.13967477,0.0017337032,-0.007826087,0.0034843206,0.0007029877,0,0,0,0,0,0,0,0,0,0,-0.0031055901
2010-04-23,0,0,0.71108989,-0.0014619753,0.14205336,-0.0041422161,-0.01,-0.0082616179,-0.0071182148,0,-0,0,-0,0,-0,0,-0,0,-0,-0.0013845621
2010-04-26,0,0,0.10293339,0.0016171373,0.14176274,0.0048256449,0.0069264069,0.0095978062,0.0049890591,0,0,0,0,0,0,0,0,0,0,0.010456384
2010-04-27,0,0,-0.21170413,0.0033250372,0.14422908,-0.00080041164,-0.0021496131,-0.0016008233,0.00096044704,0,-0,0,-0,0,-0,0,-0,0,0,-0.00080041164
2010-04-28,0,0,-1.6761145,0.0018762429,0.14447462,0.0058898997,0.0017730496,0.012010227,0.0096525955,0,0,0,0,0,0,0,0,0,0,-0.013045717
2010-04-29,0,0,-0.30929567,0.0010527507,0.14903762,-0.0049582012,-0.0065963061,-0.0098618198,-0.0064592671,0,-0,0,-0,0,-0,0,-0,0,-0,0.00057974375
2010-04-30,0,0,0.065278528,8.5471309e-05,0.13683242,0.0016702183,0.0048245614,0.0033205473,4.3871194e-05,0,0,0,0,0,0,0,0,0,0,0.0077061243
2010-05-03,0,0,0.97180694,0.00067844291,0.13854732,-0.011490934,-0.021519543,-0.023080492,-0.0085447498,0,-0,0,-0,0,-0,0,-0,0,-0,-0.015696872
2010-05-04,0,0,-0.55060032,-0.00093297894,0.14515831,-0.006615215,-0.012877442,-0.013143483,-0.0067612356,0,-0,0,-0,0,-0,0,-0,0,-0,0
2010-05-06,0,0,-1.5637851,0.001915386,0.14518265,-0.00077588779,-0.0037523452,-0.0015862363,0.0029604664,0,-0,0,-0,0,-0,0,-0,0,0,-0.022022314
2010-05-07,0,0,-3.0345459,0.0087973568,0.16112921,-0.0017081503,0.00049358342,-0.0034908366,0.0082501289,0,0,0,0,0,0,0,0,0,0,-0.022577948
2010-05-10,1,1,3.5888563,-0.00040382408,0.17684935,0.010793112,0.025390625,0.021419976,0.010329245,1.6963591,0.020458223,2,0.024890625,2,0.024890625,1,0.010293112,2,0.020258489,0.018699584
2010-05-11,0,0,-3.5764329,0.003262746,0.19199003,-0.017255693,-0.036744186,-0.034118888,-0.014981443,0,-0,0,-0,0,-0,0,-0,0,-0,-0.0058188362
2010-05-12,1,1,1.4301385,-0.0010659127,0.19056671,-0.0067933149,-0.012924844,-0.013536987,-0.0095037924,1.5742519,-0.010814357,2,-0.013424844,2,-0.013424844,1,-0.0072933149,2,-0.019407585,-0.0031376335
2010-05-13,0,0,0.94490809,-0.0020517504,0.19060221,0.011637672,0.017602284,0.023069148,0.0056934639,0,0,0,0,0,0,0,0,0,0,0.020761455
2010-05-14,0,0,0.10891626,0.0033733816,0.19498987,0.0020860651,0.0099243856,0.0041936257,0.0068312232,0,0,0,0,0,0,0,0,0,0,-0.0030241935
2010-05-17,0,0,-1.50294,0.0028407665,0.19387375,-0.011507411,-0.025419664,-0.023316853,-0.00911015,0,-0,0,-0,0,-0,0,-0,0,-0,-0.024147981
2010-05-18,1,0,1.0083865,0.0009347123,0.21159939,-0.010288688,-0.013678554,-0.02043392,-0.010430127,0,-0,0,-0,0,-0,0,-0,2,-0.021260255,-0.0032912781
2010-05-19,0,0,-1.5587581,0.0072211878,0.2041792,-0.0024665475,-0.012042148,-0.004974815,0.0055381994,0,-0,0,-0,0,-0,0,-0,0,0,-0.010762551
2010-05-20,0,0,-0.39393224,-0.00097702188,0.20304829,-0.010806782,-0.018471011,-0.021716069,-0.013093831,0,-0,0,-0,0,-0,0,-0,0,-0,-0.01545404
2010-05-24,1,1,1.4271586,-0.00039185195,0.19400149,0.014808252,0.025,0.02985265,0.013349398,1.5463799,0.019876818,2,0.0245,2,0.0245,1,0.014308252,2,0.026298795,0.0068437245
2010-05-25,0,0,-1.3073725,0.0046100668,0.19829124,-0.018674547,-0.038481813,-0.037661679,-0.013247904,0,-0,0,-0,0,-0,0,-0,0,-0,-0.026752307
2010-05-26,1,1,1.9478518,-0.0052602814,0.21276147,-0.00025477707,0.0010822511,-0.00050655354,-0.0015945881,1.4100297,-0.00020655581,2,0.00058225108,2,0.00058225108,1,-0.00075477707,2,-0.0035891761,0.0057025694
2010-05-27,0,0,-1.5487374,0.0037847368,0.21159019,0.020646893,0.047045952,0.041431503,0.025862912,0,0,0,0,0,0,0,0,0,0,0.017265545
2010-05-28,0,0,-0.85190351,-0.0031594528,0.22382237,-0.0024732579,0.0035842294,-0.0048843031,-0.0038979946,0,0,0,0,0,0,0,0,0,-0,0.010396443
2010-05-31,1,1,1.6111071,-0.0024680729,0.22895257,0.012837209,0.022610483,0.025687163,0.0089911971,1.310315,0.015370003,2,0.022110483,2,0.022110483,1,0.012337209,2,0.017582394,0.012334966
2010-06-01,0,0,-1.1211314,0.0024583434,0.23413824,-0.0020281482,0,-0.0040715608,-0.0013127051,0,0,0,0,0,0,0,0,0,-0,-0.0057555719
2010-06-03,0,0,0.68128243,0.00096382174,0.23094804,0.015032999,0.032451323,0.029836264,0.012753677,0,0,0,0,0,0,0,0,0,0,0.022909225
2010-06-04,0,0,-0.77657103,0.0028411188,0.24398662,0.0012642986,-0.00048239267,0.0025285972,0.0030362976,0,0,0,0,0,0,0,0,0,0,0.0012642986
2010-06-07,0,0,-0.38524731,-0.0015000814,0.24433154,0.0068906115,0.0085685484,0.014108459,0.0038866776,0,0,0,0,0,0,0,0,0,0,-0.015934099
2010-06-08,0,0,0.93087069,0.0032199725,0.24104371,0.0080664874,0.023570712,0.016134947,0.010475122,0,0,0,0,0,0,0,0,0,0,0.0079432971
2010-06-09,0,0,-1.2874345,-0.00017177431,0.22834066,-0.0058795005,-0.013202934,-0.011757576,-0.004117511,0,-0,0,-0,0,-0,0,-0,0,-0,-0.0057589719
2010-06-10,1,1,1.0973837,-0.0018615719,0.21813298,0.0013377926,0.0079051383,0.0026684456,-0.00041701418,1.3753079,0.0033025692,2,0.0074051383,2,0.0074051383,1,0.00083779264,2,-0.0012340284,0.0040241449
2010-06-11,0,0,-0.45398097,-0.0022865995,0.21721642,0.0029399412,0.0071942446,0.0058101619,0.0016906557,0,0,0,0,0,0,0,0,0,0,0.015121151
2010-06-14,0,0,0.32929738,-0.0014125935,0.2244333,0.0054807578,0.010843942,0.010915994,0.0054945055,0,0,0,0,0,0,0,0,0,0,0.0096913137
2010-06-15,0,0,-0.35903988,0.0016515125,0.21738632,0.0015407407,-0.00093023256,0.0030820294,0.0018104463,0,0,0,0,0,0,0,0,0,0,0.0013627207
2010-06-16,0,0,-0.45143928,-0.0017592784,0.21736172,0.00029349613,-0.0099909173,0.00058237726,-0.0020999955,0,0,0,0,0,0,0,0,0,-0,0.0082835335
2010-06-17,0,0,0.13748228,-0.0010124658,0.19622716,-0.00064557779,0,-0.0012913072,-0.00040261251,0,0,0,0,0,0,0,0,0,-0,-0.00076286603
2010-06-18,0,0,0.024819875,-0.001960862,0.19492562,0.0024665257,0.0004576659,0.0049330514,8.9385475e-05,0,0,0,0,0,0,0,0,0,0,0.0024665257
2010-06-21,1,1,1.8306724,-0.0023484447,0.19025647,0.0058122639,0.017567568,0.011534025,0.0071659221,1.5768189,0.012092945,2,0.017067568,2,0.017067568,1,0.0053122639,2,0.013931844,0.013766842
2010-06-22,0,0,-1.0989237,-0.0035581641,0.18191738,0.0050616709,-0.002676182,0.010192725,0.0014594021,0,0,0,0,0,0,0,0,0,0,-0.001733603
2010-06-23,0,0,0.44323263,-0.0021532644,0.18487235,0.0018677406,0.0049909256,0.0037667,0.002265861,0,0,0,0,0,0,0,0,0,0,-0.0063675832
2010-06-24,0,0,-0.021578129,-0.00036494004,0.1515133,0.0070492281,0.01171699,0.014098456,0.0094084232,0,0,0,0,0,0,0,0,0,0,0.0070492281
2010-06-25,0,0,-0.55620824,0.0010972416,0.15135659,-0.00058380524,0.00045228403,-0.0011784115,0.0033797305,0,0,0,0,0,0,0,0,0,0,-0.0096609973
2010-06-28,0,0,0.051626073,-0.0022991777,0.15238768,0.0022157434,-0.0022441652,0.0044234911,-0.0027413008,0,0,0,0,0,0,0,0,0,-0,0.0040306093
2010-06-29,0,0,0.4662511,-0.0002112459,0.15059662,-0.012043286,-0.029187247,-0.024086572,-0.015048243,0,-0,0,-0,0,-0,0,-0,0,-0,-0.012043286
2010-06-30,0,0,-0.14377969,0.0040334844,0.15862724,0.0073018913,0.0056980057,0.014846364,0.0098308185,0,0,0,0,0,0,0,0,0,0,-0.0088922914
2010-07-01,0,0,-0.44778245,0.00043850228,0.15967613,-0.0045465422,-0.0057471264,-0.0091555234,-0.0027820852,0,-0,0,-0,0,-0,0,-0,0,-0,-0.011289364
2010-07-02,0,0,0.70127709,-0.0035253277,0.14705597,-0.0060096154,-0.015384615,-0.012019231,-0.0096746224,0,-0,0,-0,0,-0,0,-0,0,-0,-0.0060096154
2010-07-05,0,0,0.80313905,-0.0017745402,0.14942147,0.0025392987,0.0038986355,0.0050785973,0.00018396725,0,0,0,0,0,0,0,0,0,0,0.0025392987
2010-07-06,0,0,-1.5583521,0.0042633771,0.13612372,0.0091360116,0.012195122,0.018331917,0.014773306,0,0,0,0,0,0,0,0,0,0,0.0058497166
2010-07-07,0,0,-0.72753212,0.0014437332,0.1358893,-0.0090311005,-0.016299137,-0.018018018,-0.0074855082,0,-0,0,-0,0,-0,0,-0,0,-0,-0.0065951196
2010-07-08,0,0,-0.56965359,0.00067827966,0.13823906,0.0017236256,0.011899096,0.0033955857,0.00054382308,0,0,0,0,0,0,0,0,0,0,0.017200797
2010-07-09,0,0,0.040918529,0.000374421,0.14783111,0.010453579,0.019052045,0.020811287,0.010672311,0,0,0,0,0,0,0,0,0,0,0.015129939
2010-07-12,0,0,0.066694164,-0.0014883069,0.14837443,0.002097291,0,0.0041809419,0.0015520376,0,0,0,0,0,0,0,0,0,0,0.0053772868
2010-07-13,0,0,0.23160371,-0.00039821831,0.14597932,0.0012182388,0.0076784101,0.002431259,-0.00079533404,0,0,0,0,0,0,0,0,0,-0,0.003371897
2010-07-14,0,0,0.5911641,-0.0015263018,0.14588125,0.00476628,0.0096745822,0.0094484604,0.0020979938,0,0,0,0,0,0,0,0,0,0,0.013789907
2010-07-15,0,0,-0.54423933,-0.0015085633,0.15027339,0.00057369055,-0.0039387309,0.001151742,-0.0015737705,0,0,0,0,0,0,0,0,0,-0,-0.0032005487
2010-07-16,0,0,-0.32592685,3.17404e-05,0.1513847,-0.0084376076,-0.016278047,-0.016893639,-0.0084983354,0,-0,0,-0,0,-0,0,-0,0,-0,-0.0095178029
2010-07-19,0,0,0.73674367,-0.0031217782,0.15556594,0.0082280341,0.011959522,0.016711429,0.007512073,0,0,0,0,0,0,0,0,0,0,-0.0069464544
2010-07-20,0,0,-1.5283076,0.0019508889,0.14296318,0.0010486455,0.0040871935,0.0020960699,0.0061032655,0,0,0,0,0,0,0,0,0,0,0.0016321772
2010-07-21,0,0,0.73862196,-0.0048525363,0.14204066,0.0015581717,0.0035587189,0.0030904825,-0.001227209,0,0,0,0,0,0,0,0,0,-0,0.010009893
2010-07-22,0,0,0.85039221,-0.0042319158,0.14488018,-0.00075406032,-0.0013483146,-0.0015182482,-0.0048387806,0,-0,0,-0,0,-0,0,-0,0,-0,-0.0073753961
2010-07-23,0,0,-0.051668132,-0.00061582968,0.14439064,0.001032643,0.0021978022,0.002041395,0.0019646365,0,0,0,0,0,0,0,0,0,0,0.012886748
2010-07-26,0,0,-0.82591415,0.0010015073,0.15024274,0.0041699989,0.0034722222,0.0083129306,0.0050936003,0,0,0,0,0,0,0,0,0,0,0.0074502837
2010-07-27,0,0,-0.63456554,-0.0010863853,0.15122003,-0.0026674234,-0.0073024055,-0.0053224619,-0.0031511698,0,-0,0,-0,0,-0,0,-0,0,-0,-0.00034131634
2010-07-28,0,0,0.70353152,-0.0025083985,0.14123431,0.002670758,0.015652174,0.0053339386,-0.00060422961,0,0,0,0,0,0,0,0,0,-0,0.0040971946
2010-07-29,0,0,0.19554774,0.00047403332,0.13672197,0.0019320377,-0.0008605852,0.0038744231,0.00064932254,0,0,0,0,0,0,0,0,0,0,-0.00073675262
2010-07-30,0,0,-0.035878164,0.003293218,0.12979189,-0.0077734907,-0.01425486,-0.015554042,-0.0062852189,0,-0,0,-0,0,-0,0,-0,0,-0,-0.0082236842
2010-08-02,1,1,1.2913476,-0.0024826149,0.13062097,0.011399259,0.018655098,0.022723399,0.0060653323,2,0.018155098,2,0.018155098,2,0.018155098,1,0.010899259,2,0.011730665,0.014753817
2010-08-03,0,0,-0.87462291,-0.0017517297,0.13546815,-0.0011781206,-0.0062945867,-0.0023457135,-0.0030756087,0,-0,0,-0,0,-0,0,-0,0,-0,0.0033248802
2010-08-04,1,1,1.0431543,-0.0024351864,0.13469576,-0.0013474062,-0.0084210526,-0.0026936027,-0.0040157211,2,-0.0089210526,2,-0.0089210526,2,-0.0089210526,1,-0.0018474062,2,-0.0084314422,-0.00089867446
2010-08-05,0,0,0.096850001,-0.0020296751,0.12961325,-0.0048807854,-0.0080134964,-0.0097413504,-0.0074317687,0,-0,0,-0,0,-0,0,-0,0,-0,-0.0028108837
2010-08-06,0,0,-0.17665361,0.00058122653,0.12381256,0.00090283264,0.0017086715,0.001807297,0.00090462652,0,0,0,0,0,0,0,0,0,0,0
2010-08-09,0,0,-0.35397313,0.0029973171,0.11248,0.0028764805,0.012012012,0.0057555581,0.0066928624,0,0,0,0,0,0,0,0,0,0,0.0024241741
2010-08-10,0,0,-0.45682709,0.00014804032,0.11137728,-0.0082528632,-0.010597711,-0.01647705,-0.0059120898,0,-0,0,-0,0,-0,0,-0,0,-0,-0.0065238176
2010-08-11,0,0,-0.21535489,-0.0011442116,0.11362569,-0.011069482,-0.023376623,-0.022200717,-0.0093878434,0,-0,0,-0,0,-0,0,-0,0,-0,-0.013812624
2010-08-12,0,0,-0.12446369,0.0027175901,0.11460063,-0.0075990487,-0.015844273,-0.015360263,-0.0064767989,0,-0,0,-0,0,-0,0,-0,0,-0,-0.017966822
2010-08-13,1,1,1.5580856,-0.00031076622,0.13812025,0.0081566069,0.014618547,0.016260163,0.0083955224,2,0.014118547,2,0.014118547,2,0.014118547,1,0.0076566069,2,0.016391045,0.011456628
2010-08-16,0,0,-1.1623835,0.0049843881,0.14385756,0.00023173628,-0.00090375056,0.00046463004,0.0052813776,0,0,0,0,0,0,0,0,0,0,-0.0022538141
2010-08-17,0,0,-1.044434,0.0037055531,0.14309103,0.0091025046,0.021324864,0.01822297,0.011133289,0,0,0,0,0,0,0,0,0,0,0.0081088908
2010-08-18,0,0,-0.37551675,0.00095219047,0.14458213,-0.001487159,0.0035445281,-0.002961107,-0.0010473946,0,0,0,0,0,0,0,0,0,-0,0.0029876472
2010-08-19,0,0,0.02643054,-0.0013097579,0.14176506,0.013461649,0.029606717,0.026923297,0.011692845,0,0,0,0,0,0,0,0,0,0,0.013461649
2010-08-20,0,0,0.52126566,-0.0020028834,0.14573029,0.0042766722,0.0034782609,0.0086296168,0.0032984679,0,0,0,0,0,0,0,0,0,0,-0.0045218178
2010-08-23,0,0,0.89686737,-0.003836208,0.13776519,-0.0013059278,-0.0056204064,-0.0026118556,-0.0069881805,0,-0,0,-0,0,-0,0,-0,0,-0,-0.0013059278
2010-08-24,0,0,-1.0573922,0.0078386929,0.13703671,-0.0052335173,-0.0083005679,-0.010472992,0.0035870516,0,-0,0,-0,0,-0,0,-0,0,0,-0.005799079
2010-08-25,0,0,-0.18776656,0.0018734193,0.13751721,-0.0089748015,-0.017825312,-0.018058691,-0.0065936964,0,-0,0,-0,0,-0,0,-0,0,-0,-0.014925373
2010-08-26,0,0,0.64128392,-0.00082211806,0.14639883,-0.007050393,-0.013057181,-0.01403751,-0.0079665493,0,-0,0,-0,0,-0,0,-0,0,-0,-0.0025542784
2010-08-27,0,0,0.083328303,-1.9537718e-05,0.14648216,0.004321925,0.0064456722,0.0086742469,0.003962071,0,0,0,0,0,0,0,0,0,0,0.00081480619
2010-08-30,0,0,0.48564588,-0.00045576967,0.14419007,0.0061543771,0.016994633,0.012175694,0.0063987378,0,0,0,0,0,0,0,0,0,0,0.017271458
2010-08-31,0,0,0.0047457404,-6.1286402e-05,0.15185694,-0.0021878059,-0.011638317,-0.0044070745,-0.0046954537,0,-0,0,-0,0,-0,0,-0,0,-0,-0.0092608472
2010-09-01,0,0,0.94375676,-0.0015526907,0.15586839,0.010257001,0.022952295,0.02048685,0.0061842105,0,0,0,0,0,0,0,0,0,0,0.011597715
2010-09-02,0,0,-0.97695265,0.0012206619,0.16241276,-0.0053065372,-0.008605852,-0.010505141,-0.0059044089,0,-0,0,-0,0,-0,0,-0,0,-0,0.0050193931
2010-09-03,0,0,-0.53875297,-0.00038690598,0.16358017,-0.0010193103,-0.003887689,-0.0020341282,-0.00095131021,0,-0,0,-0,0,-0,0,-0,0,-0,0.0011918275
2010-09-06,0,0,-0.14296592,0.00010154637,0.16372987,0.00061902082,0.0029991431,0.0012291189,0.00073086844,0,0,0,0,0,0,0,0,0,0,0.007936058
2010-09-07,0,0,-0.065879672,-0.00050320545,0.1655653,-0.0030945817,-0.006834686,-0.0061919505,-0.0014176476,0,-0,0,-0,0,-0,0,-0,0,-0,-0.0035431078
2010-09-08,0,0,0.18412516,-0.001385975,0.16473226,-0.0020969113,-0.0047660312,-0.0042112452,-0.001599585,0,-0,0,-0,0,-0,0,-0,0,-0,-0.0062083757
2010-09-09,0,0,0.091983218,-0.00067535092,0.15917094,0.00050856077,0.0039045553,0.0010120319,-0.0017246583,0,0,0,0,0,0,0,0,0,-0,0.005565652
2010-09-10,0,0,0.39900673,-0.0029437143,0.13543294,0.0079033533,0.017211704,0.015799571,0.005372185,0,0,0,0,0,0,0,0,0,0,0.0083587484
2010-09-13,0,0,0.51438814,-0.0038070337,0.1320866,0.0082750909,0.012184874,0.016521545,0.0047187859,0,0,0,0,0,0,0,0,0,0,0.010025765
2010-09-14,0,0,-0.57138853,-0.0017064044,0.13482299,-0.0030995738,-0.0041390728,-0.0061875035,-0.0051013955,0,-0,0,-0,0,-0,0,-0,0,-0,-0.0012199856
2010-09-15,0,0,0.19731927,-0.00072214312,0.13445089,0.0024979184,0.00456621,0.0049947278,0.0039371745,0,0,0,0,0,0,0,0,0,0,0.0027205597
2010-09-16,0,0,-0.74624845,-0.00080645837,0.13466447,-0.0054263566,-0.014438944,-0.010852713,-0.0061227937,0,-0,0,-0,0,-0,0,-0,0,-0,-0.0054263566
2010-09-17,1,1,1.4100258,-0.0050679338,0.13163354,0.0056672964,0.011647255,0.011311966,0.0025312184,2,0.011147255,2,0.011147255,2,0.011147255,1,0.0051672964,2,0.0046624367,0.0076828861
2010-09-20,0,0,-0.973588,-0.00078826373,0.13441278,0.0044328697,0.0066225166,0.0088918528,0.0066748342,0,0,0,0,0,0,0,0,0,0,0.0014917127
2010-09-24,0,0,-0.43840311,0.00090164827,0.13281736,0.0056269653,0.014456836,0.011253931,0.0084952477,0,0,0,0,0,0,0,0,0,0,0.0056269653
2010-09-27,0,0,-1.3650253,-0.0019201198,0.13230105,0.0049132001,0.0036202735,0.0097788885,0.0016183244,0,0,0,0,0,0,0,0,0,0,0.0098195183
2010-09-28,0,0,0.36388211,0.001843726,0.11628682,-0.0017932833,0.003221909,-0.0035877365,-0.002363576,0,0,0,0,0,0,0,0,0,-0,-0.0021186441
2010-09-29,0,0,0.54259909,-0.0002448923,0.11672808,0.0035824784,0.0075878594,0.0071440169,0.0013639745,0,0,0,0,0,0,0,0,0,0,0.0065327454
2010-09-30,0,0,0.54057693,-0.0027258724,0.11696483,0.0026007802,-0.00079113924,0.0052108777,0.0011538303,0,0,0,0,0,0,0,0,0,0,0.0008112932
2010-10-01,0,0,0.1904381,-0.0013847258,0.10344401,0.0037846021,0.0071005917,0.0075724794,0.002552806,0,0,0,0,0,0,0,0,0,0,0.0033506269
2010-10-04,0,0,0.26383719,1.8878967e-05,0.086789916,-0.0029500107,-0.0093312597,-0.0058754407,-0.0019634311,0,-0,0,-0,0,-0,0,-0,0,-0,0.0012388237
2010-10-05,0,0,0.15812681,8.5590294e-05,0.081716424,0.0039359465,0.0094711918,0.0078897595,0.004111504,0,0,0,0,0,0,0,0,0,0,0.0016676529
2010-10-06,0,0,-0.39731855,-0.002403419,0.081562529,0.0064529892,0.010760953,0.012816439,0.0047458727,0,0,0,0,0,0,0,0,0,0,0.013533835
2010-10-07,0,0,-0.43592445,0.001293801,0.09079553,-0.00063640221,-0.00456621,-0.0012738854,0.00020228992,0,-0,0,-0,0,-0,0,-0,0,0,-0.0014836795
2010-10-08,0,0,0.063212358,-0.00060670903,0.091470813,-0.0028149564,-0.0072519084,-0.0056347013,-0.0026298754,0,-0,0,-0,0,-0,0,-0,0,-0,-0.003661643
2010-10-11,0,0,0.50314966,-0.001647097,0.092575121,-0.0069448126,-0.01826484,-0.013825128,-0.010282673,0,-0,0,-0,0,-0,0,-0,0,-0,-0.0022902796
2010-10-12,0,0,0.18740313,-0.00025165215,0.08993454,-0.015111064,-0.025193798,-0.030228584,-0.013875326,0,-0,0,-0,0,-0,0,-0,0,-0,-0.015321375
2010-10-13,0,0,0.60724199,-0.0022604574,0.10574907,0.0002699784,0.0011848341,0.00053777897,-0.0026269343,0,0,0,0,0,0,0,0,0,-0,0.0043372188
2010-10-14,0,0,0.33236821,-0.0007263375,0.10140743,0.0093478027,0.016015625,0.018606641,0.0076520174,0,0,0,0,0,0,0,0,0,0,0.014197031
2010-10-15,0,0,0.15559337,0.0011848636,0.10534679,0.0014377762,0.0038446751,0.0028769313,0.0021542088,0,0,0,0,0,0,0,0,0,0,0.00095805834
2010-10-18,0,0,-0.075955139,-0.0010134383,0.10454565,-0.0137722,-0.0356049,-0.027544401,-0.016895588,0,-0,0,-0,0,-0,0,-0,0,-0,-0.0137722
2010-10-19,0,0,-0.59155585,0.0031025909,0.12205736,-0.015923396,-0.025994486,-0.031774999,-0.011730326,0,-0,0,-0,0,-0,0,-0,0,-0,-0.013694937
2010-10-20,0,0,0.22606723,0.00019955906,0.12525031,0.013525401,0.021233156,0.027207875,0.014177258,0,0,0,0,0,0,0,0,0,0,0.0077078664
2010-10-21,0,0,-0.42586338,-0.00066717921,0.12316962,-0.0016216216,0.00039729837,-0.0032317139,-0.00074162581,0,0,0,0,0,0,0,0,0,-0,0.0019529131
2010-10-22,0,0,0.64235892,-0.0028834063,0.12323949,0.009450775,0.019367589,0.018853695,0.0092782659,0,0,0,0,0,0,0,0,0,0,0.012019491
2010-10-25,0,0,0.24332562,-0.0024710152,0.13005272,0.0091806779,0.016994979,0.01831931,0.0066526043,0,0,0,0,0,0,0,0,0,0,0.011502247
2010-10-26,0,0,-0.69459657,0.001892566,0.13197458,0.00015867139,0.0022796353,0.00031734278,0.0027452564,0,0,0,0,0,0,0,0,0,0,0.00015867139
2010-10-27,0,0,-0.20245014,-1.7190218e-05,0.13083434,-0.0026979844,-0.017816528,-0.0053979678,-0.0064861816,0,-0,0,-0,0,-0,0,-0,0,-0,-0.0030671602
2010-10-28,0,0,0.16317763,0.0036884908,0.13274523,-0.0016981533,0,-0.003397749,-0.00048675618,0,0,0,0,0,0,0,0,0,-0,-0.0021217908
2010-10-29,0,0,0.47186235,0.00015413625,0.13268486,-0.0099277978,-0.033013436,-0.019830329,-0.017031433,0,-0,0,-0,0,-0,0,-0,0,-0,-0.0086646821
2010-11-01,0,0,0.78495499,0.00081040059,0.14231633,0.013575146,0.029909484,0.027167785,0.01430797,0,0,0,0,0,0,0,0,0,0,0.012922945
2010-11-02,0,0,-0.51033823,0.0013128492,0.15640255,0.0011649457,0.0061443932,0.0023305085,0.0036839122,0,0,0,0,0,0,0,0,0,0,0.00089994706
2010-11-03,0,0,0.51552869,-0.0051940667,0.15647635,0.0049578059,0.013657056,0.0098879714,0.001482253,0,0,0,0,0,0,0,0,0,0,0.0077748982
2010-11-04,0,0,0.13824932,-0.0045977585,0.15103028,0.0048808649,0.003354454,0.0097617298,0.0015554581,0,0,0,0,0,0,0,0,0,0,0.0048808649
2010-11-05,0,0,0.12796415,-0.0053066165,0.15138517,-0.0056605733,-0.024275362,-0.011257423,-0.010360449,0,-0,0,-0,0,-0,0,-0,0,-0,0
2010-11-08,0,0,0.4069636,0.00033803066,0.15076945,-0.002182385,-0.0036764706,-0.0043426563,-0.0023383006,0,-0,0,-0,0,-0,0,-0,0,-0,0.0029247402
2010-11-09,0,0,0.20686433,0.00017654909,0.14947257,0.002395459,-0.00036764706,0.0047909181,0.0010325245,0,0,0,0,0,0,0,0,0,0,0.002395459
2010-11-10,0,0,0.6195943,0.00056300977,0.14018359,0.013062711,0.026907482,0.026171732,0.012943185,0,0,0,0,0,0,0,0,0,0,0.011273313
2010-11-11,0,0,-0.79434339,-0.00060554367,0.14473573,-0.0071024189,-0.0017992083,-0.014231206,-0.028839363,0,-0,0,-0,0,-0,0,-0,0,-0,-0.0089386623
2010-11-12,1,0,4.8875527,0.0034317662,0.17887876,-0.020565287,-0.039927405,-0.041001339,-0.017525121,0,-0,0,-0,0,-0,0,-0,2,-0.035450241,-0.017468381
2010-11-15,1,1,1.9371322,-0.0061437457,0.17918828,0.0039124458,0.0060675009,0.0078418905,-0.00048127055,1.6742166,0.0048654198,2,0.0055675009,2,0.0055675009,1,0.0034124458,2,-0.0013625411,0.0017409654
2010-11-16,0,0,-0.18897997,-0.00071374772,0.1686757,-0.0061091216,-0.014700339,-0.012218243,-0.0044987147,0,-0,0,-0,0,-0,0,-0,0,-0,-0.0061091216
2010-11-17,0,0,-0.75734353,0.0009824948,0.16498381,0.0063592155,0.0096749226,0.012827423,0.0093053628,0,0,0,0,0,0,0,0,0,0,-0.0021195422
2010-11-18,1,1,1.217861,-0.0049233778,0.1642437,0.014094955,0.027459954,0.028130288,0.0089587016,1.8265541,0.02464185,2,0.026959954,2,0.026959954,1,0.013594955,2,0.017517403,0.016248938
2010-11-19,0,0,-0.74873615,-0.0014922856,0.17196385,0.0043763676,0.0059084195,0.0087272727,0.0029330163,0,0,0,0,0,0,0,0,0,0,0.007315289
2010-11-22,0,0,0.27471013,-0.00053924274,0.16769124,0.0021213846,0.00036363636,0.0042320396,0.00070916397,0,0,0,0,0,0,0,0,0,0,0.0046685341
2010-11-23,0,0,-0.56013106,0.0039465732,0.1653274,-0.0097067328,-0.012070227,-0.019413466,-0.0043440487,0,-0,0,-0,0,-0,0,-0,0,-0,-0.0097067328
2010-11-24,0,0,-2.9919168,0.0058171836,0.16813989,0.016710735,0.026535254,0.033905579,0.02273372,0,0,0,0,0,0,0,0,0,0,0.0023983316
2010-11-25,0,0,-0.88192632,-0.0011307286,0.16551163,-0.00046690185,-0.0040396621,-0.00093138777,-0.0033557047,0,-0,0,-0,0,-0,0,-0,0,-0,0.0021325289
2010-11-26,0,0,0.42220679,0.0025751926,0.16538048,-0.014950854,-0.025376977,-0.029804569,-0.014857549,0,-0,0,-0,0,-0,0,-0,0,-0,-0.011729901
2010-11-29,1,1,1.1935342,-0.00083427028,0.16365075,-0.0039388688,-0.0026505112,-0.0078777375,-0.0040012804,1.8331721,-0.0033654451,2,-0.0031505112,2,-0.0031505112,1,-0.0044388688,2,-0.0084025608,-0.0039388688
2010-11-30,0,0,-0.74180622,0.0040346701,0.15115486,0.014285714,0.012908125,0.028565405,0.0067346856,0,0,0,0,0,0,0,0,0,0,0.014499631
2010-12-01,0,0,0.99674394,0.0027144421,0.15130255,0.0072107848,0.016853933,0.014499606,0.01087652,0,0,0,0,0,0,0,0,0,0,0.0018190323
2010-12-02,0,0,-0.98248073,-0.0038594301,0.15506373,0.0079557783,0.010200364,0.015845252,0.0055378815,0,0,0,0,0,0,0,0,0,0,0.012191326
2010-12-03,0,0,-0.26792158,-0.0026588479,0.1604649,0.00081703518,0.0085990684,0.0016280845,0.00054366821,0,0,0,0,0,0,0,0,0,0,0.0045102763
2010-12-06,0,0,0.020959317,-0.0012227808,0.1615552,-0.0014760523,-0.0014179369,-0.0029449099,-0.0030993336,0,-0,0,-0,0,-0,0,-0,0,-0,0.00096943722
2010-12-07,0,0,0.18476113,-0.00054392169,0.16178788,0.0036700989,0.0088746894,0.0073401978,0.0045443952,0,0,0,0,0,0,0,0,0,0,0.0036700989
2010-12-08,0,0,-0.45642282,0.00025677255,0.16239349,-0.0042161942,-0.0087997184,-0.0084341022,-0.0028654405,0,-0,0,-0,0,-0,0,-0,0,-0,-0.0044184865
2010-12-09,0,0,0.39526229,-0.00063173679,0.15833319,0.016469273,0.025423729,0.03282176,0.014502843,0,0,0,0,0,0,0,0,0,0,0.020098964
2010-12-10,0,0,-1.1359314,0.0015641275,0.12507351,0.0026071697,0.0030991736,0.0052279696,0.00064992163,0,0,0,0,0,0,0,0,0,0,0
2010-12-13,0,0,0.040428397,-0.00089763288,0.12637891,0.0054978009,0.0088676671,0.01098956,0.0023220404,0,0,0,0,0,0,0,0,0,0,0.0060509076
2010-12-14,0,0,0.4299615,0.00032326289,0.12690919,0.0027823322,0.0047233468,0.0055621772,0.0045086004,0,0,0,0,0,0,0,0,0,0,0.0032309375
2010-12-15,0,0,-0.26891816,0.00011943311,0.12373699,0.00084133426,0.00067001675,0.0016807554,0.0034713051,0,0,0,0,0,0,0,0,0,0,0.0019818659
2010-12-16,0,0,-0.42495306,-0.0025959826,0.12198358,0.0036750099,0.00067226891,0.0073819143,0.00033984065,0,0,0,0,0,0,0,0,0,0,-0.00064283242
2010-12-17,0,0,0.25321553,-0.0024102,0.11621656,0.0056274065,0.014715719,0.011228208,0.0055599384,0,0,0,0,0,0,0,0,0,0,0.0080158337
2010-12-20,0,0,-1.9769414,0.00011658497,0.11821429,0.0094498318,0.014046823,0.019050469,0.0073075185,0,0,0,0,0,0,0,0,0,0,0.0015216964
2010-12-21,1,1,1.0125268,-0.00080567796,0.11889788,0.0054711543,0.0104541,0.010906081,0.00066882176,2,0.0099541,2,0.0099541,2,0.0099541,1,0.0049711543,2,0.00093764352,0.008822232
2010-12-22,0,0,-0.60162938,0.0010732555,0.11372884,0.00072875674,-0.00064495324,0.0014575135,0.00029682398,0,0,0,0,0,0,0,0,0,0,0.00072875674
2010-12-23,0,0,-0.12110055,-0.00010348082,0.11371675,-0.0019902913,-0.004189494,-0.0039801961,-0.0015183498,0,-0,0,-0,0,-0,0,-0,0,-0,-0.0018933877
2010-12-24,0,0,0.4900587,-0.0023549522,0.11379135,-0.0032589134,-0.0058252427,-0.0065178267,-0.005923732,0,-0,0,-0,0,-0,0,-0,0,-0,-0.0032589134
2010-12-27,0,0,-0.7458212,0.0013003486,0.10173703,-0.00019554165,0.00065445026,-0.00039177277,-0.0012328153,0,0,0,0,0,0,0,0,0,-0,-0.0019519813
2010-12-28,0,0,0.54677145,-0.00013670366,0.10404643,0.0042461809,0.013716525,0.0084770535,0.0030945901,0,0,0,0,0,0,0,0,0,0,0.0060629767
2010-12-29,0,0,-0.78214928,0.0043367189,0.10444914,0.010929227,0.013782051,0.021846781,0.0080137165,0,0,0,0,0,0,0,0,0,0,0.011469673
2010-12-30,0,0,0.12110793,0.0062726158,0.099257894,0.0037900595,0.0047199497,0.0075684997,0.0012922759,0,0,0,0,0,0,0,0,0,0,0.0053334615
2011-01-03,1,0,1.4306629,0.005352684,0.092920802,0.0037647732,0.0062150404,0.0075077215,0.0035551972,0,0,0,0,0,0,0,0,2,0.0067103944,0.0066912011
2011-01-04,0,0,-1.0000054,0.001045699,0.095258103,0.0038348641,0.0064417178,0.0076483641,0.0054322068,0,0,0,0,0,0,0,0,0,0,0.0066467265
2011-01-05,0,0,-0.25909833,-4.7394984e-05,0.094881902,0.0018411859,0.0021354484,0.0036860262,-7.2629553e-05,0,0,0,0,0,0,0,0,0,-0,0.00084893647
2011-01-06,0,0,0.56865204,-0.0029092516,0.096316504,-0.0044239458,-0.012424242,-0.0088366627,-0.0079087068,0,-0,0,-0,0,-0,0,-0,0,-0,-0.0031572499
2011-01-07,0,0,-0.41395337,-0.00050056382,0.094466356,0.0066862671,0.013251156,0.013414518,0.0058759124,0,0,0,0,0,0,0,0,0,0,0.0035454288
2011-01-10,0,0,-0.42543954,0.0010561761,0.074908205,-0.0050493134,-0.0085470085,-0.010116768,-0.0033465498,0,-0,0,-0,0,-0,0,-0,0,-0,-0.0068302793
2011-01-11,0,0,-0.068032693,0.00085677177,0.078977188,0.0042176097,0.0046153846,0.0084280303,0.0047112962,0,0,0,0,0,0,0,0,0,0,0.0050749383
2011-01-12,0,0,-0.17142605,-0.0015013008,0.078065487,0.0029257704,0.0048914705,0.0058515407,0.0023227961,0,0,0,0,0,0,0,0,0,0,0.0029257704
2011-01-13,0,0,-0.85556797,0.0015819293,0.076366607,-0.0012192834,-0.00090771558,-0.0024304744,-0.0035082643,0,-0,0,-0,0,-0,0,-0,0,-0,0.0021173481
2011-01-14,0,0,0.01215766,0.0044660339,0.077816294,0.009808983,0.008782556,0.019609683,0.010094775,0,0,0,0,0,0,0,0,0,0,0.010235703
2011-01-17,0,0,-0.6651496,0.00069282488,0.079533004,-0.0057297247,-0.009569378,-0.011485666,-0.0051707422,0,-0,0,-0,0,-0,0,-0,0,-0,-0.0079940509
2011-01-18,0,0,-0.560173,0.002240371,0.076889152,-0.0028110945,-0.0015142338,-0.0056221889,0.0006149839,0,-0,0,-0,0,-0,0,-0,0,0,-0.0028110945
2011-01-19,0,0,0.79454744,-0.0030633414,0.077245135,0.0071214393,0.01022864,0.014202953,0.0048578625,0,0,0,0,0,0,0,0,0,0,0.0099605337
2011-01-20,0,0,0.5071894,-0.00094414346,0.080026163,-0.0025656575,-0.0047904192,-0.0051454767,-0.002764613,0,-0,0,-0,0,-0,0,-0,0,-0,-0.0053033122
2011-01-21,0,0,-0.35441728,0.00092739662,0.084001437,-0.017648986,-0.031127229,-0.035332709,-0.016412957,0,-0,0,-0,0,-0,0,-0,0,-0,-0.018613787
2011-01-24,0,0,-0.69129446,0.0012800474,0.10955219,0.0064811285,0.012840589,0.012962257,0.0082644628,0,0,0,0,0,0,0,0,0,0,0.0064811285
2011-01-25,0,0,0.29302597,0.0010888382,0.11010563,-0.00018825301,0.00030637255,-0.0003742515,-0.0022480058,0,0,0,0,0,0,0,0,0,-0,0.0058712121
2011-01-26,0,0,0.6650384,-0.0006653387,0.10829889,0.010967803,0.01953602,0.021935605,0.0095958864,0,0,0,0,0,0,0,0,0,0,0.010967803
2011-01-27,0,0,-0.14306436,-0.00039082464,0.1149263,0.00037216226,0.00029868578,0.00074366721,-0.00050118136,0,0,0,0,0,0,0,0,0,-0,0.0012571588
2011-01-28,0,0,-0.35914052,7.1635804e-05,0.11422763,-0.00051153274,-0.0035906643,-0.0010230655,-0.0026148005,0,-0,0,-0,0,-0,0,-0,0,-0,-0.00051153274
2011-01-31,0,0,-0.95414091,0.0087434666,0.11513674,-0.011988386,-0.010416667,-0.024133868,-0.0061135371,0,-0,0,-0,0,-0,0,-0,0,-0,-0.018378077
2011-02-01,0,0,0.16098268,-0.00057158671,0.13174625,-0.0017944843,-0.009202454,-0.0035757975,-0.0038251366,0,-0,0,-0,0,-0,0,-0,0,-0,0.0018959143
2011-02-07,1,1,1.2083033,-0.0028370903,0.12903988,-0.0079985032,-0.013661202,-0.015818686,-0.010296659,2,-0.014161202,2,-0.014161202,2,-0.014161202,1,-0.0084985032,2,-0.020993318,0.0033115716
2011-02-08,0,0,0.097484759,-0.00064143942,0.13050753,-0.011413273,-0.020769701,-0.022737906,-0.010325713,0,-0,0,-0,0,-0,0,-0,0,-0,-0.0075443229
2011-02-09,0,0,0.26842419,-0.0037591567,0.13220443,-0.012900778,-0.028269649,-0.025757576,-0.015610183,0,-0,0,-0,0,-0,0,-0,0,-0,-0.011212467
2011-02-10,0,0,-0.36185845,0.0020669254,0.13774582,-0.0084086104,-0.027546445,-0.016817221,-0.017235615,0,-0,0,-0,0,-0,0,-0,0,-0,-0.0084086104
2011-02-11,0,0,0.012959232,0.0073252405,0.15227877,-0.022158511,-0.031949934,-0.044442279,-0.016616314,0,-0,0,-0,0,-0,0,-0,0,-0,-0.024906721
2011-02-14,1,1,1.930751,-0.00013483498,0.15846211,0.0098400984,0.016437437,0.01948653,0.0096018824,1.8931971,0.015232822,2,0.015937437,2,0.015937437,1,0.0093400984,2,0.018803765,0.019977141
2011-02-15,0,0,0.021744274,-0.001619073,0.17928865,-0.0033612627,-0.00428054,-0.006721543,-0.0040902098,0,-0,0,-0,0,-0,0,-0,0,-0,-0.0032155907
2011-02-16,0,0,-0.12007576,0.00027178784,0.17928774,-0.0078736307,-0.011627907,-0.015755737,-0.0090205699,0,-0,0,-0,0,-0,0,-0,0,-0,-0.008407058
2011-02-17,0,0,0.75414779,-0.0036258795,0.17659904,-0.007565337,-0.020735786,-0.015079559,-0.012026777,0,-0,0,-0,0,-0,0,-0,0,-0,-0.0041898753
2011-02-18,1,1,1.0808914,-0.0044043958,0.17673131,0.014381734,0.025389303,0.02871805,0.010531118,1.6974921,0.021559426,2,0.024889303,2,0.024889303,1,0.013881734,2,0.020662236,0.015988516
2011-02-21,0,0,-0.26836188,-0.0025446174,0.19098307,-0.0027345085,-0.013513514,-0.0054813292,-0.0050022567,0,-0,0,-0,0,-0,0,-0,0,-0,-0.0049695493
2011-02-22,0,0,-3.3556605,0.01088051,0.18624569,-0.013261297,-0.017311609,-0.026604917,-0.002607262,0,-0,0,-0,0,-0,0,-0,0,-0,-0.016305146
2011-02-23,1,0,1.4688168,0.00051788935,0.19269038,0.0045438658,0.0069541029,0.0091164095,0.00011574967,0,0,0,0,0,0,0,0,2,-0.00016850066,0.0013937282
2011-02-24,0,0,0.14024955,0.0034084102,0.18430226,-0.0046889809,-0.01108417,-0.0094112936,-0.0038656307,0,-0,0,-0,0,-0,0,-0,0,-0,-0.0082016105
2011-02-25,0,0,0.70249164,0.00048368023,0.18138131,0.0039052721,0.0080363382,0.007802731,0.0030562111,0,0,0,0,0,0,0,0,0,0,0.0049115421
2011-02-28,0,0,-2.4540215,0.0051040247,0.18334846,-0.011071767,-0.013937282,-0.022143534,-0.006202512,0,-0,0,-0,0,-0,0,-0,0,-0,-0.011071767
2011-03-02,0,0,-1.050774,0.0053520172,0.17523698,-0.00086084667,-0.0042857143,-0.0017287843,0.0039771609,0,-0,0,-0,0,-0,0,-0,0,0,-0.0049422563
2011-03-03,1,1,1.3558402,-0.0031214954,0.17405381,0.015393933,0.032384342,0.03066097,0.014251227,1.7236049,0.027188276,2,0.031884342,2,0.031884342,1,0.014893933,2,0.028102453,0.019613806
2011-03-04,0,0,0.19546482,-0.0037536558,0.19725958,0.012826205,0.02513587,0.025460243,0.0089713373,0,0,0,0,0,0,0,0,0,0,0.02052888
2011-03-07,0,0,-0.36069287,0.0044824008,0.2028577,-0.017445544,-0.026017345,-0.034908098,-0.010146903,0,-0,0,-0,0,-0,0,-0,0,-0,-0.017924115
2011-03-08,1,1,1.211724,-0.0056038162,0.20822848,0.011865753,0.019210978,0.023756275,0.0055752854,1.4407251,0.014602978,2,0.018710978,2,0.018710978,1,0.011365753,2,0.010750571,0.010811883
2011-03-09,0,0,0.19780673,-0.00034836124,0.20925424,-0.0031251526,-0.012300532,-0.0062205375,-0.0039268993,0,-0,0,-0,0,-0,0,-0,0,-0,0.0016682204
2011-03-10,0,0,-0.27248725,0.0013477332,0.20904336,-0.0084791452,-0.017845118,-0.01696827,-0.010705744,0,-0,0,-0,0,-0,0,-0,0,-0,-0.0090619642
2011-03-11,0,0,-0.9240437,0.0085595992,0.20919744,-0.0090170876,-0.0094504725,-0.018176341,-0.0013220827,0,-0,0,-0,0,-0,0,-0,0,-0,-0.01670786
2011-03-14,0,0,-1.0377758,0.0049109493,0.20388589,0.0099694404,0.026129944,0.019870195,0.01578086,0,0,0,0,0,0,0,0,0,0,0.013472753
2011-03-15,0,0,0.12361537,-0.0041360156,0.20442529,-0.019001546,-0.039391845,-0.038210811,-0.022487891,0,-0,0,-0,0,-0,0,-0,0,-0,-0.024305556
2011-03-16,1,1,4.7710536,-0.0054246023,0.20581183,0.011361351,0.015199717,0.02247191,0.0038693701,1.4576421,0.012617949,2,0.014699717,2,0.014699717,1,0.010861351,2,0.0073387401,0.022775801
2011-03-17,0,0,-2.000727,0.0049598564,0.22065753,0.014428413,0.034779491,0.029294274,0.020183774,0,0,0,0,0,0,0,0,0,0,-0.0004970673
2011-03-18,0,0,-1.2074626,0.00042003957,0.21779395,0.0075464204,0.009271978,0.015067407,0.0086879637,0,0,0,0,0,0,0,0,0,0,0.0092500497
2011-03-21,0,0,-0.24763437,0.00026420362,0.22008452,0.0072310492,0.012890095,0.014437242,0.0081829946,0,0,0,0,0,0,0,0,0,0,0.0089681679
2011-03-22,0,0,-0.7705562,-0.001677287,0.21355583,0.0011685087,-0.00066334992,0.0023298709,0.0003007858,0,0,0,0,0,0,0,0,0,0,0.0042488767
2011-03-23,0,0,0.80605726,-0.0030869201,0.21338467,-0.00092398969,-0.0023209549,-0.0018479794,-0.0038246653,0,-0,0,-0,0,-0,0,-0,0,-0,-0.00092398969
2011-03-24,0,0,0.66052865,-0.00036470174,0.20384683,0.0086737413,0.020805812,0.017269658,0.0073416489,0,0,0,0,0,0,0,0,0,0,0.013239875
2011-03-25,1,1,1.3021945,-0.002024877,0.2067465,0.0022874571,0.0057324841,0.0045385779,-0.00091942187,1.4510524,0.0033413446,2,0.0052324841,2,0.0052324841,1,0.0017874571,2,-0.0022388437,0.010376633
2011-03-28,0,0,-0.37462188,0.0010325806,0.20656188,0.0016165843,0,0.0032331685,0.0015826279,0,0,0,0,0,0,0,0,0,0,0.0016165843
2011-03-29,0,0,-0.29053309,0.0024642611,0.20618022,0.0077375866,0.019047619,0.015475173,0.010055619,0,0,0,0,0,0,0,0,0,0,0.0077375866
2011-03-30,0,0,-0.40551563,1.9166747e-05,0.20028846,0.0097320169,0.019875776,0.019426587,0.0082981511,0,0,0,0,0,0,0,0,0,0,0.011682133
2011-03-31,0,0,-0.062098946,0.00091458368,0.19879078,0.0008821208,0.0015101178,0.0017591778,0.0032377595,0,0,0,0,0,0,0,0,0,0,0.0037714765
2011-04-01,0,0,0.15166182,-0.0012444694,0.18820181,0.0077900399,0.013872135,0.015574302,0.0064893159,0,0,0,0,0,0,0,0,0,0,0.0081640226
2011-04-04,0,0,-0.3162702,-0.00012048038,0.17965396,-0.0034928076,-0.0091580502,-0.0069775982,-0.0038776236,0,-0,0,-0,0,-0,0,-0,0,-0,-0.0023465538
2011-04-05,0,0,0.10849406,-0.0008164161,0.16832128,0.0059493613,0.013118664,0.011898723,0.0061719586,0,0,0,0,0,0,0,0,0,0,0.0059493613
2011-04-06,0,0,-0.23222091,-0.00095563406,0.16831682,-0.0015140393,-0.0050073638,-0.003030303,-0.0015968772,0,-0,0,-0,0,-0,0,-0,0,-0,-0.0022464698
2011-04-07,0,0,0.35964642,-0.0015722762,0.1695351,-0.0051844375,-0.010312316,-0.0103532,-0.0062717029,0,-0,0,-0,0,-0,0,-0,0,-0,-0.0036759638
2011-04-08,0,0,-0.26216371,-0.0057219189,0.16149389,0.0089621546,0.0056750299,0.018048347,0.00375,0,0,0,0,0,0,0,0,0,0,0.0020753586
2011-04-11,0,0,0.14772722,-0.00023484324,0.14683,-0.0014739072,-0.0038644471,-0.0029501245,-0.0010684141,0,-0,0,-0,0,-0,0,-0,0,-0,-0.0022551546
2011-04-12,0,0,-0.35925126,0.00045734049,0.14311254,-0.012940198,-0.026970333,-0.025929527,-0.01290484,0,-0,0,-0,0,-0,0,-0,0,-0,-0.014806956
2011-04-13,1,1,1.0345775,-0.00091753164,0.12146156,0.016949153,0.032078964,0.033898305,0.015117541,2,0.031578964,2,0.031578964,2,0.031578964,1,0.016449153,2,0.029835081,0.016949153
2011-04-14,0,0,-0.70504,0.0037037388,0.11541542,0.0088858195,0.017050553,0.017771639,0.011647433,0,0,0,0,0,0,0,0,0,0,0.0088858195
2011-04-15,0,0,-0.68234051,0.0028861538,0.11621436,-0.00045655846,0.0032438809,-0.00091353401,0.0015582944,0,0,0,0,0,0,0,0,0,0,-0.00091270022
2011-04-18,0,0,0.10994809,-0.0021628939,0.11581888,-0.0038818103,-0.0096547689,-0.0077622026,-0.0050779322,0,-0,0,-0,0,-0,0,-0,0,-0,-0.0036998127
2011-04-19,0,0,-1.0345469,-0.0006410546,0.11566141,0.0027772635,0.0027043269,0.005608525,0.0038301833,0,0,0,0,0,0,0,0,0,0,-0.0067852558
2011-04-20,1,1,1.7713599,-0.0051746496,0.12008358,0.016441493,0.034003548,0.032627465,0.012551564,2,0.033503548,2,0.033503548,2,0.033503548,1,0.015941493,2,0.024703127,0.024464549
2011-04-21,0,0,0.5974576,-0.0049579565,0.1409407,0.01138605,0.016853933,0.02265632,0.0040346219,0,0,0,0,0,0,0,0,0,0,0.016581058
2011-04-22,0,0,-0.43112009,0.00141036,0.14225971,-0.00053186774,-0.0013835086,-0.0010637355,-0.0020244999,0,-0,0,-0,0,-0,0,-0,0,-0,-0.00053186774
2011-04-25,0,0,0.56762789,0.00099178577,0.14142818,0.0046954596,0.00802213,0.009380531,0.0033251063,0,0,0,0,0,0,0,0,0,0,0.0058093126
2011-04-26,0,0,0.34303361,-0.0011756798,0.14163443,-0.0042767074,-0.0057692308,-0.0085534148,-0.0056647557,0,-0,0,-0,0,-0,0,-0,0,-0,-0.0042767074
2011-04-27,0,0,0.94517755,-0.0024337304,0.1436462,-0.0051471559,-0.010635397,-0.010228167,-0.0066995409,0,-0,0,-0,0,-0,0,-0,0,-0,0.0013283741
2011-04-28,0,0,0.1047151,-0.000477406,0.14110449,-0.0047111659,-0.010114817,-0.0093818501,-0.0036831156,0,-0,0,-0,0,-0,0,-0,0,-0,-0.00039798355
2011-04-29,0,0,-0.30237461,-0.0022625438,0.14056636,-0.0055297501,-0.01459653,-0.0110595,-0.0067722407,0,-0,0,-0,0,-0,0,-0,0,-0,-0.0055297501
2011-05-02,0,0,0.81077188,-0.0029858375,0.14261838,0.015886399,0.032518066,0.03169544,0.011715137,0,0,0,0,0,0,0,0,0,0,0.018371886
2011-05-03,0,0,-0.28129996,0.0026045571,0.15153924,-0.013806361,-0.02484472,-0.027618756,-0.010852976,0,-0,0,-0,0,-0,0,-0,0,-0,-0.014021753
2011-05-04,0,0,-0.31865566,0.0024325902,0.15974311,-0.011164274,-0.021323733,-0.022328549,-0.0082854884,0,-0,0,-0,0,-0,0,-0,0,-0,-0.011164274
2011-05-06,0,0,-1.3803559,0.0081527868,0.16543801,-0.010629673,-0.012420566,-0.02137294,-0.0030224222,0,-0,0,-0,0,-0,0,-0,0,-0,-0.015860215
2011-05-09,0,0,0.63948075,-0.0043641521,0.17668751,-0.0063697165,-0.017737714,-0.012731903,-0.0090124842,0,-0,0,-0,0,-0,0,-0,0,-0,-0.0057816626
2011-05-11,1,1,1.0109586,-0.006462236,0.17728518,0.006054812,0.0078763127,0.012040013,0.0022404257,1.6921888,0.0068156344,2,0.0073763127,2,0.0073763127,1,0.005554812,2,0.0040808514,0.011905307
2011-05-12,0,0,-1.9481216,0.00249528,0.18269782,-0.0093543235,-0.020011772,-0.018867056,-0.008848931,0,-0,0,-0,0,-0,0,-0,0,-0,-0.017602606
2011-05-13,0,0,0.35953073,0.0031808152,0.19160568,-0.0069161361,-0.018419489,-0.013754782,-0.0059729086,0,-0,0,-0,0,-0,0,-0,0,-0,-0.0012897282
2011-05-16,0,0,-0.89091207,0.0032153663,0.18246924,-0.0032469038,-0.0055113288,-0.0065310692,-0.0011169964,0,-0,0,-0,0,-0,0,-0,0,-0,-0.0089013929
2011-05-17,0,0,0.5370078,-0.0018648563,0.18155591,0.001165936,0.0080745342,0.0023369946,7.2168296e-05,0,0,0,0,0,0,0,0,0,0,-0.0010237796
2011-05-18,0,0,0.8335968,-0.0036007528,0.18157221,0.015589371,0.027217125,0.031146855,0.012723744,0,0,0,0,0,0,0,0,0,0,0.016630177
2011-05-19,0,0,-0.58442267,-0.0019094716,0.19184234,-0.01936104,-0.041022592,-0.03867959,-0.020963915,0,-0,0,-0,0,-0,0,-0,0,-0,-0.018282625
2011-05-20,0,0,0.31345467,-0.0014075161,0.20220014,0.0057792692,0.010172626,0.011541863,0.0047969415,0,0,0,0,0,0,0,0,0,0,0.0072345391
2011-05-23,0,0,-0.52555423,0.0025112543,0.18303577,-0.021053121,-0.037962963,-0.042229887,-0.021257399,0,-0,0,-0,0,-0,0,-0,0,-0,-0.023911029
2011-05-24,0,0,0.95876649,0.0039006283,0.19412465,0.00066464109,0.0035392535,0.0013292822,0.0033595452,0,0,0,0,0,0,0,0,0,0,0.00066464109
2011-05-25,1,1,1.4818134,-0.0013402865,0.19500226,-0.015589569,-0.029598982,-0.031047135,-0.017914595,1.5384437,-0.023632849,2,-0.030098982,2,-0.030098982,1,-0.016089569,2,-0.03622919,-0.01138628
2011-05-26,1,1,2.4526671,-0.0021016678,0.19361738,0.020475059,0.039626289,0.040541812,0.015956469,1.5494477,0.030497659,2,0.039126289,2,0.039126289,1,0.019975059,2,0.031512938,0.030857088
2011-05-27,0,0,-1.1811075,0.0046652165,0.22610674,0.0032586937,0.01155167,0.0065173875,0.0062767579,0,0,0,0,0,0,0,0,0,0,0.0032586937
2011-05-30,1,0,1.0214801,0.00059732193,0.22652719,-0.012302447,-0.018603233,-0.024433768,-0.01049239,0,-0,0,-0,0,-0,0,-0,2,-0.021384781,-0.0053361793
2011-05-31,1,1,1.0630319,-0.0048099405,0.22633054,0.025370768,0.044780729,0.050727341,0.018111115,1.325495,0.031188613,2,0.044280729,2,0.044280729,1,0.024870768,2,0.03582223,0.025657772
2011-06-01,0,0,-1.2077408,0.0015995722,0.24385865,-0.0027703347,-0.0052941176,-0.005532378,-0.00060087657,0,-0,0,-0,0,-0,0,-0,0,-0,-0.0012735377
2011-06-02,0,0,-2.3172807,0.0013812082,0.23420105,0.0036179786,-0.00030487805,0.0073724008,0.0060995416,0,0,0,0,0,0,0,0,0,0,-0.014618818
2011-06-03,1,0,1.0456081,0.0018891605,0.23520402,-0.006931693,-0.0051499546,-0.013770462,-0.0040717194,0,-0,0,-0,0,-0,0,-0,2,-0.0085434388,-0.00018486851
2011-06-07,0,0,-0.16147098,0.0030866949,0.23300845,0.0015356694,0.0030864198,0.003092059,0.0035144928,0,0,0,0,0,0,0,0,0,0,-0.0051310498
2011-06-08,0,0,0.33232539,-0.00091721324,0.22715552,-0.010826131,-0.025161092,-0.021652263,-0.010562746,0,-0,0,-0,0,-0,0,-0,0,-0,-0.010826131
2011-06-09,0,0,-0.43207693,0.0026524712,0.22874182,-0.0065291935,-0.003170577,-0.013058387,-0.0040577591,0,-0,0,-0,0,-0,0,-0,0,-0,-0.0065291935
2011-06-10,0,0,0.6923691,0.00112488,0.22301952,-0.021387365,-0.040816327,-0.042434394,-0.01946206,0,-0,0,-0,0,-0,0,-0,0,-0,-0.013475177
2011-06-13,0,0,-0.46326859,0.0068995799,0.21438432,0.0037422636,0.019940179,0.0074924355,0.011168997,0,0,0,0,0,0,0,0,0,0,0.0026839204
2011-06-14,0,0,-0.67293682,0.0016910071,0.21503319,0.014769848,0.033693163,0.029539697,0.016378222,0,0,0,0,0,0,0,0,0,0,0.014769848
2011-06-15,0,0,-0.33792322,-0.00089984016,0.22070578,0.00018760846,-0.002196423,0.00037362227,-0.0021445188,0,0,0,0,0,0,0,0,0,-0,0.0044747998
2011-06-16,0,0,-1.4963878,0.0057445643,0.22109566,-0.012173172,-0.01744186,-0.024594478,-0.006319524,0,-0,0,-0,0,-0,0,-0,0,-0,-0.022039859
2011-06-17,0,0,0.80957845,0.00034203121,0.22256484,-0.01402471,-0.026692708,-0.027905652,-0.014656895,0,-0,0,-0,0,-0,0,-0,0,-0,-0.0089187245
2011-06-20,0,0,-0.31100564,0.0010250718,0.21594965,-0.0076372776,-0.01766078,-0.01526054,-0.007582298,0,-0,0,-0,0,-0,0,-0,0,-0,-0.0067250472
2011-06-21,1,1,1.794367,-0.0019063819,0.2136509,0.0065665588,0.017402945,0.013019338,0.005163318,1.4041598,0.010446191,2,0.016902945,2,0.016902945,1,0.0060665588,2,0.009926636,0.015440818
2011-06-22,0,0,0.57811788,-0.0030209201,0.20343181,0.0014288436,-0.0029032258,0.0028375502,-0.0019907834,0,0,0,0,0,0,0,0,0,-0,0.0085863673
2011-06-23,0,0,-1.4284582,0.0077278862,0.20527737,-0.0062392837,-0.0061889251,-0.012496423,0.0036892119,0,-0,0,-0,0,-0,0,-0,0,0,-0.0076571863
2011-06-24,1,1,1.219341,-0.0025516496,0.20168654,0.015658567,0.033986928,0.031195016,0.014122518,1.4874567,0.02409285,2,0.033486928,2,0.033486928,1,0.015158567,2,0.027845037,0.019650132
2011-06-27,0,0,-0.51801841,-0.0010327226,0.18507973,-0.00407525,-0.0096215523,-0.0082174765,-0.0029019579,0,-0,0,-0,0,-0,0,-0,0,-0,-0.01212691
2011-06-28,1,1,1.3193276,-0.0045996168,0.18782778,-0.0093003494,-0.023181963,-0.018456926,-0.014433065,1.5972078,-0.018090557,2,-0.023681963,2,-0.023681963,1,-0.0098003494,2,-0.02926613,-0.001522577
2011-06-29,1,1,2.5742874,-0.004275726,0.18784344,0.0017401119,0.0015762926,0.0034353094,-0.0026150438,1.5970747,0.0011422995,2,0.0010762926,2,0.0010762926,1,0.0012401119,2,-0.0056300875,0.015010722
2011-06-30,0,0,-0.091603557,-5.2794324e-06,0.17615684,-0.0014023934,-0.0077930175,-0.002792776,-0.0023566094,0,-0,0,-0,0,-0,0,-0,0,-0,0.0029107981
2011-07-01,0,0,0.96513829,0.001660061,0.17652399,0.0011115743,0.00399754,0.0021998167,0.0031306225,0,0,0,0,0,0,0,0,0,0,0.01184346
2011-07-04,0,0,0.250325,0.00030450373,0.17673834,0.0028409091,0.0063195907,0.0056279218,0.0013865188,0,0,0,0,0,0,0,0,0,0,0.01253759
2011-07-05,0,0,0.21170364,-0.00010027753,0.18051746,0.0061215167,0.014925373,0.012240797,0.0063098192,0,0,0,0,0,0,0,0,0,0,0.0063054007
2011-07-06,0,0,-0.63379466,0.002231631,0.18013177,0.0038617055,0.01183432,0.0077279753,0.0072064434,0,0,0,0,0,0,0,0,0,0,0.0032691609
2011-07-07,0,0,-0.84300606,0.0010364614,0.17615516,0.0060666425,0.012628488,0.012137681,0.0058366443,0,0,0,0,0,0,0,0,0,0,0.0057023896
2011-07-08,0,0,-0.032456371,-0.0015104114,0.17270257,-0.0046659787,-0.0097841727,-0.00930399,-0.0058388072,0,-0,0,-0,0,-0,0,-0,0,-0,-0.0016650167
2011-07-11,0,0,-0.80414675,0.001070705,0.16381521,-0.0059798858,-0.014667058,-0.012020216,-0.0061923862,0,-0,0,-0,0,-0,0,-0,0,-0,-0.010953347
2011-07-12,0,0,-0.85609832,0.0031234273,0.17301751,-0.010548135,-0.021957914,-0.021324146,-0.010969315,0,-0,0,-0,0,-0,0,-0,0,-0,-0.021009935
2011-07-13,1,0,1.1802581,0.0029145163,0.18909209,0.0011128112,0.0077543424,0.0022167829,0.0053823646,0,0,0,0,0,0,0,0,2,0.010364729,0.0051208044
2011-07-14,0,0,-1.8287803,0.0040276092,0.19118984,-0.0023628614,0.0018598884,-0.0047272559,0.004661415,0,0,0,0,0,0,0,0,0,0,-0.0026863045
2011-07-15,0,0,-0.20386446,0.0021363104,0.17408556,0.0088701063,0.021508728,0.017740213,0.009423063,0,0,0,0,0,0,0,0,0,0,0.0088701063
2011-07-18,0,0,-0.50587367,-0.00020535387,0.1689783,-0.013338853,-0.02494676,-0.026656862,-0.011502876,0,-0,0,-0,0,-0,0,-0,0,-0,-0.012566746
2011-07-19,0,0,0.37609995,0.00086617719,0.17191381,0.001165936,0.010072395,0.0023328512,0.0015208575,0,0,0,0,0,0,0,0,0,0,0.00074588597
2011-07-20,1,1,1.2241541,-0.0018037075,0.16419195,0.0046032038,0.0048632219,0.0090987671,-0.00046339203,1.8271297,0.0043182725,2,0.0043632219,2,0.0043632219,1,0.0041032038,2,-0.0013267841,0.016630177
2011-07-21,0,0,-0.2402171,0.002517002,0.16867188,-0.0047243372,-0.0069760388,-0.0094582185,-0.0035333167,0,-0,0,-0,0,-0,0,-0,0,-0,-0.0057276393
2011-07-22,0,0,0.1507806,0.00076854478,0.16828903,0.0031064413,0.0041966427,0.0061591413,0.0038364534,0,0,0,0,0,0,0,0,0,0,0.011936034
2011-07-25,0,0,-2.377979,0.0010680604,0.16138219,-0.0012855831,-0.0081595648,-0.0025923526,-0.0012142857,0,-0,0,-0,0,-0,0,-0,0,-0,-0.0093815466
2011-07-26,1,1,1.9307606,-0.0046904278,0.16128957,0.0058355925,0.013365735,0.011665289,0.0024880927,1.8600087,0.01181158,2,0.012865735,2,0.012865735,1,0.0053355925,2,0.0045761854,0.0063442442
2011-07-27,0,0,-1.6729137,0.00039465394,0.16180307,0.010674519,0.015128593,0.021503383,0.011304286,0,0,0,0,0,0,0,0,0,0,0.003471905
2011-07-28,0,0,-1.5744424,0.0031536027,0.15392434,0.0044319284,0.0070552147,0.0089904476,0.0077368743,0,0,0,0,0,0,0,0,0,0,-0.0095147045
2011-07-29,0,0,0.66175898,-0.0018190175,0.15868106,-0.012179988,-0.021010962,-0.024359976,-0.012155996,0,-0,0,-0,0,-0,0,-0,0,-0,-0.012179988
2011-08-01,1,1,3.6984452,-0.0032916398,0.15675355,0.0076325348,0.021120294,0.015086795,0.0053407392,1.9138323,0.019458084,2,0.020620294,2,0.020620294,1,0.0071325348,2,0.010281478,0.019681742
2011-08-02,0,0,-1.8584767,0.0024339031,0.16704991,-0.017610005,-0.031459988,-0.035490896,-0.014810045,0,-0,0,-0,0,-0,0,-0,0,-0,-0.025051335
2011-08-03,0,0,-1.6159374,-0.0017767358,0.18600644,-0.008276324,-0.022251309,-0.016927593,-0.0074128984,0,-0,0,-0,0,-0,0,-0,0,-0,-0.029766919
2011-08-04,0,0,-0.72402742,0.0061506542,0.2062502,-0.031096015,-0.055076311,-0.061681533,-0.023302711,0,-0,0,-0,0,-0,0,-0,0,-0,-0.02301013
2011-08-05,0,0,-3.1846269,-0.00066521129,0.21681056,0.0035969375,0.014994233,0.0074990626,0.0032259349,0,0,0,0,0,0,0,0,0,0,-0.03564904
2011-08-08,0,0,-3.0778918,0.0044576565,0.24464351,-0.02859211,-0.059638322,-0.057751553,-0.023717484,0,-0,0,-0,0,-0,0,-0,0,-0,-0.038042087
2011-08-09,1,0,1.1019628,0.014853964,0.2681294,-0.018018996,-0.010845987,-0.036762263,-0.0031588833,0,-0,0,-0,0,-0,0,-0,2,-0.0067177666,-0.036991697
2011-08-10,1,0,3.0831619,0.0032910858,0.28268892,-0.043508141,-0.084081633,-0.083388216,-0.041546807,0,-0,0,-0,0,-0,0,-0,2,-0.083493614,0
2011-08-11,0,0,-3.1367217,0.0049471315,0.27691421,0.039304567,0.084134615,0.081727614,0.046248715,0,0,0,0,0,0,0,0,0,0,0.0011053999
2011-08-12,0,0,-2.8945445,-0.00045880914,0.27926223,-0.027135788,-0.054019015,-0.05346906,-0.029611221,0,-0,0,-0,0,-0,0,-0,0,-0,-0.012311599
2011-08-16,1,1,3.3191211,-0.0034104926,0.27540433,0.018602121,0.05061082,0.036228814,0.017516592,1.0893075,0.020960738,2,0.05011082,2,0.05011082,1,0.018102121,2,0.034633185,0.046785914
2011-08-17,0,0,-0.16328289,-0.0012208827,0.35006031,0.011812081,0.026127265,0.023754251,0.01142596,0,0,0,0,0,0,0,0,0,0,0.0063010626
2011-08-18,0,0,-0.41615881,0.00072628409,0.35180432,-0.019960716,-0.043174342,-0.039938393,-0.019905408,0,-0,0,-0,0,-0,0,-0,0,-0,-0.020376758
2011-08-19,0,0,-2.5216862,0.0093200586,0.34729152,-0.031022918,-0.05801105,-0.06409146,-0.026075562,0,-0,0,-0,0,-0,0,-0,0,-0,-0.060993446
2011-08-22,1,1,3.2185445,-0.0037705581,0.40040595,-0.01817133,-0.031691858,-0.036342659,-0.024352239,0.74923961,-0.0139893,2,-0.032191858,2,-0.032191858,1,-0.01867133,2,-0.049104479,-0.01817133
2011-08-23,1,1,2.6273699,-0.0040593917,0.39147813,0.029502653,0.054428501,0.058558037,0.026180837,0.76632634,0.022225497,2,0.053928501,2,0.053928501,1,0.029002653,2,0.051961673,0.037426557
2011-08-24,0,0,-2.8552375,0.0043110906,0.43485347,-0.022396417,-0.04295612,-0.044289431,-0.019254225,0,-0,0,-0,0,-0,0,-0,0,-0,-0.011157048
2011-08-25,1,1,2.6845348,-0.0018026712,0.42953139,-0.013349787,-0.024186047,-0.026159596,-0.014242293,0.69843556,-0.0096731837,2,-0.024686047,2,-0.024686047,1,-0.013849787,2,-0.028884585,0.0074455899
2011-08-26,0,0,0.48615922,0.00081169597,0.43249971,0.013366846,0.032320309,0.026862588,0.015295943,0,0,0,0,0,0,0,0,0,0,0.0085275725
2011-08-29,1,1,1.2605766,-0.00087892147,0.43789108,0.012151814,0.028194634,0.023929196,0.012800687,0.68510187,0.0079826799,2,0.027694634,2,0.027694634,1,0.011651814,2,0.025201375,0.028241263
2011-08-30,0,0,-0.63492015,-0.0041513469,0.45946972,-0.00070468343,0.00043478261,-0.0013937282,-0.0062309204,0,0,0,0,0,0,0,0,0,-0,0.010635382
2011-08-31,0,0,-0.13947398,0.00028309641,0.4526082,0.017842616,0.034213945,0.035677493,0.017863898,0,0,0,0,0,0,0,0,0,0,0.018063466
2011-09-01,0,0,0.055324917,-0.0033287814,0.45806594,-0.0010654733,-0.0033361134,-0.0021306062,-0.0028798289,0,-0,0,-0,0,-0,0,-0,0,-0,-0.0009057971
2011-09-02,0,0,0.35064024,0.0026965388,0.45137213,-0.0093946835,-0.011411665,-0.018806433,-0.0042292064,0,-0,0,-0,0,-0,0,-0,0,-0,-0.010292784
2011-09-05,0,0,-1.2617842,0.0059024687,0.44631095,-0.029262156,-0.049115044,-0.059418036,-0.025709786,0,-0,0,-0,0,-0,0,-0,0,-0,-0.043646945
2011-09-06,0,0,-3.6771018,-0.0023138768,0.45747061,0.014116156,0.011571842,0.028884697,0.0097567495,0,0,0,0,0,0,0,0,0,0,-0.0082826234
2011-09-07,1,0,5.5034554,9.0002359e-05,0.44113014,0.01535647,0.044495413,0.029986468,0.014609832,0,0,0,0,0,0,0,0,2,0.028819663,0.040565877
2011-09-08,0,0,-0.58400013,-0.0028342433,0.44933614,-0.0062628226,-0.015079707,-0.012387207,-0.0045084534,0,-0,0,-0,0,-0,0,-0,0,-0,0.004968605
2011-09-09,0,0,-2.1159457,0.0069064873,0.45037218,-0.012584122,-0.012987013,-0.025347146,-0.0029475843,0,-0,0,-0,0,-0,0,-0,0,-0,-0.019504509
2011-09-14,0,0,0.0023493379,0.0033340186,0.45739154,-0.029762235,-0.055045872,-0.059537668,-0.0291911,0,-0,0,-0,0,-0,0,-0,0,-0,-0.029977282
2011-09-15,1,1,3.3172334,-0.0043659602,0.47141584,-0.0079373952,-0.01394052,-0.015541206,-0.013252752,0.63638082,-0.0053693965,2,-0.01444052,2,-0.01444052,1,-0.0084373952,2,-0.026905504,0.013823832
2011-09-16,1,1,2.6792608,-0.0055837385,0.43434258,0.016499283,0.035649819,0.032331315,0.010896399,0.69069903,0.011050689,2,0.035149819,2,0.035149819,1,0.015999283,2,0.021392798,0.037919766
2011-09-19,0,0,-2.6760344,0.0066000204,0.45831015,-0.0029484029,-0.0017825312,-0.005931133,0.0031545741,0,-0,0,-0,0,-0,0,-0,0,0,-0.0086857391
2011-09-20,0,0,0.88855377,-0.0039330909,0.4532848,0.0147358,0.032432432,0.029592006,0.0095201666,0,0,0,0,0,0,0,0,0,0,0.010623734
2011-09-21,0,0,0.45083241,0.00050709859,0.38551111,0.0062178967,0.01261418,0.012408956,0.0060063844,0,0,0,0,0,0,0,0,0,0,0.0083988079
2011-09-22,0,0,-1.36062,0.0030484697,0.37797347,-0.011342363,-0.019873532,-0.02325844,-0.0049313894,0,-0,0,-0,0,-0,0,-0,0,-0,-0.035142397
2011-09-23,0,0,-2.6849567,-0.0010160183,0.37295075,-0.019899637,-0.03528827,-0.04127288,-0.022446789,0,-0,0,-0,0,-0,0,-0,0,-0,-0.05368679
2011-09-26,1,1,1.6186465,-0.0059780895,0.42573613,-0.030232287,-0.064646465,-0.059967585,-0.03457291,0.70466183,-0.021655869,2,-0.065146465,2,-0.065146465,1,-0.030732287,2,-0.069545819,-0.02212806
2011-09-27,1,1,2.643861,-0.0044058809,0.42941632,0.022964997,0.041836735,0.044633731,0.018351941,0.69862273,0.015694558,2,0.041336735,2,0.041336735,1,0.022464997,2,0.036303883,0.053562831
2011-09-28,0,0,0.17305373,-0.00038089796,0.46985978,-0.019033592,-0.031961259,-0.037752809,-0.015223513,0,-0,0,-0,0,-0,0,-0,0,-0,-0.010796298
2011-09-29,1,1,1.1585921,-0.0018112609,0.45657294,0.033892403,0.074338086,0.068124818,0.035324255,0.65706916,0.021941118,2,0.073838086,2,0.073838086,1,0.033392403,2,0.07024851,0.028757868
2011-09-30,0,0,-1.990336,0.0028446014,0.46897728,0.0015730337,0.0033460803,0.0031487208,0.0070807291,0,0,0,0,0,0,0,0,0,0,0.00072972214
2011-10-04,0,0,-2.4571902,0.0074718894,0.46296661,0.0093753662,0.031578947,0.019627085,0.013749315,0,0,0,0,0,0,0,0,0,0,-0.033767108
2011-10-05,0,0,-1.2073898,0.0027602329,0.47882672,-0.026164131,-0.038539554,-0.051951024,-0.028170274,0,-0,0,-0,0,-0,0,-0,0,-0,-0.019040985
2011-10-06,1,1,2.6841672,-0.0017470291,0.48222558,0.0029478065,0.0035175879,0.0057614099,-0.00022322425,0.62211549,0.0015228183,2,0.0030175879,2,0.0030175879,1,0.0024478065,2,-0.0008464485,0.026867085
2011-10-07,1,0,1.805873,0.0009921153,0.47001346,0.0024706609,0.0062082139,0.0048176941,0.0028744393,0,0,0,0,0,0,0,0,2,0.0053488785,0.028872752
2011-10-10,0,0,0.99326182,-0.0010455467,0.47954309,0.00061579802,0.0056953014,0.001230907,0.00078043704,0,0,0,0,0,0,0,0,0,0,0.0011762729
2011-10-11,0,0,0.23598758,-0.0008392931,0.45512144,-0.0079062159,-0.013513514,-0.01542061,-0.0082365364,0,-0,0,-0,0,-0,0,-0,0,-0,0.017959047
2011-10-12,0,0,-0.78931733,0.0043108114,0.45811958,0.0077493817,0.023459062,0.015498763,0.012275974,0,0,0,0,0,0,0,0,0,0,0.0077493817
2011-10-13,0,0,0.77300212,-0.0019022571,0.45214926,-0.0051257149,-0.0035320088,-0.010143071,-0.006509493,0,-0,0,-0,0,-0,0,-0,0,-0,0.0056173647
2011-10-14,0,0,-0.49166647,0.003140972,0.43131137,0.0067872075,0.019256605,0.01359065,0.011436529,0,0,0,0,0,0,0,0,0,0,0.0055859862
2011-10-17,0,0,-0.15964522,-0.0028863538,0.42919096,0.0057689226,0.010335917,0.011428571,0.0043723962,0,0,0,0,0,0,0,0,0,0,0.015478373
2011-10-18,0,0,-1.1694787,0.0014376758,0.41071763,0.001459854,0.011586453,0.0029734045,0.0059546274,0,0,0,0,0,0,0,0,0,0,-0.016304636
2011-10-19,0,0,-1.1698845,0.0020009633,0.41313777,0.0024037178,0.0069384215,0.004756871,0.0025258799,0,0,0,0,0,0,0,0,0,0,0.013173523
2011-10-20,1,0,1.2723651,0.00086777986,0.41310235,-0.027354164,-0.046733016,-0.054743357,-0.027374071,0,-0,0,-0,0,-0,0,-0,2,-0.055148142,-0.027976127
2011-10-21,1,1,1.5948407,-0.0012708682,0.42400502,0.0042232931,0.0066430469,0.0083435845,0.0041417395,0.70753879,0.0026343743,2,0.0061430469,2,0.0061430469,1,0.0037232931,2,0.0078834791,0.016775396
2011-10-24,0,0,-0.47292274,0.00098905471,0.41307903,0.023014224,0.046431642,0.045485654,0.023546392,0,0,0,0,0,0,0,0,0,0,0.035369602
2011-10-25,0,0,-1.2666812,0.00039156797,0.36211214,-0.0037449287,-0.011065574,-0.0074809081,-0.0048709794,0,-0,0,-0,0,-0,0,-0,0,-0,-0.0025516846
2011-10-26,0,0,0.57041804,4.582052e-05,0.35050029,0.011707626,0.027107158,0.023654768,0.010985421,0,0,0,0,0,0,0,0,0,0,0.0015662525
2011-10-27,0,0,-0.29080565,-0.0001520456,0.30892627,0.012086316,0.020358306,0.024055338,0.0088353414,0,0,0,0,0,0,0,0,0,0,0.017045455
2011-10-28,0,0,-0.46687188,-0.0019346281,0.30769727,-0.011548159,-0.026579353,-0.022730657,-0.015404415,0,-0,0,-0,0,-0,0,-0,0,-0,0.0046127825
2011-10-31,0,0,-0.76686348,0.0060156679,0.29512751,-0.0077056542,-0.017070266,-0.015415242,-0.0058879694,0,-0,0,-0,0,-0,0,-0,0,-0,-0.0079587776
2011-11-01,1,1,1.0283822,-0.00025610915,0.2995654,0.0086929363,0.023150062,0.017600253,0.0097369803,1.0014508,0.0082139101,2,0.022650062,2,0.022650062,1,0.0081929363,2,0.019073961,-0.0034456158
2011-11-02,0,0,-0.24584974,-0.0045846553,0.25829644,0.016169943,0.030892933,0.033134813,0.012904807,0,0,0,0,0,0,0,0,0,0,-0.0076375271
2011-11-03,0,0,-2.0360973,0.0058979718,0.2440726,-0.021116919,-0.03803681,-0.042035854,-0.013379143,0,-0,0,-0,0,-0,0,-0,0,-0,-0.016484659
2011-11-04,1,1,1.4403574,-0.0062509738,0.23986566,0.015482128,0.029050736,0.030434561,0.010168135,1.2507001,0.018383779,2,0.028550736,2,0.028550736,1,0.014982128,2,0.019936269,0.033469042
2011-11-07,0,0,0.71852936,-0.002451742,0.24783072,-0.005526841,-0.013540422,-0.011056511,-0.0074408296,0,-0,0,-0,0,-0,0,-0,0,-0,-0.005781234
2011-11-08,0,0,-0.084911379,-0.0009183671,0.25074202,-0.012411529,-0.022882377,-0.024740582,-0.01401628,0,-0,0,-0,0,-0,0,-0,0,-0,-0.009108218
2011-11-09,0,0,0.53202188,-0.0022353131,0.25057076,-0.004887837,-0.0088638195,-0.0096859706,-0.0085527886,0,-0,0,-0,0,-0,0,-0,0,-0,0.0044142086
2011-11-10,0,0,-0.015082092,0.0012972184,0.24989865,-0.023860021,-0.048228767,-0.048968932,-0.029003991,0,-0,0,-0,0,-0,0,-0,0,-0,-0.048136084
2011-11-11,1,0,1.3473867,0.003353407,0.31804902,0.0085222705,0.014905743,0.016821837,0.01334501,0,0,0,0,0,0,0,0,2,0.02629002,0.022053232
2011-11-14,0,0,0.015682031,-0.0022589553,0.33457243,0.0081305078,0.018128162,0.016052196,0.0075892857,0,0,0,0,0,0,0,0,0,0,0.021417942
2011-11-15,0,0,-0.31825704,0.0015446362,0.33863132,-0.0011503268,-0.0029350105,-0.0023120172,-0.00016243655,0,-0,0,-0,0,-0,0,-0,0,-0,-0.0060356938
2011-11-16,0,0,0.32815945,-0.0021554788,0.33533913,-0.023151528,-0.044185077,-0.046122682,-0.023131888,0,-0,0,-0,0,-0,0,-0,0,-0,-0.019316338
2011-11-17,1,0,2.1735851,0.00049396947,0.34033775,0.010150935,0.017741238,0.020213779,0.0071231523,0,0,0,0,0,0,0,0,2,0.013846305,0.014572435
2011-11-18,0,0,-1.4292776,0.0081810252,0.32644138,-0.0079135921,-0.0070859167,-0.01608958,-0.00050093926,0,-0,0,-0,0,-0,0,-0,0,-0,-0.023833325
2011-11-21,0,0,-0.57674923,0.0026455713,0.33001107,-0.01014352,-0.015267176,-0.020308955,-0.0079651212,0,-0,0,-0,0,-0,0,-0,0,-0,-0.011210521
2011-11-22,0,0,0.060842443,-0.00021094736,0.30655701,0.017989184,0.036516854,0.036428651,0.01710864,0,0,0,0,0,0,0,0,0,0,0.0055597951
2011-11-23,0,0,-0.26372724,0.0048262636,0.3074862,-0.023688205,-0.042727273,-0.047376409,-0.021662937,0,-0,0,-0,0,-0,0,-0,0,-0,-0.023688205
2011-11-24,1,0,1.5593493,0.0013290651,0.31866388,0.0090954746,0.020633397,0.018282766,0.011486779,0,0,0,0,0,0,0,0,2,0.022573559,0.0040530787
2011-11-25,0,0,-1.4781925,0.0027713862,0.31418387,-0.00077920632,-0.0076190476,-0.0015686275,-0.00034615551,0,-0,0,-0,0,-0,0,-0,0,-0,-0.0072439726
2011-11-28,1,1,2.7179196,-0.0023475678,0.31328159,0.0096180269,0.025700935,0.018983566,0.0063805351,0.95760495,0.0087314677,2,0.025200935,2,0.025200935,1,0.0091180269,2,0.01236107,0.023227316
2011-11-29,0,0,-1.8288227,0.00234525,0.32788966,0.017246955,0.036936937,0.034155193,0.017197987,0,0,0,0,0,0,0,0,0,0,0.027436037
2011-11-30,0,0,-1.0946309,0.0033876254,0.34211302,-0.0017018561,0.001759015,-0.0034166133,0.00016587186,0,0,0,0,0,0,0,0,0,0,-0.0054572428
2011-12-01,1,0,1.0106324,0.0038279467,0.34167284,0.0012300753,0.013114754,0.0023702533,0.0055973133,0,0,0,0,0,0,0,0,2,0.010794627,0.040701081
2011-12-02,0,0,-0.061116748,0.00042443297,0.37049718,0.00051200655,0.0032520325,0.0010242229,-0.00015921665,0,0,0,0,0,0,0,0,0,-0,0.00030714103
2011-12-05,0,0,0.89384419,-0.0001369279,0.35065791,-0.0034572169,-0.0036072144,-0.0068697277,-0.0025704908,0,-0,0,-0,0,-0,0,-0,0,-0,0.0030704672
2011-12-06,0,0,-1.8158175,0.00099575815,0.35015112,-0.0085461338,-0.013776337,-0.01714491,-0.0058181239,0,-0,0,-0,0,-0,0,-0,0,-0,-0.011581042
2011-12-07,0,0,0.7171029,-0.0019702337,0.35058323,0.0031323816,0.0056956876,0.0062327577,0.0019515692,0,0,0,0,0,0,0,0,0,0,0.0083101063
2011-12-08,0,0,-1.0201049,0.0025106623,0.35155137,-0.00092374012,-0.0016260163,-0.0018521377,0.00019979222,0,-0,0,-0,0,-0,0,-0,0,0,-0.0034297415
2011-12-09,0,0,-0.30540291,0.0023286354,0.29024113,-0.011415763,-0.019747899,-0.023174603,-0.0054815657,0,-0,0,-0,0,-0,0,-0,0,-0,-0.025837271
2011-12-12,0,0,0.4724948,-0.0020603814,0.2850804,-0.00015563395,-0.004145937,-0.00030632562,-0.00072367628,0,-0,0,-0,0,-0,0,-0,0,-0,0.016240443
2011-12-13,0,0,-0.40240893,0.00099687287,0.27924005,-0.0097494496,-0.014090521,-0.019700259,-0.0079856584,0,-0,0,-0,0,-0,0,-0,0,-0,-0.019768588
2011-12-14,0,0,-0.2899155,0.0041213269,0.28731235,0.00042487652,0.0021853147,0.00085260578,0.0028137543,0,0,0,0,0,0,0,0,0,0,-0.0029112852
2011-12-15,0,0,-0.85148312,0.0037100457,0.28097846,-0.013691275,-0.021543986,-0.027697822,-0.010160987,0,-0,0,-0,0,-0,0,-0,0,-0,-0.024791633
2011-12-16,0,0,0.27866064,-8.6348045e-06,0.28980189,0.006448117,0.013175829,0.012837109,0.008282531,0,0,0,0,0,0,0,0,0,0,0.011105063
2011-12-19,0,0,-1.2914648,0.0026424887,0.28442919,-0.028480501,-0.053514739,-0.057068742,-0.027528326,0,-0,0,-0,0,-0,0,-0,0,-0,-0.030311188
2011-12-20,1,1,2.3093112,-0.0047861281,0.30654316,0.0047075764,0.0090390105,0.0093917463,0.00017109372,0.97865502,0.0041177658,2,0.0085390105,2,0.0085390105,1,0.0042075764,2,-5.7812567e-05,0.0072178113
2011-12-21,0,0,0.74226276,-0.00023150418,0.30791632,0.0051554696,0.013039568,0.01005183,0.0062497396,0,0,0,0,0,0,0,0,0,0,0.031751282
2011-12-22,0,0,-0.86498667,0.0031318979,0.3147861,0.00021370946,0.0080500894,0.00042741892,0.0037422037,0,0,0,0,0,0,0,0,0,0,0.00021370946
2011-12-23,0,0,0.19356887,0.00046390365,0.31436535,0.0040796863,0.010056843,0.0080937615,0.0039463948,0,0,0,0,0,0,0,0,0,0,0.012285669
2011-12-26,0,0,-0.53251745,-7.8284824e-05,0.31294497,-0.0087354628,-0.021459227,-0.017423248,-0.009470934,0,-0,0,-0,0,-0,0,-0,0,-0,-0.0060155137
2011-12-27,0,0,-0.059657491,0.00019242741,0.30428653,-0.0090802889,-0.019332162,-0.018165401,-0.0078289175,0,-0,0,-0,0,-0,0,-0,0,-0,-0.0093433137
2011-12-28,0,0,-0.87908438,0.0071370267,0.29261415,-0.001978398,0.0022411475,-0.0039481406,-0.005387571,0,0,0,0,0,0,0,0,0,-0,0.00021435079
2011-12-29,0,0,0.36852853,0.010248666,0.29458667,0.0059773829,0.015454545,0.012016238,0.0051082872,0,0,0,0,0,0,0,0,0,0,0.00085721939
2012-01-02,0,0,-0.13351211,0.0082899699,0.24633489,0.00048097478,-0.0017793594,0.00096035853,-0.0014223561,0,0,0,0,0,0,0,0,0,-0,0.002141213
2012-01-03,1,1,1.5738247,-0.0021287225,0.24700357,0.022125768,0.043345009,0.043854587,0.01763537,1.2145573,0.026178511,2,0.042845009,2,0.042845009,1,0.021625768,2,0.03487074,0.031461995
2012-01-04,0,0,-0.95609784,0.0030766825,0.27167783,-0.01163569,-0.017104714,-0.023136773,-0.010733525,0,-0,0,-0,0,-0,0,-0,0,-0,-0.0058518902
2012-01-05,0,0,0.089540846,0.0016648121,0.27002448,-0.003173282,-0.0080168776,-0.0063379916,-0.0041704146,0,-0,0,-0,0,-0,0,-0,0,-0,-0.0018232015
2012-01-06,0,0,-0.13685831,-0.00034841961,0.26782304,-0.013884539,-0.029361702,-0.027774877,-0.01393614,0,-0,0,-0,0,-0,0,-0,0,-0,-0.014090387
2012-01-09,0,0,-0.82711364,0.0015528005,0.27032325,-0.0075023944,-0.011968085,-0.01508344,-0.003600134,0,-0,0,-0,0,-0,0,-0,0,-0,-0.012650858
2012-01-10,0,0,0.88930102,-0.0044278855,0.26247319,0.010332889,0.026222222,0.02053236,0.0067480318,0,0,0,0,0,0,0,0,0,0,0.016940975
2012-01-11,0,0,-0.64690304,0.0020894443,0.26300179,-0.0070832677,-0.017626827,-0.014099953,-0.0056154259,0,-0,0,-0,0,-0,0,-0,0,-0,-0.0023722916
2012-01-12,0,0,0.43891391,-0.002562295,0.25337258,0.0067053854,0.013955517,0.013399451,0.0068651778,0,0,0,0,0,0,0,0,0,0,0.007556542
2012-01-13,0,0,-0.23275638,-0.0025088337,0.25594746,0.010854176,0.017596567,0.021703801,0.0068965517,0,0,0,0,0,0,0,0,0,0,0.01106624
2012-01-16,0,0,-0.71807847,0.0013865829,0.24120672,-0.0026143791,-0.0072587532,-0.0052709256,-0.00098627435,0,-0,0,-0,0,-0,0,-0,0,-0,-0.010530138
2012-01-17,1,1,1.4335063,-0.0024283435,0.24027856,0.011276242,0.019831224,0.022356153,0.0082183978,1.2485509,0.01290259,2,0.019331224,2,0.019331224,1,0.010776242,2,0.016036796,0.020235911
2012-01-18,0,0,-0.5663049,0.0009689532,0.21137691,-0.00082215713,-0.0020695364,-0.0016443143,0.0010098154,0,-0,0,-0,0,-0,0,-0,0,0,-0.00082215713
2012-01-19,0,0,0.39320129,-0.0046126728,0.21063609,0.0083788893,0.011788618,0.016648901,0.0026735834,0,0,0,0,0,0,0,0,0,0,0.015016714
2012-01-20,0,0,-0.014438171,-5.2382196e-05,0.1841058,0.016051688,0.033532934,0.031983907,0.017163469,0,0,0,0,0,0,0,0,0,0,0.019861174
2012-01-25,0,0,-0.31848574,0.001219415,0.19593809,0.0035272492,0.0061680802,0.0070544985,0.0035906643,0,0,0,0,0,0,0,0,0,0,0.0035272492
2012-01-26,0,0,-0.42972523,0.0031941237,0.19332837,-0.0054599115,-0.0090874669,-0.01085044,-0.0020538655,0,-0,0,-0,0,-0,0,-0,0,-0,0.00094059406
2012-01-27,0,0,0.71769347,0.0031803298,0.19039165,-0.0034937506,0.003058104,-0.0069522644,0.002480524,0,0,0,0,0,0,0,0,0,0,0.0015826698
2012-01-30,0,0,-0.62078938,-0.0020206239,0.18618905,-0.0072887743,-0.013081955,-0.014637789,-0.0084696375,0,-0,0,-0,0,-0,0,-0,0,-0,-0.011357464
2012-01-31,0,0,0.27337138,-0.00064031969,0.18878708,0.0050931243,0.0070011669,0.010183198,0.0056762576,0,0,0,0,0,0,0,0,0,0,0.0053943359
2012-02-01,0,0,-0.68158898,0.00055844103,0.18852411,0.0040352713,0.0062015504,0.0080931208,0.0052007977,0,0,0,0,0,0,0,0,0,0,0.0012419892
2012-02-02,0,0,0.72692405,-0.001845652,0.18883258,0.00083492952,0.0007518797,0.0016530533,0.0006533938,0,0,0,0,0,0,0,0,0,0,0.011114419
2012-02-03,0,0,-0.41348153,0.00049192552,0.16596506,-0.0049072529,-0.012030075,-0.0098145058,-0.005462589,0,-0,0,-0,0,-0,0,-0,0,-0,-0.0049072529
2012-02-06,0,0,0.17788155,-0.00033470072,0.16639751,-0.009850295,-0.020074349,-0.019483025,-0.010395567,0,-0,0,-0,0,-0,0,-0,0,-0,0.0013314923
2012-02-07,0,0,0.17560181,0.0001421845,0.16514098,9.8338086e-05,0.0026515152,0.00019635757,0.0016578633,0,0,0,0,0,0,0,0,0,0,0.0017237134
2012-02-08,0,0,-0.046318622,-0.001318503,0.15481611,0.0095691432,0.020323673,0.019102665,0.010297395,0,0,0,0,0,0,0,0,0,0,0.011455261
2012-02-09,0,0,-0.8011418,0.002995915,0.14740615,0.0043746658,0.0055330136,0.0087493316,0.0095805183,0,0,0,0,0,0,0,0,0,0,0.0043746658
2012-02-10,0,0,-0.7028948,0.00079891624,0.14229785,-0.010700107,-0.015498155,-0.021409542,-0.0092185129,0,-0,0,-0,0,-0,0,-0,0,-0,-0.011131007
2012-02-13,1,1,1.0699349,-0.0025094959,0.15238355,0.004203529,0.010463378,0.0083963876,0.0023270008,1.9687165,0.0097675481,2,0.0099633782,2,0.0099633782,1,0.003703529,2,0.0042540017,0.0054813292
2012-02-14,0,0,-1.2895521,0.0029904457,0.15046323,-0.00034088142,-0.0022271715,-0.00068209501,0.0026367076,0,-0,0,-0,0,-0,0,-0,0,0,-0.00082745193
2012-02-15,0,0,0.71815113,-0.0030397669,0.15093747,0.010596413,0.024489796,0.021146571,0.0080376099,0,0,0,0,0,0,0,0,0,0,0.012811769
2012-02-16,0,0,-1.0783741,0.0039304658,0.14748383,-0.0063934903,-0.01105787,-0.012877421,-0.0041826685,0,-0,0,-0,0,-0,0,-0,0,-0,-0.013323072
2012-02-17,0,0,0.95860498,-0.0023610037,0.15200895,0.0019755228,0.0061930783,0.0039058779,-0.00030086499,0,0,0,0,0,0,0,0,0,-0,0.013697962
2012-02-20,0,0,0.94530678,0.0010265209,0.15757273,-0.0073777905,-0.014559659,-0.014606795,-0.008684956,0,-0,0,-0,0,-0,0,-0,0,-0,0.0028372205
2012-02-21,0,0,-0.36671503,0.0036024435,0.15300402,0.00081573896,-0.00072072072,0.0016325747,0.0018085227,0,0,0,0,0,0,0,0,0,0,0.00014385729
2012-02-22,0,0,-0.67449573,0.0038863416,0.13696553,0.0013442796,0.0050724638,0.0026921783,0.0066067653,0,0,0,0,0,0,0,0,0,0,0
2012-02-23,0,0,-0.73419998,-0.0033505523,0.13700674,0.00043539258,-0.0080233406,0.00087869173,-0.0045320644,0,0,0,0,0,0,0,0,0,-0,-0.0084863595
2012-02-24,0,0,-0.39397123,0.00048051235,0.1449149,0.0035760885,0.0054945055,0.0071476867,0.0054213898,0,0,0,0,0,0,0,0,0,0,0.0042069632
2012-02-27,0,0,-0.75752183,0.0014199612,0.1455603,-0.012290934,-0.023076923,-0.024605587,-0.011013966,0,-0,0,-0,0,-0,0,-0,0,-0,-0.013242163
2012-02-28,0,0,0.25756025,0.0010792497,0.14750227,0.0032549553,0.013432836,0.0064809441,0.0048056753,0,0,0,0,0,0,0,0,0,0,0.0077591255
2012-02-29,0,0,0.43079414,-0.0020814983,0.14838979,0.0069451143,0.011313869,0.013834847,0.0078095526,0,0,0,0,0,0,0,0,0,0,0.010992204
2012-03-02,0,0,0.55249545,-0.0051814285,0.15499526,-0.0020526039,-0.0064308682,-0.0040913416,-0.0044297201,0,-0,0,-0,0,-0,0,-0,0,-0,0.0013411246
2012-03-05,0,0,-0.24035558,0.0015559101,0.14962122,-0.0092796326,-0.015878744,-0.018559265,-0.0067902161,0,-0,0,-0,0,-0,0,-0,0,-0,-0.0092796326
2012-03-06,0,0,0.54083941,-0.001886793,0.15230904,-0.0088837389,-0.015040352,-0.017767478,-0.0090480679,0,-0,0,-0,0,-0,0,-0,0,-0,-0.0088837389
2012-03-07,0,0,-0.83275935,0.0065998246,0.15519116,0.00044221698,0.015384615,0.00089214909,0.0065725884,0,0,0,0,0,0,0,0,0,0,-0.0081352299
2012-03-08,0,0,-0.28388403,0.0035297546,0.15904912,0.0048311536,0.014296464,0.009600931,0.0062014317,0,0,0,0,0,0,0,0,0,0,0.011296105
2012-03-09,0,0,0.23778733,0.0010225864,0.15680612,0.00043337988,0.004029304,0.00085947572,0.0013194104,0,0,0,0,0,0,0,0,0,0,0.0089845078
2012-03-12,0,0,-0.41173712,-0.0041912167,0.15992693,-0.0018846953,-0.013133893,-0.0037845706,-0.0072646516,0,-0,0,-0,0,-0,0,-0,0,-0,-0.0058721602
2012-03-13,0,0,0.60753463,8.0672632e-05,0.15517956,0.0076192313,0.019449541,0.015177714,0.0067898906,0,0,0,0,0,0,0,0,0,0,0.011668442
2012-03-14,0,0,0.0095603719,-0.0026239167,0.1593479,0.00042615654,-0.0031656701,0.00084336785,-0.002292306,0,0,0,0,0,0,0,0,0,-0,0.011150993
2012-03-15,0,0,0.0027062208,-4.1098664e-05,0.16311913,0,0.0003529827,0,-0.00018531559,0,0,0,0,0,0,0,0,0,-0,-0.00018932223
2012-03-16,0,0,0.17892752,-0.00059197195,0.15701253,-0.0090412507,-0.017813482,-0.017987634,-0.011496371,0,-0,0,-0,0,-0,0,-0,0,-0,-0.0037871615
2012-03-19,0,0,0.19363902,-0.0015806262,0.14770593,0.0051350323,0.0078069553,0.010275928,0.0046838407,0,0,0,0,0,0,0,0,0,0,0.0045618704
2012-03-20,0,0,-0.52298602,0.0036141261,0.14063822,-0.007535795,-0.004587156,-0.015006565,-0.0019245004,0,-0,0,-0,0,-0,0,-0,0,-0,-0.0032166509
2012-03-21,0,0,-0.60194135,0.00085154499,0.14105287,-0.0029982867,0.00035893754,-0.0060137457,-0.0013052883,0,0,0,0,0,0,0,0,0,-0,-0.0058371298
2012-03-22,0,0,-0.0046208494,-0.0014884602,0.143695,0.0029660814,0.0068443804,0.0059452462,0.0014200299,0,0,0,0,0,0,0,0,0,0,0.00076375961
2012-03-23,0,0,-0.22508466,0.0031560908,0.14342619,0.0016265608,0.0094271211,0.0032627993,0.0059693648,0,0,0,0,0,0,0,0,0,0,-0.0013355593
2012-03-26,0,0,0.22591949,-0.00056219713,0.13661297,-0.0056561624,-0.0096359743,-0.011257746,-0.0063909635,0,-0,0,-0,0,-0,0,-0,0,-0,-0.00081195969
2012-03-27,0,0,0.22744148,-0.0010581057,0.13548972,0,0.0021201413,0,0.00033256965,0,0,0,0,0,0,0,0,0,0,0.010898662
2012-03-28,0,0,-0.25205194,-0.00028114804,0.12923356,-0.00014214641,-0.0017724211,-0.00028487323,-0.00081523753,0,-0,0,-0,0,-0,0,-0,0,-0,-0.0021751466
2012-03-29,0,0,-0.52660432,0.0025265511,0.12843057,-0.0054262459,-0.0082555635,-0.010900746,-0.0027625341,0,-0,0,-0,0,-0,0,-0,0,-0,-0.0098094967
2012-03-30,0,0,-0.26152107,0.00097233183,0.1242298,-0.0010543468,-0.0018162005,-0.0021116284,0.00030018762,0,-0,0,-0,0,-0,0,-0,0,0,-0.0024407753
2012-04-02,0,0,0.14774806,-0.0016799237,0.12436121,0.0052616474,0.010476879,0.010492179,0.0047437621,0,0,0,0,0,0,0,0,0,0,0.0082517751
2012-04-03,0,0,0.040261996,-0.00089899422,0.1225686,0.0083238744,0.014840989,0.016547574,0.0066504101,0,0,0,0,0,0,0,0,0,0,0.014465169
2012-04-04,0,0,0.14018698,-0.001838649,0.12586315,-0.007436344,-0.015756303,-0.014923963,-0.013963914,0,-0,0,-0,0,-0,0,-0,0,-0,-0.010834897
2012-04-05,0,0,0.069878209,0.0030354257,0.13394668,0.010514242,0.017664023,0.021195626,0.012261427,0,0,0,0,0,0,0,0,0,0,0.0026079947
2012-04-06,0,0,-0.24914239,0.0026747511,0.13169835,-0.0013712881,0.0024911032,-0.0027420575,0.0015953105,0,0,0,0,0,0,0,0,0,0,-0.0011823685
2012-04-09,0,0,-1.6887466,0.0048786145,0.12719857,-0.0070030013,-0.009771987,-0.014091933,-0.0040082412,0,-0,0,-0,0,-0,0,-0,0,-0,-0.01302145
2012-04-10,1,1,1.3779572,-0.0010755858,0.13673507,-0.0019185572,-0.0047358834,-0.0038361945,-0.0041278895,2,-0.0052358834,2,-0.0052358834,2,-0.0052358834,1,-0.0024185572,2,-0.008655779,-0.0016791403
2012-04-12,0,0,0.088599038,0.0062064095,0.1298981,-0.0049961568,-0.0036927622,-0.0099889545,0.00026527209,0,-0,0,-0,0,-0,0,-0,0,0,-0.0046614446
2012-04-13,0,0,-0.38469655,0.0013665939,0.12388876,0.00081425424,0.0036443149,0.0016156624,0.0034216958,0,0,0,0,0,0,0,0,0,0,0.0088354577
2012-04-16,0,0,-0.57877709,0.0025766342,0.13113965,0.00082058213,0.0025954765,0.0016553873,0.0034524623,0,0,0,0,0,0,0,0,0,0,-0.0077051926
2012-04-17,0,0,0.089447865,4.5277696e-05,0.13336555,-0.0039992291,-0.0088560886,-0.0079907577,-0.0052886068,0,-0,0,-0,0,-0,0,-0,0,-0,-0.0030384875
2012-04-18,0,0,0.54661991,-0.0014131624,0.13039267,-0.0036776998,-0.004,-0.0072631231,-0.0043756311,0,-0,0,-0,0,-0,0,-0,0,-0,0.0091432442
2012-04-19,0,0,-0.01145374,-0.0027902826,0.13739252,0.0031787314,0.0033088235,0.0063873028,-7.5301205e-05,0,0,0,0,0,0,0,0,0,-0,-0.0014860978
2012-04-20,0,0,-0.44985537,0.0030358766,0.13550773,-0.0096422717,-0.017400963,-0.019365771,-0.0073922438,0,-0,0,-0,0,-0,0,-0,0,-0,-0.013778866
2012-04-23,0,0,-0.48689164,0.0013111772,0.1438467,0.00034111398,0.0072243346,0.00068292683,0.0013394053,0,0,0,0,0,0,0,0,0,0,-0.00068153052
2012-04-24,0,0,-0.42652244,0.00024227685,0.14380775,0.0032906046,0.0065259117,0.0066356343,0.004971673,0,0,0,0,0,0,0,0,0,0,-0.0048713952
2012-04-25,0,0,0.88679553,-0.0041488559,0.1440104,-0.0063229572,-0.012039127,-0.012565243,-0.0091931317,0,-0,0,-0,0,-0,0,-0,0,-0,9.7904836e-05
2012-04-26,0,0,-0.32267465,-0.0021862901,0.13502189,-0.0034997327,-0.0082768999,-0.0069511489,-0.0052493438,0,-0,0,-0,0,-0,0,-0,0,-0,0.0034752814
2012-04-27,0,0,-0.10628383,0.0034276095,0.13567251,-0.001596903,0.0030075188,-0.0031686591,0.0027788352,0,0,0,0,0,0,0,0,0,0,0.0063899322
2012-04-30,0,0,0.7293339,-0.0016124721,0.13582741,-0.0012525291,-0.00037160907,-0.0024899445,-0.0039562924,0,-0,0,-0,0,-0,0,-0,0,-0,0.0048468399
2012-05-02,0,0,0.67069677,-0.00049598283,0.13649806,0.0026396621,0.0055167341,0.0052531041,0.0019165727,0,0,0,0,0,0,0,0,0,0,0.0076693035
2012-05-03,0,0,-0.13506773,0.00047383447,0.13605867,-0.0001438366,0.001468968,-0.00028814292,0,0,0,0,0,0,0,0,0,0,0,-0.0017710976
2012-05-04,0,0,-0.025612692,0.0012161618,0.12669345,-0.0026955475,-0.0055473373,-0.0054116738,-0.0012088244,0,-0,0,-0,0,-0,0,-0,0,-0,-0.0064735782
2012-05-07,0,0,-0.98469145,0.0062463013,0.1172012,-0.0066409493,-0.0099350401,-0.013439399,7.7008972e-05,0,-0,0,-0,0,-0,0,-0,0,0,-0.018147594
2012-05-08,0,0,0.71845099,-0.00061116747,0.1286962,0.00092855048,0.004969419,0.0018463632,-0.00061236987,0,0,0,0,0,0,0,0,0,-0,0.0067836602
2012-05-09,0,0,-0.32896815,-0.00072711982,0.13111621,-0.0017199017,-0.0076804916,-0.0034620901,-0.0041942435,0,-0,0,-0,0,-0,0,-0,0,-0,-0.008105073
2012-05-10,0,0,0.15510645,0.0013830748,0.12428727,-0.00019752111,0.00039016777,-0.00039629465,-0.00042635659,0,0,0,0,0,0,0,0,0,-0,-0.0033472803
2012-05-11,0,0,-0.83667799,0.0042827519,0.12451169,-0.017241379,-0.027101335,-0.034491278,-0.011557769,0,-0,0,-0,0,-0,0,-0,0,-0,-0.017484072
2012-05-14,0,0,0.29070226,-0.0008550321,0.13309044,-0.00045201145,0.0036378335,-0.00090320638,0.00015743693,0,0,0,0,0,0,0,0,0,0,0.00045242045
2012-05-15,0,0,-0.16440771,-0.0003197292,0.12449574,0.0027332085,0.0061551087,0.0055068326,0.0013890543,0,0,0,0,0,0,0,0,0,0,-0.0045724048
2012-05-16,0,0,-0.45833413,-7.3218128e-05,0.12339639,-0.025771362,-0.052892562,-0.051906834,-0.026732634,0,-0,0,-0,0,-0,0,-0,0,-0,-0.03255767
2012-05-17,0,0,0.48241869,-0.0001184116,0.16523805,-0.00041740582,0.00087336245,-0.00083481165,0.0013516281,0,0,0,0,0,0,0,0,0,0,-0.00041740582
2012-05-18,0,0,-1.1038194,0.0032715475,0.15759673,-0.01885793,-0.032667877,-0.038283686,-0.017782775,0,-0,0,-0,0,-0,0,-0,0,-0,-0.03319762
2012-05-21,1,1,2.2888488,-0.0043090354,0.19209763,0.0035381151,0.010180472,0.0070265091,4.1909392e-05,1.5617059,0.0067691662,2,0.009680472,2,0.009680472,1,0.0030381151,2,-0.00031618122,0.01068999
2012-05-22,0,0,0.51881784,-0.00034461837,0.19915996,0.0011038688,-0.0013297872,0.0021730132,0.0011552108,0,0,0,0,0,0,0,0,0,0,0.017361111
2012-05-23,0,0,-1.263295,0.0036368387,0.21303485,-0.0073839662,-0.010346379,-0.014834437,-0.0039052763,0,-0,0,-0,0,-0,0,-0,0,-0,-0.011814124
2012-05-24,0,0,-0.43323588,0.000729791,0.21504268,0.004200787,0.0091157703,0.0084078331,0.0044687604,0,0,0,0,0,0,0,0,0,0,0.0034537726
2012-05-25,0,0,0.10426194,0.0020039205,0.21606048,0.0011075949,0.0054054054,0.0022064618,0.0022401062,0,0,0,0,0,0,0,0,0,0,0.0050833995
2012-05-29,0,0,-0.12312887,0.0018303233,0.21692704,0.016505827,0.035553555,0.033043019,0.01708551,0,0,0,0,0,0,0,0,0,0,0.015541858
2012-05-30,0,0,-1.4949444,0.003303277,0.22393197,-0.0059140901,-0.005674378,-0.01182818,0,0,-0,0,-0,0,-0,0,-0,0,0,-0.0059140901
2012-05-31,0,0,-0.65412369,-0.002952241,0.22247655,0.012658228,0.026721014,0.025698925,0.011941784,0,0,0,0,0,0,0,0,0,0,-0.002191838
2012-06-01,0,0,-0.75023818,0.0033912506,0.21776476,-0.0017799183,0.004456328,-0.0035631943,0.0021860177,0,0,0,0,0,0,0,0,0,0,-0.0027196653
2012-06-04,0,0,-1.7021702,0.0094523372,0.21760678,-0.0052972337,0.0032802249,-0.010813763,0.0016531728,0,0,0,0,0,0,0,0,0,0,-0.025068177
2012-06-05,1,1,1.2351997,-0.0016342976,0.23251209,0.0047621596,0.013413506,0.0094741324,0.0010480423,1.2902555,0.0067732603,2,0.012913506,2,0.012913506,1,0.0042621596,2,0.0016960845,0.010112964
2012-06-07,0,0,0.16532967,0.0016747043,0.23448499,0.0039608088,0.0092105263,0.0077558935,0.0057763212,0,0,0,0,0,0,0,0,0,0,0.025881351
2012-06-08,0,0,0.41759442,-0.0022101122,0.25929709,-0.0065840635,-0.016905072,-0.013151082,-0.01075749,0,-0,0,-0,0,-0,0,-0,0,-0,-0.0052948505
2012-06-11,1,1,1.1706368,-0.00030160099,0.25889082,0.0025205761,0.0081475129,0.0049700781,0.0040436717,1.1587896,0.0029140754,2,0.0076475129,2,0.0076475129,1,0.0020205761,2,0.0076873433,0.017065025
2012-06-12,0,0,-0.8646959,-0.0069451699,0.27015814,0.012825882,0.016695958,0.026182207,0.0073992315,0,0,0,0,0,0,0,0,0,0,-0.0072861614
2012-06-13,0,0,-0.2540801,3.8468132e-05,0.26652141,-0.0032850837,-0.0046968403,-0.0065249528,-0.0042717821,0,-0,0,-0,0,-0,0,-0,0,-0,0.0036698196
2012-06-14,0,0,0.42648697,0.0044716917,0.26683468,0.0011822154,0.010362694,0.0023599425,0.0077827321,0,0,0,0,0,0,0,0,0,0,0.0030899166
2012-06-15,0,0,-1.1786502,0.00050809278,0.26718356,-0.0078377132,-0.010234542,-0.015640973,-0.007846451,0,-0,0,-0,0,-0,0,-0,0,-0,-0.0056473971
2012-06-18,1,1,1.6048619,-0.0033768747,0.24001967,0.0024398922,0.0058430718,0.0048052858,-0.00023863501,1.2498975,0.0027903384,2,0.0053430718,2,0.0053430718,1,0.0019398922,2,-0.00087727002,0.01822594
2012-06-19,0,0,-0.68087806,0.00048130721,0.24915097,0.0026428136,0.0066945607,0.0052977434,0.0032335329,0,0,0,0,0,0,0,0,0,0,0.00035495157
2012-06-20,0,0,0.21198904,-0.0005015326,0.20816487,-0.0033673418,-0.005716619,-0.0066779627,-0.00264206,0,-0,0,-0,0,-0,0,-0,0,-0,0.0051703163
2012-06-21,0,0,-0.61705318,0.0019607674,0.20613189,-0.0052586338,-0.008692053,-0.010545528,-0.0044914345,0,-0,0,-0,0,-0,0,-0,0,-0,-0.007917297
2012-06-22,0,0,0.014906505,0.0039235533,0.20393449,-0.015592837,-0.029613734,-0.031577302,-0.0098146571,0,-0,0,-0,0,-0,0,-0,0,-0,-0.027652112
2012-06-25,0,0,-1.1961303,0.0018644886,0.22041029,-0.013801035,-0.027433628,-0.02760207,-0.010765501,0,-0,0,-0,0,-0,0,-0,0,-0,-0.013801035
2012-06-26,0,0,0.98278001,-0.0008045112,0.22645576,-0.00085165274,0.0023009664,-0.0017104068,-0.00054209583,0,0,0,0,0,0,0,0,0,-0,-0.0049827723
2012-06-27,0,0,-0.73024151,0.0020157281,0.22639181,-0.00015965939,0.00091827365,-0.00031899623,0.0022564874,0,0,0,0,0,0,0,0,0,0,0.00085237867
2012-06-28,0,0,-0.23308845,-0.00051284251,0.21900247,-0.0038139633,-0.0077307867,-0.0075913332,-0.0045215083,0,-0,0,-0,0,-0,0,-0,0,-0,0.0010113376
2012-06-29,0,0,-0.70916384,0.0028758796,0.21900954,0.024336874,0.056252906,0.048853653,0.027006626,0,0,0,0,0,0,0,0,0,0,0.020578539
2012-07-02,0,0,-1.6281463,0.0013039671,0.23159637,-0.0084329246,-0.015217391,-0.016748009,-0.0076720114,0,-0,0,-0,0,-0,0,-0,0,-0,-0.0014067629
2012-07-03,0,0,0.28604506,-0.0012600377,0.23108749,0.0056214866,0.011408513,0.011216118,0.0054181774,0,0,0,0,0,0,0,0,0,0,0.0080350621
2012-07-04,0,0,-0.040760038,0.0013847531,0.20804744,-0.002159161,-0.0008605852,-0.0042892157,-0.00048410521,0,-0,0,-0,0,-0,0,-0,0,-0,0.0046583851
2012-07-05,0,0,-0.4486009,0.0013987806,0.20586521,-0.00020635576,0.0025974026,-0.00041326583,0.0026719566,0,0,0,0,0,0,0,0,0,0,-0.0015455951
2012-07-06,0,0,0.55752132,-0.0012527914,0.18109414,-0.01139234,-0.024956971,-0.022762385,-0.011535514,0,-0,0,-0,0,-0,0,-0,0,-0,-0.010423117
2012-07-09,0,0,-0.63684038,0.000451718,0.18320063,-0.0015278436,-0.0040540541,-0.0030877342,-0.0025994389,0,-0,0,-0,0,-0,0,-0,0,-0,-0.011784336
2012-07-10,0,0,0.72299453,-0.0025102844,0.17571415,-0.004535865,-0.010810811,-0.0090679038,-0.0079486018,0,-0,0,-0,0,-0,0,-0,0,-0,-0.0041156606
2012-07-11,0,0,0.45329639,0.00074036234,0.1743932,-0.00042451579,0.00091617041,-0.00085034014,-0.00012480759,0,0,0,0,0,0,0,0,0,-0,-0.0019603688
2012-07-12,0,0,0.041340466,0.00050711436,0.17387257,-0.020155943,-0.038321168,-0.040277704,-0.024242172,0,-0,0,-0,0,-0,0,-0,0,-0,-0.019323671
2012-07-13,0,0,0.91132998,0.0034143462,0.18836962,0.010259179,0.017958412,0.020466419,0.013928405,0,0,0,0,0,0,0,0,0,0,0.012829535
2012-07-16,0,0,-1.0223214,0.0026322503,0.200339,-0.0041920934,-0.0036866359,-0.0083245522,-0.0017513865,0,-0,0,-0,0,-0,0,-0,0,-0,0.0029930518
2012-07-17,0,0,-0.57195506,0.0027249589,0.18527094,0.0052912881,0.017748716,0.010614345,0.0089049439,0,0,0,0,0,0,0,0,0,0,0.002291378
2012-07-18,0,0,-0.79205414,0.0029197286,0.18625153,-0.016530677,-0.035632709,-0.032947885,-0.015367956,0,-0,0,-0,0,-0,0,-0,0,-0,-0.013132011
2012-07-19,1,1,1.4048062,-0.0028132618,0.18921449,0.0038895993,0.011568718,0.0076947402,0.0014577867,1.5855022,0.0078857406,2,0.011068718,2,0.011068718,1,0.0033895993,2,0.0025155733,0.015030708
2012-07-20,0,0,-0.21887181,0.0017089481,0.200619,-0.0010590416,-0.0059279526,-0.0021131597,-0.0009975477,0,-0,0,-0,0,-0,0,-0,0,-0,0.0012738177
2012-07-23,0,0,-1.032449,0.0025802556,0.18087431,-0.0059082608,-0.010849057,-0.011975396,-0.0048123602,0,-0,0,-0,0,-0,0,-0,0,-0,-0.018923933
2012-07-24,0,0,0.49281343,0.0017323489,0.18677173,0.0034068787,0.013922228,0.0068196579,0.0062077469,0,0,0,0,0,0,0,0,0,0,0.0025394424
2012-07-25,0,0,-1.9005149,0.0012758746,0.18704318,0.0057613169,0.0063538612,0.011735122,0.0068564036,0,0,0,0,0,0,0,0,0,0,-0.012126112
2012-07-26,0,0,0.71076288,-0.0024701602,0.19235291,0.0036452666,0.0091876209,0.0072707542,0.0024707135,0,0,0,0,0,0,0,0,0,0,0.0063829787
2012-07-27,0,0,0.83265891,-0.00017398844,0.19501664,0.009943635,0.01890272,0.01951474,0.010807878,0,0,0,0,0,0,0,0,0,0,0.029598309
2012-07-30,0,0,-0.43385507,-0.0010691582,0.20980789,0.00020861583,0.00044464206,0.00041332989,-0.00089869281,0,0,0,0,0,0,0,0,0,-0,0.0097404307
2012-07-31,0,0,0.13974804,-0.0011916997,0.21278875,0.021278815,0.0444247,0.04256651,0.021443451,0,0,0,0,0,0,0,0,0,0,0.021065805
2012-08-01,0,0,-0.52301072,-0.0028972202,0.22499469,0.0088044486,0.016400518,0.017755166,0.0047500201,0,0,0,0,0,0,0,0,0,0,0.00056174037
2012-08-02,0,0,0.54890044,0.001375678,0.22486628,-0.0082989664,-0.016108521,-0.016557469,-0.0089946032,0,-0,0,-0,0,-0,0,-0,0,-0,-0.0058694432
2012-08-03,0,0,-1.1451994,0.0018121823,0.22634117,0.0001561524,0,0.00031668954,0.00098131414,0,0,0,0,0,0,0,0,0,0,-0.013502413
2012-08-06,0,0,0.94567091,-0.00066707544,0.22767131,0.0006631638,0.0042589438,0.0013005853,0.0017605634,0,0,0,0,0,0,0,0,0,0,0.020869113
2012-08-07,0,0,-0.43729802,0.0011458224,0.23509756,0.00025447883,0.0025434506,0.00050813008,0.001399776,0,0,0,0,0,0,0,0,0,0,0.0018862153
2012-08-08,0,0,0.230306,-0.0015023813,0.23434793,0.0049153745,0.011759765,0.0097905627,0.0041302621,0,0,0,0,0,0,0,0,0,0,0.0090571414
2012-08-09,0,0,0.15949795,-0.00052893979,0.23531903,0.019321727,0.039272427,0.038560024,0.018710034,0,0,0,0,0,0,0,0,0,0,0.021531945
2012-08-10,0,0,-0.34388021,0.00014367021,0.22192283,0.003857376,0.0047885076,0.0077288942,0.0051244225,0,0,0,0,0,0,0,0,0,0,0.0020238918
2012-08-13,0,0,-0.36057491,0.00037438819,0.21685515,-0.0070939455,-0.013105639,-0.014187891,-0.0079625836,0,-0,0,-0,0,-0,0,-0,0,-0,-0.0070939455
2012-08-14,0,0,0.8829264,-0.00016259223,0.22160241,0.0065653075,0.016773163,0.013064191,0.0076315178,0,0,0,0,0,0,0,0,0,0,0.011709253
2012-08-16,0,0,-0.20048454,-0.00063434287,0.22436402,0.00088313218,0.0035447026,0.0017670446,0.00019228551,0,0,0,0,0,0,0,0,0,0,0.00044137119
2012-08-17,0,0,-0.31476069,0.0013726886,0.21265488,-0.011076413,-0.021409109,-0.022051681,-0.010424651,0,-0,0,-0,0,-0,0,-0,0,-0,-0.0065196078
2012-08-20,0,0,-0.53679799,0.0028462479,0.21170333,-0.001184191,-0.0019888624,-0.0023683821,0.001474869,0,-0,0,-0,0,-0,0,-0,0,0,-0.001184191
2012-08-21,0,0,0.58981938,-0.0030046295,0.2117774,-0.0035515217,-0.011466983,-0.0070925479,-0.0065203133,0,-0,0,-0,0,-0,0,-0,0,-0,-0.0020747913
2012-08-22,0,0,-0.027615447,0.0013918259,0.19545981,-0.0047567139,-0.0092406589,-0.0095223925,-0.00268587,0,-0,0,-0,0,-0,0,-0,0,-0,-0.0056927875
2012-08-23,0,0,-0.14858376,-0.00010112508,0.19835481,0.00378373,0.0093155124,0.0075674599,0.0047645083,0,0,0,0,0,0,0,0,0,0,0.00378373
2012-08-24,0,0,-0.96986026,0.0021126837,0.18741152,-0.0036540194,-0.0036991369,-0.0073759725,-0.001534708,0,-0,0,-0,0,-0,0,-0,0,-0,-0.012746751
2012-08-27,0,0,-1.935348,-0.00064984565,0.19836127,0.0051700542,0.0058430718,0.010433182,0.0044506259,0,0,0,0,0,0,0,0,0,0,-0.0037176589
2012-08-28,0,0,0.42621514,-0.002407798,0.17545442,-0.0025206695,-0.0062163282,-0.0050400685,-0.0035114022,0,-0,0,-0,0,-0,0,-0,0,-0,-0.0022691745
2012-08-29,0,0,0.36461772,-7.0689103e-05,0.17343774,0.0029233871,0.0091628488,0.0058309038,0.0044648149,0,0,0,0,0,0,0,0,0,0,0.0056605681
2012-08-30,0,0,-0.64735718,-0.00067126736,0.15644639,-0.010082678,-0.020391178,-0.020228583,-0.0091989419,0,-0,0,-0,0,-0,0,-0,0,-0,-0.013167152
2012-08-31,0,0,0.018541809,-0.0015236492,0.16364481,0.0030734556,0.0081685297,0.0061830173,0.0039265967,0,0,0,0,0,0,0,0,0,0,-0.0027500509
2012-09-03,0,0,-0.33045466,-0.0016109766,0.16166464,0.0018356109,0.0063993174,0.0036656145,0.0010359804,0,0,0,0,0,0,0,0,0,0,0.0033704422
2012-09-04,0,0,-0.13772815,-0.00068638799,0.15421928,-0.0023435908,-0.0017028523,-0.0046919625,-0.0018722862,0,-0,0,-0,0,-0,0,-0,0,-0,-0.0033591205
2012-09-05,0,0,-0.96479261,0.00038640821,0.1324233,-0.012589928,-0.025086505,-0.025338711,-0.011980863,0,-0,0,-0,0,-0,0,-0,0,-0,-0.018741702
2012-09-06,0,0,0.71575134,0.00013904354,0.14904171,-0.00025908078,0.0013215859,-0.00051591601,0,0,0,0,0,0,0,0,0,0,0,0.0041113713
2012-09-07,0,0,0.94971751,-0.0007015651,0.14501435,0.0087309645,0.015618404,0.017109321,0.007376269,0,0,0,0,0,0,0,0,0,0,0.0299575
2012-09-10,0,0,-0.0093506348,0.00072191317,0.16411361,-0.0053167478,-0.0091021928,-0.01059894,-0.0055729984,0,-0,0,-0,0,-0,0,-0,0,-0,-0.0020632045
2012-09-11,0,0,0.29796701,0.0035877484,0.16354076,-0.0041853663,-0.0012615643,-0.0083707327,3.9569484e-05,0,-0,0,-0,0,-0,0,-0,0,0,-0.0041853663
2012-09-12,0,0,0.60505998,-0.00092700809,0.16113754,0.011374503,0.024542429,0.022611306,0.010222135,0,0,0,0,0,0,0,0,0,0,0.0175714
2012-09-13,0,0,-0.43908995,-4.4058876e-05,0.16524921,0.0018432721,-0.0012214984,0.003690589,0.00074022129,0,0,0,0,0,0,0,0,0,0,0.00074645434
2012-09-14,1,1,1.9047995,-0.0034773317,0.16524368,0.011260603,0.016666667,0.022086242,0.0071444858,1.8155006,0.015169251,2,0.016166667,2,0.016166667,1,0.010760603,2,0.013888972,0.03157633
2012-09-17,0,0,-0.62234727,0.00067467541,0.19886255,-0.0034236667,-0.0080244555,-0.0068496455,-0.0030967937,0,-0,0,-0,0,-0,0,-0,0,-0,-0.0037599422
2012-09-18,0,0,-0.0028097444,0.0017248048,0.19965544,0.00087154409,0.0038565368,0.0017442706,0.0032651202,0,0,0,0,0,0,0,0,0,0,0.00019354527
2012-09-19,0,0,-0.36208037,0.0013897224,0.19928523,0.0033898305,0.0069444444,0.0067865626,0.0037959308,0,0,0,0,0,0,0,0,0,0,0.0023704707
2012-09-20,0,0,-1.1256617,0.00098437896,0.19788589,-0.002815534,-0.00697134,-0.0056640625,-0.0038041618,0,-0,0,-0,0,-0,0,-0,0,-0,-0.0085907336
2012-09-21,0,0,0.90904219,0.0020156854,0.2016489,-0.0022272793,-0.0011578541,-0.0044307455,0.00056977893,0,-0,0,-0,0,-0,0,-0,0,0,0.0031642489
2012-09-24,0,0,-0.6038225,0.0017716784,0.19451889,0.0014087244,0.0054517134,0.0028203258,0.0041528556,0,0,0,0,0,0,0,0,0,0,0.0003882176
2012-09-25,0,0,-0.61487279,-0.00081820063,0.19342944,0.0023421489,0.0023464998,0.004712119,-0.00057212602,0,0,0,0,0,0,0,0,0,-0,-0.0035411108
2012-09-26,0,0,-0.43999008,0.0023822062,0.19525494,-0.00058904379,0.0015891935,-0.0011880012,0.0040095613,0,0,0,0,0,0,0,0,0,0,-0.0088598968
2012-09-27,0,0,-0.23521369,0.0018631026,0.19645699,0.010493128,0.028514056,0.021049511,0.010154832,0,0,0,0,0,0,0,0,0,0,0.0074656189
2012-09-28,0,0,-0.14217512,-0.00029802154,0.18948275,-0.0020887982,-0.0069821567,-0.0041626331,-0.0027733455,0,-0,0,-0,0,-0,0,-0,0,-0,0.0015113105
2012-10-02,0,0,0.43089427,-0.002230443,0.18899789,9.745164e-05,0.0031323414,0.0001950934,-0.0012936611,0,0,0,0,0,0,0,0,0,-0,-0.00087621087
2012-10-04,0,0,-0.42813192,-0.00077225482,0.18918988,-0.0023366761,-0.003900156,-0.0046694878,-0.0028932541,0,-0,0,-0,0,-0,0,-0,0,-0,-0.0015103532
2012-10-05,0,0,0.23408356,-0.0010846888,0.18901507,-0.0048041928,-0.0069902913,-0.0095559846,-0.0059927935,0,-0,0,-0,0,-0,0,-0,0,-0,0.00068312677
2012-10-08,0,0,-0.13422225,0.00062359389,0.17142104,-0.006487172,-0.014106583,-0.012978142,-0.0065691479,0,-0,0,-0,0,-0,0,-0,0,-0,-0.0067778428
2012-10-09,0,0,0.4070862,-0.000139532,0.17554429,0.0012775785,0.0055821372,0.002557419,-0.0016916571,0,0,0,0,0,0,0,0,0,-0,0.00039275369
2012-10-10,0,0,-0.42883136,0.0013990538,0.14507565,-0.0086313805,-0.019433198,-0.017451482,-0.0081632653,0,-0,0,-0,0,-0,0,-0,0,-0,-0.019237375
2012-10-11,0,0,-0.63423179,0.0006462545,0.15895244,-0.0017140553,0.0012605042,-0.003454056,-0.001185115,0,0,0,0,0,0,0,0,0,-0,-0.0091568677
2012-10-12,0,0,0.43445101,0.00051916008,0.16219074,-0.005688683,-0.0083787181,-0.011341965,-0.0041814596,0,-0,0,-0,0,-0,0,-0,0,-0,-0.0025754974
2012-10-15,0,0,-0.22354643,0.0012230446,0.14984619,-0.0022809063,0.0017050298,-0.0045669052,-0.00063593005,0,0,0,0,0,0,0,0,0,-0,-0.0033922333
2012-10-16,0,0,0.72261664,-0.0016837724,0.15023401,0.0018639798,0.0025104603,0.0036970424,0.00039388688,0,0,0,0,0,0,0,0,0,0,0.010312945
2012-10-17,0,0,0.13243741,-0.0018278323,0.098354153,0.00039986005,0.001650165,0.00079495205,0.00031252442,0,0,0,0,0,0,0,0,0,0,0.0064363655
2012-10-18,0,0,-0.046006762,-0.0010019912,0.10457591,0.0027393167,0.0053126277,0.0054614965,0.0021033771,0,0,0,0,0,0,0,0,0,0,0.0058955783
2012-10-19,0,0,-0.27844856,0.00085519837,0.10655614,-0.0055760231,-0.013496933,-0.011178203,-0.0064729967,0,-0,0,-0,0,-0,0,-0,0,-0,-0.0078974817
2012-10-22,0,0,-1.1734792,0.0051361597,0.1102135,0.0099558084,0.031882809,0.020206186,0.016107758,0,0,0,0,0,0,0,0,0,0,-0.0045559227
2012-10-23,0,0,0.087090458,-0.00091391351,0.10624274,-0.0083454829,-0.018356279,-0.016684255,-0.010023191,0,-0,0,-0,0,-0,0,-0,0,-0,-0.0079464869
2012-10-24,0,0,-0.10804262,0.002112157,0.10598154,0.00097246392,0.0012970169,0.0019637228,0.0026491129,0,0,0,0,0,0,0,0,0,0,-0.0085171103
2012-10-25,0,0,-0.41470929,0.00090796626,0.10746881,0.0099553549,0.022212544,0.01998249,0.012224546,0,0,0,0,0,0,0,0,0,0,0.0063404408
2012-10-26,0,0,-1.2311452,9.4205002e-05,0.11276434,-0.014070147,-0.02455838,-0.02823385,-0.013371652,0,-0,0,-0,0,-0,0,-0,0,-0,-0.017326355
2012-10-29,1,1,1.1698759,-0.0016985149,0.12574111,-0.0016476161,-0.0035072337,-0.0032813782,-0.0039815001,2,-0.0040072337,2,-0.0040072337,2,-0.0040072337,1,-0.0021476161,2,-0.0083630002,0.0025853154
2012-10-30,0,0,0.29333339,-0.00081256849,0.12406596,0.0015459933,0.0048351648,0.0030895984,0.0018543901,0,0,0,0,0,0,0,0,0,0,0.0023207839
2012-10-31,1,1,1.3676009,-0.00074061883,0.12416189,0.0012258032,-0.0017241379,0.0024337068,-0.0009583899,2,-0.0022241379,2,-0.0022241379,2,-0.0022241379,1,0.00072580316,2,-0.0023167798,0.0086441986
2012-11-01,0,0,-1.0867668,0.0026723844,0.12829414,-0.0057403516,-0.0078705728,-0.011535094,-0.0034981906,0,-0,0,-0,0,-0,0,-0,0,-0,-0.01040657
2012-11-02,0,0,0.85808186,-0.001710122,0.13068566,0.00081582704,0.0030146425,0.0016141236,0.00023906287,0,0,0,0,0,0,0,0,0,0,0.011804732
2012-11-05,0,0,-0.10463808,0.0014402607,0.14175303,-0.00025599017,0.001740644,-0.00051450916,0.001324397,0,0,0,0,0,0,0,0,0,0,-0.0051457102
2012-11-06,0,0,0.055065033,-0.00060253574,0.1411567,0.0098199673,0.020372779,0.019614854,0.0093211185,0,0,0,0,0,0,0,0,0,0,0.011112818
2012-11-07,0,0,-0.52889961,-0.00099578839,0.14881673,0.0032858154,0.0059271804,0.0065590313,0.0027271649,0,0,0,0,0,0,0,0,0,0,0.0052167747
2012-11-08,0,0,0.76324516,0.0022009844,0.13803353,-0.0049406611,-0.0038910506,-0.0099902158,-0.00079894539,0,-0,0,-0,0,-0,0,-0,0,-0,-0.015669875
2012-11-09,0,0,-0.59920102,0.001928711,0.14332682,0.0027881041,0.010657194,0.005625,0.0064346418,0,0,0,0,0,0,0,0,0,0,-0.0058353808
2012-11-12,0,0,-0.82139988,-0.0011825911,0.14450622,0.0021685254,0.003975265,0.0043491768,0.0012506556,0,0,0,0,0,0,0,0,0,0,-0.00061785604
2012-11-13,0,0,0.27536533,-0.00020257607,0.14409438,-0.0067918703,-0.015789474,-0.01356629,-0.0066385033,0,-0,0,-0,0,-0,0,-0,0,-0,-0.0055126224
2012-11-14,0,0,0.75094029,0.00061515651,0.13914008,0.0024824162,0.0084594835,0.0049563736,0.002548853,0,0,0,0,0,0,0,0,0,0,0.0041962389
2012-11-15,0,0,-0.48076986,0.002449449,0.13589357,-0.0017732346,-0.0018099548,-0.0035857414,-4.0874719e-05,0,-0,0,-0,0,-0,0,-0,0,-0,-0.012587701
2012-11-16,0,0,-0.34092255,0.0010637407,0.13921876,-0.002880486,-0.003652968,-0.0057748845,-0.0017631622,0,-0,0,-0,0,-0,0,-0,0,-0,-0.005276907
2012-11-19,0,0,0.33074942,-0.0015485156,0.13697407,0.0069077398,0.013163867,0.013765056,0.0045359814,0,0,0,0,0,0,0,0,0,0,0.010609801
2012-11-20,0,0,-0.70227494,0.00115723,0.1434165,-0.0031354408,-0.0070267896,-0.0062026539,-0.0028178086,0,-0,0,-0,0,-0,0,-0,0,-0,0.0079517697
2012-11-21,0,0,0.53891101,0.00022826797,0.14410307,-0.0057589469,-0.013608428,-0.011486001,-0.0060357315,0,-0,0,-0,0,-0,0,-0,0,-0,-0.0029906157
2012-11-22,0,0,0.82705179,-0.00081113938,0.14169465,0.0047337278,0.0083479789,0.0094194737,0.0040643863,0,0,0,0,0,0,0,0,0,0,0.0098779479
2012-11-23,0,0,0.2599039,-0.00168251,0.14377345,0.0076324147,0.013937282,0.01526874,0.0064443822,0,0,0,0,0,0,0,0,0,0,0.0073744047
2012-11-26,0,0,-1.1771525,-0.0020317492,0.13032334,-0.0035016493,-0.0094057289,-0.0069912356,-0.0060651709,0,-0,0,-0,0,-0,0,-0,0,-0,-0.001779269
2012-11-27,1,1,1.2279948,-0.00056418115,0.13090818,0.0061390157,0.012382579,0.012232107,0.0058347226,2,0.011882579,2,0.011882579,2,0.011882579,1,0.0056390157,2,0.011269445,0.0099307395
2012-11-28,0,0,-0.29859764,4.6231016e-05,0.13540188,0,-0.0017094017,0,-0.0010714711,0,0,0,0,0,0,0,0,0,-0,-0.005496445
2012-11-29,0,0,-0.12208677,0.0010356922,0.13627556,0.0052968774,0.015286624,0.010540052,0.0067185709,0,0,0,0,0,0,0,0,0,0,0.010445188
2012-11-30,0,0,-0.83754795,0.0001312241,0.13711786,0.0021591765,0.0054575987,0.0043211738,-0.00078600904,0,0,0,0,0,0,0,0,0,-0,0.0015054195
2012-12-03,0,0,0.52346683,-0.00026842947,0.1305068,0.001352841,0,0.0027056819,0.0025891491,0,0,0,0,0,0,0,0,0,0,0.001352841
2012-12-04,0,0,-0.091613227,-6.5258853e-05,0.12885946,0.00065277429,0.0020981956,0.0013101537,0.0012966601,0,0,0,0,0,0,0,0,0,0,-0.0028521391
2012-12-05,0,0,0.098130895,-0.00071651653,0.12399784,0.0082403779,0.015088013,0.016502314,0.0080524786,0,0,0,0,0,0,0,0,0,0,0.0069249297
2012-12-06,0,0,0.051860106,-0.0011128399,0.12492434,0.0019927265,0.0045417011,0.0039840637,0.0011674515,0,0,0,0,0,0,0,0,0,0,0.0023422705
2012-12-07,0,0,-0.098443616,-0.00051965169,0.11231657,0.0042690494,0.0098441345,0.0085245577,0.0039961203,0,0,0,0,0,0,0,0,0,0,0.0058668523
2012-12-10,0,0,0.57942293,-0.0020278563,0.11000479,-0.0015276204,-0.0048484848,-0.0030459347,-0.0039606245,0,-0,0,-0,0,-0,0,-0,0,-0,0.0015323019
2012-12-11,0,0,0.49742808,-0.0019246528,0.10904357,0.002861795,0.0044534413,0.0057221784,0.0016172507,0,0,0,0,0,0,0,0,0,0,0.0031092686
2012-12-12,0,0,-0.14629063,-0.00080641806,0.10572006,0.0036269176,0.0035942492,0.0072262097,0.0018377426,0,0,0,0,0,0,0,0,0,0,0.0074784748
2012-12-13,0,0,0.087604168,0.00032841978,0.10633122,0.010694926,0.022673031,0.021389852,0.015085548,0,0,0,0,0,0,0,0,0,0,0.010694926
2012-12-14,0,0,-0.55972418,-0.00074363558,0.099103827,0.0079107013,0.01336478,0.015891586,0.0030330604,0,0,0,0,0,0,0,0,0,0,0.0034789331
2012-12-17,0,0,0.35747583,0.0031857656,0.098820849,-0.0080559575,-0.013198758,-0.016141504,-0.0053374721,0,-0,0,-0,0,-0,0,-0,0,-0,-0.0098709553
2012-12-18,0,0,-1.0134524,-0.00031753527,0.10381281,0.0013569836,0.0015594542,0.0027046607,0.001781923,0,0,0,0,0,0,0,0,0,0,0.0048144726
2012-12-20,0,0,0.30726877,-0.0038483889,0.10289306,-0.0013535725,-0.0042652191,-0.0027040077,-0.00218571,0,-0,0,-0,0,-0,0,-0,0,-0,-0.0001935921
2012-12-21,0,0,-0.31334465,0.00051051305,0.10049559,-0.014011941,-0.025106219,-0.027876233,-0.013411189,0,-0,0,-0,0,-0,0,-0,0,-0,-0.0087617388
2012-12-24,1,1,1.9409894,-0.00020069515,0.10948382,0.0019011407,0.0067460317,0.0037954357,-0.0010671138,2,0.0062460317,2,0.0062460317,2,0.0062460317,1,0.0014011407,2,-0.0025342277,0.0037114812
2012-12-26,1,0,1.604421,0.00031441197,0.10778907,-0.0021823472,-0.0085870414,-0.0043505583,-0.0062213118,0,-0,0,-0,0,-0,0,-0,2,-0.012842624,0.0010704033
2012-12-27,0,0,0.50732768,0.0054364754,0.10670227,0.00549317,0.012204724,0.010988477,0.0039749274,0,0,0,0,0,0,0,0,0,0,0.0052976914
2012-12-28,0,0,-0.11926419,0.0058399828,0.10195275,0.0047858455,0.010124611,0.0095707657,0.0062912266,0,0,0,0,0,0,0,0,0,0,0.0048830014
2013-01-02,0,0,0.94920207,0.00098640282,0.09728756,0.012182887,0.024288425,0.024196992,0.010967548,0,0,0,0,0,0,0,0,0,0,0.019292759
2013-01-03,0,0,-2.8634465,0.0017068642,0.11070405,-0.010126108,-0.02189781,-0.020115478,-0.011162859,0,-0,0,-0,0,-0,0,-0,0,-0,-0.0033512697
2013-01-04,0,0,0.1125933,0.0043021958,0.1140154,-0.0069086263,-0.013457944,-0.013805494,-0.0040788834,0,-0,0,-0,0,-0,0,-0,0,-0,-0.0060620412
2013-01-07,0,0,-0.72987777,0.0022752305,0.11674718,-0.00038084357,0.00075700227,-0.00076099881,-0.00056365549,0,0,0,0,0,0,0,0,0,-0,0.00052413399
2013-01-08,0,0,-0.39877075,0.00076016061,0.11574882,-0.0057900278,-0.013323182,-0.011635734,-0.0032476115,0,-0,0,-0,0,-0,0,-0,0,-0,-0.010524812
2013-01-09,0,0,0.9505007,-0.0018283493,0.11916838,-0.0058603132,-0.011158138,-0.011697589,-0.0059739867,0,-0,0,-0,0,-0,0,-0,0,-0,-0.0038985417
2013-01-10,0,0,-0.23243966,-0.00060202636,0.12061044,0.0070415742,0.01592233,0.014057385,0.007069824,0,0,0,0,0,0,0,0,0,0,0.0088906069
2013-01-11,0,0,0.051269061,0.00091448959,0.1218079,-0.012131881,-0.026027914,-0.024104358,-0.011821218,0,-0,0,-0,0,-0,0,-0,0,-0,-0.0055555556
2013-01-14,0,0,-0.3512705,0.0015091377,0.12458337,0.0059773439,0.01635514,0.011965647,0.0074570081,0,0,0,0,0,0,0,0,0,0,0.0050568291
2013-01-15,0,0,0.18984149,-0.00075520762,0.12518765,-0.0096384387,-0.017699115,-0.019290753,-0.012801148,0,-0,0,-0,0,-0,0,-0,0,-0,-0.01035028
2013-01-16,0,0,0.36364369,0.0031977935,0.13256826,-0.010279923,-0.020646669,-0.020493578,-0.0060289236,0,-0,0,-0,0,-0,0,-0,0,-0,-0.0070691909
2013-01-17,0,0,0.76229121,3.8972909e-05,0.1191769,-0.0033001699,-0.0090479937,-0.0065690963,-0.005125459,0,-0,0,-0,0,-0,0,-0,0,-0,0.0014629151
2013-01-18,0,0,0.69240933,0.0018138578,0.1184217,-0.0038166095,-0.0093676815,-0.0075739418,-0.0011831158,0,-0,0,-0,0,-0,0,-0,0,-0,0.0040414861
2013-01-21,0,0,-0.60806337,0.00043555946,0.11870025,-0.00048484848,0.0027559055,-0.00096946195,-0.0011086051,0,0,0,0,0,0,0,0,0,-0,-0.00024248303
2013-01-22,0,0,-0.011312618,0.00067633531,0.11679121,0.0046060606,0.0098000784,0.0092076569,0.006354067,0,0,0,0,0,0,0,0,0,0,0.0050933786
2013-01-23,0,0,0.24201381,-0.0027938176,0.11888127,-0.0095417088,-0.02244582,-0.019054951,-0.011134677,0,-0,0,-0,0,-0,0,-0,0,-0,-0.0080598456
2013-01-24,0,0,-1.3610572,0.0034518763,0.11491559,-0.0081803574,-0.011937923,-0.016373471,-0.0036582079,0,-0,0,-0,0,-0,0,-0,0,-0,-0.0089524644
2013-01-25,0,0,0.1964653,0.00030614812,0.11908822,-0.012887103,-0.024507834,-0.025725045,-0.011122268,0,-0,0,-0,0,-0,0,-0,0,-0,-0.010997103
2013-01-28,0,0,-1.6901601,0.002867059,0.12399822,-0.00099339393,0.00249066,-0.0019879728,-0.0013724952,0,0,0,0,0,0,0,0,0,-0,-0.0015884835
2013-01-29,1,0,1.1754037,0.0016434307,0.12405314,0.0061005853,0.012772971,0.01217159,0.0059838085,0,0,0,0,0,0,0,0,2,0.011567617,0.008551683
2013-01-30,0,0,-0.053727902,0.00078512681,0.12895778,0.0020164265,0.0016194332,0.0040233551,0.0015111593,0,0,0,0,0,0,0,0,0,0,0.0043874784
2013-01-31,0,0,0.021779378,-0.00049695586,0.10520087,0.0016252955,0.0028501629,0.0032618365,0.001396919,0,0,0,0,0,0,0,0,0,0,-0.0018160401
2013-02-01,0,0,0.84727419,-0.0018603673,0.10408866,-0.002359418,-0.0044570502,-0.0047172129,-0.003596705,0,-0,0,-0,0,-0,0,-0,0,-0,-0.0020160299
2013-02-04,0,0,-0.19070871,-0.0020497008,0.10331885,-0.0072563248,-0.014129996,-0.014441842,-0.009217834,0,-0,0,-0,0,-0,0,-0,0,-0,-0.002364998
2013-02-05,0,0,-0.14710412,0.0036906718,0.10335286,-0.0029801818,-0.0029045643,-0.0059946049,0.0012967111,0,-0,0,-0,0,-0,0,-0,0,0,-0.0086428289
2013-02-06,0,0,-1.068172,0.00055896892,0.10371471,-0.0044684971,-0.0086848635,-0.0089069227,-0.0044237394,0,-0,0,-0,0,-0,0,-0,0,-0,-0.0010959996
2013-02-07,0,0,0.26147797,0.00015675215,0.10338536,-0.0012952723,-0.0016673614,-0.0025877084,-0.0026700173,0,-0,0,-0,0,-0,0,-0,0,-0,-0.0001994913
2013-02-08,0,0,0.15243025,0.00052739163,0.09724076,0.012340744,0.027276542,0.024721013,0.012962963,0,0,0,0,0,0,0,0,0,0,0.010724797
2013-02-12,0,0,0.27867761,-0.0032220606,0.10821189,-0.0034489555,-0.0093457944,-0.0068863748,-0.0065033097,0,-0,0,-0,0,-0,0,-0,0,-0,-0.0017767249
2013-02-13,0,0,0.61186036,0.00068255545,0.10519322,0.015206693,0.030130293,0.030273342,0.012691636,0,0,0,0,0,0,0,0,0,0,0.019924849
2013-02-14,0,0,0.11489413,0.0019161583,0.11496629,0.003247855,0.004743083,0.0064957099,0.0011488091,0,0,0,0,0,0,0,0,0,0,0.003247855
2013-02-15,0,0,0.04148913,0.0024550312,0.11440514,-0.0020776962,-0.0019646365,-0.0041553923,0.00011468767,0,-0,0,-0,0,-0,0,-0,0,0,-0.0020776962
2013-02-18,0,0,-0.06020702,-0.00065594852,0.11423478,0.001455251,0.0027700831,0.0029158769,0.0012629162,0,0,0,0,0,0,0,0,0,0,-0.00038735293
2013-02-19,0,0,0.042498511,0.00012739834,0.11210538,0.0022267402,0.0051241624,0.0044506797,0.0019874637,0,0,0,0,0,0,0,0,0,0,0.0028578348
2013-02-20,0,0,0.20241983,-0.0020050452,0.11216123,0.017267087,0.032621359,0.034390267,0.016225027,0,0,0,0,0,0,0,0,0,0,0.021541731
2013-02-21,0,0,0.86524259,0.00061277055,0.13622565,-0.0005222428,0.00037950664,-0.0010488177,0.00078757876,0,0,0,0,0,0,0,0,0,0,-0.0046335697
2013-02-22,0,0,0.042903137,0.001447544,0.13467579,0.0042875518,0.0091568104,0.0086000956,0.0057222452,0,0,0,0,0,0,0,0,0,0,0.0013775413
2013-02-25,0,0,-0.91210286,-0.0016098235,0.1292259,-0.0041725936,-0.0090531875,-0.0083416276,-0.006313037,0,-0,0,-0,0,-0,0,-0,0,-0,-0.0037474503
2013-02-26,1,0,1.1192733,0.0029987125,0.12340848,0.0014849588,0.0046385775,0.0029879518,0.0034880194,0,0,0,0,0,0,0,0,2,0.0065760388,-0.0045233787
2013-02-27,0,0,0.079833091,-0.0017720708,0.12304699,-0.0010980617,-0.0045906656,-0.0021920419,-0.0032717837,0,-0,0,-0,0,-0,0,-0,0,-0,0.00076529392
2013-02-28,0,0,-0.25403986,-0.0015181505,0.11927516,0.0036569149,0.0075815011,0.007267922,0.0032942762,0,0,0,0,0,0,0,0,0,0,0.010036802
2013-03-04,0,0,0.19886267,-0.0040621999,0.12367439,-0.0077210933,-0.016201959,-0.015458296,-0.0088264869,0,-0,0,-0,0,-0,0,-0,0,-0,-0.0087540813
2013-03-05,0,0,0.47101314,-0.0043044013,0.12710275,-0.00095093191,-0.00037993921,-0.0018942982,-0.00384946,0,-0,0,-0,0,-0,0,-0,0,-0,0.0030551843
2013-03-06,0,0,0.54374579,-0.001219474,0.12652873,-0.0086849806,-0.018677624,-0.017228464,-0.0065425077,0,-0,0,-0,0,-0,0,-0,0,-0,-0.00047591852
2013-03-07,0,0,-0.49443288,-0.002087354,0.12535901,-0.0072888381,-0.014514897,-0.014585319,-0.0076827943,0,-0,0,-0,0,-0,0,-0,0,-0,-0.0078087801
2013-03-08,0,0,-0.70415359,0.0020538665,0.12668385,-0.00076768064,-0.0011627907,-0.0015350667,0.0012109745,0,-0,0,-0,0,-0,0,-0,0,0,-0.000575871
2013-03-11,0,0,-1.3646041,0.0020267608,0.126256,-0.0001442169,0,-0.00028876697,0.0015165877,0,0,0,0,0,0,0,0,0,0,-0.0012964564
2013-03-12,0,0,-0.053079419,0.001866225,0.12638768,-0.012073591,-0.020510836,-0.024063022,-0.0084259049,0,-0,0,-0,0,-0,0,-0,0,-0,-0.008606183
2013-03-13,0,0,0.63098261,-0.002349648,0.12380767,0.0035878788,0.0067167128,0.0071740184,0.0024363318,0,0,0,0,0,0,0,0,0,0,0.0038312318
2013-03-14,0,0,-0.10787267,-0.0017952253,0.12362766,0.0036244141,0.00039261877,0.0072509305,-0.00015185452,0,0,0,0,0,0,0,0,0,-0,0.0033334944
2013-03-15,0,0,0.043635116,-0.00013293053,0.1095776,-0.012251958,-0.023373588,-0.02445105,-0.013613674,0,-0,0,-0,0,-0,0,-0,0,-0,-0.01011171
2013-03-18,0,0,-1.2482991,0.0023577708,0.11506521,-0.0032772452,-0.0068548387,-0.0065912445,-0.0028182064,0,-0,0,-0,0,-0,0,-0,0,-0,-0.0088043584
2013-03-19,1,1,2.0941859,-0.00094650083,0.11998198,0.00039123631,0,0.0007797651,0.00038507451,2,-0.0005,2,-0.0005,2,-0.0005,1,-0.00010876369,2,0.00037014902,0.0038769201
2013-03-20,0,0,-0.84737248,0.001874136,0.12209617,-0.0058835066,-0.011382114,-0.011801731,-0.0048780488,0,-0,0,-0,0,-0,0,-0,0,-0,-0.0087993743
2013-03-21,0,0,0.10132708,-0.00075429099,0.12698448,-0.010561996,-0.021588595,-0.0210413,-0.009754587,0,-0,0,-0,0,-0,0,-0,0,-0,-0.006658118
2013-03-22,1,1,1.1521069,-3.9693791e-05,0.092183889,-0.002283445,-0.0041649313,-0.0045659834,-0.0010954188,2,-0.0046649313,2,-0.0046649313,2,-0.0046649313,1,-0.002783445,2,-0.0025908376,-0.0020852986
2013-03-25,1,1,1.3449759,-0.0026217211,0.091811825,0.0082856579,0.018945634,0.016427908,0.0054225734,2,0.018445634,2,0.018445634,2,0.018445634,1,0.0077856579,2,0.010445147,0.017165033
2013-03-26,0,0,0.4065278,0.0017673818,0.11326288,0.0015149294,0.0056703119,0.0030270481,0.0043173233,0,0,0,0,0,0,0,0,0,0,0.0024457053
2013-03-27,0,0,-0.21112289,-0.00019120006,0.11412566,0.0018446602,0.0096,0.0036704337,0.00061138708,0,0,0,0,0,0,0,0,0,0,0.0070264468
2013-03-28,0,0,-0.23596185,0.0026457587,0.11505248,0.0011629034,0.0031821798,0.0023258068,0.0016064871,0,0,0,0,0,0,0,0,0,0,0.0011629034
2013-03-29,1,1,1.0708284,-0.0019583248,0.11486031,0.00014463408,0.00039261877,0.00028815676,-0.0018569047,2,-0.00010738123,2,-0.00010738123,2,-0.00010738123,1,-0.00035536592,2,-0.0041138093,0.0040170361
2013-04-01,0,0,0.65611315,-0.0013778048,0.10899003,-0.0043798431,-0.0097770825,-0.0087462156,-0.0071547547,0,-0,0,-0,0,-0,0,-0,0,-0,-0.0028440588
2013-04-02,0,0,0.79100464,-0.00054152288,0.10737425,-0.0076934243,-0.015822785,-0.015401007,-0.00602203,0,-0,0,-0,0,-0,0,-0,0,-0,-0.0086048535
2013-04-03,0,0,-0.33730812,-0.00065282945,0.10841166,-0.005781751,-0.01158147,-0.011522076,-0.0036736568,0,-0,0,-0,0,-0,0,-0,0,-0,-0.0021942657
2013-04-04,0,0,-0.69920085,0.0018906973,0.10752003,-0.006100861,-0.011489536,-0.012285134,-0.0020188687,0,-0,0,-0,0,-0,0,-0,0,-0,-0.012803597
2013-04-05,0,0,-1.9968741,9.254321e-05,0.11155772,-0.010106542,-0.019295302,-0.020329478,-0.010297572,0,-0,0,-0,0,-0,0,-0,0,-0,-0.015741795
2013-04-08,0,0,0.74677209,0.0034835123,0.12383153,-0.0027564777,-0.0029876227,-0.0054936823,-0.0018192604,0,-0,0,-0,0,-0,0,-0,0,-0,0.00075441332
2013-04-09,0,0,-0.88396897,0.0023460593,0.12383786,-0.00095486984,0.00085800086,-0.0019097397,0.00035652036,0,0,0,0,0,0,0,0,0,0,-0.00095486984
2013-04-10,1,1,1.0768502,-0.00056066884,0.12314766,0.00035,0.0025456088,0.00069579047,-0.00023584906,2,0.0020456088,2,0.0020456088,2,0.0020456088,1,-0.00015,2,-0.00087169811,0.0064389557
2013-04-11,0,0,-0.91404593,0.0012246041,0.12597252,0.0035297042,0.0054416074,0.007021708,0.0030540329,0,0,0,0,0,0,0,0,0,0,0.0089468686
2013-04-12,0,0,0.010989744,-0.0013324549,0.12980772,-0.019466046,-0.037052456,-0.038926307,-0.0187298,0,-0,0,-0,0,-0,0,-0,0,-0,-0.019320321
2013-04-15,0,0,-0.66111799,0.00020552438,0.13742935,0.0051167739,0.010448411,0.010263185,0.0032309533,0,0,0,0,0,0,0,0,0,0,0.0022226712
2013-04-16,1,0,1.1769722,0.0028708384,0.13411833,0.0079458055,0.016740088,0.016060949,0.012425108,0,0,0,0,0,0,0,0,2,0.024450215,-0.0025705645
2013-04-17,0,0,-0.70709774,-0.0039589725,0.13185415,-0.0035248502,-0.0085984523,-0.0070249385,-0.0076935217,0,-0,0,-0,0,-0,0,-0,0,-0,0
2013-04-18,1,1,1.3887717,-0.003326427,0.12744074,-0.0064128664,-0.012741652,-0.01291844,-0.010776292,2,-0.013241652,2,-0.013241652,2,-0.013241652,1,-0.0069128664,2,-0.021952584,-0.013492344
2013-04-19,0,0,0.84673246,0.0016150857,0.13569275,0.0037405206,0.006684492,0.0074833419,0.0045630754,0,0,0,0,0,0,0,0,0,0,0.0034320254
2013-04-22,0,0,-1.6621232,0.0011791123,0.13695419,0.0092956739,0.026773762,0.018600848,0.012522649,0,0,0,0,0,0,0,0,0,0,0.008780438
2013-04-23,0,0,-0.95270157,-0.00037026714,0.12811827,-0.0020758443,-0.0056694287,-0.0041537916,-0.0044201975,0,-0,0,-0,0,-0,0,-0,0,-0,-0.0025808411
2013-04-24,0,0,-0.0089605076,-0.0013563212,0.12737214,0.0031824611,0.0069444444,0.0063373906,0.0010328116,0,0,0,0,0,0,0,0,0,0,0.0075596144
2013-04-25,0,0,0.19518804,0.00072316434,0.12989907,0.0045273907,0.010771219,0.0090456807,0.0090800952,0,0,0,0,0,0,0,0,0,0,0.0055390503
2013-04-26,0,0,-0.89210982,-0.0023761873,0.13637479,-0.0010519988,-0.00085433575,-0.0021047357,-0.0042107749,0,-0,0,-0,0,-0,0,-0,0,-0,-0.0014021734
2013-04-29,0,0,0.8064138,-0.0023268157,0.13439367,-0.0029085803,-0.005988024,-0.0058171606,-0.0054409967,0,-0,0,-0,0,-0,0,-0,0,-0,-0.0029085803
2013-04-30,0,0,-0.23594717,0.0018905877,0.13419865,0.0074540998,0.02052159,0.01482956,0.010072283,0,0,0,0,0,0,0,0,0,0,0.012825026
2013-05-02,0,0,0.84054193,-0.0033348125,0.14432929,-0.0019933224,-0.0033755274,-0.0040008002,-0.0022310071,0,-0,0,-0,0,-0,0,-0,0,-0,-0.0055119674
2013-05-03,0,0,-0.086037061,-0.0022088127,0.14452086,-0.0015883258,-0.0041841004,-0.0031578428,-0.0014820593,0,-0,0,-0,0,-0,0,-0,0,-0,0.004394068
2013-05-06,0,0,-0.13913307,-0.0029327103,0.13876636,-0.0091452865,-0.014975042,-0.018188075,-0.0094321314,0,-0,0,-0,0,-0,0,-0,0,-0,-0.0035297042
2013-05-07,0,0,-0.22711098,0.0010892881,0.12511519,-0.003287835,-0.0063344595,-0.0065658575,-0.0054070998,0,-0,0,-0,0,-0,0,-0,0,-0,-0.0017960487
2013-05-08,0,0,0.14349534,0.0012047844,0.12665844,-0.002942937,-0.0071851226,-0.0058741537,-0.0032959272,0,-0,0,-0,0,-0,0,-0,0,-0,-0.00094962015
2013-05-09,0,0,0.26793262,-0.00094183041,0.12666347,0.012939648,0.026706231,0.025844434,0.0099215686,0,0,0,0,0,0,0,0,0,0,0.014307869
2013-05-10,0,0,0.070940986,0.001691218,0.13344685,-0.019256406,-0.039370079,-0.038554693,-0.016424068,0,-0,0,-0,0,-0,0,-0,0,-0,-0.020320592
2013-05-13,0,0,-1.6936575,0.002596648,0.14746878,0.0042844901,0.012597741,0.0085793591,0.0072774994,0,0,0,0,0,0,0,0,0,0,0.0030710366
2013-05-14,0,0,0.71983244,-0.0035326179,0.13553334,0.012045774,0.0218509,0.024091548,0.0086583494,0,0,0,0,0,0,0,0,0,0,0.012045774
2013-05-15,0,0,-1.205535,0.00028518479,0.14123593,-0.0011391214,-0.0016729402,-0.0022752003,0.00015590895,0,-0,0,-0,0,-0,0,-0,0,0,0.00019837334
2013-05-16,0,0,0.43516418,-0.0046819086,0.14123796,0.0073285467,0.014607679,0.014637523,0.0040707141,0,0,0,0,0,0,0,0,0,0,0.0086771123
2013-05-20,0,0,-0.28226524,-0.001359838,0.14401479,-0.0012764495,-0.005730659,-0.0025496445,-0.0035066086,0,-0,0,-0,0,-0,0,-0,0,-0,0
2013-05-21,1,1,1.5716584,-0.0024545872,0.13163502,-0.0046019779,-0.0085889571,-0.0091667073,-0.0081825516,2,-0.0090889571,2,-0.0090889571,2,-0.0090889571,1,-0.0051019779,2,-0.016765103,-0.00054072654
2013-05-22,1,1,1.057927,-0.00080957191,0.13216116,0.0021065008,0.0053169734,0.0041963502,0.0018867925,2,0.0048169734,2,0.0048169734,2,0.0048169734,1,0.0016065008,2,0.0033735849,0.0060987606
2013-05-23,0,0,0.17210363,-0.00080084187,0.12986712,-0.0080617411,-0.016460905,-0.016213544,-0.0088816806,0,-0,0,-0,0,-0,0,-0,0,-0,-0.013541259
2013-05-24,1,1,1.7484152,-0.0020506111,0.13851121,-0.0020243914,-0.0062189055,-0.0040340434,-0.0031379537,2,-0.0067189055,2,-0.0067189055,2,-0.0067189055,1,-0.0025243914,2,-0.0066759075,0.0016353635
2013-05-27,0,0,0.19045702,-0.0024719838,0.13640528,0.0056964533,0.012133891,0.011406467,0.0030301853,0,0,0,0,0,0,0,0,0,0,0.0045022759
2013-05-28,0,0,0.40608659,0.00010403769,0.13274533,0.0019669552,0.0037082818,0.0039275369,-0.0001546611,0,0,0,0,0,0,0,0,0,-0,0.0035955278
2013-05-29,0,0,-0.0013340565,0.0012585764,0.13054724,0.0046479769,0.011020408,0.0092673885,0.0049299029,0,0,0,0,0,0,0,0,0,0,0.0077542207
2013-05-30,0,0,0.87431927,0.00042058287,0.13241156,0.0019503633,0.00040469446,0.0039054872,0.0019562716,0,0,0,0,0,0,0,0,0,0,0.00073049576
2013-05-31,0,0,0.55055979,-0.0025865147,0.12454588,-0.0013110615,-0.0020096463,-0.0026164058,-0.0037720034,0,-0,0,-0,0,-0,0,-0,0,-0,0.00087595503
2013-06-03,1,0,1.3038965,0.0005087631,0.12354871,-0.00039020583,0.0020325203,-0.00078289377,-0.0007294226,0,0,0,0,0,0,0,0,2,-0.0018588452,-0.0035493752
2013-06-04,0,0,0.13147909,0.00054854604,0.12465859,-0.0060232185,-0.014067524,-0.011992263,-0.003480589,0,-0,0,-0,0,-0,0,-0,0,-0,-0.0015126378
2013-06-05,0,0,0.83016728,-0.0035505364,0.12373289,-0.011847645,-0.024489796,-0.02373829,-0.015581226,0,-0,0,-0,0,-0,0,-0,0,-0,-0.013634364
2013-06-07,0,0,-0.15208145,0.0012633672,0.13536864,-0.018533241,-0.033613445,-0.03717361,-0.016868224,0,-0,0,-0,0,-0,0,-0,0,-0,-0.021353547
2013-06-10,0,0,-1.6101927,0.00101142,0.15496632,0.0023734976,-0.0017286085,0.0047352778,0.0028231739,0,0,0,0,0,0,0,0,0,0,0.0048600213
2013-06-11,0,0,0.117685,0.0015633146,0.14660996,-0.0086003118,-0.014712246,-0.017171261,-0.0083237544,0,-0,0,-0,0,-0,0,-0,0,-0,-0.0069021109
2013-06-12,0,0,0.47949591,0.00073163262,0.13386326,-0.0038735984,-0.0093085106,-0.0077836952,-0.0026489003,0,-0,0,-0,0,-0,0,-0,0,-0,-0.0085227273
2013-06-13,0,0,0.48731587,0.0024852372,0.13524476,-0.013712648,-0.017132552,-0.027425297,-0.013198256,0,-0,0,-0,0,-0,0,-0,0,-0,-0.013712648
2013-06-14,0,0,-0.42753741,-0.00054544806,0.13668407,-0.0038209325,-0.013193813,-0.007606126,-0.0034523374,0,-0,0,-0,0,-0,0,-0,0,-0,0.00088192571
2013-06-17,0,0,0.88136266,0.00024960859,0.13773843,-0.002329072,-0.0041360294,-0.0046514032,-0.0026891578,0,-0,0,-0,0,-0,0,-0,0,-0,-0.0008811486
2013-06-18,0,0,-0.42845366,-0.00040173557,0.13085357,0.0057450443,0.0082644628,0.011463389,0.0068855932,0,0,0,0,0,0,0,0,0,0,0.0080929653
2013-06-19,0,0,-1.3044917,0.00070468375,0.13808435,-0.0051453563,-0.0090909091,-0.010289124,-0.00607435,0,-0,0,-0,0,-0,0,-0,0,-0,-0.0049917662
2013-06-20,0,0,-1.3584701,0.0036045382,0.13901842,-0.013745884,-0.020254357,-0.027785114,-0.0075181758,0,-0,0,-0,0,-0,0,-0,0,-0,-0.024049651
2013-06-21,0,0,-2.5135151,0.0083357155,0.14821568,0.00069997846,0.004995005,0.0014227865,0.0099901806,0,0,0,0,0,0,0,0,0,0,-0.015103339
2013-06-24,0,0,-0.61627365,0.0020004607,0.14988669,-0.011385607,-0.024293505,-0.022728491,-0.012101722,0,-0,0,-0,0,-0,0,-0,0,-0,-0.0095238095
2013-06-25,0,0,0.53310195,0.0053533298,0.15106094,-0.0047930283,-0.0051282051,-0.0096111839,-0.0021528525,0,-0,0,-0,0,-0,0,-0,0,-0,-0.0073880921
2013-06-26,1,1,1.2186782,-0.001261987,0.14812213,-0.011610873,-0.020294267,-0.023023131,-0.011696406,2,-0.020794267,2,-0.020794267,2,-0.020794267,1,-0.012110873,2,-0.023792811,-0.0030100701
2013-06-27,1,1,2.3715209,-0.0025847784,0.146822,0.017065771,0.033872599,0.033691641,0.01471151,2,0.033372599,2,0.033372599,2,0.033372599,1,0.016565771,2,0.02902302,0.030520942
2013-06-28,0,0,0.43158585,-0.0032368989,0.18949126,0.010465363,0.018950437,0.020874172,0.0094162743,0,0,0,0,0,0,0,0,0,0,0.013210462
2013-07-01,0,0,-1.041304,-0.0036983585,0.20111122,0.0076882291,0.01600388,0.015508851,0.0019536121,0,0,0,0,0,0,0,0,0,0,-0.00084117554
2013-07-02,0,0,-0.11021388,0.0016425936,0.20038954,-0.0034113572,-0.0056980057,-0.0068052138,-0.0039708802,0,-0,0,-0,0,-0,0,-0,0,-0,-0.00084188371
2013-07-03,0,0,-0.040085131,0.00202896,0.20064707,-0.017494862,-0.029836381,-0.035011864,-0.016868171,0,-0,0,-0,0,-0,0,-0,0,-0,-0.018115751
2013-07-04,0,0,0.59702391,-0.00077664318,0.20532047,0.0040667808,0.012877662,0.0081148898,0.0050556117,0,0,0,0,0,0,0,0,0,0,0.0063824082
2013-07-05,1,0,1.1515673,0.00023963366,0.20604525,-0.0097919865,-0.025480769,-0.019451162,-0.010178542,0,-0,0,-0,0,-0,0,-0,2,-0.020757083,-0.0029844383
2013-07-08,0,0,-2.0138815,-0.0019644635,0.19605439,-0.0062238438,-0.012406948,-0.012494614,-0.0073461116,0,-0,0,-0,0,-0,0,-0,0,-0,-0.0099422707
2013-07-09,0,0,0.7771831,0.00012183705,0.19557564,0.0018228608,0.0064612326,0.0036204877,0.0010562339,0,0,0,0,0,0,0,0,0,0,0.0088543354
2013-07-10,0,0,-0.30946358,-0.0013066735,0.1986635,-0.0090335685,-0.015308642,-0.018045916,-0.0063514764,0,-0,0,-0,0,-0,0,-0,0,-0,-0.0078668522
2013-07-11,1,0,2.2334653,0.002579359,0.19807883,0.01858144,0.041055718,0.036586003,0.022600528,0,0,0,0,0,0,0,0,2,0.044801057,0.034899401
2013-07-12,0,0,-2.6439972,-0.0026028689,0.22647115,-0.0024064871,-0.012206573,-0.0048309179,-0.0023018744,0,-0,0,-0,0,-0,0,-0,0,-0,-0.0060981966
2013-07-15,0,0,-0.43809059,-0.0014726727,0.22664744,0.0024122922,0.006175772,0.0048245844,0.0028012358,0,0,0,0,0,0,0,0,0,0,0.0024122922
2013-07-16,0,0,-0.24263346,0.0012844006,0.22682569,-0.0055883428,-0.0089664936,-0.011158037,-0.0056696795,0,-0,0,-0,0,-0,0,-0,0,-0,-0.0039236202
2013-07-17,1,0,1.151509,1.4955899e-05,0.22456839,0.0083407648,0.016129032,0.016661427,0.0089845038,0,0,0,0,0,0,0,0,2,0.017569008,0.0095588235
2013-07-18,0,0,-1.1345326,0.001269887,0.22765124,-0.0065621582,-0.008466604,-0.013138686,-0.0047933139,0,-0,0,-0,0,-0,0,-0,0,-0,-0.0076474873
2013-07-19,0,0,-0.18858896,0.0013416298,0.21589032,-0.0046482478,-0.0066162571,-0.0092616681,-0.0060777791,0,-0,0,-0,0,-0,0,-0,0,-0,-0.00089121887
2013-07-22,1,0,1.0022584,0.0025399226,0.20825381,-0.0020882276,-0.0028275212,-0.0041554124,-0.00057537399,0,-0,0,-0,0,-0,0,-0,2,-0.001550748,0.00299087
2013-07-23,1,1,1.0994827,-0.0033439243,0.20149744,0.011479858,0.021126761,0.022901161,0.0082168261,1.4888527,0.015695772,2,0.020626761,2,0.020626761,1,0.010979858,2,0.016033652,0.014072718
2013-07-24,0,0,0.24360585,-0.00038331185,0.20256707,0.0043870968,0.007816092,0.0087782712,0.0049876323,0,0,0,0,0,0,0,0,0,0,0.0039207594
2013-07-25,0,0,-0.16513642,-0.00060393012,0.20203204,0.0025759918,0.004587156,0.0051652893,0.0024280685,0,0,0,0,0,0,0,0,0,0,0
2013-07-26,0,0,-0.08657033,0.0017005639,0.17461023,-0.0018947153,-0.0036264733,-0.0037762809,-0.00096758587,0,-0,0,-0,0,-0,0,-0,0,-0,0.0015930113
2013-07-29,0,0,-0.56693822,0.0020284103,0.16747586,-0.0026688565,-0.004109589,-0.0053396314,-0.0035165724,0,-0,0,-0,0,-0,0,-0,0,-0,-0.0030270381
2013-07-30,0,0,0.79184235,0.0034592301,0.16752017,0.0053948518,0.01652134,0.010772545,0.0081043845,0,0,0,0,0,0,0,0,0,0,0.0069987649
2013-07-31,0,0,-0.4999504,0.00016629125,0.16961034,-0.0010747735,-0.0027149321,-0.0021527422,-0.0015299754,0,-0,0,-0,0,-0,0,-0,0,-0,-0.0025551922
2013-08-01,0,0,0.33490079,-0.00080347752,0.15543214,0.0011272224,0.0022675737,0.0022545604,0.0022550638,0,0,0,0,0,0,0,0,0,0,0.0010759299
2013-08-02,0,0,0.22645757,-0.0043171906,0.15402992,-0.0012716175,-0.0049107143,-0.0025276781,-0.006772099,0,-0,0,-0,0,-0,0,-0,0,-0,0.0049132504
2013-08-05,0,0,-0.69589712,0.000194178,0.15146367,-0.0034192396,-0.0036101083,-0.0068524674,-0.0026916278,0,-0,0,-0,0,-0,0,-0,0,-0,-0.0054494525
2013-08-06,0,0,-0.20746267,0.00063914292,0.14750125,-0.0085601517,-0.015461573,-0.017136993,-0.0042364333,0,-0,0,-0,0,-0,0,-0,0,-0,-0.0095247849
2013-08-07,0,0,-1.3024718,-0.0015131358,0.14928779,-0.0080116533,-0.014519906,-0.016123966,-0.0080905488,0,-0,0,-0,0,-0,0,-0,0,-0,-0.014166063
2013-08-08,1,1,1.3592579,-0.001961485,0.16236042,0.00099523336,0,0.0019880716,-0.00053383706,1.8477409,-0.0003484667,2,-0.0005,2,-0.0005,1,0.00049523336,2,-0.0014676741,0.0022026432
2013-08-09,0,0,-0.48891834,0.00012034384,0.11432804,-0.00062728698,0.00047370914,-0.0012532637,-0.0015605109,0,0,0,0,0,0,0,0,0,-0,0.00041862899
2013-08-12,0,0,0.14778771,0.00035953638,0.11306803,0.0040360625,0.0095283468,0.008089085,0.0040775979,0,0,0,0,0,0,0,0,0,0,0.0019353489
2013-08-13,1,1,1.501759,-0.0031226989,0.11298837,0.01255797,0.025352113,0.025068914,0.012730537,2,0.024852113,2,0.024852113,2,0.024852113,1,0.01205797,2,0.025061074,0.014460976
2013-08-14,0,0,-0.44921383,-0.0024700659,0.12744049,0.0061703003,0.0077448747,0.012330456,0.0065269944,0,0,0,0,0,0,0,0,0,0,0.0069987649
2013-08-16,0,0,0.10836933,-0.0014371365,0.1232348,0.0073806452,0.015675426,0.014909811,0.0085383619,0,0,0,0,0,0,0,0,0,0,-0.0025551922
2013-08-19,0,0,-0.019349192,-4.9880698e-05,0.11955617,0.0022582632,0.0027334852,0.0045244216,0.00052259206,0,0,0,0,0,0,0,0,0,0,0.00051234758
2013-08-20,0,0,-0.094650441,0.00020115954,0.11856188,-0.0096772533,-0.018815971,-0.019455656,-0.011452998,0,-0,0,-0,0,-0,0,-0,0,-0,-0.014799263
2013-08-21,0,0,-0.23939634,0.0026460227,0.13142878,-0.014056746,-0.028850628,-0.028055282,-0.012180218,0,-0,0,-0,0,-0,0,-0,0,-0,-0.012006861
2013-08-22,0,0,-1.8851751,0.0018948072,0.12655166,0.00068991137,0.00048875855,0.001392012,0.0018338682,0,0,0,0,0,0,0,0,0,0,-0.007996633
2013-08-23,0,0,0.5896051,-0.0028572515,0.12763581,0.0071266431,0.015972894,0.014188124,0.0049551968,0,0,0,0,0,0,0,0,0,0,0.011773441
2013-08-26,0,0,0.25963109,-0.0022069065,0.13695974,0.0090504839,0.017094017,0.018065998,0.0061422546,0,0,0,0,0,0,0,0,0,0,0.011007443
2013-08-27,0,0,-0.019928917,-0.00085331159,0.14189339,0.0026024046,0.001875293,0.0052252064,0.0023660915,0,0,0,0,0,0,0,0,0,0,-0.0012961427
2013-08-28,0,0,-0.79462901,0.001836533,0.14078473,0.01332494,0.028243179,0.026933885,0.01223733,0,0,0,0,0,0,0,0,0,0,0.0027513887
2013-08-29,0,0,0.612195,-0.00050535313,0.13648023,0.013545652,0.026914153,0.027054936,0.0087964652,0,0,0,0,0,0,0,0,0,0,0.014909919
2013-08-30,1,0,1.390595,0.00068215753,0.1442591,0.003963616,0.0053715309,0.0078971348,0.0048698707,0,0,0,0,0,0,0,0,2,0.0093397413,0.0078045297
2013-09-02,0,0,0.35459985,-0.00041945617,0.14941657,-0.00055707485,0.002676182,-0.0011147707,-0.002066362,0,0,0,0,0,0,0,0,0,-0,-0.0011135294
2013-09-03,1,1,1.297769,-5.8489706e-05,0.14972666,-0.0010586812,-0.0026420079,-0.0021066359,-0.0015053678,2,-0.0031420079,2,-0.0031420079,2,-0.0031420079,1,-0.0015586812,2,-0.0034107356,0.0040537117
2013-09-04,0,0,-1.3782641,0.0012691855,0.14906234,0.00060639749,0.0048780488,0.0012143905,0.0029832936,0,0,0,0,0,0,0,0,0,0,-0.00070653545
2013-09-05,0,0,0.26774093,-0.0020784273,0.14700588,0.0065849,0.013146363,0.013108521,0.0037054557,0,0,0,0,0,0,0,0,0,0,0.01131256
2013-09-06,0,0,0.15317596,-0.00059444138,0.13447028,0.0027461554,0.0051903114,0.0054914882,0.00094113956,0,0,0,0,0,0,0,0,0,0,0.0028963795
2013-09-09,1,1,1.1831445,-0.00011238983,0.13446811,0.0050096721,0.0093936806,0.0099807303,0.0063942608,2,0.0088936806,2,0.0088936806,2,0.0088936806,1,0.0045096721,2,0.012388522,0.008913011
2013-09-10,0,0,-1.1059029,-0.00056592627,0.13730921,0.0086614173,0.018979334,0.01727353,0.0099760266,0,0,0,0,0,0,0,0,0,0,0.011548712
2013-09-11,0,0,-0.98944585,0.00083667019,0.14087616,0.00087621087,0.0045379538,0.0017484216,0.0038258474,0,0,0,0,0,0,0,0,0,0,0.0031713505
2013-09-12,0,0,-0.49302737,-0.00082435454,0.12998325,0.00019435402,-0.0036794767,0.00038833066,-0.00030487805,0,0,0,0,0,0,0,0,0,-0,0.0011672584
2013-09-13,0,0,-0.87474384,0.0039164624,0.1296351,-0.0040367686,-0.0016549441,-0.0080829722,-0.00061305031,0,-0,0,-0,0,-0,0,-0,0,-0,-0.0051979597
2013-09-16,1,1,2.1367123,-0.0001814742,0.13179465,0.0017903803,0.0024370431,0.0035484799,0.0017463933,2,0.0019370431,2,0.0019370431,2,0.0019370431,1,0.0012903803,2,0.0030927866,0.010987401
2013-09-17,0,0,-1.5734418,0.0015892474,0.13501055,-0.0043026348,-0.006504065,-0.0086127643,-0.002393708,0,-0,0,-0,0,-0,0,-0,0,-0,-0.0051683331
2013-09-23,0,0,-2.0565208,0.0043835099,0.12105801,0.0010669771,0.0032733224,0.0021315764,0.0052744229,0,0,0,0,0,0,0,0,0,0,0.0021848903
2013-09-24,0,0,-0.51953192,0.00038352572,0.10909388,0.0033080366,0.0099009901,0.0066435445,0.0037426007,0,0,0,0,0,0,0,0,0,0,-0.00082360351
2013-09-25,0,0,-0.05890036,0.0037890892,0.099904832,-0.0082244799,-0.015077425,-0.016412435,-0.0036963646,0,-0,0,-0,0,-0,0,-0,0,-0,-0.0060124127
2013-09-26,0,0,-0.50332199,0.0018358448,0.10092764,0.010300723,0.021603656,0.020617549,0.0080202617,0,0,0,0,0,0,0,0,0,0,0.0095121951
2013-09-27,0,0,0.12138893,0.0037666464,0.098528327,-0.0010606499,-0.003236246,-0.0021165039,-0.0015189489,0,-0,0,-0,0,-0,0,-0,0,-0,0.0012080213
2013-09-30,0,0,-0.83734135,0.0023151259,0.098142125,-0.0015067561,-0.0032908268,-0.0030350499,-0.0024850895,0,-0,0,-0,0,-0,0,-0,0,-0,-0.008542471
2013-10-01,1,1,1.0537521,-0.001917793,0.10520607,0.0027781839,0.0074565037,0.0055634181,0.0015320974,2,0.0069565037,2,0.0069565037,2,0.0069565037,1,0.0022781839,2,0.0026641949,0.0015090298
2013-10-02,0,0,0.76740515,-0.0011398273,0.098424546,-0.0068060047,-0.011783828,-0.013518696,-0.0058841394,0,-0,0,-0,0,-0,0,-0,0,-0,9.7210071e-05
2013-10-04,1,1,1.808674,-0.0036910948,0.092413673,-0.0015067561,-0.0016440608,-0.0030138052,-0.0018683037,2,-0.0021440608,2,-0.0021440608,2,-0.0021440608,1,-0.0020067561,2,-0.0041366073,-0.0016038103
2013-10-07,0,0,-0.93230101,-0.0017194937,0.091385503,-0.0015067561,-0.0045193098,-0.0030089784,-0.00030542511,0,-0,0,-0,0,-0,0,-0,0,-0,0
2013-10-08,0,0,0.26480533,0.0010376866,0.091407294,0.0072594397,0.014078675,0.014531623,0.0083924123,0,0,0,0,0,0,0,0,0,0,0.006376868
2013-10-10,1,0,1.3525751,0.00054976768,0.091816272,-0.0024684188,-0.003677973,-0.0049399458,0.00026633185,0,-0,0,-0,0,-0,0,-0,2,0.0001326637,-0.0030956757
2013-10-11,0,0,-0.84524604,-0.00041320823,0.087769958,0.0078838573,0.018145161,0.015623511,0.0043742223,0,0,0,0,0,0,0,0,0,0,0.017273168
2013-10-14,0,0,-0.7754063,0.0034857642,0.096823507,-0.0023823137,-0.0019817677,-0.0047596383,-0.0026639652,0,-0,0,-0,0,-0,0,-0,0,-0,-0.0013354956
2013-10-15,1,1,1.4349703,-0.00040965825,0.091607787,0.0034700765,0.0035335689,0.0069076457,0.0042931273,2,0.0030335689,2,0.0030335689,2,0.0030335689,1,0.0029700765,2,0.0081862545,0.0082147292
2013-10-16,0,0,0.84811234,0.00079887112,0.091826559,-0.00094585008,-0.0011686794,-0.0018885741,-0.0024914473,0,-0,0,-0,0,-0,0,-0,0,-0,0.00071056371
2013-10-17,0,0,0.33256294,-0.0010588853,0.092336476,-0.0020208666,-0.0050057759,-0.0040128785,-0.0037324464,0,-0,0,-0,0,-0,0,-0,0,-0,0.0052071006
2013-10-18,0,0,-0.10558893,0.00042343645,0.093180418,0.00037537538,0.0038491147,0.00074804806,0.0026986063,0,0,0,0,0,0,0,0,0,0,0.0040028255
2013-10-21,0,0,-0.68187972,-0.0010236225,0.090696771,-0.0009361981,-0.0026778883,-0.001868635,-0.0012152458,0,-0,0,-0,0,-0,0,-0,0,-0,0.0010787992
2013-10-22,0,0,-0.54702848,0.0017344138,0.083412704,0,0.0026892048,0,0.0013296399,0,0,0,0,0,0,0,0,0,0,0
2013-10-23,0,0,-0.022123734,-0.0014450393,0.0803598,-0.012816315,-0.027883881,-0.02558954,-0.014450655,0,-0,0,-0,0,-0,0,-0,0,-0,-0.011151197
2013-10-24,0,0,0.41933094,0.00088368243,0.092610781,0.003127221,0.0074656189,0.0062544421,0.0056374837,0,0,0,0,0,0,0,0,0,0,0.003127221
2013-10-25,0,0,-0.45540005,-0.0011965527,0.093435647,-0.00765017,-0.014453125,-0.015296728,-0.0070893029,0,-0,0,-0,0,-0,0,-0,0,-0,-0.0074158046
2013-10-28,0,0,-0.22104293,-0.0011132863,0.095088761,0.0062669135,0.013002364,0.012504737,0.0066427825,0,0,0,0,0,0,0,0,0,0,0.0086133054
2013-10-29,0,0,-0.50204501,-0.001228383,0.0977199,0.0057666856,0.01171875,0.011554672,0.0028942486,0,0,0,0,0,0,0,0,0,0,0.0039160179
2013-10-30,0,0,-0.39594475,0.0032894362,0.097737153,0.00056211355,0.0019223376,0.0011205528,0.0026595745,0,0,0,0,0,0,0,0,0,0,0.0038537457
2013-10-31,0,0,-0.73354918,0.001152338,0.092010556,-0.010302973,-0.019006982,-0.020707262,-0.011920187,0,-0,0,-0,0,-0,0,-0,0,-0,-0.015121723
2013-11-01,1,1,1.6203486,-0.0027069375,0.11340096,0.0027095118,0.00039339103,0.0054190236,0.0021263896,2,-0.00010660897,2,-0.00010660897,2,-0.00010660897,1,0.0022095118,2,0.0038527792,0.0027095118
2013-11-04,0,0,-1.2526529,-0.0017975723,0.11500657,-0.005417736,-0.012248123,-0.010862315,-0.0048155891,0,-0,0,-0,0,-0,0,-0,0,-0,-0.0078695364
2013-11-05,0,0,-0.1673974,-0.0042470036,0.11918482,-0.0050669216,-0.0104,-0.01013772,-0.0075661098,0,-0,0,-0,0,-0,0,-0,0,-0,-0.0054472477
2013-11-06,0,0,0.511151,-0.0023893977,0.12178513,0.002454283,0.0040567951,0.0049166104,-0.0020365063,0,0,0,0,0,0,0,0,0,-0,0.00081675795
2013-11-07,0,0,-0.56577656,0.00055955349,0.12086302,-0.0063443238,-0.016545601,-0.012703912,-0.005175475,0,-0,0,-0,0,-0,0,-0,0,-0,-0.0075368441
2013-11-08,0,0,-0.75855417,0.0020716175,0.12218437,-0.00068176284,-0.00083263947,-0.0013728182,-0.0016860175,0,-0,0,-0,0,-0,0,-0,0,-0,-0.0074005998
2013-11-11,0,0,-0.19179724,0.00017120397,0.11768719,-0.004127015,-0.0062189055,-0.008224082,-0.0075913634,0,-0,0,-0,0,-0,0,-0,0,-0,-0.00048730569
2013-11-12,0,0,0.96618833,-0.0013413613,0.11764363,0.0057462868,0.016270338,0.011479158,0.0061253398,0,0,0,0,0,0,0,0,0,0,0.0069231144
2013-11-13,0,0,-0.16535819,-0.0014443247,0.11505907,-0.017355051,-0.032231405,-0.034752221,-0.016690801,0,-0,0,-0,0,-0,0,-0,0,-0,-0.018544521
2013-11-14,1,1,1.4984572,-0.0021918074,0.12992692,-0.0027901513,-0.0042105263,-0.0055372061,-0.0080221088,2,-0.0047105263,2,-0.0047105263,2,-0.0047105263,1,-0.0032901513,2,-0.016444218,0.0050320671
2013-11-15,1,1,1.444227,-0.0014662785,0.12806178,0.01454581,0.028882378,0.02892923,0.014281327,2,0.028382378,2,0.028382378,2,0.028382378,1,0.01404581,2,0.028162654,0.020272924
2013-11-18,0,0,0.57264547,-3.9867194e-05,0.15234627,-0.0023949801,-0.0044354839,-0.0047689446,-0.0013188635,0,-0,0,-0,0,-0,0,-0,0,-0,0.002020688
2013-11-19,0,0,0.19744435,-0.00031371308,0.15310683,0.012352206,0.025974026,0.024729372,0.011214318,0,0,0,0,0,0,0,0,0,0,0.011331445
2013-11-20,0,0,-0.43479427,0.0009329085,0.15855841,-0.0059419119,-0.011517077,-0.011898529,-0.0060247727,0,-0,0,-0,0,-0,0,-0,0,-0,-0.0071689693
2013-11-21,0,0,-0.19450385,0.00059171797,0.15606677,-0.013132039,-0.028629032,-0.026323374,-0.01079001,0,-0,0,-0,0,-0,0,-0,0,-0,-0.015350038
2013-11-22,0,0,0.07931438,-0.0016018553,0.16070497,0.0026591887,0.0045137464,0.0052948255,0.0017463933,0,0,0,0,0,0,0,0,0,0,0.0071390413
2013-11-25,1,1,1.3354964,-0.0030390848,0.16146461,0.0032163602,0.0076985413,0.0064041292,-0.0024073726,1.8579923,0.0065620372,2,0.0071985413,2,0.0071985413,1,0.0027163602,2,-0.0052147452,0.0077153052
2013-11-26,0,0,-1.2116031,0.00072595497,0.15948357,0.0094321463,0.020833333,0.018972026,0.0084842057,0,0,0,0,0,0,0,0,0,0,0.0037324146
2013-11-27,0,0,-1.1662302,0.00094605195,0.16008956,0.0072231524,0.015763945,0.014495536,0.0070491556,0,0,0,0,0,0,0,0,0,0,0.0038138825
2013-11-28,1,1,1.287947,-0.0012333552,0.15973199,0.003356974,0.0070810386,0.0066842403,0.0033482143,1.878146,0.0061272464,2,0.0065810386,2,0.0065810386,1,0.002856974,2,0.0062964286,0.0078362462
2013-11-29,0,0,-0.19661256,-0.0035804973,0.15196369,0.002976753,0.0019607843,0.0059695836,-0.00014836245,0,0,0,0,0,0,0,0,0,-0,0.0002827388
2013-12-02,0,0,0.94923753,-0.0014301353,0.15038948,-0.010104333,-0.014464425,-0.020160345,-0.01072168,0,-0,0,-0,0,-0,0,-0,0,-0,-0.0077260093
2013-12-03,0,0,-0.72461653,-0.0020157344,0.15024527,-0.0062517896,-0.011632571,-0.012568961,-0.0067506751,0,-0,0,-0,0,-0,0,-0,0,-0,-0.011394388
2013-12-04,0,0,-1.205242,-0.00039448215,0.15323897,-0.0069481303,-0.014754098,-0.013962282,-0.0072516041,0,-0,0,-0,0,-0,0,-0,0,-0,-0.011621764
2013-12-05,1,1,1.1743257,-0.0028249071,0.1597355,-0.0030578071,-0.0087136929,-0.0061090909,-0.0053333333,1.8781047,-0.0085242671,2,-0.0092136929,2,-0.0092136929,1,-0.0035578071,2,-0.011066667,-0.0019921287
2013-12-06,0,0,0.4250912,-0.00030996913,0.15898039,0,0.0016757436,0,-0.0012641741,0,0,0,0,0,0,0,0,0,-0,0
2013-12-09,1,0,1.3801843,0.00045465051,0.15437196,-0.00043371404,-0.0012290045,-0.00085869669,0.00068306011,0,-0,0,-0,0,-0,0,-0,2,0.00096612022,0.0098344693
2013-12-10,0,0,-0.51667496,0.00044679807,0.15940182,-0.002555202,-0.0061601643,-0.005110404,-0.0033010814,0,-0,0,-0,0,-0,0,-0,0,-0,-0.002555202
2013-12-11,0,0,-0.67768155,7.4530287e-05,0.15607804,-0.0066980537,-0.010025063,-0.013452259,-0.0045464965,0,-0,0,-0,0,-0,0,-0,0,-0,-0.01082701
2013-12-12,0,0,-0.27307632,0.00030109215,0.14418999,0.0041222947,0.0029838022,0.008280349,0.00038617494,0,0,0,0,0,0,0,0,0,0,-0.00019545566
2013-12-13,0,0,-0.40946144,0.0051854001,0.14582344,-0.0075309306,-0.0085215168,-0.015070705,-0.00096790429,0,-0,0,-0,0,-0,0,-0,0,-0,-0.0081129955
2013-12-16,0,0,-0.45856637,0.00014529702,0.12055164,0.0015291274,0.0064766839,0.0030615772,0.00077609624,0,0,0,0,0,0,0,0,0,0,0.00044345898
2013-12-17,1,1,1.5966931,-0.00080976331,0.11951641,-0.004053922,-0.0059121622,-0.0080410773,-0.0059553541,2,-0.0064121622,2,-0.0064121622,2,-0.0064121622,1,-0.004553922,2,-0.012310708,0.00428487
2013-12-18,1,1,1.2923632,-0.0011950968,0.11253674,0.0047024247,0.013593883,0.009393806,0.001386642,2,0.013093883,2,0.013093883,2,0.013093883,1,0.0042024247,2,0.002373284,0.0058849492
2013-12-19,1,1,1.0176101,-0.0007687424,0.11210741,-0.011483715,-0.025061627,-0.0227327,-0.01124791,2,-0.025561627,2,-0.025561627,2,-0.025561627,1,-0.011983715,2,-0.02289582,-0.0011701038
2013-12-20,0,0,-0.40227286,0.00071127447,0.10312952,0.0032236007,0.0084388186,0.0064512976,0.0054646912,0,0,0,0,0,0,0,0,0,0,0.0025870064
2013-12-23,0,0,0.82944286,-0.0017965655,0.10150741,0.0045513969,0.0070480929,0.0090532601,0.0017505137,0,0,0,0,0,0,0,0,0,0,0.010077897
2013-12-24,0,0,-0.33852289,0.00029677219,0.10362032,0.00038478188,0.0012295082,0.00076793856,-0.00053086607,0,0,0,0,0,0,0,0,0,-0,0.0025063865
2013-12-26,0,0,-0.2343157,0.0020619888,0.10257554,-0.0033592475,-0.007751938,-0.0067059443,-0.0026530226,0,-0,0,-0,0,-0,0,-0,0,-0,-0.0014904563
2013-12-27,0,0,-1.4860743,0.0045187016,0.10162845,0.0069297401,0.01352459,0.013851481,0.0032384653,0,0,0,0,0,0,0,0,0,0,0.0075115562
2013-12-30,0,0,0.17835325,0.0094932294,0.094337388,0.00061919505,-0.0024086712,0.0012342163,0.002618099,0,0,0,0,0,0,0,0,0,0,0.0040145288
2014-01-02,0,0,-0.51086621,0.0092224437,0.095772008,-0.030300152,-0.056845476,-0.060462472,-0.025383015,0,-0,0,-0,0,-0,0,-0,0,-0,-0.028084539
2014-01-03,0,0,0.51328863,0.0019007553,0.12673151,-0.0093091622,-0.020408163,-0.018625625,-0.0099980549,0,-0,0,-0,0,-0,0,-0,0,-0,-0.0096973259
2014-01-06,0,0,0.19406889,-0.0007157776,0.12869623,0.0025713297,0.0047701648,0.0051418966,0.0027875932,0,0,0,0,0,0,0,0,0,0,0.0027200791
2014-01-07,0,0,-0.71211573,-0.00093857486,0.12360552,0.0065330364,0.01790393,0.013111497,0.0056967744,0,0,0,0,0,0,0,0,0,0,0.0030579531
2014-01-08,0,0,0.016824627,-0.00098643686,0.12417429,-0.0024036103,-0.0064020487,-0.0047956937,-0.004243722,0,-0,0,-0,0,-0,0,-0,0,-0,0
2014-01-09,0,0,0.49186978,-0.0016834693,0.12415857,-0.0046740467,-0.010738832,-0.0093536159,-0.010263014,0,-0,0,-0,0,-0,0,-0,0,-0,-0.0052613463
2014-01-10,0,0,0.32264479,-0.0023228306,0.1176569,-0.0037737723,-0.010475775,-0.0075818037,-0.0061798858,0,-0,0,-0,0,-0,0,-0,0,-0,-0.0082550667
2014-01-13,1,1,1.0780146,-0.0023465972,0.11782693,0.0035779953,0.0065789474,0.0071347173,0.00098491116,2,0.0060789474,2,0.0060789474,2,0.0060789474,1,0.0030779953,2,0.0015698223,0.0065792753
2014-01-14,0,0,0.86665821,0.00029780566,0.11896765,0.0014399921,0.0021901007,0.0028880147,0.0026450849,0,0,0,0,0,0,0,0,0,0,-0.0013369646
2014-01-15,0,0,0.054926934,-0.0021419504,0.11777541,-0.0020230929,-0.0047577855,-0.0040267138,-0.0030917345,0,-0,0,-0,0,-0,0,-0,0,-0,0.0028262594
2014-01-16,0,0,-0.080566878,-0.0011050845,0.11803733,0.0022194821,0.0043271311,0.0044280443,-0.00027404768,0,0,0,0,0,0,0,0,0,-0,0.004697157
2014-01-17,0,0,0.28747973,-0.00089465995,0.11854748,-0.0077385647,-0.01553063,-0.01550158,-0.0081396259,0,-0,0,-0,0,-0,0,-0,0,-0,-0.0093011811
2014-01-20,0,0,0.678985,-0.0015838781,0.12019587,0.0068605518,0.014053579,0.013732026,0.0045336277,0,0,0,0,0,0,0,0,0,0,0.006060305
2014-01-21,0,0,0.13003185,0.0013963168,0.12050181,0.0066061921,0.015611448,0.013192222,0.0051366506,0,0,0,0,0,0,0,0,0,0,0.0081469412
2014-01-22,0,0,-1.1930658,0.0016652299,0.12290362,0.0010805501,0.003003003,0.0021672742,0.0052790052,0,0,0,0,0,0,0,0,0,0,-0.0017631502
2014-01-23,0,0,-0.58689333,-0.00023585728,0.12234051,-0.010980392,-0.024327785,-0.021941424,-0.011607978,0,-0,0,-0,0,-0,0,-0,0,-0,-0.010106957
2014-01-24,0,0,0.28066909,-0.00052603623,0.12549004,-0.00049768576,-0.00088183422,-0.00099950025,-0.00015814652,0,-0,0,-0,0,-0,0,-0,0,-0,-0.004609437
2014-01-27,0,0,-2.3637436,0.0055998908,0.12505118,0.0002016129,0.0031760436,0.00040822575,0.0029409395,0,0,0,0,0,0,0,0,0,0,-0.011900612
2014-01-28,0,0,0.09635817,0.00082192556,0.13393556,0.0060685749,0.013661202,0.012180268,0.0057549903,0,0,0,0,0,0,0,0,0,0,0.0025196533
2014-01-29,0,0,0.36087515,0.00055691946,0.13548632,0.0068575433,0.013386881,0.013657661,0.0070885269,0,0,0,0,0,0,0,0,0,0,0.011108877
2014-02-03,0,0,-0.98723004,0.00034512118,0.14355924,-0.0073496325,-0.014692787,-0.014783527,-0.0054103513,0,-0,0,-0,0,-0,0,-0,0,-0,-0.012975391
2014-02-04,0,0,-0.59856597,0.0016044754,0.12127999,-0.0083999389,-0.016158818,-0.016982297,-0.005110318,0,-0,0,-0,0,-0,0,-0,0,-0,-0.018938249
2014-02-05,0,0,0.47563325,-0.0021828855,0.13090144,-0.0011742482,-0.0018587361,-0.0023354996,-0.003039021,0,-0,0,-0,0,-0,0,-0,0,-0,0.0044152377
2014-02-06,1,1,1.2370533,-0.00020240757,0.13056792,0.0045848192,0.01065308,0.0091389115,0.0066418273,2,0.01015308,2,0.01015308,2,0.01015308,1,0.0040848192,2,0.012883655,0.0079738295
2014-02-07,0,0,0.45849761,-0.00291769,0.13682321,0.0018639798,0.0018099548,0.0037037037,-0.00071801827,0,0,0,0,0,0,0,0,0,-0,0.0084685598
2014-02-10,0,0,-1.3288386,-0.00062629032,0.14074097,-0.0020066219,-0.0040467626,-0.0040038036,-0.002906051,0,-0,0,-0,0,-0,0,-0,0,-0,0.00035198874
2014-02-11,0,0,-0.19505385,-0.0017127615,0.1380604,0.0053362867,0.017257039,0.010688716,0.0051079452,0,0,0,0,0,0,0,0,0,0,0.0038202473
2014-02-12,0,0,-0.14902554,-0.0017766803,0.13889927,-0.0024910323,-0.0022153301,-0.0049568752,-0.0038690829,0,-0,0,-0,0,-0,0,-0,0,-0,0.0026039059
2014-02-13,0,0,0.010138556,-0.00048753092,0.13702771,-0.0071439277,-0.016437139,-0.014291425,-0.0055474105,0,-0,0,-0,0,-0,0,-0,0,-0,-0.0073918689
2014-02-14,0,0,-0.50871782,-0.00051145868,0.13817312,0.0087270539,0.017512348,0.01739826,0.005410136,0,0,0,0,0,0,0,0,0,0,0.011975445
2014-02-17,0,0,0.97199644,0.0020147554,0.14029216,-0.0037086486,-0.010021786,-0.0073768073,-0.0027130107,0,-0,0,-0,0,-0,0,-0,0,-0,0.0017899761
2014-02-18,0,0,-0.046204326,0.00081879991,0.14063569,-0.00044669446,0.0017628911,-0.00089338892,-0.00011825456,0,0,0,0,0,0,0,0,0,-0,-0.00044669446
2014-02-19,0,0,-0.6239348,-0.0010638822,0.13808204,-0.0026377345,-0.0053097345,-0.0052875742,-0.0016972568,0,-0,0,-0,0,-0,0,-0,0,-0,-0.0049158349
2014-02-20,0,0,-0.89994836,0.00096137765,0.13702086,-0.0024531891,-0.0008988764,-0.0049226442,-0.001551683,0,-0,0,-0,0,-0,0,-0,0,-0,-0.005738523
2014-02-21,1,1,2.0326901,-0.003471514,0.13730203,0.0084213674,0.016400709,0.016723566,0.0062689745,2,0.015900709,2,0.015900709,2,0.015900709,1,0.0079213674,2,0.012137949,0.01565872
2014-02-24,0,0,0.22464,-0.0019874401,0.15110775,-0.0028182942,-0.0056768559,-0.0056399347,-0.0048579824,0,-0,0,-0,0,-0,0,-0,0,-0,-0.0034095963
2014-02-25,0,0,0.37341074,0.0010443237,0.14462986,0.0024152208,0.0060816681,0.0048020384,0.0037998981,0,0,0,0,0,0,0,0,0,0,0.0083796113
2014-02-26,0,0,-0.019814212,-0.00084989869,0.14718637,0.0055142534,0.009965338,0.011042642,0.0046070355,0,0,0,0,0,0,0,0,0,0,0.0042287456
2014-02-27,0,0,-0.37758573,9.0315111e-05,0.13435212,0.0023523646,0.0073181231,0.0047088831,0.0047459737,0,0,0,0,0,0,0,0,0,0,0.0014689321
2014-02-28,0,0,-1.1682045,-0.0010798734,0.13433396,0.0012223146,-0.00042735043,0.0024446291,0.0016667959,0,0,0,0,0,0,0,0,0,0,0.0012223146
2014-03-03,0,0,-2.5488402,-0.0026360621,0.12878801,0,-0.00086730269,0,-0.0010134477,0,0,0,0,0,0,0,0,0,-0,-0.008301592
2014-03-04,0,0,-0.50791777,0.0028747976,0.12513299,-0.00054299536,0,-0.0010886778,-0.00047077285,0,0,0,0,0,0,0,0,0,-0,-0.0030037424
2014-03-05,0,0,0.64980492,0.0020329262,0.10422923,-0.0008313365,0.0021422451,-0.0016464094,-0.00085430258,0,0,0,0,0,0,0,0,0,-0,0.0091371561
2014-03-06,0,0,0.31505366,0.00051090534,0.10797897,0.0011748005,0.0012847966,0.0023499461,-0.00011643251,0,0,0,0,0,0,0,0,0,-0,0.0010277995
2014-03-07,0,0,0.28791577,0.00024165781,0.10379911,-0.0045844713,-0.0085070183,-0.0091461931,-0.0033306224,0,-0,0,-0,0,-0,0,-0,0,-0,-0.0021023811
2014-03-10,0,0,-1.4229536,-0.0015095835,0.10173727,-0.0076324601,-0.013466551,-0.015341978,-0.0066747336,0,-0,0,-0,0,-0,0,-0,0,-0,-0.012591867
2014-03-11,0,0,0.43033833,-0.0017153657,0.11098747,0.0020792079,0.0043917435,0.0041487628,0.0023932831,0,0,0,0,0,0,0,0,0,0,0.0044162159
2014-03-12,0,0,-0.3794158,-0.00072143977,0.11020968,-0.011749541,-0.022026432,-0.02358209,-0.013397768,0,-0,0,-0,0,-0,0,-0,0,-0,-0.015215888
2014-03-13,1,0,1.0212989,0.001708634,0.12702838,-0.0024462084,-0.0040178571,-0.0048688394,-0.0041643531,0,-0,0,-0,0,-0,0,-0,2,-0.0087287063,0.0024079462
2014-03-14,0,0,-1.1599835,0.0042076813,0.12559019,-0.00055566781,-0.0027409776,-0.0011218766,0.0018506598,0,-0,0,-0,0,-0,0,-0,0,0,-0.009858873
2014-03-17,0,0,0.45357783,0.00025144654,0.12602068,0.0039431778,0.011024345,0.0078879506,0.0041345536,0,0,0,0,0,0,0,0,0,0,0.0037402072
2014-03-18,0,0,0.59335483,0.00010804615,0.12650665,-0.0011493104,-0.0017921147,-0.0022811803,-0.00071414402,0,-0,0,-0,0,-0,0,-0,0,-0,0.0065461504
2014-03-19,0,0,-0.1268596,0.0011367103,0.12930461,-0.0051759319,-0.0066785396,-0.010298559,-0.0058937542,0,-0,0,-0,0,-0,0,-0,0,-0,0
2014-03-20,0,0,0.35118863,-0.001394641,0.12913547,-0.0076362723,-0.016726944,-0.015337269,-0.0087691327,0,-0,0,-0,0,-0,0,-0,0,-0,-0.011806494
2014-03-21,0,0,0.6777679,-0.0022849283,0.13156503,0.0039846666,0.0086718393,0.0079400975,0.0020386137,0,0,0,0,0,0,0,0,0,0,0.0076950337
2014-03-24,0,0,0.58228541,0.00081913144,0.1190526,0.0037115057,0.0067689531,0.0074107456,0.0056598509,0,0,0,0,0,0,0,0,0,0,0.0053755338
2014-03-25,0,0,-0.14025937,0.00039777252,0.12087962,0,-0.0008984726,0,-0.00015898251,0,0,0,0,0,0,0,0,0,-0,-0.0012992205
2014-03-26,1,1,1.4711568,-0.0013828395,0.11627214,0.0078560064,0.015084295,0.015614191,0.0060343128,2,0.014584295,2,0.014584295,2,0.014584295,1,0.0073560064,2,0.011668626,0.014209947
2014-03-27,0,0,0.69995939,0.00027152911,0.12670489,0.0066676545,0.012253829,0.013350475,0.0095357689,0,0,0,0,0,0,0,0,0,0,0.005525407
2014-03-28,0,0,-0.78781941,-3.973589e-05,0.12988666,0.0012772647,0.0012987013,0.0025577964,0.0041736553,0,0,0,0,0,0,0,0,0,0,0
2014-03-31,0,0,0.41671615,-0.0034259728,0.12990195,0.0021530632,-0.0038626609,0.0042947779,-0.0016631856,0,0,0,0,0,0,0,0,0,-0,0.0048081641
2014-04-01,0,0,-1.5576653,-0.0018955932,0.1266451,0.0035744014,0.0068817204,0.0071688108,0.0041492167,0,0,0,0,0,0,0,0,0,0,0.00078125
2014-04-02,0,0,0.15058523,-0.0017567167,0.12478131,-0.00087489064,-0.0012717253,-0.0017431726,-0.0016913969,0,-0,0,-0,0,-0,0,-0,0,-0,0.0029274005
2014-04-03,0,0,-0.20216127,-0.0011125664,0.12044828,-0.0010213511,-0.0025434506,-0.0020422056,-0.0025000962,0,-0,0,-0,0,-0,0,-0,0,-0,-0.00077836155
2014-04-04,0,0,-0.049744931,0.0014055824,0.12058833,0.0030655443,0.0067911715,0.0061278086,0.0010030477,0,0,0,0,0,0,0,0,0,0,0.0036027264
2014-04-07,1,0,1.368465,0.001196057,0.12046761,0.0014118793,0.0038281582,0.0028339685,0.0033200788,0,0,0,0,0,0,0,0,2,0.0062401575,-0.0021829824
2014-04-08,0,0,-0.35625755,0.0037947658,0.11243318,0.0081907269,0.018352539,0.016427908,0.008987023,0,0,0,0,0,0,0,0,0,0,0.0053478536
2014-04-09,0,0,0.12888299,0.002716543,0.11200871,-0.0016391862,-0.0016687526,-0.0032684451,0.00011486331,0,-0,0,-0,0,-0,0,-0,0,0,0.0014023889
2014-04-10,0,0,-0.42670962,-1.633867e-05,0.089250234,-0.0018267474,-0.0045586407,-0.0036370597,3.8109756e-05,0,-0,0,-0,0,-0,0,-0,0,0,0.0027042689
2014-04-11,0,0,-0.53716941,0.0030271912,0.089355543,-0.00019414648,0,-0.00039135114,0.0055191046,0,0,0,0,0,0,0,0,0,0,-0.0079464458
2014-04-14,0,0,0.81510265,-0.0001598265,0.087745891,0.004374028,0.010186757,0.0087578456,0.0018844704,0,0,0,0,0,0,0,0,0,0,0.0032525851
2014-04-15,0,0,0.5361782,-0.0034246443,0.087697342,-0.0083988995,-0.017133305,-0.016756549,-0.0094577073,0,-0,0,-0,0,-0,0,-0,0,-0,-0.0059518049
2014-04-16,0,0,-0.81358381,-0.00032447284,0.087458673,0.0031114784,0.007646559,0.0062151008,-0.00076914202,0,0,0,0,0,0,0,0,0,-0,0.0043810544
2014-04-17,0,0,-0.45081752,0.0028404083,0.086480203,-0.0052636662,-0.0088050314,-0.010489342,-0.0049816064,0,-0,0,-0,0,-0,0,-0,0,-0,-0.0016478457
2014-04-18,0,0,0.80472543,0.00028500598,0.074280107,0.0034811198,0.0079764903,0.0069340781,0.0033378093,0,0,0,0,0,0,0,0,0,0,0.0075731832
2014-04-21,0,0,0.17848267,-0.00054852211,0.073419208,-0.0014454348,-0.0016694491,-0.0028908697,-0.0033235283,0,-0,0,-0,0,-0,0,-0,0,-0,-0.0014454348
2014-04-22,0,0,-0.38322871,-0.00010725436,0.0731646,-0.00024125452,0.00083682008,-0.00048250905,0.001454991,0,0,0,0,0,0,0,0,0,0,-0.00024125452
2014-04-23,0,0,0.17781219,-0.0023780738,0.071092306,-0.0037548741,-0.0070774355,-0.0074906367,-0.0044593513,0,-0,0,-0,0,-0,0,-0,0,-0,-0.0012065637
2014-04-24,1,1,1.2469862,-0.0025896381,0.055871613,-0.0028450188,-0.004178855,-0.0056782638,-0.0038536381,2,-0.004678855,2,-0.004678855,2,-0.004678855,1,-0.0033450188,2,-0.0081072761,-0.00077313361
2014-04-25,0,0,-0.64567304,-0.0010498616,0.048853641,-0.01293354,-0.023177413,-0.02591101,-0.01307365,0,-0,0,-0,0,-0,0,-0,0,-0,-0.014604188
2014-04-28,0,0,0.65717767,-0.0011102791,0.071642501,0.0024098756,0.0047763786,0.0048302036,-0.00058377116,0,0,0,0,0,0,0,0,0,-0,0.00024537469
2014-04-29,0,0,0.19803746,-0.00023253137,0.07144141,-0.0048048637,-0.009083045,-0.0096031357,-0.0066790929,0,-0,0,-0,0,-0,0,-0,0,-0,-0.0041212835
2014-04-30,0,0,0.69303595,0.0010346161,0.071303781,-0.0053441851,-0.015190972,-0.01063726,-0.0071161923,0,-0,0,-0,0,-0,0,-0,0,-0,-0.00054192531
2014-05-02,0,0,0.29655902,-0.0018332688,0.070194555,-0.0033525613,-0.0061269147,-0.0067064451,-0.00394408,0,-0,0,-0,0,-0,0,-0,0,-0,-0.0035490708
2014-05-07,1,1,2.1244156,-0.0038190607,0.070168646,-0.010136973,-0.022007042,-0.020265929,-0.013602783,2,-0.022507042,2,-0.022507042,2,-0.022507042,1,-0.010636973,2,-0.027605566,-0.0097452387
2014-05-08,0,0,0.10416999,-0.0034594314,0.07812092,0.003943887,0.0058269834,0.0078826582,0.002092298,0,0,0,0,0,0,0,0,0,0,0.0045958637
2014-05-09,0,0,0.50792759,-0.0017746534,0.081701155,0.0004471161,0.0040178571,0.00089338892,0.00043273013,0,0,0,0,0,0,0,0,0,0,0.0013923421
2014-05-12,0,0,-0.45570027,7.803349e-05,0.081502473,0.005707196,0.012005336,0.011407598,0.0061755104,0,0,0,0,0,0,0,0,0,0,0.0063064853
2014-05-13,0,0,-0.28592986,-0.00096083952,0.084140321,0.0099311701,0.019624945,0.019789371,0.0054865948,0,0,0,0,0,0,0,0,0,0,0.013668887
2014-05-14,1,1,1.203315,-0.001883366,0.091114688,0.013248904,0.024327785,0.026513305,0.010784578,2,0.023827785,2,0.023827785,2,0.023827785,1,0.012748904,2,0.021169156,0.012656995
2014-05-15,0,0,0.11591035,0.0022679145,0.10468455,0.0001922892,-0.00041666667,0.00038457841,0.0016031758,0,0,0,0,0,0,0,0,0,0,0.0001922892
2014-05-16,0,0,0.2969963,-0.00020839937,0.10468683,0.0036679537,0.0079831933,0.0073664825,0.0058137311,0,0,0,0,0,0,0,0,0,0,-0.00048063059
2014-05-19,0,0,-0.81299471,-0.00051218856,0.1040991,0.00052816056,-0.00083056478,0.0010547512,0.0020541692,0,0,0,0,0,0,0,0,0,0,0.0020196192
2014-05-20,0,0,-1.2226562,-0.0016230203,0.10416102,0,0.0008336807,0,0.00026619006,0,0,0,0,0,0,0,0,0,0,-0.0012957098
2014-05-21,0,0,-0.37228069,0.00058830106,0.10433507,0.0039068152,0.0075440067,0.0078431373,0.0019091256,0,0,0,0,0,0,0,0,0,0,0.00014415453
2014-05-22,0,0,-0.27560908,0.002000209,0.10194402,0.0019634135,0.0037190083,0.0039140811,-0.00030370905,0,0,0,0,0,0,0,0,0,-0,0.0052368598
2014-05-23,0,0,-1.1002069,0.0049410281,0.10213722,-0.0002392917,-0.0020618557,-0.00047922557,0.0023592085,0,-0,0,-0,0,-0,0,-0,0,0,-0.0015772117
2014-05-26,0,0,-1.1104114,-8.6028889e-05,0.10186133,-0.00052717339,-0.0057755776,-0.0010555609,-0.0030782093,0,-0,0,-0,0,-0,0,-0,0,-0,-0.0016754428
2014-05-27,0,0,0.54262522,0.0005154565,0.10296497,-0.010735167,-0.022350993,-0.021459022,-0.0097368021,0,-0,0,-0,0,-0,0,-0,0,-0,-0.010213378
2014-05-28,0,0,-0.53549568,-0.0022967991,0.10657438,0.011045441,0.022033898,0.022090883,0.0083579343,0,0,0,0,0,0,0,0,0,0,0.011045441
2014-05-29,0,0,0.74950503,-0.00089009406,0.099056544,-0.0022489114,-0.0074257426,-0.0044915902,-0.0039452221,0,-0,0,-0,0,-0,0,-0,0,-0,-0.00086248203
2014-05-30,0,0,-0.40146247,-0.0013307703,0.098745589,-0.0081546505,-0.014154871,-0.016313214,-0.011897974,0,-0,0,-0,0,-0,0,-0,0,-0,-0.0083924803
2014-06-02,0,0,0.2339352,-0.00028122213,0.10506609,0.0020792031,0.00042105263,0.0041576021,0.0034934163,0,0,0,0,0,0,0,0,0,0,0.002273057
2014-06-03,0,0,0.58125816,-0.0035543282,0.10589041,0.0010133179,-0.00083892617,0.0020266358,0.00045784052,0,0,0,0,0,0,0,0,0,0,0.0010133179
2014-06-05,0,0,-0.28889317,-0.0030935164,0.10576486,-0.0053983708,-0.011744966,-0.010795701,-0.0065199985,0,-0,0,-0,0,-0,0,-0,0,-0,-0.0053024825
2014-06-09,0,0,-0.28407877,-0.0019369551,0.10017809,-0.0047276762,-0.0092514718,-0.0094126687,-0.0087414589,0,-0,0,-0,0,-0,0,-0,0,-0,-0.00019384541
2014-06-10,1,0,1.5447731,0.0018660739,0.10033199,0.0046746988,0.0092436975,0.0092960851,0.0053590568,0,0,0,0,0,0,0,0,2,0.010318114,0.010469682
2014-06-11,0,0,-0.57040411,0.002276188,0.10672811,-0.00014399539,-0.00041718815,-0.0002881706,0.001640032,0,-0,0,-0,0,-0,0,-0,0,0,-0.00076749652
2014-06-12,0,0,0.4295979,-0.00077016145,0.10568632,-0.0027389361,-0.0045948204,-0.0054831417,-0.0021327646,0,-0,0,-0,0,-0,0,-0,0,-0,-0.003696414
2014-06-13,0,0,0.015101277,-0.0012388623,0.1010472,-0.0088474183,-0.020287405,-0.017754924,-0.0089624267,0,-0,0,-0,0,-0,0,-0,0,-0,-0.012190421
2014-06-16,0,0,-1.2827091,8.628174e-05,0.09511465,0.0063479662,0.011647972,0.012709586,0.0049194298,0,0,0,0,0,0,0,0,0,0,0.0052680357
2014-06-17,0,0,-0.059946521,-3.6045247e-06,0.095829764,0.0028170382,0.0042698548,0.0056395547,0.0033131718,0,0,0,0,0,0,0,0,0,0,0.0018438546
2014-06-18,0,0,-0.41577468,-0.0010843207,0.096646599,-0.004944975,-0.0093696763,-0.0098995487,-0.0067572756,0,-0,0,-0,0,-0,0,-0,0,-0,-0.0059088487
2014-06-19,0,0,-0.79263332,0.0033186754,0.098676759,-0.0018916428,-0.0034115139,-0.0037664783,-0.0013889425,0,-0,0,-0,0,-0,0,-0,0,-0,0.0025822168
2014-06-20,0,0,-0.50407543,0.0021888642,0.098772559,-0.013955071,-0.018033491,-0.027926438,-0.012913203,0,-0,0,-0,0,-0,0,-0,0,-0,-0.014530081
2014-06-23,0,0,0.94557172,-0.0029974434,0.10869419,0.0041365047,0.0013083297,0.0082616179,0.0013258979,0,0,0,0,0,0,0,0,0,0,0.0055229548
2014-06-24,0,0,0.32063065,-0.004575545,0.11025456,0.014416453,0.026269702,0.028928272,0.010307273,0,0,0,0,0,0,0,0,0,0,0.011083321
2014-06-25,0,0,0.71456757,-0.00095116939,0.1192754,-0.004274127,-0.011115861,-0.0085598949,-0.0052021117,0,-0,0,-0,0,-0,0,-0,0,-0,-0.0056264248
2014-06-26,0,0,-0.85361252,0.0013859851,0.12024311,0.0049676131,0.0094664372,0.0099197666,0.007087529,0,0,0,0,0,0,0,0,0,0,0.0065362665
2014-06-27,0,0,-0.76213862,0.0013133017,0.12068451,-0.0016976282,-0.0042662116,-0.0033982232,-0.0019284172,0,-0,0,-0,0,-0,0,-0,0,-0,-0.0025684517
2014-06-30,0,0,0.78761513,-0.0012624168,0.11547306,0.0034455984,0.0012809564,0.0068831798,0.0028867249,0,0,0,0,0,0,0,0,0,0,0.0046156836
2014-07-01,0,0,-1.7657685,0.0011864078,0.11854975,0.0014082455,0.0034275921,0.0028280267,0.0023153508,0,0,0,0,0,0,0,0,0,0,-0.0026599603
2014-07-02,0,0,0.314929,-0.0010057432,0.11352803,0.0031397933,0.005499154,0.0062554133,0.003946209,0,0,0,0,0,0,0,0,0,0,0.0070313258
2014-07-03,0,0,-0.23981426,-0.0012854669,0.11620862,-0.001059373,-0.0037815126,-0.0021187461,-0.0034347212,0,-0,0,-0,0,-0,0,-0,0,-0,-0.001059373
2014-07-04,0,0,0.14552492,0.002228435,0.11632202,-0.0066650683,-0.011297071,-0.013260196,-0.0055706055,0,-0,0,-0,0,-0,0,-0,0,-0,-0.0013979272
2014-07-07,0,0,-0.65781966,0.0013094189,0.11426451,-0.0040127635,-0.0063694268,-0.0080379624,-0.00088400338,0,-0,0,-0,0,-0,0,-0,0,-0,-0.0055512647
2014-07-08,0,0,0.2272434,-8.8476894e-05,0.11399215,-0.00077605859,-0.0029863481,-0.0015509136,0.00088563727,0,-0,0,-0,0,-0,0,-0,0,0,0
2014-07-09,0,0,-0.60874065,0.00089785924,0.10586296,-0.00043872477,-0.00086355786,-0.00088118666,0.0010440835,0,-0,0,-0,0,-0,0,-0,0,0,-0.004659968
2014-07-10,0,0,-0.2060742,-0.0002916105,0.10660228,-0.00053520167,0,-0.0010679093,-0.00088666153,0,0,0,0,0,0,0,0,0,-0,0.0018044379
2014-07-11,0,0,-1.9523427,0.0036305244,0.10661459,-0.0037645448,-0.0082536924,-0.0075616223,-0.0016333515,0,-0,0,-0,0,-0,0,-0,0,-0,-0.008032324
2014-07-14,1,0,1.3809297,0.0010868659,0.10263634,-0.0012207627,0.0013043478,-0.0024294252,-0.0032544264,0,0,0,0,0,0,0,0,2,-0.0069088528,0.0037787702
2014-07-15,1,1,1.0905675,-0.00020577901,0.10246229,0.0075070683,0.012931034,0.014970351,0.0059103025,2,0.012431034,2,0.012431034,2,0.012431034,1,0.0070070683,2,0.011420605,0.010462501
2014-07-16,0,0,0.76604003,-0.0019201738,0.11093509,0.0015969803,0.0025531915,0.0031945789,-0.00011500863,0,0,0,0,0,0,0,0,0,-0,0.0014031353
2014-07-17,0,0,0.40150872,-0.0012095544,0.10819802,0.00043365134,0.0021132713,0.0008649272,0.00049656226,0,0,0,0,0,0,0,0,0,0,0.003188868
2014-07-18,0,0,-0.54570309,-0.00033304262,0.1090482,0.0053328162,0.010688328,0.010736421,0.0065007501,0,0,0,0,0,0,0,0,0,0,-0.0012522275
2014-07-21,0,0,-0.31068589,-0.0012696347,0.095612786,-0.0042718633,-0.0067170445,-0.0085041326,-0.0052115033,0,-0,0,-0,0,-0,0,-0,0,-0,0.00038578386
2014-07-22,0,0,0.85006007,-0.0016429462,0.094309026,0.0058327308,0.012256974,0.011665462,0.0035122547,0,0,0,0,0,0,0,0,0,0,0.0058327308
2014-07-23,0,0,-0.39096077,0.0010922722,0.087137355,-0.0024386745,-0.004989605,-0.0048664122,-0.0029619503,0,-0,0,-0,0,-0,0,-0,0,-0,-0.00019169942
2014-07-24,0,0,0.4881768,-0.00016329086,0.083763088,-0.0005746576,-0.00083472454,-0.0011482155,-0.0021270131,0,-0,0,-0,0,-0,0,-0,0,-0,0.00038347234
2014-07-25,0,0,0.32355313,0.00088852349,0.080294296,0.00033483211,0.0037531276,0.00066851304,0.001292137,0,0,0,0,0,0,0,0,0,0,0.0020603737
2014-07-28,1,1,1.133729,-0.00068015478,0.07812018,0.0087937297,0.014090344,0.017578218,0.0066724798,2,0.013590344,2,0.013590344,2,0.013590344,1,0.0082937297,2,0.01294496,0.0093243437
2014-07-29,0,0,0.66891975,0.00097156435,0.079137681,0.0068502858,0.013398295,0.013662489,0.0067993989,0,0,0,0,0,0,0,0,0,0,0.0096645821
2014-07-30,1,0,1.2267092,0.0013492565,0.082873463,0.010066486,0.01752988,0.020089703,0.01016987,0,0,0,0,0,0,0,0,2,0.019939741,0.012246622
2014-07-31,0,0,-0.43061022,-0.0004303584,0.086850455,-0.002787068,-0.0078523753,-0.005585812,-0.0046137379,0,-0,0,-0,0,-0,0,-0,0,-0,-0.0048671951
2014-08-01,1,1,1.3847355,-0.0006101711,0.088732526,0.0034743415,0.0072289157,0.0070042593,0.0020521622,2,0.0067289157,2,0.0067289157,2,0.0067289157,1,0.0029743415,2,0.0037043245,-0.004425191
2014-08-04,1,0,1.7433101,0.00019242395,0.090260047,-0.0041012257,-0.0043616178,-0.0081704656,-3.7083735e-05,0,-0,0,-0,0,-0,0,-0,2,-0.00047416747,-0.00018715201
2014-08-05,0,0,-2.2771923,-0.0021056397,0.089317519,-0.0058550752,-0.0104,-0.011721131,-0.0047969656,0,-0,0,-0,0,-0,0,-0,0,-0,-0.0067855304
2014-08-06,0,0,0.89617168,-0.0041402241,0.095125858,-0.00018900912,-0.0036466775,-0.00037911098,-0.0019466906,0,-0,0,-0,0,-0,0,-0,0,-0,-0.0030625707
2014-08-07,0,0,0.029723965,-0.0044653461,0.094951466,-0.00023724792,-0.0048979592,-0.00047639465,-0.0040865294,0,-0,0,-0,0,-0,0,-0,0,-0,-0.0042062479
2014-08-08,0,0,-0.30918404,0.0013984515,0.096658928,-0.010557352,-0.019793814,-0.021156962,-0.010274231,0,-0,0,-0,0,-0,0,-0,0,-0,-0.012529663
2014-08-11,1,1,1.1520816,-0.0018942392,0.10367141,-0.0010980093,-0.0041425021,-0.0021813354,-0.0047998791,2,-0.0046425021,2,-0.0046425021,2,-0.0046425021,1,-0.0015980093,2,-0.0099997581,0.0056714409
2014-08-12,0,0,0.92653466,-0.00064348044,0.10454732,-0.0027642741,-0.0024865313,-0.005513308,-0.004536176,0,-0,0,-0,0,-0,0,-0,0,-0,0
2014-08-13,1,1,1.1422101,-0.00073168715,0.096175172,0.004294098,0.0066280033,0.0085738783,0.0067009919,2,0.0061280033,2,0.0061280033,2,0.0061280033,1,0.003794098,2,0.013001984,0.0059740011
2014-08-14,0,0,-0.58553341,-0.0039947329,0.10153455,0.0015658363,0.0020491803,0.0031278138,-0.0022141329,0,0,0,0,0,0,0,0,0,-0,0.0028029835
2014-08-18,0,0,0.55598347,-0.001360341,0.10085063,-0.0085950413,-0.016266775,-0.017135863,-0.010448264,0,-0,0,-0,0,-0,0,-0,0,-0,-0.0054481713
2014-08-19,0,0,0.69937106,-0.0042376467,0.10367502,0.005605967,0.011106541,0.011182184,0.0020671252,0,0,0,0,0,0,0,0,0,0,0.0082884771
2014-08-20,0,0,0.74821476,-0.0013139029,0.10783976,-0.005176227,-0.01010101,-0.010311694,-0.0046263478,0,-0,0,-0,0,-0,0,-0,0,-0,-0.0012283271
2014-08-21,0,0,-1.5923212,5.0248939e-05,0.10670798,-0.014490695,-0.028641571,-0.029014365,-0.0129709,0,-0,0,-0,0,-0,0,-0,0,-0,-0.015609479
2014-08-22,0,0,0.04870795,-0.001279695,0.12208829,0.0050337984,0.010075567,0.010044483,0.0044853277,0,0,0,0,0,0,0,0,0,0,0.0073518812
2014-08-25,0,0,-1.5349132,0.0027620675,0.12429519,0.0050686176,0.0075031263,0.010162017,0.0059720796,0,0,0,0,0,0,0,0,0,0,0.0026235451
2014-08-26,0,0,0.35846001,0.001368103,0.12395069,0.0002370567,0.00041067762,0.00047247815,-0.0013935445,0,0,0,0,0,0,0,0,0,-0,0.0037109282
2014-08-27,0,0,0.90307361,0.0020557353,0.12104765,-0.002552588,-0.0040832993,-0.0050912176,-0.00090184879,0,-0,0,-0,0,-0,0,-0,0,-0,0.00018960042
2014-08-28,1,1,1.5361271,-0.0025462004,0.11645804,-0.0016544552,-0.0024499796,-0.0033004856,-0.0039290525,2,-0.0029499796,2,-0.0029499796,2,-0.0029499796,1,-0.0021544552,2,-0.0082581051,0.00090043126
2014-08-29,0,0,-0.8723241,0.00017478077,0.10750175,-0.00018988844,-0.0045248869,-0.00038077106,0.00011304544,0,-0,0,-0,0,-0,0,-0,0,0,-0.0027935606
2014-09-01,0,0,-0.89411523,-0.00087350845,0.10642949,-0.00076063703,0.0024875622,-0.0015231567,-3.7696019e-05,0,0,0,0,0,0,0,0,0,-0,-0.0019942073
2014-09-02,0,0,-0.54898468,-0.00029926941,0.10567924,-0.0086112565,-0.015346329,-0.017222513,-0.0088692633,0,-0,0,-0,0,-0,0,-0,0,-0,-0.0086112565
2014-09-03,0,0,-0.2148589,-0.0020896145,0.10922151,0,0.00042337003,0,-0.00083812717,0,0,0,0,0,0,0,0,0,-0,-0.0025434303
2014-09-04,1,1,1.5671011,-0.0014434128,0.10674912,-0.0011016381,-0.0029350105,-0.0021935053,-0.0012522769,2,-0.0034350105,2,-0.0034350105,2,-0.0034350105,1,-0.0016016381,2,-0.0029045537,0.0033678133
2014-09-05,0,0,-0.28205825,0.00014744603,0.10732811,-0.001151742,-0.0016877637,-0.0023053648,-0.0030810194,0,-0,0,-0,0,-0,0,-0,0,-0,-0.0019659554
2014-09-11,0,0,-0.47465905,0.003493542,0.10756052,-0.004516191,-0.0097292724,-0.0090323821,-0.0073360844,0,-0,0,-0,0,-0,0,-0,0,-0,-0.004516191
2014-09-12,1,0,1.2584949,0.00043249551,0.10093205,0.0018822394,0.0021312873,0.0037644788,0.0014558829,0,0,0,0,0,0,0,0,2,0.0025117658,0.0018822394
2014-09-15,0,0,0.23546748,0.00014072103,0.10182908,-0.0019301293,-0.0012842466,-0.0038667891,-0.0013797333,0,-0,0,-0,0,-0,0,-0,0,-0,-0.0036128908
2014-09-16,0,0,0.71261781,-0.0010881944,0.10230238,0.0016412435,0.0025619129,0.0032774243,0.0011871027,0,0,0,0,0,0,0,0,0,0,0.0031908722
2014-09-17,0,0,0.19925184,-0.0012104002,0.096149228,0.0048469143,0.0097087379,0.0096530632,0.0049484222,0,0,0,0,0,0,0,0,0,0,0.0091084337
2014-09-18,0,0,-1.2338939,0.0013633919,0.10328871,-0.006114455,-0.0092204526,-0.012231831,-0.0061894817,0,-0,0,-0,0,-0,0,-0,0,-0,-0.0063517838
2014-09-19,0,0,0.65356475,0.001727673,0.10552507,-0.0010997944,-0.0012594458,-0.002188392,-0.0025856496,0,-0,0,-0,0,-0,0,-0,0,-0,0.0040372969
2014-09-22,0,0,-0.39949363,0.00014062791,0.10007345,-0.0079784677,-0.015677966,-0.01602162,-0.0072884072,0,-0,0,-0,0,-0,0,-0,0,-0,-0.011967449
2014-09-23,0,0,-0.90672988,0.0019352322,0.10329184,0.00063235723,0.0043478261,0.0012697793,-0.00015472092,0,0,0,0,0,0,0,0,0,-0,-0.0033430233
2014-09-24,0,0,-0.054700295,-0.00034970726,0.089898695,0.0036606794,0.0056719023,0.0073511394,0.0041503433,0,0,0,0,0,0,0,0,0,0,-0.00038889699
2014-09-25,0,0,0.28412678,-0.0020388537,0.08611903,-0.0043105536,-0.0073275862,-0.0085861753,-0.0068780019,0,-0,0,-0,0,-0,0,-0,0,-0,-0.00024315518
2014-09-26,0,0,-0.062927812,0.0015706128,0.085883972,0.003182063,0.0083737329,0.006405203,0.0074880075,0,0,0,0,0,0,0,0,0,0,-0.003210429
2014-09-29,0,0,-0.8299691,-0.0034851694,0.084811975,-0.001707567,-0.00436872,-0.003414301,-0.0038617494,0,-0,0,-0,0,-0,0,-0,0,-0,-0.0014639859
2014-09-30,0,0,-0.50159929,-0.0018634799,0.083432343,-0.0016172507,-0.003975265,-0.003243562,-0.002331274,0,-0,0,-0,0,-0,0,-0,0,-0,-0.004398397
2014-10-01,0,0,-1.0398244,2.6909391e-05,0.083488079,-0.0098551296,-0.016547406,-0.019786308,-0.011611541,0,-0,0,-0,0,-0,0,-0,0,-0,-0.013646181
2014-10-02,1,1,1.2347235,-0.0015356856,0.096516632,-0.0060590886,-0.011510129,-0.012193893,-0.0080526796,2,-0.012010129,2,-0.012010129,2,-0.012010129,1,-0.0065590886,2,-0.016505359,-0.012192694
2014-10-06,0,0,-0.01966195,-0.0041678523,0.10073756,-0.0030184123,-0.0092764378,-0.0060280303,-0.0095393299,0,-0,0,-0,0,-0,0,-0,0,-0,-0.0015617915
2014-10-07,1,1,2.5151382,-0.00053623588,0.097238298,-0.0026124089,-0.0069573284,-0.0052020808,-0.0038660821,2,-0.0074573284,2,-0.0074573284,2,-0.0074573284,1,-0.0031124089,2,-0.0081321642,0.0017660712
2014-10-08,0,0,-0.36724866,0.0027409448,0.099157558,0.0023297037,0.0056683987,0.0046850334,0.0018960023,0,0,0,0,0,0,0,0,0,0,-0.0031229537
2014-10-10,0,0,-2.2314798,0.0060622223,0.097512382,-0.011466261,-0.018086625,-0.023027154,-0.0057611165,0,-0,0,-0,0,-0,0,-0,0,-0,-0.015512101
2014-10-13,0,0,-2.5865393,0.0035424991,0.10425133,0.0069412069,0.013353116,0.014012339,0.0092167803,0,0,0,0,0,0,0,0,0,0,-0.0023095874
2014-10-14,1,1,4.3148451,-0.0011409866,0.10229504,-0.0034387189,-0.010617761,-0.0068615905,-0.0032617116,2,-0.011117761,2,-0.011117761,2,-0.011117761,1,-0.0039387189,2,-0.0069234232,-0.0011317455
2014-10-15,0,0,0.16475116,-0.0040691573,0.097814323,-0.00015469499,0,-0.00030977335,-0.0042464579,0,0,0,0,0,0,0,0,0,-0,-0.0013905341
2014-10-16,0,0,-1.4133855,0.0033868788,0.097862172,-0.00051800052,0.00099009901,-0.0010405827,0.0033473841,0,0,0,0,0,0,0,0,0,0,-0.0048994327
2014-10-17,0,0,0.45180955,-0.00092527138,0.094645453,-0.013196709,-0.024161736,-0.026355227,-0.014059031,0,-0,0,-0,0,-0,0,-0,0,-0,-0.011764706
2014-10-20,1,1,1.1403753,-0.0036576201,0.084758005,0.0068757162,0.010967099,0.01365894,0.0063541839,2,0.010467099,2,0.010467099,2,0.010467099,1,0.0063757162,2,0.012308368,0.013740298
2014-10-21,0,0,-3.3820025,0.00024715769,0.11311603,-0.0053381705,-0.0099108028,-0.010695742,-0.0051497549,0,-0,0,-0,0,-0,0,-0,0,-0,-0.0071391619
2014-10-22,0,0,0.54386238,-0.00270388,0.1131645,-0.0026323939,-0.0053948014,-0.0052157906,-0.0012682568,0,-0,0,-0,0,-0,0,-0,0,-0,0.0068257607
2014-10-23,0,0,0.18559658,-0.0021965757,0.12383556,0.0029008029,0.0069238378,0.0058070203,-0.00028753337,0,0,0,0,0,0,0,0,0,-0,0.0019665683
2014-10-24,0,0,-0.39517421,-0.00040561384,0.1232444,-0.0081773298,-0.014173998,-0.016285144,-0.0075178754,0,-0,0,-0,0,-0,0,-0,0,-0,-0.0039254171
2014-10-27,0,0,0.15720384,-0.00083266528,0.12218356,0.0010848789,0.0024606299,0.002161717,-0.00053274322,0,0,0,0,0,0,0,0,0,-0,0.0048224008
2014-10-28,0,0,0.60567446,-0.0010515914,0.124745,-0.0013411049,-0.0048947626,-0.0026809651,-0.0039302383,0,-0,0,-0,0,-0,0,-0,0,-0,-0.00087728352
2014-10-29,0,0,0.32924505,-0.00081692935,0.12444832,0.013307301,0.027250608,0.02647585,0.014194812,0,0,0,0,0,0,0,0,0,0,0.018645731
2014-10-30,0,0,-0.76677407,-0.001490547,0.15272568,0.0017279935,0.0033333333,0.0034640856,0.0033466392,0,0,0,0,0,0,0,0,0,0,-0.00060845756
2014-10-31,0,0,-0.28462786,-0.0020290878,0.15261959,0.0043495853,0.0051862329,0.0086719774,0.0036064917,0,0,0,0,0,0,0,0,0,0,0.0075088787
2014-11-03,0,0,-3.039319,0.0020058676,0.14580896,-0.0059940563,-0.0089201878,-0.011991133,-0.0044036991,0,-0,0,-0,0,-0,0,-0,0,-0,-0.0062443348
2014-11-04,0,0,-0.83562131,0.00065347068,0.14275802,-0.005077173,-0.010471204,-0.010173975,-0.0066089059,0,-0,0,-0,0,-0,0,-0,0,-0,-0.006993007
2014-11-05,0,0,0.74839564,0.0033434109,0.14555679,-0.0053451436,-0.0086206897,-0.010664229,-0.0039298302,0,-0,0,-0,0,-0,0,-0,0,-0,-0.0029087569
2014-11-06,0,0,-0.85655048,-0.0016771993,0.14514377,0.0082602227,0.015533981,0.01656123,0.0046740367,0,0,0,0,0,0,0,0,0,0,0.0057833052
2014-11-07,0,0,-0.95819114,0.00053100289,0.14520007,0.001170841,0.0043144775,0.002342636,0.0013762396,0,0,0,0,0,0,0,0,0,0,0.00076328109
2014-11-10,1,1,2.1095708,-0.00058878299,0.13671818,0.0029300328,0.011831519,0.0058224163,0.0059399583,2,0.011331519,2,0.011331519,2,0.011331519,1,0.0024300328,2,0.011479917,0.0094574668
2014-11-11,0,0,-0.96295067,-0.0019120805,0.14282413,-0.00075498289,-0.0023375409,-0.0015088266,0.00015973803,0,-0,0,-0,0,-0,0,-0,0,0,0
2014-11-12,0,0,0.13436511,-0.0039928784,0.14301936,0.0033754849,0.0079699953,0.0067523306,0.0019939384,0,0,0,0,0,0,0,0,0,0,0.0031733239
2014-11-13,0,0,0.38951273,-0.0020763786,0.14249103,-0.0022108331,-0.0046554935,-0.0044247788,-0.0058825867,0,-0,0,-0,0,-0,0,-0,0,-0,-0.0029122314
2014-11-14,0,0,-0.59295219,0.00092633732,0.14257428,-0.0068607173,-0.014104372,-0.013745704,-0.0066442523,0,-0,0,-0,0,-0,0,-0,0,-0,-0.0086111391
2014-11-17,0,0,-0.7848355,-0.00063100916,0.13771997,0.0057070064,0.0129683,0.011450187,0.0023008921,0,0,0,0,0,0,0,0,0,0,0.002539747
2014-11-18,1,1,1.2283745,-0.0025676776,0.12550537,0.0079039368,0.016595543,0.015807874,0.0048105833,2,0.016095543,2,0.016095543,2,0.016095543,1,0.0074039368,2,0.0092211666,0.0079039368
2014-11-19,0,0,0.36235503,-0.00075753227,0.12210468,-0.004708947,-0.011574074,-0.0093854525,-0.0054824997,0,-0,0,-0,0,-0,0,-0,0,-0,-0.0012567235
2014-11-20,0,0,-1.0809948,-0.0016971619,0.11772949,0.0012649901,0.0023651845,0.0025434937,-0.0018842962,0,0,0,0,0,0,0,0,0,-0,-0.0040265754
2014-11-21,1,1,1.0552888,-0.0015082312,0.11922555,0.0015133935,0.0018796992,0.0030214523,-0.0009594627,2,0.0013796992,2,0.0013796992,2,0.0013796992,1,0.0010133935,2,-0.0023189254,0.0032848191
2014-11-24,1,1,2.3808688,-0.0033525163,0.11898339,0.0023507052,0.0046189376,0.0046684877,-0.00071281483,2,0.0041189376,2,0.0041189376,2,0.0041189376,1,0.0018507052,2,-0.0018256297,0.0094696016
2014-11-25,0,0,0.091628786,-0.00047187255,0.12232767,-0.0017433752,-0.0027535567,-0.0034806822,-0.0046658758,0,-0,0,-0,0,-0,0,-0,0,-0,0
2014-11-26,1,1,1.1539474,-0.00053355137,0.12234479,-0.0028919027,-0.0050574713,-0.0057794828,-0.0023358011,2,-0.0055574713,2,-0.0055574713,2,-0.0055574713,1,-0.0033919027,2,-0.0050716022,-0.0021456015
2014-11-27,1,1,2.1034325,-0.0034258933,0.096250079,-0.00034791252,-0.00091240876,-0.00069163126,-0.0032660449,2,-0.0014124088,2,-0.0014124088,2,-0.0014124088,1,-0.00084791252,2,-0.0069320899,0.0057505751
2014-11-28,0,0,0.21375523,-0.0025388344,0.097551667,0.00099552016,0.0004576659,0.0019933224,0.00039432177,0,0,0,0,0,0,0,0,0,0,-0.00014915726
2014-12-01,0,0,-1.7931499,0.0012021934,0.095372623,-0.0051394641,-0.0087638376,-0.01031444,-0.0019834186,0,-0,0,-0,0,-0,0,-0,0,-0,-0.0085529587
2014-12-02,0,0,-0.18718894,0.00055065935,0.096849994,0.0012057272,0.0032740879,0.0024154589,0.0028720731,0,0,0,0,0,0,0,0,0,0,-0.00045139934
2014-12-03,0,0,-0.51520044,-0.00060167924,0.090537134,0.00055112982,0.001394052,0.0011006053,-0.0011510677,0,0,0,0,0,0,0,0,0,-0,0.0020573034
2014-12-04,0,0,0.28738434,-0.002191775,0.089515475,0.010665999,0.023212628,0.021331998,0.0062579214,0,0,0,0,0,0,0,0,0,0,0.010665999
2014-12-05,0,0,0.050194914,0.0026454678,0.093270645,0,0.0036463081,0,0.00062972292,0,0,0,0,0,0,0,0,0,0,0.00054501313
2014-12-08,0,0,-0.11493816,-0.00026602437,0.093279609,-0.0013868252,-0.00045558087,-0.0027741999,-0.0030649534,0,-0,0,-0,0,-0,0,-0,0,-0,-0.0015846291
2014-12-09,0,0,0.62307225,-0.0005708262,0.082912272,-0.0007954263,0.0004587156,-0.0015945784,-0.00071036742,0,0,0,0,0,0,0,0,0,-0,-0.00312469
2014-12-10,0,0,-1.4021659,-0.00073703281,0.083290838,-0.010790289,-0.023073373,-0.021668255,-0.011339757,0,-0,0,-0,0,-0,0,-0,0,-0,-0.014776855
2014-12-11,0,0,-0.2403704,0.0032331795,0.099646726,-0.0064467005,-0.01293723,-0.012960506,-0.0067955667,0,-0,0,-0,0,-0,0,-0,0,-0,-0.011564488
2014-12-12,0,0,-0.032290728,0.0018192356,0.11211261,0.00025521923,-0.00048355899,0.00050996991,0.00097481722,0,0,0,0,0,0,0,0,0,0,0.0011750881
2014-12-15,0,0,-0.80234821,0.0014538837,0.11019452,0.0098902797,0.021696252,0.019968799,0.009592916,0,0,0,0,0,0,0,0,0,0,0.0004592774
2014-12-16,0,0,-1.1376391,0.0022571031,0.11015851,-0.002307219,-0.0048780488,-0.004638458,-0.0012258407,0,-0,0,-0,0,-0,0,-0,0,-0,-0.0074470798
2014-12-17,1,0,2.4906084,0.00088223098,0.10640955,-0.0079799478,-0.013625304,-0.015886756,-0.0066435704,0,-0,0,-0,0,-0,0,-0,2,-0.013687141,-0.0033917467
2014-12-18,0,0,-0.30268681,-0.0031634939,0.10657496,-0.0076812782,-0.018446602,-0.015257082,-0.0091840052,0,-0,0,-0,0,-0,0,-0,0,-0,-0.00077347497
2014-12-19,0,0,0.047659573,-0.0064574227,0.10557256,0.0077876832,0.011165049,0.015464442,0.0043745949,0,0,0,0,0,0,0,0,0,0,0.015068635
2014-12-22,0,0,0.36920326,-0.0034168493,0.12256656,0.0043566363,0.008110687,0.0086824836,0.0030932391,0,0,0,0,0,0,0,0,0,0,0.0079308592
2014-12-23,0,0,-0.92693231,-0.0017047162,0.11991628,0.00055549944,-0.0018921476,0.0011123471,-0.0020835003,0,0,0,0,0,0,0,0,0,-0,-0.00065570463
2014-12-24,0,0,-0.30953168,-0.0019919116,0.11993984,0.0053129586,0.0090304183,0.010652869,0.0036522716,0,0,0,0,0,0,0,0,0,0,0.0027759552
2014-12-26,0,0,-0.11711076,-3.9988004e-05,0.12091676,0.0011576404,0.0023596036,0.0023152809,-0.00011996161,0,0,0,0,0,0,0,0,0,-0,0.0011576404
2014-12-29,0,0,-3.0332211,0.0093158395,0.11916461,-0.0049226442,-0.013551402,-0.0098368883,-0.0078549849,0,-0,0,-0,0,-0,0,-0,0,-0,-0.0040721935
2014-12-30,0,0,0.76293939,0.0070702676,0.12921258,-0.0087900985,-0.02464455,-0.017593529,-0.012303209,0,-0,0,-0,0,-0,0,-0,0,-0,-0.009540636
2015-01-02,1,0,2.1404346,0.0082979474,0.12982079,0.0050079207,0.011192214,0.010042527,0.0034021971,0,0,0,0,0,0,0,0,2,0.0064043942,0.0023444269
2015-01-05,0,0,-1.3377339,0.0017915984,0.13079465,5.0955414e-05,0.0019351717,0.0001021294,0.0017635238,0,0,0,0,0,0,0,0,0,0,-0.0020847104
2015-01-06,0,0,-1.1145724,0.001443374,0.13054963,-0.0074146542,-0.012858556,-0.01498751,-0.0059247597,0,-0,0,-0,0,-0,0,-0,0,-0,-0.017782533
2015-01-07,0,0,0.55558391,0.002113126,0.13581247,0.0022825128,0.0030090271,0.0045650257,0.0046781672,0,0,0,0,0,0,0,0,0,0,0.0022825128
2015-01-08,0,0,0.37834503,-0.0025105724,0.13657728,0.0076221867,0.014328063,0.015169374,0.0068515767,0,0,0,0,0,0,0,0,0,0,0.012628746
2015-01-09,0,0,-0.25169691,6.0521266e-05,0.14921402,0.0010625917,0.0052681992,0.002104103,0.00032524292,0,0,0,0,0,0,0,0,0,0,0.011193458
2015-01-12,0,0,0.011576908,-0.0006703969,0.15385573,0.0026925422,0.0052935515,0.0054125817,0.0022026432,0,0,0,0,0,0,0,0,0,0,-0.0023756571
2015-01-13,0,0,0.18756221,0.0010582939,0.144909,0.0062436548,0.012487992,0.012510807,0.0053473753,0,0,0,0,0,0,0,0,0,0,0.0043572985
2015-01-14,0,0,0.50612411,-0.00023524098,0.13453,-0.0029300328,-0.0047619048,-0.0058683665,-0.0019879909,0,-0,0,-0,0,-0,0,-0,0,-0,-0.0043383948
2015-01-15,0,0,0.71907618,-0.0024265672,0.13397079,0.0043125317,0.0096061479,0.0086368948,-0.00081314035,0,0,0,0,0,0,0,0,0,-0,0.0029386432
2015-01-16,0,0,-0.089176559,0.0025151334,0.13398896,-0.010494297,-0.018269231,-0.021063343,-0.010134859,0,-0,0,-0,0,-0,0,-0,0,-0,-0.013993433
2015-01-19,0,0,0.20185728,-0.00022988787,0.14113765,0.0042262844,0.0096899225,0.0084008097,0.0029500942,0,0,0,0,0,0,0,0,0,0,0.010451891
2015-01-20,0,0,0.81590824,-0.00018554547,0.14600647,0.0061197653,0.01290631,0.012208657,0.0070055393,0,0,0,0,0,0,0,0,0,0,0.0086705202
2015-01-21,0,0,-0.68121546,-0.0018958036,0.15009272,0.0040286031,0.0099573257,0.0080714322,0.0063965022,0,0,0,0,0,0,0,0,0,0,0.0022621022
2015-01-22,0,0,-0.065459395,-0.00088161026,0.13869833,-0.0030913442,-0.0037243948,-0.0061465252,-0.0030093893,0,-0,0,-0,0,-0,0,-0,0,-0,0.002808707
2015-01-23,1,0,1.7026811,0.00065425618,0.13631725,-0.0079913181,-0.011410315,-0.015766423,-0.0057197331,0,-0,0,-0,0,-0,0,-0,2,-0.011839466,0.0058017405
2015-01-26,0,0,-1.0599974,0.0013884149,0.13863733,0.0026924611,0.0069767442,0.0053994601,0.0049011731,0,0,0,0,0,0,0,0,0,0,0
2015-01-27,0,0,0.24484059,0.0021383592,0.13795108,0.0023263872,0.0054919908,0.0046314545,0.0057425427,0,0,0,0,0,0,0,0,0,0,0.0069617106
2015-01-28,0,0,0.24581462,-0.00060407733,0.14097186,0.0065051147,0.011959522,0.013082992,0.0055418228,0,0,0,0,0,0,0,0,0,0,0.0009382716
2015-01-29,0,0,-0.22152252,0.0029489816,0.12866374,-0.0006439788,0,-0.0012932106,3.9928129e-05,0,0,0,0,0,0,0,0,0,0,-0.0046869604
2015-01-30,0,0,0.082598352,-8.1901584e-05,0.12653827,-0.0034591817,-0.012727273,-0.0068972313,-0.0077039155,0,-0,0,-0,0,-0,0,-0,0,-0,-0.00039655001
2015-02-02,1,1,1.8626617,-0.0012493467,0.12700574,0.0027417747,0.0074384007,0.0055126792,0.003122123,2,0.0069384007,2,0.0069384007,2,0.0069384007,1,0.0022417747,2,0.0058442461,-0.0025290092
2015-02-03,0,0,-0.86825448,-0.0014047755,0.12657527,-0.0041596514,-0.009610984,-0.008286884,-0.0049676112,0,-0,0,-0,0,-0,0,-0,0,-0,-0.00024857072
2015-02-04,0,0,-0.30422596,-0.00071707429,0.10531449,0.00069183633,-0.00045578851,0.0013751105,-0.0015080562,0,0,0,0,0,0,0,0,0,-0,0.0069617106
2015-02-05,0,0,0.12847363,-0.00021106741,0.10575344,-0.0090486551,-0.0173754,-0.018120606,-0.0061671905,0,-0,0,-0,0,-0,0,-0,0,-0,-0.010320988
2015-02-06,0,0,-1.5751454,-0.00033109654,0.10099124,0.00044856459,0.003255814,0.00089610196,0.0010804754,0,0,0,0,0,0,0,0,0,0,0.0015967267
2015-02-09,0,0,-1.0705028,0.00061072953,0.097115243,0.00239976,0.0032679739,0.0048166173,0.00084320418,0,0,0,0,0,0,0,0,0,0,-0.0011458178
2015-02-10,0,0,0.93369645,-0.00039702627,0.098091315,-0.0043411007,-0.0088413215,-0.0086861022,-0.0078519349,0,-0,0,-0,0,-0,0,-0,0,-0,-0.0047880299
2015-02-11,0,0,-0.65746085,-0.0014550592,0.10105899,0.0011523623,0.003286385,0.0023041475,-0.00036218761,0,0,0,0,0,0,0,0,0,-0,0.0014032274
2015-02-12,0,0,-0.047210624,0.0005372838,0.10132533,-0.003850385,-0.011204482,-0.0076946138,-0.003098841,0,-0,0,-0,0,-0,0,-0,0,-0,-0.0030527475
2015-02-13,0,0,-0.34735669,-0.0013474827,0.10188276,0.004756183,0.0070159027,0.0094871923,0.0044641062,0,0,0,0,0,0,0,0,0,0,0.0074293459
2015-02-16,0,0,-0.23086032,-0.0026969762,0.089139777,0.0012457023,0.0032512773,0.0024914047,-0.0014390215,0,0,0,0,0,0,0,0,0,-0,0.0012457023
2015-02-17,0,0,-0.73694641,-8.9908727e-05,0.08258095,0.0040885521,0.0097810899,0.0081926266,0.0040503689,0,0,0,0,0,0,0,0,0,0,0.0021897084
2015-02-23,1,1,1.1648846,-0.0023480719,0.075628565,-0.0018782127,-0.0050228311,-0.0037390534,-0.0052750565,2,-0.0055228311,2,-0.0055228311,2,-0.0055228311,1,-0.0023782127,2,-0.010950113,0.0027808124
2015-02-24,1,1,1.2049002,-0.0019981073,0.073604449,0.00014840465,0.00045829514,0.00029650128,-0.002184013,2,-4.1704858e-05,2,-4.1704858e-05,2,-4.1704858e-05,1,-0.00035159535,2,-0.004768026,0.0011884718
2015-02-25,1,1,1.2597187,-0.0024169228,0.073691984,0.00039449677,0.00090909091,0.00078662734,0.00094966762,2,0.00040909091,2,0.00040909091,2,0.00040909091,1,-0.00010550323,2,0.0014993352,0.0034128005
2015-02-26,0,0,0.038635619,-0.0030512549,0.072796029,-0.0005913952,-0.00090744102,-0.0011825573,-0.00039521005,0,-0,0,-0,0,-0,0,-0,0,-0,-0.0003943412
2015-02-27,0,0,-0.19861697,-0.0040826295,0.072689988,-0.0014818474,-0.0050136737,-0.0029686804,-0.0050251256,0,-0,0,-0,0,-0,0,-0,0,-0,-0.0031559742
2015-03-02,1,1,2.3943817,-0.0048893691,0.070084763,0.0042469136,0.0059198543,0.0084791718,0.0020542804,2,0.0054198543,2,0.0054198543,2,0.0054198543,1,0.0037469136,2,0.0037085608,0.0059856542
2015-03-03,0,0,0.056811789,-0.0011525667,0.076809276,0.0011769898,0.0027027027,0.0023476475,-0.00019642506,0,0,0,0,0,0,0,0,0,-0,0.0038847364
2015-03-04,0,0,0.56799287,-0.0018786641,0.072519601,0.00093242381,0.0018034265,0.0018683318,-0.00098208674,0,0,0,0,0,0,0,0,0,-0,-0.00093068822
2015-03-05,0,0,0.10075517,0.0011409912,0.071833124,0.001323789,0.0067750678,0.002647578,0.00055113771,0,0,0,0,0,0,0,0,0,0,0.001323789
2015-03-06,0,0,0.38483045,0.0012103775,0.07159623,0.0032259641,0.0094170404,0.0064405953,0.0047891968,0,0,0,0,0,0,0,0,0,0,0.0049943691
2015-03-09,0,0,0.45871198,0.0020969936,0.074741544,-0.0080082035,-0.012539185,-0.016052464,-0.0080059652,0,-0,0,-0,0,-0,0,-0,0,-0,-0.010231425
2015-03-10,0,0,0.50478413,0.00065611,0.0874305,-0.0069222839,-0.01308074,-0.013807962,-0.0079208701,0,-0,0,-0,0,-0,0,-0,0,-0,-0.0042825498
2015-03-11,0,0,0.1829386,0.00021795789,0.084488804,0.0070152744,0.012968967,0.014121182,0.0082770203,0,0,0,0,0,0,0,0,0,0,0.0005932371
2015-03-12,0,0,-0.55418131,-0.00067139154,0.084508434,0.0015835313,0.00045892611,0.0031720856,-0.0055231057,0,0,0,0,0,0,0,0,0,-0,0
2015-03-13,0,0,0.90854599,-0.00089149587,0.087974483,0.0003945746,0.00091033227,0.00078778927,-0.001504593,0,0,0,0,0,0,0,0,0,-0,0.0021245059
2015-03-16,0,0,0.63608312,-0.00012651666,0.088010742,0.0018261685,0.0063956144,0.0036563071,0.0012295245,0,0,0,0,0,0,0,0,0,0,0.00073953557
2015-03-17,0,0,-0.47251275,-0.0011249489,0.087674172,0.018496713,0.033783784,0.036841591,0.017377941,0,0,0,0,0,0,0,0,0,0,0.022711597
2015-03-18,0,0,0.63129164,-0.0010711264,0.11599123,0,-0.00086956522,0,-0.00088992068,0,0,0,0,0,0,0,0,0,-0,0
2015-03-19,1,1,1.1225905,-0.0020323314,0.11381546,-0.0047805718,-0.0072992701,-0.0094890165,-0.0064830443,2,-0.0077992701,2,-0.0077992701,2,-0.0077992701,1,-0.0052805718,2,-0.013366089,0.0028421408
2015-03-20,0,0,0.4230711,-2.4008086e-05,0.11376044,-0.0030742627,-0.0034662045,-0.0061485253,-0.0008496833,0,-0,0,-0,0,-0,0,-0,0,-0,-0.0030742627
2015-03-23,0,0,-0.56184022,-0.0012613136,0.11422402,-0.0034078909,-0.006044905,-0.0067897102,-0.0020425466,0,-0,0,-0,0,-0,0,-0,0,-0,0.00043365134
2015-03-24,0,0,-0.42660705,-0.0019284162,0.11425032,0.0029404676,0.0034797738,0.0058860424,0.0022430196,0,0,0,0,0,0,0,0,0,0,0.0020709917
2015-03-25,0,0,0.93189451,-0.00073286922,0.11428036,0,0.0017346054,0,-0.0015808753,0,0,0,0,0,0,0,0,0,-0,0
2015-03-26,0,0,-0.95820468,0.0036955483,0.11292811,-0.0034809515,-0.0057067603,-0.0070032098,-0.0027270248,0,-0,0,-0,0,-0,0,-0,0,-0,-0.0093242334
2015-03-27,0,0,0.67821832,0.00062048279,0.12143496,-0.0015535489,-0.0048586572,-0.003109211,-0.0033930034,0,-0,0,-0,0,-0,0,-0,0,-0,-0.0022317097
2015-03-30,0,0,0.60894669,-0.0030584955,0.11941891,0.0032127732,0.0071174377,0.0064327485,-0.0013647885,0,0,0,0,0,0,0,0,0,-0,0.0020908295
2015-03-31,0,0,-0.0051888266,-0.00070134936,0.11590607,-0.0049710425,-0.010056843,-0.0098891076,-0.0014748118,0,-0,0,-0,0,-0,0,-0,0,-0,0.00038817992
2015-04-01,0,0,-0.00041676,-0.0026376921,0.11639991,-0.0058303372,-0.01108156,-0.011680537,-0.005732335,0,-0,0,-0,0,-0,0,-0,0,-0,-0.0075180676
2015-04-02,1,1,1.7973343,-0.0055761589,0.12120233,-0.00053679485,-0.0022311468,-0.0010720203,-0.0042175968,2,-0.0027311468,2,-0.0027311468,2,-0.0027311468,1,-0.0010367948,2,-0.0088351935,0.00092855048
2015-04-03,0,0,0.26839317,-0.0018831427,0.12117091,0.0063399171,0.012042819,0.01266501,0.0038315674,0,0,0,0,0,0,0,0,0,0,0.0075191641
2015-04-06,0,0,0.36079441,-0.0017688237,0.1210368,0.00024245951,0.0017667845,0.0004852249,-0.0010497667,0,0,0,0,0,0,0,0,0,-0,-0.00038769082
2015-04-07,1,1,1.0276592,-0.0032842572,0.11143617,-0.0055563608,-0.012248469,-0.011075264,-0.0068432244,2,-0.012748469,2,-0.012748469,2,-0.012748469,1,-0.0060563608,2,-0.014086449,-0.0021816066
2015-04-08,0,0,0.34667204,-0.0024664885,0.11003278,0.0069940259,0.013710747,0.013983298,0.0055233576,0,0,0,0,0,0,0,0,0,0,0.0073365076
2015-04-09,0,0,-0.71019999,-0.0017958216,0.11163425,0.0002414176,0.0021910605,0.00048334864,-0.00042563071,0,0,0,0,0,0,0,0,0,-0,-0.00081994887
2015-04-10,0,0,0.42259903,-0.0022317575,0.10711585,0.0094921461,0.023113825,0.018949596,0.010025063,0,0,0,0,0,0,0,0,0,0,0.011343889
2015-04-13,0,0,-0.15016027,-0.002616127,0.11407467,0.0051416329,0.0097706032,0.010256897,0.0032746935,0,0,0,0,0,0,0,0,0,0,0.0077323278
2015-04-14,0,0,0.86493258,-0.00092018897,0.11484879,0.0044034091,0.010092515,0.0088039002,0.0066714681,0,0,0,0,0,0,0,0,0,0,0.0047364183
2015-04-15,0,0,-0.23962307,-0.0025247927,0.088731248,0.0039073534,0.0037344398,0.0078040525,3.7627935e-05,0,0,0,0,0,0,0,0,0,0,0.0052797813
2015-04-16,1,1,1.3793792,-0.0019016953,0.08864288,0.0033632287,0.006147541,0.0067004793,0.0029140359,2,0.005647541,2,0.005647541,2,0.005647541,1,0.0028632287,2,0.0054280719,0.0072684642
2015-04-17,0,0,0.22200402,0.00039968136,0.093703768,-0.00079029334,-0.0012195122,-0.0015783121,-0.0016745432,0,-0,0,-0,0,-0,0,-0,0,-0,0.00065176909
2015-04-20,0,0,-1.218901,0.0030181595,0.093517631,0.0044887081,0.0090534979,0.0090225564,0.0090553844,0,0,0,0,0,0,0,0,0,0,-0.00051177073
2015-04-21,0,0,-1.0160554,7.3923105e-05,0.093512799,-0.0029728725,-0.0060876623,-0.0059333426,-0.0031966695,0,-0,0,-0,0,-0,0,-0,0,-0,-0.00088442024
2015-04-22,0,0,0.015172655,0.00026078459,0.09416864,0.0042846498,0.0073469388,0.008566108,0.0016405667,0,0,0,0,0,0,0,0,0,0,0.0046589638
2015-04-23,1,0,1.0280847,0.00073560674,0.093676325,0.010162602,0.020473705,0.020246641,0.0085840086,0,0,0,0,0,0,0,0,2,0.016768017,0.01409757
2015-04-24,0,0,0.89956283,-0.0017817419,0.090466419,-0.0074892684,-0.013752456,-0.014958045,-0.010079982,0,-0,0,-0,0,-0,0,-0,0,-0,-0.0061276751
2015-04-27,0,0,0.78104276,-4.6042349e-05,0.094248931,-0.0068737971,-0.013817608,-0.013692378,-0.0077527925,0,-0,0,-0,0,-0,0,-0,0,-0,-0.0028526732
2015-04-28,1,0,1.0759791,0.00024119548,0.0971578,-0.0055258795,-0.012749004,-0.011029412,-0.0076857702,0,-0,0,-0,0,-0,0,-0,2,-0.01577154,-0.0035068291
2015-04-29,0,0,0.56333134,0.0028588478,0.10109096,-0.0067302817,-0.012851406,-0.013400642,-0.005602137,0,-0,0,-0,0,-0,0,-0,0,-0,-0.0022689387
2015-04-30,0,0,-0.92684279,0.0022167178,0.093608625,-0.0013036596,-0.00041050903,-0.0026157224,-0.0023217496,0,-0,0,-0,0,-0,0,-0,0,-0,-0.0045017868
2015-05-04,1,1,1.0753787,-0.0011173353,0.098095952,0.0015358838,0.0024509804,0.0030666295,-0.00089696154,2,0.0019509804,2,0.0019509804,2,0.0019509804,1,0.0010358838,2,-0.0021939231,0.0032167832
2015-05-06,0,0,-0.63047175,0.0023481307,0.096655526,-0.012501166,-0.020164609,-0.025097158,-0.0072567303,0,-0,0,-0,0,-0,0,-0,0,-0,-0.016218226
2015-05-07,0,0,-0.73952652,-0.00030872802,0.10931345,-0.0037821483,-0.0088383838,-0.0075707391,-0.0024324427,0,-0,0,-0,0,-0,0,-0,0,-0,-0.0046291923
2015-05-08,0,0,-1.2588437,0.00042277952,0.11225155,-0.0044117647,-0.0093220339,-0.0088201821,-0.0049597497,0,-0,0,-0,0,-0,0,-0,0,-0,-0.0040337889
2015-05-11,1,1,1.108588,-0.0037541634,0.11340357,-0.0046875,-0.010552976,-0.0093163318,-0.0074397419,2,-0.011052976,2,-0.011052976,2,-0.011052976,1,-0.0051875,2,-0.015279484,0.0016200505
2015-05-12,1,1,1.3095048,-0.0031201992,0.11356022,0.00014281634,0.0025706941,0.00028583679,-0.0026705326,2,0.0020706941,2,0.0020706941,2,0.0020706941,1,-0.00035718366,2,-0.0057410652,-0.00057085771
2015-05-13,0,0,0.69500816,-0.0013861496,0.10196435,0.0060441652,0.012820513,0.012086605,0.0054617676,0,0,0,0,0,0,0,0,0,0,0.0061878243
2015-05-14,0,0,-0.28680476,-0.0021034565,0.10293597,0.0028427935,0.0059271804,0.0056944906,0.0019378372,0,0,0,0,0,0,0,0,0,0,0.00127726
2015-05-15,0,0,0.098232633,-0.0030537314,0.098835203,-0.0138817,-0.027151211,-0.027652793,-0.014741366,0,-0,0,-0,0,-0,0,-0,0,-0,-0.0099215723
2015-05-18,0,0,-0.41446119,0.0010095174,0.10331577,0.00019045805,0.0034290613,0.00038008362,0.0026408451,0,0,0,0,0,0,0,0,0,0,0.0023859515
2015-05-19,0,0,-0.85271937,-0.0005474689,0.095916181,0.0045701228,0.0085470085,0.0091402456,0.0041246563,0,0,0,0,0,0,0,0,0,0,0.0045701228
2015-05-20,0,0,0.95712218,-0.00093688771,0.097431952,0.0068078669,0.015202703,0.013583624,0.005951704,0,0,0,0,0,0,0,0,0,0,0.0091934414
2015-05-21,0,0,-0.29553808,-0.0010417168,0.10389362,-0.0096420676,-0.021666667,-0.019315933,-0.0095776772,0,-0,0,-0,0,-0,0,-0,0,-0,-0.011269722
2015-05-22,0,0,0.67865675,-0.00098626805,0.10934108,0.0098475523,0.021628499,0.019633755,0.0089888493,0,0,0,0,0,0,0,0,0,0,0.013012918
2015-05-26,0,0,0.014979732,0.0033734204,0.11964502,-0.0051406674,-0.0041511,-0.010248765,-0.0020679801,0,-0,0,-0,0,-0,0,-0,0,-0,-0.0019690577
2015-05-27,0,0,-0.57362858,0.00052492999,0.10544534,-0.014921145,-0.028716216,-0.029998101,-0.014172035,0,-0,0,-0,0,-0,0,-0,0,-0,-0.020011274
2015-05-28,0,0,-0.37453209,-0.00080183115,0.12353313,-0.0031066291,-0.0086206897,-0.0061951963,-0.0040975759,0,-0,0,-0,0,-0,0,-0,0,-0,-0.00019173617
2015-05-29,0,0,-0.27739688,-0.001707206,0.1234976,0.0076908287,0.013111888,0.015421687,0.0019624442,0,0,0,0,0,0,0,0,0,0,0.0050819829
2015-06-01,0,0,0.012520855,0.0030014383,0.12316059,-0.0059321628,-0.011688312,-0.01189905,-0.0042333744,0,-0,0,-0,0,-0,0,-0,0,-0,-0.0088246518
2015-06-02,0,0,-0.47534152,-3.9756954e-05,0.12434597,-0.0086235969,-0.016695958,-0.017265493,-0.009698609,0,-0,0,-0,0,-0,0,-0,0,-0,-0.0096732278
2015-06-03,0,0,0.23267684,-3.5422901e-06,0.12651267,-0.010195165,-0.022261799,-0.02037055,-0.0094722071,0,-0,0,-0,0,-0,0,-0,0,-0,-0.0092331616
2015-06-04,1,1,1.1194862,-0.0028587935,0.12693821,0.0010269953,0.0022634676,0.0020479813,0.00027407987,2,0.0017634676,2,0.0017634676,2,0.0017634676,1,0.00052699531,2,0.00014815975,0.0039729253
2015-06-05,0,0,-0.74371452,-0.00065497061,0.12425393,0.0027957622,0.0073059361,0.0056138277,0.0033452714,0,0,0,0,0,0,0,0,0,0,-0.0011725048
2015-06-08,0,0,-0.12461598,-0.0013690764,0.12323898,-0.00093041477,-0.00090909091,-0.0018630191,-0.0025895555,0,-0,0,-0,0,-0,0,-0,0,-0,-0.0021032037
2015-06-09,0,0,0.17975921,0.001985937,0.12202056,-0.0015684737,0,-0.0031369474,-0.0010639136,0,0,0,0,0,0,0,0,0,-0,-0.0015684737
2015-06-10,1,1,2.2962498,-0.0034951492,0.12125279,-0.0087135304,-0.019030358,-0.017377721,-0.013268102,2,-0.019530358,2,-0.019530358,2,-0.019530358,1,-0.0092135304,2,-0.026936204,-0.0058910162
2015-06-11,0,0,0.095926384,-0.0030826722,0.12196521,0.001034279,-0.0032051282,0.002063071,-0.0057138354,0,0,0,0,0,0,0,0,0,-0,0.0037037037
2015-06-12,1,1,1.5970402,-0.0017168933,0.11797374,-0.010215107,-0.019213175,-0.020393157,-0.0089784989,2,-0.019713175,2,-0.019713175,2,-0.019713175,1,-0.010715107,2,-0.018356998,-0.0084132841
2015-06-15,0,0,-1.1957948,-0.0026795836,0.11713852,0.0022457331,0.0066037736,0.0045176187,0.0023986568,0,0,0,0,0,0,0,0,0,0,-0.0035228739
2015-06-16,0,0,0.70666841,-0.0044763196,0.11463667,-0.0074753314,-0.018327068,-0.01496334,-0.00976329,0,-0,0,-0,0,-0,0,-0,0,-0,-0.0083154907
2015-06-17,0,0,-0.085071301,-0.0024815145,0.11586607,0.00025089066,0.00047732697,0.00050145422,-0.0007622257,0,0,0,0,0,0,0,0,0,-0,0.00090379594
2015-06-18,1,1,1.2111291,-0.0018648747,0.11505431,-0.0012487512,-0.0037771483,-0.0024868199,-0.0029949685,2,-0.0042771483,2,-0.0042771483,2,-0.0042771483,1,-0.0017487512,2,-0.0063899369,0.0030600983
2015-06-19,0,0,0.47447273,-0.0012996133,0.10792347,-0.00039791097,-0.0056206089,-0.00079149147,-0.0060866452,0,-0,0,-0,0,-0,0,-0,0,-0,0.0051012753
2015-06-22,1,0,2.8530554,0.00050197944,0.10522461,0.00014879476,0.0018691589,0.00029663321,-0.0024244833,0,0,0,0,0,0,0,0,2,-0.0052489666,0.0033835896
2015-06-23,1,1,1.7283974,-0.0012573451,0.092651122,0.0080406472,0.012903226,0.01599686,0.0050148075,2,0.012403226,2,0.012403226,2,0.012403226,1,0.0075406472,2,0.009629615,0.013389536
2015-06-24,0,0,0.2414676,-0.00050521389,0.1105169,-0.0017591869,-0.0040779338,-0.0035133948,-0.00027449904,0,-0,0,-0,0,-0,0,-0,0,-0,-0.00034254955
2015-06-25,0,0,-0.58533972,-0.00090342724,0.089064307,0.0024555545,0.0073394495,0.0049270792,-0.00015757958,0,0,0,0,0,0,0,0,0,-0,-0.00078323869
2015-06-26,0,0,-0.49354455,-0.00048101735,0.08986888,0.0042281219,0.0082644628,0.0084862838,0.0046981721,0,0,0,0,0,0,0,0,0,0,0.00068587106
2015-06-29,0,0,-5.1964025,0.0056955519,0.090520335,-0.0036568492,0.0018761726,-0.0073830191,0.0025936714,0,0,0,0,0,0,0,0,0,0,-0.012924704
2015-06-30,1,1,1.8611126,-0.00015656902,0.097820061,0.0069634419,0.013672796,0.01396648,0.0069854702,2,0.013172796,2,0.013172796,2,0.013172796,1,0.0064634419,2,0.01357094,0.0041166551
2015-07-01,0,0,-0.36288308,-0.001909533,0.094821969,0.012509889,0.026536313,0.025045785,0.010218226,0,0,0,0,0,0,0,0,0,0,0.01145962
2015-07-02,0,0,-0.29901558,-0.0019088556,0.099059278,0.00019516003,-0.0013556258,0.00038995857,-0.0013289556,0,0,0,0,0,0,0,0,0,-0,0.0011232114
2015-07-03,0,0,-0.40787092,-0.00021335872,0.097374249,-0.0022941377,-0.0049773756,-0.0045911888,-0.0026631158,0,-0,0,-0,0,-0,0,-0,0,-0,-0.0029268293
2015-07-06,0,0,-4.4007112,0.0012815353,0.097815162,-0.0128783,-0.027932961,-0.026080851,-0.011741294,0,-0,0,-0,0,-0,0,-0,0,-0,-0.025
2015-07-07,1,1,1.8003583,-4.6552123e-05,0.13185499,-0.0029455816,-0.0061611374,-0.0058616065,-0.0060904756,2,-0.0066611374,2,-0.0066611374,2,-0.0066611374,1,-0.0034455816,2,-0.012580951,0.0021074816
2015-07-08,0,0,-0.34757259,0.00042009856,0.13171761,-0.013472904,-0.027181688,-0.026952557,-0.014920571,0,-0,0,-0,0,-0,0,-0,0,-0,-0.013719894
2015-07-09,0,0,-0.13768892,0.0042553549,0.13711661,0.01163206,0.027860697,0.023378621,0.014804458,0,0,0,0,0,0,0,0,0,0,0.0067015282
2015-07-10,0,0,0.68398248,-0.001043385,0.14053626,-0.0022623297,-0.00096432015,-0.0045105999,-0.0039144471,0,-0,0,-0,0,-0,0,-0,0,-0,0.00085733017
2015-07-13,0,0,-1.691785,-0.00068849607,0.14048667,0.010682253,0.023751818,0.021364507,0.011497976,0,0,0,0,0,0,0,0,0,0,0.010682253
2015-07-14,0,0,-0.68718636,-0.0029890899,0.1475007,-0.0066676618,-0.014595104,-0.013309495,-0.0082169924,0,-0,0,-0,0,-0,0,-0,0,-0,-0.0047362648
2015-07-15,0,0,0.34390059,-0.0012876917,0.14490769,-0.00044925872,0,-0.00089538875,8.0118575e-05,0,0,0,0,0,0,0,0,0,0,0.003055653
2015-07-16,0,0,-0.31381617,-0.002141339,0.14538672,0.0091545773,0.01860687,0.018340349,0.0078553966,0,0,0,0,0,0,0,0,0,0,0.0074410707
2015-07-17,0,0,0.54946213,-0.0026966054,0.14741629,-0.01036474,-0.020398702,-0.020639835,-0.011144043,0,-0,0,-0,0,-0,0,-0,0,-0,-0.0060476875
2015-07-20,0,0,-0.65271788,-0.00048277656,0.14861572,-0.0013468349,-0.0037914692,-0.0026942075,-0.0044396448,0,-0,0,-0,0,-0,0,-0,0,-0,-0.0015460576
2015-07-21,0,0,0.86336988,-0.001270703,0.14879985,0.0016979624,0.0014218009,0.0033952467,0.0016804705,0,0,0,0,0,0,0,0,0,0,0.0018981019
2015-07-22,0,0,-1.6649934,0.0002005093,0.14083387,-0.0032579821,-0.0081417625,-0.0065510986,-0.003257067,0,-0,0,-0,0,-0,0,-0,0,-0,-0.0085751321
2015-07-23,0,0,0.57653196,-0.00033650597,0.14408485,-0.0017075131,-0.0038498556,-0.0034105728,-0.0039871124,0,-0,0,-0,0,-0,0,-0,0,-0,-0.00040229307
2015-07-24,0,0,-0.26943872,-0.00056243226,0.14366915,-0.0062699095,-0.012682927,-0.012604188,-0.0070947863,0,-0,0,-0,0,-0,0,-0,0,-0,-0.011319046
2015-07-27,0,0,-0.44407628,0.0009576227,0.14587889,0.0063378482,0.01445663,0.012732967,0.0057475983,0,0,0,0,0,0,0,0,0,0,0.0018317814
2015-07-28,0,0,-0.88555114,0.0033914375,0.14032305,0.0048390383,0.009905894,0.009706258,0.0057009269,0,0,0,0,0,0,0,0,0,0,0.0019300117
2015-07-29,0,0,-0.011570172,-0.0017287968,0.13921685,0.00035358893,0,0.00070468616,-0.0031610942,0,0,0,0,0,0,0,0,0,-0,0.0039032798
2015-07-30,0,0,-1.1552954,0.0019446471,0.13243569,-0.009438724,-0.019426906,-0.018869828,-0.009755701,0,-0,0,-0,0,-0,0,-0,0,-0,-0.0090385781
2015-07-31,0,0,0.98572243,-0.0026730863,0.13455495,-0.0031589137,-0.0079168728,-0.0063171838,-0.0013081514,0,-0,0,-0,0,-0,0,-0,0,-0,-0.0030573248
2015-08-03,0,0,-0.64944577,-0.00052679957,0.1357351,-0.0068891611,-0.011958146,-0.01375656,-0.0091502195,0,-0,0,-0,0,-0,0,-0,0,-0,-0.0053156146
2015-08-04,0,0,0.10926356,0.00067451632,0.11191836,0.0046262979,0.010090817,0.0092559264,0.008655678,0,0,0,0,0,0,0,0,0,0,0.0042649401
2015-08-05,0,0,0.0076824539,-0.0037371565,0.11736103,0.0013311489,0.0045067601,0.0026639344,-0.0015605749,0,0,0,0,0,0,0,0,0,-0,0.00071633238
2015-08-06,0,0,0.24983926,-0.0013122663,0.1091197,-0.012863049,-0.024888004,-0.025682837,-0.015624359,0,-0,0,-0,0,-0,0,-0,0,-0,-0.011197464
2015-08-07,0,0,0.39389392,-0.00060585535,0.11331047,0.0017642175,0.0020565553,0.0035407446,0.0003337366,0,0,0,0,0,0,0,0,0,0,-0.0017063964
2015-08-10,0,0,-0.15292714,-0.0014981746,0.11316146,-0.00020771667,-0.0010298661,-0.00041649313,-0.0015028805,0,-0,0,-0,0,-0,0,-0,0,-0,-0.0027452605
2015-08-11,0,0,0.60863997,-0.0030438938,0.10108983,-0.0099178677,-0.018357981,-0.019727716,-0.013762799,0,-0,0,-0,0,-0,0,-0,0,-0,-0.0044668363
2015-08-12,0,0,0.0050048505,0.0013507483,0.10128147,-0.0032963583,-0.0078369906,-0.0066117437,0.00075930144,0,-0,0,-0,0,-0,0,-0,0,0,-0.0061564147
2015-08-13,0,0,-0.63849893,-0.0030955739,0.098561866,0.0056770395,0.012684989,0.011369019,0.001265716,0,0,0,0,0,0,0,0,0,0,0.0043571841
2015-08-17,0,0,0.54326918,0.00033384182,0.092264694,-0.010736996,-0.019260802,-0.021413721,-0.011963731,0,-0,0,-0,0,-0,0,-0,0,-0,-0.0079448045
2015-08-18,0,0,0.72887356,-0.0025578103,0.093957258,-0.0038906414,-0.010537408,-0.0077649528,-0.006295154,0,-0,0,-0,0,-0,0,-0,0,-0,-0.0017913593
2015-08-19,0,0,0.49405779,-0.0025879357,0.093910453,-0.0062357977,-0.011223944,-0.012486772,-0.0051806871,0,-0,0,-0,0,-0,0,-0,0,-0,-0.0074422042
2015-08-20,0,0,-0.37346983,-0.00065683602,0.08827933,-0.0088929123,-0.01897019,-0.017810484,-0.007244513,0,-0,0,-0,0,-0,0,-0,0,-0,-0.010263228
2015-08-21,0,0,-4.5649433,0.0013857621,0.089992033,0.0046065259,0.0017142857,0.0094075484,0.0047774927,0,0,0,0,0,0,0,0,0,0,-0.015742532
2015-08-24,1,0,1.740843,0.00020669793,0.10592473,-0.013670691,-0.030267753,-0.027612314,-0.016121869,0,-0,0,-0,0,-0,0,-0,2,-0.032643738,-0.023254544
2015-08-25,1,1,6.4959183,-0.00060335679,0.12740777,0.0021208908,0.0065907729,0.0042361072,0.0022915169,2,0.0060907729,2,0.0060907729,2,0.0060907729,1,0.0016208908,2,0.0041830338,0.0034650422
2015-08-26,0,0,0.58762727,-0.0030375881,0.13312588,0.024420298,0.048736462,0.049118459,0.023461729,0,0,0,0,0,0,0,0,0,0,0.018657755
2015-08-27,0,0,-1.9682517,-0.0048829667,0.16010094,-0.00016299919,-0.0011363636,-0.00032397408,-0.0036556706,0,-0,0,-0,0,-0,0,-0,0,-0,0.0061235648
2015-08-28,0,0,0.59742063,-0.0054001118,0.16158923,0.0059273629,0.0072463768,0.011755905,0.002329494,0,0,0,0,0,0,0,0,0,0,0.014454951
2015-08-31,0,0,-1.1798796,-0.00078436502,0.1724213,0.0024733842,0.0089186176,0.0049654577,0.0053549836,0,0,0,0,0,0,0,0,0,0,-0.0012856225
2015-09-01,0,0,-0.39974906,-0.00089317982,0.1720962,-0.0083279605,-0.016146993,-0.016684607,-0.0099629087,0,-0,0,-0,0,-0,0,-0,0,-0,-0.010030036
2015-09-02,0,0,-0.76964821,0.0041845304,0.17401173,0.012977057,0.027809965,0.026232774,0.015682983,0,0,0,0,0,0,0,0,0,0,0.0023297394
2015-09-03,0,0,-0.27321727,-0.0016875718,0.16984154,-0.0024760469,-0.0061383929,-0.0049313894,-0.004837595,0,-0,0,-0,0,-0,0,-0,0,-0,0.0017297297
2015-09-04,0,0,0.64124919,-0.0022659287,0.17072433,-0.0093261456,-0.019058296,-0.018634209,-0.014401246,0,-0,0,-0,0,-0,0,-0,0,-0,-0.0083639111
2015-09-07,1,0,1.0116023,0.001902204,0.1694233,-0.00016361257,-0.0011474469,-0.00032795846,-0.00096690546,0,-0,0,-0,0,-0,0,-0,2,-0.0023338109,-0.0023942972
2015-09-08,0,0,0.56635138,0.0018030373,0.16933111,-0.00043532677,0.00057175529,-0.00086857391,-0.00092117384,0,0,0,0,0,0,0,0,0,-0,0.0019636721
2015-09-09,0,0,0.40411486,-0.0019858286,0.1701157,0.019673368,0.040965208,0.038960346,0.016743298,0,0,0,0,0,0,0,0,0,0,0.02988731
2015-09-10,0,0,-1.0839603,0.0033362256,0.20306163,0.0044678475,0.015907844,0.0089916506,0.02083154,0,0,0,0,0,0,0,0,0,0,-0.0017443704
2015-09-11,0,0,-3.7832605,-0.0015449341,0.20763101,-0.0024357956,-0.0032626427,-0.0048715912,-0.0033259424,0,-0,0,-0,0,-0,0,-0,0,-0,-0.0024357956
2015-09-14,0,0,0.1384626,-0.00055826737,0.2139627,-0.00851942,-0.018378378,-0.01698581,-0.0059287695,0,-0,0,-0,0,-0,0,-0,0,-0,-0.0054143001
2015-09-15,0,0,0.06629923,-0.0016049208,0.21230398,0.0019741756,0.00330033,0.0039472982,0.0029195827,0,0,0,0,0,0,0,0,0,0,0.0022415541
2015-09-16,0,0,-0.060304209,0.00094616965,0.21251152,0.015289387,0.031891892,0.030381078,0.016560943,0,0,0,0,0,0,0,0,0,0,0.0219394
2015-09-17,0,0,0.623754,0.0033863412,0.22633245,-0.0059830823,-0.010791367,-0.0118458,-0.0044102351,0,-0,0,-0,0,-0,0,-0,0,-0,0.0042207285
2015-09-18,0,0,-0.2261066,0.00055389011,0.221474,0.0096223864,0.013541667,0.019290928,0.0088280825,0,0,0,0,0,0,0,0,0,0,0.0072125363
2015-09-21,0,0,-1.82217,0.0024538562,0.20789158,-0.0060981966,-0.011542497,-0.012341121,-0.0056288331,0,-0,0,-0,0,-0,0,-0,0,-0,-0.017618876
2015-09-22,0,0,0.56616681,-0.00093785133,0.19746281,0.0024047258,0.0063357973,0.0047944135,0.0035317861,0,0,0,0,0,0,0,0,0,0,0.0055587603
2015-09-23,0,0,-1.976431,-0.001304214,0.19783606,-0.0023204303,-0.0059076262,-0.0046935837,-0.006741573,0,-0,0,-0,0,-0,0,-0,0,-0,-0.013402868
2015-09-24,1,0,1.5629462,6.1079991e-05,0.20132959,-0.0030031612,-0.008583691,-0.0059867661,-0.0058985784,0,-0,0,-0,0,-0,0,-0,2,-0.012197157,0.00026429855
2015-09-25,0,0,0.40820008,2.3473887e-05,0.20085192,0.00026470433,0.0027173913,0.0005303633,-0.0029426817,0,0,0,0,0,0,0,0,0,-0,-0.0015325266
2015-09-30,0,0,-1.2534906,0.0004664054,0.19445356,0.022020517,0.04812535,0.044701265,0.027164244,0,0,0,0,0,0,0,0,0,0,0.0071451254
2015-10-01,0,0,-2.2778335,-0.0047724616,0.19912614,0.011832141,0.021913415,0.023680472,0.0085376162,0,0,0,0,0,0,0,0,0,0,0.01114089
2015-10-02,0,0,-0.61412936,-0.0016388246,0.19255551,-0.0056191467,-0.01255887,-0.011250586,-0.0052015605,0,-0,0,-0,0,-0,0,-0,0,-0,-0.0067044332
2015-10-05,0,0,-0.22982995,-0.0018893161,0.19473221,-0.0030743578,-0.0057742782,-0.006123508,-0.0019710631,0,-0,0,-0,0,-0,0,-0,0,-0,0.001046463
2015-10-06,0,0,0.42611595,-0.00068436995,0.19484019,-0.0016536613,-0.0036157025,-0.0032703117,-0.00041618112,0,-0,0,-0,0,-0,0,-0,0,-0,0.0097742003
2015-10-07,1,1,1.2016144,-0.0019206754,0.19069706,0.013017201,0.021123132,0.025980721,0.0098697852,1.5731758,0.017163325,2,0.020623132,2,0.020623132,1,0.012517201,2,0.01933957,0.015114654
2015-10-08,0,0,0.35483042,-0.0013547011,0.19360097,0.0030981766,0.004995005,0.0061719027,0.0049015603,0,0,0,0,0,0,0,0,0,0,0.0070878589
2015-10-12,0,0,-1.0004112,0.00085799879,0.1949559,0.0025230862,0.0049333991,0.0050291692,0.0013405915,0,0,0,0,0,0,0,0,0,0,0.0059240506
2015-10-13,0,0,-0.57602641,0.0021773758,0.17068956,-0.0015618702,-0.0029469548,-0.0031267336,-0.00073105353,0,-0,0,-0,0,-0,0,-0,0,-0,-0.0025167363
2015-10-14,0,0,-0.10545802,0.0010712841,0.16770004,-0.0019710907,-0.00099009901,-0.0039483675,-0.0019964959,0,-0,0,-0,0,-0,0,-0,0,-0,-0.0035323207
2015-10-15,0,0,0.17884738,0.0012297206,0.15820569,0.011295143,0.026328862,0.022594863,0.012539825,0,0,0,0,0,0,0,0,0,0,0.011090292
2015-10-16,0,0,-1.2165312,0.00043731653,0.16045038,-0.0040977462,-0.01345507,-0.0081771041,-0.0039059354,0,-0,0,-0,0,-0,0,-0,0,-0,-0.0018531504
2015-10-19,0,0,-0.52165662,0.0021709253,0.16150945,-0.0022019818,-0.0038778478,-0.0043923135,-8.0811346e-05,0,-0,0,-0,0,-0,0,-0,0,-0,0.00045160319
2015-10-20,0,0,-0.094562289,-0.0012096845,0.14461543,0.0030620953,0.0092682927,0.0061294212,0.0038776912,0,0,0,0,0,0,0,0,0,0,0.0022068412
2015-10-21,0,0,-0.16758553,-0.0018496243,0.14487664,0.0043554443,0.0067665539,0.0087139423,0.0034219002,0,0,0,0,0,0,0,0,0,0,0.0040036032
2015-10-22,0,0,0.20864361,-0.0025770413,0.14336606,-0.0025990903,-0.0053191489,-0.00521251,-0.007308063,0,-0,0,-0,0,-0,0,-0,0,-0,-0.0053334663
2015-10-23,0,0,0.87515153,0.0016194144,0.12842952,-0.0025298874,-0.0047641734,-0.0050090851,-0.0016411817,0,-0,0,-0,0,-0,0,-0,0,-0,0.0076672513
2015-10-26,0,0,-0.1052799,0.0011106838,0.12880852,-0.0025728564,-0.0056818182,-0.0051196219,-0.00087796313,0,-0,0,-0,0,-0,0,-0,0,-0,0.002536304
2015-10-27,0,0,-0.87587033,0.0017721682,0.102873,0.0010930591,-0.00047687172,0.0021895994,0.0020840013,0,0,0,0,0,0,0,0,0,0,-0.00049605635
2015-10-28,0,0,0.077899181,0.00028811489,0.10352285,-0.00089312295,-0.0019047619,-0.0017858029,-0.00095988481,0,-0,0,-0,0,-0,0,-0,0,-0,-0.00064519331
2015-10-29,0,0,0.068584759,-0.004695538,0.10290033,-0.0030266945,-0.0066698428,-0.0060479873,-0.0089971735,0,-0,0,-0,0,-0,0,-0,0,-0,-0.0021354787
2015-10-30,0,0,0.15581321,-0.0027635661,0.099588864,0.0076373983,0.010597303,0.015320683,0.00084269663,0,0,0,0,0,0,0,0,0,0,0.0046284776
2015-11-02,0,0,0.8066718,-0.0011745173,0.097428059,0.00089472115,0.0028694405,0.0017955112,0.0029616585,0,0,0,0,0,0,0,0,0,0,-0.0024769642
2015-11-03,0,0,-0.52337397,-4.6020194e-07,0.092544376,0.0027628398,0.0075471698,0.0054896579,0.0027044225,0,0,0,0,0,0,0,0,0,0,0.009386174
2015-11-04,0,0,0.18855461,0.00063870936,0.093255096,-0.0033352953,-0.0097583643,-0.0066500416,-0.0016222205,0,-0,0,-0,0,-0,0,-0,0,-0,-0.00024600246
2015-11-05,0,0,-0.40142233,-0.0012218395,0.0904092,0.00098658248,0.0047169811,0.0019778481,7.9437582e-05,0,0,0,0,0,0,0,0,0,0,-0.0013779528
2015-11-06,0,0,-0.34594543,-0.00069316683,0.080975553,-0.0046897369,-0.0089622642,-0.0093957076,-0.0050888562,0,-0,0,-0,0,-0,0,-0,0,-0,-0.0064064656
2015-11-09,0,0,-0.56191488,-0.0013114687,0.078797027,-0.0010942552,-0.0014367816,-0.0021947326,-0.0026413735,0,-0,0,-0,0,-0,0,-0,0,-0,-0.0039182621
2015-11-10,0,0,-0.69059438,0.00040282363,0.08064942,-0.0093116395,-0.017484216,-0.018724518,-0.0077087622,0,-0,0,-0,0,-0,0,-0,0,-0,-0.014639247
2015-11-11,0,0,-0.773633,-0.0013604753,0.094552592,0.00055696203,0.0024826216,0.0011161281,0.0015887889,0,0,0,0,0,0,0,0,0,0,-0.0014149275
2015-11-12,0,0,0.017418508,-0.0022165961,0.093081527,0.0019742837,0.004468719,0.0039499671,-0.0024010092,0,0,0,0,0,0,0,0,0,-0,0.0016193512
2015-11-13,0,0,-0.85261218,-0.00055025221,0.082379308,-0.0031664964,-0.0050505051,-0.0064026437,-0.0018506333,0,-0,0,-0,0,-0,0,-0,0,-0,-0.013893801
2015-11-16,0,0,-2.6518955,0.0018744056,0.088757008,0,-0.0020790021,0,-0.0022555449,0,0,0,0,0,0,0,0,0,-0,-0.010861769
2015-11-17,1,1,1.6855826,-2.6080269e-05,0.10304538,-0.00041074087,-0.00051124744,-0.00081433225,-0.0030166536,2,-0.0010112474,2,-0.0010112474,2,-0.0010112474,1,-0.00091074087,2,-0.0064333072,0.0084429711
2015-11-18,0,0,0.52077254,-0.0043843505,0.10929868,-0.00046334432,-0.0010272214,-0.0009288405,-0.0013236267,0,-0,0,-0,0,-0,0,-0,0,-0,-0.0027736401
2015-11-19,0,0,-0.10341093,-0.0013508711,0.10842443,0.0044408147,0.0095959596,0.0088025497,0.0069518717,0,0,0,0,0,0,0,0,0,0,0.013546227
2015-11-20,0,0,-0.11079373,0.0015613631,0.11842285,0,-0.00049875312,0,0.00024515813,0,0,0,0,0,0,0,0,0,0,0.0017278179
2015-11-23,0,0,0.1475442,-0.00084802289,0.11323572,0.0044556962,0.0089463221,0.0088942794,0.0017924067,0,0,0,0,0,0,0,0,0,0,0.0063920455
2015-11-24,0,0,0.0036078281,0.0016443325,0.11369079,0.0043855227,0.0083785116,0.0087710455,0.0063018377,0,0,0,0,0,0,0,0,0,0,0.0043855227
2015-11-25,0,0,-0.010399596,-0.0017832876,0.11660739,-0.00020088389,-0.0019550342,-0.00040203025,-0.0048831672,0,-0,0,-0,0,-0,0,-0,0,-0,-0.0008531995
2015-11-26,0,0,0.51835697,0.00095101012,0.11717903,0.010991217,0.020497804,0.021963695,0.0089802192,0,0,0,0,0,0,0,0,0,0,0.011854531
2015-11-27,0,0,0.93525938,-0.002092593,0.12427085,-0.0032238865,-0.005730659,-0.0064420218,-0.0055497884,0,-0,0,-0,0,-0,0,-0,0,-0,-0.002333201
2015-11-30,0,0,-1.0668139,-0.0013920489,0.12419984,-0.014544909,-0.029554264,-0.029221268,-0.016351188,0,-0,0,-0,0,-0,0,-0,0,-0,-0.018958053
2015-12-01,1,1,1.6859745,-0.0022882434,0.14035342,0.011785534,0.02281746,0.02350686,0.013158431,2,0.02231746,2,0.02231746,2,0.02231746,1,0.011285534,2,0.025916862,0.014556705
2015-12-02,0,0,-1.1024943,-0.0044480875,0.1547212,-0.0064490326,-0.015012107,-0.012898065,-0.0092406589,0,-0,0,-0,0,-0,0,-0,0,-0,-0.0064490326
2015-12-03,0,0,-0.20586161,-0.0026145674,0.15703872,-0.0028854915,-0.0059701493,-0.0058062545,-0.0031777072,0,-0,0,-0,0,-0,0,-0,0,-0,-0.0089061085
2015-12-04,0,0,-1.7111733,-0.00076951819,0.15880286,0.00051342609,-0.00051072523,0.0010385834,0.0011990408,0,0,0,0,0,0,0,0,0,0,-0.010661522
2015-12-07,0,0,-0.59629096,-4.7854445e-05,0.16116262,-0.010294567,-0.020191822,-0.020448449,-0.012635379,0,-0,0,-0,0,-0,0,-0,0,-0,-0.0034381896
2015-12-08,0,0,0.79911097,0.00049056101,0.16170858,-0.0036599825,-0.008255934,-0.0073278976,-0.0067674168,0,-0,0,-0,0,-0,0,-0,0,-0,-0.0047373841
2015-12-09,0,0,0.94167868,0.0017050141,0.15662238,-0.00093061731,0.00052056221,-0.0018598884,-0.00079302141,0,0,0,0,0,0,0,0,0,-0,-0.00020695364
2015-12-10,0,0,0.53590014,0.00072296045,0.15672207,0.0062626158,0.011470282,0.012527177,0.0055165496,0,0,0,0,0,0,0,0,0,0,0.0061063962
2015-12-11,0,0,-0.35141725,-0.0011794958,0.15814546,-0.00015462323,0.0020746888,-0.00030988534,-0.0012466237,0,0,0,0,0,0,0,0,0,-0,-0.0022117066
2015-12-14,0,0,-1.1800554,0.0031933422,0.1545239,0,0.0010537408,0,0.0026099768,0,0,0,0,0,0,0,0,0,0,-0.008402495
2015-12-15,0,0,0.39370424,-0.00018305968,0.14730229,-0.0019678923,-0.0015665796,-0.0039207594,-0.0013800025,0,-0,0,-0,0,-0,0,-0,0,-0,0.001871491
2015-12-16,1,1,1.0133349,-0.00057979944,0.14285102,0.011578243,0.022657055,0.022966214,0.010793308,2,0.022157055,2,0.022157055,2,0.022157055,1,0.011078243,2,0.021186616,0.020029058
2015-12-17,0,0,0.1321196,-0.0024811292,0.15973639,-0.0058236694,-0.012450199,-0.01159508,-0.0042006525,0,-0,0,-0,0,-0,0,-0,0,-0,-0.0013226167
2015-12-18,0,0,-1.2442177,-0.0020405275,0.15206159,0.0065231907,0.013326499,0.013156532,0.0053369741,0,0,0,0,0,0,0,0,0,0,-0.0018337408
2015-12-21,1,0,1.7719954,0.0002670587,0.15297409,0.0034663812,0.0070814365,0.0069253488,0.0030862927,0,0,0,0,0,0,0,0,2,0.0057725855,0.0045417432
2015-12-22,0,0,-0.67998754,-0.0022109821,0.15244447,0.0032056175,0.008068583,0.006421691,0.0058182414,0,0,0,0,0,0,0,0,0,0,0.0015748031
2015-12-23,0,0,-0.93627431,-0.0019654327,0.15281109,0.0071825999,0.011448482,0.014326069,0.0036231884,0,0,0,0,0,0,0,0,0,0,0.0099411645
2015-12-24,0,0,-0.094607569,0.0011558684,0.15310847,-0.011046134,-0.01899659,-0.021987862,-0.010007667,0,-0,0,-0,0,-0,0,-0,0,-0,-0.0063278425
2015-12-28,0,0,0.058272402,0.00055403822,0.14771765,-0.014292207,-0.027322404,-0.028562778,-0.014630369,0,-0,0,-0,0,-0,0,-0,0,-0,-0.013544931
2015-12-29,0,0,-1.1499089,0.0071693472,0.15547145,0.0065409576,0.010676157,0.01304791,0.0022020026,0,0,0,0,0,0,0,0,0,0,0.0091710216
2015-12-30,0,0,-0.28148412,0.010259273,0.14040703,-0.0076467311,-0.013,-0.015254837,-0.0072275224,0,-0,0,-0,0,-0,0,-0,0,-0,-0.0051276844
2016-01-04,0,0,0.40340584,0.010497276,0.12166123,-0.017100143,-0.032619776,-0.034312718,-0.019515253,0,-0,0,-0,0,-0,0,-0,0,-0,-0.020310267
2016-01-05,0,0,0.70240175,0.0047267167,0.14352542,0.0082450556,0.011146497,0.016520284,0.0092750898,0,0,0,0,0,0,0,0,0,0,0.0064069174
2016-01-06,0,0,0.0067937332,0.00057198979,0.14534173,-0.0072977589,-0.015706806,-0.014595518,-0.0079499323,0,-0,0,-0,0,-0,0,-0,0,-0,-0.0072977589
2016-01-07,0,0,-0.33011224,0.0035601534,0.14293703,-0.007263796,-0.012312634,-0.014561073,-0.005573897,0,-0,0,-0,0,-0,0,-0,0,-0,-0.0095411887
2016-01-08,0,0,0.62638506,0.0015958568,0.14636936,0.013081241,0.028540066,0.026322801,0.014236111,0,0,0,0,0,0,0,0,0,0,0.0069484655
2016-01-11,0,0,-2.417522,0.00013632619,0.14908691,0.0015356103,-0.0043525571,0.0031114211,0.00025999913,0,0,0,0,0,0,0,0,0,0,-0.011239479
2016-01-12,1,1,1.6097516,-0.0012785149,0.15393308,-0.0075773521,-0.015151515,-0.015083272,-0.0081738008,1.9488989,-0.015264467,2,-0.015651515,2,-0.015651515,1,-0.0080773521,2,-0.016747602,-0.002855028
2016-01-13,0,0,0.94822196,-0.0034313424,0.15186385,0.009395123,0.019052803,0.018705338,0.0055115398,0,0,0,0,0,0,0,0,0,0,0.013997879
2016-01-14,0,0,-0.75822483,0.0008243909,0.16090906,0.0018511662,0.0049369172,0.0037453184,0.0030345067,0,0,0,0,0,0,0,0,0,0,-0.0095168375
2016-01-15,0,0,0.34833276,-0.00029998953,0.16096888,-0.018272251,-0.036002149,-0.036244678,-0.019710344,0,-0,0,-0,0,-0,0,-0,0,-0,-0.010083413
2016-01-18,0,0,-1.6176116,0.0043689379,0.16386266,0.009701935,0.018771331,0.019613184,0.013433233,0,0,0,0,0,0,0,0,0,0,-0.0009599488
2016-01-19,0,0,0.060737225,-0.000194242,0.14258781,0.0052847915,0.011185682,0.010569583,0.0056383583,0,0,0,0,0,0,0,0,0,0,0.0052847915
2016-01-20,0,0,-1.13658,-0.0016835458,0.14522351,-0.018350581,-0.038482989,-0.036870311,-0.020716124,0,-0,0,-0,0,-0,0,-0,0,-0,-0.022833475
2016-01-21,1,1,1.4369051,-0.00086155422,0.16349494,-0.0028790266,-0.0046296296,-0.0057558645,-0.0045367611,1.8349191,-0.0048406386,2,-0.0051296296,2,-0.0051296296,1,-0.0033790266,2,-0.0094735222,-0.0024997283
2016-01-22,1,1,2.2497726,-0.00071922846,0.16141732,0.011868156,0.021106674,0.023506785,0.010779766,1.8585366,0.019299762,2,0.020606674,2,0.020606674,1,0.011368156,2,0.021159532,0.021845718
2016-01-25,0,0,-0.94032624,-0.0013183116,0.18304643,0.0017531743,0.002763958,0.0034940971,0.001000087,0,0,0,0,0,0,0,0,0,0,0.0052780295
2016-01-26,0,0,-0.2805123,0.00060541088,0.1842509,-0.0070396246,-0.01396648,-0.014158533,-0.0064287589,0,-0,0,-0,0,-0,0,-0,0,-0,-0.012568944
2016-01-27,0,0,0.63768261,-0.00080355129,0.18744948,0.0058610401,0.012834821,0.011629751,0.00772285,0,0,0,0,0,0,0,0,0,0,0.013910522
2016-01-28,0,0,-1.1725242,-0.0016565319,0.19618817,0.0088037563,0.018446059,0.017736214,0.010651766,0,0,0,0,0,0,0,0,0,0,0.0015361797
2016-01-29,0,0,-1.3555328,-0.003826372,0.1968628,0.0046163642,0.0099447514,0.0092627096,0.0048924103,0,0,0,0,0,0,0,0,0,0,0.0013751521
2016-02-01,0,0,-1.8458203,-6.1918431e-06,0.19741515,0.0019964274,0.0048833424,0.0039717795,0.0034353931,0,0,0,0,0,0,0,0,0,0,0.0073416786
2016-02-02,0,0,-1.6615911,0.0016293364,0.18091869,-0.0032631579,-0.0048992923,-0.0065511412,-0.0050372411,0,-0,0,-0,0,-0,0,-0,0,-0,-0.0070260067
2016-02-03,0,0,-0.26165046,0.0010836637,0.18310438,-0.001120239,-0.0027932961,-0.0022636628,-0.0013956125,0,-0,0,-0,0,-0,0,-0,0,-0,-0.011247228
2016-02-04,0,0,0.84347133,0.0025392041,0.18444122,0.011296139,0.022075055,0.022436404,0.011333044,0,0,0,0,0,0,0,0,0,0,0.018371162
2016-02-05,0,0,-0.49856055,0.00044702684,0.19120054,0.003991387,0.010320478,0.0079945301,0.00244919,0,0,0,0,0,0,0,0,0,0,0.0025171745
2016-02-11,0,0,-2.8822237,0.0032564766,0.18936852,-0.0056657224,-0.011797753,-0.011584066,-0.0046977214,0,-0,0,-0,0,-0,0,-0,0,-0,-0.026887064
2016-02-12,0,0,-0.19172729,0.0013599096,0.21053404,-0.0021077663,-0.004027618,-0.0042384394,-0.0023059867,0,-0,0,-0,0,-0,0,-0,0,-0,-0.0074719131
2016-02-15,1,1,1.0641917,-0.00051424532,0.2119038,0.0026259378,0.006795017,0.0051972847,0.0024578652,1.4157368,0.0038591773,2,0.006295017,2,0.006295017,1,0.0021259378,2,0.0045157303,0.013269064
2016-02-16,0,0,0.81408326,-0.0032500138,0.21408743,0.013618158,0.025799215,0.027213062,0.0098578034,0,0,0,0,0,0,0,0,0,0,0.014485007
2016-02-17,0,0,-1.7152418,-0.0030838785,0.21786999,0.003750066,0.0076965366,0.007518797,0.0012086679,0,0,0,0,0,0,0,0,0,0,0.0012644889
2016-02-18,1,1,1.5656511,-0.00056308594,0.21373293,-0.0048803281,-0.0069222577,-0.0096321344,-0.0014463161,1.4036209,-0.0062044935,2,-0.0074222577,2,-0.0074222577,1,-0.0053803281,2,-0.0032926323,0.0085771417
2016-02-19,0,0,-0.33132226,-0.0025995304,0.21732629,0.0038678654,0.0075309306,0.0077499084,0.0049549357,0,0,0,0,0,0,0,0,0,0,0.0020347472
2016-02-22,0,0,-0.87790666,-0.0029303157,0.21652481,0.0042799729,0.010209565,0.0085809962,0.0015772871,0,0,0,0,0,0,0,0,0,0,0.0018223472
2016-02-23,0,0,0.057719889,-0.0016642378,0.19531922,-0.0048606443,-0.0089615182,-0.0096722745,-0.0063836983,0,-0,0,-0,0,-0,0,-0,0,-0,0.0002078894
2016-02-24,0,0,0.38599443,0.0018109369,0.19436924,0.00031217482,0.0016017085,0.0006251628,0.0026034998,0,0,0,0,0,0,0,0,0,0,-0.00098726942
2016-02-25,0,0,0.098921344,-0.00057158984,0.17998394,-0.0010379366,-0.0047619048,-0.002071251,-0.00084900454,0,-0,0,-0,0,-0,0,-0,0,-0,0.0011962967
2016-02-26,0,0,-0.22834042,-0.00083402609,0.17910316,-0.0023278672,-0.0068421053,-0.0046360686,-0.0049494479,0,-0,0,-0,0,-0,0,-0,0,-0,0.0019221778
2016-02-29,0,0,0.25138862,-0.0020407926,0.1712024,0.0014556041,0.0015991471,0.002918795,-0.003271028,0,0,0,0,0,0,0,0,0,-0,-0.0011407238
2016-03-02,1,1,2.3340318,-0.0019501893,0.16250678,0.0036434546,0.0067532468,0.0072044647,0.00075487524,1.8460768,0.0057745776,2,0.0062532468,2,0.0062532468,1,0.0031434546,2,0.0011097505,0.015261628
2016-03-03,1,1,1.069463,-0.004361499,0.1723923,0.00081628488,0.001540832,0.0016289961,-0.00045795171,1.7402169,0.00085260696,2,0.001040832,2,0.001040832,1,0.00031628488,2,-0.0013159034,0.0030166684
2016-03-04,0,0,-0.7707545,-0.0020456718,0.17312464,0.00025488097,0.001025641,0.00050976194,-0.00041694463,0,0,0,0,0,0,0,0,0,-0,0.00025488097
2016-03-07,0,0,0.27835698,-0.0023268191,0.17242505,0,-0.001529052,0,-0.001081216,0,0,0,0,0,0,0,0,0,-0,0.0020894914
2016-03-08,0,0,-0.16790018,0.0010716567,0.16614823,-0.0084818934,-0.018819939,-0.016941415,-0.0076164315,0,-0,0,-0,0,-0,0,-0,0,-0,-0.0071708285
2016-03-09,0,0,0.21063504,0.0017654967,0.16461767,0.0063632165,0.010914761,0.012749332,0.0062699882,0,0,0,0,0,0,0,0,0,0,0.0045589591
2016-03-10,0,0,0.15080941,0.00048654253,0.15471462,0.0071763029,0.016393443,0.014325629,0.0063357092,0,0,0,0,0,0,0,0,0,0,0.0090765387
2016-03-11,0,0,-0.29714068,0.0021065531,0.15747105,0.00186897,0.0055583628,0.0037364302,0.0028181856,0,0,0,0,0,0,0,0,0,0,0.0022739906
2016-03-14,0,0,0.14757344,-0.0022262009,0.1104751,-0.0065172708,-0.010945274,-0.012961117,-0.0071750718,0,-0,0,-0,0,-0,0,-0,0,-0,-0.00085711405
2016-03-15,0,0,0.33175907,-0.002884488,0.10332505,-0.0008073876,-0.00050352467,-0.0016147752,-0.0026395018,0,-0,0,-0,0,-0,0,-0,0,-0,-0.0008073876
2016-03-16,0,0,0.27761249,0.00045359287,0.095272074,0.00025191455,0.0015045135,0.00050263885,0.00128078,0,0,0,0,0,0,0,0,0,0,0.00262613
2016-03-17,0,0,0.61772097,-0.0010774776,0.086336421,0.001253887,0.00099403579,0.0024971283,0.0018058691,0,0,0,0,0,0,0,0,0,0,0.0055407243
2016-03-18,0,0,0.36372535,-0.0014965121,0.088018327,-0.0037903346,-0.0073782587,-0.0075475446,-0.0025280326,0,-0,0,-0,0,-0,0,-0,0,-0,0.00060111206
2016-03-21,0,0,0.23184624,-0.0019557879,0.08054259,-0.0047887464,-0.0078740157,-0.0095432179,-0.004726206,0,-0,0,-0,0,-0,0,-0,0,-0,-0.0012015019
2016-03-22,0,0,0.24152913,-0.00089855955,0.081491801,0.00260013,0.0049455984,0.0051878086,0.0026966292,0,0,0,0,0,0,0,0,0,0,0.0050122801
2016-03-23,0,0,-0.12538981,0.00067508708,0.081091304,-0.0012463855,-0.0024582104,-0.0024919013,-0.00040761423,0,-0,0,-0,0,-0,0,-0,0,-0,-0.00089771084
2016-03-24,0,0,-0.4133069,0.00090014527,0.081505183,0.00035043805,0.00099206349,0.00070291711,-0.00090053213,0,0,0,0,0,0,0,0,0,-0,-0.0025457994
2016-03-25,0,0,0.45620697,0.0018823003,0.084598022,-0.0036463536,-0.0044466403,-0.0072788912,-0.0033522751,0,-0,0,-0,0,-0,0,-0,0,-0,-0.0017515764
2016-03-28,0,0,-0.059939344,0.0011357194,0.08531822,0.0016042513,0.0029776675,0.0032085025,0.00036906422,0,0,0,0,0,0,0,0,0,0,0.0016042513
2016-03-29,0,0,0.42705433,-0.0015096222,0.084956395,0.0052054657,0.0074183976,0.010410931,0.0040073605,0,0,0,0,0,0,0,0,0,0,0.0052054657
2016-03-30,0,0,0.42174654,-0.0017338421,0.084847338,0,0.00097323601,0,-0.0017815208,0,0,0,0,0,0,0,0,0,-0,0.0044814022
2016-03-31,0,0,-0.17650915,0.00022029913,0.065132931,-0.0060857949,-0.013552759,-0.012148748,-0.004413849,0,-0,0,-0,0,-0,0,-0,0,-0,-0.0042135528
2016-04-01,0,0,-0.19560479,-0.0016075575,0.064657377,-0.01300967,-0.026522593,-0.026053104,-0.013152001,0,-0,0,-0,0,-0,0,-0,0,-0,-0.014287137
2016-04-04,0,0,-0.77699197,-0.00042113405,0.084482907,0.0010596962,0.0025188917,0.0021176827,0.0027642545,0,0,0,0,0,0,0,0,0,0,0.0018685925
2016-04-05,0,0,-0.77565346,0.00026339934,0.084736458,-0.0056605681,-0.011627907,-0.011350968,-0.0062783974,0,-0,0,-0,0,-0,0,-0,0,-0,-0.0082669624
2016-04-06,1,1,1.2298024,-0.0002367196,0.08870913,0.0050828505,0.0091930541,0.010165701,0.0047332365,2,0.0086930541,2,0.0086930541,2,0.0086930541,1,0.0045828505,2,0.0090664729,0.0050828505
2016-04-07,0,0,-0.121772,-0.00052429072,0.090397157,-0.0031237404,-0.0065326633,-0.0062242747,-0.0031269286,0,-0,0,-0,0,-0,0,-0,0,-0,0.00060685749
2016-04-08,0,0,-0.63046721,0.00074301263,0.083988665,0.0038635555,0.0097336066,0.0077725506,0.0049046095,0,0,0,0,0,0,0,0,0,0,-0.0019710907
2016-04-11,0,0,-0.39049082,-0.00028530276,0.084013813,0.00091171554,0.0035587189,0.0018238006,0.0011166715,0,0,0,0,0,0,0,0,0,0,0.00070896845
2016-04-12,0,0,0.16391154,-0.00024633971,0.084084865,0.0076397673,0.014184397,0.015276443,0.0068580872,0,0,0,0,0,0,0,0,0,0,0.0078437326
2016-04-14,1,0,1.2149887,0.002129755,0.087295904,0.0052923138,0.015602145,0.01042885,0.0076110279,0,0,0,0,0,0,0,0,2,0.014822056,0.020536252
2016-04-15,0,0,-0.56228664,0.00099987366,0.11447916,-0.00014770322,-0.00048007681,-0.00029561019,0.00024147784,0,-0,0,-0,0,-0,0,-0,0,0,-0.00083640836
2016-04-18,0,0,-1.8681502,0.00061190103,0.11274165,0.0038686638,0.0092682927,0.007793765,0.0052695582,0,0,0,0,0,0,0,0,0,0,-0.0033484341
2016-04-19,0,0,-0.11864043,-0.00039571617,0.11313816,-0.0014779053,-0.0043206913,-0.0029472443,-0.0031769011,0,-0,0,-0,0,-0,0,-0,0,-0,0.0014328063
2016-04-20,0,0,0.32609674,-0.00084555832,0.11295048,-0.0047785605,-0.011041767,-0.0095430174,-0.0055101959,0,-0,0,-0,0,-0,0,-0,0,-0,-0.0033055405
2016-04-21,1,1,1.0122596,-0.00035609317,0.11254405,0.0032525133,0.0047984645,0.0064763026,0.0037834574,2,0.0042984645,2,0.0042984645,2,0.0042984645,1,0.0027525133,2,0.0071669149,0.0077220077
2016-04-22,0,0,-0.51223544,-0.00051298426,0.11613047,-0.00039432177,-0.00096246391,-0.00079137402,-0.00048301401,0,-0,0,-0,0,-0,0,-0,0,-0,-0.0038314176
2016-04-25,0,0,-0.097708168,0.0001569494,0.11588565,-0.0013310984,-0.0038535645,-0.0026616719,-0.00080537994,0,-0,0,-0,0,-0,0,-0,0,-0,-0.0011341223
2016-04-26,0,0,-0.23869298,0.00072366549,0.11579489,0.0031106503,0.0082165297,0.0062225295,0.0044792381,0,0,0,0,0,0,0,0,0,0,0.0029125734
2016-04-27,0,0,-0.35475339,-0.00046338515,0.11606931,0.00039393343,0.0024061598,0.00078817734,-0.00072326918,0,0,0,0,0,0,0,0,0,-0,0
2016-04-28,0,0,0.4540465,0.0029758838,0.11442795,-0.015423787,-0.028108623,-0.0306868,-0.0126293,0,-0,0,-0,0,-0,0,-0,0,-0,-0.010238236
2016-04-29,0,0,0.49344313,0.0015035458,0.11934008,-0.0032822757,-0.0078469838,-0.0065645514,-0.0028466856,0,-0,0,-0,0,-0,0,-0,0,-0,-0.0032822757
2016-05-02,0,0,0.081399598,0.00040640286,0.11995283,-0.005499725,-0.0099304866,-0.011022044,-0.0056767132,0,-0,0,-0,0,-0,0,-0,0,-0,-0.0075341782
2016-05-03,0,0,0.53104556,-0.0015885452,0.11111846,-0.0010013518,-0.0029821074,-0.0019945151,-0.0024093434,0,-0,0,-0,0,-0,0,-0,0,-0,0.0031169876
2016-05-04,0,0,-0.21196342,-0.00089916964,0.11129509,-0.00045324067,-0.0015120968,-0.00091088508,8.220642e-05,0,-0,0,-0,0,-0,0,-0,0,0,-0.0052623666
2016-05-09,0,0,-0.26397056,0.0006769923,0.10564028,-0.0016122531,-0.0040322581,-0.0032245062,-0.002511942,0,-0,0,-0,0,-0,0,-0,0,-0,-0.0016122531
2016-05-10,0,0,-0.44781357,0.00038169327,0.10514349,0.0059668285,0.014242116,0.011957844,0.0070669918,0,0,0,0,0,0,0,0,0,0,0.0039362132
2016-05-11,0,0,-0.66966564,-0.00020881477,0.10717388,-0.0041589417,-0.010458167,-0.0082917083,-0.005401203,0,-0,0,-0,0,-0,0,-0,0,-0,-0.0010053282
2016-05-12,0,0,0.04582684,0.0011747447,0.10728975,0.0010096931,0.0040567951,0.0020261372,0.00045411386,0,0,0,0,0,0,0,0,0,0,-0.0023145819
2016-05-13,0,0,0.20370379,-0.00077611117,0.10785277,-0.007365925,-0.014191586,-0.014737055,-0.0082849017,0,-0,0,-0,0,-0,0,-0,0,-0,-0.0077163607
2016-05-16,0,0,0.1784131,-0.00029315867,0.1077002,0.0041791958,0.010869565,0.0083814586,0.0033748594,0,0,0,0,0,0,0,0,0,0,0.0014231258
2016-05-17,0,0,-0.22805475,-0.0014937888,0.07077827,-0.00081082451,-0.0015337423,-0.0016191874,-0.0026482393,0,-0,0,-0,0,-0,0,-0,0,-0,0.00071055169
2016-05-18,0,0,0.15781386,0.00020752789,0.071337419,-0.0029497025,-0.0072090628,-0.005915651,-0.0020805593,0,-0,0,-0,0,-0,0,-0,0,-0,-0.0056803773
2016-05-19,0,0,-0.50145159,-0.002338432,0.072394087,0.00046054652,-0.00052083333,0.00092407208,-0.0017122573,0,0,0,0,0,0,0,0,0,-0,-0.0027543994
2016-05-20,0,0,-0.088512983,-8.9028585e-05,0.072461629,0.0016394282,0.0026096033,0.0032842408,0.00029329199,0,0,0,0,0,0,0,0,0,0,0
2016-05-23,0,0,0.19353567,-0.00086882402,0.072437647,0.0011234234,0.0036363636,0.0022431812,0.0010434057,0,0,0,0,0,0,0,0,0,0,0.0027620071
2016-05-24,0,0,-0.47021908,0.00042761488,0.066000465,-0.0057714899,-0.010405827,-0.011558329,-0.006812103,0,-0,0,-0,0,-0,0,-0,0,-0,-0.0070900281
2016-05-25,0,0,0.63507601,-0.0012426711,0.070432477,0.0082230962,0.015568241,0.016351818,0.0051318425,0,0,0,0,0,0,0,0,0,0,0.014075825
2016-05-26,0,0,-0.13904006,-0.0017170114,0.09027049,-0.0022787118,-0.0035750766,-0.0045555781,-0.0040569631,0,-0,0,-0,0,-0,0,-0,0,-0,-0.0018743668
2016-05-27,0,0,0.63989241,-0.0011075948,0.088595105,0.0033948115,0.0056208482,0.0067782892,0.0024870466,0,0,0,0,0,0,0,0,0,0,0.0050753692
2016-05-30,0,0,-0.44458947,-0.000574554,0.091975839,-0.0022218856,-0.002543235,-0.0044437711,-0.0008679838,0,-0,0,-0,0,-0,0,-0,0,-0,-0.0022218856
2016-05-31,0,0,-0.81946087,-0.00019526169,0.086532118,0.009171058,0.013789581,0.018363516,0.010787039,0,0,0,0,0,0,0,0,0,0,0.0079963561
2016-06-01,0,0,-0.9452529,-0.00078526503,0.090854535,0.0036762854,0.0070850202,0.0073748548,0.0036258756,0,0,0,0,0,0,0,0,0,0,0.00065270874
2016-06-02,0,0,0.11183259,-0.0016323559,0.0872885,0.0023090051,0.0040160643,0.0046198654,0.0012301132,0,0,0,0,0,0,0,0,0,0,0.0019066734
2016-06-03,0,0,0.40768161,-0.0012563742,0.086888746,-0.00019995001,-0.00099651221,-0.00039916176,-0.0022454479,0,-0,0,-0,0,-0,0,-0,0,-0,0.0016526442
2016-06-07,0,0,0.90650572,-0.0024947768,0.085623332,0.011882177,0.019811788,0.023729997,0.0093667278,0,0,0,0,0,0,0,0,0,0,0.013349333
2016-06-08,0,0,0.17442218,-0.0015780665,0.096866479,0.010262483,0.017475728,0.020524965,0.0072510474,0,0,0,0,0,0,0,0,0,0,0.010262483
2016-06-09,0,0,-0.28226935,-0.00043182532,0.099246721,0.00024435539,-0.00095556617,0.00048904538,0,0,0,0,0,0,0,0,0,0,0,-0.00043953897
2016-06-10,0,0,-0.23395843,0.00073338659,0.098272841,-0.0036665852,-0.0085877863,-0.0073374749,-0.0036020171,0,-0,0,-0,0,-0,0,-0,0,-0,-0.0042507451
2016-06-13,0,0,-1.3777047,0.0020616653,0.099650841,-0.013540894,-0.022493888,-0.027277252,-0.010902164,0,-0,0,-0,0,-0,0,-0,0,-0,-0.020559372
2016-06-14,0,0,0.51135731,-0.00087499114,0.12147376,-0.001605942,-0.0015098138,-0.0032175356,-0.001804832,0,-0,0,-0,0,-0,0,-0,0,-0,-0.0033565453
2016-06-15,0,0,0.17288586,-0.0027838783,0.12214197,0.0014604422,0.0020263425,0.002926337,-0.00045191241,0,0,0,0,0,0,0,0,0,-0,-0.0004021313
2016-06-16,0,0,0.49733837,-0.0017628797,0.12216428,-0.0079420931,-0.01715439,-0.015877801,-0.0084133629,0,-0,0,-0,0,-0,0,-0,0,-0,-0.0075429951
2016-06-17,1,1,1.4152122,-0.0013581149,0.12350192,-0.0049831379,-0.0076064909,-0.0099009901,-0.007068009,2,-0.0081064909,2,-0.0081064909,2,-0.0081064909,1,-0.0054831379,2,-0.014536018,0.0016214025
2016-06-20,1,1,3.199412,-0.0015078145,0.12275865,0.0044604821,0.0070245861,0.0088390108,0.0029864179,2,0.0065245861,2,0.0065245861,2,0.0065245861,1,0.0039604821,2,0.0055728359,0.013860785
2016-06-21,0,0,-1.2623139,0.0014790455,0.13224365,0.00084893883,0.0024975025,0.0016993203,0.0030253475,0,0,0,0,0,0,0,0,0,0,0
2016-06-22,0,0,-0.52941271,0.00075607086,0.13168398,0.0052358632,0.011952191,0.010465464,0.0064445079,0,0,0,0,0,0,0,0,0,0,0.0058377407
2016-06-23,0,0,-0.23949042,0.0011398389,0.12670532,0.0007442322,0.00098570724,0.0014887599,-0.00044639234,0,0,0,0,0,0,0,0,0,-0,0.00054566199
2016-06-24,0,0,0.49427442,-0.0021779367,0.11927703,-0.036003556,-0.073135056,-0.071730788,-0.036337268,0,-0,0,-0,0,-0,0,-0,0,-0,-0.032275657
2016-06-27,1,0,1.1568986,0.0068367907,0.15984342,0.0049799774,0.013771186,0.0099809641,0.010515647,0,0,0,0,0,0,0,0,2,0.020631294,0.0028689994
2016-06-28,0,0,-0.82704508,0.0021961379,0.15853588,0.012276268,0.022352315,0.024792958,0.013936988,0,0,0,0,0,0,0,0,0,0,0.0025542784
2016-06-29,0,0,-0.60817673,4.5762414e-06,0.15911745,0.0067430541,0.01236476,0.013418756,0.0042687223,0,0,0,0,0,0,0,0,0,0,0.011821656
2016-06-30,0,0,0.20617177,-0.0010307486,0.16019866,0.0020039076,-0.0020130851,0.0039870421,-0.00045035824,0,0,0,0,0,0,0,0,0,-0,0.0072518507
2016-07-01,0,0,-0.59628247,-0.0010818907,0.1625329,0.007443301,0.018090452,0.014873971,0.0063683867,0,0,0,0,0,0,0,0,0,0,0.008299585
2016-07-04,0,0,-0.11200707,-0.00058209254,0.16592112,0.0033718451,0.0059171598,0.0067436902,0.0038919971,0,0,0,0,0,0,0,0,0,0,0.0033718451
2016-07-05,0,0,-0.020559583,-0.0023757322,0.16650797,0,-0.00098280098,0,-0.0030685993,0,0,0,0,0,0,0,0,0,-0,-0.0010872251
2016-07-06,0,0,-0.95993504,0.0020425411,0.15907115,-0.016146661,-0.031265509,-0.032430275,-0.014304927,0,-0,0,-0,0,-0,0,-0,0,-0,-0.020283976
2016-07-07,0,0,0.74595103,-9.6444038e-06,0.17069633,0.0062798292,0.011663286,0.012495627,0.0059633971,0,0,0,0,0,0,0,0,0,0,0.01146291
2016-07-08,0,0,-0.29176434,-0.00091722025,0.17667912,-0.002752615,-0.0050352467,-0.0055187638,-0.0035611953,0,-0,0,-0,0,-0,0,-0,0,-0,-0.0051922117
2016-07-11,0,0,0.65858387,0.00029669193,0.17664136,0.0053691275,0.014449427,0.010638298,0.0054958476,0,0,0,0,0,0,0,0,0,0,0.014905149
2016-07-12,0,0,-0.061470709,-6.3931852e-05,0.17048839,-0.0014319573,-0.0029411765,-0.0028598195,-0.00088939198,0,-0,0,-0,0,-0,0,-0,0,-0,0
2016-07-13,1,1,1.6240231,-0.0023333882,0.16998162,-0.00083431488,-0.0014534884,-0.0016561937,-0.00076170622,1.7648967,-0.0018079187,2,-0.0019534884,2,-0.0019534884,1,-0.0013343149,2,-0.0019234124,0.0067250161
2016-07-14,0,0,-0.420451,-0.0018095042,0.17209666,0.0026547367,0.0033931168,0.0053141761,0.0034143402,0,0,0,0,0,0,0,0,0,0,0.0017682597
2016-07-15,0,0,0.19727498,-0.00082657651,0.16934936,0.00043923865,-0.00047869794,0.00087442312,0.0016360081,0,0,0,0,0,0,0,0,0,0,0.005099289
2016-07-18,0,0,0.084260433,-7.1987896e-05,0.16959007,0.0012190959,0.0023889154,0.002437241,0.0017524295,0,0,0,0,0,0,0,0,0,0,0.0016098346
2016-07-19,0,0,-0.22522331,0.0006503624,0.16284794,-0.002723338,-0.0076009501,-0.0054384772,-0.0026625338,0,-0,0,-0,0,-0,0,-0,0,-0,-0.0012176115
2016-07-20,0,0,-0.5673138,0.0025927935,0.16331746,-0.0013659203,-0.0019166267,-0.0027329071,0.0011582857,0,-0,0,-0,0,-0,0,-0,0,0,-0.0017554981
2016-07-21,0,0,-0.08011202,0.0020290352,0.16261014,-0.0028226591,-0.0061904762,-0.0056242424,-0.0026681534,0,-0,0,-0,0,-0,0,-0,0,-0,0.00092814225
2016-07-22,0,0,-0.76004773,0.0016408341,0.16244833,0.0036757499,0.0087082729,0.0073826164,0.0024455759,0,0,0,0,0,0,0,0,0,0,-0.00053684724
2016-07-25,0,0,-0.20030019,0.0033460002,0.11947451,-0.0018997516,-0.0028653295,-0.0037902716,0.00099840256,0,-0,0,-0,0,-0,0,-0,0,0,0.0005371356
2016-07-26,0,0,-0.23416412,0.00090920271,0.11925242,0.0097699184,0.019203072,0.019557989,0.010112315,0,0,0,0,0,0,0,0,0,0,0.0088335774
2016-07-27,0,0,-0.20621015,0.00021104739,0.12105767,-0.00043545578,-0.0014111007,-0.00087103799,0.00039583581,0,-0,0,-0,0,-0,0,-0,0,0,-0.00058052344
2016-07-28,0,0,0.62711303,-0.0023190983,0.11867199,-0.0028062706,-0.0075294118,-0.0056100982,-0.0055671813,0,-0,0,-0,0,-0,0,-0,0,-0,-0.0023718476
2016-07-29,0,0,0.14550175,-0.001248315,0.11845632,-0.00058235465,0.00047415837,-0.0011649354,-0.0030130035,0,0,0,0,0,0,0,0,0,-0,-0.00077632217
2016-08-01,1,1,1.2591868,-0.00089667911,0.11485082,0.0046932456,0.0084745763,0.0093530036,0.0035585782,2,0.0079745763,2,0.0079745763,2,0.0079745763,1,0.0041932456,2,0.0067171563,0.0083033893
2016-08-02,0,0,-1.0131648,0.0012385153,0.11798197,-0.0051187947,-0.0098545284,-0.010265847,-0.0034414557,0,-0,0,-0,0,-0,0,-0,0,-0,-0.0078497472
2016-08-03,0,0,-0.83482698,-0.0018118268,0.12114723,-0.0059134004,-0.011516315,-0.011908277,-0.0076229246,0,-0,0,-0,0,-0,0,-0,0,-0,-0.012668673
2016-08-04,1,1,1.2518098,-0.00045394491,0.10552727,-0.003763073,-0.0048169557,-0.0074819025,-0.0039165534,2,-0.0053169557,2,-0.0053169557,2,-0.0053169557,1,-0.004263073,2,-0.0082331069,0.0021631188
2016-08-05,0,0,0.92221239,-0.0014969205,0.098941094,0.0082199824,0.019295707,0.016397443,0.0085927821,0,0,0,0,0,0,0,0,0,0,0.010841305
2016-08-08,0,0,-0.0091962983,0.0013343478,0.10452676,0.00081935608,0.0018726592,0.001627573,0.0030393937,0,0,0,0,0,0,0,0,0,0,0.0077161992
2016-08-09,0,0,0.29295835,0.0001272431,0.095182938,0.0056236482,0.013992537,0.011225714,0.0057787562,0,0,0,0,0,0,0,0,0,0,0.0075607994
2016-08-10,0,0,-0.31257681,-0.00072238961,0.097019317,-0.0017709281,-0.0041474654,-0.0035467791,-0.00097778473,0,-0,0,-0,0,-0,0,-0,0,-0,-0.0031545741
2016-08-11,0,0,-0.073939404,0.00032762957,0.094264612,0.0011028002,0.0027764924,0.0022056003,0.0040761935,0,0,0,0,0,0,0,0,0,0,0.0011028002
2016-08-12,0,0,0.093262037,-0.0014523837,0.094399107,0.00038198921,-0.0013742556,0.00076165088,-0.0026862883,0,0,0,0,0,0,0,0,0,-0,0.003448441
2016-08-16,0,0,0.50228852,0.001186362,0.093518693,-0.0039958139,-0.0072859745,-0.0079647276,-0.0031134462,0,-0,0,-0,0,-0,0,-0,0,-0,-0.00062049544
2016-08-17,0,0,0.17893487,-1.2153785e-06,0.093525674,0.00052603893,0.001843318,0.001053438,0.00085997967,0,0,0,0,0,0,0,0,0,0,-0.00076416086
2016-08-18,0,0,0.30972456,-0.001737085,0.092955519,0.006735776,0.013321084,0.013464477,0.0058062505,0,0,0,0,0,0,0,0,0,0,0.0072650798
2016-08-19,0,0,-0.011972568,-0.00068590022,0.095804081,0.0010899441,0.00090415913,0.0021769995,0.0010448108,0,0,0,0,0,0,0,0,0,0,0.0024200437
2016-08-22,0,0,-0.084584104,-0.0016241538,0.095424287,-0.0042670207,-0.0081484835,-0.0085474144,-0.0049121993,0,-0,0,-0,0,-0,0,-0,0,-0,-0.0058224852
2016-08-23,0,0,0.28711863,-0.00078663339,0.09813646,0.0046153114,0.0086560364,0.0092240396,0.0033000738,0,0,0,0,0,0,0,0,0,0,0.0053328254
2016-08-24,0,0,-0.32283187,0.00012708446,0.098672733,-0.0043119788,-0.0063405797,-0.0086280459,-0.0042569659,0,-0,0,-0,0,-0,0,-0,0,-0,-0.0047835559
2016-08-25,0,0,-0.038489994,0.0017616844,0.097427364,0.0021898505,0.0031992687,0.004381161,0.0018693045,0,0,0,0,0,0,0,0,0,0,0.0018559939
2016-08-26,0,0,-1.0680205,0.002972725,0.097453098,-0.00066720679,0.00045829514,-0.0013388161,0.00023421946,0,0,0,0,0,0,0,0,0,0,-0.0039426183
2016-08-29,0,0,-1.3330795,0.00029510793,0.097805071,0.0066714663,0.012064965,0.013429303,0.0061193269,0,0,0,0,0,0,0,0,0,0,0.00023844723
2016-08-30,0,0,0.16132038,1.0311325e-05,0.097397469,0.0010457268,0.0022789426,0.0020851104,0.00085513274,0,0,0,0,0,0,0,0,0,0,0.0041003147
2016-08-31,0,0,-0.13358077,0.0010880125,0.093130248,-0.0036562203,-0.0059171598,-0.0073124406,-0.0013218771,0,-0,0,-0,0,-0,0,-0,0,-0,-0.0036562203
2016-09-01,0,0,-1.9944956,0.0010902009,0.088928219,0.0023473054,0.0050925926,0.0047190254,0.0042361247,0,0,0,0,0,0,0,0,0,0,-0.0028118
2016-09-02,0,0,0.096355647,-0.00090817189,0.074052358,0.0019590979,0.0027586207,0.003917447,0.0013272954,0,0,0,0,0,0,0,0,0,0,0.0021506404
2016-09-05,0,0,0.94466445,0.00036222437,0.073990391,0.0070659648,0.014993185,0.014053289,0.0069420206,0,0,0,0,0,0,0,0,0,0,0.012733082
2016-09-06,0,0,-0.36019821,0.0008834042,0.073446483,0.0042875989,0.0071620412,0.008580049,0.0059370061,0,0,0,0,0,0,0,0,0,0,0.0037200979
2016-09-07,0,0,-0.22409573,-0.0010984614,0.071806491,-0.0021107932,-0.0057700843,-0.0042207944,-0.0032165422,0,-0,0,-0,0,-0,0,-0,0,-0,-0.001923528
2016-09-08,0,0,0.42592968,0.00096128755,0.069852334,-0.0027194299,-0.0013368984,-0.0054251239,0.00053697453,0,-0,0,-0,0,-0,0,-0,0,0,-0.00018802294
2016-09-09,0,0,-2.2959227,-0.00051038631,0.069328649,-0.0053478467,-0.0094979647,-0.010767032,-0.0052961188,0,-0,0,-0,0,-0,0,-0,0,-0,-0.011894687
2016-09-12,0,0,-2.4587174,0.0031119069,0.08621329,-0.0091876209,-0.017013233,-0.018679644,-0.0072908824,0,-0,0,-0,0,-0,0,-0,0,-0,-0.025074939
2016-09-13,1,0,1.2960367,0.0023611746,0.12784999,-0.0089165221,-0.015037594,-0.017614015,-0.0063933068,0,-0,0,-0,0,-0,0,-0,2,-0.013186614,0.0035627135
2016-09-19,0,0,0.94728025,0.0015925475,0.12960676,0.0098658631,0.027403846,0.019719268,0.0096218838,0,0,0,0,0,0,0,0,0,0,0.010504304
2016-09-20,0,0,-0.12478869,-0.0017959071,0.13385148,0.0054111508,0.010377358,0.01086482,0.0048451903,0,0,0,0,0,0,0,0,0,0,0.0014918909
2016-09-21,0,0,-0.60108302,-0.00041990294,0.13146285,0.0075032466,0.014025245,0.01502022,0.0073434125,0,0,0,0,0,0,0,0,0,0,0.0065833734
2016-09-22,0,0,0.67225812,-0.00058746482,0.1329448,0.0017064038,0.0022747953,0.0033887137,-0.00046428848,0,0,0,0,0,0,0,0,0,-0,0.0088795532
2016-09-23,0,0,-0.88707727,0.0038412484,0.13403978,-0.0033507952,-0.0067658999,-0.0066839256,-0.0002708559,0,-0,0,-0,0,-0,0,-0,0,-0,-0.00070979038
2016-09-26,0,0,0.41581378,0.00097237033,0.13310588,-0.00317325,-0.0045454545,-0.0063477025,-0.0022862014,0,-0,0,-0,0,-0,0,-0,0,-0,-0.0033620608
2016-09-27,0,0,-0.38798003,0.0017482349,0.13275665,0.010250787,0.022559853,0.020573178,0.013311993,0,0,0,0,0,0,0,0,0,0,0.0067468048
2016-09-28,0,0,-1.2832038,-0.0014470376,0.13578467,-0.0016536735,-0.0045105999,-0.0033111017,-0.0042804257,0,-0,0,-0,0,-0,0,-0,0,-0,-0.0027844636
2016-09-29,0,0,0.82357741,3.3287626e-05,0.13639559,0.0026860186,0.0058400719,0.0053490991,0.0028890601,0,0,0,0,0,0,0,0,0,0,0.0070042593
2016-09-30,0,0,-1.1431764,0.0018323943,0.13922983,-0.0049170252,-0.0077097506,-0.0098934551,-0.0031358885,0,-0,0,-0,0,-0,0,-0,0,-0,-0.010856283
2016-10-04,1,1,1.6621101,-0.0020345379,0.14472903,0,0.0013568521,0,-0.0012716273,2,0.0008568521,2,0.0008568521,2,0.0008568521,1,-0.0005,2,-0.0029432546,0.0057965506
2016-10-05,0,0,-1.3421385,-0.0011358414,0.14621251,0.0064218438,0.014187643,0.012934132,0.0057473496,0,0,0,0,0,0,0,0,0,0,-0.00056686664
2016-10-06,1,1,2.4101945,-0.0028647212,0.14562369,-0.0006097847,-0.00044523598,-0.001210372,-0.0017966361,2,-0.00094523598,2,-0.00094523598,2,-0.00094523598,1,-0.0011097847,2,-0.0039932722,0.0070425864
2016-10-07,0,0,-0.086588237,-0.0023503061,0.14810411,-0.0021611463,-0.0066874721,-0.0043265613,-0.0042501053,0,-0,0,-0,0,-0,0,-0,0,-0,-0.0031446541
2016-10-10,0,0,-1.0264754,0.0016518974,0.14282432,0.004580441,0.01129178,0.0091877812,0.0056403322,0,0,0,0,0,0,0,0,0,0,0.0016479119
2016-10-11,0,0,-1.9690849,0.002500205,0.14172404,-0.011869436,-0.025572005,-0.023787049,-0.012109993,0,-0,0,-0,0,-0,0,-0,0,-0,-0.013866692
2016-10-12,0,0,0.00087953352,0.0025570214,0.1524671,0.0047940937,0.010702652,0.0096436665,0.0059287762,0,0,0,0,0,0,0,0,0,0,-0.00095333429
2016-10-13,0,0,-0.25138907,-0.00063497254,0.15213929,-0.0069298413,-0.014338575,-0.013882905,-0.0088215777,0,-0,0,-0,0,-0,0,-0,0,-0,-0.008588196
2016-10-14,1,1,1.3162245,-0.00044591906,0.14773022,0.002736832,0.0051377861,0.0054610778,0.0015312132,2,0.0046377861,2,0.0046377861,2,0.0046377861,1,0.002236832,2,0.0026624264,0.0050531787
2016-10-17,0,0,0.88018465,-0.0015869349,0.11298907,0.00043047783,0.0013914657,0.00086000956,0.0011332552,0,0,0,0,0,0,0,0,0,0,0.0015322735
2016-10-18,0,0,0.35092937,-0.00092104776,0.11271041,0.0055865922,0.013419713,0.011158798,0.0070656205,0,0,0,0,0,0,0,0,0,0,0.0068846816
2016-10-19,0,0,-1.8574156,-0.00056550075,0.11140469,0.0023296724,0.005043558,0.0046653337,0.0037317784,0,0,0,0,0,0,0,0,0,0,0.0010446344
2016-10-20,0,0,0.013243373,0.00020084022,0.11052278,-0.0004736194,-0.00090950432,-0.00094580535,-0.00054148134,0,-0,0,-0,0,-0,0,-0,0,-0,0.0010435443
2016-10-21,0,0,-0.16733189,0.00043080061,0.10895797,-0.0040309195,-0.0068399453,-0.0080683436,-0.0034862101,0,-0,0,-0,0,-0,0,-0,0,-0,-0.004833207
2016-10-24,0,0,0.62412709,0.0022353376,0.1072277,0.0030810068,0.0068368277,0.0061343903,0.0063995656,0,0,0,0,0,0,0,0,0,0,0.0076183221
2016-10-25,0,0,-1.6016099,0.00066693638,0.11171208,-0.00052031597,-0.001814059,-0.0010416667,-0.00085011013,0,-0,0,-0,0,-0,0,-0,0,-0,-0.0015121444
2016-10-26,0,0,-0.51392755,-0.0002285875,0.11173955,-0.0079380169,-0.015582035,-0.015945765,-0.0085748652,0,-0,0,-0,0,-0,0,-0,0,-0,-0.012257454
2016-10-27,1,0,1.0619747,0.00073580608,0.11540509,0.0010027217,0.0046296296,0.0019985724,0.0016,0,0,0,0,0,0,0,0,2,0.0028,0.0044559437
2016-10-28,0,0,0.11261079,7.2950647e-06,0.11554917,0.0015276651,0.0037037037,0.0030578118,0.00031195165,0,0,0,0,0,0,0,0,0,0,0.00071551231
2016-10-31,0,0,-0.73046028,0.00097978697,0.11103321,0.0016748014,0.0055891942,0.0033626363,0.0012910798,0,0,0,0,0,0,0,0,0,0,-0.0021926689
2016-11-01,0,0,-0.74620353,0.0027342911,0.10447449,0.00090804817,0.0013908206,0.0018168778,0.0025063638,0,0,0,0,0,0,0,0,0,0,0.00047771461
2016-11-02,0,0,-1.1344485,-0.00015281436,0.10134201,-0.0057717282,-0.010798122,-0.01162847,-0.0056632713,0,-0,0,-0,0,-0,0,-0,0,-0,-0.012987633
2016-11-03,0,0,0.42289442,0.00045908798,0.10959029,0.0042606759,0.0076190476,0.0085283714,0.0018222152,0,0,0,0,0,0,0,0,0,0,0.0034347637
2016-11-04,0,0,0.52392527,0.00033450298,0.10398658,-0.00096674401,-0.0023707918,-0.001938548,-0.0011073759,0,-0,0,-0,0,-0,0,-0,0,-0,-0.0035676405
2016-11-07,1,0,2.8534785,0.0028826079,0.10356127,-0.001817747,0.0028089888,-0.0035947403,-0.00074571216,0,0,0,0,0,0,0,0,2,-0.0018914243,0.0096284111
2016-11-08,0,0,-1.3516103,-0.00028841348,0.10865783,-0.0022901856,-0.006012951,-0.0045603534,-0.0036690086,0,-0,0,-0,0,-0,0,-0,0,-0,0.0021085925
2016-11-09,0,0,0.067993901,0.00053929246,0.093886423,-0.023177071,-0.049399815,-0.04622628,-0.02407849,0,-0,0,-0,0,-0,0,-0,0,-0,-0.020467696
2016-11-10,1,1,3.2942051,-0.0021382937,0.12148622,0.0063593005,0.010387158,0.012552898,0.0059495666,2,0.0098871577,2,0.0098871577,2,0.0098871577,1,0.0058593005,2,0.011499133,0.019821315
2016-11-11,0,0,-3.1177939,0.0015371542,0.14450895,-0.0034695451,-0.0047415837,-0.0069852049,-0.0037164433,0,-0,0,-0,0,-0,0,-0,0,-0,-0.010005266
2016-11-14,0,0,-0.33234172,0.0010517791,0.1509595,-0.0062009495,-0.011472275,-0.012424772,-0.0062800588,0,-0,0,-0,0,-0,0,-0,0,-0,-0.0080270793
2016-11-15,0,0,0.3888564,-0.0027332042,0.15191896,-0.0020989944,-0.0053346266,-0.0042037345,-0.004752586,0,-0,0,-0,0,-0,0,-0,0,-0,-0.003461051
2016-11-16,0,0,0.89667209,-0.0021089934,0.14893805,-0.0014116731,-0.0024131274,-0.0028096691,-0.0024309568,0,-0,0,-0,0,-0,0,-0,0,-0,0.0034730715
2016-11-17,0,0,-0.66411666,-0.0014883277,0.15030843,0.0027387881,0.003406326,0.0054955839,0.003365115,0,0,0,0,0,0,0,0,0,0,-0.00053621917
2016-11-18,0,0,-0.21615282,-0.0019189418,0.15026701,-0.0023365623,-0.004341534,-0.0046640431,-0.0027500996,0,-0,0,-0,0,-0,0,-0,0,-0,-0.0003901868
2016-11-21,0,0,-0.3310611,-0.00079150535,0.14987285,0.00039125544,-0.00048732943,0.00078435217,-0.0007609131,0,0,0,0,0,0,0,0,0,-0,-0.0019516955
2016-11-22,0,0,0.44325789,-0.0012379868,0.14520132,0.007597896,0.015972894,0.015139017,0.006059398,0,0,0,0,0,0,0,0,0,0,0.011390858
2016-11-23,0,0,0.44551282,-0.0025588152,0.15256367,0.0037219644,0.0057115659,0.0074439288,0.0022521633,0,0,0,0,0,0,0,0,0,0,0.0037219644
2016-11-24,0,0,-0.70564414,-0.00017129865,0.1486993,-0.003809432,-0.0099384761,-0.0076287963,-0.0046994708,0,-0,0,-0,0,-0,0,-0,0,-0,-0.0051047436
2016-11-25,0,0,0.10924906,0.0012513738,0.14907415,-0.0014494154,-0.0028571429,-0.002893379,0.0002775685,0,-0,0,-0,0,-0,0,-0,0,0,0.00043564548
2016-11-28,0,0,-0.38858675,-0.00088214476,0.14920483,0.0026117237,0.0057279236,0.0052214272,0.0019805118,0,0,0,0,0,0,0,0,0,0,0.0029998065
2016-11-29,0,0,0.67727142,-7.9060758e-05,0.14960754,0.00038591413,0.00095011876,0.00077182827,-0.00027670172,0,0,0,0,0,0,0,0,0,-0,0.00038591413
2016-11-30,0,0,0.072768583,-0.00036961309,0.14958569,0.0046765018,0.009487666,0.0093512002,0.0041864139,0,0,0,0,0,0,0,0,0,0,0.0048702864
2016-12-01,0,0,0.95855785,-0.001319253,0.14418533,-0.00014382281,0,-0.00028737008,-0.0014126511,0,0,0,0,0,0,0,0,0,-0,0.00081577811
2016-12-02,0,0,-0.23049879,-0.0022091906,0.14419805,-0.0027450036,-0.0056764428,-0.0055141724,-0.0041349978,0,-0,0,-0,0,-0,0,-0,0,-0,-0.0070962792
2016-12-05,0,0,-1.0170663,0.0014225583,0.14602972,-0.00038662285,0.0014333493,-0.00077384407,7.9327304e-05,0,0,0,0,0,0,0,0,0,0,-0.0011589724
2016-12-06,1,0,1.1466798,0.0011116818,0.14328739,0.0046565215,0.010849057,0.0092477834,0.0068930203,0,0,0,0,0,0,0,0,2,0.013386041,0.011796558
2016-12-07,0,0,0.52668845,-0.0017271866,0.15176483,0,-0.00046382189,0,-0.00089644152,0,0,0,0,0,0,0,0,0,-0,0.0030103211
2016-12-08,0,0,0.90644869,-0.0012730792,0.1276501,0.0086463501,0.013217867,0.017151694,0.01240388,0,0,0,0,0,0,0,0,0,0,0.017007289
2016-12-09,0,0,-1.2494912,-0.0023047941,0.12653302,0.00084336785,0.0022482014,0.0016871309,-0.0012632062,0,0,0,0,0,0,0,0,0,-0,0.00060895634
2016-12-12,0,0,-0.14429862,0.00066877019,0.11676853,-0.0045728151,-0.0075825156,-0.0091158551,-0.0033258152,0,-0,0,-0,0,-0,0,-0,0,-0,-0.0013108001
2016-12-13,0,0,-0.30946204,0.00033420772,0.11160341,0.0022978803,0.0035922766,0.0045977011,0.0048006759,0,0,0,0,0,0,0,0,0,0,0.0018750293
2016-12-14,0,0,0.1342925,-0.0016346898,0.10985746,-0.0029363785,-0.0057726465,-0.005850397,-0.0024367956,0,-0,0,-0,0,-0,0,-0,0,-0,0.00088897207
2016-12-15,0,0,-1.3148385,0.00034502135,0.10964455,0.0068270634,0.013574661,0.013753201,0.0059638322,0,0,0,0,0,0,0,0,0,0,-0.00037397158
2016-12-16,0,0,-0.46888482,-0.00086273306,0.11060791,0.0028535342,0.0076199014,0.0057089378,0.0037080928,0,0,0,0,0,0,0,0,0,0,0.0025252525
2016-12-19,0,0,-0.41452508,-0.0013405746,0.11017966,0.0036487814,0.0058139535,0.0073184462,-0.00038163569,0,0,0,0,0,0,0,0,0,-0,0.00079298442
2016-12-20,0,0,0.61759749,0.00042170106,0.10993766,0.0012572174,0.0031069685,0.0025119784,-0.00072303828,0,0,0,0,0,0,0,0,0,-0,0.0022372407
2016-12-21,0,0,0.73499424,-0.0014814211,0.10467609,-0.0030175015,-0.0070515646,-0.0060243756,-0.0062936002,0,-0,0,-0,0,-0,0,-0,0,-0,-0.0012556387
2016-12-22,0,0,0.97662698,-0.0010150992,0.10486171,-0.001302871,-0.0031000886,-0.0026039245,-0.0028167942,0,-0,0,-0,0,-0,0,-0,0,-0,-0.00060532688
2016-12-23,0,0,0.34386852,-0.00046239849,0.10083342,-0.0011184119,-0.0017785683,-0.0022372407,-0.0018695155,0,-0,0,-0,0,-0,0,-0,0,-0,-0.0013045707
2016-12-26,0,0,-0.00095328469,0.00034817058,0.10147167,0.0007922084,-0.00044464206,0.0015826467,0.00026734904,0,0,0,0,0,0,0,0,0,0,0.0019127595
2016-12-27,0,0,0.43626249,-0.0015192226,0.10144057,0.0020966314,0.000444247,0.0041958042,0.00053363827,0,0,0,0,0,0,0,0,0,0,0.0014900354
2016-12-28,0,0,-3.6912762,0.012088589,0.10118682,0.0020897186,0.0022065313,0.004174397,0.00019256692,0,0,0,0,0,0,0,0,0,0,0.0033010973
2016-12-29,0,0,0.37342541,0.015397766,0.10948237,0.0017166984,0.0030891439,0.0034375435,0.0038220987,0,0,0,0,0,0,0,0,0,0,0.00050975485
2017-01-02,0,0,-0.021907538,0.014623305,0.10947997,0.0035671268,0.0065992081,0.0071355759,0.0036234677,0,0,0,0,0,0,0,0,0,0,0.003381195
2017-01-03,1,0,1.2866661,9.7872537e-05,0.10594643,0.0052486188,0.010430248,0.010469762,0.0054291722,0,0,0,0,0,0,0,0,2,0.010458344,0.0078936435
2017-01-04,0,0,-1.0347994,-0.0013302558,0.10874006,0.0015578465,0.0017204301,0.0031169784,-0.00026596755,0,0,0,0,0,0,0,0,0,-0,0.0011450032
2017-01-05,0,0,-1.1531158,-0.0002318006,0.09959757,-0.0027938078,-0.0047271165,-0.0055940208,-0.0034236153,0,-0,0,-0,0,-0,0,-0,0,-0,-0.0039343062
2017-01-06,1,1,1.200847,-0.0013217796,0.10153245,0.0020164062,0.0038693035,0.0040239609,0.00072240599,2,0.0033693035,2,0.0033693035,2,0.0033693035,1,0.0015164062,2,0.001044812,0.0042254168
2017-01-09,0,0,0.13452843,-0.0010491902,0.06664153,0.0012331583,0.0025630073,0.0024629418,-0.00034112876,0,0,0,0,0,0,0,0,0,-0,0.002606906
2017-01-10,0,0,-0.20376294,-0.00048005888,0.064828524,0.0017848153,0.0029991431,0.0035812672,0.0022040661,0,0,0,0,0,0,0,0,0,0,-0.0014597208
2017-01-11,0,0,0.5118205,-0.0013696165,0.064694528,0.016558708,0.034526854,0.033069145,0.014797154,0,0,0,0,0,0,0,0,0,0,0.018044769
2017-01-12,0,0,-0.10768851,0.00011539383,0.086183418,0.0011651356,0.0016433854,0.0023271425,0.0054752682,0,0,0,0,0,0,0,0,0,0,0.0025129011
2017-01-13,0,0,-1.5062135,0.000627882,0.088346058,-0.00094145073,-0.0016460905,-0.0018858605,-0.0016024447,0,-0,0,-0,0,-0,0,-0,0,-0,-0.0025066022
2017-01-16,0,0,-0.55116922,0.0011484929,0.093289413,-0.0048487025,-0.0095041322,-0.0097021965,-0.0058272011,0,-0,0,-0,0,-0,0,-0,0,-0,-0.0053399147
2017-01-17,0,0,0.51612635,0.0012023138,0.096507471,0.002884572,0.0049958368,0.0057636888,0.0027001688,0,0,0,0,0,0,0,0,0,0,0.0038347018
2017-01-18,0,0,0.69903189,-0.00051854568,0.096719223,-0.00062918521,-0.00082850041,-0.0012583704,-0.0020923629,0,-0,0,-0,0,-0,0,-0,0,-0,-0.00062918521
2017-01-19,1,1,2.1736426,-0.0037379881,0.096836911,-0.0034485847,-0.0073921971,-0.0068691735,-0.0059413294,2,-0.0078921971,2,-0.0078921971,2,-0.0078921971,1,-0.0039485847,2,-0.012282659,0.00062958133
2017-01-20,0,0,-0.91495047,7.0529743e-05,0.096410014,0.001984127,0.0029178825,0.0039817203,0.00026271345,0,0,0,0,0,0,0,0,0,0,-0.0013931958
2017-01-23,0,0,-0.26744499,-0.0010896614,0.098238172,0.00045071438,0.00041649313,0.00090277151,0.0013119916,0,0,0,0,0,0,0,0,0,0,-0.0010351035
2017-01-24,1,1,1.0813722,-0.0033689141,0.097977626,-0.00040520463,-0.0024865313,-0.00080989876,-0.001829792,2,-0.0029865313,2,-0.0029865313,2,-0.0029865313,1,-0.00090520463,2,-0.004059584,0.00022525567
2017-01-25,0,0,0.4830526,0.00049413733,0.097986964,-0.0026408845,-0.0065600656,-0.0052491103,-0.0018611576,0,-0,0,-0,0,-0,0,-0,0,-0,0.003603279
2017-01-26,0,0,-0.1276934,-7.5470819e-05,0.098194341,0.004471472,0.0098360656,0.0089102735,0.0049414824,0,0,0,0,0,0,0,0,0,0,0.008168028
2017-01-31,0,0,0.1149513,-0.00037140289,0.091331484,-0.0026345166,-0.006124949,-0.0052853176,-0.0056377731,0,-0,0,-0,0,-0,0,-0,0,-0,-0.0056980057
2017-02-01,1,0,1.2982113,0.00094178272,0.09918233,0.00084870684,0.0024539877,0.0016935556,0.0014861049,0,0,0,0,0,0,0,0,2,0.0025722098,0.0031339542
2017-02-02,0,0,-0.022894731,-0.0001777003,0.10015209,-0.00361591,-0.0085749285,-0.0072334345,-0.0042280162,0,-0,0,-0,0,-0,0,-0,0,-0,-0.0038382576
2017-02-03,0,0,0.54933179,0.00018933917,0.097101966,-0.0017432505,-0.002458009,-0.003478416,-0.00092902267,0,-0,0,-0,0,-0,0,-0,0,-0,0.00058243728
2017-02-06,0,0,0.87933604,0.0012171541,0.097089276,-0.0059048126,-0.010917913,-0.011710324,-0.0042859782,0,-0,0,-0,0,-0,0,-0,0,-0,0.0025970537
2017-02-07,0,0,0.28596306,0.0018429387,0.095013451,-0.0033416503,-0.0065252855,-0.0066675557,-0.0020406649,0,-0,0,-0,0,-0,0,-0,0,-0,-0.00098253763
2017-02-08,0,0,-0.64952835,-0.00057023669,0.094924064,-0.0020173944,-0.0061728395,-0.0040462168,-0.0029421623,0,-0,0,-0,0,-0,0,-0,0,-0,-0.0048281103
2017-02-09,0,0,0.11715479,0.00051901281,0.096990905,0.0001345895,0.00041339396,0.00026882925,-0.0011194448,0,0,0,0,0,0,0,0,0,-0,0.0014374916
2017-02-10,0,0,0.56215944,0.0017079862,0.096999421,-0.0033914945,-0.0045045045,-0.0067480577,-0.0014124294,0,-0,0,-0,0,-0,0,-0,0,-0,0.0017942852
2017-02-13,0,0,-0.86936931,0.00039437172,0.07751857,0.00053732145,0.0012355848,0.0010746429,0.0012291418,0,0,0,0,0,0,0,0,0,0,0.00053732145
2017-02-14,0,0,-0.91567345,0.0026599088,0.073538228,-0.0056666072,-0.0098199673,-0.011299435,-0.0034223644,0,-0,0,-0,0,-0,0,-0,0,-0,-0.0026851645
2017-02-15,0,0,-1.0251636,0.00088267482,0.069377125,0.0036365269,0.0078707539,0.0072766474,0.0043715439,0,0,0,0,0,0,0,0,0,0,0.0031411263
2017-02-16,0,0,-0.080299529,-0.00056770628,0.065772724,-0.0025448701,-0.0040950041,-0.0050799875,-0.0020409678,0,-0,0,-0,0,-0,0,-0,0,-0,-0.00062625811
2017-02-17,0,0,-1.5182362,0.0013079851,0.063985455,0.0030079914,0.0062060405,0.0060341334,0.0046337818,0,0,0,0,0,0,0,0,0,0,0
2017-02-20,0,0,0.33203324,-0.00035172161,0.063825592,0.0013400634,0.0036915505,0.0026746311,0.0011877807,0,0,0,0,0,0,0,0,0,0,0.0034018173
2017-02-21,0,0,0.11589538,0.00079640882,0.064328236,0.0078399929,0.016319869,0.015657666,0.0081882179,0,0,0,0,0,0,0,0,0,0,0.0092786724
2017-02-22,0,0,-0.44810065,-0.00019219505,0.068275949,0.00066219318,0.0016019223,0.0013228096,0.00088037856,0,0,0,0,0,0,0,0,0,0,0.0018563536
2017-02-23,0,0,-0.19141582,0.00025190493,0.06840558,0.0006619594,0.00039984006,0.0013243279,0.0010271083,0,0,0,0,0,0,0,0,0,0,0.00035293599
2017-02-24,0,0,-0.47995212,7.5366841e-05,0.068471709,-0.0066649011,-0.0148,-0.01334099,-0.0081801841,0,-0,0,-0,0,-0,0,-0,0,-0,-0.0074972437
2017-02-27,0,0,-0.35482855,0.0012219589,0.076925817,-0.004222973,-0.0081135903,-0.0084493263,-0.0051044942,0,-0,0,-0,0,-0,0,-0,0,-0,-0.0046211953
2017-02-28,0,0,0.11871212,0.0016573131,0.072839235,0.00080263979,0.0020441537,0.001603492,0.0029338582,0,0,0,0,0,0,0,0,0,0,0.0019195572
2017-03-02,0,0,0.63048571,-0.00087864701,0.06685746,0.0024339514,0.0040241449,0.0048351648,0.0018740354,0,0,0,0,0,0,0,0,0,0,0.0092675102
2017-03-03,0,0,-1.0491283,0.0015697494,0.072381356,-0.0054964539,-0.010513546,-0.011037921,-0.0046489319,0,-0,0,-0,0,-0,0,-0,0,-0,-0.0095355818
2017-03-06,0,0,-0.98808723,-0.0010186266,0.08113287,0.0046969358,0.010708402,0.0094280327,0.0049801167,0,0,0,0,0,0,0,0,0,0,0.0010697094
2017-03-07,0,0,0.23297365,0.0017219122,0.081398971,0.0042674253,0.0089503662,0.0085212143,0.0061061357,0,0,0,0,0,0,0,0,0,0,0.0058771149
2017-03-08,0,0,0.14332878,-0.00016473261,0.083108729,0.0030128489,0.0052525253,0.0060315771,0.0023559728,0,0,0,0,0,0,0,0,0,0,0.002036119
2017-03-09,0,0,0.83052284,-0.00081506824,0.082701866,-0.0024287922,-0.0052208835,-0.0048560833,-0.0040699593,0,-0,0,-0,0,-0,0,-0,0,-0,-0.0021203287
2017-03-10,0,0,-0.84172887,-0.0011277153,0.081203041,0.0042199716,0.0081070126,0.0084692877,0.004463627,0,0,0,0,0,0,0,0,0,0,0.00075254537
2017-03-13,0,0,0.30184548,-0.0016053814,0.081361685,0.0091382659,0.018444266,0.018240296,0.0087169908,0,0,0,0,0,0,0,0,0,0,0.01114699
2017-03-14,1,1,1.5222269,-0.0023798652,0.089255372,0.0054037565,0.010954617,0.010766225,0.0039378613,2,0.010454617,2,0.010454617,2,0.010454617,1,0.0049037565,2,0.0074757225,0.0092742465
2017-03-15,0,0,-0.67149306,0.0031017797,0.093322054,0.0017344549,0.0030983734,0.0034702642,0.003539056,0,0,0,0,0,0,0,0,0,0,0.0013436782
2017-03-16,1,0,2.2020956,0.0011857255,0.091644152,-0.0038960483,-0.005677517,-0.0077079451,-0.003131784,0,-0,0,-0,0,-0,0,-0,2,-0.0066635681,0.0070989525
2017-03-17,0,0,0.086722133,0.00138463,0.094090294,0.0037799064,0.0087452471,0.0075549451,0.0065709592,0,0,0,0,0,0,0,0,0,0,0.0044270609
2017-03-20,0,0,-0.74851203,0.0012059842,0.095005204,-0.00098442048,-0.00075528701,-0.0019692624,-0.001174043,0,-0,0,-0,0,-0,0,-0,0,-0,-0.0011981685
2017-03-21,1,0,1.1616573,0.0018893537,0.097200374,0.0058047719,0.011636637,0.011566101,0.0081693543,0,0,0,0,0,0,0,0,2,0.015938709,0.0095968468
2017-03-22,0,0,-1.2196315,0.0028342786,0.10209492,0.0032461985,0.0067771084,0.0065351047,0.0055502188,0,0,0,0,0,0,0,0,0,0,-0.0032675578
2017-03-23,0,0,0.38524967,0.0016504971,0.10203515,-0.0018244304,-0.0033444816,-0.0036363636,-0.0016943768,0,-0,0,-0,0,-0,0,-0,0,-0,0.0016178474
2017-03-24,0,0,-0.057982519,0.0022752183,0.10208597,-0.0023785253,-0.0052102717,-0.0047534165,-0.0012382368,0,-0,0,-0,0,-0,0,-0,0,-0,-0.0016152342
2017-03-27,0,0,-1.2952042,0.00050914045,0.10272491,-0.0017534856,-0.0045265937,-0.0035229421,-0.0026325151,0,-0,0,-0,0,-0,0,-0,0,-0,-0.006258515
2017-03-28,1,1,1.8019041,-0.00021928707,0.099776055,-0.0020050339,-0.0033809166,-0.0039930334,-0.0021287919,2,-0.0038809166,2,-0.0038809166,2,-0.0038809166,1,-0.0025050339,2,-0.0046575838,0.0022706825
2017-03-29,0,0,0.22290232,-0.00042030534,0.096300094,-0.0007236506,-0.003364486,-0.0014412887,-0.0023361178,0,-0,0,-0,0,-0,0,-0,0,-0,0.0034624263
2017-03-30,0,0,0.42219429,-0.00011983924,0.096064866,-0.0017875383,-0.0029962547,-0.0035718842,-0.0027616485,0,-0,0,-0,0,-0,0,-0,0,-0,-0.00089456869
2017-03-31,0,0,-0.10816451,4.1156022e-05,0.092382269,-0.0031088966,-0.0056221889,-0.0062106517,-0.0049285537,0,-0,0,-0,0,-0,0,-0,0,-0,-0.0019612859
2017-04-03,1,0,1.2847281,0.0012572593,0.083030579,-0.00021302884,0.00075103267,-0.00042491714,0.00031970445,0,0,0,0,0,0,0,0,2,0.0002394089,0.0024777854
2017-04-04,0,0,-0.1936942,0.00071714107,0.083177867,-0.0010665074,-0.0030086499,-0.0021352921,-0.0011733333,0,-0,0,-0,0,-0,0,-0,0,-0,-0.0021307424
2017-04-05,0,0,-0.069126106,0.00024903358,0.083618906,-0.0020494428,-0.004521477,-0.0040980108,-0.00088971138,0,-0,0,-0,0,-0,0,-0,0,-0,-0.0018363512
2017-04-06,0,0,-0.89764196,0.00039318897,0.084014933,-0.0010726851,-0.0026656512,-0.0021515556,-0.00035769217,0,-0,0,-0,0,-0,0,-0,0,-0,-0.0039361657
2017-04-07,0,0,-0.17358697,0.0010863535,0.085622559,-0.0037294239,-0.0064638783,-0.0074438503,-0.0022528966,0,-0,0,-0,0,-0,0,-0,0,-0,-0.0017181393
2017-04-10,0,0,-0.2947282,0.0010752824,0.086210565,-0.0056796179,-0.011489851,-0.011359236,-0.0053105601,0,-0,0,-0,0,-0,0,-0,0,-0,-0.0056796179
2017-04-11,0,0,-0.92507802,0.0010519799,0.081340618,-0.0021247073,-0.0042818217,-0.0042580925,-0.0038329416,0,-0,0,-0,0,-0,0,-0,0,-0,-0.0041542256
2017-04-12,0,0,0.89893132,0.00073455655,0.077682034,0.00034755409,0.0007815553,0.00069495722,0.0003621745,0,0,0,0,0,0,0,0,0,0,0.0005648981
2017-04-13,0,0,0.74806406,0.00096270064,0.078420893,0.0077616859,0.016348774,0.015499177,0.0099138867,0,0,0,0,0,0,0,0,0,0,0.0093372709
2017-04-14,0,0,-0.70782816,0.0011800009,0.082407091,-0.0011222376,-0.0030840401,-0.0022515696,-0.0010086819,0,-0,0,-0,0,-0,0,-0,0,-0,-0.0042597134
2017-04-17,0,0,0.8026251,-0.00031167619,0.081657796,0.00077676606,0.0030864198,0.0015514566,0.00014385384,0,0,0,0,0,0,0,0,0,0,0.0021173624
2017-04-18,0,0,0.014629388,8.2736193e-05,0.081753113,-0.0051935788,-0.0091498284,-0.010339671,-0.0040449599,0,-0,0,-0,0,-0,0,-0,0,-0,-0.00060368246
2017-04-19,0,0,-0.24742562,-0.00012434222,0.069836504,-0.0029813343,-0.0057937428,-0.0059711826,-0.0042137866,0,-0,0,-0,0,-0,0,-0,0,-0,-0.0044009147
2017-04-20,0,0,0.011344568,-0.0012838519,0.071414318,0.006952592,0.011319282,0.013942748,0.0052113492,0,0,0,0,0,0,0,0,0,0,0.0042470206
2017-04-21,0,0,0.65852816,-0.0020249095,0.074015262,0.0042121551,0.0091778203,0.0083907702,0.0021829373,0,0,0,0,0,0,0,0,0,0,0.008242351
2017-04-24,1,1,2.265037,-0.0013763223,0.080673855,0.00093752663,0.0018804062,0.0018669382,0.001065114,2,0.0013804062,2,0.0013804062,2,0.0013804062,1,0.00043752663,2,0.0017302279,0.0053073104
2017-04-25,0,0,-1.5544601,-0.0013546172,0.080680198,0.0092730444,0.019490255,0.018529537,0.01148244,0,0,0,0,0,0,0,0,0,0,0.010175409
2017-04-26,0,0,-0.31985766,-0.0023382201,0.090749783,0.0026041667,0.0054844607,0.0051906735,0.0025870508,0,0,0,0,0,0,0,0,0,0,0.0060268892
2017-04-27,0,0,-1.0805466,0.0018094442,0.091770355,0.0026833256,0.0069241983,0.0053709298,0.0053883835,0,0,0,0,0,0,0,0,0,0,0.0018852116
2017-04-28,1,1,1.1385606,-0.0016251957,0.091644664,-0.00037539103,-0.0028849621,-0.00074890784,-0.0045059097,2,-0.0033849621,2,-0.0033849621,2,-0.0033849621,1,-0.00087539103,2,-0.0094118193,0.0021325528
2017-05-02,1,0,1.4867692,0.0018513406,0.090197422,0.0036150586,0.0086114101,0.0072001986,0.0036382536,0,0,0,0,0,0,0,0,2,0.0068765073,0.0078027205
2017-05-04,0,0,0.89604817,0.002885178,0.093609002,0.0057314861,0.012716355,0.011416369,0.0066774516,0,0,0,0,0,0,0,0,0,0,0.0098538484
2017-05-08,0,0,-0.28402439,0.00048388987,0.096874756,0.024304419,0.045801527,0.048511577,0.023587643,0,0,0,0,0,0,0,0,0,0,0.026362183
2017-05-10,0,0,0.030791107,0.0026309679,0.12650658,-0.01228609,-0.024446647,-0.024537922,-0.012074314,0,-0,0,-0,0,-0,0,-0,0,-0,-0.010905169
2017-05-11,0,0,0.88204856,0.0035504274,0.13550355,0.0073115861,0.011741027,0.014546617,0.0084104289,0,0,0,0,0,0,0,0,0,0,0.012640846
2017-05-12,0,0,0.29589424,0.0021823833,0.13802297,-0.0048640459,-0.010596026,-0.00972499,-0.0051037427,0,-0,0,-0,0,-0,0,-0,0,-0,-0.0045465422
2017-05-15,0,0,0.46143739,0.0013431384,0.13671072,0.0012004322,0.004008016,0.0023978899,0.0011053795,0,0,0,0,0,0,0,0,0,0,0.0024439103
2017-05-16,1,1,1.6801375,-0.0006539799,0.1318261,-0.0050430846,-0.0092044707,-0.010021701,-0.0052448133,2,-0.0097044707,2,-0.0097044707,2,-0.0097044707,1,-0.0055430846,2,-0.010889627,0.001398825
2017-05-17,0,0,-0.66247544,-0.0013976821,0.13181675,0.00260229,0.005011694,0.0052208835,0.0010701625,0,0,0,0,0,0,0,0,0,0,-0.0005188378
2017-05-18,0,0,-0.35638341,0.00032191313,0.13076918,0.0077016129,0.014566396,0.015555646,0.0071876898,0,0,0,0,0,0,0,0,0,0,-0.0020764285
2017-05-19,0,0,-0.88434573,0.00016677209,0.12771395,-0.00092128981,-0.002006689,-0.0018445006,-0.0006035003,0,-0,0,-0,0,-0,0,-0,0,-0,-0.0019607059
2017-05-22,0,0,0.61945053,0.001092796,0.1289333,0.0013540422,0.0023178808,0.0026900862,0.0029023219,0,0,0,0,0,0,0,0,0,0,0.0080987892
2017-05-23,0,0,-0.0550804,-0.0010984998,0.12959938,0.00095272121,0.0016447368,0.001901894,-0.00026539278,0,0,0,0,0,0,0,0,0,-0,0.0028237353
2017-05-24,0,0,0.62739283,-0.00056642573,0.12411637,-0.0015822159,-0.0026118185,-0.0031561921,-0.0020177296,0,-0,0,-0,0,-0,0,-0,0,-0,0.0010311323
2017-05-25,0,0,0.68311554,0.0011834531,0.124622,0.0067801955,0.01525974,0.013492842,0.0078922168,0,0,0,0,0,0,0,0,0,0,0.011845806
2017-05-26,0,0,-0.59755335,0.00027912404,0.12665466,0.0052032393,0.010217114,0.010397936,0.0050751449,0,0,0,0,0,0,0,0,0,0,0.0060297572
2017-05-29,0,0,0.90778154,0.0011286316,0.12642634,-0.0049228622,-0.009727016,-0.0098061926,-0.0047405676,0,-0,0,-0,0,-0,0,-0,0,-0,-0.00089515062
2017-05-30,0,0,0.2902086,-0.0013537789,0.12432039,-0.0057711055,-0.012052014,-0.011553925,-0.007494542,0,-0,0,-0,0,-0,0,-0,0,-0,-0.0067780764
2017-05-31,0,0,-0.71869818,0.00048531698,0.12905315,0.0023583979,0.005483871,0.0047272011,0.0028967379,0,0,0,0,0,0,0,0,0,0,0.0001568812
2017-06-01,0,0,0.059616763,-0.0011444262,0.12938246,-0.0019624004,-0.0041773779,-0.0039281926,-0.002329855,0,-0,0,-0,0,-0,0,-0,0,-0,-0.0028234187
2017-06-02,0,0,0.064017344,-0.0010725654,0.13009,0.0082644628,0.017628205,0.016463153,0.0081548438,0,0,0,0,0,0,0,0,0,0,0.012308781
2017-06-05,0,0,0.026178357,-0.001637328,0.13312216,-0.0030642721,-0.0065934066,-0.0061192874,-0.0038571243,0,-0,0,-0,0,-0,0,-0,0,-0,-0.0015538808
2017-06-07,0,0,0.15131808,0.00037419438,0.1316903,-0.0051008488,-0.0082435003,-0.010209649,-0.0041050368,0,-0,0,-0,0,-0,0,-0,0,-0,-0.0058750292
2017-06-08,0,0,-0.32472904,0.00052075241,0.10332965,0.0038703624,0.0060586735,0.0077322607,0.0017991495,0,0,0,0,0,0,0,0,0,0,0.0049704513
2017-06-09,1,1,1.1560343,-0.00070224745,0.090759035,0.0066928674,0.012010114,0.013374806,0.0060811031,2,0.011510114,2,0.011510114,2,0.011510114,1,0.0061928674,2,0.011762206,0.0075161617
2017-06-12,0,0,-1.6319669,-0.001068159,0.088232257,-0.0033453923,-0.0082200443,-0.0067337431,-0.0048742445,0,-0,0,-0,0,-0,0,-0,0,-0,-0.0096633296
2017-06-13,0,0,0.081116819,0.00048092941,0.094970633,0.005385576,0.012098058,0.010769891,0.0057795918,0,0,0,0,0,0,0,0,0,0,0.0055032981
2017-06-14,0,0,0.73128441,-0.0012094827,0.09627184,-0.0038674247,-0.008125,-0.0077065351,-0.0051045133,0,-0,0,-0,0,-0,0,-0,0,-0,-0.00019408431
2017-06-15,0,0,0.14119725,-0.0010040734,0.096363423,-0.0032249291,-0.0069422531,-0.0064548742,-0.0043179014,0,-0,0,-0,0,-0,0,-0,0,-0,-0.0039989129
2017-06-16,0,0,0.55220054,-0.0004687598,0.097956584,0,0.00031746032,0,-0.00058637652,0,0,0,0,0,0,0,0,0,-0,0.00035082248
2017-06-19,0,0,0.21376505,-0.0014662043,0.096810793,0.0058080611,0.010149064,0.011620199,0.004786091,0,0,0,0,0,0,0,0,0,0,0.0054553248
2017-06-20,0,0,0.55181078,-0.0016747575,0.097540572,-0.0019281941,-0.0052877138,-0.0038374458,-0.0039929158,0,-0,0,-0,0,-0,0,-0,0,-0,0.0030229043
2017-06-21,0,0,-0.75719235,0.00050680395,0.094224428,-0.0010876321,-0.0012646222,-0.002186902,-0.00029257826,0,-0,0,-0,0,-0,0,-0,0,-0,-0.0063753333
2017-06-22,1,1,1.1037914,-0.00080484208,0.097537025,0.0037607103,0.0072395342,0.0074990336,0.0028191834,2,0.0067395342,2,0.0067395342,2,0.0067395342,1,0.0032607103,2,0.0052383668,0.0067662156
2017-06-23,0,0,-0.12835832,0.00027121165,0.099345606,0.0025111068,0.0056285178,0.0050231839,0.002909232,0,0,0,0,0,0,0,0,0,0,0.0023174971
2017-06-26,0,0,-0.051646987,5.4568648e-05,0.091742841,0.0045815046,0.0090034151,0.0091545504,0.0043796091,0,0,0,0,0,0,0,0,0,0,0.0055105973
2017-06-27,0,0,-0.31347755,-0.0013903665,0.091441537,0.0022271715,0.0030873726,0.0044630834,0.0012832029,0,0,0,0,0,0,0,0,0,0,0.00026827118
2017-06-28,0,0,-0.19090306,-0.00010150678,0.091058174,0.0012699634,0.0027924294,0.0025512176,0.00041839658,0,0,0,0,0,0,0,0,0,0,-0.0031417625
2017-06-29,0,0,0.55266751,-0.00063460189,0.089061634,0.001567458,0.002758198,0.003118345,-0.00095889535,0,0,0,0,0,0,0,0,0,-0,0.0069182873
2017-06-30,0,0,-0.66746748,0.0016950955,0.090413396,0.0033807146,0.0061823802,0.0068053515,0.0037023921,0,0,0,0,0,0,0,0,0,0,-0.0030536682
2017-07-03,0,0,0.44348472,0.00072819541,0.090656288,0,-0.001529052,0,-0.000352,0,0,0,0,0,0,0,0,0,-0,0.0022206907
2017-07-04,0,0,-0.46682028,0.00037083804,0.080507112,-0.0064545698,-0.011922959,-0.012905689,-0.006273606,0,-0,0,-0,0,-0,0,-0,0,-0,-0.0061888753
2017-07-05,0,0,-0.70602661,-0.00056103112,0.083840487,0.0063198459,0.011494253,0.012670942,0.0061316036,0,0,0,0,0,0,0,0,0,0,0.003844084
2017-07-06,0,0,0.082997364,0.00071526316,0.081791421,-0.0022157702,-0.0039791858,-0.0044210687,-0.000928981,0,-0,0,-0,0,-0,0,-0,0,-0,0.00015317454
2017-07-07,0,0,-0.046506555,0.0011232496,0.081755347,0,0.00092936803,0,0.0015797788,0,0,0,0,0,0,0,0,0,0,-0.0039819282
2017-07-10,0,0,-0.2714472,-0.00030454989,0.075599908,0.0001532802,-0.00061519532,0.00030560012,-0.00060965827,0,0,0,0,0,0,0,0,0,-0,0.0033059122
2017-07-11,0,0,0.37493532,-2.3542935e-05,0.065240902,0.0042470156,0.010138249,0.0084823475,0.0049673119,0,0,0,0,0,0,0,0,0,0,0.0056321839
2017-07-12,0,0,-0.015856038,-0.00025389664,0.066367562,-0.00019049796,-0.000304414,-0.00038099592,0.00025518341,0,-0,0,-0,0,-0,0,-0,0,0,-0.00019049796
2017-07-13,0,0,0.50646598,-0.00086885566,0.066326974,0.0050013261,0.012979173,0.0099457505,0.0028212769,0,0,0,0,0,0,0,0,0,0,0.010784239
2017-07-14,0,0,0.99493844,-0.0011100352,0.069194023,-0.00037630767,-0.0023738872,-0.00075123014,-0.0011016682,0,-0,0,-0,0,-0,0,-0,0,-0,0.001470311
2017-07-17,0,0,0.97974003,0.00039177042,0.069254792,-0.0020201264,-0.0035252644,-0.0040151684,-0.0021928451,0,-0,0,-0,0,-0,0,-0,0,-0,0.0042538774
2017-07-18,0,0,-0.22127805,0.0005545562,0.067880797,0.00018751172,0.001179941,0.00037519229,0.00084804322,0,0,0,0,0,0,0,0,0,0,-0.00026239832
2017-07-19,0,0,0.33624072,-2.5089073e-05,0.067955475,-0.00048663622,-0.0020551967,-0.00097167202,-0.00075199749,0,-0,0,-0,0,-0,0,-0,0,-0,0.0011623547
2017-07-20,0,0,-0.32804017,0.00020663005,0.062381282,0.0025027082,0.0046811001,0.0049923624,0.0029091592,0,0,0,0,0,0,0,0,0,0,0.005130894
2017-07-21,0,0,-0.51539553,0.00021758024,0.061508644,0.0054836423,0.0096322242,0.010979982,0.005059812,0,0,0,0,0,0,0,0,0,0,0.0043222297
2017-07-24,0,0,-0.056269897,0.00059585681,0.061826749,-0.0003339022,0.0011560694,-0.00066780441,0.00083918692,0,0,0,0,0,0,0,0,0,0,-0.0003339022
2017-07-25,0,0,-0.19323012,0.00091891263,0.060589282,-0.005453736,-0.0060623557,-0.010903831,-0.0048181536,0,-0,0,-0,0,-0,0,-0,0,-0,-0.0051215439
2017-07-26,0,0,0.092253664,-0.00019601717,0.06599632,-0.004132693,-0.01071532,-0.0082494147,-0.0043632737,0,-0,0,-0,0,-0,0,-0,0,-0,-0.0022009177
2017-07-27,1,1,1.1047922,-0.00048297086,0.0642303,0,0.00029120559,0,-0.00037426317,2,-0.00020879441,2,-0.00020879441,2,-0.00020879441,1,-0.0005,2,-0.0011485263,0.0031778077
2017-07-28,0,0,-1.4877404,0.0012226728,0.062780524,-0.01615376,-0.031378299,-0.032416614,-0.015297326,0,-0,0,-0,0,-0,0,-0,0,-0,-0.019453658
2017-07-31,0,0,-1.3279765,0.00043889506,0.097426875,0.0043899832,0.011012542,0.0088186803,0.005979599,0,0,0,0,0,0,0,0,0,0,0
2017-08-01,0,0,-1.0285748,8.855975e-05,0.09732864,0.01100617,0.021587109,0.022056859,0.011033867,0,0,0,0,0,0,0,0,0,0,0.0089696325
2017-08-02,1,1,1.069838,-0.0015502063,0.097461429,-0.00063830586,-0.0020703934,-0.0012725027,-0.0027936468,2,-0.0025703934,2,-0.0025703934,2,-0.0025703934,1,-0.0011383059,2,-0.0059872936,0.0025991637
2017-08-03,0,0,-0.95694985,-0.00028127914,0.096832987,-0.014473089,-0.030059524,-0.029038113,-0.014702634,0,-0,0,-0,0,-0,0,-0,0,-0,-0.017583408
2017-08-04,0,0,0.90819959,0.00072636324,0.11596818,0.0027850902,0.0095150399,0.0055568242,0.0021099744,0,0,0,0,0,0,0,0,0,0,0.0052011626
2017-08-07,0,0,0.50003266,-0.00049092528,0.11564778,-0.00030409001,-0.0012132241,-0.0006076257,-0.0012088821,0,-0,0,-0,0,-0,0,-0,0,-0,0.00060873535
2017-08-08,0,0,0.6481569,-0.00098954137,0.1154638,-0.0037183184,-0.0081620314,-0.0074208693,-0.0048898203,0,-0,0,-0,0,-0,0,-0,0,-0,-0.0015969582
2017-08-09,0,0,-1.9797383,-0.00066257811,0.11314469,-0.0048743044,-0.0095826893,-0.0098251586,-0.0053984576,0,-0,0,-0,0,-0,0,-0,0,-0,-0.012567598
2017-08-10,0,0,-1.3227932,0.00062439048,0.12137344,-0.0013543843,-0.0031436655,-0.0027178133,0.00022705157,0,-0,0,-0,0,-0,0,-0,0,0,-0.0046667695
2017-08-11,0,0,-2.6708629,0.0011055133,0.11648059,-0.0042451162,-0.0055302537,-0.0086141575,-0.0021425981,0,-0,0,-0,0,-0,0,-0,0,-0,-0.01836711
2017-08-14,1,1,2.1726752,-0.0012348479,0.12987982,0.0017243406,0.0035506779,0.0034239913,-0.00019672776,2,0.0030506779,2,0.0030506779,2,0.0030506779,1,0.0012243406,2,-0.00079345552,0.0090001184
2017-08-16,1,1,1.6257706,-0.0012899579,0.13270112,-0.0030244281,-0.0060069554,-0.0059956186,-0.0036007396,2,-0.0065069554,2,-0.0065069554,2,-0.0065069554,1,-0.0035244281,2,-0.0076014792,0.0059074371
2017-08-17,0,0,0.38948821,-0.00026232181,0.13666699,0.0037262741,0.0082382763,0.0074378244,0.0038005522,0,0,0,0,0,0,0,0,0,0,0.0057171749
2017-08-18,0,0,-0.22820026,0.0019072183,0.139238,0.0073294347,0.014386189,0.014779293,0.0081069596,0,0,0,0,0,0,0,0,0,0,-0.00081209637
2017-08-21,1,0,1.0536501,0.0013302802,0.13685383,-0.0038984098,-0.0081555834,-0.0077758103,-0.0030735385,0,-0,0,-0,0,-0,0,-0,2,-0.0065470769,-0.0011997833
2017-08-22,0,0,0.25563533,0.00032680756,0.13534265,0.0013534939,0.004406673,0.0027015553,0.0022030713,0,0,0,0,0,0,0,0,0,0,0.0033711784
2017-08-23,0,0,-0.28958371,0.00095532837,0.13670099,-0.0056408289,-0.010539368,-0.011210249,-0.0042119478,0,-0,0,-0,0,-0,0,-0,0,-0,0.00073376072
2017-08-24,1,1,1.093462,-0.00096212947,0.13636587,0.0036628624,0.0071942446,0.0073192342,0.0019023667,2,0.0066942446,2,0.0066942446,2,0.0066942446,1,0.0031628624,2,0.0034047333,0.0045536989
2017-08-25,1,1,1.2231634,-0.0002463779,0.13744998,-0.0015333308,-0.0037048472,-0.0030600926,-0.0011233791,2,-0.0042048472,2,-0.0042048472,2,-0.0042048472,1,-0.0020333308,2,-0.0026467582,0.00061465176
2017-08-28,0,0,-0.94201939,0.00092221896,0.13680839,-0.005070877,-0.0090062112,-0.010147992,-0.0037336252,0,-0,0,-0,0,-0,0,-0,0,-0,-0.0056820363
2017-08-29,0,0,-2.3319313,0.00096558803,0.11941757,0.0029117167,0.0053882726,0.0058554866,0.0038378976,0,0,0,0,0,0,0,0,0,0,-0.0025483609
2017-08-30,0,0,0.23835764,0.00051293038,0.11935444,0.001777297,0.0031407035,0.0035478771,0.0018441827,0,0,0,0,0,0,0,0,0,0,0.0036774668
2017-08-31,0,0,-0.83647617,0.00074871414,0.11604262,-0.0069372182,-0.01158422,-0.013864284,-0.0048100203,0,-0,0,-0,0,-0,0,-0,0,-0,-0.0062095032
2017-09-01,0,0,-0.58290822,0.00032963573,0.115948,-0.0035192204,-0.0078715365,-0.0070137578,-0.003464465,0,-0,0,-0,0,-0,0,-0,0,-0,0
2017-09-04,0,0,-6.0001941,0.0022580708,0.10046064,0.003979825,0.0098199673,0.0080835568,0.0055202962,0,0,0,0,0,0,0,0,0,0,-0.011177087
2017-09-05,1,1,1.3996942,-0.00034559785,0.1061309,-0.0048477267,-0.0083762887,-0.009657697,-0.0051694804,2,-0.0088762887,2,-0.0088762887,2,-0.0088762887,1,-0.0053477267,2,-0.010738961,-0.0009419522
2017-09-06,0,0,0.9045264,-0.00042219586,0.10559552,-0.00027550378,-0.0019543974,-0.00055202871,-0.0014491799,0,-0,0,-0,0,-0,0,-0,0,-0,-0.0021213907
2017-09-07,0,0,0.59650469,0.00019499914,0.10569751,0.0089450351,0.019143413,0.017828518,0.0084428384,0,0,0,0,0,0,0,0,0,0,0.012440455
2017-09-08,0,0,0.67663537,-0.00051710066,0.10899715,-0.00093174936,-0.00095298602,-0.0018605372,-0.0008125325,0,-0,0,-0,0,-0,0,-0,0,-0,0.00066104133
2017-09-11,1,1,1.8111856,-0.0012335042,0.10845798,0.0043705279,0.010419956,0.0087003388,0.0024914256,2,0.0099199558,2,0.0099199558,2,0.0099199558,1,0.0038705279,2,0.0045828512,0.0090930287
2017-09-12,0,0,-0.18417435,-0.0010063097,0.088071592,-0.0038333269,-0.0074372482,-0.00763184,-0.0041065127,0,-0,0,-0,0,-0,0,-0,0,-0,0.00073166975
2017-09-13,0,0,0.052699229,-0.0012676916,0.085128416,-0.0013059343,-0.0034246575,-0.0026070621,-0.0037279856,0,-0,0,-0,0,-0,0,-0,0,-0,0.0005387309
2017-09-14,0,0,0.59710161,-0.0012889147,0.081977489,0.0036914558,0.0068557183,0.0073814924,0.0054694035,0,0,0,0,0,0,0,0,0,0,0.003884466
2017-09-15,0,0,-1.1639839,0.0013632541,0.084151916,0.0062483229,0.011479988,0.012503836,0.0080336772,0,0,0,0,0,0,0,0,0,0,0.0056700636
2017-09-18,0,0,0.20058581,-0.0014700967,0.084271538,0.015186116,0.029060875,0.030344513,0.014698864,0,0,0,0,0,0,0,0,0,0,0.016114286
2017-09-19,0,0,-0.2215276,-0.00021334367,0.10093666,-0.0011988611,-0.0014863258,-0.0023960166,-0.0016612337,0,-0,0,-0,0,-0,0,-0,0,-0,-0.00048738425
2017-09-20,0,0,0.30057869,0.00042248733,0.10115725,-0.002695216,-0.0044470798,-0.0053795577,-0.0019429646,0,-0,0,-0,0,-0,0,-0,0,-0,-0.00067516879
2017-09-21,0,0,-0.27698559,-0.00066233845,0.10130901,0.0018034265,0.0038852361,0.0036103798,-0.00040831711,0,0,0,0,0,0,0,0,0,-0,0.00082576383
2017-09-22,0,0,0.27940056,0.00083797161,0.101325,-0.005480892,-0.010146225,-0.010972494,-0.0042444822,0,-0,0,-0,0,-0,0,-0,0,-0,-0.0064506451
2017-09-25,0,0,-0.08900027,0.00062999288,0.10355915,-0.0020739847,-0.0015060241,-0.0041437505,-0.0012941511,0,-0,0,-0,0,-0,0,-0,0,-0,-0.0010569228
2017-09-26,0,0,-1.0778294,0.0011933532,0.10115657,-0.0017817203,-0.0039465695,-0.0035749601,-0.0021272543,0,-0,0,-0,0,-0,0,-0,0,-0,-0.0049879081
2017-09-27,0,0,0.34516645,0.0010515854,0.10399877,-0.0029215359,-0.0054777845,-0.0058377559,-0.0028913672,0,-0,0,-0,0,-0,0,-0,0,-0,-0.0020127601
2017-09-28,0,0,-0.30402829,-0.00037504057,0.10395015,-0.00011402075,-0.00091519219,-0.00022776449,-0.0014952914,0,-0,0,-0,0,-0,0,-0,0,-0,0.0011035428
2017-09-29,0,0,0.44097567,-0.00088545898,0.1022249,0.0072185707,0.0125,0.014430014,0.005308328,0,0,0,0,0,0,0,0,0,0,0.007716284
2017-10-10,1,0,2.3052906,1.9411863e-05,0.10449513,0.0028604332,0.016243355,0.0056354521,0.0037349435,0,0,0,0,0,0,0,0,2,0.007069887,0.018294293
2017-10-11,0,0,0.88772669,-0.0014384035,0.11155778,0.0063459268,0.012716763,0.012641482,0.006636417,0,0,0,0,0,0,0,0,0,0,0.010371907
2017-10-12,0,0,0.022546751,-0.00086007282,0.11453749,0.00479432,0.011396011,0.0095718252,0.0046849164,0,0,0,0,0,0,0,0,0,0,0.0065625458
2017-10-13,0,0,-0.16645649,0.00032311076,0.11227151,-0.00076527823,-0.00084602369,-0.0015313377,-0.00106805,0,-0,0,-0,0,-0,0,-0,0,-0,-0.0012748133
2017-10-16,0,0,0.90850506,-0.00065331828,0.10964999,-0.0014916142,0.0014060742,-0.0029759745,-0.0022826186,0,0,0,0,0,0,0,0,0,-0,0.00094821298
2017-10-17,0,0,0.41749742,-0.0020376531,0.10966345,0.0016752249,0.0019635344,0.0033488643,-0.00054762846,0,0,0,0,0,0,0,0,0,-0,0.0021496757
2017-10-18,0,0,-0.63253655,0.00010581702,0.10837336,0.00065528414,0.0011229646,0.0013122881,0.0010363958,0,0,0,0,0,0,0,0,0,0,-0.00065442647
2017-10-19,0,0,0.02455802,0.0015191926,0.10895078,-0.0065314416,-0.013113839,-0.013028844,-0.0066936441,0,-0,0,-0,0,-0,0,-0,0,-0,-0.0039291301
2017-10-20,0,0,0.42668944,0.00013615617,0.11238997,0.0050020081,0.010463801,0.010000365,0.0055338144,0,0,0,0,0,0,0,0,0,0,0.0053690785
2017-10-23,0,0,0.24142935,-0.00049233815,0.11195174,-0.0009046499,-0.0013904338,-0.0018021915,-0.0023921996,0,-0,0,-0,0,-0,0,-0,0,-0,0.0030516602
2017-10-24,0,0,0.54179461,0.0011419611,0.11190462,-0.0017025284,0.00083682008,-0.0034055503,-0.0011538228,0,0,0,0,0,0,0,0,0,-0,-0.0018471568
2017-10-25,0,0,0.35981588,-0.0013106472,0.099131778,-0.00028997064,-0.0025034771,-0.00057931134,-0.0013343442,0,-0,0,-0,0,-0,0,-0,0,-0,0.00079828731
2017-10-26,0,0,0.13127747,0.0020916465,0.098571529,-0.0071042807,-0.010896899,-0.014204443,-0.0049904148,0,-0,0,-0,0,-0,0,-0,0,-0,-0.0068162866
2017-10-27,0,0,0.15304787,-0.0010475168,0.10321578,0.006348743,0.010713279,0.012691003,0.0052824427,0,0,0,0,0,0,0,0,0,0,0.0068630672
2017-10-30,0,0,0.75491512,-0.0020387349,0.10469922,-0.0025961851,-0.0046961326,-0.0051640667,-0.0040395514,0,-0,0,-0,0,-0,0,-0,0,-0,0.0029005475
2017-10-31,0,0,0.19086669,0.0005660013,0.10191886,0.0099042111,0.020232816,0.019805559,0.010665051,0,0,0,0,0,0,0,0,0,0,0.010050251
2017-11-01,1,0,1.6974473,0.0024550827,0.10456641,0.0076639228,0.020721206,0.015195751,0.0092054697,0,0,0,0,0,0,0,0,2,0.018010939,0.016500233
2017-11-02,0,0,0.11203282,-0.000554608,0.10795979,-0.0038717398,-0.0063224447,-0.0077404827,-0.0053045708,0,-0,0,-0,0,-0,0,-0,0,-0,-0.0034859155
2017-11-03,1,1,1.2932638,-0.00071053707,0.10959686,-0.00088071585,-0.00026364355,-0.0017561729,-0.00073728914,2,-0.00076364355,2,-0.00076364355,2,-0.00076364355,1,-0.0013807158,2,-0.0018745783,0.0021200664
2017-11-06,0,0,-0.8665348,-0.00015251609,0.10877964,-0.0038785656,-0.0071334214,-0.0077571313,-0.0037205457,0,-0,0,-0,0,-0,0,-0,0,-0,-0.0038785656
2017-11-07,0,0,-0.51310753,-0.00030283928,0.11138904,-0.00056663243,-0.0031906408,-0.001133827,-0.0013937076,0,-0,0,-0,0,-0,0,-0,0,-0,-0.0010619093
2017-11-08,0,0,-1.5386451,0.00031074872,0.094249073,0.0073312218,0.015603982,0.014726382,0.0077565632,0,0,0,0,0,0,0,0,0,0,0.0029765069
2017-11-09,0,0,0.31226694,-0.00024129307,0.088078741,-0.0047953175,-0.0089709763,-0.0095717352,-0.0041648206,0,-0,0,-0,0,-0,0,-0,0,-0,-0.0028263558
2017-11-10,0,0,-0.80432881,-0.0014468594,0.087470141,0.0031358016,0.0029601722,0.0063080176,0.00095340246,0,0,0,0,0,0,0,0,0,0,-0.0026217892
2017-11-13,0,0,0.68850979,-0.0016308254,0.088229912,-0.0057171265,-0.0096463023,-0.011430194,-0.0068324273,0,-0,0,-0,0,-0,0,-0,0,-0,-0.0053639302
2017-11-14,0,0,-0.014213481,-0.00065567788,0.090896936,-0.0014631883,-0.0029761905,-0.0029241852,-0.003018259,0,-0,0,-0,0,-0,0,-0,0,-0,-0.00071428571
2017-11-15,0,0,0.13582633,0.00055553816,0.091452319,-0.0049729884,-0.0062602069,-0.0099563069,-0.0036593779,0,-0,0,-0,0,-0,0,-0,0,-0,-0.0060042888
2017-11-16,1,0,1.6243308,0.0004421476,0.093197285,0.0038378766,0.0092896175,0.0076570774,0.0048384673,0,0,0,0,0,0,0,0,2,0.0092769346,0.006292248
2017-11-17,0,0,-0.16577313,-0.00039267491,0.092232337,-0.0054384531,-0.0096566524,-0.01082075,-0.0055646481,0,-0,0,-0,0,-0,0,-0,0,-0,-0.00025011613
2017-11-20,0,0,0.6772074,0.0010627543,0.089416445,-0.0060290393,-0.011357491,-0.01203618,-0.0045151452,0,-0,0,-0,0,-0,0,-0,0,-0,-0.0042172981
2017-11-21,0,0,0.47994948,0.00076870689,0.090794204,-0.0016089817,-0.00081521739,-0.0032058132,-0.00080891605,0,-0,0,-0,0,-0,0,-0,0,-0,0.0021893619
2017-11-22,0,0,0.94650132,0.00012039564,0.09056606,-0.001208717,-0.0018822264,-0.0023998588,-0.0013097967,0,-0,0,-0,0,-0,0,-0,0,-0,0.0061597966
2017-11-23,0,0,0.20100048,0.001244361,0.092456077,-0.0034117563,-0.0067168189,-0.006813101,-0.0034260859,0,-0,0,-0,0,-0,0,-0,0,-0,-0.0018864567
2017-11-24,0,0,0.13565204,0.00087729616,0.088815758,0.0017466315,0.0021609941,0.0034917694,0.0020013741,0,0,0,0,0,0,0,0,0,0,0.0021753085
2017-11-27,0,0,-0.75899933,0.0018126924,0.086497248,-0.017777778,-0.036300081,-0.035527765,-0.017032574,0,-0,0,-0,0,-0,0,-0,0,-0,-0.01700886
2017-11-28,0,0,0.62510423,-0.0011993368,0.10804086,0.0025696706,0.0058561071,0.0051384114,0.0024228475,0,0,0,0,0,0,0,0,0,0,0.0027511312
2017-11-29,0,0,-1.7474433,-0.00087804563,0.10326546,-0.001982625,-0.0035911602,-0.0039595407,-0.0022027096,0,-0,0,-0,0,-0,0,-0,0,-0,-0.0005414967
2017-11-30,0,0,-2.3130725,-0.00030462483,0.084398728,-0.0098876731,-0.022203485,-0.01990341,-0.009742731,0,-0,0,-0,0,-0,0,-0,0,-0,-0.016217583
2017-12-01,0,0,-0.13794308,-0.0020109646,0.10005701,-0.0032581637,-0.0071225071,-0.006497536,-0.0063331804,0,-0,0,-0,0,-0,0,-0,0,-0,-0.00036714763
2017-12-04,1,0,1.8489859,0.00070362136,0.097807542,0.0062899982,0.011396011,0.012525944,0.0075388434,0,0,0,0,0,0,0,0,2,0.014677687,0.010651192
2017-12-05,0,0,-1.9220723,0.0005613684,0.10986069,0.0080368233,0.015048268,0.016158055,0.0086911283,0,0,0,0,0,0,0,0,0,0,0.0027982702
2017-12-06,0,0,0.50047371,0.00088664199,0.11065839,-0.014994567,-0.029066518,-0.029971766,-0.015054025,0,-0,0,-0,0,-0,0,-0,0,-0,-0.014423425
2017-12-07,0,0,0.70331692,0.0010263973,0.12057435,-0.0057572424,-0.010318143,-0.011483324,-0.0052872645,0,-0,0,-0,0,-0,0,-0,0,-0,-0.0030519194
2017-12-08,0,0,0.55663845,-0.00035774101,0.12061559,-0.00058806233,-0.001727613,-0.0011720324,-0.00049255018,0,-0,0,-0,0,-0,0,-0,0,-0,0.0029137314
2017-12-11,0,0,-0.7684691,8.4919539e-05,0.12195548,-0.00018360752,-0.00086231676,-0.00036667644,-0.00012302771,0,-0,0,-0,0,-0,0,-0,0,-0,0.0012871433
2017-12-12,0,0,-0.69383648,-0.00036820535,0.1217762,-0.0030857395,-0.0086206897,-0.0061726127,-0.0033215439,0,-0,0,-0,0,-0,0,-0,0,-0,-0.003268814
2017-12-13,0,0,-0.35513141,0.001603454,0.1219123,0.0058107462,0.011560694,0.011598884,0.0062935768,0,0,0,0,0,0,0,0,0,0,0.0077750755
2017-12-14,0,0,0.80781544,0.00073122338,0.12452292,-0.0010216368,0.0019914651,-0.0020389587,-0.006911315,0,0,0,0,0,0,0,0,0,-0,0.0010969322
2017-12-15,1,0,3.3659428,0.0019809212,0.12186305,-0.0052413191,-0.010728402,-0.010446516,-0.0035431748,0,-0,0,-0,0,-0,0,-0,2,-0.0074863496,-0.0017896928
2017-12-18,0,0,-0.98054638,-0.0016452706,0.12370562,0.00025587601,0.00028441411,0.00051124744,-0.0014980586,0,0,0,0,0,0,0,0,0,-0,0.0012440542
2017-12-19,0,0,-0.1385402,0.00071159556,0.12356535,-0.0034584441,-0.0056545095,-0.0068905491,-0.0026249924,0,-0,0,-0,0,-0,0,-0,0,-0,0.00036544365
2017-12-20,0,0,-0.067204399,-9.0972943e-05,0.12327707,-0.0010245902,0.0011428571,-0.0020526354,-0.0012568976,0,0,0,0,0,0,0,0,0,-0,-0.0027032951
2017-12-21,0,0,0.056382507,-0.0024444296,0.12066262,-0.017112221,-0.033849684,-0.034310116,-0.018721994,0,-0,0,-0,0,-0,0,-0,0,-0,-0.01956044
2017-12-22,0,0,0.63816342,-0.0014194118,0.13523077,0.0020490276,0.003248671,0.0040864849,0.0010908184,0,0,0,0,0,0,0,0,0,0,0.0048942688
2017-12-26,0,0,0.87916606,-0.0011480279,0.13631386,-0.0063436712,-0.011730205,-0.012659634,-0.010088781,0,-0,0,-0,0,-0,0,-0,0,-0,-0.0041640332
2017-12-27,0,0,-0.6655399,0.0083603509,0.12518754,0.0083336434,0.014150943,0.016609202,0.0065057515,0,0,0,0,0,0,0,0,0,0,0.011872317
2017-12-28,0,0,0.087982878,0.009239327,0.1250828,0.011948224,0.02467344,0.023884118,0.012818514,0,0,0,0,0,0,0,0,0,0,0.012470944
2018-01-02,1,0,1.4718999,0.0069379047,0.13687549,0.00050816697,0.0039481105,0.0010123287,0.00082890738,0,0,0,0,0,0,0,0,2,0.0012578148,0.0044823439
2018-01-03,0,0,-0.57398655,0.0013752287,0.12471463,-0.00014450345,-0.00027886224,-0.00028779049,0,0,-0,0,-0,0,-0,0,-0,0,0,0.0040995501
2018-01-04,1,1,1.0146994,-0.00063273895,0.12510223,-0.013719293,-0.02537931,-0.027274999,-0.014991503,2,-0.02587931,2,-0.02587931,2,-0.02587931,1,-0.014219293,2,-0.030383006,-0.007768183
2018-01-05,0,0,0.56634242,-0.0017586425,0.11997969,0.01082141,0.02028169,0.021583255,0.0089247378,0,0,0,0,0,0,0,0,0,0,0.013618819
2018-01-08,0,0,0.35123771,-0.0013957691,0.12974438,0.0025043827,0.0043763676,0.004988242,0.0013602152,0,0,0,0,0,0,0,0,0,0,0.0066460698
2018-01-09,0,0,-1.0489898,-0.0012340639,0.11844402,-0.001109441,-0.0021863897,-0.0022251732,-0.0012701485,0,-0,0,-0,0,-0,0,-0,0,-0,-0.0039256272
2018-01-10,0,0,0.20683505,-0.0002295303,0.11855405,-0.0092542966,-0.019351322,-0.018458468,-0.0098528123,0,-0,0,-0,0,-0,0,-0,0,-0,-0.0065565548
2018-01-11,0,0,-0.63942636,0.0020231791,0.12239971,-0.0045821908,-0.0075208914,-0.0091683511,-0.0038235654,0,-0,0,-0,0,-0,0,-0,0,-0,-0.0050129833
2018-01-12,0,0,0.16129789,-0.0017734109,0.12442834,-0.00036167673,-0.0022308979,-0.00072178714,-0.0018940551,0,-0,0,-0,0,-0,0,-0,0,-0,0.0018123165
2018-01-15,0,0,0.39665368,-0.00052185505,0.12426948,-0.002879666,-0.0058139535,-0.0057300433,-0.00359132,0,-0,0,-0,0,-0,0,-0,0,-0,0.0022432071
2018-01-16,0,0,-0.10553297,-8.3226964e-06,0.12237184,0.0076881429,0.017279822,0.015374066,0.0078793061,0,0,0,0,0,0,0,0,0,0,0.0078336522
2018-01-17,0,0,-0.16293836,-5.2195915e-05,0.1240929,-0.0003230206,-0.00082599119,-0.0006473423,-0.00036439829,0,-0,0,-0,0,-0,0,-0,0,-0,-0.002328247
2018-01-18,0,0,-0.20759906,1.1292559e-05,0.12380528,-0.0047484737,-0.010635397,-0.0094443458,-0.0057396611,0,-0,0,-0,0,-0,0,-0,0,-0,0.00082576383
2018-01-19,0,0,0.87319071,-8.8109974e-05,0.1238013,-0.00028670752,-0.0010992031,-0.00057286072,-0.00087929414,0,-0,0,-0,0,-0,0,-0,0,-0,0.0006815899
2018-01-22,0,0,-1.8141763,0.0019173738,0.12383147,-0.0094001148,-0.017384106,-0.018815756,-0.0076342843,0,-0,0,-0,0,-0,0,-0,0,-0,-0.010216885
2018-01-23,0,0,-0.59925892,0.00074621604,0.1286788,0.0090882862,0.019220056,0.018099548,0.010720176,0,0,0,0,0,0,0,0,0,0,0.013400942
2018-01-24,0,0,-1.155227,0.00057375424,0.11768474,0.0018946842,0.0052026287,0.0037903168,0.001634531,0,0,0,0,0,0,0,0,0,0,0.0016440315
2018-01-25,0,0,-0.28605966,-0.00069155114,0.11732914,0.0097594109,0.021590599,0.019555874,0.010312396,0,0,0,0,0,0,0,0,0,0,0.0078498537
2018-01-26,0,0,-0.61016607,-7.0153454e-05,0.11588406,0.0040720938,0.0080407397,0.0081456297,0.0048838951,0,0,0,0,0,0,0,0,0,0,0.0038943567
2018-01-29,0,0,-0.62322811,-0.00038195107,0.11580996,0.001578615,0.0063241107,0.0031407035,0.0022829696,0,0,0,0,0,0,0,0,0,0,0.0068768515
2018-01-30,0,0,-0.21759088,0.0024270369,0.10952876,-0.011671924,-0.021047093,-0.023361044,-0.0095656824,0,-0,0,-0,0,-0,0,-0,0,-0,-0.012398865
2018-01-31,1,1,1.040933,-0.00011933486,0.12268337,0.0041638492,0.01356484,0.0083568444,0.0030086046,2,0.01306484,2,0.01306484,2,0.01306484,1,0.0036638492,2,0.0056172092,0.00067383055
2018-02-01,1,0,1.46012,0.00010785695,0.12243914,-0.0037766483,-0.0066720043,-0.0075224972,-0.0050737181,0,-0,0,-0,0,-0,0,-0,2,-0.010547436,0.00031896796
2018-02-02,0,0,-0.70933002,0.00060569595,0.11809216,-0.01694253,-0.032423669,-0.03397073,-0.017072951,0,-0,0,-0,0,-0,0,-0,0,-0,-0.019415412
2018-02-05,0,0,-1.0407884,0.0026719745,0.12963389,0.0021587999,0.0048822516,0.0043731238,0.0038503338,0,0,0,0,0,0,0,0,0,0,-0.010405752
2018-02-06,1,0,1.3294829,0.00098370061,0.13233514,0.0065240084,0.0083308539,0.013328763,0.0043901206,0,0,0,0,0,0,0,0,2,0.0083802413,-0.014239293
2018-02-07,0,0,0.73298487,-0.00081626517,0.14279322,-0.034170153,-0.063607319,-0.06772633,-0.035956033,0,-0,0,-0,0,-0,0,-0,0,-0,-0.025334272
2018-02-08,1,1,1.2308651,-0.00038895945,0.16138962,0.0080534873,0.012368584,0.01610147,0.0025093296,1.8588557,0.011259532,2,0.011868584,2,0.011868584,1,0.0075534873,2,0.0046186591,0.0083982519
2018-02-09,0,0,-1.47552,0.019561368,0.16238578,-0.015208691,0.014360313,-0.030770417,0.0042498517,0,0,0,0,0,0,0,0,0,0,-0.026379258
2018-02-12,0,0,-0.86346282,-0.0022869669,0.17517169,0.0065503025,0.0095419847,0.013041811,0.0039751067,0,0,0,0,0,0,0,0,0,0,0.011108531
2018-02-13,0,0,-0.39958572,-0.00059621942,0.18145202,0.00076034063,0.001242236,0.0015102888,0.0013528749,0,0,0,0,0,0,0,0,0,0,0.0076943689
2018-02-14,1,1,1.9935343,-0.0024715273,0.18216687,0.0066815145,0.012576687,0.013279316,0.0034149299,1.6468418,0.0099947583,2,0.012076687,2,0.012076687,1,0.0061815145,2,0.0064298599,0.013067923
2018-02-19,0,0,-1.0222473,0.0012817137,0.18909884,-0.0084720681,-0.01212659,-0.01672021,-0.0056843163,0,-0,0,-0,0,-0,0,-0,0,-0,0.0049872506
2018-02-20,0,0,-1.6395811,0.00029694057,0.19184627,-0.0084948731,-0.018401207,-0.017040123,-0.0074875472,0,-0,0,-0,0,-0,0,-0,0,-0,-0.011417484
2018-02-21,1,1,1.3425824,-0.00027360345,0.19471147,0.004450479,0.009497549,0.0088945841,0.0042473015,1.5407413,0.0066796383,2,0.008997549,2,0.008997549,1,0.003950479,2,0.0080946031,0.0051707869
2018-02-22,0,0,-0.91251476,-0.00074772083,0.19454247,-0.00030229746,-0.001228124,-0.00060845756,-0.0017587618,0,-0,0,-0,0,-0,0,-0,0,-0,-0.0066085912
2018-02-23,1,1,1.4911188,-0.00085710703,0.18581789,0.011670808,0.022602321,0.023248838,0.0093026219,1.614484,0.017888048,2,0.022102321,2,0.022102321,1,0.011170808,2,0.018205244,0.015724221
2018-02-26,0,0,-1.505165,0.00076446238,0.1960569,-0.0028523801,-0.0047435517,-0.0056788849,-0.0036107884,0,-0,0,-0,0,-0,0,-0,0,-0,0.001711819
2018-02-27,0,0,-0.1466513,-0.00066135716,0.19177057,-0.0084623628,-0.015321155,-0.016835759,-0.0084188783,0,-0,0,-0,0,-0,0,-0,0,-0,-0.0031948882
2018-02-28,1,1,1.3424648,-0.001093753,0.19032889,-0.0080397876,-0.019265503,-0.016133874,-0.0095919466,1.5762189,-0.015008257,2,-0.019765503,2,-0.019765503,1,-0.0085397876,2,-0.019583893,-0.011367024
2018-03-02,1,1,1.6281392,-0.00041200699,0.18889566,-0.0047939733,-0.0056444026,-0.009677791,-0.0056754055,1.5881783,-0.0057941774,2,-0.0061444026,2,-0.0061444026,1,-0.0052939733,2,-0.011750811,-0.013948053
2018-03-05,0,0,-1.0703396,-0.0015231112,0.18937111,-0.011639482,-0.022187005,-0.023313777,-0.012354486,0,-0,0,-0,0,-0,0,-0,0,-0,-0.013113125
2018-03-06,1,1,1.6187869,-0.0032833342,0.19107548,0.011097458,0.020025429,0.022002284,0.0074963492,1.5700601,0.015686938,2,0.019525429,2,0.019525429,1,0.010597458,2,0.014592698,0.020027892
2018-03-07,0,0,0.50246937,0.00077106098,0.20852823,-0.0026477041,-0.001863354,-0.0052740629,-0.0013801072,0,-0,0,-0,0,-0,0,-0,0,-0,0.0014051878
2018-03-08,1,1,2.5098139,-0.0012206647,0.20097495,0.0027485975,0.0045969966,0.0054579439,0.0036987437,1.4927233,0.0031593468,2,0.0040969966,2,0.0040969966,1,0.0022485975,2,0.0069974874,0.010012136
2018-03-09,0,0,0.30377056,-0.00093230009,0.20398676,0.0066512219,0.012684989,0.013238138,0.0050939695,0,0,0,0,0,0,0,0,0,0,0.011565035
2018-03-12,0,0,0.31656785,-0.0015346771,0.19901743,-0.00051487625,-0.0014615609,-0.0010203338,-0.0019295406,0,-0,0,-0,0,-0,0,-0,0,-0,0.0087973274
2018-03-13,0,0,0.33002429,-0.0010999666,0.18063145,0.0048211394,0.010837727,0.0096440534,0.0062309178,0,0,0,0,0,0,0,0,0,0,0.0046362733
2018-03-14,0,0,-1.2737873,-0.0024200713,0.1815435,0.0061962896,0.012647059,0.012480036,0.0039598404,0,0,0,0,0,0,0,0,0,0,-0.00080577226
2018-03-15,0,0,0.94489787,0.00073521596,0.16010058,0.0026366866,0.0055104408,0.0052683569,0.0021114078,0,0,0,0,0,0,0,0,0,0,0.0035922437
2018-03-16,0,0,0.14855168,-0.00054181577,0.15726025,-0.00087744955,-0.0014467593,-0.0017566331,-0.00018579303,0,-0,0,-0,0,-0,0,-0,0,-0,-0.0018627415
2018-03-19,0,0,-0.81963234,-0.0017996778,0.15546007,-0.0053883655,-0.013623188,-0.010795329,-0.0068822271,0,-0,0,-0,0,-0,0,-0,0,-0,-0.0070989461
2018-03-20,0,0,-0.14001371,0.0024057838,0.1549732,0.010340227,0.022639261,0.020797615,0.012586928,0,0,0,0,0,0,0,0,0,0,0.0046804747
2018-03-21,0,0,-0.061192528,-0.0012422748,0.15391936,0.00014672976,0.00029095141,0.00029345952,-0.0018312176,0,0,0,0,0,0,0,0,0,-0,0.00014672976
2018-03-22,1,1,1.5235346,-0.0025604127,0.14649939,0.0028580851,0.0055104408,0.0057107296,0.001083692,2,0.0050104408,2,0.0050104408,2,0.0050104408,1,0.0023580851,2,0.001767384,0.0038144141
2018-03-23,0,0,-2.2627298,-0.00038681037,0.14653644,-0.013056778,-0.027401385,-0.02667378,-0.01320278,0,-0,0,-0,0,-0,0,-0,0,-0,-0.03335891
2018-03-26,1,1,3.2965994,-0.0011670591,0.19072556,0.011254263,0.019236736,0.02256496,0.0094893085,1.5729407,0.015327747,2,0.018736736,2,0.018736736,1,0.010754263,2,0.018578617,0.0087314787
2018-03-27,0,0,-2.6628239,0.0001918226,0.18510288,-0.003013505,-0.002406015,-0.0059842636,-0.0027741,0,-0,0,-0,0,-0,0,-0,0,-0,0.0041593285
2018-03-28,0,0,-0.96264274,0.0014307611,0.18579573,-0.0017726484,-0.0055452865,-0.0035836828,-0.002335701,0,-0,0,-0,0,-0,0,-0,0,-0,-0.012351668
2018-03-29,0,0,0.54867799,0.0024602481,0.19252878,0.0071326138,0.015137473,0.014248558,0.0057366279,0,0,0,0,0,0,0,0,0,0,0.0083122379
2018-03-30,0,0,-0.18687998,0.0031976339,0.18884799,-0.0047985716,-0.0057246158,-0.0095276783,-0.0049969955,0,-0,0,-0,0,-0,0,-0,0,-0,0.0025105857
2018-04-02,0,0,0.76635674,0.00077225882,0.18083711,-0.0042900843,-0.004241139,-0.0085635565,-0.0049435923,0,-0,0,-0,0,-0,0,-0,0,-0,-0.0023547881
2018-04-03,0,0,0.72138707,0.00013084052,0.17437819,0.0073746313,0.012713178,0.014889474,0.0075555413,0,0,0,0,0,0,0,0,0,0,-0.0020231539
2018-04-04,0,0,-1.4903897,-0.0013806702,0.16158309,-0.016646671,-0.03299725,-0.03324971,-0.018045256,0,-0,0,-0,0,-0,0,-0,0,-0,-0.015354582
2018-04-05,0,0,0.47568966,-0.0012984245,0.17101249,0.0067391057,0.013681592,0.013384465,0.0061712522,0,0,0,0,0,0,0,0,0,0,0.013840171
2018-04-06,0,0,-3.9909052,0.00056311533,0.17399319,0.0023106936,0.0027976376,0.0046552448,0.003930539,0,0,0,0,0,0,0,0,0,0,-0.0049264789
2018-04-09,1,0,2.739423,0.00051066849,0.17095923,0.0078296392,0.017757009,0.01567232,0.0082668554,0,0,0,0,0,0,0,0,2,0.016133711,0.0069916856
2018-04-10,0,0,-1.5726182,-0.00070610241,0.16848354,0.0047464778,0.010802469,0.0095284909,0.0045115669,0,0,0,0,0,0,0,0,0,0,0.0010133233
2018-04-11,0,0,-1.8992221,-0.0021188218,0.16603673,-0.0038964445,-0.010644769,-0.0077873456,-0.0060032398,0,-0,0,-0,0,-0,0,-0,0,-0,-0.0031868626
2018-04-12,1,0,1.6142582,0.00036514902,0.16605358,-0.0036731634,-0.0058032987,-0.0073208083,-0.0022298675,0,-0,0,-0,0,-0,0,-0,2,-0.004859735,-0.00018806183
2018-04-13,0,0,-0.27520835,-0.0012263464,0.16570723,0.0029235382,0.0027422303,0.0058256778,0.0013994021,0,0,0,0,0,0,0,0,0,0,0.0066210217
2018-04-16,1,0,1.7665276,0.00043706384,0.16729791,-0.0043871064,-0.0063329312,-0.0087291019,-0.0040448728,0,-0,0,-0,0,-0,0,-0,2,-0.0084897456,0.00078481202
2018-04-17,0,0,-1.1261521,0.00024481233,0.16558106,-0.0023875252,-0.003635262,-0.0047702456,-0.00253614,0,-0,0,-0,0,-0,0,-0,0,-0,-0.0013816797
2018-04-18,0,0,0.054398639,0.00071341108,0.16442743,0.0045694331,0.010526316,0.009079501,0.006507044,0,0,0,0,0,0,0,0,0,0,0.011180914
2018-04-19,0,0,0.28015487,-0.00020330476,0.17156925,0.0025810258,0.0059224163,0.0051468696,0.0026937292,0,0,0,0,0,0,0,0,0,0,0.0055471321
2018-04-20,0,0,-0.70593172,-0.00034864298,0.17127422,-0.0018107239,-0.0032728355,-0.0036389291,-0.0022284997,0,-0,0,-0,0,-0,0,-0,0,-0,-0.0065830606
2018-04-23,0,0,0.58804462,-0.00050746781,0.12142048,0.0017440997,0.0023966447,0.0034965035,0.001796294,0,0,0,0,0,0,0,0,0,0,-0.00062934992
2018-04-24,0,0,0.14561267,0.00035830694,0.11857649,-0.0073591953,-0.012809056,-0.014693395,-0.0074786325,0,-0,0,-0,0,-0,0,-0,0,-0,-0.0056677162
2018-04-25,0,0,-0.73631449,0.0022959504,0.11994122,0.00063777903,0.00091911765,0.00128457,0.0028745728,0,0,0,0,0,0,0,0,0,0,-0.0063333582
2018-04-26,1,1,1.0129062,-0.0015873649,0.10997757,0.0091921381,0.01946472,0.018322658,0.0080177468,2,0.01896472,2,0.01896472,2,0.01896472,1,0.0086921381,2,0.015635494,0.012597481
2018-04-27,1,1,1.3109923,-0.00090133203,0.11705061,-0.00084323215,0.00088028169,-0.0016700552,-0.0018357758,2,0.00038028169,2,0.00038028169,2,0.00038028169,1,-0.0013432321,2,-0.0040715517,0.0090713863
2018-04-30,0,0,0.68734916,-0.00056572925,0.12021001,0.0035856719,0.00087285423,0.0071509358,0.0050632125,0,0,0,0,0,0,0,0,0,0,0.0064580046
2018-05-02,0,0,0.67548428,-0.0056161668,0.12259055,-0.0034759065,-0.0096209913,-0.0069768296,-0.0031833354,0,-0,0,-0,0,-0,0,-0,0,-0,-0.0070363484
2018-05-03,1,1,1.1746408,-0.009652685,0.12312268,-0.0001473405,-0.00088704908,-0.00029563932,-0.0070625407,2,-0.0013870491,2,-0.0013870491,2,-0.0013870491,1,-0.0006473405,2,-0.014525081,-0.0033778822
2018-05-04,0,0,0.16151554,-0.0019036696,0.1098882,-0.0073000774,-0.013925926,-0.014611468,-0.01188545,0,-0,0,-0,0,-0,0,-0,0,-0,-0.0080680813
2018-05-08,0,0,-1.6465926,0.0041908379,0.10959344,-0.0093889772,-0.016696482,-0.018689526,-0.0060417257,0,-0,0,-0,0,-0,0,-0,0,-0,-0.0046796657
2018-05-09,0,0,-0.081629262,0.00077687179,0.1086515,-0.0033205238,-0.0051546392,-0.0066400567,-0.0047795398,0,-0,0,-0,0,-0,0,-0,0,-0,-0.0031717601
2018-05-10,0,0,0.32193686,0.00010058616,0.10837161,0.0014521895,0.003022061,0.0028891029,0.0025275663,0,0,0,0,0,0,0,0,0,0,0.0067754735
2018-05-11,0,0,-0.91951874,0.0012867427,0.11295219,0.0016656179,0.0023880597,0.0033162607,0.0015092916,0,0,0,0,0,0,0,0,0,0,0.0062093326
2018-05-14,0,0,-0.04544849,0.0012840993,0.11259661,-0.0045702492,-0.0088994364,-0.0091169767,-0.003793936,0,-0,0,-0,0,-0,0,-0,0,-0,-0.0019954179
2018-05-15,0,0,-0.29620349,-0.00015658921,0.11323676,-0.0085954577,-0.014692654,-0.01720175,-0.0087810405,0,-0,0,-0,0,-0,0,-0,0,-0,-0.0092194905
2018-05-16,0,0,-0.19727057,0.00031246743,0.11669752,0.006448952,0.015663391,0.012940601,0.0068831459,0,0,0,0,0,0,0,0,0,0,0.0031391308
2018-05-17,0,0,0.48858677,-0.001363677,0.11722426,-0.0065738162,-0.015033073,-0.013107713,-0.0095799326,0,-0,0,-0,0,-0,0,-0,0,-0,-0.0035390977
2018-05-18,1,1,1.0920073,-0.0003947802,0.11867992,0.0012688461,0.0024316109,0.0025331545,-0.00041204437,2,0.0019316109,2,0.0019316109,2,0.0019316109,1,0.0007688461,2,-0.0012240887,0.0030656498
2018-05-21,0,0,0.56918914,0.0018727535,0.10969832,-0.00055782819,0.0015124017,-0.0011131725,0.0016152531,0,0,0,0,0,0,0,0,0,0,0.001677227
2018-05-23,0,0,-0.62188516,-0.0011532771,0.10873972,0.0072968244,0.014220877,0.014601259,0.0058777058,0,0,0,0,0,0,0,0,0,0,0.006772093
2018-05-24,0,0,-0.084044784,0.00015855553,0.10877678,-0.0051633842,-0.0092234454,-0.010305105,-0.0045464522,0,-0,0,-0,0,-0,0,-0,0,-0,-0.003067598
2018-05-25,0,0,-1.3178775,-0.00029218407,0.10919783,0.006369664,0.013644633,0.012800359,0.0067422132,0,0,0,0,0,0,0,0,0,0,0.0015941277
2018-05-28,0,0,0.48848345,0.0028361683,0.1067277,0,0.0032738095,0,0.0019474197,0,0,0,0,0,0,0,0,0,0,0.0042565792
2018-05-29,0,0,-0.43443659,0.00028790158,0.10441804,-0.0078623897,-0.01635931,-0.015748614,-0.0078443677,0,-0,0,-0,0,-0,0,-0,0,-0,-0.0093616394
2018-05-30,0,0,0.11433403,0.00067120732,0.099102115,-0.017075814,-0.035060976,-0.034299009,-0.017098907,0,-0,0,-0,0,-0,0,-0,0,-0,-0.021281345
2018-05-31,0,0,0.5608918,-0.0034686933,0.11999518,-0.00064320848,-0.0037464877,-0.0012804097,-0.0034934778,0,-0,0,-0,0,-0,0,-0,0,-0,0.0040675131
2018-06-01,0,0,0.1150957,0.0025749809,0.11677992,0.0053348468,0.013832128,0.010662835,0.0099635637,0,0,0,0,0,0,0,0,0,0,0.0059819029
2018-06-04,0,0,-1.3345373,-0.0019704803,0.12126864,0.0037951377,0.0086526576,0.0075783155,0.0036340453,0,0,0,0,0,0,0,0,0,0,0.0053818072
2018-06-05,0,0,-0.56312861,-0.0015998971,0.12209387,0.0016462753,0.0033659731,0.0032909499,0.0020309723,0,0,0,0,0,0,0,0,0,0,0.0021337127
2018-06-07,0,0,0.4934405,-0.0028595984,0.11555294,0.0040148699,0.0093910936,0.0079914166,-0.00084921683,0,0,0,0,0,0,0,0,0,-0,0.0088528632
2018-06-08,0,0,-0.73154141,0.0026669622,0.11710866,-0.0081961133,-0.014182257,-0.016419019,-0.0062156875,0,-0,0,-0,0,-0,0,-0,0,-0,-0.0098119076
2018-06-11,0,0,-0.36842496,0.0014219102,0.12006292,0.0072052565,0.012812691,0.014387417,0.0062809288,0,0,0,0,0,0,0,0,0,0,0.0088247392
2018-06-12,0,0,0.23122675,0.0018462525,0.11821527,-0.0033661315,-0.0062987403,-0.0067185943,-0.0030521381,0,-0,0,-0,0,-0,0,-0,0,-0,-0.0013343712
2018-06-14,0,0,-1.9086203,0.00059833567,0.11742819,-0.011732616,-0.021380574,-0.023624121,-0.010807374,0,-0,0,-0,0,-0,0,-0,0,-0,-0.018335004
2018-06-15,0,0,0.63892544,-0.0020916053,0.13288578,-0.007130192,-0.021065675,-0.014229249,-0.011842653,0,-0,0,-0,0,-0,0,-0,0,-0,-0.0049529283
2018-06-18,0,0,-0.0013563427,0.0021173687,0.13228725,-0.011669011,-0.026207768,-0.023346008,-0.010948078,0,-0,0,-0,0,-0,0,-0,0,-0,-0.012006991
2018-06-19,0,0,-0.24849848,0.00054330275,0.13583398,-0.010752688,-0.022453628,-0.021551058,-0.011707989,0,-0,0,-0,0,-0,0,-0,0,-0,-0.012845166
2018-06-20,1,1,1.994511,-0.0019644584,0.1413024,0.004155824,0.010923535,0.0082862232,0.003531936,2,0.010423535,2,0.010423535,2,0.010423535,1,0.003655824,2,0.0066638719,0.0072463768
2018-06-21,0,0,-0.36872427,-0.0023258154,0.14535511,-0.0078971818,-0.016765286,-0.015807826,-0.0099980267,0,-0,0,-0,0,-0,0,-0,0,-0,-0.008741394
2018-06-22,0,0,-1.3755284,-0.0020097927,0.14699904,0.017051272,0.030549898,0.034419714,0.016331448,0,0,0,0,0,0,0,0,0,0,0.0077649446
2018-06-25,0,0,-1.3124343,-0.00085345439,0.14912151,0.0022908173,0.00330033,0.0045944788,0.0019817023,0,0,0,0,0,0,0,0,0,0,-0.00050334921
2018-06-26,0,0,-1.0704252,0.00098683427,0.14918183,0.0080147001,0.017449664,0.016178676,0.0081918082,0,0,0,0,0,0,0,0,0,0,-0.0012008987
2018-06-27,0,0,-0.49515332,-0.0019639917,0.14843014,-0.00089462834,-0.0016583748,-0.0017944217,-0.0015855713,0,-0,0,-0,0,-0,0,-0,0,-0,-0.0037621689
2018-06-28,0,0,-1.1146696,0.0034195242,0.14710989,-0.005701566,-0.012056263,-0.011438421,-0.0055016505,0,-0,0,-0,0,-0,0,-0,0,-0,-0.0087596356
2018-06-29,0,0,0.031078146,0.00064215407,0.15037172,0.0010200078,0.00067544748,0.0020376974,0.00096870094,0,0,0,0,0,0,0,0,0,0,0.0021601665
2018-07-02,0,0,-0.76395565,7.7771228e-05,0.13444208,-0.020728643,-0.040933694,-0.041529023,-0.020694036,0,-0,0,-0,0,-0,0,-0,0,-0,-0.022417307
2018-07-03,1,1,1.3454857,-0.00087254207,0.15076902,-0.0044242497,-0.01078636,-0.008797654,-0.0052222863,1.9897987,-0.011221458,2,-0.01128636,2,-0.01128636,1,-0.0049242497,2,-0.010844573,0.0013630532
2018-07-04,0,0,0.78497699,-0.00011535029,0.14678313,-0.0033610755,-0.0045790771,-0.0067183876,-0.0043605641,0,-0,0,-0,0,-0,0,-0,0,-0,-0.0028024662
2018-07-05,0,0,-0.27379099,0.0013247206,0.14338598,-0.0024088646,-0.0042523033,-0.0048177292,-0.0016773929,0,-0,0,-0,0,-0,0,-0,0,-0,-0.0024088646
2018-07-06,0,0,-0.99020412,-0.0011351618,0.14140651,0.0074476651,0.015691869,0.014900129,0.0036638817,0,0,0,0,0,0,0,0,0,0,0.0071233097
2018-07-09,0,0,-0.61121178,-0.00090731788,0.14053457,0.0077547268,0.014030165,0.015514415,0.0044916292,0,0,0,0,0,0,0,0,0,0,0.0074325674
2018-07-10,0,0,0.47335789,-0.00035152275,0.14475271,-0.0026861545,-0.0044596913,-0.0053503285,-0.0031971461,0,-0,0,-0,0,-0,0,-0,0,-0,0.0014279481
2018-07-11,0,0,-2.964469,0.00090688596,0.14175631,0.0015558924,0.0042016807,0.0031344183,0.0021443159,0,0,0,0,0,0,0,0,0,0,-0.0056244306
2018-07-12,1,0,1.3815768,0.00013972477,0.14178546,0.0011529898,0.0024305556,0.0023016786,-0.0017969757,0,0,0,0,0,0,0,0,2,-0.0039939513,0.0030272854
2018-07-13,0,0,0.049393613,-0.0018026131,0.13189452,0.0084866751,0.017622668,0.016949824,0.0093619035,0,0,0,0,0,0,0,0,0,0,0.0098884079
2018-07-16,0,0,-0.22228471,-0.00050819442,0.14353408,-0.0040460384,-0.0081355932,-0.0080835034,-0.0044859563,0,-0,0,-0,0,-0,0,-0,0,-0,-0.0029885961
2018-07-17,0,0,0.10223441,-0.00010541937,0.13968781,-0.0013407469,-0.0020512821,-0.0026809651,-0.001949842,0,-0,0,-0,0,-0,0,-0,0,-0,-0.0011438037
2018-07-18,1,1,1.5063891,-0.0021472375,0.13257627,-0.0075814118,-0.01559322,-0.015084607,-0.0091243316,2,-0.01609322,2,-0.01609322,2,-0.01609322,1,-0.0080814118,2,-0.018648663,-0.0024086871
2018-07-19,0,0,0.73279256,-0.0011427036,0.12766031,-0.0063106413,-0.011612022,-0.012576639,-0.006079742,0,-0,0,-0,0,-0,0,-0,0,-0,-0.002770741
2018-07-20,0,0,0.30484306,0.00058697117,0.12357659,0.0039651071,0.0082901554,0.0079220471,0.0039556427,0,0,0,0,0,0,0,0,0,0,0.0050011908
2018-07-23,0,0,-0.13790321,2.9480036e-05,0.11941103,-0.0075078042,-0.014746228,-0.015023326,-0.0075806071,0,-0,0,-0,0,-0,0,-0,0,-0,-0.0080173776
2018-07-24,0,0,-0.05460273,0.00063970567,0.12193399,0.0011127449,0.0038207711,0.0022214289,0.0019327275,0,0,0,0,0,0,0,0,0,0,0.0029462117
2018-07-25,0,0,-0.33250193,0.00052987427,0.12299092,-0.003921258,-0.0069013112,-0.0078251591,-0.0038514815,0,-0,0,-0,0,-0,0,-0,0,-0,-0.0017069588
2018-07-26,0,0,-0.12214375,0.001224705,0.12302867,0.0011072883,0.0010312822,0.0022024699,0.0025320729,0,0,0,0,0,0,0,0,0,0,0.0066406871
2018-07-27,0,0,0.61949688,3.6533276e-07,0.11779601,0.001775218,0.001367054,0.0035456802,0.0016482223,0,0,0,0,0,0,0,0,0,0,0.0031206794
2018-07-30,0,0,0.062544912,-3.5948366e-05,0.11694078,0.00031589339,-0.00034258308,0.00063351283,0.0009427292,0,0,0,0,0,0,0,0,0,0,-0.0024021422
2018-07-31,0,0,0.41217059,0.00076657408,0.083025815,0.0011049724,0.0030843043,0.0022093344,0.0014814316,0,0,0,0,0,0,0,0,0,0,0.0013815971
2018-08-01,0,0,0.0043537312,-0.00086711823,0.082989119,0.0015343457,0.0027210884,0.0030626669,0.0012402789,0,0,0,0,0,0,0,0,0,0,0.003508357
2018-08-02,0,0,-0.4052596,0.0010289334,0.082130669,-0.017876788,-0.032970768,-0.0357606,-0.015758592,0,-0,0,-0,0,-0,0,-0,0,-0,-0.018069686
2018-08-03,0,0,0.037127911,-0.00070274966,0.10440774,0.0045856926,0.0083916084,0.0091418578,0.0039395483,0,0,0,0,0,0,0,0,0,0,0.0078409409
2018-08-06,0,0,-0.61439753,0.00030381045,0.10579257,-0.0023001269,-0.0034614053,-0.0045960617,-0.0018594273,0,-0,0,-0,0,-0,0,-0,0,-0,-0.0013892748
2018-08-07,0,0,-0.10449907,-0.00025154678,0.10291284,0.005078962,0.010741511,0.01014022,0.0046992799,0,0,0,0,0,0,0,0,0,0,0.0068367915
2018-08-08,0,0,0.22225035,-5.0448002e-06,0.10490661,-0.0024021422,-0.0034188034,-0.0047922068,-0.0026177132,0,-0,0,-0,0,-0,0,-0,0,-0,0.00011843664
2018-08-09,0,0,-0.061832866,7.648361e-05,0.10238984,-0.00051316465,-0.00068587106,-0.0010263293,0.00060559163,0,-0,0,-0,0,-0,0,-0,0,0,-0.00051316465
2018-08-10,0,0,-1.3518722,0.0018115184,0.102372,-0.0087865115,-0.017586207,-0.017610662,-0.0077383165,0,-0,0,-0,0,-0,0,-0,0,-0,-0.010900474
2018-08-13,0,0,-1.4861166,0.0018455187,0.098754678,-0.0063135883,-0.012099644,-0.012717699,-0.0046701693,0,-0,0,-0,0,-0,0,-0,0,-0,-0.013336528
2018-08-14,0,0,0.61016459,1.3389808e-05,0.10714446,0.0040448166,0.0097332372,0.0080853816,0.0036203151,0,0,0,0,0,0,0,0,0,0,0.0045730473
2018-08-16,0,0,-3.8428709,0.0018140517,0.10888691,0.002365416,0.0062339567,0.0047900235,0.0039707419,0,0,0,0,0,0,0,0,0,0,-0.0098698787
2018-08-17,0,0,-0.88329447,-0.00061543592,0.11328303,-0.00016266114,-0.00072859745,-0.00032515038,0,0,-0,0,-0,0,-0,0,-0,0,0,0.00036618114
2018-08-20,0,0,0.58379804,-0.00057948782,0.1136118,-0.0034419923,-0.005788712,-0.0068540096,-0.0040375457,0,-0,0,-0,0,-0,0,-0,0,-0,0.0009354537
2018-08-21,0,0,-0.53609031,0.0001616595,0.11234775,0.011054664,0.021842009,0.022113821,0.011854009,0,0,0,0,0,0,0,0,0,0,0.010849248
2018-08-22,0,0,0.09185446,-0.0013637012,0.11828036,0.0024495041,0.003548616,0.0048938987,0.0018806634,0,0,0,0,0,0,0,0,0,0,0.0034972063
2018-08-23,1,0,1.0725869,0.00066621178,0.11849779,-0.00071747449,-0.00035087719,-0.0014278915,0.00027191462,0,-0,0,-0,0,-0,0,-0,2,0.00014382924,0.0042461144
2018-08-24,0,0,-0.88752492,0.0014956197,0.11948667,0.0057145141,0.014472291,0.011450076,0.0077746709,0,0,0,0,0,0,0,0,0,0,0.0038691663
2018-08-27,0,0,-0.34062169,0.00089127663,0.1176133,0.001266825,0.0017253278,0.0025243561,0.0020931096,0,0,0,0,0,0,0,0,0,0,0.0049668216
2018-08-28,0,0,0.57648891,-0.0013012597,0.11827572,-0.0040135358,-0.009202454,-0.0079887218,-0.0048548565,0,-0,0,-0,0,-0,0,-0,0,-0,0.00079076388
2018-08-29,0,0,-0.07409846,0.00066041369,0.11824036,0.001657197,0.0024021963,0.0033102144,0.0024889846,0,0,0,0,0,0,0,0,0,0,0.0029235145
2018-08-30,0,0,-0.53298971,7.0113187e-05,0.11864283,-0.00086542622,-0.00068306011,-0.0017284727,-0.0013067953,0,-0,0,-0,0,-0,0,-0,0,-0,0.00051209328
2018-08-31,0,0,-0.99934949,0.0011821588,0.11767834,0.0085037377,0.017610497,0.017085866,0.012074606,0,0,0,0,0,0,0,0,0,0,0.0038977913
2018-09-03,0,0,-1.0014006,0.00024757865,0.10099398,-0.0053755003,-0.010200612,-0.010756065,-0.0055490557,0,-0,0,-0,0,-0,0,-0,0,-0,-0.0058435956
2018-09-04,0,0,0.10604866,4.3665823e-05,0.10406066,0.0040222406,0.0078848132,0.0080413103,0.0036275695,0,0,0,0,0,0,0,0,0,0,0.0044183202
2018-09-05,0,0,-0.74313047,-0.00020030442,0.10484841,-0.0096146268,-0.019191227,-0.01929235,-0.0098358454,0,-0,0,-0,0,-0,0,-0,0,-0,-0.012843172
2018-09-06,0,0,-0.41703554,0.00013614303,0.1126075,0.0008773679,-0.00070101647,0.0017588743,0.00016993508,0,0,0,0,0,0,0,0,0,0,-0.0014721095
2018-09-07,0,0,-1.5473575,0.00013165502,0.11280749,0.001806721,0.0017755682,0.0036412186,0.0020529665,0,0,0,0,0,0,0,0,0,0,-0.005777583
2018-09-10,0,0,-0.27470271,0.0012397725,0.11374301,0.0024855677,0.0053267045,0.0049727302,0.0045490303,0,0,0,0,0,0,0,0,0,0,0.0021641552
2018-09-11,0,0,-0.63680735,-0.00046268606,0.10517992,-0.0025209075,-0.0049469965,-0.005044843,-0.0032717606,0,-0,0,-0,0,-0,0,-0,0,-0,-0.0031192514
2018-09-12,0,0,-0.34923418,0.00028737898,0.095039664,-0.0019637704,-0.0042553191,-0.0039237668,-0.0013322402,0,-0,0,-0,0,-0,0,-0,0,-0,-0.0010028883
2018-09-13,0,0,-0.0080834077,-9.3402147e-05,0.094013022,0.00072234038,0.0010660981,0.0014437538,-0.00027350427,0,0,0,0,0,0,0,0,0,-0,0.0013652974
2018-09-14,1,1,1.9285285,-0.001970831,0.086303018,0.0092426597,0.018927445,0.018365328,0.0071140621,2,0.018427445,2,0.018427445,2,0.018427445,1,0.0087426597,2,0.013828124,0.015880018
2018-09-17,0,0,-0.77025265,-0.0010575763,0.1031888,-0.0048305353,-0.011068834,-0.0096906152,-0.0049544995,0,-0,0,-0,0,-0,0,-0,0,-0,-0.0078553665
2018-09-18,0,0,-1.5143965,-0.00034237939,0.10739837,0.011136036,0.024130589,0.02242478,0.010373302,0,0,0,0,0,0,0,0,0,0,0.0042969683
2018-09-19,0,0,0.62885506,7.9941251e-05,0.10054046,-0.0039425958,-0.0061940812,-0.0078474457,-0.0033262776,0,-0,0,-0,0,-0,0,-0,0,-0,0.00087156327
2018-09-20,0,0,0.52942909,2.6101706e-05,0.10003825,0.0060751903,0.012048193,0.012109774,0.0052778431,0,0,0,0,0,0,0,0,0,0,0.0094601013
2018-09-21,0,0,-0.47531023,0.00092741108,0.10270086,0.0011730664,0.0033829499,0.0023396374,0.0032350587,0,0,0,0,0,0,0,0,0,0,0.0039603184
2018-09-27,0,0,-0.1215845,0.0016847205,0.1036079,0.0097049386,0.020677966,0.01944793,0.010182279,0,0,0,0,0,0,0,0,0,0,0.0077331667
2018-09-28,0,0,-0.58120777,0.0018150883,0.10443886,-0.0077408368,-0.011948224,-0.01546073,-0.0066770238,0,-0,0,-0,0,-0,0,-0,0,-0,-0.0063948531
2018-10-01,0,0,0.92923136,-0.0012966155,0.10807452,-0.0018691589,-0.0063587684,-0.0037320686,-0.0045763555,0,-0,0,-0,0,-0,0,-0,0,-0,-0.00019503062
2018-10-02,0,0,-0.62575044,0.00039332386,0.1079029,-0.011205685,-0.022282242,-0.022428884,-0.012225183,0,-0,0,-0,0,-0,0,-0,0,-0,-0.011977216
2018-10-04,0,0,-0.27104376,0.0028007399,0.11669167,-0.01679877,-0.034779614,-0.033552554,-0.015653465,0,-0,0,-0,0,-0,0,-0,0,-0,-0.015478776
2018-10-05,0,0,0.7320535,0.00036869494,0.12620354,0,0.00035778175,0,-0.00048040629,0,0,0,0,0,0,0,0,0,-0,-0.001564192
2018-10-08,0,0,-0.59586669,0.0003626202,0.12330655,-0.00040358382,0.0010834236,-0.00081096424,-0.00037928419,0,0,0,0,0,0,0,0,0,-0,-0.0050614606
2018-10-10,0,0,0.48498812,0.00075233051,0.12222105,-0.0082211655,-0.014419611,-0.016411907,-0.0082003928,0,-0,0,-0,0,-0,0,-0,0,-0,-0.006379199
2018-10-11,0,0,-1.8383146,-0.0025501513,0.11670876,-0.016836841,-0.034615385,-0.034559453,-0.022627167,0,-0,0,-0,0,-0,0,-0,0,-0,-0.041405933
2018-10-12,1,0,3.7418719,0.00022378811,0.19205457,0.010306218,0.017070266,0.020623806,0.012870713,0,0,0,0,0,0,0,0,2,0.025341426,0.0097494807
2018-10-15,0,0,-3.1926278,-0.0014280867,0.20293588,-0.0027783625,-0.0090408805,-0.0055722065,-0.0041674151,0,-0,0,-0,0,-0,0,-0,0,-0,-0.0055413291
2018-10-16,1,1,2.2810587,-0.0012438272,0.20288322,-0.0069774284,-0.012971698,-0.013895283,-0.0065654935,1.4786832,-0.010346785,2,-0.013471698,2,-0.013471698,1,-0.0074774284,2,-0.013530987,-0.0027016759
2018-10-17,0,0,0.22063306,-0.00088312417,0.20290321,0.00079451367,0.0015564202,0.0015700533,-7.1410719e-05,0,0,0,0,0,0,0,0,0,-0,0.013037037
2018-10-18,0,0,-1.4150272,0.00099894098,0.20885182,-0.0052004697,-0.011350294,-0.010439907,-0.0044846267,0,-0,0,-0,0,-0,0,-0,0,-0,-0.0088998454
2018-10-19,0,0,-0.62171969,0.0013490363,0.21014541,0.011597281,0.02248996,0.023373288,0.012905337,0,0,0,0,0,0,0,0,0,0,0.003920742
2018-10-22,0,0,-1.9442362,-0.0003366131,0.19941292,0.0089655756,0.019521912,0.018058691,0.0094660019,0,0,0,0,0,0,0,0,0,0,0.0018897241
2018-10-23,0,0,-1.6310591,-0.00041530968,0.19995019,-0.016252269,-0.0325526,-0.032738095,-0.017200966,0,-0,0,-0,0,-0,0,-0,0,-0,-0.023220723
2018-10-24,1,0,2.2310315,0.00028679108,0.21309035,-0.010371319,-0.023067584,-0.020631686,-0.0098879848,0,-0,0,-0,0,-0,0,-0,2,-0.02017597,-0.0050205973
2018-10-25,0,0,-3.1243715,0.0045922824,0.21195715,0.0048004933,0.016507385,0.0098087739,0.0085457158,0,0,0,0,0,0,0,0,0,0,-0.016043473
2018-10-26,0,0,-2.2260503,0.00094312766,0.2111941,-0.016984766,-0.034541578,-0.033926464,-0.016289694,0,-0,0,-0,0,-0,0,-0,0,-0,-0.015735262
2018-10-29,1,0,2.3660539,0.003061434,0.20914031,-0.011803337,-0.027145359,-0.023523169,-0.010006849,0,-0,0,-0,0,-0,0,-0,2,-0.020413698,-0.0082828643
2018-10-30,0,0,-0.30541442,0.0039604961,0.20393216,0.0080460287,0.023529412,0.016108711,0.012811113,0,0,0,0,0,0,0,0,0,0,0.0070049394
2018-10-31,0,0,-0.95807365,-0.0017555467,0.21190578,0.0016896398,0.00044014085,0.0033696905,0.0017453994,0,0,0,0,0,0,0,0,0,0,0.0045482922
2018-11-01,0,0,-0.71589639,-0.0027228992,0.21574834,-0.0058933002,-0.010078878,-0.011765747,-0.0066863101,0,-0,0,-0,0,-0,0,-0,0,-0,-0.004128196
2018-11-02,1,1,1.8577037,-0.0007162019,0.21476626,0.024510451,0.047557285,0.048403215,0.024045687,1.3968674,0.033156989,2,0.047057285,2,0.047057285,1,0.024010451,2,0.047691374,0.03775351
2018-11-05,0,0,-1.5557881,0.0042747791,0.25852476,-0.0065570942,-0.0050251256,-0.013171577,-0.00055510325,0,-0,0,-0,0,-0,0,-0,0,-0,-0.010866764
2018-11-06,0,0,0.15368804,0.0010670612,0.25927166,0.0017278618,0.0029203171,0.0034377551,0.0020663444,0,0,0,0,0,0,0,0,0,0,0.006991185
2018-11-07,0,0,-0.98517736,0.0010292398,0.26126568,-0.0049169722,-0.0079067832,-0.0098360656,-0.0036105073,0,-0,0,-0,0,-0,0,-0,0,-0,-0.0051315222
2018-11-08,1,1,1.6046194,-0.00046369289,0.26087845,-0.0075078918,-0.013024013,-0.014781842,-0.010077125,1.1499608,-0.0088350939,2,-0.013524013,2,-0.013524013,1,-0.0080078918,2,-0.020554249,0.0084521694
2018-11-09,0,0,0.39736263,0.00059914787,0.21223143,-0.0058034563,-0.008692053,-0.011608909,-0.003379247,0,-0,0,-0,0,-0,0,-0,0,-0,-0.0059743832
2018-11-12,0,0,-1.4904355,0.0016435213,0.20392195,0.0099756055,0.021204411,0.020100944,0.010831534,0,0,0,0,0,0,0,0,0,0,0.0025078912
2018-11-13,0,0,-1.9479818,0.0016916416,0.20262074,0.0076633386,0.017160017,0.015564548,0.0099988765,0,0,0,0,0,0,0,0,0,0,-0.0075048523
2018-11-14,0,0,0.041462659,0.0014006456,0.20371612,-0.0035166934,-0.00674252,-0.0070266753,-0.0025966318,0,-0,0,-0,0,-0,0,-0,0,-0,-0.0025639911
2018-11-15,0,0,0.015064122,0.0025368373,0.19822947,0.010990449,0.02427598,0.022002969,0.013473668,0,0,0,0,0,0,0,0,0,0,0.009977344
2018-11-16,0,0,-0.03559749,-0.00091981497,0.2005644,-0.004940287,-0.010712814,-0.0098395722,-0.0047627771,0,-0,0,-0,0,-0,0,-0,0,-0,-0.00077649799
2018-11-19,0,0,0.020146267,-0.00065404798,0.19972826,0.0017238407,0.0024875622,0.0034416003,0.0011029006,0,0,0,0,0,0,0,0,0,0,0.0034969564
2018-11-20,0,0,-1.539675,0.003301466,0.19964403,0.00078267675,0.0046629928,0.0015822785,0.0038727936,0,0,0,0,0,0,0,0,0,0,-0.009808983
2018-11-21,0,0,-1.2034557,0.000715762,0.18308892,0.008098948,0.016435986,0.016412452,0.0086855166,0,0,0,0,0,0,0,0,0,0,-0.0049096281
2018-11-22,0,0,-0.1916146,-0.00045088587,0.18324612,-0.0014839385,-0.0025553663,-0.0029667117,-0.0027931921,0,-0,0,-0,0,-0,0,-0,0,-0,-0.0010915601
2018-11-23,0,0,0.3233203,-0.00092633011,0.17263135,-0.0061218243,-0.012820513,-0.012248469,-0.0066761152,0,-0,0,-0,0,-0,0,-0,0,-0,-0.0065128071
2018-11-26,0,0,0.92670203,0.001980206,0.16438935,0.010925365,0.024137931,0.02179145,0.012611192,0,0,0,0,0,0,0,0,0,0,0.01368296
2018-11-27,0,0,-0.96536397,-0.00024638986,0.16517927,0.0040219695,0.007518797,0.0080151685,0.0043558509,0,0,0,0,0,0,0,0,0,0,0.0076388889
2018-11-28,0,0,0.091843769,0.0010271466,0.16502988,0.0025321888,0.0053608247,0.0050461854,0.0029709507,0,0,0,0,0,0,0,0,0,0,0.0061595451
2018-11-29,0,0,0.47889494,0.00073657963,0.1647875,-0.011613176,-0.021574111,-0.022915712,-0.010538473,0,-0,0,-0,0,-0,0,-0,0,-0,0.0019692624
2018-11-30,0,0,0.61542998,0.0010837493,0.16335347,-0.011806325,-0.021969081,-0.023555423,-0.011583434,0,-0,0,-0,0,-0,0,-0,0,-0,-0.0093997009
2018-12-03,1,1,3.0846658,-0.0011351899,0.10754346,0.0031040054,0.0064751113,0.0061213366,0.0017410229,2,0.0059751113,2,0.0059751113,2,0.0059751113,1,0.0026040054,2,0.0030820457,0.017511322
2018-12-04,0,0,-2.4556669,-1.6673327e-06,0.11967933,-0.0073200834,-0.015397083,-0.01469897,-0.0065071979,0,-0,0,-0,0,-0,0,-0,0,-0,-0.011275486
2018-12-05,0,0,0.60850862,8.8424426e-05,0.12523234,0.0069489685,0.015228426,0.014081408,0.0072719178,0,0,0,0,0,0,0,0,0,0,-0.0060021436
2018-12-06,0,0,-1.2520774,-9.2197518e-05,0.12669429,-0.0099692254,-0.020193521,-0.020037461,-0.011103709,0,-0,0,-0,0,-0,0,-0,0,-0,-0.014837179
2018-12-07,1,1,1.8631811,-0.0016609783,0.13675807,-0.00095914897,-0.0012760527,-0.0019103026,-0.0025653419,2,-0.0017760527,2,-0.0017760527,2,-0.0017760527,1,-0.001459149,2,-0.0055306837,0.0032397881
2018-12-10,0,0,-0.61698273,0.00060151021,0.13765542,0.0041132242,0.0052516411,0.0083389375,0.003024003,0,0,0,0,0,0,0,0,0,0,-0.0092515819
2018-12-11,0,0,0.24151329,0.001093627,0.14234611,-0.0037828803,-0.0099610221,-0.0075554579,-0.0044382593,0,-0,0,-0,0,-0,0,-0,0,-0,-0.0024225873
2018-12-12,1,1,1.2612593,-0.00026928562,0.14083111,0.0091492918,0.019965278,0.018229623,0.0092857143,2,0.019465278,2,0.019465278,2,0.019465278,1,0.0086492918,2,0.018171429,0.012981279
2018-12-13,0,0,-0.14696008,-0.002636855,0.15043328,0.0052305815,0.0097789116,0.010461163,0.0012636117,0,0,0,0,0,0,0,0,0,0,0.0052305815
2018-12-14,0,0,0.25170656,-0.0010981317,0.14649883,-0.015445356,-0.030827703,-0.030908144,-0.015350959,0,-0,0,-0,0,-0,0,-0,0,-0,-0.016000347
2018-12-17,1,0,2.6456325,0.00099513587,0.15459752,-0.00039534373,0.006533101,-0.0007881946,0.0019562846,0,0,0,0,0,0,0,0,2,0.0035125691,0.0027761865
2018-12-18,0,0,0.7233242,0.0019703139,0.15476124,0.0015458681,0.0087989441,0.0031075202,0.0028742153,0,0,0,0,0,0,0,0,0,0,-0.0035155563
2018-12-19,0,0,0.73780819,3.674732e-05,0.15167348,0.0040468021,0.0099913119,0.0080730081,0.0048492595,0,0,0,0,0,0,0,0,0,0,0.0066149233
2018-12-20,0,0,-0.21107933,0.0015828751,0.1539597,-0.0029083858,-0.0095777101,-0.0058510638,-0.0012069551,0,-0,0,-0,0,-0,0,-0,0,-0,-0.0087181285
2018-12-21,0,0,0.7999663,0.002095705,0.15732876,0.00128455,0.0035304501,0.0025749168,0.0053098688,0,0,0,0,0,0,0,0,0,0,-0.00097228974
2018-12-24,1,0,1.5465146,0.00018818064,0.15634648,0.0020382843,0.0044208665,0.0040832631,0.0014010906,0,0,0,0,0,0,0,0,2,0.0024021812,0.000398142
2018-12-26,0,0,0.04719592,0.0014270842,0.14846754,-0.0010294973,-0.003163127,-0.0020844662,-0.00042131066,0,-0,0,-0,0,-0,0,-0,0,-0,-0.013089237
2018-12-27,0,0,-5.4063434,0.012286792,0.15004019,-0.0012376785,-0.0056992547,-0.0024424285,-0.003670707,0,-0,0,-0,0,-0,0,-0,0,-0,0.012411506
2018-12-28,0,0,0.017170523,0.012476317,0.14772417,0.0015892636,0.0061538462,0.0031705491,0.001414319,0,0,0,0,0,0,0,0,0,0,0.0041159549
2019-01-02,0,0,0.45459368,0.014911215,0.14930825,-0.018942211,-0.038345541,-0.037603126,-0.019441807,0,-0,0,-0,0,-0,0,-0,0,-0,-0.011547955
2019-01-03,0,0,-0.1994552,0.0027342863,0.15285949,-0.0094108202,-0.017961383,-0.018825839,-0.0093729424,0,-0,0,-0,0,-0,0,-0,0,-0,-0.0096316775
2019-01-04,1,0,2.5242991,0.0015882624,0.13457419,0.0079275708,0.018790101,0.015861572,0.0088803693,0,0,0,0,0,0,0,0,2,0.017360739,0.0075191355
2019-01-07,0,0,-0.59814066,0.0001589729,0.13865344,0.0016769638,0.0052700922,0.0033125572,0.0017617096,0,0,0,0,0,0,0,0,0,0,0.014345086
2019-01-08,0,0,-1.002533,0.0015115029,0.15047794,-0.0068698256,-0.01486014,-0.013733603,-0.006276551,0,-0,0,-0,0,-0,0,-0,0,-0,-0.0064322848
2019-01-09,0,0,0.16593593,-0.00065377584,0.14275348,0.016383308,0.032102023,0.032632597,0.017819506,0,0,0,0,0,0,0,0,0,0,0.020574672
2019-01-10,0,0,-0.329205,-0.00091060995,0.16606391,-0.0013890095,-0.0017006803,-0.0027753686,-0.00067737929,0,-0,0,-0,0,-0,0,-0,0,-0,-0.00043448036
2019-01-11,0,0,0.43502456,-0.0010392925,0.16139215,0.0017310772,0.0050632911,0.0034470872,0.0020631705,0,0,0,0,0,0,0,0,0,0,0.006128836
2019-01-14,0,0,-0.81506643,0.001441236,0.16238323,-0.0067523698,-0.012674271,-0.013530509,-0.0046202389,0,-0,0,-0,0,-0,0,-0,0,-0,-0.0086404286
2019-01-15,1,0,1.0951355,0.00073150304,0.15647914,0.016324404,0.033163265,0.032527358,0.016226188,0,0,0,0,0,0,0,0,2,0.032052376,0.020133351
2019-01-16,0,0,-1.0842172,0.00033247128,0.17036403,0.0047008547,0.0086419753,0.0094053268,0.0047044007,0,0,0,0,0,0,0,0,0,0,0.0043145799
2019-01-17,0,0,0.1407781,0.00086932318,0.1621394,0,0,0,0.00080983582,0,0,0,0,0,0,0,0,0,0,0.0021267546
2019-01-18,0,0,0.20770972,0.001445027,0.16206983,0.0019415017,0.0076551168,0.003861328,0.0031499524,0,0,0,0,0,0,0,0,0,0,0.0075976231
2019-01-21,0,0,-0.3911998,0.002630829,0.16220943,-0.0061511424,-0.010671937,-0.012220975,-0.0036001309,0,-0,0,-0,0,-0,0,-0,0,-0,0.00050549728
2019-01-22,0,0,0.058794685,0.00075588072,0.16048631,-0.0060147213,-0.012365377,-0.012017312,-0.0049985406,0,-0,0,-0,0,-0,0,-0,0,-0,-0.0050103154
2019-01-23,0,0,0.26073565,0.00098982481,0.15721677,0.0096419318,0.018722019,0.019357039,0.0092868988,0,0,0,0,0,0,0,0,0,0,0.0058395396
2019-01-24,0,0,-0.032013198,-0.00012917971,0.15749539,0.0088823406,0.016380344,0.017775906,0.0091572419,0,0,0,0,0,0,0,0,0,0,0.0082456878
2019-01-25,0,0,0.44426373,0.000189946,0.15941261,0.014975042,0.032434545,0.029858174,0.015759106,0,0,0,0,0,0,0,0,0,0,0.018108988
2019-01-28,0,0,-0.12159294,-0.0015352707,0.15810621,-0.0025359948,-0.0030222894,-0.0050620509,-0.0032559456,0,-0,0,-0,0,-0,0,-0,0,-0,-0.00057377049
2019-01-29,0,0,0.35540051,-0.00023629538,0.15752229,0.0063652417,0.01369863,0.012748807,0.0066875356,0,0,0,0,0,0,0,0,0,0,0.0049208562
2019-01-30,0,0,0.024623233,-0.00049333183,0.1574638,0.012739374,0.023604346,0.025494362,0.013292795,0,0,0,0,0,0,0,0,0,0,0.012119481
2019-01-31,0,0,0.25870066,0.0010559992,0.14473017,-0.010463677,-0.020488857,-0.020731949,-0.010247533,0,-0,0,-0,0,-0,0,-0,0,-0,-0.0010482603
2019-02-01,0,0,0.09381858,0.00014335703,0.13719163,-0.0044244228,-0.011297376,-0.0088186956,-0.0044588428,0,-0,0,-0,0,-0,0,-0,0,-0,-0.0010090003
2019-02-07,0,0,0.40320864,-0.00024642943,0.13838217,-0.005664243,-0.013449655,-0.01126468,-0.0065729985,0,-0,0,-0,0,-0,0,-0,0,-0,0
2019-02-08,0,0,-0.55769525,0.0015047892,0.135417,-0.0089760773,-0.016032811,-0.018048183,-0.0083142505,0,-0,0,-0,0,-0,0,-0,0,-0,-0.014221073
2019-02-11,0,0,0.13488367,-0.00037113224,0.14578619,0.0015980332,0.0011367942,0.0031954117,0.001242236,0,0,0,0,0,0,0,0,0,0,0.0018032787
2019-02-12,0,0,-0.071213301,7.6891984e-05,0.1277286,0.0052765052,0.012859304,0.010551284,0.0055650078,0,0,0,0,0,0,0,0,0,0,0.005441008
2019-02-13,0,0,-0.15738392,-0.00052978556,0.12744385,0.00048602673,-0.00037009623,0.00096762488,-0.00042091971,0,0,0,0,0,0,0,0,0,-0,0.0050860561
2019-02-14,0,0,-0.92581831,-0.00019034592,0.12715515,0.012791359,0.025736665,0.025661914,0.015584872,0,0,0,0,0,0,0,0,0,0,0.0096753299
2019-02-15,0,0,-1.6056668,0.00063124792,0.12429355,-0.0089393573,-0.017235057,-0.01795608,-0.0085189582,0,-0,0,-0,0,-0,0,-0,0,-0,-0.013191131
2019-02-18,0,0,0.24177206,-0.00057701516,0.13246859,0.0022641815,0.0040590406,0.0045063169,0.0010504202,0,0,0,0,0,0,0,0,0,0,0.0071916138
2019-02-19,0,0,-0.45803266,0.00046076395,0.13308381,-0.0026270056,-0.0062684366,-0.0052637972,-0.0015769554,0,-0,0,-0,0,-0,0,-0,0,-0,-0.0044777926
2019-02-20,1,0,1.2066785,0.00025215717,0.13485723,0.0047502113,0.013592946,0.0094384898,0.0064561159,0,0,0,0,0,0,0,0,2,0.012512232,0.01138666
2019-02-21,0,0,-0.98947648,-0.00081468664,0.13832711,0.0033365493,0.0054684652,0.0066954382,0.0034095258,0,0,0,0,0,0,0,0,0,0,0
2019-02-22,0,0,-0.57472245,0.0012390556,0.13841899,0.0022877784,0.007293946,0.0045836516,0.0050471649,0,0,0,0,0,0,0,0,0,0,0.0005208542
2019-02-25,0,0,0.56962577,8.3139204e-05,0.13585482,-0.0036630037,-0.0050251256,-0.0072842439,-0.0041007616,0,-0,0,-0,0,-0,0,-0,0,-0,0.0020823322
2019-02-26,0,0,-0.53305,0.0016652473,0.13593137,-0.0031186278,-0.007217611,-0.0062404992,-0.0021835575,0,-0,0,-0,0,-0,0,-0,0,-0,-0.003636509
2019-02-27,0,0,0.91199329,0.0005489395,0.13498103,-0.00019987208,0.00072202166,-0.00039842225,-0.00048459675,0,0,0,0,0,0,0,0,0,-0,0.0031283841
2019-02-28,0,0,-0.47992003,0.00093475377,0.12071606,-0.015337178,-0.030061572,-0.030722336,-0.015027939,0,-0,0,-0,0,-0,0,-0,0,-0,-0.016872576
2019-03-04,1,1,1.5720608,-0.00079561993,0.13736034,-0.011752827,-0.022484335,-0.023344431,-0.012617084,2,-0.022984335,2,-0.022984335,2,-0.022984335,1,-0.012252827,2,-0.025634167,-0.004880231
2019-03-05,0,0,-0.56498804,0.00063193481,0.13739808,-0.0036080361,-0.0076045627,-0.0072395212,-0.0034468055,0,-0,0,-0,0,-0,0,-0,0,-0,-0.0068249622
2019-03-06,0,0,-0.20568521,0.00098688235,0.13083827,-0.002182507,-0.004982752,-0.0043682519,-0.00085686744,0,-0,0,-0,0,-0,0,-0,0,-0,-0.0029215702
2019-03-07,0,0,0.18146199,0.00081726489,0.13078463,-0.0023540101,-0.0053991516,-0.0047113279,-0.0016467977,0,-0,0,-0,0,-0,0,-0,0,-0,-0.0030539392
2019-03-08,0,0,-0.6782541,0.0016394122,0.13104402,-0.0091476091,-0.015686275,-0.018376979,-0.0084421675,0,-0,0,-0,0,-0,0,-0,0,-0,-0.013536449
2019-03-11,0,0,0.78687043,-0.00025459371,0.1391702,-0.00058678067,-0.0031771247,-0.0011721366,-0.0015970962,0,-0,0,-0,0,-0,0,-0,0,-0,0.00062945867
2019-03-12,0,0,0.62826254,-0.0011060464,0.13106398,0.0032483758,0.0062819003,0.0064518797,0.0011535273,0,0,0,0,0,0,0,0,0,0,0.010274691
2019-03-13,0,0,-1.0013173,0.00044796106,0.13620558,-0.0042886289,-0.0086444008,-0.008603408,-0.0033222591,0,-0,0,-0,0,-0,0,-0,0,-0,-0.0073059361
2019-03-14,0,0,0.0087145159,-0.00016563197,0.1353415,-0.00054186987,0.00039385585,-0.0010802726,-0.00054192709,0,0,0,0,0,0,0,0,0,-0,0.0026762566
2019-03-15,0,0,-0.10801525,-0.00037141971,0.13430403,0.012732738,0.026909379,0.025491015,0.012481007,0,0,0,0,0,0,0,0,0,0,0.011719076
2019-03-18,0,0,-0.1366649,0.00067189116,0.13245708,-0.0012340601,-0.0038328862,-0.0024629531,-0.0012131159,0,-0,0,-0,0,-0,0,-0,0,-0,0.00086565811
2019-03-19,0,0,-0.034117616,0.00040030237,0.12046746,-0.0020982473,-0.0038358266,-0.0041920105,-0.0017124509,0,-0,0,-0,0,-0,0,-0,0,-0,-0.001029654
2019-03-20,0,0,-0.82988847,0.00083871109,0.11723136,0.0038859033,0.0061871616,0.0077927461,0.0038731889,0,0,0,0,0,0,0,0,0,0,0.0011956298
2019-03-21,1,1,1.3799829,-0.0015777508,0.11697178,0.0048086803,0.0095748755,0.0095988186,0.0044106139,2,0.0090748755,2,0.0090748755,2,0.0090748755,1,0.0043086803,2,0.0084212279,0.0067534179
2019-03-22,0,0,0.29306795,-0.0015204715,0.11238311,-0.0027265698,-0.0041353383,-0.0054255405,-0.0027824739,0,-0,0,-0,0,-0,0,-0,0,-0,0.0023723822
2019-03-25,0,0,-1.5857928,-0.00034408591,0.11309551,-0.0064086662,-0.014346646,-0.01298919,-0.0059830897,0,-0,0,-0,0,-0,0,-0,0,-0,-0.019383008
2019-03-26,0,0,0.96696839,-0.0014059346,0.13155649,-0.0013287933,-0.005859375,-0.0026519703,-0.0029810006,0,-0,0,-0,0,-0,0,-0,0,-0,0.00079064542
2019-03-27,0,0,-1.2035694,8.7941933e-05,0.13145891,0.0020837675,0.0015729453,0.0041771094,0.00097469405,0,0,0,0,0,0,0,0,0,0,-0.00020790021
2019-03-28,0,0,-1.5032871,0.00337255,0.13129975,0.00041839254,0.0011952191,0.00084185714,0.00021816595,0,0,0,0,0,0,0,0,0,0,-0.0055728842
2019-03-29,0,0,0.77813662,-0.00045845909,0.13167452,0.005223787,0.0055511499,0.010439721,0.00054282923,0,0,0,0,0,0,0,0,0,0,0.0059805111
2019-04-01,1,0,1.052611,0.0011594713,0.12186829,0.0082743784,0.018323587,0.016469038,0.0068603858,0,0,0,0,0,0,0,0,2,0.013320772,0.013178681
2019-04-02,0,0,0.056699736,-0.0025284472,0.13242246,0.0017607076,0.0026666667,0.0035140767,0.00017751269,0,0,0,0,0,0,0,0,0,0,0.0038570432
2019-04-03,0,0,0.16447224,-0.00045238498,0.13106186,0.013637663,0.0284522,0.0272464,0.013374486,0,0,0,0,0,0,0,0,0,0,0.014714899
2019-04-04,0,0,-0.50058835,0.00094751028,0.13933984,0.0010877447,0.004804139,0.0021757524,0.0030144765,0,0,0,0,0,0,0,0,0,0,0.00096676737
2019-04-05,0,0,-0.28300055,-0.00024239298,0.13830112,0.0018107195,0.0036764706,0.0036210018,0.0022724889,0,0,0,0,0,0,0,0,0,0,0.0019316673
2019-04-08,0,0,0.50818607,-0.00026133448,0.1251134,-0.0058832946,-0.013439884,-0.011724826,-0.0048648273,0,-0,0,-0,0,-0,0,-0,0,-0,-0.0023295979
2019-04-09,0,0,0.026045738,-0.00060188589,0.12554681,0.00052280222,0.001468968,0.0010444703,0.00069805591,0,0,0,0,0,0,0,0,0,0,0.0016103708
2019-04-10,0,0,-0.47396392,6.6795566e-05,0.12225453,0.0087538828,0.019259259,0.017571562,0.0086883408,0,0,0,0,0,0,0,0,0,0,0.0051047068
2019-04-11,0,0,0.030901439,2.75904e-05,0.11893763,-0.0034745797,-0.0058034095,-0.0069400128,-0.0031561059,0,-0,0,-0,0,-0,0,-0,0,-0,-0.0021594817
2019-04-12,0,0,-0.4350509,0.0010839416,0.11972667,0.0031283841,0.0069495245,0.0062615397,0.0051587717,0,0,0,0,0,0,0,0,0,0,0.0023645399
2019-04-15,0,0,0.37672826,-0.0012972087,0.11426125,0.00095648015,0.0014424811,0.0019068049,-0.00055260068,0,0,0,0,0,0,0,0,0,-0,0.0041981528
2019-04-16,0,0,-0.084212658,-0.00082275377,0.11435832,0.0053433288,0.011921965,0.010702875,0.0049795975,0,0,0,0,0,0,0,0,0,0,0.0038222647
2019-04-17,0,0,0.02894655,-0.00015182945,0.11443584,-0.0012289395,-0.0017850768,-0.002456613,-0.0012040732,0,-0,0,-0,0,-0,0,-0,0,-0,-0.00071394574
2019-04-18,0,0,0.72777317,-0.0010197612,0.11478188,-0.016735406,-0.034261242,-0.033441636,-0.01739549,0,-0,0,-0,0,-0,0,-0,0,-0,-0.015876796
2019-04-19,1,1,1.0623727,-0.00098675783,0.12709752,-0.0036562337,-0.0066055046,-0.0072846622,-0.0044919563,2,-0.0071055046,2,-0.0071055046,2,-0.0071055046,1,-0.0041562337,2,-0.0093839125,0.00016132935
2019-04-22,0,0,0.16473943,-0.00033889699,0.12687729,-0.00020154789,-0.0033173609,-0.00040293335,-0.00066419632,0,-0,0,-0,0,-0,0,-0,0,-0,0.00020162916
2019-04-23,0,0,-0.11464524,-7.6927106e-06,0.10110151,0.00193564,0.0036954915,0.0038720607,0.0021689697,0,0,0,0,0,0,0,0,0,0,0.0017336613
2019-04-24,0,0,0.282777,-0.00094141879,0.10105358,-0.014712957,-0.029229083,-0.029310758,-0.014314502,0,-0,0,-0,0,-0,0,-0,0,-0,-0.010826692
2019-04-25,0,0,-0.5630075,0.00069382985,0.10837937,-0.00032590541,-0.0030120482,-0.00065260839,0.00010608204,0,-0,0,-0,0,-0,0,-0,0,0,-0.001546161
2019-04-26,0,0,-1.7283432,0.0024721576,0.10425663,-0.001310294,-0.0019083969,-0.002633203,0.0017090365,0,-0,0,-0,0,-0,0,-0,0,0,-0.0060719671
2019-04-29,0,0,0.12805261,0.0012131755,0.10587935,0.01613035,0.031878558,0.032132108,0.016985816,0,0,0,0,0,0,0,0,0,0,0.020213202
2019-04-30,0,0,-0.56502283,0.0022563294,0.11610033,-0.0062693405,-0.010693215,-0.012538681,-0.0046462882,0,-0,0,-0,0,-0,0,-0,0,-0,-0.0062693405
2019-05-02,0,0,-0.65808075,0.0021188241,0.11824071,0.0080769543,0.019593067,0.016212473,0.0097046265,0,0,0,0,0,0,0,0,0,0,0.0044485785
2019-05-03,0,0,-0.16796095,0.0015231936,0.10828161,-0.0082994239,-0.014089729,-0.016609555,-0.0068967932,0,-0,0,-0,0,-0,0,-0,0,-0,-0.0089382776
2019-05-07,0,0,-3.0205237,0.00087063716,0.11231538,0.00094281615,0.0049980777,0.0019027921,0.0014952472,0,0,0,0,0,0,0,0,0,0,-0.0080032501
2019-05-08,0,0,-1.3193065,-0.00047390004,0.11535872,0.0085884989,0.015686275,0.017405196,0.0082778478,0,0,0,0,0,0,0,0,0,0,-0.0044639201
2019-05-09,0,0,-0.96181991,0.00022830673,0.1159192,-0.025119815,-0.049805447,-0.050458525,-0.028081627,0,-0,0,-0,0,-0,0,-0,0,-0,-0.029330701
2019-05-10,1,1,2.554167,-0.00087694616,0.16076903,-0.0029947697,-0.0040733198,-0.005961377,-0.0047920401,1.8660311,-0.0044288275,2,-0.0045733198,2,-0.0045733198,1,-0.0034947697,2,-0.0099840802,0.0017375826
2019-05-13,0,0,-2.396072,0.0017099717,0.1605947,-0.0042627563,-0.0066611157,-0.0085906963,-0.0040029652,0,-0,0,-0,0,-0,0,-0,0,-0,-0.011761222
2019-05-14,0,0,0.065571662,-0.00026413318,0.16400832,0.0090881551,0.016659547,0.018376723,0.0095477954,0,0,0,0,0,0,0,0,0,0,-0.0017980222
2019-05-15,0,0,-0.87696424,0.0032214989,0.16250895,0.0013250128,0.0062893082,0.0026411076,0.0045451159,0,0,0,0,0,0,0,0,0,0,0.004717588
2019-05-16,0,0,-0.34016734,-0.0022422654,0.16279295,-0.012526185,-0.027488546,-0.025090987,-0.014231183,0,-0,0,-0,0,-0,0,-0,0,-0,-0.014043625
2019-05-17,0,0,0.89631015,-0.0030223919,0.16381221,-0.011077109,-0.024152542,-0.022056299,-0.013067015,0,-0,0,-0,0,-0,0,-0,0,-0,-0.0066672439
2019-05-20,1,1,2.1092817,-0.0028270357,0.1634291,-0.00086862106,-0.005588994,-0.0017311521,-0.0035351636,1.8356584,-0.0053132402,2,-0.006088994,2,-0.006088994,1,-0.0013686211,2,-0.0074703272,0.0026586471
2019-05-21,1,1,1.0135486,-0.0010939063,0.1598663,0.0049554445,0.0090634441,0.0099108889,0.0032799246,1.8765681,0.008056386,2,0.0085634441,2,0.0085634441,1,0.0044554445,2,0.0061598492,0.0049554445
2019-05-22,0,0,0.030029806,-0.00036987757,0.16189084,-0.00038829925,-0.0034013605,-0.00077462667,-0.0013482641,0,-0,0,-0,0,-0,0,-0,0,-0,0.0021627233
2019-05-23,0,0,0.11680157,0.00152892,0.16263834,-0.0012516725,-0.0029863481,-0.002503345,-7.5075075e-05,0,-0,0,-0,0,-0,0,-0,0,-0,-0.0012516725
2019-05-24,0,0,-0.27826138,0.0023430276,0.16160881,-0.0033842416,-0.0051791109,-0.006795609,-0.0010578013,0,-0,0,-0,0,-0,0,-0,0,-0,-0.007346586
2019-05-27,0,0,-0.29351116,-0.0002244932,0.16065898,0.0019177127,0.0039147455,0.0038397766,0.00083276554,0,0,0,0,0,0,0,0,0,0,0.00078363082
2019-05-28,0,0,0.04555947,0.00048583782,0.1611072,0.0020018278,0.0047743056,0.0040052242,0.001210379,0,0,0,0,0,0,0,0,0,0,0.0016095354
2019-05-29,0,0,0.35639001,6.8302061e-05,0.16167932,-0.010414397,-0.020905923,-0.020898002,-0.010336994,0,-0,0,-0,0,-0,0,-0,0,-0,-0.013680782
2019-05-30,0,0,0.96189095,0.0013521793,0.14158927,0.0069423085,0.015514184,0.013854788,0.0089838673,0,0,0,0,0,0,0,0,0,0,0.0091149273
2019-05-31,0,0,-1.4856905,0.0030013944,0.15022189,0.00017486339,0.00043859649,0.00035037008,0.0053718379,0,0,0,0,0,0,0,0,0,0,-0.0016581577
2019-06-03,0,0,0.27801199,0.00075227719,0.14792568,0.018169082,0.040564374,0.036398719,0.020861885,0,0,0,0,0,0,0,0,0,0,0.016477993
2019-06-04,0,0,0.057721324,-0.00083902818,0.16308781,-0.00116194,-0.0012744265,-0.0023257817,-0.00067204301,0,-0,0,-0,0,-0,0,-0,0,-0,-0.0019779842
2019-06-05,0,0,0.17020401,0.00028832517,0.16177191,-0.0082796296,-0.015056462,-0.016404532,-0.0078119215,0,-0,0,-0,0,-0,0,-0,0,-0,0.0011632917
2019-06-07,0,0,-1.3669618,5.1000068e-06,0.16214688,0.00043034815,-0.00084745763,0.0008606963,0.0011195283,0,0,0,0,0,0,0,0,0,0,0.00043034815
2019-06-10,0,0,0.89362426,-0.0030350468,0.11550366,0.0093717905,0.014644351,0.018647026,0.0065847884,0,0,0,0,0,0,0,0,0,0,0.014625543
2019-06-11,0,0,-0.93988594,0.00010141867,0.12610513,0.0076459094,0.013647643,0.015321105,0.0063724768,0,0,0,0,0,0,0,0,0,0,0.0057234918
2019-06-12,0,0,0.051301724,0.0014114368,0.11802812,-0.0033731079,-0.0057189542,-0.0067476383,-0.0014644505,0,-0,0,-0,0,-0,0,-0,0,-0,-0.0035831717
2019-06-13,0,0,-0.41436727,-0.0010552432,0.11828449,-0.0045010616,-0.011953833,-0.0090355027,-0.0030519194,0,-0,0,-0,0,-0,0,-0,0,-0,-0.0081651648
2019-06-14,0,0,-1.1655067,0.0011948629,0.11994611,-0.00021327419,-0.0020833333,-0.00042654837,0.0010733188,0,-0,0,-0,0,-0,0,-0,0,0,-0.00021327419
2019-06-17,0,0,-0.34094075,0.0014185059,0.10890941,0.001537279,0.0033486815,0.0030773176,0.00096356965,0,0,0,0,0,0,0,0,0,0,0.00063995904
2019-06-18,0,0,-0.29064751,0.0023665668,0.10612315,0.005675272,0.011287625,0.011359754,0.0058939096,0,0,0,0,0,0,0,0,0,0,0.0048605782
2019-06-19,1,0,1.8375991,0.0021899586,0.10682388,0.0013007175,0.0052610279,0.0025728276,0.0033163265,0,0,0,0,0,0,0,0,2,0.0062326531,0.012559403
2019-06-20,0,0,-0.80724403,0.0028500643,0.11649258,0.0030997361,0.0052271813,0.0061971359,0.0050249427,0,0,0,0,0,0,0,0,0,0,0.0034780422
2019-06-21,0,0,-0.69786567,-0.00012027893,0.11652575,-0.0031304783,-0.007980846,-0.0062580834,-0.0024984611,0,-0,0,-0,0,-0,0,-0,0,-0,-0.0026725686
2019-06-24,0,0,0.58001313,-0.0015185462,0.11685543,0.00075307506,-0.0012024048,0.0015049538,-0.0011960422,0,0,0,0,0,0,0,0,0,-0,0.0015492191
2019-06-25,0,0,0.032416336,0.00041843708,0.11202602,-0.00050213407,-0.0024077047,-0.0010051935,-0.00018160026,0,-0,0,-0,0,-0,0,-0,0,-0,-0.0014214047
2019-06-26,0,0,0.95201705,-0.00098848256,0.11234332,0.0023895363,0.0052461663,0.0047854924,0.0011627484,0,0,0,0,0,0,0,0,0,0,0.0010466382
2019-06-27,0,0,0.14585313,0.0031959658,0.11237045,0.0093832103,0.019592163,0.018713353,0.0082767633,0,0,0,0,0,0,0,0,0,0,0.012253774
2019-06-28,0,0,-0.043902823,0.0031467987,0.099974784,-0.0025615601,-0.0039231071,-0.0051231201,-0.0019062691,0,-0,0,-0,0,-0,0,-0,0,-0,-0.0025615601
2019-07-01,1,0,1.3405164,0.0023434222,0.097602729,-0.0073175745,-0.014728682,-0.014525869,-0.0082978647,0,-0,0,-0,0,-0,0,-0,2,-0.016995729,0.00020710794
2019-07-02,0,0,-1.7289129,0.0010935314,0.097878542,-0.0013725409,-0.0019880716,-0.0027570074,-0.00032601608,0,-0,0,-0,0,-0,0,-0,0,-0,-0.0056735826
2019-07-03,0,0,-0.55343832,0.00074219526,0.086550334,-0.01204518,-0.024740623,-0.024107441,-0.011612295,0,-0,0,-0,0,-0,0,-0,0,-0,-0.01274469
2019-07-04,0,0,0.056801431,-0.001915364,0.10024526,0.007290657,0.013050571,0.014565968,0.0049784025,0,0,0,0,0,0,0,0,0,0,0.0083530206
2019-07-05,0,0,0.25150533,-0.00013626703,0.10335138,-0.0015894926,-0.0036144578,-0.0031783205,-0.0014195239,0,-0,0,-0,0,-0,0,-0,0,-0,-0.0013806376
2019-07-08,0,0,-2.3843258,0.0032194246,0.1035759,-0.013758757,-0.026240262,-0.027722267,-0.010428182,0,-0,0,-0,0,-0,0,-0,0,-0,-0.020989568
2019-07-09,1,1,1.4748744,-0.00086852609,0.11913368,-0.0050343445,-0.010883215,-0.010038282,-0.0069732938,2,-0.011383215,2,-0.011383215,2,-0.011383215,1,-0.0055343445,2,-0.014346588,-0.0020112975
2019-07-10,1,1,1.3477989,-0.0011079585,0.11808887,0,-0.0020929259,0,-0.0020052731,2,-0.0025929259,2,-0.0025929259,2,-0.0025929259,1,-0.0005,2,-0.0044105463,0.0038163029
2019-07-11,1,1,1.2634311,-0.00043454698,0.11927872,0.0062428335,0.015800416,0.012413444,0.0044349176,2,0.015300416,2,0.015300416,2,0.015300416,1,0.0057428335,2,0.0084698352,0.012131568
2019-07-12,0,0,0.23053146,-0.0020851435,0.12481525,0.0035077339,0.0040950041,0.0070249683,0.0017266081,0,0,0,0,0,0,0,0,0,0,0.0021524437
2019-07-15,0,0,-0.9065002,-0.0011959087,0.12491538,0.0026193494,0.0028688525,0.0052553507,0.0021318827,0,0,0,0,0,0,0,0,0,0,-0.00054748368
2019-07-16,0,0,0.18561297,4.5778683e-05,0.12474181,0.0030720027,0.010216592,0.0061360007,0.0046189376,0,0,0,0,0,0,0,0,0,0,0.0043822687
2019-07-17,0,0,-1.2742777,7.9924357e-05,0.12496255,-0.0031224946,-0.0098119379,-0.0062813004,-0.0023885643,0,-0,0,-0,0,-0,0,-0,0,-0,-0.0088521564
2019-07-18,0,0,0.32082675,-0.00027969766,0.11799942,-0.00063594353,0.0016618197,-0.0012739394,-0.0014019554,0,0,0,0,0,0,0,0,0,-0,-0.0022433862
2019-07-19,1,1,1.5223828,-0.001437254,0.11763147,0.0083530206,0.019720624,0.016613526,0.006747094,2,0.019220624,2,0.019220624,2,0.019220624,1,0.0078530206,2,0.013094188,0.013999661
2019-07-22,0,0,0.095828008,-0.00023813814,0.12941452,0.0024752475,0.0064961429,0.0049642406,0.0023731289,0,0,0,0,0,0,0,0,0,0,-0.00029286252
2019-07-23,0,0,0.12939791,0.00099946956,0.12940232,0.0024215097,0.00562249,0.0048315215,0.0036009166,0,0,0,0,0,0,0,0,0,0,0.0048127223
2019-07-24,0,0,-1.2755324,0.00043386591,0.1306142,-0.0072636193,-0.016032064,-0.014560669,-0.0069060773,0,-0,0,-0,0,-0,0,-0,0,-0,-0.0095376926
2019-07-25,0,0,0.37791441,-0.00045509389,0.13522353,-0.0045292514,-0.010113269,-0.0090342549,-0.0037945126,0,-0,0,-0,0,-0,0,-0,0,-0,-0.0018502166
2019-07-26,0,0,-0.84826036,0.00030834021,0.13149314,0.00241229,0.0041254125,0.0048467327,0.0030949486,0,0,0,0,0,0,0,0,0,0,-0.0021485445
2019-07-29,0,0,-1.5290894,0.0019833869,0.13169902,-0.011798537,-0.02918208,-0.023636056,-0.012757642,0,-0,0,-0,0,-0,0,-0,0,-0,-0.013425652
2019-07-30,1,0,1.0798873,0.0026968583,0.14286969,-0.00055451288,0.002529511,-0.0011054422,0.0009676579,0,0,0,0,0,0,0,0,2,0.0015353158,0.0026959945
2019-07-31,0,0,-0.10008676,-0.00062890457,0.14403474,-0.00668037,-0.017255892,-0.013406093,-0.0078968934,0,-0,0,-0,0,-0,0,-0,0,-0,-0.010029448
2019-08-01,0,0,-0.10203297,-0.0010702404,0.14085913,0.0050321013,0.0082465278,0.010127466,0.0028682492,0,0,0,0,0,0,0,0,0,0,-0.0012071047
2019-08-02,0,0,-1.8592719,0.0018490358,0.13676633,-0.00052353737,-0.0021929825,-0.0010584811,0.0014470127,0,-0,0,-0,0,-0,0,-0,0,0,-0.011179213
2019-08-05,0,0,-0.91199391,0.0020594245,0.14014537,-0.016802667,-0.032444444,-0.03377574,-0.014975105,0,-0,0,-0,0,-0,0,-0,0,-0,-0.021738182
2019-08-06,0,0,-2.9155914,0.0022340196,0.14182058,0.0088572342,0.013895544,0.018135078,0.010205302,0,0,0,0,0,0,0,0,0,0,-0.014010977
2019-08-07,0,0,-0.17491714,-0.0034385984,0.14869132,-0.0059736616,-0.016486105,-0.011947323,-0.0096675312,0,-0,0,-0,0,-0,0,-0,0,-0,-0.0059736616
2019-08-08,1,0,1.9774129,3.9146923e-06,0.14693658,-0.0041085376,-0.0075329567,-0.0081493754,-0.0067293692,0,-0,0,-0,0,-0,0,-0,2,-0.013858738,0.0042340087
2019-08-09,0,0,0.80364926,-0.0018823166,0.1380603,0.00085601009,0.00046794572,0.0017014417,-0.0010974797,0,0,0,0,0,0,0,0,0,-0,0.0071175991
2019-08-12,1,1,1.3952698,-0.0020562519,0.14407628,0.00071968334,0.0018709074,0.0014382669,-0.00086082091,2,0.0013709074,2,0.0013709074,2,0.0013709074,1,0.00021968334,2,-0.0021216418,0.0014854828
2019-08-13,0,0,-0.37765718,0.0025616445,0.14488754,-0.0060485691,-0.0042694497,-0.012148685,-0.002642998,0,-0,0,-0,0,-0,0,-0,0,-0,-0.010248112
2019-08-14,1,1,1.3739682,-0.0027709017,0.14314476,-0.0027430524,-0.0065298507,-0.0054328465,-0.0038305191,2,-0.0070298507,2,-0.0070298507,2,-0.0070298507,1,-0.0032430524,2,-0.0080610381,0.0071298819
2019-08-16,0,0,0.83474522,0.00093770543,0.14770618,0.0026765867,0.010047847,0.0053859145,0.0045102073,0,0,0,0,0,0,0,0,0,0,-0.0033818821
2019-08-19,0,0,-0.10319542,0.00074599572,0.14772328,0,0.003750586,0,-0.00035266458,0,0,0,0,0,0,0,0,0,-0,0.0063795132
2019-08-20,0,0,-0.67234759,-0.0010409323,0.13615172,0.010345448,0.020560748,0.020701139,0.0098618558,0,0,0,0,0,0,0,0,0,0,0.0098457942
2019-08-21,0,0,0.053839492,0.0013878039,0.1460152,0.0039703783,0.0082834791,0.0079570854,0.0047832005,0,0,0,0,0,0,0,0,0,0,0.0019143442
2019-08-22,0,0,-0.55337556,0.0009308428,0.1438823,-0.0089674154,-0.015525114,-0.017918127,-0.0087030519,0,-0,0,-0,0,-0,0,-0,0,-0,-0.0080426572
2019-08-23,0,0,-0.90125104,0.00053173053,0.14299954,0.0031486146,0.010798122,0.0063233966,0.0039198777,0,0,0,0,0,0,0,0,0,0,-0.00098548647
2019-08-26,0,0,-1.3261605,-0.00086119081,0.14299849,0.0029662757,0.0052884615,0.0060397696,0.0015488483,0,0,0,0,0,0,0,0,0,0,-0.014527845
2019-08-27,0,0,0.45093069,-0.00071761288,0.14934242,-0.0019017433,-0.0014251781,-0.0037851478,-0.00094585008,0,-0,0,-0,0,-0,0,-0,0,-0,0.002957503
2019-08-28,1,1,1.0463074,-0.00067410836,0.14457243,0.0059658321,0.010859301,0.011887073,0.0052321007,2,0.010359301,2,0.010359301,2,0.010359301,1,0.0054658321,2,0.010064201,0.0097536633
2019-08-29,0,0,-0.40785229,-0.00013766723,0.1474068,-0.0057481588,-0.015334572,-0.011491157,-0.0053582603,0,-0,0,-0,0,-0,0,-0,0,-0,-0.0053014646
2019-08-30,1,1,1.1685687,-0.0038272804,0.14524048,0.010053409,0.020465116,0.019980376,0.0083706443,2,0.019965116,2,0.019965116,2,0.019965116,1,0.0095534087,2,0.016341289,0.016485998
2019-09-02,0,0,-0.64081136,-0.00035645963,0.16278391,0.0031145717,0.0078017439,0.0062374694,0.00321394,0,0,0,0,0,0,0,0,0,0,0.0017773828
2019-09-03,0,0,-0.38080121,-0.00066157126,0.15925424,-0.0012008539,-0.0018306636,-0.0024082415,-0.0011603172,0,-0,0,-0,0,-0,0,-0,0,-0,-0.0039033045
2019-09-04,0,0,0.44558057,-1.9912034e-05,0.13842625,0.01550733,0.029384757,0.031036789,0.014734965,0,0,0,0,0,0,0,0,0,0,0.014783809
2019-09-05,0,0,-0.21055679,-0.00066631823,0.13397726,0.0070083224,0.015562472,0.013991518,0.007275359,0,0,0,0,0,0,0,0,0,0,0.0088200448
2019-09-06,0,0,0.37672342,-5.6985056e-05,0.13465618,-0.0021601071,-0.0034602076,-0.0042911088,-0.0025169046,0,-0,0,-0,0,-0,0,-0,0,-0,0.0046541975
2019-09-09,0,0,0.51057704,-1.9484948e-05,0.13474227,0.0057890871,0.0073275862,0.011553218,0.0048476194,0,0,0,0,0,0,0,0,0,0,0.0079664026
2019-09-10,0,0,0.5828387,-5.8881319e-05,0.1331944,0.0032179174,0.0076824584,0.0064286633,0.0029855202,0,0,0,0,0,0,0,0,0,0,0.0043383016
2019-09-11,1,1,1.4180371,-0.0026109068,0.133507,0.0040496185,0.0058823529,0.0080727396,0.0018124653,2,0.0053823529,2,0.0053823529,2,0.0053823529,1,0.0035496185,2,0.0032249306,0.0073560859
2019-09-16,0,0,-0.28130498,0.0016265746,0.12612945,-0.00097239251,-0.0020695364,-0.001936679,0.0019890968,0,-0,0,-0,0,-0,0,-0,0,0,0.0032266282
2019-09-17,0,0,-0.091910505,0.00072738201,0.12504027,-0.00033855269,0.0029106029,-0.00067710537,0.00081043248,0,0,0,0,0,0,0,0,0,0,-0.00033855269
2019-09-18,0,0,-0.0007595519,0.00091120968,0.12346483,0.0035493958,0.0078512397,0.0070856179,0.0043401501,0,0,0,0,0,0,0,0,0,0,0.0054186775
2019-09-19,0,0,0.083605541,-0.001070568,0.12351526,0.0076709096,0.013957307,0.015357354,0.0066273663,0,0,0,0,0,0,0,0,0,0,0.0066526316
2019-09-20,0,0,0.14743144,-0.00070382829,0.12051767,0.0058998284,0.010534846,0.011804102,0.0051998109,0,0,0,0,0,0,0,0,0,0,0.0055211645
2019-09-23,0,0,0.061418638,-0.00014847428,0.12056391,0.0035020429,0.0040209087,0.0070198897,0.0028637715,0,0,0,0,0,0,0,0,0,0,0.0012479201
2019-09-24,0,0,-0.11991467,0.0013479964,0.11318405,0.0059825509,0.013221154,0.011965102,0.00564379,0,0,0,0,0,0,0,0,0,0,0.0059825509
2019-09-25,0,0,-0.19298627,0.0012464074,0.1119434,-0.0095044409,-0.016006403,-0.019104029,-0.0081324321,0,-0,0,-0,0,-0,0,-0,0,-0,-0.014413149
2019-09-26,0,0,0.49061098,-0.0010639884,0.10632794,-0.0014618051,-0.004842615,-0.0029141168,-0.0026123871,0,-0,0,-0,0,-0,0,-0,0,-0,0.0018018018
2019-09-27,0,0,-1.0184202,0.0039275672,0.10663733,-0.0086737901,-0.016286645,-0.017378893,-0.007280843,0,-0,0,-0,0,-0,0,-0,0,-0,-0.010456751
2019-09-30,0,0,-0.023633364,0.0023973316,0.12133609,0.010762256,0.020824656,0.021576622,0.010864344,0,0,0,0,0,0,0,0,0,0,0.008326993
2019-10-01,0,0,-0.51111273,0.00014609177,0.11897321,0.0037780203,0.0085749285,0.0075665223,0.0036206707,0,0,0,0,0,0,0,0,0,0,0.0023894362
2019-10-02,0,0,-0.44866912,0.00033224182,0.1054188,-0.014193657,-0.027572016,-0.02859082,-0.014097434,0,-0,0,-0,0,-0,0,-0,0,-0,-0.021160923
2019-10-04,0,0,0.71412404,-0.00095318823,0.13618792,-0.0017560391,-0.0029774564,-0.0035208244,-0.0027970463,0,-0,0,-0,0,-0,0,-0,0,-0,-0.0042296847
2019-10-07,0,0,0.21639463,-0.001484409,0.13679139,-0.003201981,-0.0088532884,-0.0063724032,-0.005387931,0,-0,0,-0,0,-0,0,-0,0,-0,0.0017591282
2019-10-08,1,1,1.5824247,-0.0010936174,0.12981296,0.011873745,0.02374894,0.023681745,0.0091483823,2,0.02324894,2,0.02324894,2,0.02324894,1,0.011373745,2,0.017896765,0.014690766
2019-10-10,0,0,-1.4902058,8.4048532e-05,0.13341349,0.0038410653,0.0050675676,0.0077683311,3.7203765e-05,0,0,0,0,0,0,0,0,0,0,-0.0071757207
2019-10-11,1,0,1.9263825,0.000642069,0.1382362,-0.001096445,-0.0057684384,-0.0021752771,-0.0013987044,0,-0,0,-0,0,-0,0,-0,2,-0.0031974087,0.0070575231
2019-10-14,1,1,1.8910841,-0.0012712954,0.13984453,-0.00091846533,-0.0020251114,-0.0018167554,-0.0017472971,2,-0.0025251114,2,-0.0025251114,2,-0.0025251114,1,-0.0014184653,2,-0.0038945943,0.010301009
2019-10-15,0,0,-0.11347325,-0.00072756883,0.14360829,0.0028881169,0.0036600244,0.0057859209,0.0017893007,0,0,0,0,0,0,0,0,0,0,0.0012118173
2019-10-16,0,0,0.70188423,-0.00087326019,0.14141837,-0.00020747749,-0.00080032013,-0.00041257529,0.00021718671,0,-0,0,-0,0,-0,0,-0,0,0,0.0055926544
2019-10-17,0,0,-0.069959111,0.0013536188,0.14276288,-0.0043941467,-0.0099800399,-0.008777741,-0.0012684836,0,-0,0,-0,0,-0,0,-0,0,-0,-0.0031958164
2019-10-18,0,0,0.14660621,-0.00043973248,0.14313903,-0.012295422,-0.023293173,-0.024532759,-0.011522157,0,-0,0,-0,0,-0,0,-0,0,-0,-0.0099512845
2019-10-21,1,1,1.3583103,-0.003371193,0.14705846,0.0047058824,0.0069672131,0.0094030728,-0.00029210939,2,0.0064672131,2,0.0064672131,2,0.0064672131,1,0.0042058824,2,-0.00098421879,0.0056354614
2019-10-22,0,0,0.74406554,-0.0002407106,0.14551513,0.0092885705,0.016096579,0.018503153,0.0072984749,0,0,0,0,0,0,0,0,0,0,0.013340582
2019-10-23,0,0,-0.067613714,0.001677656,0.15192903,-0.0039703875,-0.0079554495,-0.0079578895,-0.0021673952,0,-0,0,-0,0,-0,0,-0,0,-0,-0.0061078783
2019-10-24,1,1,1.0286041,-0.0013292519,0.15273239,-0.0012407461,-0.0031796502,-0.0024716787,-0.0036010083,1.9642199,-0.0036102761,2,-0.0036796502,2,-0.0036796502,1,-0.0017407461,2,-0.0076020166,0.0027405224
2019-10-25,0,0,0.62843762,-0.00039415488,0.15183803,-0.0020232885,-0.0039666799,-0.0040350805,-0.0019092219,0,-0,0,-0,0,-0,0,-0,0,-0,0.00082819164
2019-10-28,0,0,0.56810522,-5.8558103e-05,0.14440435,-0.00053553038,-0.0027624309,-0.0010664042,-0.0013661202,0,-0,0,-0,0,-0,0,-0,0,-0,0.0038479043
2019-10-29,0,0,0.72962668,-0.00055618487,0.14452889,-0.0060349782,-0.01177394,-0.012022573,-0.006087735,0,-0,0,-0,0,-0,0,-0,0,-0,-0.0021020526
2019-10-30,0,0,0.069722187,0.0012069946,0.13562763,-0.0086651537,-0.017446471,-0.017313162,-0.0071353923,0,-0,0,-0,0,-0,0,-0,0,-0,-0.0076824584
2019-10-31,0,0,0.86125828,0.00012149222,0.13618005,-0.0014077509,-0.0047885076,-0.0028007743,-0.0036844387,0,-0,0,-0,0,-0,0,-0,0,-0,0.0038709677
2019-11-01,0,0,0.63947204,0.00051371774,0.13581685,0.0082562337,0.01563753,0.01652275,0.0081833653,0,0,0,0,0,0,0,0,0,0,0.0076291566
2019-11-04,0,0,0.32342374,0.0039909554,0.1126815,0.0049331376,0.01953125,0.0097761978,0.00943194,0,0,0,0,0,0,0,0,0,0,0.01427866
2019-11-05,0,0,0.032925852,-0.00045612383,0.11904187,0.005673299,0.0099388379,0.011333738,0.0049118343,0,0,0,0,0,0,0,0,0,0,0.0068156923
2019-11-06,0,0,0.089201531,0.00024617982,0.11956262,0.00048353951,0.00037821483,0.00096707902,0.00073863037,0,0,0,0,0,0,0,0,0,0,0.00048353951
2019-11-07,0,0,-0.46427838,0.00039007456,0.11286915,0,0.00075843762,0,0.0011618082,0,0,0,0,0,0,0,0,0,0,-0.0012888155
2019-11-08,0,0,0.9786914,-0.00050424495,0.10461521,-0.0086646075,-0.018358936,-0.017237939,-0.0093768588,0,-0,0,-0,0,-0,0,-0,0,-0,-0.0033875066
2019-11-11,0,0,-0.09175302,-0.0008309698,0.10466439,-0.0072058943,-0.01754386,-0.014418209,-0.0086480762,0,-0,0,-0,0,-0,0,-0,0,-0,-0.0076477967
2019-11-12,1,1,1.1523215,-0.00051140931,0.10540733,0.0062225476,0.012326656,0.012412786,0.0062078751,2,0.011826656,2,0.011826656,2,0.011826656,1,0.0057225476,2,0.01201575,0.008848475
2019-11-13,0,0,-1.3417326,0.0010336843,0.10980868,-0.0048258242,-0.011106856,-0.0096838508,-0.0035425818,0,-0,0,-0,0,-0,0,-0,0,-0,-0.0081241664
2019-11-14,0,0,0.48985077,-0.00024770386,0.11327583,0.0060191964,0.01236476,0.012014937,0.0072011352,0,0,0,0,0,0,0,0,0,0,0.0079869601
2019-11-15,0,0,-0.1305374,0.0013229237,0.11627132,0.011735291,0.02276176,0.023412986,0.012119077,0,0,0,0,0,0,0,0,0,0,0.014230272
2019-11-18,0,0,-0.92680703,0.00064814174,0.11334857,-0.00015959145,-0.0040710585,-0.00031948882,0.00027864855,0,-0,0,-0,0,-0,0,-0,0,0,-0.0011160714
2019-11-19,0,0,-1.2782806,0.0001962027,0.11377071,0.00060158819,0.0018775817,0.0012092873,0.0017148457,0,0,0,0,0,0,0,0,0,0,-0.0044293695
2019-11-20,0,0,-1.6409281,0.00097289439,0.1079251,-0.0079355488,-0.014388489,-0.015950771,-0.0072466317,0,-0,0,-0,0,-0,0,-0,0,-0,-0.012866247
2019-11-21,0,0,0.1238885,0.00014706393,0.11988711,-0.013657426,-0.027006173,-0.02734375,-0.012806414,0,-0,0,-0,0,-0,0,-0,0,-0,-0.014698717
2019-11-22,0,0,0.44581424,-0.00043908445,0.13114893,0.0034570747,0.0071146245,0.0069050555,0.0030871953,0,0,0,0,0,0,0,0,0,0,0.0047803511
2019-11-25,1,1,1.8855929,-0.0022468526,0.13181097,0.0050140638,0.010873786,0.0099675851,0.0014905774,2,0.010373786,2,0.010373786,2,0.010373786,1,0.0045140638,2,0.0025811548,0.011155771
2019-11-26,0,0,0.059535013,0.00014744287,0.135856,-0.0018619713,-0.0053455517,-0.0037162708,-0.0044508813,0,-0,0,-0,0,-0,0,-0,0,-0,0.00020280685
2019-11-27,1,1,1.3171086,-0.00055832169,0.13593743,-0.001900372,-0.0045801527,-0.0037895586,-0.0025038792,2,-0.0050801527,2,-0.0050801527,2,-0.0050801527,1,-0.002400372,2,-0.0054077585,0.0010543818
2019-11-28,0,0,-1.8422947,0.0012370836,0.13275371,0,0.0019379845,0,0,0,0,0,0,0,0,0,0,0,0,-0.0044966579
2019-11-29,0,0,0.7528337,-0.0006652678,0.13511423,-0.019327595,-0.038550501,-0.038570618,-0.018788996,0,-0,0,-0,0,-0,0,-0,0,-0,-0.017172621
2019-12-02,1,1,1.7222944,-0.00022718813,0.14366584,-0.0030856579,-0.004354711,-0.0061324612,-0.0029827146,2,-0.004854711,2,-0.004854711,2,-0.004854711,1,-0.0035856579,2,-0.0063654293,0.0032709506
2019-12-03,0,0,-1.4021765,0.00038381641,0.13281163,0.0036218309,0.0085123632,0.0073075469,0.0045829848,0,0,0,0,0,0,0,0,0,0,-0.0050761421
2019-12-04,0,0,-0.98122074,-5.2758529e-05,0.13041793,0,-0.00040783034,0,-0.0007654177,0,0,0,0,0,0,0,0,0,-0,-0.0066782811
2019-12-05,0,0,0.73293882,-2.7636614e-05,0.13186973,-0.0076431004,-0.013720743,-0.015205983,-0.0085253038,0,-0,0,-0,0,-0,0,-0,0,-0,-0.0023802564
2019-12-06,1,1,1.5549978,-0.0020612448,0.13185101,0.0076714613,0.014221861,0.015282392,0.0049783786,2,0.013721861,2,0.013721861,2,0.013721861,1,0.0071714613,2,0.0095567571,0.011678527
2019-12-09,0,0,0.67168097,-0.00071501053,0.14030847,-0.00053513358,0.0019872814,-0.0010648319,-0.0010060724,0,0,0,0,0,0,0,0,0,-0,0.00459266
2019-12-10,0,0,-0.78057506,0.0011376594,0.13959027,0.0079732298,0.014342629,0.015995359,0.0090679191,0,0,0,0,0,0,0,0,0,0,0.0049011532
2019-12-11,0,0,0.011640764,1.9785602e-05,0.13550866,0.0044282258,0.01023622,0.0088600845,0.0039041513,0,0,0,0,0,0,0,0,0,0,0.0040165581
2019-12-12,1,1,1.8075706,-0.0023345415,0.13317194,0.012215413,0.024324324,0.024288884,0.0088104168,2,0.023824324,2,0.023824324,2,0.023824324,1,0.011715413,2,0.017220834,0.01816549
2019-12-13,1,1,2.8360689,-0.0011817406,0.14312848,0.0029695914,0.011053795,0.0058662495,0.002661229,2,0.010553795,2,0.010553795,2,0.010553795,1,0.0024695914,2,0.004922458,0.015596183
2019-12-16,0,0,-0.49928408,0.0015156136,0.15049472,-0.00035529588,0.00036536354,-0.00071059177,0.00075982593,0,0,0,0,0,0,0,0,0,0,-0.00035529588
2019-12-17,1,1,1.0015365,-0.0029765314,0.15058943,0.0097557138,0.019202899,0.019435737,0.009048533,1.9921717,0.018628944,2,0.018702899,2,0.018702899,1,0.0092557138,2,0.017697066,0.013703499
2019-12-18,0,0,-0.12003823,-0.00068541267,0.15948144,-0.0014395767,-0.0028388928,-0.0028754614,-0.00030580001,0,-0,0,-0,0,-0,0,-0,0,-0,-0.00015582999
2019-12-19,0,0,0.74429505,-0.00031872318,0.14894491,-0.0025626092,-0.006000706,-0.0051073709,-0.0025418559,0,-0,0,-0,0,-0,0,-0,0,-0,0.00093512566
2019-12-20,0,0,0.62313853,-0.00061463439,0.13666077,-0.0014737822,-0.0031712474,-0.0029367441,-0.00091345829,0,-0,0,-0,0,-0,0,-0,0,-0,0.0022188485
2019-12-23,0,0,-0.049411952,0.0019235055,0.13659342,-0.0043703589,-0.0091196072,-0.0087036894,-0.0032787994,0,-0,0,-0,0,-0,0,-0,0,-0,-0.00011652296
2019-12-24,0,0,0.17556861,0.00043715229,0.13473168,-0.0070652174,-0.015199717,-0.014121116,-0.0077241005,0,-0,0,-0,0,-0,0,-0,0,-0,-0.0064095094
2019-12-26,0,0,0.2089301,-0.00043512221,0.13792752,0.0041839368,0.0075322812,0.0083691826,0.0032068777,0,0,0,0,0,0,0,0,0,0,0.0040268981
2019-12-27,0,0,-1.9608011,0.01045485,0.13798713,0.010235335,0.021869489,0.020382166,0.0096795157,0,0,0,0,0,0,0,0,0,0,0.014641174
2019-12-30,0,0,-0.50097889,0.015679026,0.13505128,-0.0064286534,-0.0031098825,-0.012820024,-0.0028173795,0,-0,0,-0,0,-0,0,-0,0,-0,-0.0035307211
2020-01-02,0,0,0.65598385,0.011326041,0.12013549,-0.011391187,-0.025303293,-0.022764853,-0.013052789,0,-0,0,-0,0,-0,0,-0,0,-0,-0.010629694
2020-01-03,1,0,1.5143068,0.0019062499,0.13093587,-0.009104587,-0.016427822,-0.018047643,-0.0080518594,0,-0,0,-0,0,-0,0,-0,2,-0.016503719,-0.00015570867
2020-01-06,0,0,-1.8529715,0.0035702248,0.1285224,-0.00074480596,0.001447178,-0.0014999013,0.0024328363,0,0,0,0,0,0,0,0,0,0,-0.0075530465
2020-01-07,0,0,0.99938974,0.0011838979,0.12911254,0.0033124196,0.0089349535,0.0065812396,0.0042067515,0,0,0,0,0,0,0,0,0,0,0.010003531
2020-01-08,0,0,-1.6832905,0.00058334344,0.12965095,0.0011740304,0.0035958288,0.0023659306,0.0016612445,0,0,0,0,0,0,0,0,0,0,-0.0063310806
2020-01-09,1,1,3.309304,-0.0014185519,0.12947181,0.0028531771,0.0066433566,0.0056297311,0.0019739305,2,0.0061433566,2,0.0061433566,2,0.0061433566,1,0.0023531771,2,0.003547861,0.016690771
2020-01-10,0,0,-0.45041259,-0.0016891074,0.13966704,0.0082660515,0.015950069,0.016532103,0.0076662144,0,0,0,0,0,0,0,0,0,0,0.0082660515
2020-01-13,0,0,0.0098257495,0.00038826947,0.14124061,0.01029552,0.021145975,0.020591039,0.011833322,0,0,0,0,0,0,0,0,0,0,0.01029552
2020-01-14,0,0,0.88662577,-0.0024457272,0.14354751,-0.00052566365,-0.0019828156,-0.0010459079,-0.0022170748,0,-0,0,-0,0,-0,0,-0,0,-0,0.0046801283
2020-01-15,0,0,-1.1650462,0.0031448793,0.13418814,-0.003689759,-0.0073235686,-0.0073959473,-0.00056683672,0,-0,0,-0,0,-0,0,-0,0,-0,-0.0058980428
2020-01-16,0,0,-0.057965945,-0.00061838816,0.12568276,0.01027889,0.022803488,0.020557781,0.0095022172,0,0,0,0,0,0,0,0,0,0,0.01027889
2020-01-17,0,0,0.86306446,-0.0023098515,0.12866575,-0.0028656494,-0.0058460539,-0.0057024365,-0.0058019471,0,-0,0,-0,0,-0,0,-0,0,-0,0.0022069275
2020-01-20,0,0,0.93685784,-0.00042670127,0.11791342,0.0030838969,0.007457847,0.0061401886,0.0019344897,0,0,0,0,0,0,0,0,0,0,0.007613929
2020-01-21,0,0,-0.5216382,0.0019028515,0.11948775,-0.010453737,-0.020355412,-0.020923762,-0.0092805142,0,-0,0,-0,0,-0,0,-0,0,-0,-0.011223469
2020-01-22,0,0,0.10013878,-0.00081088816,0.12841703,0.015391546,0.0331785,0.030847942,0.014215183,0,0,0,0,0,0,0,0,0,0,0.013261407
2020-01-23,0,0,-1.9690453,0.0014115117,0.1349775,-0.0067348837,-0.01203252,-0.013557037,-0.0047404286,0,-0,0,-0,0,-0,0,-0,0,-0,-0.013087844
2020-01-28,0,0,-3.1060942,0.00044024551,0.14361429,-0.0072491562,-0.010369858,-0.014852652,-0.0074920334,0,-0,0,-0,0,-0,0,-0,0,-0,-0.030381359
2020-01-29,0,0,0.062130307,-0.00061486951,0.18367082,-0.0010001923,-0.0045076283,-0.001991803,-0.001358788,0,-0,0,-0,0,-0,0,-0,0,-0,0.0033226442
2020-01-30,0,0,-0.44891544,0.00089064701,0.18372066,-0.017504627,-0.035639413,-0.035053855,-0.016708153,0,-0,0,-0,0,-0,0,-0,0,-0,-0.018753129
2020-01-31,1,0,1.2359541,0.00014644753,0.1951025,-0.017192312,-0.03329753,-0.034159566,-0.019673374,0,-0,0,-0,0,-0,0,-0,2,-0.039746748,-0.010674201
2020-02-03,0,0,-1.3768752,0.0068270488,0.19952782,0.012396197,0.026605853,0.025077098,0.017417996,0,0,0,0,0,0,0,0,0,0,0.0010313368
2020-02-04,0,0,-0.83011889,0.001114967,0.19616641,0.016916921,0.035899334,0.033827141,0.019250324,0,0,0,0,0,0,0,0,0,0,0.017118402
2020-02-05,0,0,0.46735071,-0.00036632712,0.20933339,-0.0051673608,-0.011208406,-0.01023057,-0.005279831,0,-0,0,-0,0,-0,0,-0,0,-0,0.005064672
2020-02-06,0,0,0.80961932,0.0011554464,0.20769282,0.018753595,0.039249739,0.037112933,0.020051571,0,0,0,0,0,0,0,0,0,0,0.029692224
2020-02-07,0,0,-1.2920371,0.001346131,0.22986967,-0.006149551,-0.010774411,-0.012326074,-0.0046062953,0,-0,0,-0,0,-0,0,-0,0,-0,-0.0083195302
2020-02-10,0,0,-2.6619733,0.0023413066,0.23083391,0.0062211982,0.012552301,0.01258888,0.0073791954,0,0,0,0,0,0,0,0,0,0,-0.0053524656
2020-02-11,0,0,0.43218699,-0.0011915835,0.2248421,0.0063529501,0.015769626,0.012664948,0.0045987043,0,0,0,0,0,0,0,0,0,0,0.0096175864
2020-02-12,0,0,0.27900189,-0.0024395508,0.22552495,0.0093086616,0.021341463,0.018636364,0.0057032318,0,0,0,0,0,0,0,0,0,0,0.0082785212
2020-02-13,0,0,0.18375511,-0.0010937131,0.22412208,-0.0047877314,-0.011873351,-0.0095533082,-0.0061428713,0,-0,0,-0,0,-0,0,-0,0,-0,-0.0024744123
2020-02-14,0,0,0.30307157,-0.0018344729,0.22366299,0.0078689759,0.014720642,0.015765851,0.0068449909,0,0,0,0,0,0,0,0,0,0,0.0060886233
2020-02-17,0,0,-0.33082236,-0.0018269823,0.22379379,0.00082313765,0.001651255,0.0016488664,-0.0002641659,0,0,0,0,0,0,0,0,0,-0,-0.00074713288
2020-02-18,0,0,-1.9649311,0.00046618411,0.22098422,-0.0085489399,-0.019397993,-0.017225026,-0.0083927263,0,-0,0,-0,0,-0,0,-0,0,-0,-0.015813675
2020-02-19,1,1,2.0466641,-0.0012643672,0.22860961,-0.0033631863,-0.0067499156,-0.0066917293,-0.0045048051,1.3122808,-0.0049207968,2,-0.0072499156,2,-0.0072499156,1,-0.0038631863,2,-0.0094096103,0.0018232926
2020-02-20,1,1,1.0341972,-0.00032752684,0.2267671,-0.011528463,-0.023131076,-0.022911051,-0.012286076,1.3229432,-0.015775449,2,-0.023631076,2,-0.023631076,1,-0.012028463,2,-0.024972152,-0.0051945097
2020-02-21,0,0,-3.1189663,0.0015653232,0.2242307,-0.00038656307,-0.0010615711,-0.00078428297,0.00088992333,0,-0,0,-0,0,-0,0,-0,0,0,-0.014407135
2020-02-24,0,0,-4.1848809,0.0070801335,0.22269803,-0.021121775,-0.035016587,-0.042978911,-0.015726244,0,-0,0,-0,0,-0,0,-0,0,-0,-0.03758846
2020-02-25,1,0,4.1999803,0.0028530822,0.25639186,0.011618558,0.028505393,0.023249266,0.01340559,0,0,0,0,0,0,0,0,2,0.026411181,0.011090127
2020-02-26,0,0,-0.82666341,0.0068262042,0.23877157,0,0.012470772,0,0.0053510505,0,0,0,0,0,0,0,0,0,0,-0.014584906
2020-02-27,0,0,0.13381454,0.0018640981,0.24264184,-0.010005648,-0.017054264,-0.020019374,-0.0084806412,0,-0,0,-0,0,-0,0,-0,0,-0,-0.010404904
2020-02-28,1,0,1.7071889,0.0026720614,0.23647004,-0.01798933,-0.036466775,-0.036517797,-0.015826387,0,-0,0,-0,0,-0,0,-0,2,-0.032052774,-0.032276469
2020-03-02,1,1,2.309405,-0.00040907351,0.25798259,0.0045673581,0.0079133694,0.0090893929,0.0028932824,1.1628692,0.0046123202,2,0.0074133694,2,0.0074133694,1,0.0040673581,2,0.0053865648,0.0096016171
2020-03-03,0,0,0.53206483,-0.0025489554,0.26081526,-0.017501632,-0.034126984,-0.034251497,-0.021193772,0,-0,0,-0,0,-0,0,-0,0,-0,0.0045465921
2020-03-04,1,1,2.1885052,-0.0015447343,0.24885523,0.030716438,0.061692372,0.061917415,0.02961537,1.2055202,0.036582617,2,0.061192372,2,0.061192372,1,0.030216438,2,0.058830741,0.022713117
2020-03-05,0,0,-2.6404213,-0.0035403003,0.26619387,0.0028250868,0.0046511628,0.0056166252,0.0025653816,0,0,0,0,0,0,0,0,0,0,0.0088509947
2020-03-06,0,0,0.10929808,9.8965378e-05,0.24450983,-0.0069736145,-0.016600791,-0.014135736,-0.0059261401,0,-0,0,-0,0,-0,0,-0,0,-0,-0.020041854
2020-03-09,0,0,-5.09367,-0.00039667924,0.25334062,-0.010983419,-0.029113924,-0.022707347,-0.012312775,0,-0,0,-0,0,-0,0,-0,0,-0,-0.042217659
2020-03-10,1,0,7.3891569,0.0037314288,0.28993443,0.0074732638,0.013134851,0.014971606,0.010422234,0,0,0,0,0,0,0,0,2,0.020444468,0.0057885259
2020-03-11,0,0,-3.792352,-0.00078965639,0.28715498,-0.028313973,-0.051483421,-0.056727273,-0.028794921,0,-0,0,-0,0,-0,0,-0,0,-0,-0.030012363
2020-03-12,1,0,1.3571285,0.0046895966,0.29351388,-0.026299478,-0.062441315,-0.052990767,-0.024849368,0,-0,0,-0,0,-0,0,-0,2,-0.050098736,-0.033446139
2020-03-13,0,0,-5.3493592,-0.012388684,0.30963848,0.056303308,0.10679048,0.12296759,0.038582711,0,0,0,0,0,0,0,0,0,0,-0.025782103
2020-03-16,0,0,-3.4902221,-0.0075437342,0.30997292,-0.042926015,-0.085239085,-0.085270961,-0.049916398,0,-0,0,-0,0,-0,0,-0,0,-0,-0.036359393
2020-03-17,1,0,1.3559826,0.0066292251,0.31566767,0.014831574,0.043665437,0.030835163,0.017717772,0,0,0,0,0,0,0,0,2,0.035035543,-0.02232878
2020-03-18,0,0,-2.5403596,-0.0055524045,0.3189595,-0.055514287,-0.11248528,-0.1109846,-0.055985654,0,-0,0,-0,0,-0,0,-0,0,-0,-0.055139955
2020-03-19,1,1,7.3245897,-0.005058795,0.33703538,-0.093724364,-0.18095238,-0.18338684,-0.097136644,0.89011426,-0.08387045,2,-0.18145238,2,-0.18145238,1,-0.094224364,2,-0.19467329,-0.073196309
2020-03-20,1,0,4.0640054,0.00092596439,0.39744291,0.046684263,0.074561404,0.090821566,0.043106815,0,0,0,0,0,0,0,0,2,0.08581363,0.07688391
2020-03-23,0,0,-7.0134714,-0.0081644158,0.51375138,0.014151477,0.011691348,0.030680493,0.0053286853,0,0,0,0,0,0,0,0,0,0,-0.058786446
2020-03-24,1,1,5.473414,-0.00016150187,0.52684659,0.062574623,0.12216533,0.12177862,0.061112449,0.56942572,0.035346887,2,0.12166533,2,0.12166533,1,0.062074623,2,0.1218249,0.092822058
2020-03-25,0,0,0.47370745,-0.0050393451,0.64522875,0.026628979,0.042777433,0.051751554,0.019792442,0,0,0,0,0,0,0,0,0,0,0.057408448
2020-03-26,0,0,-1.0768738,0.0042086825,0.68962185,-0.019087658,-0.035077289,-0.038191927,-0.011081885,0,-0,0,-0,0,-0,0,-0,0,-0,-0.01951408
2020-03-27,1,1,2.609246,-0.0041441056,0.69004157,-0.017392126,-0.039049236,-0.033425678,-0.022249174,0.43475641,-0.0077787167,2,-0.039549236,2,-0.039549236,1,-0.017892126,2,-0.044898348,0.024237647
2020-03-30,0,0,-2.1035967,-0.0018474354,0.69060077,0.026318403,0.049689441,0.054400821,0.023783308,0,0,0,0,0,0,0,0,0,0,-0.0059160214
2020-03-31,0,0,-0.088101471,-0.0052436856,0.68842521,0.011250541,0.012188044,0.022360248,0.0068877551,0,0,0,0,0,0,0,0,0,0,0.017660151
2020-04-01,0,0,-0.60730459,0.0012421036,0.69336877,-0.038420952,-0.074548631,-0.077529884,-0.033642147,0,-0,0,-0,0,-0,0,-0,0,-0,-0.046878714
2020-04-02,1,1,2.8541287,-0.0024574749,0.69646797,0.025356026,0.043478261,0.050446715,0.019211325,0.43074486,0.010706606,2,0.042978261,2,0.042978261,1,0.024856026,2,0.038022649,0.030777672
2020-04-03,0,0,-0.69817808,0.0018044369,0.70290117,-0.0047807611,-0.00297442,-0.009541249,-0.0033551273,0,-0,0,-0,0,-0,0,-0,0,-0,-0.0026616338
2020-04-06,1,1,2.1804988,-0.0012185982,0.70155279,0.029688701,0.058960887,0.058792751,0.027346416,0.42762284,0.012481755,2,0.058460887,2,0.058460887,1,0.029188701,2,0.054292833,0.040031054
2020-04-07,0,0,-0.62105045,-0.0043026192,0.70690057,0.00050560765,-0.0021242698,0.00099646707,-0.0031752493,0,0,0,0,0,0,0,0,0,-0,0.015536064
2020-04-08,0,0,-0.51393904,-0.0010270613,0.70988989,-0.0095128146,-0.018299247,-0.019124542,-0.0074678922,0,-0,0,-0,0,-0,0,-0,0,-0,-0.014609271
2020-04-09,0,0,0.65687557,-0.0032256586,0.7042155,-0.00146641,-0.0084477297,-0.0028835323,-0.0021127047,0,-0,0,-0,0,-0,0,-0,0,-0,0.015898177
2020-04-10,0,0,-0.88665526,-0.0020212629,0.69459146,0.010438221,0.019251337,0.020917803,0.011666803,0,0,0,0,0,0,0,0,0,0,0.0084442405
2020-04-13,0,0,-0.69994084,0.0014185916,0.68684461,-0.014058791,-0.02490726,-0.028202546,-0.012936453,0,-0,0,-0,0,-0,0,-0,0,-0,-0.017020115
2020-04-14,1,1,1.8906427,-0.0028124205,0.67959172,0.0088609338,0.018676628,0.017575813,0.005077173,0.44144152,0.0036908633,2,0.018176628,2,0.018176628,1,0.0083609338,2,0.0097543461,0.017314815
2020-04-16,0,0,-1.5792909,0.0003222435,0.6721653,0.010670591,0.0176,0.021571362,0.0086125964,0,0,0,0,0,0,0,0,0,0,0
2020-04-17,1,0,2.4150731,0.00065422623,0.64211348,0.009855512,0.023197176,0.019323249,0.0099002059,0,0,0,0,0,0,0,0,2,0.019400412,0.030536088
2020-04-20,0,0,-1.7202511,0.0031400939,0.56418137,-0.010702282,-0.018316832,-0.021435847,-0.0067362616,0,-0,0,-0,0,-0,0,-0,0,-0,-0.012143961
2020-04-21,0,0,-0.11614175,0.0016938649,0.5244047,-0.0061545373,-0.0087045571,-0.012370203,-0.0034364261,0,-0,0,-0,0,-0,0,-0,0,-0,-0.011041574
2020-04-22,0,0,-0.22262786,-0.0016601993,0.47374065,0.022546054,0.048404255,0.045722782,0.023236919,0,0,0,0,0,0,0,0,0,0,0.0086335488
2020-04-23,0,0,-0.23797615,-0.001226639,0.36631264,0.0034289277,0.008040201,0.0068147624,0.0012627259,0,0,0,0,0,0,0,0,0,0,0.0098144663
2020-04-24,0,0,-0.57006002,7.6884247e-05,0.31528845,-0.0090620954,-0.018191006,-0.018231622,-0.0086742979,0,-0,0,-0,0,-0,0,-0,0,-0,-0.014867084
2020-04-27,0,0,-0.15028654,-0.0003094927,0.31400365,0.016431714,0.032142857,0.032751678,0.014571224,0,0,0,0,0,0,0,0,0,0,0.019911704
2020-04-28,0,0,-0.11107133,0.00090402872,0.3132889,0.0023326438,0.0058968059,0.004648715,0.0018756594,0,0,0,0,0,0,0,0,0,0,0.0059187279
2020-04-29,0,0,0.33310773,0.00069310717,0.31096697,0.005438358,0.012195122,0.010863851,0.0061189493,0,0,0,0,0,0,0,0,0,0,0.006630368
2020-05-04,0,0,-2.1880295,0.0029431416,0.30684971,-0.011252446,-0.011633789,-0.022955133,-0.0072888607,0,-0,0,-0,0,-0,0,-0,0,-0,-0.030272628
2020-05-06,0,0,0.94818141,0.0048629317,0.27864493,0,0.0074812968,0,0.0048865069,0,0,0,0,0,0,0,0,0,0,0.018622644
2020-05-07,0,0,-0.20765301,0.00062950537,0.27355383,0.001285461,0.007996002,0.0025806452,0.0022845439,0,0,0,0,0,0,0,0,0,0,-0.0024729521
2020-05-08,0,0,0.55045498,-0.0024342302,0.2740111,0.0020231341,0.0044052863,0.0040201005,-0.0001558482,0,0,0,0,0,0,0,0,0,-0,0.0085882509
2020-05-11,0,0,-0.22246536,-0.0016283478,0.24260955,-0.0095012917,-0.020843432,-0.018956104,-0.010556138,0,-0,0,-0,0,-0,0,-0,0,-0,-0.0070666725
2020-05-12,0,0,0.18476423,-0.00080468776,0.23944016,-0.0082126457,-0.013861386,-0.016406457,-0.0076763404,0,-0,0,-0,0,-0,0,-0,0,-0,-0.007072761
2020-05-13,0,0,-0.68567871,0.0001919688,0.23561842,0.023333333,0.047888774,0.047223995,0.023277207,0,0,0,0,0,0,0,0,0,0,0.011397026
2020-05-14,0,0,-0.44909836,0.0011791908,0.23235505,-0.0012883735,-0.0055,-0.0026008969,0.0015399195,0,-0,0,-0,0,-0,0,-0,0,0,-0.010476274
2020-05-15,0,0,0.30408805,0.00028221172,0.23352588,-0.0058244716,-0.0084116774,-0.011555633,-0.0060703376,0,-0,0,-0,0,-0,0,-0,0,-0,0.0022686833
2020-05-18,0,0,0.19791944,0.0027188309,0.2216085,0.0012804663,0.0049431537,0.0025477707,0.0034963661,0,0,0,0,0,0,0,0,0,0,0.0064799609
2020-05-19,1,0,1.2958245,0.00011866723,0.21568073,0.0034506556,0.009929078,0.0067536195,0.0025658701,0,0,0,0,0,0,0,0,2,0.0047317402,0.025885258
2020-05-20,0,0,-0.14025183,0.0019472703,0.23034936,0.0063444109,0.014177694,0.01274051,0.0085995086,0,0,0,0,0,0,0,0,0,0,0.0022781981
2020-05-21,0,0,0.090051274,-0.00089841829,0.20328699,-0.0017475066,-0.0050621261,-0.003473546,-0.0029487373,0,-0,0,-0,0,-0,0,-0,0,-0,0.004460265
2020-05-22,0,0,0.37681479,-1.8981937e-05,0.19761237,-0.016907903,-0.03282478,-0.033815806,-0.015919945,0,-0,0,-0,0,-0,0,-0,0,-0,-0.016907903
2020-05-25,0,0,0.50706367,-0.00078408095,0.20248274,0.0070848453,0.014664144,0.014094796,0.0069361947,0,0,0,0,0,0,0,0,0,0,0.012464712
2020-05-26,0,0,0.32762325,-0.0015171891,0.20372961,0.016488929,0.032048305,0.032925682,0.014536208,0,0,0,0,0,0,0,0,0,0,0.018102265
2020-05-27,0,0,-0.81134067,-0.0020349941,0.2100375,0.0052491216,0.011818182,0.010547805,0.0034869334,0,0,0,0,0,0,0,0,0,0,0.00054773742
2020-05-28,0,0,0.48475865,-0.0021498742,0.20115019,-0.004180602,-0.0097388225,-0.0083011663,-0.0069585816,0,-0,0,-0,0,-0,0,-0,0,-0,0.0030740725
2020-05-29,0,0,-0.65680456,0.00035932687,0.19341779,0.0046482147,0.0094979647,0.0093577201,0.0063761158,0,0,0,0,0,0,0,0,0,0,-0.0018891688
2020-06-01,0,0,0.22370003,-0.0025730632,0.19317173,0.017371601,0.032991529,0.034660304,0.014482528,0,0,0,0,0,0,0,0,0,0,0.019810726
2020-06-02,0,0,-0.40200847,0.0019786024,0.20067984,0.010434711,0.021579629,0.020869422,0.012580231,0,0,0,0,0,0,0,0,0,0,0.010434711
2020-06-03,0,0,0.96464727,-0.0024065811,0.16212466,0.027801384,0.052282158,0.0551298,0.024253063,0,0,0,0,0,0,0,0,0,0,0.036695375
2020-06-04,1,1,1.585248,-0.0047614022,0.19091111,-0.011392356,-0.021538462,-0.02250384,-0.016210461,1.5714119,-0.017689962,2,-0.022038462,0,-0,1,-0.011892356,2,-0.032820922,0.001102449
2020-06-05,0,0,0.080070285,-0.001714649,0.18922821,0.019317196,0.040316206,0.038725994,0.015089067,0,0,0,0,0,0,0,0,0,0,0.016911823
2020-06-08,0,0,0.80071152,-0.0010039407,0.19149716,-0.014353884,-0.035635562,-0.028340996,-0.015706984,0,-0,0,-0,0,-0,0,-0,0,-0,-0.0014310025
2020-06-09,0,0,0.75869319,-0.003617599,0.1868284,-0.0067286989,-0.016504126,-0.013360308,-0.0089808137,0,-0,0,-0,0,-0,0,-0,0,-0,0.00054223634
2020-06-10,0,0,0.21250135,-0.0007001409,0.18157783,0.0034464064,0.0076277651,0.006895216,0.0029893825,0,0,0,0,0,0,0,0,0,0,0.0030968142
2020-06-11,0,0,-0.56592142,-0.0014988287,0.18213513,-0.0085200747,-0.020408163,-0.017179839,-0.0046899786,0,-0,0,-0,0,-0,0,-0,0,-0,-0.016516806
2020-06-12,0,0,-2.2282135,-0.00071650596,0.18528259,0.015995116,0.023849372,0.033227647,0.017366502,0,0,0,0,0,0,0,0,0,0,-0.020482637
2020-06-15,0,0,-1.9257991,-0.00080709817,0.21352652,-0.039577088,-0.08096828,-0.08005244,-0.038261369,0,-0,0,-0,0,-0,0,-0,0,-0,-0.050234347
2020-06-16,1,1,3.0527115,-0.0049301648,0.28773766,0.03470252,0.059354839,0.06770144,0.024285041,1.0426164,0.035253113,2,0.058854839,2,0.058854839,1,0.03420252,2,0.048170082,0.061411278
2020-06-17,0,0,-1.0464017,0.0047276978,0.3340462,-0.00047793532,0.0040816327,-0.00095804559,0.003332388,0,0,0,0,0,0,0,0,0,0,-0.0027419034
2020-06-18,0,0,-0.37097445,0.00086277213,0.33416326,0.0016412473,0.0036930652,0.0032976755,0.0006033932,0,0,0,0,0,0,0,0,0,0,-0.0029486771
2020-06-19,1,0,1.0392825,0.0012058427,0.33532689,-0.0059771207,-0.015625,-0.01184128,-0.0041818949,0,-0,0,-0,0,-0,0,-0,2,-0.0087637897,0.0035968348
2020-06-22,0,0,-0.72510326,-0.0013561336,0.32759519,0.0020495097,0.0082815735,0.0041369241,0.0014590228,0,0,0,0,0,0,0,0,0,0,-0.0070484231
2020-06-23,1,1,1.0075783,-0.0039559251,0.32875111,-0.0056881464,-0.010935601,-0.011284277,-0.0094856661,0.91254444,-0.0056469586,2,-0.011435601,2,-0.011435601,1,-0.0061881464,2,-0.019371332,0.0024864648
2020-06-24,0,0,0.51567722,-0.0012701688,0.32477725,0.011384444,0.02184466,0.022656157,0.010538931,0,0,0,0,0,0,0,0,0,0,0.016441973
2020-06-25,0,0,-0.60900042,0.00019371169,0.32846382,-0.010467439,-0.020884521,-0.021255882,-0.0093845173,0,-0,0,-0,0,-0,0,-0,0,-0,-0.025188917
2020-06-26,0,0,0.98099295,-0.0041547437,0.34316593,0.0043987683,0.0040883074,0.0087142518,7.0581592e-05,0,0,0,0,0,0,0,0,0,0,0.014090762
2020-06-29,0,0,-0.57350504,0.0019565746,0.34513286,-0.0038297186,-0.0083402836,-0.007756685,-0.0047250859,0,-0,0,-0,0,-0,0,-0,0,-0,-0.016164351
2020-06-30,1,0,1.1781598,0.00098045171,0.34850049,-0.0057044838,-0.013866232,-0.011248771,-0.0087064236,0,-0,0,-0,0,-0,0,-0,2,-0.017812847,0.0086601109
2020-07-01,0,0,0.52331844,0.0044066884,0.34752954,-0.010514621,-0.017073171,-0.020799812,-0.010031791,0,-0,0,-0,0,-0,0,-0,0,-0,0.00052156469
2020-07-02,0,0,0.17886057,0.00025056978,0.32254488,0.0098772344,0.016420361,0.019700112,0.0091006043,0,0,0,0,0,0,0,0,0,0,0.012671425
2020-07-03,0,0,0.46864209,-0.002242439,0.32608234,0.0044179717,0.010412495,0.0088022634,0.0010504569,0,0,0,0,0,0,0,0,0,0,0.0082759167
2020-07-06,0,0,0.3552465,-0.00029386347,0.32266239,0.013324973,0.027208202,0.026594705,0.013178078,0,0,0,0,0,0,0,0,0,0,0.015434159
2020-07-07,0,0,0.10422985,-0.0019402319,0.32837939,-0.017462882,-0.04147813,-0.034736037,-0.020393523,0,-0,0,-0,0,-0,0,-0,0,-0,-0.012066832
2020-07-08,0,0,0.62319254,-0.00045138259,0.33171135,-0.0030144065,-0.0074568289,-0.006028813,-0.0042827298,0,-0,0,-0,0,-0,0,-0,0,-0,-0.0030144065
2020-07-09,0,0,0.3505975,-0.0013653608,0.33165404,-0.00035163118,0.00039184953,-0.00069976286,-0.0019110493,0,0,0,0,0,0,0,0,0,-0,0.0046727137
2020-07-10,0,0,0.4628035,-0.00024770211,0.32979232,-0.01146959,-0.022300469,-0.022897196,-0.0097613506,0,-0,0,-0,0,-0,0,-0,0,-0,-0.0096537169
2020-07-13,0,0,0.63921389,-0.0015868985,0.31926086,0.00875,0.01844584,0.017323383,0.006668519,0,0,0,0,0,0,0,0,0,0,0.019140455
2020-07-14,0,0,-0.18268588,-0.0020345354,0.26360028,0.0056556674,0.011323702,0.011393997,0.0041952708,0,0,0,0,0,0,0,0,0,0,-0.0015876704
2020-07-15,0,0,0.67027101,-0.0010244522,0.18393789,-0.00084417329,-0.0011363636,-0.0016705266,-0.0022871578,0,-0,0,-0,0,-0,0,-0,0,-0,0.009929023
2020-07-16,0,0,-0.41066709,-1.4504482e-05,0.18602501,-0.010945121,-0.019362187,-0.021890242,-0.010569884,0,-0,0,-0,0,-0,0,-0,0,-0,-0.010945121
2020-07-17,0,0,0.37240152,-0.00073148742,0.18993402,0.0060869228,0.013926499,0.012155466,0.0057606071,0,0,0,0,0,0,0,0,0,0,0.0076104683
2020-07-20,0,0,0.30012187,-0.0015557112,0.19095813,-0.0052639668,-0.011372252,-0.01049728,-0.006660746,0,-0,0,-0,0,-0,0,-0,0,-0,-0.0023506744
2020-07-21,0,0,0.84522713,-0.0019371278,0.18906416,0.0054354067,0.0097854723,0.010773491,0.0038431453,0,0,0,0,0,0,0,0,0,0,0.014600796
2020-07-22,0,0,-0.29401717,0.00083084743,0.19483044,-0.0033894432,-0.0063432836,-0.0067812107,-0.0022734213,0,-0,0,-0,0,-0,0,-0,0,-0,-0.0037309171
2020-07-23,0,0,-0.46135547,0.0016650507,0.18810461,-0.0062270782,-0.012392039,-0.012450827,-0.0042572032,0,-0,0,-0,0,-0,0,-0,0,-0,-0.0059612519
2020-07-24,0,0,-0.48125034,6.9467897e-05,0.16457182,0.0028297864,0.0077459334,0.0057073609,0.0028291471,0,0,0,0,0,0,0,0,0,0,-0.0054972514
2020-07-27,0,0,0.38262388,-0.0027881546,0.16179342,0.011266406,0.023148148,0.022568637,0.0085214583,0,0,0,0,0,0,0,0,0,0,0.0096637031
2020-07-28,0,0,0.8003855,-0.00314716,0.14558973,0.013685091,0.022222222,0.027178016,0.012140424,0,0,0,0,0,0,0,0,0,0,0.020903522
2020-07-29,0,0,0.40998357,-0.0030809204,0.16112672,0.0050626266,0.0068592058,0.010125253,0.0022623682,0,0,0,0,0,0,0,0,0,0,0.0050626266
2020-07-30,0,0,0.11389285,-0.0022029211,0.16076139,-0.0026754859,-0.0074520937,-0.0053291884,-0.0042226108,0,-0,0,-0,0,-0,0,-0,0,-0,0.0014178575
2020-07-31,0,0,0.81014432,-0.0024486536,0.15711717,-0.01213268,-0.02234835,-0.02416405,-0.014389674,0,-0,0,-0,0,-0,0,-0,0,-0,-0.0079734714
2020-08-03,0,0,-0.29964961,-0.00068465445,0.16145043,-0.00015021217,-0.0014513788,-0.00030037923,-0.00036719298,0,-0,0,-0,0,-0,0,-0,0,-0,0
2020-08-04,0,0,0.78070341,-0.0042024315,0.15253865,0.0060857228,0.011853448,0.012099618,0.001785124,0,0,0,0,0,0,0,0,0,0,0.012093897
2020-08-05,0,0,0.12123913,-0.00014912218,0.14622997,0.0080301965,0.017661604,0.016015351,0.0088833322,0,0,0,0,0,0,0,0,0,0,0.010873196
2020-08-06,0,0,0.11756081,-0.0017241274,0.14804829,0.012441452,0.022352132,0.024803035,0.011173184,0,0,0,0,0,0,0,0,0,0,0.015712188
2020-08-07,0,0,-0.10121707,0.00057509681,0.1537953,0.001188975,0.0026737968,0.0023705194,0.0018590339,0,0,0,0,0,0,0,0,0,0,0.0043371404
2020-08-10,0,0,-0.026298686,-0.0024127161,0.14747082,0.01676461,0.032474054,0.033590985,0.012853717,0,0,0,0,0,0,0,0,0,0,0.014898517
2020-08-11,0,0,0.11932599,0.0011027858,0.14428191,0.010187838,0.024911032,0.020327499,0.010672795,0,0,0,0,0,0,0,0,0,0,0.01258776
2020-08-12,0,0,0.027599537,-0.00081150243,0.14622044,0.0091378765,0.018789809,0.018342799,0.0073990821,0,0,0,0,0,0,0,0,0,0,0.0054627587
2020-08-13,0,0,0.43592107,0.00062862472,0.1454876,-0.010515791,-0.014180025,-0.020822666,-0.0077031672,0,-0,0,-0,0,-0,0,-0,0,-0,-0.00048758402
2020-08-14,0,0,-0.59819742,0.0018612079,0.13440704,-0.0092460137,-0.018512708,-0.018516578,-0.0073074412,0,-0,0,-0,0,-0,0,-0,0,-0,-0.010557859
2020-08-18,0,0,-0.057971548,0.0025290817,0.14876694,-0.024175439,-0.05,-0.04817508,-0.021059549,0,-0,0,-0,0,-0,0,-0,0,-0,-0.020601493
2020-08-19,0,0,0.97256053,-0.0036090952,0.17114771,-0.0034282041,-0.0094988536,-0.006809718,-0.0076591974,0,-0,0,-0,0,-0,0,-0,0,-0,0.0034518716
2020-08-20,0,0,-1.008678,0.0020930947,0.16593939,-0.030464007,-0.062143097,-0.061449867,-0.028539217,0,-0,0,-0,0,-0,0,-0,0,-0,-0.038628301
2020-08-21,1,1,1.5249017,-0.0033264362,0.22052468,0.0034262978,0.0077192982,0.0067742288,-3.2661593e-05,1.3603919,0.0044734606,2,0.0072192982,2,0.0072192982,1,0.0029262978,2,-0.00046532319,0.015170152
2020-08-24,0,0,0.041062923,0.00015342912,0.22407327,0.0086440554,0.01980542,0.017246419,0.0080492733,0,0,0,0,0,0,0,0,0,0,0.011088266
2020-08-25,0,0,0.63432081,-0.0021089809,0.22354036,0.0058766269,0.0090391697,0.01166953,0.0036485838,0,0,0,0,0,0,0,0,0,0,0.013145472
2020-08-26,0,0,-0.22378744,-0.00092436076,0.22552639,0.0010044483,0.002328676,0.0020106276,0.0018494308,0,0,0,0,0,0,0,0,0,0,0.00014336918
2020-08-27,0,0,-0.42271065,-0.0003706999,0.21388954,-0.011192962,-0.02310231,-0.022337996,-0.0097945685,0,-0,0,-0,0,-0,0,-0,0,-0,-0.0090668005
2020-08-28,0,0,0.75656874,-0.0025099407,0.21752765,-0.0017952677,-0.0046651116,-0.0035649353,-0.005161537,0,-0,0,-0,0,-0,0,-0,0,-0,0.0054247586
2020-08-31,0,0,0.7949559,-0.0022605324,0.21755641,-0.023354641,-0.045154911,-0.046374756,-0.026374184,0,-0,0,-0,0,-0,0,-0,0,-0,-0.016258408
2020-09-01,0,0,0.73018461,-0.0034879352,0.22421367,0.0059482538,0.014152572,0.011873111,0.0023618481,0,0,0,0,0,0,0,0,0,0,0.0079344766
2020-09-02,0,0,0.27558702,0.00060281314,0.22566316,-0.0015855856,-0.0040309036,-0.0031502828,-0.00060958003,0,-0,0,-0,0,-0,0,-0,0,-0,0.0050787202
2020-09-03,0,0,0.41883182,-0.0012780519,0.22294588,0.0056493135,0.012251656,0.011193765,0.0054014552,0,0,0,0,0,0,0,0,0,0,0.015159171
2020-09-04,0,0,-1.5005451,-0.00073660975,0.22581142,0.011858284,0.024482759,0.024355516,0.012262774,0,0,0,0,0,0,0,0,0,0,-0.014008391
2020-09-07,0,0,0.29692334,-0.00092224213,0.22625988,0.0046516659,0.0060443251,0.0093033319,0.0050948475,0,0,0,0,0,0,0,0,0,0,0.0046516659
2020-09-08,0,0,0.86592421,-0.00072348816,0.22657917,0.0042356291,0.0085329833,0.0084012849,0.0033827574,0,0,0,0,0,0,0,0,0,0,0.012670041
2020-09-09,0,0,-0.22507715,0.00035440624,0.22540813,-0.00028695434,0.00066622252,-0.00058088876,0.00073355872,0,0,0,0,0,0,0,0,0,0,-0.012157085
2020-09-10,0,0,0.51991732,-0.0043086135,0.22328597,0,-0.00032679739,0,-0.0043721691,0,0,0,0,0,0,0,0,0,-0,0.0094363317
2020-09-11,0,0,0.37665915,-0.0019211724,0.22498917,0.0041787207,0.0062685582,0.0083979328,0.0025662147,0,0,0,0,0,0,0,0,0,0,-0.00063979527
2020-09-14,1,1,1.0883445,-0.0018424273,0.2247481,0.0046185305,0.010305958,0.0091569971,0.0035956602,1.3348277,0.0060228391,2,0.0098059581,2,0.0098059581,1,0.0041185305,2,0.0067913204,0.013479869
2020-09-15,0,0,-0.35575513,-0.00021387209,0.22655062,0.0045825025,0.0085470085,0.0091356044,0.0047852837,0,0,0,0,0,0,0,0,0,0,0.0078259344
2020-09-16,0,0,-0.39562802,-0.00032411246,0.21436995,-0.0019516275,-0.0031496063,-0.0039065225,-0.0025685461,0,-0,0,-0,0,-0,0,-0,0,-0,-0.0027857093
2020-09-17,0,0,-0.23968083,0.00098338547,0.21508489,-0.012633421,-0.026632847,-0.025322671,-0.010270775,0,-0,0,-0,0,-0,0,-0,0,-0,-0.014805503
2020-09-18,0,0,0.707847,-0.00047792617,0.16732394,-0.00091759308,-0.00096899225,-0.0018273826,-0.002537594,0,-0,0,-0,0,-0,0,-0,0,-0,0.0033671227
2020-09-21,0,0,0.30939654,0.00068933115,0.1607566,-0.0073214728,-0.013636364,-0.014661614,-0.0070411467,0,-0,0,-0,0,-0,0,-0,0,-0,-0.0085838426
2020-09-22,0,0,0.28816622,-0.00060712344,0.16121105,-0.021594032,-0.043607532,-0.04326373,-0.021265807,0,-0,0,-0,0,-0,0,-0,0,-0,-0.023302216
2020-09-23,0,0,0.42038043,-0.0032920191,0.17408131,-0.0024651078,-0.0058020478,-0.0048994884,-0.0059711075,0,-0,0,-0,0,-0,0,-0,0,-0,0.0038304392
2020-09-24,0,0,-0.8014727,0.0029078873,0.17424938,-0.010491827,-0.019034191,-0.021259931,-0.0077743152,0,-0,0,-0,0,-0,0,-0,0,-0,-0.023185667
2020-09-25,0,0,0.84812612,-0.0025717821,0.18975717,-0.0024383936,-0.003548616,-0.004843148,-0.0059270417,0,-0,0,-0,0,-0,0,-0,0,-0,0.0045388593
2020-09-28,0,0,0.28129049,0.00097850973,0.1900242,0.0048785856,0.010136316,0.0096646441,0.0017618846,0,0,0,0,0,0,0,0,0,0,0.014592052
2020-09-29,0,0,0.28399518,0.0042782926,0.18646306,-0.00061442822,-0.0061079063,-0.0012168498,-0.0018386504,0,-0,0,-0,0,-0,0,-0,0,-0,0.0093447709
2020-10-05,0,0,0.014836811,0.0035596956,0.18596763,0.011396527,0.023493361,0.022802128,0.012465687,0,0,0,0,0,0,0,0,0,0,0.010994177
2020-10-06,0,0,-0.3075587,-0.0011911898,0.19090126,-0.0017458847,-0.005275305,-0.003478014,-0.0021578396,0,-0,0,-0,0,-0,0,-0,0,-0,0.0022178501
2020-10-07,0,0,-0.24310385,-0.00016782556,0.18238458,0.015980751,0.034274194,0.032158988,0.016040213,0,0,0,0,0,0,0,0,0,0,0.0097797766
2020-10-08,0,0,0.18170662,-0.0026413553,0.17783947,-0.0065646282,-0.013755598,-0.013039992,-0.0088664107,0,-0,0,-0,0,-0,0,-0,0,-0,0.00028277544
2020-10-12,0,0,-0.30350825,0.0015389768,0.17709823,-0.0023875566,-0.0016072003,-0.0047447929,0.00050158312,0,-0,0,-0,0,-0,0,-0,0,0,0.0040284109
2020-10-13,0,0,-0.15487349,-0.0011617479,0.17310733,-0.005247691,-0.010502864,-0.010432968,-0.0045477199,0,-0,0,-0,0,-0,0,-0,0,-0,0.0007390983
2020-10-14,0,0,0.18449295,-0.00031108004,0.16749308,-0.010924931,-0.02088018,-0.021824561,-0.0094806008,0,-0,0,-0,0,-0,0,-0,0,-0,-0.0097770275
2020-10-15,0,0,-0.10181693,-0.00011377323,0.16868145,-0.0057279066,-0.010869565,-0.01147541,-0.0058272105,0,-0,0,-0,0,-0,0,-0,0,-0,-0.0074229294
2020-10-16,0,0,0.14161681,0.00079913854,0.17132206,-0.0082104737,-0.014940239,-0.01638235,-0.0082058459,0,-0,0,-0,0,-0,0,-0,0,-0,-0.0058682506
2020-10-19,0,0,0.47338338,-0.00098162902,0.16351533,-0.0010761946,-0.005005005,-0.0021452322,-0.0026800242,0,-0,0,-0,0,-0,0,-0,0,-0,0.0022675737
2020-10-20,0,0,0.052952651,0.0011974201,0.16089227,0.011434961,0.024398509,0.022972679,0.011864189,0,0,0,0,0,0,0,0,0,0,0.0069309775
2020-10-21,0,0,-0.082161565,-3.4682468e-05,0.16348385,0.0014239943,0.004620462,0.0028428272,0.0013318957,0,0,0,0,0,0,0,0,0,0,0.0032454795
2020-10-22,0,0,-0.77324405,0.0012035061,0.15755578,-0.0012154578,-0.0039840637,-0.0024446362,0.00047828582,0,-0,0,-0,0,-0,0,-0,0,0,-0.006789904
2020-10-23,0,0,0.10761112,-0.0002321116,0.15884557,-0.00053468311,-0.00099206349,-0.0010650005,-0.0006032129,0,-0,0,-0,0,-0,0,-0,0,-0,0.0035792262
2020-10-26,0,0,0.053033353,0.00032687219,0.15707853,-0.0050131551,-0.010217535,-0.0099953922,-0.0066533599,0,-0,0,-0,0,-0,0,-0,0,-0,-0.0019258889
2020-10-27,0,0,-0.0052999801,0.0013507435,0.13446408,-0.0015474305,-0.0026954178,-0.0031169584,0.00096308186,0,-0,0,-0,0,-0,0,-0,0,0,-0.0085760229
2020-10-28,0,0,-0.37722384,-0.00098100869,0.13608146,0.0091159022,0.019440655,0.01829866,0.0080795725,0,0,0,0,0,0,0,0,0,0,0.0054424221
2020-10-29,0,0,-0.033160286,0.00085777223,0.10440725,0.0021781747,0.0055001719,0.0044124136,0.0030745332,0,0,0,0,0,0,0,0,0,0,-0.010395756
2020-10-30,0,0,-0.99052071,-0.00066371288,0.11251805,-0.023384369,-0.044137931,-0.046954871,-0.02366385,0,-0,0,-0,0,-0,0,-0,0,-0,-0.027240455
2020-11-02,0,0,0.84521123,-0.0015023053,0.14369222,0.012891002,0.025567159,0.025720851,0.010836885,0,0,0,0,0,0,0,0,0,0,0.015304982
2020-11-03,0,0,0.17920199,-0.002541918,0.15069624,0.015889831,0.033472803,0.031651326,0.012753943,0,0,0,0,0,0,0,0,0,0,0.020025674
2020-11-04,0,0,-0.0552855,-9.0972517e-05,0.16058008,-0.0005000893,-0.0056347365,-0.00099364775,-0.0015271547,0,-0,0,-0,0,-0,0,-0,0,-0,0.0061126892
2020-11-05,0,0,-0.35726684,0.00065924717,0.16154464,0.015698253,0.031260283,0.03120257,0.01827453,0,0,0,0,0,0,0,0,0,0,0.022050677
2020-11-06,0,0,-0.50364949,-0.0017565502,0.18104488,-0.001358459,-0.0022151899,-0.0027064539,-0.0019211701,0,-0,0,-0,0,-0,0,-0,0,-0,0.0025176586
2020-11-09,1,1,1.0223742,-0.0014133272,0.18108299,0.0030058043,0.0065379826,0.0059552331,0.0017832437,1.656699,0.0048253822,2,0.0060379826,2,0.0060379826,1,0.0025058043,2,0.0031664873,0.012591559
2020-11-10,0,0,-0.42118914,0.0032089106,0.1845018,-0.0049024649,-0.0085995086,-0.0097587607,-0.00061287654,0,-0,0,-0,0,-0,0,-0,0,-0,-0.00017222969
2020-11-11,0,0,0.2854023,0.00079984115,0.18450045,0.012322795,0.027435265,0.024555404,0.012475538,0,0,0,0,0,0,0,0,0,0,0.016054572
2020-11-12,0,0,-0.60679615,0.0018026375,0.18669783,-0.0042745191,-0.0060204696,-0.0085533908,-0.0025713162,0,-0,0,-0,0,-0,0,-0,0,-0,-0.0047809575
2020-11-13,0,0,0.1321636,-0.0018764425,0.18411407,0.014329685,0.029339853,0.028768581,0.011972409,0,0,0,0,0,0,0,0,0,0,0.01049368
2020-11-16,0,0,0.057302652,9.1916704e-05,0.18260551,0.014603919,0.032314924,0.029017337,0.016199284,0,0,0,0,0,0,0,0,0,0,0.021308878
2020-11-17,0,0,-0.51750586,0.00086052573,0.19514761,-0.0027990911,-0.0031241125,-0.0055842065,-0.0029045887,0,-0,0,-0,0,-0,0,-0,0,-0,-0.00029711796
2020-11-18,0,0,0.52297325,-0.0026050889,0.19631764,-0.0014853446,-0.0034178297,-0.0029693171,-0.0032544639,0,-0,0,-0,0,-0,0,-0,0,-0,-0.0010237105
2020-11-19,0,0,-0.049703379,-0.00026278389,0.1967278,0.0053435115,0.0097898071,0.010730114,0.0047258979,0,0,0,0,0,0,0,0,0,0,0.0013222703
2020-11-20,0,0,-0.48347953,-4.7850116e-05,0.19354249,0.0031095967,0.0077452668,0.0062319753,0.0033580771,0,0,0,0,0,0,0,0,0,0,0.0010564194
2020-11-23,0,0,0.49824951,0.00088012584,0.1937723,0.019389398,0.038777243,0.038644179,0.020350795,0,0,0,0,0,0,0,0,0,0,0.022952874
2020-11-24,0,0,0.25511884,-0.0018533345,0.20247267,0.001927587,0.0056741421,0.0038418441,-5.7093919e-05,0,0,0,0,0,0,0,0,0,-0,0.0054160353
2020-11-25,0,0,0.094502188,-0.0013230498,0.19835817,-0.012202115,-0.023101434,-0.024248947,-0.013454185,0,-0,0,-0,0,-0,0,-0,0,-0,-0.0058357649
2020-11-26,0,0,0.085904026,-0.0015716776,0.202538,0.01035818,0.020402612,0.020726392,0.0099237079,0,0,0,0,0,0,0,0,0,0,0.0098693759
2020-11-27,0,0,-0.19143605,-0.00026293532,0.19455923,0.0022995114,0.0069444444,0.0045990227,0.0025580536,0,0,0,0,0,0,0,0,0,0,0.0022995114
2020-11-30,0,0,0.42811842,-0.0029328818,0.15109346,-0.018264405,-0.033482731,-0.0364143,-0.024386806,0,-0,0,-0,0,-0,0,-0,0,-0,-0.015167447
2020-12-01,1,1,1.1765179,-4.0172639e-05,0.17630363,0.0095179909,0.017278618,0.018919178,0.0086727538,1.7016099,0.014462923,2,0.016778618,2,0.016778618,1,0.0090179909,2,0.016945508,0.015789303
2020-12-02,0,0,0.030384599,0.00019720881,0.17468142,0.012552301,0.026343519,0.024983439,0.012220247,0,0,0,0,0,0,0,0,0,0,0.017486861
2020-12-03,0,0,0.35084057,-0.0013222543,0.17944576,0.0036502043,0.0094653364,0.0072756669,0.0036075036,0,0,0,0,0,0,0,0,0,0,0.007074881
2020-12-04,0,0,0.42547689,-0.0018709725,0.16703774,0.014026939,0.028664823,0.027945713,0.011974235,0,0,0,0,0,0,0,0,0,0,0.01796705
2020-12-07,0,0,-0.19023202,0.0057847608,0.1703266,-0.0029978198,-0.0048192771,-0.0059459459,0.0034455628,0,-0,0,-0,0,-0,0,-0,0,0,0.0054049102
2020-12-08,0,0,-0.061304858,-0.0010618442,0.16934741,-0.015139079,-0.027250608,-0.030305796,-0.016985368,0,-0,0,-0,0,-0,0,-0,0,-0,-0.016036446
2020-12-09,0,0,-0.12871386,0.0060889546,0.18850508,0.016903396,0.033713436,0.033600634,0.021167221,0,0,0,0,0,0,0,0,0,0,0.023181159
2020-12-10,0,0,0.017045221,-0.0076303841,0.19460225,0.003386831,0.0090641842,0.0068518519,-0.0036953121,0,0,0,0,0,0,0,0,0,-0,-0.0079341137
2020-12-11,0,0,0.28101347,0.0029592671,0.19564286,0.0022358522,0.0033540968,0.0044432436,0.0048319611,0,0,0,0,0,0,0,0,0,0,0.0086969743
2020-12-14,0,0,-0.079743792,0.00096181645,0.19515077,-0.0045791408,-0.013282732,-0.0091519403,-0.0015585532,0,-0,0,-0,0,-0,0,-0,0,-0,-0.0038889391
2020-12-15,0,0,0.14075435,-0.0020649341,0.18577814,-0.00051423213,-0.0012010569,-0.0010279357,-0.0023402824,0,-0,0,-0,0,-0,0,-0,0,-0,0
2020-12-16,0,0,-0.36381813,0.0050489441,0.18556494,-0.0035138301,-0.004986939,-0.0069742489,0.0018017533,0,-0,0,-0,0,-0,0,-0,0,0,0.0041765026
2020-12-17,0,0,-0.30341483,0.0017941371,0.18492702,-0.0016564768,-0.0016710432,-0.0033106603,-0.00032247662,0,-0,0,-0,0,-0,0,-0,0,-0,-0.00096443641
2020-12-18,0,0,-0.33900329,0.002574453,0.1856491,-0.0038520569,-0.0061993324,-0.0076853798,-0.0012633729,0,-0,0,-0,0,-0,0,-0,0,-0,-0.0014178834
2020-12-21,0,0,0.04294495,0.0016472161,0.18645514,-0.00024131274,-0.0016754428,-0.00048188417,0.0018034508,0,-0,0,-0,0,-0,0,-0,0,0,0.0012990544
2020-12-22,0,0,-0.26166977,-0.0011842831,0.17313543,-0.012598425,-0.022463768,-0.025291829,-0.012530991,0,-0,0,-0,0,-0,0,-0,0,-0,-0.016292542
2020-12-23,0,0,0.17674758,0.0025894624,0.18529957,0.0090010374,0.018132811,0.017909179,0.011715983,0,0,0,0,0,0,0,0,0,0,0.014262054
2020-12-24,0,0,-0.020341015,0.0009007894,0.18672231,0.01808029,0.031354715,0.036094122,0.020206097,0,0,0,0,0,0,0,0,0,0,0.019958269
2020-12-28,0,0,0.44728389,-0.00099743613,0.19559831,-0.001355293,-0.0054744526,-0.0026937604,-0.004141438,0,-0,0,-0,0,-0,0,-0,0,-0,0.0049215808
2020-12-29,0,0,-0.34920891,0.010026774,0.19556614,0.0075996726,0.016987542,0.015059805,0.0024451806,0,0,0,0,0,0,0,0,0,0,0.01702316
2020-12-30,0,0,-0.016306341,0.010991484,0.17623639,0.025462491,0.055804572,0.051144011,0.021195666,0,0,0,0,0,0,0,0,0,0,0.02108958
2021-01-04,0,0,-0.36859817,0.014973448,0.17918396,0.024154452,0.051895785,0.048207769,0.026649551,0,0,0,0,0,0,0,0,0,0,0.026307566
2021-01-05,0,0,0.52019641,-0.0050761311,0.19082173,0.020481995,0.045157336,0.041182889,0.015608194,0,0,0,0,0,0,0,0,0,0,0.015086505
2021-01-06,0,0,-0.32162411,0.0018591768,0.19380879,-0.012644116,-0.027189746,-0.025215552,-0.010459479,0,-0,0,-0,0,-0,0,-0,0,-0,-0.0097900191
2021-01-07,0,0,0.19547162,0.0061677395,0.19706347,0.011845437,0.021984436,0.023428033,0.016856436,0,0,0,0,0,0,0,0,0,0,0.023326265
2021-01-08,0,0,-0.38851056,0.011237093,0.20625929,0.030707114,0.064043067,0.060628311,0.044071252,0,0,0,0,0,0,0,0,0,0,0.044243501
2021-01-11,0,0,0.051676663,0.005717648,0.23716603,-0.0079314478,-0.013853258,-0.015699142,-0.0012972272,0,-0,0,-0,0,-0,0,-0,0,-0,0.002525643
2021-01-12,0,0,0.098182167,-0.0052481577,0.23264127,-0.0026097517,-0.0066819061,-0.0052464807,-0.0068012999,0,-0,0,-0,0,-0,0,-0,0,-0,-0.0077120823
2021-01-13,0,0,-0.091120789,0.00062696196,0.23417403,0.0045031056,0.012037529,0.0089968976,0.0056077387,0,0,0,0,0,0,0,0,0,0,0.0055440415
2021-01-14,0,0,-0.18194246,-0.0053696204,0.23424023,0.0037283484,0.0095625996,0.0074937552,-0.0013474897,0,0,0,0,0,0,0,0,0,-0,-0.0012109033
2021-01-15,0,0,0.2038109,0.00399739,0.23393908,-0.027122732,-0.049747782,-0.053962987,-0.023096405,0,-0,0,-0,0,-0,0,-0,0,-0,-0.02200325
2021-01-18,0,0,0.015269737,-0.0090123472,0.25443145,-0.012662615,-0.026961243,-0.025599569,-0.021920419,0,-0,0,-0,0,-0,0,-0,0,-0,-0.023131297
2021-01-19,0,0,-0.17775418,0.0064468968,0.27590169,0.020786894,0.0426423,0.041353886,0.027156822,0,0,0,0,0,0,0,0,0,0,0.026244026
2021-01-20,0,0,0.58234773,0.0087780794,0.28486276,-0.011736422,-0.021216407,-0.023070864,-0.0027283204,0,-0,0,-0,0,-0,0,-0,0,-0,0.0057881028
2021-01-21,0,0,-0.35632011,0.0059851686,0.28344563,0.0052609755,0.014234875,0.010425494,0.011709657,0,0,0,0,0,0,0,0,0,0,0.014648565
2021-01-22,0,0,0.0097654276,0.0019329849,0.28413417,-0.010200935,-0.018848168,-0.020334469,-0.008357904,0,-0,0,-0,0,-0,0,-0,0,-0,-0.0069091753
2021-01-25,0,0,0.16950935,0.0028741122,0.27680739,0.019675268,0.040657592,0.039191451,0.022589094,0,0,0,0,0,0,0,0,0,0,0.023831157
2021-01-26,0,0,-0.5249598,0.00017035116,0.28201309,-0.025055906,-0.048976109,-0.050222845,-0.021867192,0,-0,0,-0,0,-0,0,-0,0,-0,-0.027206572
2021-01-27,0,0,0.068489607,0.0035643355,0.30004733,-0.010557367,-0.021608218,-0.020962853,-0.0080541313,0,-0,0,-0,0,-0,0,-0,0,-0,-0.0033362873
2021-01-28,0,0,0.82083564,-0.014054783,0.3034496,-0.0019942035,0.011979464,-0.0040562466,-0.015416627,0,0,0,0,0,0,0,0,0,-0,-0.018411005
2021-01-29,0,0,-0.11136555,0.0072068439,0.3140552,-0.033585333,-0.065806452,-0.066420088,-0.031967841,0,-0,0,-0,0,-0,0,-0,0,-0,-0.022539564
2021-02-01,0,0,0.76703748,0.0021131503,0.32848197,0.028077754,0.053288431,0.056326441,0.026537521,0,0,0,0,0,0,0,0,0,0,0.024967292
2021-02-02,0,0,-0.43346779,0.010308284,0.3281946,0.0041310354,0.0095976375,0.0081758059,0.010221465,0,0,0,0,0,0,0,0,0,0,0.014838847
2021-02-03,0,0,-0.25039331,0.0056214723,0.32722146,0.00010396361,0.0014396257,0.00020624936,0.005961816,0,0,0,0,0,0,0,0,0,0,0.0083066925
2021-02-04,0,0,0.031774553,-0.0042287326,0.3252976,-0.014405168,-0.027506334,-0.028878039,-0.017867205,0,-0,0,-0,0,-0,0,-0,0,-0,-0.016710413
2021-02-05,0,0,-0.15832981,0.0015157433,0.32422536,0.0068314985,0.011011195,0.013583407,0.0082412348,0,0,0,0,0,0,0,0,0,0,0.01276562
2021-02-08,0,0,-0.55597073,0.0013850741,0.27857865,-0.0088042428,-0.016739447,-0.017627828,-0.0079327492,0,-0,0,-0,0,-0,0,-0,0,-0,-0.0098906548
2021-02-09,0,0,0.057200886,0.0034458067,0.28040554,-0.010545321,-0.018288222,-0.020939416,-0.0066554158,0,-0,0,-0,0,-0,0,-0,0,-0,-0.0033473906
2021-02-10,0,0,0.066696449,0.0019067826,0.27947539,0.0037696059,0.0062904718,0.0075150432,0.0029875717,0,0,0,0,0,0,0,0,0,0,0.0070081718
2021-02-15,0,0,-0.048491767,0.014069182,0.27898308,0,0.0016091543,0,0.014637044,0,0,0,0,0,0,0,0,0,0,0.014680393
2021-02-16,0,0,0.092572132,0.0015388509,0.28672734,0.00041251998,0.0039104159,0.00082188262,0.0033660589,0,0,0,0,0,0,0,0,0,0,0.0042705179
2021-02-17,0,0,-0.10875312,-0.0063068565,0.27539647,-0.005363945,-0.0093323762,-0.010786868,-0.011649581,0,-0,0,-0,0,-0,0,-0,0,-0,-0.010772641
2021-02-18,0,0,-0.1844328,-0.0010018359,0.26421118,-0.012604713,-0.022963368,-0.025252261,-0.015285903,0,-0,0,-0,0,-0,0,-0,0,-0,-0.014276782
2021-02-19,0,0,0.21801289,0.0011051335,0.25438906,0.0080025355,0.015464878,0.015993666,0.0070816785,0,0,0,0,0,0,0,0,0,0,0.0087218522
2021-02-22,0,0,0.23726996,0.0059456204,0.25521293,-0.016740868,-0.031907179,-0.033271241,-0.012039056,0,-0,0,-0,0,-0,0,-0,0,-0,-0.010480532
2021-02-23,0,0,-0.30260046,-0.0022904884,0.25085005,0.0055976117,0.012552301,0.011270327,0.0018069241,0,0,0,0,0,0,0,0,0,0,-0.0010591537
2021-02-24,0,0,-0.18931538,0.00025097648,0.24994882,-0.020533227,-0.040797142,-0.041100255,-0.020732118,0,-0,0,-0,0,-0,0,-0,0,-0,-0.021338069
2021-02-25,0,0,0.78510131,0.0032079949,0.24070416,0.020917823,0.040152236,0.041220852,0.025409538,0,0,0,0,0,0,0,0,0,0,0.036374963
2021-02-26,0,0,0.56574803,-0.019905991,0.26869509,-0.0061438188,-0.0074784276,-0.012565559,-0.026781263,0,-0,0,-0,0,-0,0,-0,0,-0,-0.02765001
2021-03-02,0,0,-0.64257812,0.022020554,0.28769972,-0.012546261,-0.022213995,-0.02451785,0.0092457421,0,-0,0,-0,0,-0,0,-0,0,0,0.011154115
2021-03-03,0,0,0.11328441,-0.0014710799,0.2852101,0.013507753,0.027186312,0.027078271,0.014042707,0,0,0,0,0,0,0,0,0,0,0.011163978
2021-03-04,0,0,0.16017218,-0.012503044,0.26799738,0,0.0024743053,0,-0.012328898,0,0,0,0,0,0,0,0,0,-0,-0.012828264
2021-03-05,0,0,0.19297437,-0.012862034,0.25712248,0.0096224018,0.016972298,0.019538432,-0.0031936514,0,0,0,0,0,0,0,0,0,-0,-0.0053258062
2021-03-08,0,0,-0.7345212,0.0069421563,0.25266068,-0.018384401,-0.03542491,-0.036438205,-0.010948021,0,-0,0,-0,0,-0,0,-0,0,-0,-0.0093968356
2021-03-09,0,0,-0.20585748,0.0022286364,0.25072168,-0.0065654382,-0.013479195,-0.01312733,-0.0037807183,0,-0,0,-0,0,-0,0,-0,0,-0,-0.0062969569
2021-03-10,0,0,-0.57059049,0.011650285,0.24560982,-0.018682056,-0.036314468,-0.036882965,-0.0071117455,0,-0,0,-0,0,-0,0,-0,0,-0,-0.0057113329
2021-03-11,0,0,-0.13243103,0.0017628546,0.24084021,0.016318858,0.034619976,0.03250753,0.016470472,0,0,0,0,0,0,0,0,0,0,0.020405372
2021-03-12,0,0,0.18331432,0.0056932099,0.24987022,-0.0016711319,-0.0011337868,-0.0033076943,0.0059467692,0,-0,0,-0,0,-0,0,-0,0,0,0.0088728053
2021-03-15,0,0,-0.05519677,-0.0018480057,0.25414048,-0.0059452717,-0.013773585,-0.011877618,-0.0057611983,0,-0,0,-0,0,-0,0,-0,0,-0,-0.0048623658
2021-03-16,0,0,-0.25027698,0.0011830139,0.25411643,0.0035874678,0.007963595,0.0071411569,0.0060026035,0,0,0,0,0,0,0,0,0,0,0.0083571409
2021-03-17,0,0,-0.060007888,8.9487317e-05,0.24707351,-0.0081539724,-0.014105699,-0.016304923,-0.0080028753,0,-0,0,-0,0,-0,0,-0,0,-0,-0.0079701319
2021-03-18,0,0,-0.001509984,0.0054476248,0.24706001,-0.00045024764,-0.0011278195,-0.00089358459,0.0050365087,0,-0,0,-0,0,-0,0,-0,0,0,0.0073401842
2021-03-19,0,0,0.46103757,-0.013118206,0.24605784,0.0032781599,0.00697134,0.0066499509,-0.0090952724,0,0,0,0,0,0,0,0,0,-0,-0.010651828
2021-03-22,0,0,-0.15036066,0.003436607,0.24203798,-0.002427055,-0.0034416826,-0.0048339973,-0.00067809745,0,-0,0,-0,0,-0,0,-0,0,-0,0.0017408538
2021-03-23,0,0,-0.44193074,0.0071299294,0.23978554,-0.015386251,-0.029774322,-0.030587179,-0.010123762,0,-0,0,-0,0,-0,0,-0,0,-0,-0.009384274
2021-03-24,0,0,-0.25929708,-0.0012107822,0.23972728,0.0017655847,0.0043564356,0.0035540489,-0.00054011588,0,0,0,0,0,0,0,0,0,-0,-0.0046421246
2021-03-25,0,0,0.06566761,-0.002434468,0.23990684,0.0070411048,0.01308226,0.014119058,0.003685232,0,0,0,0,0,0,0,0,0,0,0.0044197397
2021-03-26,0,0,-0.26105256,0.0027313681,0.22844573,0.0052165963,0.012043512,0.010392393,0.0091162381,0,0,0,0,0,0,0,0,0,0,0.0091785223
2021-03-29,0,0,-0.80550275,-3.2263082e-05,0.18581724,-0.0053310587,-0.0087853323,-0.010624452,-0.0044696787,0,-0,0,-0,0,-0,0,-0,0,-0,-0.0017922585
2021-03-30,0,0,-0.053778175,0.001741582,0.15184914,0.008605484,0.016468786,0.017164179,0.01040454,0,0,0,0,0,0,0,0,0,0,0.011362418
2021-03-31,0,0,0.23819734,0.0013170726,0.15100151,-0.005285971,-0.0078932531,-0.010545186,-0.0049865746,0,-0,0,-0,0,-0,0,-0,0,-0,-0.0027556969
2021-04-01,0,0,0.36005616,0.0033980164,0.14356155,0.0019787352,0.0044859813,0.0039297878,0.0058274779,0,0,0,0,0,0,0,0,0,0,0.0090870443
2021-04-02,0,0,0.10423608,0.0014558279,0.13880423,0.0029250457,0.0073300348,0.0058028081,0.0036713328,0,0,0,0,0,0,0,0,0,0,0.011164358
2021-04-05,0,0,0.38367978,0.00076244577,0.1409782,-0.0016604831,-0.0021699819,-0.0033088615,-0.00070563331,0,-0,0,-0,0,-0,0,-0,0,-0,0.0020051039
2021-04-06,0,0,-1.0489872,0.0048086621,0.1356137,-0.0043408609,-0.0098389982,-0.0086319846,0.0016463615,0,-0,0,-0,0,-0,0,-0,0,0,0.0014293511
2021-04-07,0,0,-0.012933588,4.9684387e-05,0.13205237,0.00059577775,-0.00018011527,0.0011893681,0.001126179,0,0,0,0,0,0,0,0,0,0,0.0024394042
2021-04-08,0,0,-0.31294079,-0.0018887464,0.12854283,0.00062229367,0.0025279884,0.001246559,0.00030464228,0,0,0,0,0,0,0,0,0,0,-0.00095785441
2021-04-09,0,0,-0.34345581,-0.0014409852,0.11422342,-0.0056443052,-0.011165136,-0.011279265,-0.0069278659,0,-0,0,-0,0,-0,0,-0,0,-0,-0.0048197766
2021-04-12,0,0,-0.59400362,0.002573921,0.11038995,-0.0035804167,-0.0065158371,-0.0071352861,-0.0012007628,0,-0,0,-0,0,-0,0,-0,0,-0,0
2021-04-13,0,0,-0.10314116,-1.3374995e-06,0.10845728,0.011193836,0.022582408,0.022382427,0.011027333,0,0,0,0,0,0,0,0,0,0,0.011430803
2021-04-14,0,0,-0.43858549,0.0025993544,0.11229409,0.0041848524,0.010111762,0.0083469889,0.0036584798,0,0,0,0,0,0,0,0,0,0,0.0069251364
2021-04-15,0,0,-0.0064458241,0.0020151171,0.10696525,0.0027149553,0.0072310406,0.0054396634,0.0052275737,0,0,0,0,0,0,0,0,0,0,0.00092041009
2021-04-16,0,0,-1.1878618,0.0032829387,0.10554126,-0.0038191262,-0.0074886799,-0.0076136335,0,0,-0,0,-0,0,-0,0,-0,0,0,-0.00058749904
2021-04-19,0,0,-0.35790395,-0.0012601211,0.096468715,-0.00012779226,0.00052650053,-0.00025558452,-0.001802468,0,0,0,0,0,0,0,0,0,-0,-0.00012779226
2021-04-20,0,0,0.19464727,-0.0015175614,0.096658385,0.0083247951,0.015674533,0.016684206,0.0062514471,0,0,0,0,0,0,0,0,0,0,0.0062370594
2021-04-21,0,0,-0.17260586,-0.0035326124,0.086693596,-0.011581827,-0.024886085,-0.023313862,-0.015343793,0,-0,0,-0,0,-0,0,-0,0,-0,-0.01790931
2021-04-22,0,0,-0.85721266,0.0038134346,0.11252764,-0.0026786864,-0.0049964311,-0.0053347012,0.00072589332,0,-0,0,-0,0,-0,0,-0,0,0,0.0015778583
2021-04-23,0,0,0.27101073,-0.0034116072,0.11249108,0.0058676913,0.011960855,0.011798178,0.0038905034,0,0,0,0,0,0,0,0,0,0,0.00054234137
2021-04-26,0,0,-0.94284859,-9.7879875e-05,0.10804358,0.0065132324,0.010498221,0.012992348,0.0080906526,0,0,0,0,0,0,0,0,0,0,0.0091631821
2021-04-27,0,0,-0.32847759,-0.0010258736,0.11016651,0.00022999668,0.0014054814,0.00045959403,-0.00073995283,0,0,0,0,0,0,0,0,0,-0,0.0010998286
2021-04-28,0,0,-0.16579937,-0.0012380585,0.10570481,-0.0095147965,-0.019004047,-0.019050545,-0.01092087,0,-0,0,-0,0,-0,0,-0,0,-0,-0.010602964
2021-04-29,0,0,0.1483875,0.0022833582,0.11331188,-0.0068450849,-0.013556903,-0.013642775,-0.0041815591,0,-0,0,-0,0,-0,0,-0,0,-0,-0.0033828276
2021-04-30,0,0,-0.67941979,-0.0023037443,0.10899962,-0.0054495913,-0.012157503,-0.010915896,-0.0099622606,0,-0,0,-0,0,-0,0,-0,0,-0,-0.0069699953
2021-05-03,0,0,0.52976972,0.0003264644,0.10851111,-0.0052503722,-0.0097354886,-0.010512277,-0.0051592749,0,-0,0,-0,0,-0,0,-0,0,-0,-0.0063405088
2021-05-04,0,0,-0.16700982,-0.00039541977,0.10916825,0.0073186087,0.013888889,0.014621875,0.0061284116,0,0,0,0,0,0,0,0,0,0,0.0083766609
2021-05-06,0,0,0.35220496,-0.0035065325,0.11254094,0.010145648,0.020633751,0.020375476,0.0071290307,0,0,0,0,0,0,0,0,0,0,0.0059894274
2021-05-07,0,0,-1.0777187,0.0012634186,0.11545241,0.0049369313,0.011161116,0.0098593367,0.0048064524,0,0,0,0,0,0,0,0,0,0,0.0064197147
2021-05-10,0,0,-0.68392306,0.0050285569,0.11654497,0.011204052,0.021830986,0.022286107,0.015359873,0,0,0,0,0,0,0,0,0,0,0.016769979
2021-05-11,0,0,-0.015536608,-0.0029332077,0.12745917,-0.010396494,-0.02027972,-0.020946171,-0.012369282,0,-0,0,-0,0,-0,0,-0,0,-0,-0.017581139
2021-05-12,0,0,0.54641949,-0.00037861716,0.14117586,-0.016986231,-0.031981419,-0.033955857,-0.016047022,0,-0,0,-0,0,-0,0,-0,0,-0,-0.016505304
2021-05-13,0,0,0.59812356,-0.008387142,0.14679314,0.0018042878,0.0058890578,0.0036577822,-0.0084127741,0,0,0,0,0,0,0,0,0,-0,-0.011493651
2021-05-14,0,0,-0.62383617,0.0006166747,0.15256574,0.0055146574,0.01085939,0.010987856,0.0063952096,0,0,0,0,0,0,0,0,0,0,0.0093230215
2021-05-17,0,0,-0.68039132,0.0014033607,0.15656121,-0.010019569,-0.019276666,-0.019926314,-0.0087683959,0,-0,0,-0,0,-0,0,-0,0,-0,-0.0043822819
2021-05-18,0,0,-0.022923836,0.0033267744,0.1569022,0.0086698368,0.019191355,0.017284274,0.011499474,0,0,0,0,0,0,0,0,0,0,0.011913234
2021-05-20,0,0,0.93271578,-0.0080134982,0.16370484,0.0045409208,0.011359404,0.0091527127,-0.0040153054,0,0,0,0,0,0,0,0,0,-0,-0.0031776626
2021-05-21,0,0,-0.46654641,0.0023224993,0.16169398,-0.0060543069,-0.010930953,-0.012041655,-0.0024579316,0,-0,0,-0,0,-0,0,-0,0,-0,-0.00049645946
2021-05-24,0,0,-0.26891627,-0.0015451153,0.14941716,-0.0017794991,-0.0031411678,-0.0035626343,-0.0031996587,0,-0,0,-0,0,-0,0,-0,0,-0,-0.0027972394
2021-05-25,0,0,-0.43639852,0.0017704692,0.14960846,0.0043819609,0.01047409,0.0087197986,0.0057832239,0,0,0,0,0,0,0,0,0,0,0.0094901036
2021-05-26,0,0,-0.011061012,0.0010384365,0.1532683,-0.003345696,-0.0061750817,-0.0066827259,-0.0021674598,0,-0,0,-0,0,-0,0,-0,0,-0,-0.002051575
2021-05-27,0,0,-0.22444704,-0.0001424241,0.14886176,-0.0024962946,-0.002919708,-0.0049888271,-0.0021702208,0,-0,0,-0,0,-0,0,-0,0,-0,-0.0017435203
2021-05-28,0,0,0.099641578,0.00080052049,0.14885387,0.0031708078,0.0063694268,0.0063227177,0.0048834576,0,0,0,0,0,0,0,0,0,0,0.0061781497
2021-05-31,0,0,-0.13329945,0.0014315539,0.14674692,0.00067147026,0.0027012426,0.0013386881,0.0037531374,0,0,0,0,0,0,0,0,0,0,0.0038603036
2021-06-01,0,0,-0.16973789,-0.0019259,0.14731537,0.0056520505,0.010403587,0.011304101,0.0052326668,0,0,0,0,0,0,0,0,0,0,0.0056520505
2021-06-02,0,0,-0.06755822,-0.001112006,0.14409706,-0.0010262726,-0.0021287919,-0.0020520187,-0.0010450534,0,-0,0,-0,0,-0,0,-0,0,-0,-0.00076990197
2021-06-03,0,0,-0.36613019,0.0013818188,0.14263273,0.007459817,0.01434136,0.014891766,0.0085309159,0,0,0,0,0,0,0,0,0,0,0.0093486747
2021-06-04,0,0,-0.018762235,-0.0031896128,0.14328297,0.00010217897,0.00052891396,0.00020515977,-0.0034124971,0,0,0,0,0,0,0,0,0,-0,-0.0037913486
2021-06-07,0,0,-0.75185041,0.0046488069,0.14250554,-0.0021587302,-0.0059109875,-0.0042930377,0.0010165889,0,-0,0,-0,0,-0,0,-0,0,0,0.0035503563
2021-06-08,0,0,-0.21064902,0.0012678659,0.14195538,-0.0019343344,-0.0029746282,-0.0038686689,-0.00076175527,0,-0,0,-0,0,-0,0,-0,0,-0,-0.0019343344
2021-06-09,0,0,-0.54157206,-0.00088836919,0.12892116,-0.0091750153,-0.019000704,-0.018390451,-0.0096912224,0,-0,0,-0,0,-0,0,-0,0,-0,-0.011347988
2021-06-10,0,0,-0.046966711,0.00011391406,0.12218694,0.0027066041,0.0057357949,0.005409722,0.0026154169,0,0,0,0,0,0,0,0,0,0,0.0033531946
2021-06-11,0,0,-0.52430762,0.0023412958,0.1066403,0.0045374144,0.0099396521,0.0090493111,0.0073787854,0,0,0,0,0,0,0,0,0,0,0.0073780817
2021-06-14,0,0,-0.45505815,0.00067088456,0.094276766,-0.0013767081,-0.0017540782,-0.0027507514,0.0012017564,0,-0,0,-0,0,-0,0,-0,0,0,-0.00040830909
2021-06-15,0,0,-0.29971161,-0.0012334621,0.089599318,0.0015817941,0.002981933,0.003161491,0.0016612445,0,0,0,0,0,0,0,0,0,0,0.0022466173
2021-06-16,0,0,-0.030936055,-0.0026404344,0.086687645,0.0073705687,0.014200561,0.014759205,0.0063796955,0,0,0,0,0,0,0,0,0,0,0.0061388762
2021-06-17,0,0,-0.029667169,-0.0051360813,0.080929769,-0.00022912424,-0.00052438385,-0.0004608177,-0.0043059023,0,-0,0,-0,0,-0,0,-0,0,-0,-0.005772298
2021-06-18,0,0,-0.21970201,0.0012286709,0.082595908,0.00063511419,0.0019167102,0.0012672665,0.00045996044,0,0,0,0,0,0,0,0,0,0,0.0029792977
2021-06-21,0,0,0.63816675,-0.0078711965,0.082628587,0.00064128873,-0.001595179,0.0012960083,-0.0071564995,0,0,0,0,0,0,0,0,0,-0,-0.00962222
2021-06-22,0,0,-1.2489142,0.004014179,0.087852642,0.0013257189,0.0040400492,0.0026369837,0.0053691275,0,0,0,0,0,0,0,0,0,0,0.0068445743
2021-06-23,0,0,-0.66460075,0.0029273917,0.085679135,0.0017761088,0.004343294,0.003540002,0.0047854596,0,0,0,0,0,0,0,0,0,0,0.0052449333
2021-06-24,0,0,0.28744037,-0.00033070345,0.086054688,0.00214945,0.0039668851,0.0042920622,0.0019198245,0,0,0,0,0,0,0,0,0,0,0.0037485436
2021-06-25,0,0,-0.64433517,0.0030360884,0.085724404,0.001005303,0.0010212766,0.0020026034,0.0037378065,0,0,0,0,0,0,0,0,0,0,0.0050214484
2021-06-28,0,0,-0.40159587,0.00082751898,0.08422912,-0.0023819075,-0.0044112657,-0.0047572548,-0.0018149644,0,-0,0,-0,0,-0,0,-0,0,-0,-0.0010042934
2021-06-29,0,0,-0.22445201,-0.00032362261,0.083983901,-0.0044208887,-0.0090182066,-0.008836894,-0.0066745369,0,-0,0,-0,0,-0,0,-0,0,-0,-0.0038704164
2021-06-30,0,0,-0.21626765,0.0035997036,0.08587351,0.0010822783,0.0017094017,0.0021593391,0.0024671053,0,0,0,0,0,0,0,0,0,0,0.0035070014
2021-07-01,0,0,-0.34049229,0.0022569402,0.086059273,-0.0062322519,-0.012124317,-0.012458555,-0.006081866,0,-0,0,-0,0,-0,0,-0,0,-0,-0.00575753
2021-07-02,0,0,-0.83805238,0.00018773826,0.084227458,-0.0009106777,-0.00086580087,-0.0018220007,-0.000710504,0,-0,0,-0,0,-0,0,-0,0,-0,-0.0012643823
2021-07-05,0,0,-0.66848633,0.0030172257,0.082949318,0.00042861105,0.002408395,0.00085360649,0.0025885964,0,0,0,0,0,0,0,0,0,0,0.0046841372
2021-07-06,0,0,-0.12688594,0.0024454022,0.083534963,0.0018095454,0.0039289375,0.0036092035,0.0035163029,0,0,0,0,0,0,0,0,0,0,0.0045614919
2021-07-07,0,0,-0.27610444,-0.0022324526,0.084352257,-0.0028696572,-0.0058279054,-0.0057588846,-0.0052812493,0,-0,0,-0,0,-0,0,-0,0,-0,-0.0062467073
2021-07-08,0,0,-0.47270535,0.00063437707,0.076517257,-0.011548742,-0.023207839,-0.023070723,-0.010452882,0,-0,0,-0,0,-0,0,-0,0,-0,-0.010400889
2021-07-09,0,0,-0.19104809,-0.0080011723,0.085445381,-0.00087590489,-0.0051962014,-0.0017692668,-0.0088036327,0,-0,0,-0,0,-0,0,-0,0,-0,-0.010637755
2021-07-12,0,0,-0.33017464,0.0025552932,0.089659214,0.0029216536,0.0080171032,0.0058081773,0.0045419607,0,0,0,0,0,0,0,0,0,0,0.0090245726
2021-07-13,0,0,0.12173712,0.0028579817,0.094624893,0.0038922384,0.0078809107,0.0077497784,0.0053655265,0,0,0,0,0,0,0,0,0,0,0.0084072266
2021-07-14,0,0,-0.14136027,-0.0014831514,0.098710469,0,0.0019298246,0,-0.0020714894,0,0,0,0,0,0,0,0,0,-0,-0.0034210126
2021-07-15,0,0,0.040775189,0.0012743955,0.096107184,0.0039302196,0.0094076655,0.0078383777,0.0058032424,0,0,0,0,0,0,0,0,0,0,0.006763801
2021-07-16,0,0,-0.34401482,-0.0038534016,0.098127908,0.00022832788,0.0012214273,0.00045870391,-0.0032550889,0,0,0,0,0,0,0,0,0,-0,-0.0042179173
2021-07-19,0,0,-1.3392258,-0.0030466564,0.099506714,-0.0027629963,-0.005141844,-0.0055741935,-0.0054598034,0,-0,0,-0,0,-0,0,-0,0,-0,-0.011312332
2021-07-20,0,0,-0.70575362,-0.00086908276,0.1034958,0.0040830039,0.0088607595,0.0082261675,0.0033010254,0,0,0,0,0,0,0,0,0,0,-0.0032067727
2021-07-21,0,0,-0.015466801,0.00049308201,0.10053412,-0.011330503,-0.022340426,-0.022521034,-0.011577995,0,-0,0,-0,0,-0,0,-0,0,-0,-0.0051473427
2021-07-22,0,0,0.84368685,0.00018979383,0.099598958,0.0065324178,0.012910167,0.012988673,0.0061341108,0,0,0,0,0,0,0,0,0,0,0.01246928
2021-07-23,0,0,-0.2222856,0.0013106977,0.10991601,0.00025510204,0.00017649135,0.00050938543,-0.00046323104,0,0,0,0,0,0,0,0,0,-0,0.0018652426
2021-07-26,0,0,-0.13051469,0.00089849663,0.10817959,-0.013856402,-0.024934153,-0.02762711,-0.013090456,0,-0,0,-0,0,-0,0,-0,0,-0,-0.010788064
2021-07-27,1,1,1.3444416,-0.0010322105,0.11227006,-0.0035394598,-0.0067724113,-0.0070424332,-0.004463663,2,-0.0072724113,2,-0.0072724113,2,-0.0072724113,1,-0.0040394598,2,-0.009327326,0.0016500374
2021-07-28,0,0,-0.49087539,0.00029463517,0.11169885,0.0047185623,0.0084669429,0.0094537001,0.0043295109,0,0,0,0,0,0,0,0,0,0,0.0029600268
2021-07-29,0,0,0.70941901,0.00035342434,0.11135245,-0.0015351943,-0.00124533,-0.0030612245,-0.0025314692,0,-0,0,-0,0,-0,0,-0,0,-0,0.0014628137
2021-07-30,0,0,-1.6481431,-0.00032104903,0.11016971,-0.008003088,-0.017399103,-0.016073597,-0.0098336915,0,-0,0,-0,0,-0,0,-0,0,-0,-0.012146683
2021-08-02,1,0,1.8928348,0.00058584472,0.11840766,0,0.00036140224,0,0.0011729105,0,0,0,0,0,0,0,0,2,0.0019458209,0.0046693818
2021-08-03,0,0,-0.21989912,-0.0015760049,0.12059686,0.010109106,0.020300888,0.020244906,0.0078049924,0,0,0,0,0,0,0,0,0,0,0.0087789512
2021-08-04,0,0,0.079993198,-0.0011408433,0.12308407,0.011437324,0.022807638,0.022815818,0.010310473,0,0,0,0,0,0,0,0,0,0,0.014052062
2021-08-05,0,0,0.42987181,-0.0012183726,0.13286568,-0.0015653403,-0.0044905009,-0.0031314713,-0.0039407964,0,-0,0,-0,0,-0,0,-0,0,-0,-0.0018173557
2021-08-06,0,0,-0.77072903,0.00074634656,0.12824223,-0.0046028173,-0.0083304408,-0.0092067989,-0.0035874439,0,-0,0,-0,0,-0,0,-0,0,-0,-0.0047286704
2021-08-09,0,0,-1.6401014,-0.00063682678,0.12194985,-0.00022967386,0.0021223912,-0.00046138467,0.0001853697,0,0,0,0,0,0,0,0,0,0,-0.0046241012
2021-08-10,0,0,0.76279616,-0.0008339669,0.11966197,-0.0098450736,-0.020350877,-0.019624249,-0.010276899,0,-0,0,-0,0,-0,0,-0,0,-0,-0.0065089211
2021-08-11,0,0,-1.348819,0.00038222912,0.11847492,-0.0062859057,-0.0088399784,-0.01260591,-0.0056653245,0,-0,0,-0,0,-0,0,-0,0,-0,-0.0089666513
2021-08-12,0,0,-1.4947889,0.0034163174,0.12189419,-0.0038118452,-0.0063891931,-0.0076254701,-0.001866862,0,-0,0,-0,0,-0,0,-0,0,-0,-0.0040442797
2021-08-13,0,0,-1.3476192,0.0015167683,0.11872842,-0.014506366,-0.028723992,-0.029080258,-0.012625184,0,-0,0,-0,0,-0,0,-0,0,-0,-0.016789442
2021-08-17,0,0,-1.0392711,0.0018834219,0.1275595,-0.012247057,-0.022386644,-0.024472752,-0.010084236,0,-0,0,-0,0,-0,0,-0,0,-0,-0.011384094
2021-08-18,0,0,0.11166224,0.0010464292,0.12763469,0.0046577616,0.011059371,0.0093117842,0.0059378955,0,0,0,0,0,0,0,0,0,0,0.005061325
2021-08-19,0,0,-1.0928605,-0.0016687661,0.13005882,-0.012298604,-0.025151102,-0.024790928,-0.014312141,0,-0,0,-0,0,-0,0,-0,0,-0,-0.019956836
2021-08-20,0,0,0.8735858,0.00016634349,0.14529532,-0.013621469,-0.026828299,-0.027136383,-0.014410781,0,-0,0,-0,0,-0,0,-0,0,-0,-0.0097330216
2021-08-23,1,1,1.6347469,-0.0010142283,0.13617457,0.0020996373,0.003216727,0.004170955,0.00064305501,2,0.002716727,2,0.002716727,2,0.002716727,1,0.0015996373,2,0.00088611001,0.0089501428
2021-08-24,1,1,1.8456329,-0.0012354751,0.1433728,0.010686817,0.019291339,0.021199143,0.0098171224,2,0.018791339,2,0.018791339,2,0.018791339,1,0.010186817,2,0.019234245,0.01907483
2021-08-25,0,0,0.71248956,-0.0015169449,0.16222493,0.00050603244,0.001344086,0.0010094838,-0.00014492404,0,0,0,0,0,0,0,0,0,-0,0.003070679
2021-08-26,0,0,-0.071121462,-0.00060042404,0.16286677,-0.0089833887,-0.01722488,-0.017938648,-0.0099158001,0,-0,0,-0,0,-0,0,-0,0,-0,-0.0074269286
2021-08-27,0,0,-1.0505734,0.0008110991,0.16401723,0.0030688059,0.006674519,0.0061606636,0.0039399946,0,0,0,0,0,0,0,0,0,0,-0.00067047496
2021-08-30,1,0,1.8958163,0.00047455514,0.16379374,-0.0075195961,-0.015105163,-0.014891602,-0.0063986478,0,-0,0,-0,0,-0,0,-0,2,-0.013197296,0.0024153293
2021-08-31,0,0,-0.53074426,9.9724554e-05,0.15968071,0.01896584,0.037008332,0.037900251,0.019674998,0,0,0,0,0,0,0,0,0,0,0.019811523
2021-09-01,0,0,-0.6007434,-3.1765539e-05,0.1750976,0.0026546114,0.0082613594,0.0053155097,0.0017892502,0,0,0,0,0,0,0,0,0,0,0.001470125
2021-09-02,0,0,-0.83824133,-0.00010312661,0.17245089,-0.0071970791,-0.013655069,-0.01442333,-0.0078723252,0,-0,0,-0,0,-0,0,-0,0,-0,-0.0092010066
2021-09-03,0,0,0.83915725,-0.00060289633,0.16503272,0.0034024371,0.0077373089,0.0067839394,0.0037110638,0,0,0,0,0,0,0,0,0,0,0.0065084531
2021-09-06,0,0,-0.38859206,0.001396013,0.16900156,0.002336878,0.0065579914,0.0046686075,0.0032936347,0,0,0,0,0,0,0,0,0,0,0.0034434719
2021-09-07,0,0,-0.6386514,0.00045158705,0.16962732,-0.0052170721,-0.0080328788,-0.010442357,-0.0048826962,0,-0,0,-0,0,-0,0,-0,0,-0,-0.0059988474
2021-09-08,0,0,-1.0257781,-8.7528512e-05,0.17025122,-0.0051573658,-0.0091133473,-0.010351692,-0.004347304,0,-0,0,-0,0,-0,0,-0,0,-0,-0.008696798
2021-09-09,0,0,-2.2773563,0.0023200817,0.17054655,-0.014667058,-0.023449612,-0.02942514,-0.011408321,0,-0,0,-0,0,-0,0,-0,0,-0,-0.017705703
2021-09-10,0,0,0.76114581,-0.00013262707,0.17800219,0.002782355,0.0085232904,0.0055542074,0.0017402387,0,0,0,0,0,0,0,0,0,0,0.0046821294
2021-09-13,0,0,-0.68042446,-0.00010358482,0.17852427,0.0058670848,0.014297061,0.011777476,0.0058183782,0,0,0,0,0,0,0,0,0,0,0.0021819945
2021-09-14,0,0,0.66980916,0.00041529066,0.17178985,0.0026779498,0.0054379491,0.0053360369,0.0031625553,0,0,0,0,0,0,0,0,0,0,0.0064242131
2021-09-15,0,0,-0.0012264321,0.00099239591,0.1687269,0.0011748685,0.0034769171,0.0023491725,0.001941512,0,0,0,0,0,0,0,0,0,0,0.0014155227
2021-09-16,0,0,0.12255229,0.00081212671,0.1678294,-0.012671342,-0.022984103,-0.02524277,-0.01207088,0,-0,0,-0,0,-0,0,-0,0,-0,-0.008747833
2021-09-17,0,0,-0.38990713,-0.0026494746,0.15371887,0.0060478428,0.0056907378,0.012137961,0.0051112742,0,0,0,0,0,0,0,0,0,0,0.0025560309
2021-09-23,0,0,-0.29614631,-0.0028327568,0.14866615,0.0044548842,0.01049505,0.0089639811,0.0034715431,0,0,0,0,0,0,0,0,0,0,-0.0015833825
2021-09-24,0,0,-0.052604169,-0.00083488626,0.14569104,-0.0056716338,-0.0075919798,-0.011290108,-0.0052668625,0,-0,0,-0,0,-0,0,-0,0,-0,-0.0009676639
2021-09-27,0,0,-0.89384345,0.0015018401,0.12779152,0.0032013343,0.011043187,0.0064018076,0.0041292025,0,0,0,0,0,0,0,0,0,0,0.0033362929
2021-09-28,0,0,-0.18630766,0.00035919852,0.12750061,-0.012264505,-0.021734874,-0.024548116,-0.011053221,0,-0,0,-0,0,-0,0,-0,0,-0,-0.013032635
2021-09-29,0,0,-3.4267997,0.0014726663,0.13047844,-0.0011551473,0.0010271159,-0.0023389859,-0.00087403856,0,0,0,0,0,0,0,0,0,-0,-0.013259068
2021-09-30,0,0,-0.98156264,0.00082407773,0.14033387,0.0060136272,0.014247367,0.012049192,0.0047319797,0,0,0,0,0,0,0,0,0,0,0.0041853677
2021-10-01,0,0,-0.60875846,0.00027728991,0.14031491,-0.013098751,-0.026391753,-0.026347173,-0.01186394,0,-0,0,-0,0,-0,0,-0,0,-0,-0.018673394
2021-10-05,0,0,-2.7095256,-0.0029043715,0.12547706,-0.0057244374,-0.01483871,-0.0115551,-0.010052303,0,-0,0,-0,0,-0,0,-0,0,-0,-0.014781491
2021-10-06,1,1,1.5869748,-0.0015166559,0.13432993,-0.020485905,-0.042062123,-0.04076476,-0.023221912,2,-0.042562123,2,-0.042562123,2,-0.042562123,1,-0.020985905,2,-0.046843825,-0.015485408
2021-10-07,1,1,3.1485174,-0.0012709016,0.1393748,0.0078241005,0.013938053,0.015512214,0.0058828103,2,0.013438053,2,0.013438053,2,0.013438053,1,0.0073241005,2,0.011365621,0.016737245
2021-10-08,1,1,1.1182337,-0.00088134627,0.15152095,-0.0065446134,-0.012759516,-0.013032244,-0.0076840326,1.9799242,-0.013134746,2,-0.013259516,2,-0.013259516,1,-0.0070446134,2,-0.015768065,-0.0021816739
2021-10-12,0,0,-0.45863126,-4.1461593e-05,0.14975591,-0.014014698,-0.029521921,-0.028118303,-0.014445854,0,-0,0,-0,0,-0,0,-0,0,-0,-0.017122412
2021-10-13,0,0,-0.52871879,0.00091352501,0.15698969,0.010900679,0.022970207,0.021819655,0.010470378,0,0,0,0,0,0,0,0,0,0,0.010053735
2021-10-14,1,1,2.574223,-0.0017388124,0.16357973,0.0067971105,0.011408513,0.013517335,0.0056790315,1.8339681,0.010142873,2,0.010908513,2,0.010908513,1,0.0062971105,2,0.010958063,0.01255649
2021-10-15,1,1,1.2783866,-0.0022086613,0.16702534,0.0032819995,0.0066295979,0.0065186506,0.00063622945,1.7961347,0.0054471387,2,0.0061295979,2,0.0061295979,1,0.0027819995,2,0.0008724589,0.010310443
2021-10-18,0,0,-0.74119546,0.0010411621,0.17081346,-0.0042730269,-0.0053180174,-0.0085365173,-0.0034825491,0,-0,0,-0,0,-0,0,-0,0,-0,-0.0031594252
2021-10-19,1,0,1.4949538,0.0013733864,0.17007567,0.0013089734,0.0050729233,0.0025996294,0.0029168569,0,0,0,0,0,0,0,0,2,0.0054337138,0.0084144392
2021-10-20,0,0,0.94443204,-0.0015661135,0.17169216,-0.008311861,-0.015866388,-0.01655949,-0.0094092785,0,-0,0,-0,0,-0,0,-0,0,-0,-0.0044502545
2021-10-21,0,0,-0.73523819,0.0014580166,0.17141666,-0.0029578369,-0.0031826862,-0.0059084195,-0.00096554528,0,-0,0,-0,0,-0,0,-0,0,-0,-0.0017321823
2021-10-22,0,0,-0.83102481,-0.00091038792,0.16970859,0.0021297464,0.0068478493,0.0042649906,0.0013237615,0,0,0,0,0,0,0,0,0,0,0.00083960706
2021-10-25,0,0,-0.92766144,-0.00028267752,0.16835364,0.0077936641,0.016260163,0.015627196,0.006523124,0,0,0,0,0,0,0,0,0,0,0.0052291603
2021-10-26,1,1,1.800871,-0.00044091112,0.16986374,0.0037071875,0.0091647573,0.007373982,0.0033186675,1.7661215,0.0073883489,2,0.0086647573,2,0.0086647573,1,0.0032071875,2,0.006237335,0.0092355625
2021-10-27,0,0,-1.0649934,-0.0011303358,0.17525605,-0.0053359137,-0.011219614,-0.010704382,-0.0071050187,0,-0,0,-0,0,-0,0,-0,0,-0,-0.0083517089
2021-10-28,0,0,-0.3152122,0.0014723968,0.17663195,-0.0021138709,0,-0.0042305658,-0.0024818295,0,0,0,0,0,0,0,0,0,-0,-0.0027795536
2021-10-29,0,0,0.84557225,-9.9425493e-05,0.17309726,-0.02017875,-0.035534062,-0.04018906,-0.01921329,0,-0,0,-0,0,-0,0,-0,0,-0,-0.016054854
2021-11-01,1,0,1.3012019,0.0023793018,0.17182059,-0.0041018149,-0.0032327586,-0.0081366512,-0.0013577906,0,-0,0,-0,0,-0,0,-0,2,-0.0031155813,0.004164188
2021-11-02,1,1,1.7524047,-0.00071582674,0.17197289,0.007884842,0.016059957,0.015686056,0.0067316028,1.744461,0.013470897,2,0.015559957,2,0.015559957,1,0.007384842,2,0.013063206,0.013287068
2021-11-03,0,0,0.23117512,0.0016446969,0.16967887,-0.017998281,-0.03317237,-0.035857344,-0.015793597,0,-0,0,-0,0,-0,0,-0,0,-0,-0.014170773
2021-11-04,1,1,2.5276073,-0.00015769713,0.16519961,-0.0038604638,-0.007028754,-0.0076488194,-0.0041204599,1.8159849,-0.0069457409,2,-0.007528754,2,-0.007528754,1,-0.0043604638,2,-0.0086409197,0.0056198814
2021-11-05,1,1,2.1664358,-0.00042176573,0.15485558,-0.011596465,-0.025316456,-0.023023494,-0.012137337,1.9372889,-0.02495606,2,-0.025816456,2,-0.025816456,1,-0.012096465,2,-0.024674674,-0.0042685838
2021-11-08,0,0,-0.40386734,0.0012946743,0.14539728,-0.0032090981,-0.0021645022,-0.0064061139,-0.0013073571,0,-0,0,-0,0,-0,0,-0,0,-0,-0.0013255493
2021-11-09,0,0,-0.74265546,0.00074963266,0.14523135,0.002258611,0.0043374539,0.0045159469,0.0030577897,0,0,0,0,0,0,0,0,0,0,0.0025416549
2021-11-10,0,0,-1.7801642,-0.00051050753,0.12934293,-0.0050423501,-0.012200436,-0.010141872,-0.0054844607,0,-0,0,-0,0,-0,0,-0,0,-0,-0.010619718
2021-11-11,0,0,-1.725224,-0.00057483832,0.13250006,0.0066213776,0.012972489,0.013332949,0.0055491872,0,0,0,0,0,0,0,0,0,0,-0.00014235686
2021-11-12,1,1,2.5789408,-0.00096524412,0.12176928,0.0038750919,0.008282476,0.0076987918,0.0032122941,2,0.007782476,2,0.007782476,2,0.007782476,1,0.0033750919,2,0.0060245882,0.010621334
2021-11-15,1,1,1.7845997,-0.0010478402,0.12429402,0.0047015364,0.0093916756,0.0093398193,0.0025422005,2,0.0088916756,2,0.0088916756,2,0.0088916756,1,0.0042015364,2,0.0046844011,0.011552225
2021-11-16,0,0,-0.63726869,0.0017131933,0.12926799,-0.0013932622,0.0019132653,-0.0027876119,0.00032999949,0,0,0,0,0,0,0,0,0,0,-0.0017826801
2021-11-17,0,0,0.10945145,-0.00012982958,0.12549544,-0.014454409,-0.026672312,-0.02885337,-0.013776337,0,-0,0,-0,0,-0,0,-0,0,-0,-0.012556855
2021-11-18,0,0,-0.54375263,-0.0034047744,0.13144544,0,-0.0052344602,0,-0.0036516998,0,0,0,0,0,0,0,0,0,-0,-0.004069291
2021-11-19,0,0,-0.095695632,0.0014936363,0.13244198,0.0046695911,0.014260641,0.0093149293,0.0065984483,0,0,0,0,0,0,0,0,0,0,0.0072922282
2021-11-22,1,1,2.2710948,-0.001686367,0.13596051,0.017622009,0.030923438,0.0350535,0.015032048,2,0.030423438,2,0.030423438,2,0.030423438,1,0.017122009,2,0.029664096,0.023183099
2021-11-23,0,0,0.35553325,-0.0016653379,0.15663297,-0.0071420693,-0.013903299,-0.014307416,-0.0074856671,0,-0,0,-0,0,-0,0,-0,0,-0,-0.0087547835
2021-11-24,0,0,0.8662285,-0.0015808298,0.15417386,-0.0049015535,-0.01045369,-0.0097744153,-0.0062330351,0,-0,0,-0,0,-0,0,-0,0,-0,-0.0019719483
2021-11-25,0,0,-0.24604985,-0.00031246736,0.15102618,-0.007981978,-0.016244726,-0.015954194,-0.0094523214,0,-0,0,-0,0,-0,0,-0,0,-0,-0.0073746313
2021-11-26,0,0,-1.4781929,-6.3993688e-05,0.15363966,-0.013857203,-0.029596025,-0.027843015,-0.014182945,0,-0,0,-0,0,-0,0,-0,0,-0,-0.01839132
2021-11-29,0,0,-1.5928957,-0.00027874226,0.1585166,0.0023661127,0.0040937003,0.0047814805,0.00099672131,0,0,0,0,0,0,0,0,0,0,-0.0078542256
2021-11-30,1,0,1.58911,0.00092667294,0.16061657,-0.028767123,-0.054922974,-0.057042612,-0.030570635,0,-0,0,-0,0,-0,0,-0,2,-0.061541269,-0.020323565
2021-12-01,1,1,4.6715158,-0.0036314022,0.16816021,0.020916335,0.035480859,0.041705607,0.01774472,1.784013,0.031835111,2,0.034980859,2,0.034980859,1,0.020416335,2,0.035089441,0.024036201
2021-12-02,0,0,-2.2128098,0.0018088972,0.19241807,0.0224122,0.046986019,0.045118902,0.026016431,0,0,0,0,0,0,0,0,0,0,0.015781923
2021-12-03,0,0,-2.75645,-0.00085229148,0.20155789,0.010968766,0.026309971,0.022011148,0.0096597203,0,0,0,0,0,0,0,0,0,0,0.0075988701
2021-12-06,0,0,-1.2174327,0.001827589,0.20205782,0.0052319203,0.013940318,0.010498688,0.0074368509,0,0,0,0,0,0,0,0,0,0,0.0019064173
2021-12-07,0,0,-1.2442484,0.00095844382,0.2021297,0.0072119416,0.017193209,0.01440898,0.0087304011,0,0,0,0,0,0,0,0,0,0,0.00825475
2021-12-08,1,1,1.0238385,-0.00072910749,0.20423778,-0.0042918455,-0.010373444,-0.0085097098,-0.0065518017,1.4688761,-0.0076433619,2,-0.010873444,2,-0.010873444,1,-0.0047918455,2,-0.013503603,0.0044404973
2021-12-09,0,0,0.29740934,-0.0021216929,0.19978571,0.0042328335,0.0075408463,0.0084764543,0.0073834099,0,0,0,0,0,0,0,0,0,0,0.0029564545
2021-12-10,0,0,-2.0474215,-0.0013975826,0.20168804,-0.0019903798,-0.00084086609,-0.003994563,-0.00060269707,0,-0,0,-0,0,-0,0,-0,0,-0,-0.0054271468
2021-12-13,0,0,0.1361216,-0.0009401122,0.20136799,-0.0041072856,-0.0068864775,-0.0081751344,-0.0052831889,0,-0,0,-0,0,-0,0,-0,0,-0,0.00072018171
2021-12-14,0,0,-1.6967777,0.0011959631,0.19861108,0.00027844295,0.0012798635,0.00056022409,0.0022050996,0,0,0,0,0,0,0,0,0,0,-0.0056465899
2021-12-15,0,0,-0.71462272,-0.00083816125,0.19941376,0.0047252901,0.009239364,0.0094927821,0.0042386863,0,0,0,0,0,0,0,0,0,0,0.00027836544
2021-12-16,1,1,1.0917891,-0.00022035262,0.19431497,-0.0022361483,-0.0033528919,-0.0044368975,-0.0031333818,1.5438852,-0.0033435286,2,-0.0038528919,2,-0.0038528919,1,-0.0027361483,2,-0.0066667636,0.0057883898
2021-12-17,0,0,-2.101331,0.0024054603,0.19352022,0.0085736555,0.02007689,0.017252002,0.011408001,0,0,0,0,0,0,0,0,0,0,0.0024901776
2021-12-20,0,0,-1.3381615,0.00095021391,0.19209999,-0.013481276,-0.026282323,-0.027099364,-0.012739014,0,-0,0,-0,0,-0,0,-0,0,-0,-0.018436741
2021-12-21,1,1,3.4233962,-0.0021709653,0.18837611,0.0024335664,0.0036519871,0.0048419412,-0.0010143274,1.5925586,0.0026555521,2,0.0031519871,2,0.0031519871,1,0.0019335664,2,-0.0024286547,0.0076763019
2021-12-22,0,0,0.59335841,-0.00050608423,0.18891206,-0.00036070031,-0.00021204411,-0.00071734032,-0.0018900257,0,-0,0,-0,0,-0,0,-0,0,-0,0.0053296872
2021-12-23,0,0,0.46014228,0.0014845612,0.18971214,-0.00052452861,0.0004199916,-0.0010434401,0.00042715714,0,0,0,0,0,0,0,0,0,0,0.0048850894
2021-12-24,0,0,0.5238413,3.4088578e-05,0.18747736,0.0034940024,0.0077099396,0.0069604297,0.0020264185,0,0,0,0,0,0,0,0,0,0,0.0074853607
2021-12-27,0,0,-0.12679294,0.0012896033,0.17510259,-0.0061938171,-0.011373036,-0.012383222,-0.0049923866,0,-0,0,-0,0,-0,0,-0,0,-0,-0.0058396162
2021-12-28,0,0,-0.66999412,0.0016677075,0.17225897,0.0040650407,0.0072765073,0.008097609,0.0041295425,0,0,0,0,0,0,0,0,0,0,0.0081076609
2021-12-29,0,0,-2.1042182,0.0077488903,0.14696284,-0.0022157785,-0.0051461507,-0.0044315571,-0.0050659578,0,-0,0,-0,0,-0,0,-0,0,-0,-0.0022157785
2021-12-30,0,0,0.026702813,0.0092923416,0.12908952,-0.0068761472,-0.014857615,-0.013741754,-0.0074031174,0,-0,0,-0,0,-0,0,-0,0,-0,-0.0061137766
2022-01-03,1,0,2.75793,0.0063635853,0.11879774,-0.0021967159,-0.0064195486,-0.0043734966,-0.0041544969,0,-0,0,-0,0,-0,0,-0,2,-0.0087089939,0.0023722829
2022-01-04,0,0,-0.34286229,0.0013749868,0.11759631,-0.0033210737,-0.0035372451,-0.006624692,-0.0015403651,0,-0,0,-0,0,-0,0,-0,0,-0,-0.00068798503
2022-01-05,0,0,-0.52533999,-0.0014031389,0.11742863,-0.012005962,-0.023299748,-0.024065724,-0.011445646,0,-0,0,-0,0,-0,0,-0,0,-0,-0.014209787
2022-01-06,0,0,-1.5769943,0.000915631,0.12158661,-0.0031785322,-0.0030541012,-0.0064013596,-0.00095708632,0,-0,0,-0,0,-0,0,-0,0,-0,-0.010028773
2022-01-07,1,0,1.623422,0.00011368585,0.12590928,0.0060843965,0.011245675,0.012091831,0.0065670873,0,0,0,0,0,0,0,0,2,0.012734175,0.012528924
2022-01-10,0,0,-0.76182356,0.0018825783,0.12878971,-0.0065007533,-0.013307577,-0.013016033,-0.0055430096,0,-0,0,-0,0,-0,0,-0,0,-0,-0.0076082716
2022-01-11,0,0,0.60954542,0.00042815142,0.12924631,0.0014299734,0.0019488956,0.0028554632,0.0016738772,0,0,0,0,0,0,0,0,0,0,0.0030048583
2022-01-12,1,1,1.6835602,-0.0016173158,0.13045533,0.0095394371,0.018964415,0.01895237,0.0060414489,2,0.018464415,2,0.018464415,2,0.018464415,1,0.0090394371,2,0.011682898,0.016323216
2022-01-13,0,0,0.37459292,0.00043683023,0.14086421,-0.0064102564,-0.013758599,-0.012803253,-0.00677315,0,-0,0,-0,0,-0,0,-0,0,-0,-0.0050690102
2022-01-14,0,0,-1.5604912,0.00059628054,0.14159512,-0.0075920395,-0.019456917,-0.015307127,-0.0056716111,0,-0,0,-0,0,-0,0,-0,0,-0,-0.015506022
2022-01-17,0,0,-0.61440476,-0.00017485423,0.14815791,-0.0072563634,-0.013519407,-0.014512727,-0.0082428941,0,-0,0,-0,0,-0,0,-0,0,-0,-0.0072563634
2022-01-18,0,0,0.85281084,0.00052923753,0.14985547,-0.010789437,-0.020888303,-0.021513249,-0.010543538,0,-0,0,-0,0,-0,0,-0,0,-0,-0.0077626994
2022-01-19,0,0,-1.1517177,0.0016880434,0.13732968,-0.00037375654,0.00022810219,-0.00075272864,0.0012177366,0,0,0,0,0,0,0,0,0,0,-0.007252377
2022-01-20,0,0,0.5412374,0.00087578669,0.13560197,0.0056939092,0.010941418,0.011386181,0.0064026245,0,0,0,0,0,0,0,0,0,0,0.0058385343
2022-01-21,0,0,-2.1498529,0.00020606901,0.13588477,-0.0018475217,-0.002531063,-0.0037306908,-0.0017518713,0,-0,0,-0,0,-0,0,-0,0,-0,-0.01129475
2022-01-24,0,0,0.43236533,0.0010051755,0.13691997,-0.0084981727,-0.018999073,-0.017045289,-0.0089152253,0,-0,0,-0,0,-0,0,-0,0,-0,-0.011337016
2022-01-25,0,0,-1.2575828,0.0016331973,0.13707748,-0.021935484,-0.04501303,-0.043980597,-0.021361059,0,-0,0,-0,0,-0,0,-0,0,-0,-0.024367413
2022-01-26,1,0,2.120457,0.00084846199,0.15482279,-0.0064537333,-0.01647001,-0.012862502,-0.0079456725,0,-0,0,-0,0,-0,0,-0,2,-0.016291345,-0.0029683377
2022-01-27,0,0,-0.023707739,0.0037142026,0.14907075,-0.035431417,-0.068905473,-0.07069528,-0.033949505,0,-0,0,-0,0,-0,0,-0,0,-0,-0.033139867
2022-01-28,1,0,1.8383198,0.0022720154,0.17982241,0.021377305,0.042328042,0.042527002,0.021953239,0,0,0,0,0,0,0,0,2,0.043506477,0.026873192
2022-02-03,0,0,-0.29968205,0.00093577441,0.21529617,-0.0074740196,-0.01425762,-0.014699423,-0.0067844096,0,-0,0,-0,0,-0,0,-0,0,-0,0.0096016962
2022-02-04,1,1,3.3785781,-0.0014132607,0.21994598,0.010441911,0.016588264,0.020827117,0.0089231617,1.3639713,0.012179007,2,0.016088264,2,0.016088264,1,0.0099419113,2,0.017446323,0.013200528
2022-02-07,0,0,-1.3902991,0.00049434596,0.22823419,-0.0082784404,-0.0091088134,-0.016591342,-0.0067870826,0,-0,0,-0,0,-0,0,-0,0,-0,-0.010334005
2022-02-08,1,1,2.640785,-0.0013159035,0.22680025,-0.0059368321,-0.012215978,-0.011780991,-0.0066409773,1.3227499,-0.0084634259,2,-0.012715978,2,-0.012715978,1,-0.0064368321,2,-0.013681955,0.0019447686
2022-02-09,1,1,2.0001543,-0.0012603048,0.22584702,0.0047944597,0.0094729172,0.0095042534,0.0044411749,1.3283328,0.0058305507,2,0.0089729172,2,0.0089729172,1,0.0042944597,2,0.0084823497,0.013825848
2022-02-10,1,1,1.1303707,-0.0029882791,0.22793577,0.0022836398,0.0018984338,0.0045400308,-0.00072611876,1.3161602,0.001661853,2,0.0013984338,2,0.0013984338,1,0.0017836398,2,-0.0018522375,0.0083355424
2022-02-11,0,0,-1.8178142,0.0018276814,0.22994616,-0.0002652989,0.0019323671,-0.00053549116,0.0029112478,0,0,0,0,0,0,0,0,0,0,-0.0093182217
2022-02-14,0,0,-1.8939566,0.00065807652,0.22982474,-0.0034844243,-0.010306748,-0.0070394994,-0.0037874629,0,-0,0,-0,0,-0,0,-0,0,-0,-0.013386407
2022-02-15,1,1,1.3481267,-0.00046014119,0.22457118,-0.009058133,-0.017751479,-0.018062446,-0.011003183,1.3358793,-0.012478048,2,-0.018251479,2,-0.018251479,1,-0.009558133,2,-0.022406366,-0.0060966498
2022-02-16,1,1,2.8751306,-0.0029444306,0.22481503,0.0070795407,0.01350356,0.014008652,0.0036616024,1.3344303,0.0087279277,2,0.01300356,2,0.01300356,1,0.0065795407,2,0.0069232047,0.018011246
2022-02-17,0,0,0.37462839,0.00089371746,0.23600887,0.0034156827,0.0099033816,0.0068103094,0.0039118742,0,0,0,0,0,0,0,0,0,0,0.0065276465
2022-02-18,0,0,-1.3716036,0.00051153667,0.2364786,0.0068214847,0.014669927,0.013790209,0.0081516536,0,0,0,0,0,0,0,0,0,0,-0.0038148898
2022-02-21,0,0,-3.986388,0.0028013209,0.23561997,0.012820131,0.03436255,0.025954429,0.01504837,0,0,0,0,0,0,0,0,0,0,0.00070698442
2022-02-22,0,0,-4.2078743,-0.0010031627,0.2346317,0.0013459755,0.0057342309,0.0027359781,0.0015981043,0,0,0,0,0,0,0,0,0,0,-0.014512378
2022-02-23,1,1,2.7547479,-0.0012512825,0.23665188,-0.0036183528,-0.0073277968,-0.0071857698,-0.0049419795,1.2676849,-0.0051113148,2,-0.0078277968,2,-0.0078277968,1,-0.0041183528,2,-0.010283959,0.0034948324
2022-02-24,0,0,-1.7800393,-0.00013012798,0.23464113,-0.014132465,-0.027812895,-0.028617628,-0.013914734,0,-0,0,-0,0,-0,0,-0,0,-0,-0.026134841
2022-02-25,1,1,1.3722343,-0.001197332,0.24721461,0.0019077613,0.0028061224,0.0037804915,-0.00097550099,1.2135205,0.0015995798,2,0.0023061224,2,0.0023061224,1,0.0014077613,2,-0.002351002,0.01127854
2022-02-28,0,0,-3.3693878,-1.1169846e-05,0.23629449,0.01417663,0.02519928,0.028539931,0.013881489,0,0,0,0,0,0,0,0,0,0,0.0075862903
2022-03-02,1,0,1.3114538,0.00081504071,0.2379538,-0.0045573112,-0.008004002,-0.009110252,-0.0025724718,0,-0,0,-0,0,-0,0,-0,2,-0.0055449436,-0.0040795512
2022-03-03,1,1,1.1131021,-0.0023710929,0.20150808,0.0096988869,0.018858561,0.019221102,0.0073826056,1.4887741,0.013675898,2,0.018358561,2,0.018358561,1,0.0091988869,2,0.014365211,0.019065691
2022-03-04,0,0,-0.89416859,0.00090884106,0.18868143,-0.011837304,-0.022805297,-0.023764145,-0.010017791,0,-0,0,-0,0,-0,0,-0,0,-0,-0.015546492
2022-03-07,0,0,-3.1201264,-0.0025564603,0.19376221,-0.0068018911,-0.0109375,-0.013824313,-0.0099834544,0,-0,0,-0,0,-0,0,-0,0,-0,-0.022397022
2022-03-08,0,0,-1.2002601,0.0019554149,0.20503595,-0.00037323878,0.0040650407,-0.00075614367,0.0036194416,0,0,0,0,0,0,0,0,0,0,-0.012990603
2022-03-10,1,0,1.946324,0.0047322944,0.20555737,0.00057953332,0.0023340249,0.0011366696,0.010385799,0,0,0,0,0,0,0,0,2,0.020371597,0.020691372
2022-03-11,0,0,-1.1791468,-0.0022112663,0.22600125,-0.00076436237,-0.0049363471,-0.001533272,-0.0017980053,0,-0,0,-0,0,-0,0,-0,0,-0,-0.0037190587
2022-03-14,0,0,0.60032388,0.0003916009,0.22011717,-0.00064332322,-0.0002617801,-0.0012881855,-0.00031010374,0,-0,0,-0,0,-0,0,-0,0,-0,-0.001835873
2022-03-15,0,0,-1.0738895,0.0032870728,0.21713352,-0.0055046436,-0.0084611317,-0.01104461,-0.0037179997,0,-0,0,-0,0,-0,0,-0,0,-0,-0.0086751272
2022-03-16,0,0,0.8075841,0.0010122736,0.21800757,0.0044372361,0.0075737791,0.008783354,0.0034096032,0,0,0,0,0,0,0,0,0,0,0.014966449
2022-03-17,1,0,2.3591485,0.0010578965,0.22012701,-0.0016780032,-0.0067516879,-0.0033015948,-0.002566296,0,-0,0,-0,0,-0,0,-0,2,-0.005532592,0.015050422
2022-03-18,0,0,-1.3864666,-0.0013304218,0.22583533,0.0048754063,0.01037712,0.0097769999,0.0032395614,0,0,0,0,0,0,0,0,0,0,0.0021910736
2022-03-21,0,0,-0.10160845,0.00103187,0.21489876,-0.015226006,-0.026630164,-0.03029764,-0.013853385,0,-0,0,-0,0,-0,0,-0,0,-0,-0.010182689
2022-03-22,0,0,-0.072662429,-0.00033313013,0.21574101,0.0090166415,0.018940363,0.018033283,0.0080833984,0,0,0,0,0,0,0,0,0,0,0.0090166415
2022-03-23,0,0,0.55286237,-0.00055595672,0.21823851,0.0031009601,0.0057171265,0.0061669829,0.002142504,0,0,0,0,0,0,0,0,0,0,0.0088161209
2022-03-24,0,0,-1.071671,0.0017643763,0.22091179,0.0023346304,0.0077909022,0.0047019109,0.0042837797,0,0,0,0,0,0,0,0,0,0,-0.0045776113
2022-03-25,0,0,-0.41375476,0.0005003446,0.21637205,-0.0084443387,-0.013620604,-0.016816675,-0.0074021274,0,-0,0,-0,0,-0,0,-0,0,-0,-0.004180602
2022-03-28,0,0,-1.5087404,0.00025366961,0.21654382,0.0039105977,0.01064369,0.0078459774,0.003965283,0,0,0,0,0,0,0,0,0,0,0.00074967015
2022-03-29,0,0,0.71968059,-0.00066786551,0.19439623,0,-0.0017369727,0,-0.0011258169,0,0,0,0,0,0,0,0,0,-0,0.0051838312
2022-03-30,0,0,0.45398065,0.00059710449,0.1923254,-0.0031683051,-0.010261422,-0.0062944879,-0.0045607232,0,-0,0,-0,0,-0,0,-0,0,-0,0.0035473678
2022-03-31,0,0,0.18943729,0.0024094853,0.19016705,0.0038642173,0.0086569379,0.007733722,0.0041472123,0,0,0,0,0,0,0,0,0,0,0.0031783752
2022-04-01,0,0,0.18353827,0.0018620376,0.19000521,-0.003509085,-0.0029754525,-0.0070485634,-0.0021430338,0,-0,0,-0,0,-0,0,-0,0,-0,-0.0077875163
2022-04-04,0,0,-1.304589,0.001844389,0.18029927,0.0066373666,0.018815855,0.013299386,0.00853945,0,0,0,0,0,0,0,0,0,0,0.0047748366
2022-04-05,0,0,-0.037681645,0.00075055294,0.17311258,-0.0048519275,-0.0080704329,-0.0096661067,-0.0036604021,0,-0,0,-0,0,-0,0,-0,0,-0,-0.00095042918
2022-04-06,0,0,-0.79902012,0.00060163663,0.14728507,-0.0040092152,-0.0067584481,-0.0080701015,-0.0028449895,0,-0,0,-0,0,-0,0,-0,0,-0,-0.01034575
2022-04-07,0,0,-0.97757949,0.0020121664,0.14716376,-0.0085106383,-0.012800819,-0.017100755,-0.0075328516,0,-0,0,-0,0,-0,0,-0,0,-0,-0.01309742
2022-04-08,0,0,0.32063956,-4.6996892e-05,0.13087424,-0.001397242,-0.0015499871,-0.0027886393,-0.0023818865,0,-0,0,-0,0,-0,0,-0,0,-0,0.00070008827
2022-04-11,0,0,-0.90149989,0.0014652036,0.12805994,0.0038166774,0.010206752,0.0076626004,0.0036956583,0,0,0,0,0,0,0,0,0,0,0
2022-04-12,0,0,-0.12645429,8.7736683e-05,0.12785812,-0.0024810096,-0.00446898,-0.0049969155,-0.0033662414,0,-0,0,-0,0,-0,0,-0,0,-0,-0.0093989536
2022-04-13,1,1,1.2732649,-0.00059777195,0.12746879,0.016167555,0.029357798,0.032245259,0.014611537,2,0.028857798,2,0.028857798,2,0.028857798,1,0.015667555,2,0.028823073,0.01900697
2022-04-14,0,0,-0.91216378,-0.00050619219,0.1349844,-0.0053348604,-0.0068947906,-0.010672294,-0.005149904,0,-0,0,-0,0,-0,0,-0,0,-0,-0.0055746399
2022-04-15,0,0,-1.0729889,0.0012556225,0.12429537,-0.0053988104,-0.0047120419,-0.010869231,-0.001439255,0,-0,0,-0,0,-0,0,-0,0,-0,-0.01190873
2022-04-18,0,0,-1.2119849,-0.00123799,0.1280527,0.0039995078,0.012789768,0.0080246914,0.0040887021,0,0,0,0,0,0,0,0,0,0,0.00079735034
2022-04-19,1,1,1.4064489,-0.0025397307,0.12388647,0.0076596784,0.011724857,0.015256504,0.0044691795,2,0.011224857,2,0.011224857,2,0.011224857,1,0.0071596784,2,0.0085383591,0.011828155
2022-04-20,0,0,-1.6316882,0.0014593244,0.12650885,-0.001059739,0.0023255814,-0.0021190289,0.0010640085,0,0,0,0,0,0,0,0,0,0,-0.00084797093
2022-04-21,0,0,0.5248744,0.00079412667,0.12169581,0.0012388953,0.0020460358,0.0024701771,0.0019255993,0,0,0,0,0,0,0,0,0,0,0.0043343841
2022-04-22,0,0,-1.1213996,0.00087555208,0.12247679,-0.002040257,-0.0026041667,-0.004117629,-0.00030938854,0,-0,0,-0,0,-0,0,-0,0,-0,-0.010955183
2022-04-25,0,0,-0.36463449,-0.00026273169,0.12660055,-0.0051517769,-0.0093557872,-0.010417966,-0.0067736794,0,-0,0,-0,0,-0,0,-0,0,-0,-0.015958745
2022-04-26,1,1,1.0361162,-0.0013970328,0.14052391,0.00015441631,0.00080364318,0.0003075882,-0.0018785757,2,0.00030364318,2,0.00030364318,2,0.00030364318,1,-0.00034558369,2,-0.0041571514,0.004217185
2022-04-27,0,0,-0.47206166,-0.00078566034,0.14059824,0.0018155069,0.011376249,0.0036814878,-0.00060620057,0,0,0,0,0,0,0,0,0,-0,-0.011733827
2022-04-28,1,0,1.3904805,6.9719313e-05,0.14496562,0.0038202317,0.010328894,0.0075951712,0.0044462293,0,0,0,0,0,0,0,0,2,0.0084924586,0.0098422122
2022-04-29,0,0,-2.0744871,-0.00055126469,0.15209764,0.014283506,0.030400861,0.028544949,0.013269412,0,0,0,0,0,0,0,0,0,0,0.015068069
2022-05-02,0,0,0.60659355,-0.00097640652,0.16138842,0.0078946557,0.012516644,0.015976534,0.0077139848,0,0,0,0,0,0,0,0,0,0,-0.0037796812
2022-05-03,0,0,-0.39123816,-0.00092926521,0.15997705,-0.0026003426,-0.0036842105,-0.0051998899,-0.0027097211,0,-0,0,-0,0,-0,0,-0,0,-0,-0.0024477557
2022-05-04,0,0,0.5312415,-0.00020226036,0.1599483,-0.0021372088,-0.0052410901,-0.0042549312,-0.0028180922,0,-0,0,-0,0,-0,0,-0,0,-0,0.0024537619
2022-05-06,0,0,-1.8986587,0.00028205732,0.1568898,-0.0035863348,-0.0051157781,-0.0072484144,-0.0035973277,0,-0,0,-0,0,-0,0,-0,0,-0,-0.013891014
2022-05-09,0,0,-0.45229791,-0.00027636288,0.15585794,-0.0055138469,-0.0093023256,-0.011071842,-0.0066147077,0,-0,0,-0,0,-0,0,-0,0,-0,-0.0094635266
2022-05-10,1,1,1.2467792,-0.00032300435,0.1591811,0.0023039293,0.0058906031,0.0046428799,0.0013111124,1.8846458,0.0049768653,2,0.0053906031,2,0.0053906031,1,0.0018039293,2,0.0022222248,-0.0051998496
2022-05-11,0,0,-1.2700816,-0.00050019856,0.15964495,0.0050960656,0.0073177596,0.010245641,0.0035649582,0,0,0,0,0,0,0,0,0,0,-0.00012595252
2022-05-12,0,0,-0.92013822,-8.9031478e-05,0.15680472,-0.0062362786,-0.010285714,-0.012602881,-0.006467925,0,-0,0,-0,0,-0,0,-0,0,-0,-0.016407382
2022-05-13,1,1,1.8028231,-0.001547987,0.14584148,0.017568428,0.032744875,0.034928971,0.014714089,2,0.032244875,2,0.032244875,2,0.032244875,1,0.017068428,2,0.029028177,0.023660872
2022-05-16,0,0,-0.30769029,0.00067134649,0.17111875,-0.010963754,-0.022826087,-0.021775338,-0.012035734,0,-0,0,-0,0,-0,0,-0,0,-0,-0.0040035031
2022-05-17,1,1,1.071196,-0.00050715186,0.16871577,0.0080890422,0.015231238,0.016152257,0.0069247262,1.7781385,0.013146659,2,0.014731238,2,0.014731238,1,0.0075890422,2,0.013449452,0.0097035548
2022-05-18,0,0,-0.36596674,-0.00066069244,0.17385013,-0.0034029389,-0.0059411288,-0.0067698557,-0.0036611178,0,-0,0,-0,0,-0,0,-0,0,-0,0.0019282804
2022-05-19,0,0,-1.4783744,-0.00092989932,0.16911062,0.0072321259,0.013636364,0.014787431,0.0063623303,0,0,0,0,0,0,0,0,0,0,-0.014310104
2022-05-20,1,1,1.7213094,-0.0014668299,0.17549377,0.013610989,0.028309742,0.027109751,0.011994785,1.7094624,0.023539201,2,0.027809742,2,0.027809742,1,0.013110989,2,0.02358957,0.017824526
2022-05-23,1,1,1.141462,-0.00088816469,0.18780382,-0.0010166359,-0.0050720769,-0.0020245399,-0.0023351179,1.5974116,-0.0039394032,2,-0.0055720769,2,-0.0055720769,1,-0.0015166359,2,-0.0050702358,0.0033106436
2022-05-24,0,0,-2.5100972,-5.7378914e-05,0.18547914,-0.014370219,-0.027070926,-0.028863799,-0.014153917,0,-0,0,-0,0,-0,0,-0,0,-0,-0.018564776
2022-05-25,1,1,2.1035646,-0.00052412055,0.1851329,-0.001936048,-0.003301238,-0.003848183,-0.0021366287,1.6204575,-0.0032830903,2,-0.003801238,2,-0.003801238,1,-0.002436048,2,-0.0046732575,0.0043047918
2022-05-26,0,0,-0.88175316,-0.0001495043,0.18497194,-0.0033790126,-0.0060823887,-0.0067580252,-0.0037043468,0,-0,0,-0,0,-0,0,-0,0,-0,-0.0033790126
2022-05-27,1,1,1.0195506,-0.0017671356,0.17992312,0.00031073271,-0.0016304348,0.00061519532,-0.0010906377,1.6673788,-0.0014847614,2,-0.0021304348,2,-0.0021304348,1,-0.00018926729,2,-0.0025812755,0.010610912
2022-05-30,0,0,0.1523188,0.00092813213,0.17956123,0.0020894147,0.0050666667,0.0041339899,0.0027309191,0,0,0,0,0,0,0,0,0,0,0.013077783
2022-05-31,0,0,-0.51619506,0.00055743386,0.17827738,0.0057130571,0.0092986185,0.011445802,0.0078171636,0,0,0,0,0,0,0,0,0,0,0.0039861405
2022-06-02,0,0,-0.35675927,-0.00086285953,0.17925774,-0.0052523267,-0.0085401655,-0.010565012,-0.0050526555,0,-0,0,-0,0,-0,0,-0,0,-0,-0.010903094
2022-06-03,0,0,0.30915168,-0.00092562087,0.18376624,-0.0030002449,-0.0050317797,-0.0059498513,-0.0041304778,0,-0,0,-0,0,-0,0,-0,0,-0,0.0055579571
2022-06-07,0,0,-0.21956587,0.00098816956,0.18439823,-0.013792465,-0.023738872,-0.027719211,-0.012484288,0,-0,0,-0,0,-0,0,-0,0,-0,-0.018546951
2022-06-08,0,0,-0.33985994,-0.0015321992,0.18915268,0.0014381292,0.00082644628,0.0028741018,-0.00069272066,0,0,0,0,0,0,0,0,0,-0,0.0021901007
2022-06-09,0,0,0.26963715,-0.00042008621,0.18559392,0.00043861023,0.001384658,0.00088033704,0.0036774287,0,0,0,0,0,0,0,0,0,0,-0.0030906593
2022-06-10,0,0,-0.87047936,0.0010342762,0.18458304,-0.002524854,-0.0045095829,-0.0050895442,-0.0012561346,0,-0,0,-0,0,-0,0,-0,0,-0,-0.010271506
2022-06-13,0,0,-1.6501437,-0.0028283063,0.19129124,-0.015214161,-0.030687518,-0.031077827,-0.017512509,0,-0,0,-0,0,-0,0,-0,0,-0,-0.03537415
2022-06-14,0,0,0.42229045,-0.0054794152,0.22189084,0.014194109,0.0175,0.028914515,0.0078297716,0,0,0,0,0,0,0,0,0,0,-0.0039361039
2022-06-15,0,0,-0.10183647,0.00048686034,0.2040217,-0.015870397,-0.030892802,-0.031802704,-0.016753128,0,-0,0,-0,0,-0,0,-0,0,-0,-0.017782461
2022-06-16,1,0,1.8171563,7.7650589e-05,0.21161087,-0.013143519,-0.023067332,-0.025962136,-0.01368144,0,-0,0,-0,0,-0,0,-0,2,-0.02776288,-0.00063700674
2022-06-17,0,0,-1.3668555,0.00013062374,0.20590239,0.011036321,0.021185038,0.022488338,0.011790365,0,0,0,0,0,0,0,0,0,0,-0.0073134729
2022-06-20,0,0,0.69049972,0.0016490454,0.20489428,-0.02256245,-0.041973726,-0.044832877,-0.021837865,0,-0,0,-0,0,-0,0,-0,0,-0,-0.016154106
2022-06-21,0,0,0.98687767,0.0012347179,0.20720617,0.00034168176,0.0023178808,0.00067976344,0.0013609748,0,0,0,0,0,0,0,0,0,0,0.0056677659
2022-06-22,0,0,-1.365676,0.00010667919,0.19475033,-0.028760083,-0.063133791,-0.05731728,-0.029577598,0,-0,0,-0,0,-0,0,-0,0,-0,-0.02530997
2022-06-23,0,0,0.56196662,-0.0020489362,0.20638978,-0.0073287047,-0.017379214,-0.014666667,-0.010880477,0,-0,0,-0,0,-0,0,-0,0,-0,-0.007954864
2022-06-24,0,0,0.58258901,-0.00051624602,0.2020809,0.015780964,0.03402315,0.031404092,0.014960809,0,0,0,0,0,0,0,0,0,0,0.020912077
2022-06-27,0,0,-1.0233958,0.00039678832,0.22201818,0.0052197802,0.0093708166,0.010361635,0.0060131717,0,0,0,0,0,0,0,0,0,0,0.012836926
2022-06-28,0,0,0.49700658,-0.00055110185,0.23127742,0.0064485312,0.013227513,0.012880801,0.0077688299,0,0,0,0,0,0,0,0,0,0,0.0077206887
2022-06-29,0,0,-1.6674361,0.0014314566,0.22981792,-0.0051111416,-0.013315579,-0.010345067,-0.0046766137,0,-0,0,-0,0,-0,0,-0,0,-0,-0.016780799
2022-06-30,0,0,-1.1583207,0.00261871,0.22673565,-0.012908361,-0.023882634,-0.025912675,-0.01285347,0,-0,0,-0,0,-0,0,-0,0,-0,-0.016550012
2022-07-01,1,0,1.7523686,0.0032909458,0.22630456,-0.015757364,-0.031466113,-0.031337747,-0.015224151,0,-0,0,-0,0,-0,0,-0,2,-0.030848303,-0.010167233
2022-07-04,0,0,-0.62134379,0.00062704924,0.22607588,0,0,0,-0.0014780267,0,0,0,0,0,0,0,0,0,-0,0.0003187759
2022-07-05,1,1,2.1536418,-0.00050357739,0.22373018,0.0065253999,0.013669821,0.012931934,0.0061207879,1.3409009,0.0084609396,2,0.013169821,2,0.013169821,1,0.0060253999,2,0.011841576,0.015862899
2022-07-06,0,0,-1.508408,-0.0019455835,0.234904,-0.01493219,-0.030537031,-0.030105547,-0.015823403,0,-0,0,-0,0,-0,0,-0,0,-0,-0.022760544
2022-07-07,1,0,1.0625704,0.00029231118,0.240213,0.012030288,0.024964337,0.023870537,0.013177785,0,0,0,0,0,0,0,0,2,0.02595557,0.020151942
2022-07-08,0,0,0.38157538,-0.0012426713,0.25699266,-0.001735388,-0.0041152263,-0.0034456619,-0.0018665723,0,-0,0,-0,0,-0,0,-0,0,-0,0.0055940144
2022-07-11,0,0,0.61197809,-0.0011161727,0.25839051,-0.0078753816,-0.017465753,-0.015716956,-0.0088731715,0,-0,0,-0,0,-0,0,-0,0,-0,-0.005736736
2022-07-12,0,0,-0.057671411,0.00035910126,0.23231635,-0.0054771435,-0.011591149,-0.010998696,-0.0062227145,0,-0,0,-0,0,-0,0,-0,0,-0,-0.0094765185
2022-07-13,1,1,1.5244497,-0.00048739114,0.23370316,0.0027823759,0.0060113154,0.0055516514,0.0011428945,1.2836797,0.0031983604,2,0.0055113154,2,0.0055113154,1,0.0022823759,2,0.0018857889,0.0051542752
2022-07-14,0,0,-1.0229724,-0.00018041498,0.22880082,0.0038213856,0.0085806221,0.0076999857,0.0021332458,0,0,0,0,0,0,0,0,0,0,-0.003582467
2022-07-15,1,1,1.6104127,-0.00016562956,0.22867351,-0.00017515589,0.00034989503,-0.00034816517,0.0014961782,1.3119141,-0.0005113851,2,-0.00015010497,2,-0.00015010497,1,-0.00067515589,2,0.0025923565,0.0060274938
2022-07-18,0,0,0.51992087,-0.0020086609,0.23133078,0.012071597,0.023303633,0.023905204,0.012248441,0,0,0,0,0,0,0,0,0,0,0.022248695
2022-07-19,0,0,-0.40021335,-0.0013894209,0.23884084,0.00061938681,0,0.0012436952,0.0016593273,0,0,0,0,0,0,0,0,0,0,-0.0033246504
2022-07-20,1,1,1.1875268,-0.0011115853,0.23801764,-0.0085956007,-0.016672115,-0.016921488,-0.0098073006,1.2604108,-0.011198812,2,-0.017172115,2,-0.017172115,1,-0.0090956007,2,-0.020014601,0.0074624299
2022-07-21,0,0,-0.43402303,0.00084313939,0.21830765,0.0096127625,0.017880795,0.019199346,0.010941749,0,0,0,0,0,0,0,0,0,0,0.010991262
2022-07-22,0,0,-1.2492931,-0.00067006202,0.21788746,-0.0041624365,-0.007518797,-0.0083440744,-0.0056091752,0,-0,0,-0,0,-0,0,-0,0,-0,-0.0064487811
2022-07-25,0,0,0.066446033,0.00048523606,0.20791068,0.0072616937,0.01459854,0.014570578,0.0061314791,0,0,0,0,0,0,0,0,0,0,0.0040099229
2022-07-26,0,0,-0.81183792,0.00064543952,0.20301699,0.0070987025,0.014492754,0.014247248,0.0069945493,0,0,0,0,0,0,0,0,0,0,0.0035877475
2022-07-27,0,0,0.99782855,-0.00053397313,0.20085574,0.00060722599,0.00097529259,0.0012147798,-0.00028139949,0,0,0,0,0,0,0,0,0,-0,0.00033725675
2022-07-28,0,0,-0.11753681,-0.00020744139,0.18684365,-0.0030387017,-0.0054243778,-0.006019912,-0.003933228,0,-0,0,-0,0,-0,0,-0,0,-0,0.0065742895
2022-07-29,0,0,0.72947568,-8.3893511e-05,0.17295479,-0.0034894154,-0.0060031596,-0.006924751,-0.0032986004,0,-0,0,-0,0,-0,0,-0,0,-0,0.0043542337
2022-08-01,0,0,-1.9676718,0.00081228981,0.16650214,0.0020394517,0.0015943878,0.0040892941,0.0025765195,0,0,0,0,0,0,0,0,0,0,-0.00050023344
2022-08-02,0,0,-0.064244152,0.00019707675,0.16679804,-0.0043423074,-0.0076555024,-0.0086941983,-0.0030994297,0,-0,0,-0,0,-0,0,-0,0,-0,-0.0054385906
2022-08-03,0,0,0.35274948,1.9688507e-05,0.16073087,0.0065385776,0.01285347,0.013070581,0.0072166231,0,0,0,0,0,0,0,0,0,0,0.0070450886
2022-08-04,0,0,0.16881967,-0.00094905865,0.13420387,-0.0015554158,-0.0040663122,-0.0030904787,-0.001962528,0,-0,0,-0,0,-0,0,-0,0,-0,0.0050636285
2022-08-05,0,0,0.77427159,-0.00081824352,0.11960422,0.0034695833,0.008119925,0.0069179075,0.0024180466,0,0,0,0,0,0,0,0,0,0,0.0065628107
2022-08-08,0,0,-0.8687292,-0.0021722052,0.11970436,0.0051059315,0.0075282309,0.010282433,0.0036190768,0,0,0,0,0,0,0,0,0,0,-0.0017452582
2022-08-09,0,0,0.015141526,-0.00024045008,0.11604207,0.0028360375,0.0052811432,0.005670392,0.0027505272,0,0,0,0,0,0,0,0,0,0,0.0031337622
2022-08-10,0,0,-0.87907255,6.8160811e-05,0.10441563,-0.0064134352,-0.012507817,-0.012895507,-0.0059760956,0,-0,0,-0,0,-0,0,-0,0,-0,-0.011673792
2022-08-11,0,0,0.69961114,-0.000701843,0.11717739,0.0052307794,0.0099071207,0.010345164,0.0052407069,0,0,0,0,0,0,0,0,0,0,0.016669439
2022-08-12,0,0,-0.44481008,0.00045251978,0.12459951,0.0048818846,0.0085915925,0.0097749787,0.004373842,0,0,0,0,0,0,0,0,0,0,0.0037308548
2022-08-16,0,0,-0.50579641,0.0016570324,0.12357072,-0.0041777317,-0.0072072072,-0.0082995561,-0.0027053024,0,-0,0,-0,0,-0,0,-0,0,-0,0.002575807
2022-08-17,0,0,-0.014002922,0.0007929376,0.1011689,-0.0069471497,-0.014457831,-0.013869536,-0.0066243112,0,-0,0,-0,0,-0,0,-0,0,-0,-0.0051708999
2022-08-18,0,0,-1.0266618,0.0026142785,0.10346561,0.0015445792,0.0080720273,0.0031055901,0.0040614407,0,0,0,0,0,0,0,0,0,0,-0.0037267081
2022-08-19,0,0,-0.0847066,0.00022623509,0.10419323,-0.0067525486,-0.012623153,-0.013491388,-0.006898438,0,-0,0,-0,0,-0,0,-0,0,-0,-0.0057422234
2022-08-22,0,0,-1.2638624,-5.9599097e-06,0.10151911,-0.0023352015,-0.0031918289,-0.0047215945,-0.001608463,0,-0,0,-0,0,-0,0,-0,0,-0,-0.013035873
2022-08-23,0,0,0.43970269,-0.0014848682,0.10829254,-0.0054554639,-0.012012987,-0.010989011,-0.0067321178,0,-0,0,-0,0,-0,0,-0,0,-0,-0.012472414
2022-08-24,1,1,1.0558694,-0.00152585,0.11795028,0.00074251578,0.0022875817,0.0014802355,-0.00090582539,2,0.0017875817,2,0.0017875817,2,0.0017875817,1,0.00024251578,2,-0.0022116508,0.0039955304
2022-08-25,0,0,0.80024114,-0.0013357744,0.11781579,0.0078610542,0.017822424,0.015661078,0.0063747746,0,0,0,0,0,0,0,0,0,0,0.011803986
2022-08-26,0,0,-0.10200013,-0.00062516523,0.12496119,-0.0041138611,-0.0072623934,-0.0081894132,-0.0044566019,0,-0,0,-0,0,-0,0,-0,0,-0,0.00056664778
2022-08-29,0,0,-1.4976902,-0.0040643119,0.12342766,-0.00013651877,0.0020080321,-0.00027989644,-0.0034651126,0,0,0,0,0,0,0,0,0,-0,-0.024052235
2022-08-30,1,1,1.5304889,-0.0012060232,0.14779008,0.0063196521,0.012582781,0.012581169,0.0047803252,2,0.012082781,2,0.012082781,2,0.012082781,1,0.0058196521,2,0.0091606504,0.010991262
2022-08-31,0,0,-0.81673943,-0.0014021793,0.15283539,0.017075083,0.035380507,0.03447564,0.018929833,0,0,0,0,0,0,0,0,0,0,0.0075629685
2022-09-01,0,0,-2.143157,-0.0026738147,0.15731216,-0.010013578,-0.021199073,-0.020290254,-0.011670954,0,-0,0,-0,0,-0,0,-0,0,-0,-0.022686147
2022-09-02,0,0,0.63745936,-0.00048420243,0.17811445,-0.0098661751,-0.018132975,-0.019647167,-0.011186248,0,-0,0,-0,0,-0,0,-0,0,-0,-0.0055546031
2022-09-05,0,0,0.91814523,0.00016886515,0.17736038,0.00013793579,-0.0010249402,0.00027590964,-0.0019802613,0,0,0,0,0,0,0,0,0,-0,0
2022-09-06,0,0,0.52408076,0.001005513,0.1747608,-0.0024077323,-0.0030674847,-0.004803898,-0.0011169262,0,-0,0,-0,0,-0,0,-0,0,-0,0
2022-09-07,0,0,-1.1422748,4.2199129e-05,0.17527852,-0.0077417115,-0.014563107,-0.01559059,-0.0086855819,0,-0,0,-0,0,-0,0,-0,0,-0,-0.01451574
2022-09-08,0,0,-0.14150198,0.00094978325,0.18041458,-0.0049685556,-0.0076441974,-0.0098688751,-0.0035779905,0,-0,0,-0,0,-0,0,-0,0,-0,0.0019592751
2022-09-13,0,0,0.5182581,0.0021761699,0.17883628,0.013065844,0.025693036,0.025672125,0.014748511,0,0,0,0,0,0,0,0,0,0,0.031531532
2022-09-14,0,0,-2.024081,-0.0021454267,0.20285877,0.0092008504,0.019594122,0.018962112,0.0085784314,0,0,0,0,0,0,0,0,0,0,-0.019769134
2022-09-15,0,0,-0.061128195,0.0002077201,0.21051997,-0.0078216525,-0.016729259,-0.015608347,-0.0080472617,0,-0,0,-0,0,-0,0,-0,0,-0,-0.0055945022
2022-09-16,0,0,-0.46760576,-0.0029397386,0.20971788,0.00241927,0.0053229241,0.0048854746,0.00035647158,0,0,0,0,0,0,0,0,0,0,-0.0071192915
2022-09-19,1,1,1.1171371,-0.00085865106,0.20982264,-0.0094221106,-0.018947368,-0.018800919,-0.0099812649,1.4297789,-0.014015866,2,-0.019447368,2,-0.019447368,1,-0.0099221106,2,-0.02036253,-0.007135362
2022-09-20,0,0,0.87784479,-0.00036665786,0.21027781,-0.0035331981,-0.0056497175,-0.0070173001,-0.003951289,0,-0,0,-0,0,-0,0,-0,0,-0,0.0034876347
2022-09-21,0,0,-0.75912187,0.00058100133,0.21138301,-0.0018392106,-0.0050377834,-0.0037062115,-0.001376643,0,-0,0,-0,0,-0,0,-0,0,-0,-0.0092680358
2022-09-22,0,0,-1.3261496,0.0012313935,0.20989771,0.0011117885,0.0037133309,0.0022508622,0.0032593874,0,0,0,0,0,0,0,0,0,0,-0.010878424
2022-09-23,0,0,0.52410732,-0.00043810069,0.20841919,-0.012038696,-0.024787273,-0.024080843,-0.012405466,0,-0,0,-0,0,-0,0,-0,0,-0,-0.012180268
2022-09-26,0,0,-1.4238024,0.00085247779,0.21007188,-0.011866275,-0.022265625,-0.024045262,-0.013213009,0,-0,0,-0,0,-0,0,-0,0,-0,-0.024552114
2022-09-27,1,0,1.1465132,0.0012483598,0.21733045,0.001077306,0.0047961631,0.0021528525,-0.00024115479,0,0,0,0,0,0,0,0,2,-0.00088230957,0.0018961222
2022-09-28,0,0,-1.6406974,-0.00027761741,0.21757879,-0.013214205,-0.028838343,-0.026739593,-0.015539178,0,-0,0,-0,0,-0,0,-0,0,-0,-0.02456583
2022-09-29,0,0,0.75941238,0.00024356143,0.21848893,-0.011800519,-0.024052181,-0.023317986,-0.013782275,0,-0,0,-0,0,-0,0,-0,0,-0,0.00034238758
2022-09-30,1,0,1.0536321,0.0015066163,0.21137969,-0.00053451436,-0.0037862852,-0.0010732493,-0.0013842059,0,-0,0,-0,0,-0,0,-0,2,-0.0031684117,-0.0044495151
2022-10-04,1,1,2.5288994,-0.00087327695,0.2019181,0.0095263198,0.018829308,0.018783874,0.0070567686,1.4857509,0.013545255,2,0.018329308,2,0.018329308,1,0.0090263198,2,0.013713537,0.02418061
2022-10-05,1,1,1.2876228,-0.0018617136,0.21911054,-0.01704483,-0.030042918,-0.033512306,-0.01640181,1.3691719,-0.022343359,2,-0.030542918,0,-0,1,-0.01754483,2,-0.033203621,0.00018649062
2022-10-06,1,1,1.5411048,-0.0017927036,0.2203113,0.002922138,0.0067460317,0.0057973142,0.00020604396,1.3617095,0.0038052769,2,0.0062460317,2,0.0062460317,1,0.002422138,2,1.2087912e-05,0.011112768
2022-10-07,0,0,-1.2162729,-0.00015928122,0.22396954,0.0071212856,0.015341138,0.014399879,0.0071440957,0,0,0,0,0,0,0,0,0,0,-0.0037618942
2022-10-11,0,0,-1.270591,0.00098016986,0.22316043,-0.00067980965,0.0029069767,-0.0013876041,0.0020042899,0,0,0,0,0,0,0,0,0,0,-0.020435362
2022-10-12,0,0,0.63697088,-0.0044299924,0.22575158,0.010488054,0.018249689,0.021015097,0.0065210532,0,0,0,0,0,0,0,0,0,0,0.00861678
2022-10-13,0,0,-0.36873179,-0.00078087948,0.22804405,-0.012372607,-0.024590164,-0.024835812,-0.012924861,0,-0,0,-0,0,-0,0,-0,0,-0,-0.01596223
2022-10-14,1,1,1.292031,-0.0033150799,0.19259325,0.0096074458,0.019191507,0.018941916,0.0061545951,1.557687,0.014452352,2,0.018691507,2,0.018691507,1,0.0091074458,2,0.01190919,0.024369812
2022-10-17,0,0,-0.47450538,-0.0012593327,0.21392509,0.014165693,0.025904605,0.028719829,0.012872084,0,0,0,0,0,0,0,0,0,0,0.00063192328
2022-10-18,0,0,0.31209541,0.0016853853,0.21420006,-0.0017572762,-0.00078033554,-0.0034643282,0.00085225336,0,-0,0,-0,0,-0,0,-0,0,0,0.012927672
2022-10-19,0,0,-1.1254403,0.00038453112,0.22243334,-0.0088690171,-0.016399844,-0.017725691,-0.0072253843,0,-0,0,-0,0,-0,0,-0,0,-0,-0.0081783841
2022-10-20,0,0,-0.83602903,6.4219484e-05,0.22264625,-0.0041648074,-0.010429202,-0.0083769634,-0.0024885079,0,-0,0,-0,0,-0,0,-0,0,-0,-0.0097618695
2022-10-21,0,0,-0.038482838,-0.00056577623,0.22274029,0.0049432648,0.010607915,0.0099151206,0.0030937152,0,0,0,0,0,0,0,0,0,0,0.0020537715
2022-10-24,1,1,1.3918581,-0.00032749852,0.22170471,-0.0063832129,-0.014826375,-0.012570892,-0.0072547684,1.3531512,-0.009864926,2,-0.015326375,2,-0.015326375,1,-0.0068832129,2,-0.014909537,0.0093161915
2022-10-25,0,0,-1.1554124,0.0025697983,0.2243021,0.00018434539,0.0011857708,0.00036817496,0.00099557142,0,0,0,0,0,0,0,0,0,0,0.0015875946
2022-10-26,0,0,-0.95643346,-0.0012811172,0.22031837,0.0072274051,0.013422819,0.014459609,0.005612402,0,0,0,0,0,0,0,0,0,0,0.0068932468
2022-10-27,1,1,1.8599189,-0.0011610418,0.19980561,0.01175871,0.021538462,0.023386309,0.010038871,1.5014594,0.016162858,2,0.021038462,2,0.021038462,1,0.01125871,2,0.019677742,0.017462932
2022-10-28,0,0,-0.8808888,-0.00044693052,0.20787565,-0.0057271277,-0.012972148,-0.011539585,-0.0058625337,0,-0,0,-0,0,-0,0,-0,0,-0,-0.013025331
2022-10-31,0,0,0.27928511,-0.0011181567,0.19237913,0.0041112193,0.008698941,0.0081347224,0.0032483842,0,0,0,0,0,0,0,0,0,0,0.015056507
2022-11-01,1,1,1.1516074,-0.0008419833,0.19724693,0.012573885,0.023507463,0.025083074,0.011146974,1.5209362,0.017769582,2,0.023007463,2,0.023007463,1,0.012073885,2,0.021893947,0.015192328
2022-11-02,0,0,-0.61931414,0.00018761691,0.19906501,0.0030932234,0.00625,0.0062173944,0.0045621343,0,0,0,0,0,0,0,0,0,0,-0.0018750442
2022-11-03,0,0,-1.4246746,-0.00055663724,0.18382308,0.011355853,0.022701476,0.023106547,0.010417016,0,0,0,0,0,0,0,0,0,0,-0.0056356999
2022-11-04,0,0,0.48126242,-0.0022556796,0.18720202,0.013209709,0.023853895,0.0265334,0.010525966,0,0,0,0,0,0,0,0,0,0,0.0088757396
2022-11-07,0,0,-0.04970016,-0.0026754285,0.18771496,0.007538131,0.017740768,0.015030729,0.0058481443,0,0,0,0,0,0,0,0,0,0,0.010599583
2022-11-08,0,0,0.54634852,-0.00052201324,0.18948476,0.0067656651,0.015454865,0.01342929,0.0062242002,0,0,0,0,0,0,0,0,0,0,0.014474006
2022-11-09,0,0,0.34570674,0.0002125222,0.17432061,0.0052826564,0.010273973,0.010516611,0.0058391832,0,0,0,0,0,0,0,0,0,0,0.0099596788
2022-11-10,0,0,0.051214597,0.0003027594,0.17523282,-0.0050201148,-0.0065494657,-0.01011781,-0.004798004,0,-0,0,-0,0,-0,0,-0,0,-0,-0.012591278
2022-11-11,1,0,1.2898286,0.0019849611,0.17121054,0.0078692697,0.017693316,0.015265192,0.0081754922,0,0,0,0,0,0,0,0,2,0.015950984,0.040121644
2022-11-14,0,0,-0.61763779,0.0019529757,0.19811555,-0.0075325192,-0.01545396,-0.015046066,-0.0058130546,0,-0,0,-0,0,-0,0,-0,0,-0,-0.006279487
2022-11-15,1,1,1.4127149,-0.00062185313,0.20089002,-0.00016666667,0.00097370983,-0.00033232528,-0.0013942248,1.4933544,-0.00010405686,2,0.00047370983,2,0.00047370983,1,-0.00066666667,2,-0.0031884496,0.0028753887
2022-11-16,0,0,-0.3691955,0.00033677528,0.19851837,-0.0038929926,-0.0077544426,-0.0077707302,-0.0031580903,0,-0,0,-0,0,-0,0,-0,0,-0,-0.0019336556
2022-11-17,0,0,-0.57246408,0.00044278547,0.19424357,-0.0078917322,-0.016776316,-0.015868193,-0.010094381,0,-0,0,-0,0,-0,0,-0,0,-0,-0.013160971
2022-11-18,0,0,0.7304334,-0.00055723996,0.20246233,-0.0023017297,-0.002680067,-0.0046034594,-0.0016056418,0,-0,0,-0,0,-0,0,-0,0,-0,-0.0023017297
2022-11-21,0,0,-0.38018791,0.0013180899,0.20209758,-0.010051782,-0.016465054,-0.020054695,-0.0080385852,0,-0,0,-0,0,-0,0,-0,0,-0,-0.0076335878
2022-11-22,0,0,-0.83472523,0.0030302228,0.20579475,-0.0047633734,-0.0096153846,-0.0095493267,-0.0027486576,0,-0,0,-0,0,-0,0,-0,0,-0,-0.0071111111
2022-11-23,0,0,0.5813346,-0.00085285894,0.21012582,-0.00051282051,0.0020576132,-0.0010183991,-0.002318638,0,0,0,0,0,0,0,0,0,-0,0.0066455478
2022-11-24,0,0,0.98218135,-0.00094220015,0.20986544,0.0024117667,0.0043830074,0.0047903384,0.0022109918,0,0,0,0,0,0,0,0,0,0,0.0094065333
2022-11-25,0,0,-0.069728712,0.00074054062,0.20542733,-0.004842533,-0.010060362,-0.009678511,-0.0038136662,0,-0,0,-0,0,-0,0,-0,0,-0,-0.0041680786
2022-11-28,0,0,-1.3595937,0.00041583107,0.19883999,-0.0059236432,-0.013365319,-0.011921579,-0.0053521934,0,-0,0,-0,0,-0,0,-0,0,-0,-0.012080172
2022-11-29,0,0,0.96281895,0.0006704905,0.20117225,0.011820657,0.022585129,0.023653541,0.012155618,0,0,0,0,0,0,0,0,0,0,0.011297878
2022-11-30,0,0,-0.66486057,-0.0010485777,0.19868811,0.020475946,0.040879423,0.041170396,0.021154764,0,0,0,0,0,0,0,0,0,0,0.015088556
2022-12-01,0,0,0.074861221,-0.00081773994,0.20566033,-0.0083027356,-0.014771997,-0.016373659,-0.010295971,0,-0,0,-0,0,-0,0,-0,0,-0,0.0059389994
2022-12-02,0,0,-0.72733565,0.0015392509,0.20217086,-0.01884645,-0.036805784,-0.037828395,-0.017894999,0,-0,0,-0,0,-0,0,-0,0,-0,-0.022348232
2022-12-05,0,0,0.80274703,-0.00045089567,0.21953771,-0.0064943897,-0.013559322,-0.012944764,-0.0074305951,0,-0,0,-0,0,-0,0,-0,0,-0,-0.0031047424
2022-12-06,0,0,-0.42887702,0.0013933081,0.21712991,-0.0043152553,-0.010118632,-0.0087062511,-0.0024445159,0,-0,0,-0,0,-0,0,-0,0,-0,-0.012902563
2022-12-07,0,0,0.52996281,-0.00049119932,0.21667063,-0.0022263967,-0.0017780939,-0.0044677138,-0.0027174792,0,-0,0,-0,0,-0,0,-0,0,-0,-0.0055474655
2022-12-08,0,0,0.43990809,-0.00078177972,0.2138836,-0.00087086773,-0.0014250089,-0.00174022,-0.0017488179,0,-0,0,-0,0,-0,0,-0,0,-0,0
2022-12-09,0,0,0.31807523,2.4825343e-05,0.20915287,0.0066259627,0.014492754,0.013186055,0.0058745683,0,0,0,0,0,0,0,0,0,0,0.011679799
2022-12-12,0,0,-0.85172502,0.00086533139,0.15802216,0.00076354423,0.0014149275,0.0015379776,0.00084039046,0,0,0,0,0,0,0,0,0,0,-0.0062721853
2022-12-13,0,0,-0.22681812,0.00093131917,0.15851957,-0.0061055536,-0.011192725,-0.012146166,-0.0054616719,0,-0,0,-0,0,-0,0,-0,0,-0,-0.00076296168
2022-12-14,0,0,0.16460419,-0.00061990067,0.15784759,0.0076771449,0.014406184,0.015299266,0.0075915978,0,0,0,0,0,0,0,0,0,0,0.011314337
2022-12-15,0,0,-1.111572,0.0013855182,0.1653157,-0.010600097,-0.020687237,-0.021330554,-0.0096546841,0,-0,0,-0,0,-0,0,-0,0,-0,-0.016610042
2022-12-16,0,0,-0.64537539,-0.0011020223,0.16702066,0.010344705,0.021433851,0.02100795,0.01318044,0,0,0,0,0,0,0,0,0,0,-0.0047461176
2022-12-19,0,0,0.16706509,-0.0022598327,0.16676598,0.0026715411,0.004,0.0053564506,0.0014363595,0,0,0,0,0,0,0,0,0,0,0.00017532172
2022-12-20,0,0,-0.002075273,-0.00059283696,0.16518041,-0.0044691558,-0.010932945,-0.0089720947,-0.0052347456,0,-0,0,-0,0,-0,0,-0,0,-0,-0.008203618
2022-12-21,1,0,1.0133637,0.00022748862,0.16544514,-0.0084334809,-0.016034985,-0.016767973,-0.0085338739,0,-0,0,-0,0,-0,0,-0,2,-0.017467748,-0.0025450689
2022-12-22,0,0,-0.38074401,7.9131727e-05,0.16280543,0.0083248086,0.016893133,0.016573034,0.00925622,0,0,0,0,0,0,0,0,0,0,0.013005883
2022-12-23,0,0,-1.6167122,0.0028173669,0.16705815,-0.0061204274,-0.013279233,-0.012380578,-0.0035297222,0,-0,0,-0,0,-0,0,-0,0,-0,-0.017211824
2022-12-26,0,0,-0.74599574,-6.039646e-06,0.17645916,0.0024942987,0,0.0049937578,0.0016900848,0,0,0,0,0,0,0,0,0,0,0.0014594383
2022-12-27,0,0,0.93717162,-0.00028123543,0.17265068,0.0027958664,0.0048165987,0.0055676933,0.0014813839,0,0,0,0,0,0,0,0,0,0,0.0071443805
2022-12-28,0,0,-2.8704152,0.01241938,0.16918245,-0.0073388641,-0.013001486,-0.014745165,-0.0075828434,0,-0,0,-0,0,-0,0,-0,0,-0,-0.011858126
2022-12-29,0,0,-0.39445238,0.014195441,0.17025687,-0.012604137,-0.022519084,-0.025345705,-0.013153434,0,-0,0,-0,0,-0,0,-0,0,-0,-0.017929212
2023-01-02,0,0,-0.080171684,0.010332654,0.1775567,-0.0083079379,-0.019767442,-0.016575585,-0.010617958,0,-0,0,-0,0,-0,0,-0,0,-0,-0.0058915518
2023-01-03,0,0,0.53833874,-0.00088115198,0.16614886,-0.0011692915,-0.003547497,-0.0023358517,-0.0036471236,0,-0,0,-0,0,-0,0,-0,0,-0,0
2023-01-04,0,0,-0.52787372,-0.00055997109,0.16657704,0.026781444,0.052,0.053864082,0.026496497,0,0,0,0,0,0,0,0,0,0,0.021071886
2023-01-05,0,0,0.41971915,-0.00026394469,0.18744774,0.002315722,0.0033809166,0.0046055195,0.00073912313,0,0,0,0,0,0,0,0,0,0,0.0079896815
2023-01-06,0,0,0.1832219,-0.0024005954,0.18931407,0.01771717,0.034078001,0.035683391,0.016313324,0,0,0,0,0,0,0,0,0,0,0.010663254
2023-01-09,0,0,0.33978145,-0.00083933617,0.1956563,0.015649452,0.030010718,0.030953364,0.015044248,0,0,0,0,0,0,0,0,0,0,0.027115425
2023-01-10,0,0,-0.60207337,0.00049124447,0.21600268,0.0039484979,0.0090845563,0.0079187468,0.0028507564,0,0,0,0,0,0,0,0,0,0,0.0011984249
2023-01-11,0,0,0.68683862,-0.00070723515,0.21477927,-0.0026217228,-0.0034305317,-0.005220339,-0.0041070397,0,-0,0,-0,0,-0,0,-0,0,-0,0.0018125855
2023-01-12,0,0,0.33160554,-0.0016243516,0.21496233,-0.0030544714,-0.0064735945,-0.0060734892,-0.0064276806,0,-0,0,-0,0,-0,0,-0,0,-0,0.0027993036
2023-01-13,0,0,0.70387526,-0.00098361078,0.21058013,0.0048558525,0.0098908595,0.0096873624,0.0045783441,0,0,0,0,0,0,0,0,0,0,0.007387234
2023-01-16,0,0,0.018208987,-0.00095561589,0.20318616,0.0061055827,0.012794613,0.012189373,0.0051843135,0,0,0,0,0,0,0,0,0,0,0.0079075426
2023-01-17,0,0,0.075072505,-0.0012125864,0.20421301,-0.0072463768,-0.016954787,-0.014501511,-0.0078110176,0,-0,0,-0,0,-0,0,-0,0,-0,-0.0078455039
2023-01-18,0,0,0.059942202,-0.001373168,0.20616168,-0.0054809351,-0.010504914,-0.010974866,-0.0054524584,0,-0,0,-0,0,-0,0,-0,0,-0,-0.0066572046
2023-01-19,0,0,0.15987884,-0.0002002579,0.204485,0.011696306,0.02248357,0.023517277,0.012029154,0,0,0,0,0,0,0,0,0,0,0.0063616261
2023-01-20,0,0,0.73462057,-0.0020535359,0.20455445,0.0075460206,0.01319797,0.015107378,0.0050638555,0,0,0,0,0,0,0,0,0,0,0.0065242377
2023-01-25,0,0,0.62883181,-0.002179623,0.20002835,0.0017554319,0.0075114304,0.0034630337,-0.00015585549,0,0,0,0,0,0,0,0,0,-0,0.015785055
2023-01-26,0,0,0.62262414,-0.0024068918,0.19357227,0.012850159,0.023563589,0.025677415,0.011652477,0,0,0,0,0,0,0,0,0,0,0.01375434
2023-01-27,0,0,-0.59083676,-0.00080861451,0.19784031,0.0057604062,0.013836478,0.011496119,0.0053951321,0,0,0,0,0,0,0,0,0,0,0.0079253775
2023-01-30,0,0,-0.18547339,-0.00036012758,0.1980385,-0.016269366,-0.032258065,-0.032525057,-0.016519857,0,-0,0,-0,0,-0,0,-0,0,-0,-0.015855553
2023-01-31,1,1,1.1030837,-0.00012395798,0.18611065,-0.01542053,-0.030517186,-0.03084106,-0.016888228,1.6119443,-0.025158842,2,-0.031017186,2,-0.031017186,1,-0.01592053,2,-0.034176456,-0.01542053
2023-02-01,0,0,0.72891387,-0.0017965871,0.1805204,0.003713651,0.0075114304,0.0073749712,0.002027828,0,0,0,0,0,0,0,0,0,0,0.010886625
2023-02-02,1,1,1.9370278,-0.001064101,0.17946041,-0.0029329336,-0.0078641082,-0.0057875953,-0.0061667792,1.6716779,-0.0067450946,2,-0.0083641082,2,-0.0083641082,1,-0.0034329336,2,-0.012733558,0.010736348
2023-02-03,0,0,-1.5226683,0.0013835074,0.17839984,0.0059262655,0.015020773,0.011873524,0.007046171,0,0,0,0,0,0,0,0,0,0,0.0041508694
2023-02-06,0,0,-0.92800946,0.00010107088,0.16756631,-0.013892994,-0.027884615,-0.028040171,-0.012604522,0,-0,0,-0,0,-0,0,-0,0,-0,-0.022751684
2023-02-07,0,0,0.82228238,-0.0020998892,0.19185013,0.0054581156,0.010869565,0.010907882,0.0037262024,0,0,0,0,0,0,0,0,0,0,0.0062283507
2023-02-08,0,0,0.48257183,-0.0021802108,0.18919284,0.0092102233,0.01540931,0.018306038,0.007300399,0,0,0,0,0,0,0,0,0,0,0.015557247
2023-02-09,0,0,-0.1979969,-0.0003547716,0.17395279,0.0027214899,0.0028753994,0.005475837,0.0036761299,0,0,0,0,0,0,0,0,0,0,-0.0032593462
2023-02-10,0,0,-0.21336938,-0.0023159758,0.17449461,0.0036853016,0.0028938907,0.0074169729,0.0012063099,0,0,0,0,0,0,0,0,0,0,-0.0025506033
2023-02-13,0,0,-0.87764431,-0.001849181,0.17587357,-0.00072499588,-0.0032299742,-0.0014575811,-0.0028203062,0,-0,0,-0,0,-0,0,-0,0,-0,-0.0059010589
2023-02-14,0,0,0.64309837,-0.00037059778,0.1782235,-0.0021264067,-0.0025559105,-0.0042189985,-0.003174114,0,-0,0,-0,0,-0,0,-0,0,-0,0.0059360881
2023-02-15,0,0,0.60088102,-0.00015485802,0.17621493,-0.020969641,-0.044557607,-0.041850292,-0.019850199,0,-0,0,-0,0,-0,0,-0,0,-0,-0.018883389
2023-02-16,0,0,0.98853936,-0.00093798792,0.18652393,0.013111163,0.025978297,0.026049395,0.0128125,0,0,0,0,0,0,0,0,0,0,0.019881712
2023-02-17,0,0,-1.2286532,-0.002569052,0.19561475,0.0053170278,0.0062438383,0.010788214,0.0019678276,0,0,0,0,0,0,0,0,0,0,-0.0088460782
2023-02-20,0,0,0.41339958,0.00089473765,0.19845674,0.0022452618,0.0039011704,0.0044854881,0.0022425016,0,0,0,0,0,0,0,0,0,0,0.0033716779
2023-02-21,0,0,0.21253522,-0.00097046453,0.19782316,-0.0011861614,-0.0025965596,-0.0023726356,-0.0018624286,0,-0,0,-0,0,-0,0,-0,0,-0,-0.0013177835
2023-02-22,0,0,-0.44227114,-0.00079225126,0.19727215,-0.0054425857,-0.012632979,-0.01101947,-0.0062904951,0,-0,0,-0,0,-0,0,-0,0,-0,-0.017417695
2023-02-23,1,1,1.2968658,-0.0018886452,0.1988535,0.0087619557,0.017713904,0.017456193,0.0052553734,1.5086484,0.012815349,2,0.017213904,2,0.017213904,1,0.0082619557,2,0.010110747,0.012690526
2023-02-24,0,0,-0.24115629,-0.0020262519,0.19520984,-0.0070747667,-0.015480896,-0.014176373,-0.00922192,0,-0,0,-0,0,-0,0,-0,0,-0,-0.0089510675
2023-02-27,0,0,-0.79234287,-0.0006765928,0.19412376,0.00013502565,-0.0023841962,0.00027253526,-0.0011136212,0,0,0,0,0,0,0,0,0,-0,-0.0088981066
2023-02-28,0,0,0.88212469,-0.0016048989,0.18883407,-0.00080715679,-0.0037174721,-0.0016085791,-0.0030087094,0,-0,0,-0,0,-0,0,-0,0,-0,0.0027676522
2023-03-02,1,1,1.042717,-0.00075136966,0.18014263,0.0017488397,0.0027081923,0.0034948585,0.0030447193,1.665347,0.0018871421,2,0.0022081923,2,0.0022081923,1,0.0012488397,2,0.0056894386,0.0025580613
2023-03-03,0,0,0.18452956,-0.0010981048,0.17491216,-0.0032054493,-0.008,-0.0063761955,-0.0041864711,0,-0,0,-0,0,-0,0,-0,0,-0,0.0022493789
2023-03-06,0,0,0.28843675,-0.00052734905,0.17155102,0.0054472382,0.0079025354,0.010803333,0.0053881336,0,0,0,0,0,0,0,0,0,0,0.014001943
2023-03-07,0,0,-0.72918304,0.00081887687,0.17873185,-0.003738627,-0.0062315513,-0.007488651,-0.00074990626,0,-0,0,-0,0,-0,0,-0,0,-0,-0.0052525519
2023-03-08,0,0,-0.98744403,0.00069514053,0.16142716,-0.0052280572,-0.01009761,-0.010552662,-0.0024039982,0,-0,0,-0,0,-0,0,-0,0,-0,-0.014246812
2023-03-09,0,0,0.62600141,-0.00047626054,0.16752279,-0.0069460756,-0.012495778,-0.013837361,-0.0079919133,0,-0,0,-0,0,-0,0,-0,0,-0,-0.0029983492
2023-03-10,0,0,-0.89312858,0.00046451085,0.15588258,0.00099175815,0.0017531557,0.0020077541,0.0016121232,0,0,0,0,0,0,0,0,0,0,-0.010948165
2023-03-13,1,0,2.2071696,0.00090073858,0.15915205,0.0035711856,0.011486251,0.007110449,0.0046187895,0,0,0,0,0,0,0,0,2,0.008837579,0.0080970277
2023-03-14,0,0,-2.0117065,4.966508e-05,0.16323907,-0.013893166,-0.030494217,-0.028059021,-0.014830099,0,-0,0,-0,0,-0,0,-0,0,-0,-0.023384282
2023-03-15,1,1,1.244418,-0.0025112844,0.18177216,0.0024045067,0.0042492918,0.0047607712,-0.0020984665,1.6504178,0.0031043877,2,0.0037492918,2,0.0037492918,1,0.0019045067,2,-0.004596933,0.012666135
2023-03-16,0,0,-1.6138767,0.0020071169,0.18656933,0.0066477391,0.014398848,0.013435029,0.0082387943,0,0,0,0,0,0,0,0,0,0,-0.0037009115
2023-03-17,0,0,0.84937964,-0.0010603971,0.17828437,0.00017005646,0,0.00033636058,-0.00041639974,0,0,0,0,0,0,0,0,0,-0,0.011453532
2023-03-20,0,0,0.71665516,0.000725319,0.16869454,-0.0068374324,-0.013555787,-0.013679518,-0.0067396258,0,-0,0,-0,0,-0,0,-0,0,-0,-0.0071751624
2023-03-21,0,0,0.70782064,-0.0017772311,0.16752988,-0.0029635181,-0.0062695925,-0.0058947083,-0.0048098506,0,-0,0,-0,0,-0,0,-0,0,-0,0.0025345938
2023-03-22,0,0,0.70448679,-0.00061271372,0.16740358,0.0035554653,0.0093167702,0.007048399,0.0024893882,0,0,0,0,0,0,0,0,0,0,0.012538435
2023-03-23,0,0,-0.19375085,0.0013111114,0.17447123,0.010436142,0.020471895,0.021029558,0.01361112,0,0,0,0,0,0,0,0,0,0,0.0029355198
2023-03-24,0,0,-0.75494437,-0.00029039365,0.16455818,-0.0030624264,-0.0074702886,-0.0061267084,-0.002760415,0,-0,0,-0,0,-0,0,-0,0,-0,-0.0033642848
2023-03-27,0,0,-0.25701318,0.00095722257,0.15992918,-0.0078398385,-0.014276003,-0.015629192,-0.0062891084,0,-0,0,-0,0,-0,0,-0,0,-0,-0.0046246287
2023-03-28,0,0,0.66663289,-0.00053584058,0.15844683,0.008109752,0.014045906,0.016161072,0.007034856,0,0,0,0,0,0,0,0,0,0,0.011767898
2023-03-29,0,0,-0.37048619,0.00077034135,0.16010312,0.0034590456,0.0050761421,0.0069313594,0.0042131272,0,0,0,0,0,0,0,0,0,0,0.001541865
2023-03-30,0,0,-0.46908688,0.0013711442,0.15999067,0.00089814384,0.0029990003,0.0017854781,-0.0014442247,0,0,0,0,0,0,0,0,0,-0,0.0069946452
2023-03-31,0,0,0.41178298,0.0023832102,0.15958569,0.0081467744,0.01682613,0.016236016,0.0076032541,0,0,0,0,0,0,0,0,0,0,0.011731862
2023-04-03,0,0,-0.73230076,0.0017979933,0.16534093,-0.0078933578,-0.017402514,-0.015740317,-0.0086639025,0,-0,0,-0,0,-0,0,-0,0,-0,-0.0049602523
2023-04-04,0,0,-0.034994113,-0.00078459023,0.15855638,0.0036282077,0.0065423618,0.0072499588,0.0024301337,0,0,0,0,0,0,0,0,0,0,0.0045227955
2023-04-05,0,0,0.71449584,-0.00049106288,0.15869128,0.0055203233,0.011046134,0.011038833,0.0047199106,0,0,0,0,0,0,0,0,0,0,0.0056855528
2023-04-06,0,0,-0.61370241,-0.00051293323,0.15045558,-0.013586689,-0.027858763,-0.027289806,-0.014114217,0,-0,0,-0,0,-0,0,-0,0,-0,-0.017777197
2023-04-07,1,1,1.9174045,-0.0035772133,0.16408731,0.009644603,0.019382392,0.01915068,0.0064427776,1.8282949,0.017210364,2,0.018882392,2,0.018882392,1,0.009144603,2,0.012485555,0.017001031
2023-04-10,0,0,-0.1351604,-0.00064612809,0.16850674,0.010146635,0.018709677,0.020303904,0.0096204411,0,0,0,0,0,0,0,0,0,0,0.0096179011
2023-04-11,0,0,0.88461881,-0.0021643816,0.16908529,0.010177048,0.020440252,0.020295084,0.00875,0,0,0,0,0,0,0,0,0,0,0.013122934
2023-04-12,0,0,-0.06970871,-0.001647803,0.14186724,0.0041298502,0.0098918083,0.0082679058,0.0036569149,0,0,0,0,0,0,0,0,0,0,0.0031342949
2023-04-13,0,0,-0.98495062,0.00030868418,0.13907393,0.006856557,0.014860681,0.013781112,0.0091801491,0,0,0,0,0,0,0,0,0,0,0.0019129603
2023-04-14,0,0,0.10361584,-0.0025578356,0.13733911,-0.0024987348,-0.0060150376,-0.00496746,-0.0051875261,0,-0,0,-0,0,-0,0,-0,0,-0,0.0035640414
2023-04-17,0,0,0.094021292,-0.00012286188,0.13415125,0.00076134886,0.0012121212,0.0015233743,0.00089922667,0,0,0,0,0,0,0,0,0,0,0.00031708787
2023-04-18,0,0,0.23964716,-0.002259631,0.12742004,-0.0022172247,-0.0036308623,-0.0044310809,-0.0042695489,0,-0,0,-0,0,-0,0,-0,0,-0,-0.0014581418
2023-04-19,0,0,-0.27136102,3.5864746e-06,0.12866684,0.0011751255,0.0018220468,0.0023513711,0.0012899742,0,0,0,0,0,0,0,0,0,0,0.00069839053
2023-04-20,0,0,-0.95134338,0.00054166163,0.12501876,0.0004456328,0.0012228676,0.00089431154,0.00072197822,0,0,0,0,0,0,0,0,0,0,-0.0029502268
2023-04-21,0,0,0.14579308,-0.00041976224,0.12673708,-0.0028061224,-0.006127451,-0.0056248003,-0.0034329077,0,-0,0,-0,0,-0,0,-0,0,-0,-0.0050270442
2023-04-24,0,0,-0.80248594,-0.00015122955,0.12719063,-0.0036572455,-0.0077615647,-0.0073382684,-0.0039092094,0,-0,0,-0,0,-0,0,-0,0,-0,-0.0068751599
2023-04-25,0,0,0.49234588,-0.00058882443,0.12903148,-0.014968521,-0.029283489,-0.029865094,-0.015832575,0,-0,0,-0,0,-0,0,-0,0,-0,-0.012589754
2023-04-26,1,1,1.5918536,-0.00080835761,0.13557592,-0.00026107956,0.0029022896,-0.00052256842,-0.0018485997,2,0.0024022896,2,0.0024022896,2,0.0024022896,1,-0.00076107956,2,-0.0040971994,-0.0010435009
2023-04-27,0,0,0.17017868,0.0018476019,0.13591978,0.002838314,0.0070807853,0.0056732964,0.0040459571,0,0,0,0,0,0,0,0,0,0,0.0034275641
2023-04-28,0,0,-0.53857314,-0.0011073164,0.1359584,-0.0033006504,-0.007592534,-0.0065664531,-0.0027188025,0,-0,0,-0,0,-0,0,-0,0,-0,0.0020169817
2023-05-02,0,0,-0.52111644,-0.00049247848,0.12979378,0.007996633,0.014263074,0.015948345,0.0064222147,0,0,0,0,0,0,0,0,0,0,0.010843804
2023-05-03,0,0,-0.29445773,-0.00083010797,0.13036029,-0.0011976823,-0.0053797468,-0.0024142769,-0.0014373528,0,-0,0,-0,0,-0,0,-0,0,-0,-0.0089609764
2023-05-04,0,0,0.1174638,-0.002190822,0.13380517,0.00016268628,0.0028846154,0.00032666928,0.0012893323,0,0,0,0,0,0,0,0,0,0,-0.0037918071
2023-05-08,0,0,0.67086333,-0.0004279904,0.13268896,0.0015123238,0.0034504391,0.0029920107,-0.00033433634,0,0,0,0,0,0,0,0,0,-0,0.012557338
2023-05-09,0,0,-0.28248361,0.00025369917,0.11665359,-0.0011587486,-0.0034504391,-0.0023217568,-0.0013995375,0,-0,0,-0,0,-0,0,-0,0,-0,-0.0029879518
2023-05-10,0,0,0.065656096,0.001236185,0.10140443,-0.0059953584,-0.011027095,-0.01199381,-0.0051566839,0,-0,0,-0,0,-0,0,-0,0,-0,-0.0062516112
2023-05-11,0,0,0.21068364,0.00043077085,0.099328942,-0.0062687821,-0.0098194488,-0.01249356,-0.0058072009,0,-0,0,-0,0,-0,0,-0,0,-0,-0.0027563396
2023-05-12,0,0,-0.22299753,-0.0023630762,0.085101406,-0.0010770587,-0.0035483871,-0.0021621622,-0.0037558107,0,-0,0,-0,0,-0,0,-0,0,-0,-0.0047800215
2023-05-15,0,0,-0.3447227,-0.00020830091,0.08463951,0.0049441734,0.010731707,0.0099094369,0.0045512245,0,0,0,0,0,0,0,0,0,0,0.0028099066
2023-05-16,1,1,1.3433916,-0.0012799736,0.084391588,-0.0035612536,-0.0073131955,-0.0070775962,-0.0051986178,2,-0.0078131955,2,-0.0078131955,2,-0.0078131955,1,-0.0040612536,2,-0.010797236,0.0028020331
2023-05-17,0,0,0.79242507,-0.0025140604,0.084853362,0.0050130208,0.0089858793,0.010045007,0.0030711587,0,0,0,0,0,0,0,0,0,0,0.0031191111
2023-05-18,0,0,0.31699503,-0.0019100749,0.086643389,0.0035733831,0.010396975,0.0071035454,0.0023399277,0,0,0,0,0,0,0,0,0,0,0.0097169139
2023-05-19,0,0,0.80116526,-0.0020637921,0.094993327,0.0068157207,0.012296342,0.013534881,0.0046893318,0,0,0,0,0,0,0,0,0,0,0.01405017
2023-05-22,0,0,0.24018506,-0.00080750083,0.10694926,0.006421612,0.013349515,0.012843224,0.0052914798,0,0,0,0,0,0,0,0,0,0,0.006421612
2023-05-23,0,0,0.5816543,0.00058730182,0.10818495,-0.00043855527,-0.00059577003,-0.00087415316,-0.00068184513,0,-0,0,-0,0,-0,0,-0,0,-0,0.0029545812
2023-05-24,0,0,-0.037370275,9.8448185e-05,0.10619077,0.0022381943,0.0048192771,0.0045029332,0.0033695134,0,0,0,0,0,0,0,0,0,0,-0.003635338
2023-05-25,1,0,1.5315145,0.0001537133,0.10280885,-0.0057595392,-0.011596789,-0.011463817,-0.0070176478,0,-0,0,-0,0,-0,0,-0,2,-0.014435296,-0.00094360394
2023-05-26,0,0,-0.032020328,-0.0017826906,0.090431168,0.001760176,0.0051020408,0.0035146076,0.000712441,0,0,0,0,0,0,0,0,0,0,0.0034001826
2023-05-30,0,0,0.74961972,-0.00080872094,0.090434642,0.0033859344,0.0073270809,0.0067050103,0.0028485009,0,0,0,0,0,0,0,0,0,0,0.013491889
2023-05-31,0,0,-0.077853617,-0.001416519,0.098486803,-0.0058586485,-0.012543757,-0.011732208,-0.0071146245,0,-0,0,-0,0,-0,0,-0,0,-0,-0.0071205226
2023-06-01,0,0,0.065412382,0.000933157,0.10374063,-0.0019357457,-0.0017793594,-0.0038765749,-0.00082752098,0,-0,0,-0,0,-0,0,-0,0,-0,-0.003242805
2023-06-02,0,0,0.47330214,-0.0011223434,0.10252709,0.0063409176,0.014096916,0.012601538,0.0061661332,0,0,0,0,0,0,0,0,0,0,0.012794444
2023-06-05,0,0,-0.27216571,-0.0012247705,0.1052054,-0.0031316202,-0.0040068689,-0.0062259659,-0.0028414857,0,-0,0,-0,0,-0,0,-0,0,-0,0.0028724981
2023-06-07,0,0,0.41704121,-0.0010012903,0.1044449,-0.0051280477,-0.011428571,-0.010225638,-0.0044668755,0,-0,0,-0,0,-0,0,-0,0,-0,-0.0021559026
2023-06-08,0,0,-0.40290464,-0.00082979706,0.10342652,0.0017646512,0.0034914169,0.0035400429,0.0017243395,0,0,0,0,0,0,0,0,0,0,-0.0012654712
2023-06-09,0,0,0.20822756,0.00058645882,0.10307776,0.0081173323,0.017513638,0.016152717,0.0072905774,0,0,0,0,0,0,0,0,0,0,0.013257927
2023-06-12,0,0,0.25101349,0.0015618458,0.10289664,-0.0087332258,-0.01881494,-0.017426151,-0.0085457789,0,-0,0,-0,0,-0,0,-0,0,-0,-0.0064354775
2023-06-13,0,0,0.39094007,0.00033035309,0.10669562,-0.001007203,-0.0011321823,-0.0020029133,-0.0015277297,0,-0,0,-0,0,-0,0,-0,0,-0,0.0047581041
2023-06-14,0,0,-0.85522722,-0.00028865027,0.10261335,-0.0048883322,-0.012181303,-0.0097766643,-0.0053103986,0,-0,0,-0,0,-0,0,-0,0,-0,-0.0048883322
2023-06-15,0,0,0.6484091,-0.0012538719,0.10690765,-0.005972252,-0.011972634,-0.01191531,-0.0079206776,0,-0,0,-0,0,-0,0,-0,0,-0,-0.0035307482
2023-06-16,0,0,-0.22788703,-9.6903266e-05,0.10999417,-0.00027588744,-0.0014277556,-0.00054898133,0.00023182358,0,-0,0,-0,0,-0,0,-0,0,0,0.0048373182
2023-06-19,0,0,-0.24290908,-0.00075600048,0.11045012,-0.0026446078,-0.0068846816,-0.005304549,-0.0035718434,0,-0,0,-0,0,-0,0,-0,0,-0,-0.0055192715
2023-06-20,0,0,-0.9065773,0.00078336393,0.11121696,0.00098936433,0.0014526438,0.0019841885,0.0017544886,0,0,0,0,0,0,0,0,0,0,-0.0017574692
2023-06-21,0,0,-0.31465848,0.0013302061,0.10342917,-0.0074578369,-0.015129473,-0.014943883,-0.0059739955,0,-0,0,-0,0,-0,0,-0,0,-0,-0.0093278972
2023-06-22,0,0,-0.14114417,0.00070916767,0.1080338,0.0043104795,0.0089073634,0.0086368757,0.0076804916,0,0,0,0,0,0,0,0,0,0,0.0024630542
2023-06-23,0,0,0.031954824,-0.00084130827,0.1089974,-0.0087969273,-0.016374269,-0.017522752,-0.010235415,0,-0,0,-0,0,-0,0,-0,0,-0,-0.0047584984
2023-06-26,0,0,0.73884599,-0.0010034451,0.11280802,0.0065733872,0.011617516,0.013168621,0.0059105148,0,0,0,0,0,0,0,0,0,0,0.00490625
2023-06-27,0,0,0.44214919,-0.0021038046,0.11346412,0.0014330665,0.0020679468,0.0028713211,-0.00029375477,0,0,0,0,0,0,0,0,0,-0,-0.00037316914
2023-06-28,0,0,-0.72620816,0.00038831542,0.11225114,-0.0090503347,-0.017862372,-0.018034154,-0.0086999824,0,-0,0,-0,0,-0,0,-0,0,-0,-0.0053818634
2023-06-29,0,0,-0.036303079,0.002822846,0.10384881,-0.0030873823,-0.0071047957,-0.0061567164,-0.0061159369,0,-0,0,-0,0,-0,0,-0,0,-0,-0.00015638684
2023-06-30,0,0,0.1722486,0.0026400075,0.1030718,0.0026582437,0.0047690015,0.0053149914,0.0011553502,0,0,0,0,0,0,0,0,0,0,0.0029405324
2023-07-03,0,0,0.04128965,0.00093953872,0.1040357,0.01193399,0.02145166,0.023782244,0.0082877799,0,0,0,0,0,0,0,0,0,0,0.015595272
2023-07-04,0,0,0.05552935,-0.0013914626,0.10692566,-0.0034720088,-0.0089208633,-0.0069472196,-0.0056761949,0,-0,0,-0,0,-0,0,-0,0,-0,-0.0039310832
2023-07-05,0,0,-0.21643947,-0.00083959346,0.10716677,-0.0078441061,-0.015429403,-0.015713446,-0.0071162913,0,-0,0,-0,0,-0,0,-0,0,-0,-0.0094348349
2023-07-06,0,0,-0.49302499,0.0003146101,0.1100219,-0.0070701093,-0.013044767,-0.014149032,-0.0058842662,0,-0,0,-0,0,-0,0,-0,0,-0,-0.0076882373
2023-07-07,0,0,-0.17278665,-0.0019922648,0.113439,-0.0085494353,-0.019131491,-0.017197614,-0.0096179695,0,-0,0,-0,0,-0,0,-0,0,-0,-0.014209536
2023-07-10,0,0,0.42625541,0.00032829377,0.11167175,-0.0031771247,-0.0061690315,-0.0063445738,-0.0029534085,0,-0,0,-0,0,-0,0,-0,0,-0,-0.0016546282
2023-07-11,1,1,1.5385354,-0.00060512951,0.11057465,0.011075248,0.022038567,0.021992523,0.010645635,2,0.021538567,2,0.021538567,2,0.021538567,1,0.010575248,2,0.020891271,0.018390438
2023-07-12,0,0,-1.1139377,0.00075008523,0.13068769,0.0062584097,0.013481126,0.012514861,0.0078380144,0,0,0,0,0,0,0,0,0,0,0.0064158738
2023-07-13,0,0,0.51050938,0.00039459531,0.13332432,0.00046297725,0.00029120559,0.00091908949,-0.0013758782,0,0,0,0,0,0,0,0,0,-0,0.0079920391
2023-07-14,0,0,0.53055637,0.001307157,0.13408522,0.0091388616,0.020167099,0.018169624,0.010014848,0,0,0,0,0,0,0,0,0,0,0.015178627
2023-07-17,0,0,-1.1019088,-0.00069914173,0.14617594,0.0014359476,0.0045701228,0.0028873326,0.0010712838,0,0,0,0,0,0,0,0,0,0,-0.0038898681
2023-07-18,0,0,-0.065103242,0.00040094577,0.14503032,-0.0090375194,-0.017841971,-0.018028408,-0.008975728,0,-0,0,-0,0,-0,0,-0,0,-0,-0.0064677528
2023-07-19,0,0,0.60161983,-0.00096124817,0.14718394,-0.0066573017,-0.013397948,-0.013241815,-0.007233587,0,-0,0,-0,0,-0,0,-0,0,-0,-0.0011668611
2023-07-20,0,0,-1.6863817,-0.001866508,0.14309275,0.0034968281,0.007329229,0.0070400598,0.00087881185,0,0,0,0,0,0,0,0,0,0,-0.0030742745
2023-07-21,0,0,-1.0626247,0.00072645843,0.14306851,0.0083561133,0.016533806,0.016835649,0.0094342404,0,0,0,0,0,0,0,0,0,0,0.0010176391
2023-07-24,0,0,-0.43913294,0.00061269328,0.14006476,0.0072128722,0.013073794,0.014434198,0.0068425054,0,0,0,0,0,0,0,0,0,0,0.0066233326
2023-07-25,0,0,0.44982243,-0.0016057132,0.14003334,-0.00030542745,-0.0042722871,-0.00060964458,-0.0024871305,0,-0,0,-0,0,-0,0,-0,0,-0,0.0016831926
2023-07-26,0,0,-0.26783971,-0.0011813346,0.14005565,-0.012562276,-0.024606581,-0.025135309,-0.013384321,0,-0,0,-0,0,-0,0,-0,0,-0,-0.012984632
2023-07-27,0,0,0.70648088,-0.00033152405,0.14634333,0.0089481317,0.018081073,0.017839567,0.0091324201,0,0,0,0,0,0,0,0,0,0,0.012164923
2023-07-28,0,0,-0.16723021,-0.00087905826,0.15021862,0.0018734068,0.0028901734,0.003762761,0.0013971765,0,0,0,0,0,0,0,0,0,0,-0.0023548121
2023-07-31,0,0,0.42730406,-0.0015977948,0.15012503,-0.0014321845,-0.0042625746,-0.0028474494,-0.0025396825,0,-0,0,-0,0,-0,0,-0,0,-0,0.0045368156
2023-08-01,0,0,0.96199331,-0.0029075877,0.14125296,0.013912143,0.028140989,0.027757532,0.010508133,0,0,0,0,0,0,0,0,0,0,0.016356424
2023-08-02,0,0,-1.1374032,-0.00059304564,0.14979492,-0.015260947,-0.030540768,-0.030721499,-0.015181896,0,-0,0,-0,0,-0,0,-0,0,-0,-0.021617727
2023-08-03,1,1,2.4264251,-0.0030330019,0.16629041,-0.0070254019,-0.015282584,-0.014046495,-0.0094547564,1.8040728,-0.014164777,2,-0.015782584,2,-0.015782584,1,-0.0075254019,2,-0.019309513,-0.0067206776
2023-08-04,0,0,0.24655288,0.0012082281,0.16509691,-0.0017269027,-0.0040852057,-0.0034473206,-0.0010245902,0,-0,0,-0,0,-0,0,-0,0,-0,0.00015447833
2023-08-07,0,0,-0.66472038,0.00021075907,0.1560531,0.0026703099,0.0047351287,0.0053682896,0.00023557126,0,0,0,0,0,0,0,0,0,0,-0.0024712715
2023-08-08,0,0,0.51232689,-0.0015581859,0.15703424,-0.011726947,-0.025955089,-0.023373109,-0.012188706,0,-0,0,-0,0,-0,0,-0,0,-0,-0.0082992692
2023-08-09,1,1,1.206815,-0.0017770296,0.14443795,0.0092910145,0.017292785,0.018553107,0.007699115,2,0.016792785,2,0.016792785,2,0.016792785,1,0.0087910145,2,0.01499823,0.01086685
2023-08-10,0,0,-0.63223884,-0.00064259414,0.1473001,0.0030462218,0.0038575668,0.0061307476,0.0022667726,0,0,0,0,0,0,0,0,0,0,-0.003181762
2023-08-11,0,0,0.88733001,-0.0021498628,0.14683149,-0.0053504051,-0.011176471,-0.010679342,-0.0084825085,0,-0,0,-0,0,-0,0,-0,0,-0,-0.0033468654
2023-08-14,0,0,-0.2936165,-0.00080468127,0.13281981,-0.0059254639,-0.013739546,-0.011886515,-0.0066454014,0,-0,0,-0,0,-0,0,-0,0,-0,-0.0088927583
2023-08-16,0,0,-1.3625584,0.00029089062,0.1347349,-0.0075235506,-0.014742015,-0.015162616,-0.0072222722,0,-0,0,-0,0,-0,0,-0,0,-0,-0.015027451
2023-08-17,0,0,-0.40214359,-0.0011857519,0.14207387,0.0031727718,0.0018867925,0.0063850371,0.0018202227,0,0,0,0,0,0,0,0,0,0,-0.002994012
2023-08-18,0,0,-1.6771391,-0.0014784846,0.14211043,0.0064322193,0.012520064,0.013017597,0.00464974,0,0,0,0,0,0,0,0,0,0,-0.0052712287
2023-08-21,0,0,0.67604724,-0.00064273704,0.1424616,-0.0015060241,-0.004415011,-0.0030052112,-0.0018515708,0,-0,0,-0,0,-0,0,-0,0,-0,0.00077078717
2023-08-22,1,1,1.1047833,-0.00262701,0.14217972,-0.0021053303,-0.0037546934,-0.0041855598,-0.0058796924,2,-0.0042546934,2,-0.0042546934,2,-0.0042546934,1,-0.0026053303,2,-0.012159385,0.0039151503
2023-08-23,0,0,-0.35002371,-0.0015621463,0.14042687,0.0027303096,0.0031695721,0.0054872341,0.00060799514,0,0,0,0,0,0,0,0,0,0,-0.0021097721
2023-08-24,1,1,1.4437884,-0.0011244749,0.13969943,0.0030111889,0.006501548,0.0059596625,0.0020411839,2,0.006001548,2,0.006001548,2,0.006001548,1,0.0025111889,2,0.0036823678,0.013678444
2023-08-25,0,0,-1.7892515,-0.00058885792,0.1456926,0.003044579,0.0056962025,0.0061764515,0.0028544533,0,0,0,0,0,0,0,0,0,0,-0.010934142
2023-08-28,0,0,0.37293478,0.00050954321,0.14067203,0.00041273772,0.0018650917,0.00082029278,0.0012947907,0,0,0,0,0,0,0,0,0,0,0.0067735958
2023-08-29,0,0,-0.18120951,0.0014757592,0.14426485,-0.00028420753,0.0024653313,-0.00056561086,0.00056959559,0,0,0,0,0,0,0,0,0,0,0.0046969216
2023-08-30,0,0,0.464242,0.00047332371,0.14376833,-0.0068499578,-0.011782477,-0.013567092,-0.006437068,0,-0,0,-0,0,-0,0,-0,0,-0,0.0029692337
2023-08-31,0,0,-0.31653384,0.00078988921,0.13031168,-0.0016029167,-0.0024375381,-0.0031992974,-0.0018784662,0,-0,0,-0,0,-0,0,-0,0,-0,0.00044091711
2023-09-01,0,0,-0.40761235,0.00024254786,0.11118141,0.012688993,0.025499232,0.025446259,0.012480919,0,0,0,0,0,0,0,0,0,0,0.0099792231
2023-09-04,0,0,0.24285195,0.00047344398,0.11689058,0.0034497762,0.0050580184,0.0068796678,0.0056620466,0,0,0,0,0,0,0,0,0,0,0.0063585076
2023-09-05,0,0,-0.78109799,-0.0016862661,0.12074182,0.0014904055,0.0029735355,0.0029883268,0.00041158313,0,0,0,0,0,0,0,0,0,0,-0.0010220832
2023-09-06,0,0,-0.050107623,-0.00026251107,0.11981244,-0.0050635271,-0.01218425,-0.010146912,-0.0053288583,0,-0,0,-0,0,-0,0,-0,0,-0,-0.0070068829
2023-09-07,0,0,0.10494165,-0.00014980373,0.12122901,-0.0022231964,-0.0027280994,-0.0044592388,-0.00056391535,0,-0,0,-0,0,-0,0,-0,0,-0,-0.0050892969
2023-09-08,0,0,-0.04136717,0.0010390078,0.11470272,0.00012536041,0.0015165302,0.0002503834,0.00032709864,0,0,0,0,0,0,0,0,0,0,0.0014749725
2023-09-11,0,0,-0.23363595,0.00091927084,0.11427843,0.0024431498,0.0051468362,0.0048841578,0.0031498871,0,0,0,0,0,0,0,0,0,0,0.0028829281
2023-09-12,0,0,-0.33850541,0.00063650634,0.11424105,-0.0085640435,-0.017365269,-0.017071202,-0.0087737438,0,-0,0,-0,0,-0,0,-0,0,-0,-0.0052493438
2023-09-13,0,0,0.86716509,-6.5730329e-05,0.112833,0.00075386355,0.001218769,0.0015077271,0.00047643153,0,0,0,0,0,0,0,0,0,0,0.00075386355
2023-09-14,0,0,0.72338544,-0.0011577515,0.098123088,0.011235955,0.019637462,0.022408089,0.011412818,0,0,0,0,0,0,0,0,0,0,0.014124294
2023-09-15,0,0,-1.0116442,-0.0012101573,0.10992269,0.011839624,0.022130422,0.023650735,0.010012882,0,0,0,0,0,0,0,0,0,0,0.013060972
2023-09-18,0,0,0.0018320446,-0.0015022741,0.1113986,-0.0041571719,-0.0090643275,-0.0083809287,-0.0067350866,0,-0,0,-0,0,-0,0,-0,0,-0,-0.012006599
2023-09-19,0,0,0.38144953,7.7642356e-05,0.12345277,-0.0095975805,-0.016809201,-0.019156734,-0.0078477306,0,-0,0,-0,0,-0,0,-0,0,-0,-0.0076069143
2023-09-20,0,0,-0.067983303,-0.00086642754,0.12602254,0.00043649062,0.00180018,0.00087349867,0.00062031075,0,0,0,0,0,0,0,0,0,0,-0.00015579721
2023-09-21,0,0,-0.4139043,4.213334e-05,0.1256576,-0.011724873,-0.023326265,-0.023590261,-0.010958335,0,-0,0,-0,0,-0,0,-0,0,-0,-0.017576664
2023-09-22,0,0,-0.35935364,-0.00072622931,0.13212983,0.0058923368,0.013286935,0.011897834,0.0064261898,0,0,0,0,0,0,0,0,0,0,-0.0035845705
2023-09-25,0,0,-0.32413918,-0.0022381788,0.12666563,0.0037675607,0.0040752351,0.0075570784,0.00054315027,0,0,0,0,0,0,0,0,0,0,0.00085957149
2023-09-26,0,0,-0.74735284,0.0011904323,0.12431956,-0.013009733,-0.025897036,-0.026019467,-0.013906066,0,-0,0,-0,0,-0,0,-0,0,-0,-0.013009733
2023-09-27,0,0,0.38230693,0.0023268807,0.13286016,0.0078737606,0.0077444337,0.015833198,0.0051069066,0,0,0,0,0,0,0,0,0,0,0.0024493216
2023-10-04,0,0,-2.0519774,0.0046469683,0.13179371,-0.014611129,-0.026255333,-0.029583265,-0.0097951086,0,-0,0,-0,0,-0,0,-0,0,-0,-0.026490918
2023-10-05,0,0,0.39965876,0.00060695448,0.15135522,-0.0067547628,-0.012961117,-0.013414515,-0.008959124,0,-0,0,-0,0,-0,0,-0,0,-0,0.00033024008
2023-10-06,0,0,0.60792173,0.0008652147,0.14355504,0.00049454354,-0.0026809651,0.0009877844,-0.0010336079,0,0,0,0,0,0,0,0,0,-0,0.0018157208
2023-10-10,0,0,0.67290528,-0.0016428177,0.13847746,-0.0078935351,-0.014807502,-0.015628027,-0.011951574,0,-0,0,-0,0,-0,0,-0,0,-0,0.0023067291
2023-10-11,1,0,3.2133556,0.00049835558,0.13909946,0.0028859561,0.0081459759,0.0056938136,0.0024077047,0,0,0,0,0,0,0,0,2,0.0044154093,0.016833246
2023-10-12,1,1,1.0178233,-0.0002384041,0.15644244,0.0059173501,0.012495995,0.01177148,0.0059959008,1.9176382,0.011454166,2,0.011995995,2,0.011995995,1,0.0054173501,2,0.011591802,0.011348939
2023-10-13,0,0,-1.4922437,-0.0011996238,0.16463136,0.00048401149,0.00032247662,0.00097710321,-0.001042593,0,0,0,0,0,0,0,0,0,-0,-0.0087279005
2023-10-16,0,0,-0.8025139,0.00016034468,0.16720002,-0.0026902632,-0.0052083333,-0.0054075184,-0.0024992286,0,-0,0,-0,0,-0,0,-0,0,-0,-0.0076436819
2023-10-17,0,0,0.38108932,-0.00043034596,0.16739669,0.0051636223,0.0093548387,0.010255424,0.0050660117,0,0,0,0,0,0,0,0,0,0,0.012252592
2023-10-18,0,0,-0.96152971,0.00024535212,0.17446915,0.0068887816,0.014810045,0.013813581,0.0076611915,0,0,0,0,0,0,0,0,0,0,0.0042702113
2023-10-19,0,0,-1.5723141,-0.00076475179,0.17542768,-0.0062186235,-0.013003901,-0.012602146,-0.0061277906,0,-0,0,-0,0,-0,0,-0,0,-0,-0.019054318
2023-10-20,0,0,-1.6792906,0.0015008748,0.17442223,-0.0072273325,-0.014075067,-0.014570984,-0.0046642667,0,-0,0,-0,0,-0,0,-0,0,-0,-0.015089789
2023-10-23,1,1,1.2084943,-0.00034866661,0.17146766,-0.0042073878,-0.010547805,-0.0084245439,-0.0060800806,1.7496011,-0.0094601716,2,-0.011047805,2,-0.011047805,1,-0.0047073878,2,-0.012560161,-0.0053606883
2023-10-24,1,0,1.6529948,0.0004317128,0.1691637,0.003013245,0.0064735945,0.0059982862,0.0034348018,0,0,0,0,0,0,0,0,2,0.0064696036,0.0077516801
2023-10-25,0,0,-0.4505303,0.0001447042,0.17521344,-0.0081978008,-0.016514998,-0.016350921,-0.008676314,0,-0,0,-0,0,-0,0,-0,0,-0,-0.0054801756
2023-10-26,0,0,-2.4564035,0.0016038419,0.17519645,-0.010584508,-0.022614841,-0.021501695,-0.011594296,0,-0,0,-0,0,-0,0,-0,0,-0,-0.025659751
2023-10-27,1,0,3.1705935,0.00024449076,0.18976685,-0.0034934202,-0.0078796562,-0.0069556996,-0.0037135107,0,-0,0,-0,0,-0,0,-0,2,-0.0078270214,0.00098800763
2023-10-30,0,0,-0.75519848,0.00026498051,0.191119,0.0074203255,0.016739447,0.014910503,0.0063190124,0,0,0,0,0,0,0,0,0,0,0.0027228481
2023-10-31,0,0,-0.46658681,0.0017689905,0.19177855,-0.017454423,-0.036879433,-0.034722455,-0.015878128,0,-0,0,-0,0,-0,0,-0,0,-0,-0.012151658
2023-11-01,0,0,0.66528004,-0.00012075972,0.18977718,0.0073747823,0.018181818,0.014656489,0.0070232483,0,0,0,0,0,0,0,0,0,0,0.013813009
2023-11-02,1,0,2.5300341,0.00087047098,0.19890886,0,0,0,0.0018118821,0,0,0,0,0,0,0,0,2,0.0032237643,0.016641247
2023-11-03,0,0,-0.4434847,-0.00013326311,0.19700308,0.00066050198,0.0020429009,0.0013087292,0.00088061391,0,0,0,0,0,0,0,0,0,0,0.010134685
2023-11-06,1,0,2.1218469,0.0022794898,0.20018668,0.02987207,0.058570483,0.058793456,0.035769636,0,0,0,0,0,0,0,0,2,0.071139272,0.04679868
2023-11-07,0,0,-3.1050808,-0.00048703053,0.26764626,-0.010422294,-0.019303797,-0.02100948,-0.010311461,0,-0,0,-0,0,-0,0,-0,0,-0,-0.018128507
2023-11-08,1,0,1.1518615,0.00044230776,0.27986081,-0.016449361,-0.032114467,-0.032663396,-0.01651287,0,-0,0,-0,0,-0,0,-0,2,-0.033425741,-0.0093118839
2023-11-09,0,0,0.019299969,-0.00066527077,0.27579513,0.0048293521,0.0078662734,0.0096587042,0.0028053517,0,0,0,0,0,0,0,0,0,0,0.0048293521
2023-11-10,0,0,-1.0110741,-0.0012782585,0.27222268,0.0042680742,0.0066269052,0.0086229595,0.0030051428,0,0,0,0,0,0,0,0,0,0,-0.0057415651
2023-11-13,0,0,0.11109042,0.00049857977,0.27069289,-0.010472886,-0.020651823,-0.020743192,-0.010618765,0,-0,0,-0,0,-0,0,-0,0,-0,-0.00071372956
2023-11-14,1,0,2.1961027,0.00022932079,0.26932039,0.0018350396,0.0058441558,0.0036396143,0.0013798602,0,0,0,0,0,0,0,0,2,0.0023597203,0.01029154
2023-11-15,1,0,2.3418418,0.00096160161,0.26794626,0.00078690589,0.0087609512,0.0015422103,0.0024313372,0,0,0,0,0,0,0,0,2,0.0044626745,0.021723063
2023-11-16,0,0,-0.69738249,-0.00014839295,0.27945361,0,0,0,0.0023686735,0,0,0,0,0,0,0,0,0,0,-0.00078628715
2023-11-17,0,0,-1.3614898,0.0015725557,0.26995627,-0.0043470043,-0.0093370682,-0.0087005863,-0.0025532426,0,-0,0,-0,0,-0,0,-0,0,-0,-0.0050991501
2023-11-20,0,0,-0.89443028,0.00061005245,0.26474608,0.0094420329,0.019861286,0.018912229,0.0088439481,0,0,0,0,0,0,0,0,0,0,0.0079410276
2023-11-21,0,0,0.26291205,0.0005421862,0.26240475,-0.00015616216,-0.0018348624,-0.00031078099,0.0013388076,0,-0,0,-0,0,-0,0,-0,0,0,0.0048337989
2023-11-22,0,0,-1.729725,-0.00032328796,0.26180504,0.0088078012,0.017391304,0.017740045,0.0081716954,0,0,0,0,0,0,0,0,0,0,0.0017805267
2023-11-23,0,0,-0.21154516,-0.0012152676,0.25981104,-0.0002805224,0,-0.00056081755,-0.0016298228,0,0,0,0,0,0,0,0,0,-0,0.00012472716
2023-11-24,0,0,0.1359063,-0.0010383139,0.23339071,-0.007888009,-0.016773407,-0.015776018,-0.009666133,0,-0,0,-0,0,-0,0,-0,0,-0,-0.007888009
2023-11-27,0,0,0.10406492,-0.0003590709,0.2380485,-0.0014451321,-0.0027924294,-0.0028893565,-0.0022426888,0,-0,0,-0,0,-0,0,-0,0,-0,-0.0011313284
2023-11-28,1,1,1.2593669,-0.0005936834,0.23854978,0.0080268397,0.014510651,0.0159995,0.0070714605,1.2575992,0.0091970642,2,0.014010651,2,0.014010651,1,0.0075268397,2,0.013742921,0.011451943
2023-11-29,0,0,-0.93269536,0.0010230346,0.23318071,-0.001588884,-0.0015295197,-0.0031828252,-5.9410646e-05,0,-0,0,-0,0,-0,0,-0,0,-0,-0.003172727
2023-11-30,0,0,-0.75586889,0.00021672283,0.23246186,0.0079752299,0.013833385,0.01598696,0.0084026102,0,0,0,0,0,0,0,0,0,0,0.0056791587
2023-12-01,0,0,-1.9371814,-0.00021351134,0.22715982,-0.0062685171,-0.013157895,-0.012601486,-0.0056725372,0,-0,0,-0,0,-0,0,-0,0,-0,-0.011325204
2023-12-04,0,0,0.85699482,-0.00058768038,0.23146113,-0.0020253638,-0.0036697248,-0.0040220283,-0.003143535,0,-0,0,-0,0,-0,0,-0,0,-0,0.0051468742
2023-12-05,0,0,-0.058783138,-0.0013904765,0.14970742,-0.0063680281,-0.011472868,-0.012796268,-0.0070403628,0,-0,0,-0,0,-0,0,-0,0,-0,-0.011021606
2023-12-06,1,1,1.0537115,-4.1051815e-06,0.1338039,-0.0014453591,-0.0031084862,-0.0028770679,-0.0025426264,2,-0.0036084862,2,-0.0036084862,2,-0.0036084862,1,-0.0019453591,2,-0.0054852528,0.0033149171
2023-12-07,0,0,0.04415257,-0.00088771983,0.12742696,-0.00072603302,-0.0006281407,-0.0014567104,-0.00084096711,0,-0,0,-0,0,-0,0,-0,0,-0,-0.003901825
2023-12-08,0,0,0.74641085,0.00020547156,0.12774878,0.0061088312,0.011135169,0.01211707,0.003787314,0,0,0,0,0,0,0,0,0,0,0.014531211
2023-12-11,0,0,0.088946964,0.00019473445,0.13109465,0.0013672664,0.0012183978,0.0027290207,0.00074034589,0,0,0,0,0,0,0,0,0,0,0.0033939469
2023-12-12,0,0,0.41668871,-0.0013295391,0.13065498,0.0016405621,0.0024183797,0.0032729181,0.0010311708,0,0,0,0,0,0,0,0,0,0,0.0041582622
2023-12-13,0,0,-1.3094723,0.00084965859,0.12797466,-0.0092131705,-0.016314199,-0.01843432,-0.0071072577,0,-0,0,-0,0,-0,0,-0,0,-0,-0.0096418307
2023-12-14,1,1,1.8734836,-0.0027217699,0.10821297,-0.0014162562,-0.001793722,-0.0027952481,-0.0018715092,2,-0.002293722,2,-0.002293722,2,-0.002293722,1,-0.0019162562,2,-0.0041430184,0.012076013
2023-12-15,1,1,1.030832,-0.0051979405,0.11820583,0.002489397,0.004443128,0.0049629312,0.0016306089,2,0.003943128,2,0.003943128,2,0.003943128,1,0.001989397,2,0.0028612177,0.005703891
2023-12-18,0,0,0.14096316,-0.0022303013,0.11673394,0.00058095092,-0.0023446659,0.0011588546,-0.0024973865,0,0,0,0,0,0,0,0,0,-0,0.0032189828
2023-12-19,0,0,-1.0346022,-0.00084848805,0.11586056,0.0035541393,0.010933806,0.0071270582,0.0022437205,0,0,0,0,0,0,0,0,0,0,0.00091675834
2023-12-20,0,0,0.99695265,6.3591763e-05,0.11395306,0.011575758,0.020449309,0.022980208,0.0099229815,0,0,0,0,0,0,0,0,0,0,0.019173231
2023-12-21,0,0,0.64417266,-0.00082910206,0.12857105,0.00087518107,0.0020034345,0.0017634539,0.0015218952,0,0,0,0,0,0,0,0,0,0,-0.0065005093
2023-12-22,0,0,0.45869435,-0.00048144718,0.13009067,-0.0060644082,-0.012903226,-0.012017879,-0.00719404,0,-0,0,-0,0,-0,0,-0,0,-0,0.0031961405
2023-12-26,0,0,0.63034367,0.0011511206,0.12422845,-0.00086732863,-0.0039347948,-0.0017261391,-0.00039934963,0,-0,0,-0,0,-0,0,-0,0,-0,0.0040876439
2023-12-27,0,0,-1.0368956,0.0033591185,0.12371717,0.009232424,0.017396184,0.018430706,0.0068847308,0,0,0,0,0,0,0,0,0,0,0.011105457
2023-12-28,0,0,-0.14445007,0.0048304171,0.11975667,0.01601018,0.030011013,0.032008046,0.014854713,0,0,0,0,0,0,0,0,0,0,0.016401208
2024-01-02,0,0,-0.89326299,0.0052251889,0.12735815,0.011242205,0.02899729,0.0226002,0.011559072,0,0,0,0,0,0,0,0,0,0,0.0060876151
2024-01-03,0,0,-2.0235491,-0.00084887158,0.12793087,-0.016516824,-0.030835813,-0.033419252,-0.015529517,0,-0,0,-0,0,-0,0,-0,0,-0,-0.027735155
2024-01-04,0,0,-0.49222847,-0.0035669289,0.15779077,-0.0011402851,-0.0011357183,-0.0022983639,-0.002950444,0,-0,0,-0,0,-0,0,-0,0,-0,-0.0088139833
2024-01-05,0,0,0.46731908,-0.0025144284,0.16267946,-0.0024642385,-0.0045532157,-0.0049301067,-0.0028717477,0,-0,0,-0,0,-0,0,-0,0,-0,-0.0027938835
2024-01-08,0,0,0.27423387,0.0021431693,0.1577578,-0.0085111484,-0.015310462,-0.016933993,-0.0074388948,0,-0,0,-0,0,-0,0,-0,0,-0,-0.0033138519
2024-01-09,1,0,1.0591319,0.0012978898,0.15964473,-0.016529419,-0.030933633,-0.032638152,-0.01771378,0,-0,0,-0,0,-0,0,-0,2,-0.035827559,-0.0036875831
2024-01-10,0,0,0.35110625,0.0013401252,0.16091057,-0.010952005,-0.021474173,-0.021904011,-0.010313471,0,-0,0,-0,0,-0,0,-0,0,-0,-0.010952005
2024-01-11,0,0,-1.276189,0.002898537,0.16064601,-0.00030615681,0.0035523979,-0.00061115355,-0.00011753644,0,0,0,0,0,0,0,0,0,-0,0.0015950431
2024-01-12,0,0,-0.4416604,0.00025524041,0.16027071,-0.0060851927,-0.011617516,-0.012213552,-0.0046205009,0,-0,0,-0,0,-0,0,-0,0,-0,-0.009585643
2024-01-15,0,0,0.020223652,0.00037846462,0.16066239,0.0014184835,0.0036014406,0.0028292023,0.0018605475,0,0,0,0,0,0,0,0,0,0,0.004174397
2024-01-16,0,0,-1.2956205,-0.0015265737,0.15746928,-0.0077747491,-0.017522659,-0.01564204,-0.0089708669,0,-0,0,-0,0,-0,0,-0,0,-0,-0.01361047
2024-01-17,1,0,1.0004095,0.0016447258,0.15629964,-0.028388421,-0.055809698,-0.056551767,-0.028017049,0,-0,0,-0,0,-0,0,-0,2,-0.056434097,-0.024505978
2024-01-18,1,0,1.2813729,0.0014436359,0.17563142,0.0017870249,0.0041800643,0.003563928,0.00076480666,0,0,0,0,0,0,0,0,2,0.0011296133,0.004640297
2024-01-19,1,1,2.0237598,-0.00065019448,0.1767775,0.0044447246,0.0068943905,0.0087979284,0.0041917973,1.6970485,0.0056522606,2,0.0063943905,2,0.0063943905,1,0.0039447246,2,0.0079835947,0.015003345
2024-01-22,0,0,0.12707392,0.0018381479,0.19065306,-0.0094407006,-0.018292683,-0.018685844,-0.0093221349,0,-0,0,-0,0,-0,0,-0,0,-0,0.0010356515
2024-01-23,1,1,1.2152443,-0.0012594479,0.17632462,0.00056167504,0.0024645718,0.0011181166,0.00029862335,1.7014073,0.0013963808,2,0.0019645718,2,0.0019645718,1,6.167504e-05,2,0.00019724669,0.005266953
2024-01-24,0,0,-1.0068594,0.0012741105,0.17943122,-0.0046123161,-0.0092194222,-0.009218025,-0.0035281806,0,-0,0,-0,0,-0,0,-0,0,-0,-0.0038983315
2024-01-25,0,0,-0.34884317,0.00083604008,0.1793844,0.00059449312,0,0.0011882427,0.0018007203,0,0,0,0,0,0,0,0,0,0,0.0012210394
2024-01-26,0,0,-2.3291891,0.00064129166,0.17862405,0.0066612204,0.014111007,0.013386796,0.0066869484,0,0,0,0,0,0,0,0,0,0,0.0018449608
2024-01-29,1,1,1.0387187,-0.00083868766,0.17658143,0.0084308113,0.014426028,0.016806202,0.0064346997,1.6989329,0.012121066,2,0.013926028,2,0.013926028,1,0.0079308113,2,0.012469399,0.011767276
2024-01-30,1,1,1.0515074,-0.0028806589,0.17068331,-0.0068747506,-0.013751868,-0.013678972,-0.010206476,1.7576411,-0.012585138,2,-0.014251868,2,-0.014251868,1,-0.0073747506,2,-0.020812952,-0.0017275952
2024-01-31,0,0,-1.5545784,-0.0014207685,0.16675269,0.0026466559,0.0040024631,0.005333668,0.0022056632,0,0,0,0,0,0,0,0,0,0,-0.004882722
2024-02-01,1,1,1.9703977,-0.0011823474,0.14371921,0.018469575,0.035988926,0.03698515,0.019411117,2,0.035488926,2,0.035488926,2,0.035488926,1,0.017969575,2,0.038422233,0.017204435
2024-02-02,0,0,-0.018573754,-0.001873952,0.15848933,0.023955179,0.053529412,0.047528917,0.024137931,0,0,0,0,0,0,0,0,0,0,0.032239353
2024-02-05,0,0,-2.227252,-0.0016693658,0.19670163,-0.0095192906,-0.016296713,-0.01908953,-0.010065211,0,-0,0,-0,0,-0,0,-0,0,-0,-0.012155807
2024-02-06,0,0,-0.34657351,-0.0014581352,0.2012274,0.00027055464,0.0020196192,0.00054331422,-0.0012348161,0,0,0,0,0,0,0,0,0,-0,-0.0037724551
2024-02-07,0,0,0.93972505,-0.00073942653,0.20080371,0.0091210862,0.017668852,0.018152601,0.0070040023,0,0,0,0,0,0,0,0,0,0,0.014125143
2024-02-08,0,0,-0.48984883,0.0020694128,0.20169316,-0.0029514196,-0.0038942976,-0.0058788948,-0.00042440018,0,-0,0,-0,0,-0,0,-0,0,-0,0.0011261261
2024-02-13,1,0,1.5883005,0.0013706785,0.20144321,0.00029252596,0.0043956044,0.00057823523,0.0014852179,0,0,0,0,0,0,0,0,2,0.0025704358,0.012225446
2024-02-14,0,0,-2.306242,0.0011325134,0.20186851,0.0018415112,0.0047941342,0.003741589,0.0033284024,0,0,0,0,0,0,0,0,0,0,-0.013598479
2024-02-15,0,0,0.6481442,0.0011969282,0.20965601,-0.011736056,-0.022814733,-0.023231502,-0.012983728,0,-0,0,-0,0,-0,0,-0,0,-0,-0.0013934183
2024-02-16,1,0,1.0955107,0.0018639299,0.20322543,0.0019733161,0.0052689961,0.0039154954,0.0037550467,0,0,0,0,0,0,0,0,2,0.0071100935,0.010005047
2024-02-19,1,0,1.1807359,0.00055023393,0.17617753,0.012690504,0.026098901,0.025306838,0.012570146,0,0,0,0,0,0,0,0,2,0.024740292,0.015667255
2024-02-20,0,0,-1.0927771,0.0015764877,0.1801085,-0.0089964595,-0.019634212,-0.018042662,-0.0072594777,0,-0,0,-0,0,-0,0,-0,0,-0,-0.011721124
2024-02-21,0,0,0.83969105,-0.0011221586,0.1817809,-0.001670085,-0.0065717415,-0.0033419325,-0.0028845885,0,-0,0,-0,0,-0,0,-0,0,-0,-0.0021963219
2024-02-22,1,0,1.6192687,0.0014015756,0.18231311,-0.0042160968,-0.0067677315,-0.0083547002,-0.0033438292,0,-0,0,-0,0,-0,0,-0,2,-0.0070876585,0.0051066827
2024-02-23,0,0,-1.3647,0.0018176537,0.18188378,-0.0057882094,-0.0091348737,-0.011474798,-0.0050776915,0,-0,0,-0,0,-0,0,-0,0,-0,0.0030951616
2024-02-26,0,0,-1.4671032,-0.00028012123,0.17919857,-0.0020499004,-0.0063013699,-0.0041245618,-0.0035599159,0,-0,0,-0,0,-0,0,-0,0,-0,-0.0080051233
2024-02-27,1,1,1.019474,-0.0010097467,0.18439946,-0.0089175711,-0.015745856,-0.017828866,-0.010185471,1.6269028,-0.013698242,2,-0.016245856,2,-0.016245856,1,-0.0094175711,2,-0.020770942,-0.008568578
2024-02-28,0,0,-0.19526096,0.0016921238,0.18832062,0.0096835144,0.018678561,0.019317981,0.010564777,0,0,0,0,0,0,0,0,0,0,0.012253596
2024-02-29,0,0,-0.89648099,0.00089892318,0.18865159,0.00093902224,0.0033158331,0.0018847921,0.00053463898,0,0,0,0,0,0,0,0,0,0,-0.0026315789
2024-03-04,0,0,0.30878274,0.0016585538,0.18947434,0.0038586515,0.0089165091,0.0076379716,0.005877601,0,0,0,0,0,0,0,0,0,0,0.014394606
2024-03-05,0,0,-1.150923,0.0011830065,0.19317578,-0.0048129893,-0.0097192225,-0.0096570581,-0.0050084866,0,-0,0,-0,0,-0,0,-0,0,-0,-0.008005549
2024-03-06,0,0,0.2415257,0.00081333888,0.19050949,0.0013761602,0.0035792952,0.0027661703,0.00067413837,0,0,0,0,0,0,0,0,0,0,-0.0036126326
2024-03-07,0,0,0.18130447,0.0002643589,0.15498499,-0.0031747881,-0.0070729053,-0.006325074,-0.0027389603,0,-0,0,-0,0,-0,0,-0,0,-0,0.00070175439
2024-03-08,1,0,1.1626224,0.00044961505,0.14772828,0.0026274759,0.0034759358,0.0051934711,0.002327708,0,0,0,0,0,0,0,0,2,0.0042554161,0.01463885
2024-03-11,0,0,-0.83986413,0.0010114695,0.15292405,-0.0026068822,-0.0043184885,-0.0052442968,-0.0026996187,0,-0,0,-0,0,-0,0,-0,0,-0,-0.0083801296
2024-03-12,1,1,1.127765,-0.00035312063,0.15237642,0.0054135425,0.010784578,0.010793028,0.0032226698,1.9688085,0.010117048,2,0.010284578,2,0.010284578,1,0.0049135425,2,0.0060453396,0.008596155
2024-03-13,0,0,-0.38472048,-3.5664103e-05,0.15416275,0.0008318513,0,0.001657427,-0.00030290514,0,0,0,0,0,0,0,0,0,-0,0.0046357616
2024-03-14,0,0,0.67920668,-0.00098645705,0.15010041,0.007930373,0.014214267,0.01584351,0.0077779305,0,0,0,0,0,0,0,0,0,0,0.0090281161
2024-03-15,0,0,-1.4721205,-0.0019859446,0.1439278,-0.010796105,-0.023433386,-0.021770515,-0.012990223,0,-0,0,-0,0,-0,0,-0,0,-0,-0.018832017
2024-03-18,1,1,1.7138544,-0.00048907053,0.16244111,0.0032031859,0.0048257373,0.0063861002,0.0015800854,1.8468231,0.0040772,2,0.0043257373,2,0.0043257373,1,0.0027031859,2,0.0027601708,0.006397823
2024-03-19,0,0,-2.6046716,-0.00053329846,0.15797872,-0.0041171354,-0.010005408,-0.0083002104,-0.0047349804,0,-0,0,-0,0,-0,0,-0,0,-0,-0.011966402
2024-03-20,1,1,1.6032968,-0.0027259627,0.15392301,0.0099104305,0.019940717,0.019671943,0.0062314787,1.9490264,0.018929437,2,0.019440717,2,0.019440717,1,0.0094104305,2,0.012062957,0.017613835
2024-03-21,1,1,3.03176,-0.0012100714,0.16013371,0.010698198,0.019387755,0.021060216,0.0099737817,1.8734344,0.017787956,2,0.018887755,2,0.018887755,1,0.010198198,2,0.019547563,0.027093526
2024-03-22,0,0,-0.87598092,0.00041192341,0.18681972,-0.0027859033,-0.0040110303,-0.0055725829,-0.0016609961,0,-0,0,-0,0,-0,0,-0,0,-0,-0.0029247911
2024-03-25,0,0,0.71796694,0.00051241187,0.18752348,-0.0079301038,-0.013743128,-0.015796913,-0.007921004,0,-0,0,-0,0,-0,0,-0,0,-0,-0.0039390976
2024-03-26,1,0,2.2609404,0.00068782669,0.18927579,0.0014185186,0.0024937656,0.0028136379,0.002220617,0,0,0,0,0,0,0,0,2,0.0040412339,0.0098165704
2024-03-27,0,0,-1.0755209,0.0002275271,0.18752925,0.0057512982,0.010560724,0.01156264,0.004025981,0,0,0,0,0,0,0,0,0,0,0.00055549383
2024-03-28,0,0,-1.5731754,0.0023302648,0.18423755,-0.00013885418,0.0012462612,-0.00027782408,-0.0014982075,0,0,0,0,0,0,0,0,0,-0,-0.00055518543
2024-03-29,0,0,0.85648191,0.0025888491,0.18234728,-0.0010784802,-0.0034516765,-0.0021475771,-0.0010932167,0,-0,0,-0,0,-0,0,-0,0,-0,0.0033051883
2024-04-01,1,0,1.7732044,0.0025331715,0.18113046,-0.0086119415,-0.01795245,-0.017065681,-0.0089498491,0,-0,0,-0,0,-0,0,-0,2,-0.018299698,0.00066439664
2024-04-02,0,0,0.037395401,0.0012553588,0.17493343,0.0034603992,0.0094152626,0.0069253996,0.0058263844,0,0,0,0,0,0,0,0,0,0,0.0027941461
2024-04-03,0,0,-1.225008,0.001513583,0.16984966,-0.0090760221,-0.016458853,-0.018263055,-0.0090326731,0,-0,0,-0,0,-0,0,-0,0,-0,-0.0150629
2024-04-04,1,1,2.7140178,-0.0005997022,0.18330013,0.0029639068,0.0056930693,0.0058630137,0.0030978769,1.63666,0.0042014555,2,0.0051930693,2,0.0051930693,1,0.0024639068,2,0.0057957538,0.014172875
2024-04-05,0,0,-1.0352321,0.001111548,0.18990742,-0.00069711673,0.00025182574,-0.0014078162,0.00016150306,0,0,0,0,0,0,0,0,0,0,-0.010246354
2024-04-08,0,0,-1.0532048,-0.00067554951,0.19084692,0.0020883221,0.0037603409,0.0041677086,-0.00029520691,0,0,0,0,0,0,0,0,0,-0,0.0042414265
2024-04-09,1,0,1.2359367,0.0010227833,0.18659768,-0.011196506,-0.021281861,-0.022280292,-0.01171729,0,-0,0,-0,0,-0,0,-0,2,-0.023834581,-0.0061685515
2024-04-11,0,0,-2.706572,4.891474e-06,0.18738184,0.015652964,0.032688285,0.031817526,0.01698077,0,0,0,0,0,0,0,0,0,0,-0.00041938099
2024-04-12,0,0,-0.90068818,-0.0012385543,0.18677762,-0.0098721929,-0.019016227,-0.019741625,-0.010641164,0,-0,0,-0,0,-0,0,-0,0,-0,-0.0097337212
2024-04-15,0,0,0.024825786,0.00079954379,0.18718327,0.002474262,0.0041939712,0.0049828179,0.0028274953,0,0,0,0,0,0,0,0,0,0,-0.0043780364
2024-04-16,0,0,-0.88048245,-0.002219501,0.17311392,-0.010659388,-0.023796791,-0.021594249,-0.013388288,0,-0,0,-0,0,-0,0,-0,0,-0,-0.023121223
2024-04-17,1,1,1.1474767,-0.0017349991,0.19267391,-0.012926038,-0.025885559,-0.025799734,-0.015130789,1.5570349,-0.020644943,2,-0.026385559,2,-0.026385559,1,-0.013426038,2,-0.030661578,-0.01091944
2024-04-18,1,1,1.623052,-0.0009897113,0.192576,0.014788567,0.028356964,0.029499387,0.013577982,1.5578265,0.021857379,2,0.027856964,2,0.027856964,1,0.014288567,2,0.026755963,0.017470198
2024-04-19,0,0,-3.191044,-0.0010254613,0.19381033,-0.0034876905,-0.013322231,-0.007086075,-0.0037298672,0,-0,0,-0,0,-0,0,-0,0,-0,-0.01881511
2024-04-22,1,1,3.0525451,-0.0010724803,0.17048483,0.0048993876,0.0080066262,0.0097168802,0.0034019343,1.7596874,0.0067599174,2,0.0075066262,2,0.0075066262,1,0.0043993876,2,0.0064038686,0.013440781
2024-04-23,0,0,-0.88863836,0.00042023384,0.17868567,-0.0033011902,-0.0043763676,-0.0065880721,-0.0044188388,0,-0,0,-0,0,-0,0,-0,0,-0,-0.0011318126
2024-04-24,1,1,1.7987643,-0.00081091591,0.17833411,0.0047870206,0.0069333333,0.0094475716,0.0053641542,1.6822357,0.0057513117,2,0.0064333333,2,0.0064333333,1,0.0042870206,2,0.010328308,0.018420059
2024-04-25,0,0,-2.9692265,-0.00080936786,0.19216581,-0.0050831793,-0.0097826087,-0.010293903,-0.0070742236,0,-0,0,-0,0,-0,0,-0,0,-0,-0.017259578
2024-04-26,1,0,2.6837682,0.00098721527,0.20259736,0.00097673082,0.002424569,0.0019333561,0.0023321672,0,0,0,0,0,0,0,0,2,0.0042643345,0.011495588
2024-04-29,0,0,0.1401733,0.00044196919,0.20945627,0.0015370602,0.0050331126,0.0030491248,0.0021170713,0,0,0,0,0,0,0,0,0,0,0.0098151762
2024-04-30,0,0,-0.15763641,-0.0013230719,0.2124182,0.0029540419,0.0052687039,0.0059047295,-0.00010953802,0,0,0,0,0,0,0,0,0,-0,0.0035241289
2024-05-02,1,1,1.281004,-0.0014790022,0.21269696,0.0044251577,0.0074468085,0.0089224039,0.0025868949,1.4104574,0.0051654167,2,0.0069468085,2,0.0069468085,1,0.0039251577,2,0.0047737898,-0.0036250354
2024-05-03,0,0,0.59799517,0.0015532021,0.21125479,-0.011251125,-0.020941055,-0.022270475,-0.010855075,0,-0,0,-0,0,-0,0,-0,0,-0,-0.00085270877
2024-05-07,0,0,0.74235152,-0.00045583815,0.2026155,0.0068587106,0.012784454,0.013502342,0.0074042047,0,0,0,0,0,0,0,0,0,0,0.023156577
2024-05-08,0,0,-0.61255282,-0.00020968439,0.21528382,0.0040057861,0.0078282828,0.0080155859,0.0047539751,0,0,0,0,0,0,0,0,0,0,0.0035033087
2024-05-09,0,0,-0.37971537,0.00061475694,0.21200515,-0.011713882,-0.022562046,-0.023415444,-0.013031844,0,-0,0,-0,0,-0,0,-0,0,-0,-0.011193616
2024-05-10,1,1,1.4425077,-3.1473676e-05,0.21791507,-0.0034450186,-0.0070635721,-0.0068319559,-0.0044267969,1.3766832,-0.0053080668,2,-0.0075635721,2,-0.0075635721,1,-0.0039450186,2,-0.0092535938,0.0050997534
2024-05-13,0,0,0.2066405,3.9003596e-05,0.21802385,-0.0046427579,-0.0098609355,-0.0092597727,-0.0029830691,0,-0,0,-0,0,-0,0,-0,0,-0,-0.0018678561
2024-05-14,0,0,0.27202431,0.00079268572,0.21799511,-0.0006685423,-0.0030480061,-0.0013335185,-0.0017487691,0,-0,0,-0,0,-0,0,-0,0,-0,0.0020110047
2024-05-16,1,0,1.2618268,0.00035227787,0.21510134,-0.0074273029,-0.013765978,-0.014609558,-0.0072350462,0,-0,0,-0,0,-0,0,-0,2,-0.014870092,0.0095052265
2024-05-17,0,0,0.013108894,-0.00153613,0.21618426,-0.0097111554,-0.020275344,-0.019461078,-0.010282296,0,-0,0,-0,0,-0,0,-0,0,-0,-0.01167992
2024-05-20,1,0,1.188082,0.00099944033,0.20068007,-0.00052615547,0,-0.001043125,0.0012861736,0,0,0,0,0,0,0,0,2,0.0021723473,0.0083535887
2024-05-21,0,0,-1.0381396,6.0567804e-05,0.19588108,-0.0018348624,-0.004048583,-0.0036822138,-0.0022556997,0,-0,0,-0,0,-0,0,-0,0,-0,-0.0052089106
2024-05-22,0,0,-0.73964328,-0.00068002711,0.18995801,0.0017857143,0.0043356287,0.0035778175,0.00072748828,0,0,0,0,0,0,0,0,0,0,0
2024-05-23,0,0,-0.12893632,0.00052009386,0.17528599,0.0013666155,0.005354411,0.0027369715,0.0020763112,0,0,0,0,0,0,0,0,0,0,0
2024-05-24,0,0,-1.6517228,-0.0033714084,0.17169972,-0.00081985751,-0.00703125,-0.0016647532,-0.0034571934,0,-0,0,-0,0,-0,0,-0,0,-0,-0.015625
2024-05-27,0,0,-0.5660802,-0.00041489171,0.18144589,0.011117068,0.022709475,0.022172824,0.011390266,0,0,0,0,0,0,0,0,0,0,0.01392072
2024-05-28,0,0,-0.98560324,0.0001829174,0.17220258,0.004170632,0.0069319641,0.0083667911,0.0043818128,0,0,0,0,0,0,0,0,0,0,0.0011162272
2024-05-29,0,0,-0.34630141,-0.0028489933,0.15419077,-0.011106448,-0.023100616,-0.022293977,-0.016386373,0,-0,0,-0,0,-0,0,-0,0,-0,-0.014689895
2024-05-30,0,0,-0.10769303,-0.0014568874,0.1631355,-0.0097286811,-0.018176958,-0.01962364,-0.012743236,0,-0,0,-0,0,-0,0,-0,0,-0,-0.018049112
2024-05-31,1,0,2.6225413,0.00061336565,0.17100748,-0.0086007372,-0.012362268,-0.017061558,-0.01052428,0,-0,0,-0,0,-0,0,-0,2,-0.021448561,-0.00040334198
2024-06-03,0,0,0.81819088,-0.0015850645,0.17075538,0.010818236,0.022335845,0.021485818,0.010562407,0,0,0,0,0,0,0,0,0,0,0.01795596
2024-06-04,0,0,-1.5137762,-0.0018188954,0.18642863,-0.0010541911,-0.0018691589,-0.0021217421,-0.0023392135,0,-0,0,-0,0,-0,0,-0,0,-0,-0.0073048501
2024-06-05,1,1,1.4631429,-0.00080743375,0.18863775,0.0016688824,0.0036842105,0.0033104222,0.0021879444,1.5903498,0.0023586309,2,0.0031842105,2,0.0031842105,1,0.0011688824,2,0.0039758889,0.010011123
2024-06-07,0,0,0.80021715,-0.0031502934,0.1686267,0.0036644382,0.007979408,0.0072604334,0.0015911543,0,0,0,0,0,0,0,0,0,0,0.013215859
2024-06-10,0,0,-2.0512675,-0.0022129991,0.17562554,0.0029609994,0.0060146444,0.0059928086,-0.0008157494,0,0,0,0,0,0,0,0,0,-0,-0.0087513935
2024-06-11,0,0,0.73280248,-0.0021957417,0.17241609,-0.0011223345,-0.0025913449,-0.0022400179,-0.0051405536,0,-0,0,-0,0,-0,0,-0,0,-0,0.00095596918
2024-06-12,0,0,-0.090216978,-0.0029393727,0.17088502,0.010836523,0.019000521,0.021717058,0.0073012513,0,0,0,0,0,0,0,0,0,0,0.0087921348
2024-06-13,1,1,1.963802,-0.0032466227,0.17430638,-0.0054459939,-0.0092131474,-0.010760577,-0.0057835672,1.7211074,-0.0086625162,2,-0.0097131474,2,-0.0097131474,1,-0.0059459939,2,-0.011967134,0.0068498872
2024-06-14,0,0,0.097031907,-0.0050456882,0.177681,0.0027640344,0.0055387714,0.0055250145,0.00063870556,0,0,0,0,0,0,0,0,0,0,0.0033186758
2024-06-17,0,0,-0.41068796,-0.0062710203,0.17482463,-0.00055398593,-0.0037802419,-0.0011134308,-0.004155346,0,-0,0,-0,0,-0,0,-0,0,-0,-0.0054301386
2024-06-18,0,0,0.60206291,-0.0016446812,0.17151198,0.003578113,0.0059925094,0.0071073205,0.0017503381,0,0,0,0,0,0,0,0,0,0,0.010531567
2024-06-19,1,0,1.4414352,5.1101578e-05,0.17286024,0.0055978261,0.014390244,0.011093758,0.0045373479,0,0,0,0,0,0,0,0,2,0.0086746958,0.014919642
2024-06-20,0,0,0.30235424,-0.0020297636,0.17740804,0.0048685492,0.0096385542,0.009746061,0.0023967071,0,0,0,0,0,0,0,0,0,0,0.0039453062
2024-06-21,0,0,-1.1038349,-0.0012984838,0.17756413,-0.00075958982,-0.0031522793,-0.0015312261,-0.0038967492,0,-0,0,-0,0,-0,0,-0,0,-0,-0.0085594315
2024-06-24,0,0,-0.99899318,-0.00063416402,0.18256683,-0.00024615048,-0.0014796547,-0.00049597707,-0.0013987121,0,-0,0,-0,0,-0,0,-0,0,-0,-0.0076016724
2024-06-25,0,0,0.1172958,0.00095998499,0.17497451,0.0026803052,0.0074147306,0.0053592913,0.0045752671,0,0,0,0,0,0,0,0,0,0,0.0029271762
2024-06-26,0,0,-1.3891347,-0.0021780884,0.16925758,0.013018335,0.024015846,0.02616143,0.011861989,0,0,0,0,0,0,0,0,0,0,0.0082103598
2024-06-27,0,0,-2.5050622,-0.00024564474,0.17108352,0.009211929,0.018253577,0.018616727,0.0086811969,0,0,0,0,0,0,0,0,0,0,-0.0011363021
2024-06-28,0,0,0.39367109,0.00043743018,0.15688946,0.0022399136,0.0050541516,0.0044635655,0.0013559322,0,0,0,0,0,0,0,0,0,0,0.0059046587
2024-07-01,0,0,-0.083854807,-0.00035579657,0.13897165,0.0060291454,0.012321817,0.012107721,0.0032367528,0,0,0,0,0,0,0,0,0,0,0.0019387151
2024-07-02,0,0,-1.0160163,-0.00030731566,0.13817724,-0.0018372916,-0.004341534,-0.0036944475,-0.0055565701,0,-0,0,-0,0,-0,0,-0,0,-0,-0.0071754905
2024-07-03,0,0,0.101812,0.0011121375,0.12910354,0,0.00048065369,0,0.00013048698,0,0,0,0,0,0,0,0,0,0,0.0041956528
2024-07-04,1,1,1.0805551,-0.0012967099,0.12366327,0.0052945423,0.0094428706,0.010505093,0.0044206608,2,0.0089428706,2,0.0089428706,2,0.0089428706,1,0.0047945423,2,0.0084413215,0.013396949
2024-07-05,0,0,0.88994974,-0.00031032678,0.12667929,0.013151279,0.026839426,0.026166847,0.012701339,0,0,0,0,0,0,0,0,0,0,0.018433302
2024-07-08,0,0,-0.78151565,-0.0014912867,0.1323049,-0.0021440711,-0.0056395218,-0.004292969,-0.0029068298,0,-0,0,-0,0,-0,0,-0,0,-0,-0.0032647305
2024-07-09,0,0,0.80639907,0.00030485142,0.12402471,-0.0027341614,-0.0053799597,-0.0054343607,-0.0020171966,0,-0,0,-0,0,-0,0,-0,0,-0,0.0035374577
2024-07-10,0,0,-0.63127847,-0.0019254439,0.12355771,0.0035125429,0.0061293984,0.0070526316,0.0014936331,0,0,0,0,0,0,0,0,0,0,-0.00039166536
2024-07-11,0,0,0.14487468,4.6817655e-05,0.12258468,-0.0018656233,-0.0042175361,-0.003701514,-0.00075221905,0,-0,0,-0,0,-0,0,-0,0,-0,0.0062168587
2024-07-12,0,0,-1.009301,0.0011727434,0.12117067,-0.0059135987,-0.012015416,-0.011922032,-0.0055768207,0,-0,0,-0,0,-0,0,-0,0,-0,-0.013758729
2024-07-15,0,0,0.051665617,0.0017946527,0.13820613,0.00075912256,0.0015880218,0.0015099055,-0.00063437286,0,0,0,0,0,0,0,0,0,-0,0.0063172857
2024-07-16,0,0,-0.52991143,-9.9992758e-05,0.13514624,0.003910248,0.007064722,0.0078464415,0.0038344337,0,0,0,0,0,0,0,0,0,0,0.00060160603
2024-07-17,0,0,-1.1694307,0.001067959,0.13214663,-0.008442458,-0.017873303,-0.01688271,-0.0085584787,0,-0,0,-0,0,-0,0,-0,0,-0,-0.0083128562
2024-07-18,0,0,-1.51536,0.0038189678,0.13093732,0.0055539238,0.010165485,0.011253584,0.0097601495,0,0,0,0,0,0,0,0,0,0,-0.0073017714
2024-07-19,0,0,-1.114765,-0.0011792007,0.13295497,-0.00075181913,-0.00023957834,-0.0015206235,-0.0029349125,0,-0,0,-0,0,-0,0,-0,0,-0,-0.01179001
2024-07-22,0,0,0.61764257,0.00080051932,0.1365404,-0.0090371167,-0.018714012,-0.018091264,-0.0093886918,0,-0,0,-0,0,-0,0,-0,0,-0,-0.0099690985
2024-07-23,0,0,0.50926151,-0.0018068645,0.13995566,-0.0045799881,-0.0086746988,-0.0090928541,-0.005601876,0,-0,0,-0,0,-0,0,-0,0,-0,0.002822712
2024-07-24,0,0,-1.5125969,-0.0011560606,0.14030417,0.0026203019,0.0037037037,0.0052854705,0.00021131597,0,0,0,0,0,0,0,0,0,0,-0.0058189888
2024-07-25,0,0,-0.0079065328,0.0014214097,0.13973394,-0.0038671897,-0.010858586,-0.0078495136,-0.0044246601,0,-0,0,-0,0,-0,0,-0,0,-0,-0.018266953
2024-07-26,1,1,1.737422,-0.0024657705,0.15519743,0.0033763215,0.0053340107,0.0067392145,0.0020351328,1.9330217,0.004702888,2,0.0048340107,2,0.0048340107,1,0.0028763215,2,0.0036702656,0.005379624
2024-07-29,0,0,-0.1902124,-0.0018338692,0.15734673,0.0055362184,0.011485643,0.011002778,0.0049887223,0,0,0,0,0,0,0,0,0,0,0.011942851
2024-07-30,0,0,-1.9860522,-0.0028441468,0.1642599,0.0021506562,0.0042950985,0.0043518286,-0.001385226,0,0,0,0,0,0,0,0,0,-0,-0.0093488512
2024-07-31,1,1,1.1317727,-0.0030364396,0.16563323,0.014609586,0.025615269,0.029219171,0.011914577,1.8112307,0.023037734,2,0.025115269,2,0.025115269,1,0.014109586,2,0.023429153,0.014609586
2024-08-01,0,0,-0.54097451,-0.00021983808,0.17371979,-0.0072892571,-0.013480982,-0.014461432,-0.0081839033,0,-0,0,-0,0,-0,0,-0,0,-0,0.0008135152
2024-08-02,0,0,-2.9007065,-0.00024677659,0.16555342,-0.016684249,-0.03827507,-0.034208954,-0.01772649,0,-0,0,-0,0,-0,0,-0,0,-0,-0.040263365
2024-08-05,0,0,-2.9698629,0.0013453365,0.20257859,-0.067346998,-0.12756517,-0.13841799,-0.065919838,0,-0,0,-0,0,-0,0,-0,0,-0,-0.091781711
2024-08-06,1,1,11.660188,-0.0017023353,0.37002982,-0.011717582,-0.021543986,-0.022568945,-0.011283743,0.81074546,-0.0099053494,2,-0.022043986,2,-0.022043986,1,-0.012217582,2,-0.022967485,0.027727697
2024-08-07,0,0,-1.4110918,-0.0036770416,0.39227357,0.027060682,0.057961982,0.054345837,0.023994603,0,0,0,0,0,0,0,0,0,0,0.022835884
2024-08-08,0,0,-2.0202744,-0.0012960584,0.40472557,0.010050554,0.018275967,0.020461298,0.010021558,0,0,0,0,0,0,0,0,0,0,-0.0074223024
2024-08-09,0,0,0.98385882,-0.0021380534,0.40166651,-0.005204374,-0.0089311438,-0.010218727,-0.0065004805,0,-0,0,-0,0,-0,0,-0,0,-0,0.01364476
2024-08-12,0,0,0.3888534,0.00096627177,0.4065338,0.0042018033,0.0077363897,0.008343473,0.0055706368,0,0,0,0,0,0,0,0,0,0,0.011491888
2024-08-13,0,0,0.47524599,-0.00013057819,0.40971735,-0.0004341911,0.0002824061,-0.00086507685,0.00014006779,0,0,0,0,0,0,0,0,0,0,0.0033996804
2024-08-14,0,0,0.11010876,0.00030818909,0.40978213,-0.0030603781,-0.006065619,-0.0060462225,-0.0019938523,0,-0,0,-0,0,-0,0,-0,0,-0,0.0093826016
2024-08-16,1,1,1.4242458,-0.00047541879,0.41237584,0.0014874688,0.0039936102,0.002911608,0.0020632551,0.7274917,0.00071837534,2,0.0034936102,2,0.0034936102,1,0.00098746878,2,0.0037265101,0.023754877
2024-08-19,0,0,-0.3037214,0.0025333803,0.42394551,-0.011791003,-0.023206751,-0.023512369,-0.0096724376,0,-0,0,-0,0,-0,0,-0,0,-0,-0.0088555095
2024-08-20,0,0,0.60132308,0.00063061655,0.42295778,-0.00078319488,-0.0031695721,-0.0015497869,-0.0010828663,0,-0,0,-0,0,-0,0,-0,0,-0,0.010037322
2024-08-21,0,0,-0.71317241,-0.00028166328,0.42362918,0.0050146495,0.0077623126,0.01009385,0.0030782642,0,0,0,0,0,0,0,0,0,0,-0.0013716653
2024-08-22,0,0,0.11615284,0.00032343739,0.4230696,-0.0015928462,-0.0036968577,-0.0031758413,-0.0016499418,0,-0,0,-0,0,-0,0,-0,0,-0,0.0015137075
2024-08-23,0,0,-0.23273748,0.00018504862,0.42257602,0.0054632498,0.011805742,0.010993993,0.0030808659,0,0,0,0,0,0,0,0,0,0,-0.00067174205
2024-08-26,0,0,-0.30258385,-0.00024427196,0.41697476,-0.0083210008,-0.017400475,-0.016591504,-0.0099997297,0,-0,0,-0,0,-0,0,-0,0,-0,-0.0052935245
2024-08-27,0,0,0.029758961,0.00078640989,0.41611403,-0.0041430625,-0.0077977951,-0.0082940728,-0.00377111,0,-0,0,-0,0,-0,0,-0,0,-0,-0.0050964381
2024-08-28,0,0,-0.17688638,-0.0012279194,0.41351673,0.0024638912,0.0037940379,0.0049311342,0.0014255949,0,0,0,0,0,0,0,0,0,0,0.0017829852
2024-08-29,0,0,-1.9616109,-0.00026765432,0.41240563,0.0024969864,0.0047406581,0.0050748097,0.0014461316,0,0,0,0,0,0,0,0,0,0,-0.013221459
2024-08-30,0,0,0.79061973,9.9915031e-05,0.41043467,-0.00028472993,-0.0016460905,-0.00056636366,-0.0018221474,0,-0,0,-0,0,-0,0,-0,0,-0,0.00521057
2024-09-02,0,0,-0.60240485,-0.0011782604,0.4109883,-0.0010822819,-0.0024725275,-0.0021645638,-0.0013238823,0,-0,0,-0,0,-0,0,-0,0,-0,-0.0010822819
2024-09-03,0,0,-0.13699201,-0.00036713437,0.38550305,-0.0083825165,-0.015973561,-0.016765033,-0.008839779,0,-0,0,-0,0,-0,0,-0,0,-0,-0.0083825165
2024-09-04,0,0,-2.7230134,-0.00075753187,0.18751068,-0.004595997,-0.010128091,-0.0094885372,-0.0043941526,0,-0,0,-0,0,-0,0,-0,0,-0,-0.034762357
2024-09-05,1,1,1.052223,-0.0026996978,0.20648678,-0.0064326792,-0.01399226,-0.012803115,-0.0087116002,1.4528775,-0.010356243,2,-0.01449226,2,-0.01449226,1,-0.0069326792,2,-0.0178232,-0.0015787906
2024-09-06,0,0,0.28297725,8.0015249e-05,0.19150421,-0.0096300051,-0.020198975,-0.019246239,-0.010891547,0,-0,0,-0,0,-0,0,-0,0,-0,-0.0089208461
2024-09-09,0,0,-1.3809008,0.00010816699,0.19340702,0.01398322,0.027147876,0.028562461,0.013073647,0,0,0,0,0,0,0,0,0,0,-0.0067433319
2024-09-10,0,0,-0.94879763,-0.00029082316,0.18658005,-0.0048465756,-0.01181592,-0.0096875757,-0.0064576729,0,-0,0,-0,0,-0,0,-0,0,-0,-0.0042735043
2024-09-11,0,0,-0.67574416,-0.00025380707,0.18019621,-0.0072600818,-0.013261762,-0.01455168,-0.0071876479,0,-0,0,-0,0,-0,0,-0,0,-0,-0.0094055337
2024-09-12,1,1,1.256406,-0.0023225492,0.17972921,0.0090024552,0.019656786,0.01776422,0.0085352261,1.6691778,0.015632097,2,0.019156786,2,0.019156786,1,0.0085024552,2,0.016670452,0.022861357
2024-09-13,0,0,-0.94777906,-0.00021304814,0.20022169,0.0016213295,0.0027565084,0.0032409075,0.00064052173,0,0,0,0,0,0,0,0,0,0,0.0021629416
2024-09-19,0,0,0.35475032,0.0012896762,0.17446494,-0.0077172909,-0.012700333,-0.015342693,-0.0066554777,0,-0,0,-0,0,-0,0,-0,0,-0,-0.0017386091
2024-09-20,0,0,-0.15211522,0.00078537858,0.17305208,-0.0084058574,-0.016476932,-0.016631406,-0.0060558872,0,-0,0,-0,0,-0,0,-0,0,-0,0.0024623146
2024-09-23,0,0,0.24167145,0.00079103508,0.16883466,0.00029870363,0.0030358227,0.00059573454,0.0022318194,0,0,0,0,0,0,0,0,0,0,0.0031152648
2024-09-24,0,0,0.25578582,0.0011566428,0.17040475,0.0065642914,0.011994003,0.01305915,0.0069702468,0,0,0,0,0,0,0,0,0,0,0.011944577
2024-09-25,0,0,0.90046169,0.00096240932,0.17677612,-0.02377054,-0.043098427,-0.047108587,-0.022552552,0,-0,0,-0,0,-0,0,-0,0,-0,-0.014724976
2024-09-26,1,1,2.684263,-0.00017799738,0.18167872,0.015775842,0.032762692,0.031015826,0.016425231,1.6512666,0.02633881,2,0.032262692,2,0.032262692,1,0.015275842,2,0.032450462,0.033633832
2024-09-27,0,0,-0.26485784,0.00068017307,0.22545585,-0.0064171123,-0.017011625,-0.012803507,-0.0084050094,0,-0,0,-0,0,-0,0,-0,0,-0,-0.0040275846
2024-09-30,0,0,0.79646893,0.0031532706,0.22606566,-0.02905464,-0.05663062,-0.057747005,-0.031110362,0,-0,0,-0,0,-0,0,-0,0,-0,-0.02292497
2024-10-02,0,0,-1.3294926,0.00038860446,0.24170043,0.0057198196,0.0068557183,0.011630411,-0.00011738467,0,0,0,0,0,0,0,0,0,-0,-0.010510645
2024-10-04,0,0,0.20486294,0.0006637919,0.24031342,0.0021117413,0.00092649784,0.0042342124,0.0019056554,0,0,0,0,0,0,0,0,0,0,-0.00042128069
2024-10-07,0,0,-0.5360924,-0.00022552855,0.23996028,0.013424633,0.02425545,0.026785714,0.013746607,0,0,0,0,0,0,0,0,0,0,0.015834788
2024-10-08,0,0,-0.3079506,-0.0010640419,0.24906714,0.00044812237,0,0.00090356003,-0.0014504105,0,0,0,0,0,0,0,0,0,-0,-0.0075865339
2024-10-10,0,0,-0.4526627,-1.2493833e-05,0.24901735,-0.0061613199,-0.010791367,-0.012224508,-0.0052158377,0,-0,0,-0,0,-0,0,-0,0,-0,0.0018812709
2024-10-11,0,0,0.91775964,0.00024267163,0.21895718,-0.0047698051,-0.01019796,-0.0094825809,-0.0049543451,0,-0,0,-0,0,-0,0,-0,0,-0,0.0012518256
2024-10-14,0,0,-0.21391427,-0.00049717586,0.21884218,0.009773632,0.021141649,0.019507278,0.0094089125,0,0,0,0,0,0,0,0,0,0,0.011847706
2024-10-15,0,0,-0.25694585,0.0013878094,0.21951376,-0.0015805649,-0.0038033938,-0.003145112,8.5460346e-05,0,-0,0,-0,0,-0,0,-0,0,0,0.0035303463
2024-10-16,0,0,-1.3732921,-0.00055940688,0.21783877,0.0047559598,0.0099667774,0.0096463992,0.0026563493,0,0,0,0,0,0,0,0,0,0,-0.0090586614
2024-10-17,0,0,0.14051193,-2.3600042e-05,0.22117999,-0.00070790196,-0.002379536,-0.0014115986,-0.0031819745,0,-0,0,-0,0,-0,0,-0,0,-0,0.0022779717
2024-10-18,0,0,0.28253981,0.0012869421,0.21817733,-0.0076601261,-0.016636958,-0.015291869,-0.0090937778,0,-0,0,-0,0,-0,0,-0,0,-0,-0.0058148115
2024-10-21,0,0,-0.10448353,-0.00010941356,0.20288538,0.0023145401,0.003313253,0.0046266089,0.0010685921,0,0,0,0,0,0,0,0,0,0,0.002850187
2024-10-22,0,0,-0.1118996,-0.0024948464,0.20316867,-0.010611735,-0.02146312,-0.021309616,-0.011757569,0,-0,0,-0,0,-0,0,-0,0,-0,-0.014595299
2024-10-23,0,0,0.10909104,-0.0014277346,0.20877883,0.011976228,0.024066646,0.023930189,0.011184441,0,0,0,0,0,0,0,0,0,0,0.012918732
2024-10-24,0,0,0.051858082,-0.0017296069,0.21290143,-0.0024763553,-0.0051845075,-0.0049821423,-0.0050201677,0,-0,0,-0,0,-0,0,-0,0,-0,-0.0083345692
2024-10-25,0,0,0.63124006,-0.0043524696,0.2155405,-0.00056753689,-0.0018354237,-0.0011335839,-0.0048400185,0,-0,0,-0,0,-0,0,-0,0,-0,0.00074774182
2024-10-28,0,0,0.23243172,-0.00075221221,0.2114484,0.0078204286,0.017120147,0.015620808,0.0093004331,0,0,0,0,0,0,0,0,0,0,0.0091156341
2024-10-29,0,0,-0.6187329,-0.0010720205,0.20921576,0.0041827351,0.0084541063,0.0083788923,0.0048760784,0,0,0,0,0,0,0,0,0,0,0.0025767089
2024-10-30,0,0,-0.92254563,5.9278806e-05,0.16689012,-0.006754755,-0.010561255,-0.013548445,-0.0047598442,0,-0,0,-0,0,-0,0,-0,0,-0,-0.0096008981
2024-10-31,0,0,-0.98561859,-0.0018067859,0.16821896,-0.0038541447,-0.0080745342,-0.0077821012,-0.0084161309,0,-0,0,-0,0,-0,0,-0,0,-0,-0.013213625
2024-11-01,0,0,0.85175223,0.00021550446,0.15243598,0.00070064276,0.00031796502,0.0014122993,-0.00020737054,0,0,0,0,0,0,0,0,0,-0,-0.0070428921
2024-11-04,0,0,-0.052482555,0.00089489618,0.14798891,0.014119576,0.027848101,0.028168161,0.015306424,0,0,0,0,0,0,0,0,0,0,0.016681887
2024-11-05,0,0,-1.0610899,-0.00090817457,0.16171554,0.0037173598,0.0062597809,0.0075050339,0.0022012209,0,0,0,0,0,0,0,0,0,0,-0.0055991377
2024-11-06,0,0,-0.30006496,-0.0019888069,0.15150559,-0.0063579655,-0.01539883,-0.012665412,-0.0084711225,0,-0,0,-0,0,-0,0,-0,0,-0,-0.0023787299
2024-11-07,0,0,-2.740777,-0.001651033,0.14861136,0.0039105129,0.009148265,0.007855316,0.0034737555,0,0,0,0,0,0,0,0,0,0,-0.00045273452
2024-11-08,0,0,0.52043961,-0.00022936469,0.14817482,-0.010470264,-0.019975415,-0.020747503,-0.011838967,0,-0,0,-0,0,-0,0,-0,0,-0,-0.0011776429
2024-11-11,0,0,-0.86469704,-0.001939466,0.14841689,-0.0098874354,-0.017493639,-0.019900802,-0.011753588,0,-0,0,-0,0,-0,0,-0,0,-0,-0.016113429
2024-11-12,0,0,-0.57590279,-0.0021093259,0.14786222,-0.016026433,-0.032690422,-0.032213016,-0.019060749,0,-0,0,-0,0,-0,0,-0,0,-0,-0.020894147
2024-11-13,0,0,-0.67744185,-0.0013132949,0.16162205,-0.017684837,-0.034470872,-0.03565847,-0.020099576,0,-0,0,-0,0,-0,0,-0,0,-0,-0.025576651
2024-11-14,0,0,0.583633,-0.0028739563,0.17865369,-0.0056922335,-0.011739594,-0.011368015,-0.0081793207,0,-0,0,-0,0,-0,0,-0,0,-0,-0.0042512077
2024-11-15,0,0,0.67455015,-0.0014256081,0.17747449,0.0067888663,0.013304567,0.013571152,0.0073540966,0,0,0,0,0,0,0,0,0,0,0.0072773142
2024-11-18,1,1,2.9575975,-0.0036810972,0.18340663,0.012004954,0.028651293,0.023750432,0.01139373,1.6357096,0.022087192,2,0.028151293,2,0.028151293,1,0.011504954,2,0.022387461,0.02318338
2024-11-19,0,0,-0.52147063,-0.003919187,0.20813563,0.005186722,0.011937244,0.010390755,-0.00018283207,0,0,0,0,0,0,0,0,0,-0,0.0035148282
2024-11-20,0,0,-0.13457867,-0.0021096644,0.20446688,0.0036962787,0.0067681895,0.0074048508,0.00088218295,0,0,0,0,0,0,0,0,0,0,0.002032711
2024-11-21,0,0,-0.64624736,-0.00078647999,0.19841095,0.0065892689,0.013233797,0.013250047,0.0053395985,0,0,0,0,0,0,0,0,0,0,0.0011859434
2024-11-22,0,0,0.2271333,-0.00054253269,0.19691765,0.004219802,0.0079734219,0.008400766,0.0035024155,0,0,0,0,0,0,0,0,0,0,0.0088840399
2024-11-25,1,1,1.0574419,-0.00089838824,0.20022685,0.002694675,0.0064808814,0.0053415885,0.002889829,1.4983006,0.0040813438,2,0.0059808814,2,0.0059808814,1,0.002194675,2,0.005379658,0.011741078
2024-11-26,0,0,-1.1090167,-0.0020459098,0.201566,0.0032887659,0.0058746736,0.006620263,0.0024194271,0,0,0,0,0,0,0,0,0,0,-0.0031455184
2024-11-27,0,0,-0.85305908,-0.0018993471,0.20095578,-0.0046404425,-0.0094616639,-0.0093100684,-0.0075556219,0,-0,0,-0,0,-0,0,-0,0,-0,-0.0077507506
2024-11-28,0,0,-0.085436795,0.00035814487,0.20113912,-0.00015481314,0.00066291018,-0.00031051079,-0.00045235223,0,0,0,0,0,0,0,0,0,-0,-0.0029948439
2024-11-29,0,0,-0.62945464,0.00069291998,0.19360949,-0.015353535,-0.028046745,-0.03081914,-0.014325519,0,-0,0,-0,0,-0,0,-0,0,-0,-0.018921095
2024-12-02,0,0,0.80320662,0.0005320699,0.20240183,-0.0079082271,-0.014864865,-0.01566418,-0.0095290285,0,-0,0,-0,0,-0,0,-0,0,-0,0.0018307503
2024-12-03,0,0,0.64935151,-0.00010326317,0.18853475,0.0095927772,0.021746517,0.019089803,0.012185066,0,0,0,0,0,0,0,0,0,0,0.014682252
2024-12-04,0,0,-3.2064803,0.0011007089,0.20259707,0.0041405904,0,0.0084323002,0.0068129971,0,0,0,0,0,0,0,0,0,0,-0.01353827
2024-12-05,0,0,-0.17763908,-0.0025355315,0.20796721,-0.0078316664,-0.016404648,-0.015651026,-0.010902761,0,-0,0,-0,0,-0,0,-0,0,-0,-0.0070508987
2024-12-06,0,0,0.64245285,-0.00084436304,0.2088568,-0.0077146832,-0.014868603,-0.015388982,-0.0095639338,0,-0,0,-0,0,-0,0,-0,0,-0,-0.0051038199
2024-12-09,0,0,-2.3598472,0.0012262066,0.20912403,-0.010955628,-0.021330441,-0.022228051,-0.011219666,0,-0,0,-0,0,-0,0,-0,0,-0,-0.024853428
2024-12-10,1,0,1.8576862,0.00084786488,0.22095894,0.010387005,0.02138456,0.020574285,0.011891994,0,0,0,0,0,0,0,0,2,0.023383988,0.020291465
2024-12-11,0,0,-0.37762924,-0.001292559,0.22700537,0.014958983,0.027568922,0.03005332,0.013456002,0,0,0,0,0,0,0,0,0,0,0.010408327
2024-12-12,0,0,0.14972892,0.0001925001,0.20948822,0.0079687549,0.019986216,0.015838237,0.0098207709,0,0,0,0,0,0,0,0,0,0,0.014326466
2024-12-13,0,0,-0.039491534,-0.0013445339,0.2154212,0.0069540158,0.016717844,0.013942096,0.0071615774,0,0,0,0,0,0,0,0,0,0,0.0044997188
2024-12-16,0,0,0.9422959,-0.0012569815,0.2140514,-0.010288892,-0.017922337,-0.020439479,-0.0099423285,0,-0,0,-0,0,-0,0,-0,0,-0,-0.0035463199
2024-12-17,0,0,-0.51381178,-0.0011993949,0.1962452,-0.01019164,-0.020006782,-0.020411997,-0.012148823,0,-0,0,-0,0,-0,0,-0,0,-0,-0.011582168
2024-12-18,0,0,0.5390257,0.00093720275,0.20199412,0.011626075,0.023415978,0.023195147,0.011411043,0,0,0,0,0,0,0,0,0,0,0.014118316
2024-12-19,0,0,-1.3356781,0.0013494688,0.20791793,0.0023318214,0.0060283688,0.0047862575,0.0029867463,0,0,0,0,0,0,0,0,0,0,-0.022704622
2024-12-20,0,0,-0.42574723,-0.0010447533,0.2225341,-0.010272329,-0.017475036,-0.020630483,-0.009490323,0,-0,0,-0,0,-0,0,-0,0,-0,-0.01437267
2024-12-23,0,0,0.24735098,-0.0015591471,0.22303776,0.0080779587,0.01751877,0.016018307,0.0061682243,0,0,0,0,0,0,0,0,0,0,0.016813244
2024-12-24,0,0,-0.1515696,0.0012344722,0.22467944,-0.0036721644,-0.0073247297,-0.0073116924,-0.002221468,0,-0,0,-0,0,-0,0,-0,0,-0,0.00079496311
2024-12-26,0,0,-0.44733487,1.8856891e-05,0.22492692,-0.0094034954,-0.017445918,-0.018741126,-0.0093380178,0,-0,0,-0,0,-0,0,-0,0,-0,-0.0059098275
2024-12-27,0,0,-0.54805817,0.002107881,0.22353717,-0.0010885225,0.00071505184,-0.0021806754,-0.0037784162,0,0,0,0,0,0,0,0,0,-0,-0.0027487455
2024-12-30,0,0,0.41068311,0.0040654546,0.22452072,0.00093277581,0.00071916577,0.001872236,-0.00097444441,0,0,0,0,0,0,0,0,0,-0,-0.0026281209
2025-01-02,1,0,1.0365439,0.0019395335,0.21634779,0.0018714507,0.002173913,0.0037583023,0.00028330395,0,0,0,0,0,0,0,0,2,0.00016660791,-0.0022172949
2025-01-03,0,0,0.31808301,-0.0018629212,0.21635715,0.020328608,0.039392844,0.040670319,0.018035568,0,0,0,0,0,0,0,0,0,0,0.02
2025-01-06,0,0,-0.24025524,-0.00251203,0.21741657,0.018351223,0.033494475,0.036589575,0.017494322,0,0,0,0,0,0,0,0,0,0,0.021502321
2025-01-07,1,1,1.1504862,-0.0041014163,0.2273202,-0.0090639067,-0.016388069,-0.017960075,-0.013623085,1.3197243,-0.01190562,2,-0.016888069,0,-0,1,-0.0095639067,2,-0.027646169,0.00027818991
2025-01-08,0,0,-0.014283738,-0.0021104234,0.22501244,0.018136491,0.036271186,0.036581916,0.018147,0,0,0,0,0,0,0,0,0,0,0.0096103334
2025-01-09,0,0,0.29214087,-0.0056502172,0.22683582,0.0011942309,0.00098360656,0.0023895595,-0.0021124037,0,0,0,0,0,0,0,0,0,-0,0.00073457395
2025-01-10,0,0,0.42461136,-0.0052115185,0.2015659,-0.00091807693,-0.0026195154,-0.0018372221,-0.0060903149,0,-0,0,-0,0,-0,0,-0,0,-0,-0.0014986543
2025-01-13,0,0,0.50819045,-0.00121598,0.18939561,-0.0077619664,-0.013967409,-0.015610965,-0.0083758631,0,-0,0,-0,0,-0,0,-0,0,-0,-0.013263087
2025-01-14,0,0,0.28333342,0.0022066974,0.19426382,-0.001450483,-0.0016705647,-0.0028841433,-0.0021722078,0,-0,0,-0,0,-0,0,-0,0,-0,0.0044080214
2025-01-15,0,0,0.70240883,0.00048627885,0.18610975,-0.0053569779,-0.012284197,-0.010672882,-0.0055884385,0,-0,0,-0,0,-0,0,-0,0,-0,-0.0015144023
2025-01-16,0,0,0.51429904,-0.00028156456,0.18549485,0.00058015267,0.0039344262,0.0011448197,8.9365505e-05,0,0,0,0,0,0,0,0,0,0,0.014300306
2025-01-17,0,0,-0.34241397,-0.0009935522,0.19184091,0.0019303245,0.0026315789,0.0038763267,0.0011353112,0,0,0,0,0,0,0,0,0,0,-0.0021056486
2025-01-20,0,0,-0.3237899,0.0010470779,0.18479248,-0.006482045,-0.011389522,-0.012901272,-0.0070470697,0,-0,0,-0,0,-0,0,-0,0,-0,-0.0016207951
2025-01-21,0,0,0.81863275,0.0011055447,0.17975667,-0.0051452232,-0.0087890625,-0.010228476,-0.0049982149,0,-0,0,-0,0,-0,0,-0,0,-0,0.00091892057
2025-01-22,0,0,0.29238568,0.00055543701,0.15797444,0.0042845422,0.0093942339,0.0085090975,0.0053717169,0,0,0,0,0,0,0,0,0,0,0.011414757
2025-01-23,0,0,-1.0323071,0.0017704098,0.15287652,-0.0093922317,-0.021221865,-0.018809538,-0.0090650551,0,-0,0,-0,0,-0,0,-0,0,-0,-0.010711044
2025-01-24,0,0,0.20805984,0.00030341703,0.15628884,0.0010348186,0.0071895425,0.0020596075,0.0016955707,0,0,0,0,0,0,0,0,0,0,0.0059334475
2025-01-31,0,0,0.37875878,-0.010500784,0.1572291,0.0012296342,0.00066291018,0.0024867889,-0.0091841284,0,0,0,0,0,0,0,0,0,-0,-0.009729401
2025-02-03,0,0,-2.5910294,-0.00065554036,0.16059571,-0.0061180309,-0.012110727,-0.012509623,-0.0057897317,0,-0,0,-0,0,-0,0,-0,0,-0,-0.027387166
2025-02-04,1,1,2.1777425,-0.00077923227,0.18709048,0.00015591867,0.0037697053,0.00030809046,0.00042607584,1.6035022,0.0018368469,2,0.0032697053,2,0.0032697053,1,-0.00034408133,2,0.00045215168,0.012469222
2025-02-05,0,0,0.76164078,-0.00042927687,0.19081416,0.0010488,0.0030140656,0.002075512,0.0012648697,0,0,0,0,0,0,0,0,0,0,0.011816793
2025-02-06,0,0,0.38300098,0.00093117235,0.19367067,0.003612761,0.0055939454,0.0071793624,0.0066405432,0,0,0,0,0,0,0,0,0,0,0.010107235
2025-02-07,0,0,-0.58500133,0.00034216458,0.18657385,-0.0071343639,-0.014388489,-0.014260467,-0.0060431055,0,-0,0,-0,0,-0,0,-0,0,-0,-0.0065588774
2025-02-10,0,0,-0.12335423,-0.00018155553,0.17163946,0.0073781373,0.01442469,0.014835045,0.0073480696,0,0,0,0,0,0,0,0,0,0,0.0020574236
2025-02-11,0,0,0.016176855,0.00096136414,0.17148332,0.0026216315,0.0052407468,0.0052159146,0.0021730071,0,0,0,0,0,0,0,0,0,0,0.0079063496
2025-02-12,0,0,-0.45864443,0.0024134414,0.16744411,0.0029539848,0.0078585462,0.0059175207,0.0042883945,0,0,0,0,0,0,0,0,0,0,0.0013377926
2025-02-13,0,0,0.64471959,0.00069181293,0.16747416,0.0075950133,0.010946555,0.015137808,0.0074734883,0,0,0,0,0,0,0,0,0,0,0.011082772
2025-02-14,0,0,-0.5099154,-0.00081100934,0.17153825,0.0033881027,0.0069664345,0.0067654543,0.0025740026,0,0,0,0,0,0,0,0,0,0,0.0049851347
2025-02-17,0,0,0.13638321,0.0018258969,0.16413427,0.003901364,0.0084454176,0.0077765575,0.00530164,0,0,0,0,0,0,0,0,0,0,0.0072911998
2025-02-18,0,0,0.1459266,-0.00045194297,0.16504617,0.0063420561,0.01269743,0.012671344,0.0062776637,0,0,0,0,0,0,0,0,0,0,0.0073570856
2025-02-19,0,0,0.20838343,0.00020056482,0.16616845,0.016547354,0.033100516,0.032971851,0.015757958,0,0,0,0,0,0,0,0,0,0,0.020349265
2025-02-20,0,0,-0.70968403,0.0016814447,0.17155795,-0.0061058541,-0.011528229,-0.012243951,-0.0033960662,0,-0,0,-0,0,-0,0,-0,0,-0,-0.0087162318
2025-02-21,0,0,0.25424826,0.0011703592,0.17413003,-0.001103881,0.00089578979,-0.0022027709,-0.00070988443,0,0,0,0,0,0,0,0,0,-0,0.0011646189
2025-02-24,0,0,0.065544089,0.00014648146,0.1731419,0.0023172592,0.0048632219,0.0046748328,0.0026362542,0,0,0,0,0,0,0,0,0,0,-0.0062525446
2025-02-25,0,0,-1.2957542,-0.00060795434,0.175686,0.0070808521,0.016129032,0.014339283,0.004944626,0,0,0,0,0,0,0,0,0,0,-0.00523836
2025-02-26,0,0,0.24218061,0.00025740233,0.17380978,0.0060370469,0.012247397,0.012086552,0.0053822243,0,0,0,0,0,0,0,0,0,0,0.0050011767
2025-02-27,0,0,-0.39369484,0.0039919585,0.16620065,-0.0048259725,-0.013566476,-0.009644047,-0.0059394009,0,-0,0,-0,0,-0,0,-0,0,-0,-0.0040103038
2025-02-28,0,0,-0.99193181,0.003442535,0.16925392,-0.017473118,-0.039258794,-0.035524518,-0.020195803,0,-0,0,-0,0,-0,0,-0,0,-0,-0.033210874
2025-03-04,0,0,-0.60435057,0.0061967719,0.21040231,0.0025358223,0.0082891247,0.0050971843,0.0043297853,0,0,0,0,0,0,0,0,0,0,-0.0024623803
2025-03-05,1,1,2.0182909,-0.0010314292,0.18554115,0.00030255355,0.0019442644,0.00060078102,0.00056398231,1.616892,0.0008153118,2,0.0014442644,2,0.0014442644,1,-0.00019744645,2,0.00072796462,0.0075577497
2025-03-06,0,0,-0.043872032,-0.0027371152,0.18299521,0.0050574989,0.0080128205,0.010067717,0.00339073,0,0,0,0,0,0,0,0,0,0,0.0097997701
2025-03-07,0,0,-0.12065128,-0.00024400268,0.1817711,0.0045949214,0.008723748,0.0092756453,0.0044819091,0,0,0,0,0,0,0,0,0,0,-0.0046127119
2025-03-10,0,0,-0.98567488,-0.0020060754,0.17844276,0.0081724075,0.016531605,0.016441359,0.0049537257,0,0,0,0,0,0,0,0,0,0,0.0022869523
2025-03-11,0,0,-0.94722525,-0.0013895482,0.17580586,0.012699486,0.026755853,0.026028865,0.010010855,0,0,0,0,0,0,0,0,0,0,-0.011228534
2025-03-12,1,1,1.3306508,-0.00043894511,0.18088248,0.011366385,0.026623377,0.022632878,0.011482998,1.6585354,0.020913654,2,0.026123377,2,0.026123377,1,0.010866385,2,0.022565996,0.015849882
2025-03-13,0,0,0.90731867,-0.004489473,0.1902493,-0.010755883,-0.023110556,-0.021384688,-0.0083071918,0,-0,0,-0,0,-0,0,-0,0,-0,-0.0048421808
2025-03-14,0,0,0.49508941,-0.0022995017,0.19024234,0.0044100441,0.0095816033,0.0088097807,0.0016753373,0,0,0,0,0,0,0,0,0,0,0.0055865922
2025-03-17,0,0,-0.36529497,-0.0017884511,0.18614478,0.01182818,0.021157436,0.023480257,0.012209657,0,0,0,0,0,0,0,0,0,0,0.019474313
2025-03-18,0,0,0.47088729,0.0026807375,0.20089692,-0.0088928799,-0.018143962,-0.017587076,-0.0084661213,0,-0,0,-0,0,-0,0,-0,0,-0,0.0024317356
2025-03-19,0,0,0.7296576,0.0026621323,0.19972091,0.0079450854,0.016343826,0.015880893,0.0084794481,0,0,0,0,0,0,0,0,0,0,0.0085342686
2025-03-20,0,0,0.23392513,0.00039501712,0.20010504,-0.00057534089,0.00029359953,-0.0011423023,-0.00059370671,0,0,0,0,0,0,0,0,0,-0,0.0068102124
2025-03-21,0,0,0.11137296,-0.0023585411,0.1896288,0.0068651206,0.0156712,0.013759611,0.0045251428,0,0,0,0,0,0,0,0,0,0,0.0047205112
2025-03-24,0,0,-0.68848276,0.00024098117,0.18867229,0.0004026228,0.0020564042,0.00080836076,-0.0013570055,0,0,0,0,0,0,0,0,0,-0,-0.0034378044
2025-03-25,0,0,-0.2405645,-0.0010655267,0.18982941,-0.01043185,-0.018873403,-0.020743351,-0.014152135,0,-0,0,-0,0,-0,0,-0,0,-0,-0.0046570459
2025-03-26,0,0,0.46049096,0.0021644117,0.18997852,0.0041412631,0.00969163,0.0082474227,0.0062928737,0,0,0,0,0,0,0,0,0,0,0.0084334566
2025-03-27,0,0,-0.63532559,-0.00014242854,0.19185511,-0.0019967011,-0.0071090047,-0.0040353237,-0.0032441662,0,-0,0,-0,0,-0,0,-0,0,-0,-0.012257991
2025-03-28,0,0,-0.87257096,0.0036413224,0.19788212,-0.01202469,-0.022617612,-0.024149222,-0.013206733,0,-0,0,-0,0,-0,0,-0,0,-0,-0.016092554
2025-03-31,0,0,-0.99921147,0.0042460035,0.20974686,-0.0103232,-0.022058824,-0.021031394,-0.013503487,0,-0,0,-0,0,-0,0,-0,0,-0,-0.028114225
2025-04-01,1,0,1.2641454,0.00060659159,0.20052777,0.0067415054,0.016441006,0.013383122,0.0044547398,0,0,0,0,0,0,0,0,2,0.0085094797,0.014312138
2025-04-02,0,0,-0.13858732,-0.00028082827,0.210114,-0.0062695925,-0.016113744,-0.012522735,-0.0073798559,0,-0,0,-0,0,-0,0,-0,0,-0,-0.0049624824
2025-04-03,0,0,-4.6425711,0.00019460557,0.20883713,0.018213921,0.028135593,0.037594706,0.020538287,0,0,0,0,0,0,0,0,0,0,-0.012438035
2025-04-04,1,0,1.2279264,0.0017427893,0.20840056,0.0040989922,0.0053981107,0.0083065297,0.0039710419,0,0,0,0,0,0,0,0,2,0.0075420839,-0.0088527882
2025-04-07,0,0,-2.0490144,0.002861767,0.2120247,-0.012820101,-0.0575,-0.026899481,-0.01250319,0,-0,0,-0,0,-0,0,-0,0,-0,-0.056967465
2025-04-08,1,1,3.1928327,-0.0025030298,0.29174433,-0.019069218,-0.040102078,-0.037441204,-0.022203299,1.0282976,-0.020164397,2,-0.040602078,2,-0.040602078,1,-0.019569218,2,-0.044806598,-0.00045566983
2025-04-09,0,0,0.73183401,0.00046491289,0.29119905,-0.014586393,-0.027533461,-0.029234794,-0.015199043,0,-0,0,-0,0,-0,0,-0,0,-0,-0.016672094
2025-04-10,0,0,-0.6304116,0.0094293869,0.28373476,0.0055201832,0.018935334,0.010486177,0.020274936,0,0,0,0,0,0,0,0,0,0,0.061626598
2025-04-11,0,0,-0.16125345,-0.0021130481,0.38412399,0.013765978,0.02568741,0.028004517,0.011295181,0,0,0,0,0,0,0,0,0,0,-0.0030568639
2025-04-14,0,0,-0.01814509,-0.0044496935,0.38477186,0.00090244282,0.0048951049,0.0017951654,-0.00058368149,0,0,0,0,0,0,0,0,0,-0,0.0063514909
2025-04-15,0,0,-0.082325392,-0.0045018142,0.37689224,0.008476155,0.012802768,0.016929183,0.004653726,0,0,0,0,0,0,0,0,0,0,0.0098557393
2025-04-16,0,0,-0.3714418,-0.0006541801,0.37915846,-0.011469734,-0.02071108,-0.023035609,-0.010581363,0,-0,0,-0,0,-0,0,-0,0,-0,-0.015578338
2025-04-17,1,0,1.7105943,0.00070455556,0.37875225,0.0071421888,0.014360771,0.01424528,0.0068501605,0,0,0,0,0,0,0,0,2,0.013300321,0.0099139953
2025-04-18,0,0,-0.088419444,0.001303152,0.37916914,0.0051010944,0.011042098,0.010185185,0.0059126279,0,0,0,0,0,0,0,0,0,0,0.0067818655
2025-04-21,0,0,0.10954221,-0.00059804333,0.37966151,0.0011994095,0.0010217984,0.0023984502,0.0016729529,0,0,0,0,0,0,0,0,0,0,0.0013533881
2025-04-22,1,1,1.0907998,-0.0025003144,0.38029691,0.0016670268,0.0017140898,0.0033508113,0.0014323155,0.78885732,0.00092061765,2,0.0012140898,2,0.0012140898,1,0.0011670268,2,0.002464631,-0.0033174628
2025-04-23,0,0,0.18422259,0.00056991233,0.38016223,0.0013337779,0.0046403712,0.0026244371,0.0012893167,0,0,0,0,0,0,0,0,0,0,0.018060221
2025-04-24,0,0,-1.1775466,0.0003609928,0.38309185,-0.0019371633,-0.0029752066,-0.0038737403,-0.00044927666,0,-0,0,-0,0,-0,0,-0,0,-0,-0.0017860927
2025-04-25,0,0,-0.1851188,0.00097875954,0.38108941,-0.0015900159,-0.0012999675,-0.0031461475,5.9373608e-05,0,-0,0,-0,0,-0,0,-0,0,0,0.0092800388
2025-04-28,0,0,-0.39257002,0.00045633833,0.37651463,-0.0010198572,0,-0.002036172,-0.00050407709,0,0,0,0,0,0,0,0,0,-0,0.00072115385
2025-04-29,0,0,0.052139439,0.0016325497,0.35925486,0.0040122163,0.0097150259,0.0080019109,0.0046817589,0,0,0,0,0,0,0,0,0,0,0.0068460245
2025-04-30,0,0,-0.5962381,0.0011901468,0.35448045,-0.0010448385,0.001610306,-0.0020918001,0.00035437954,0,0,0,0,0,0,0,0,0,0,-0.0020577359
2025-05-02,0,0,-0.5812229,-0.00069042311,0.35378089,0.0016448352,-0.00096370061,0.0032921318,0.00035432722,0,0,0,0,0,0,0,0,0,0,0.00089651257
2025-05-07,0,0,0.84952338,0.0039376081,0.35160243,-0.0021564457,-0.0062972292,-0.0042676332,8.790436e-05,0,-0,0,-0,0,-0,0,-0,0,0,0.0085390977
2025-05-08,0,0,0.086951838,-0.0006158177,0.34832903,-0.0011822777,-0.0037831021,-0.0023607873,-0.002832613,0,-0,0,-0,0,-0,0,-0,0,-0,0.00041445869
2025-05-09,0,0,0.052486347,-0.0012370196,0.26670771,-0.0020379833,-0.0037831021,-0.0040682763,-0.0037342825,0,-0,0,-0,0,-0,0,-0,0,-0,-0.00014795964
2025-05-12,0,0,0.91497748,-0.00024748115,0.26699096,0.007230828,0.012788522,0.014363286,0.0091588405,0,0,0,0,0,0,0,0,0,0,0.014176631
2025-05-13,0,0,-2.3895221,0.0037356074,0.25571794,-0.002004998,-0.0045745654,-0.00399294,0.0018757936,0,-0,0,-0,0,-0,0,-0,0,0,0.0022762424
2025-05-14,0,0,0.55800422,0.0005789886,0.1179436,0.0042993998,0.0084286574,0.008522321,0.0049420099,0,0,0,0,0,0,0,0,0,0,0.013393507
2025-05-15,0,0,-0.43920382,-0.0001427924,0.11432143,-0.0046959177,-0.0072028812,-0.0094173383,-0.00493032,0,-0,0,-0,0,-0,0,-0,0,-0,-0.0073839966
2025-05-16,0,0,0.20615429,-0.0002107188,0.12013705,0,0.0012037316,0,-0.00031378366,0,0,0,0,0,0,0,0,0,-0,0.0037049902
2025-05-19,0,0,-1.2515505,0.0011706952,0.11864259,-0.0064332908,-0.010968921,-0.012929528,-0.0051954762,0,-0,0,-0,0,-0,0,-0,0,-0,-0.011246972
2025-05-20,0,0,0.96180935,-0.00053552633,0.1132074,-0.0057303273,-0.012135922,-0.011372774,-0.0068969465,0,-0,0,-0,0,-0,0,-0,0,-0,0.0020124832
2025-05-21,0,0,0.99410975,-0.00084009373,0.11180133,0.0015933716,0.004256613,0.0031717655,0.00065874266,0,0,0,0,0,0,0,0,0,0,0.0063455101
2025-05-22,0,0,0.35716867,-0.0005797528,0.11201152,-0.0073298429,-0.015911873,-0.014742446,-0.0082264281,0,-0,0,-0,0,-0,0,-0,0,-0,-0.012871316
2025-05-23,0,0,0.58754271,-0.0017249414,0.12599245,-0.001870142,-0.0037128713,-0.0037300385,-0.0033195739,0,-0,0,-0,0,-0,0,-0,0,-0,0.0008790436
2025-05-26,0,0,0.67474949,-0.00010098149,0.1249567,0.013404591,0.026234568,0.026743576,0.017453116,0,0,0,0,0,0,0,0,0,0,0.015896715
2025-05-27,0,0,-0.829292,-0.00064718893,0.13064993,0.0058658653,0.0099758162,0.011763683,0.0038005429,0,0,0,0,0,0,0,0,0,0,0.0031411199
2025-05-28,0,0,-0.66423683,-0.0004338866,0.13136355,0.010337323,0.021099554,0.020608552,0.0093468532,0,0,0,0,0,0,0,0,0,0,0.013588049
2025-05-29,1,0,1.4384964,0.0027787688,0.13596089,0.0083793403,0.019110097,0.016572901,0.0099301827,0,0,0,0,0,0,0,0,2,0.019460365,0.019811241
2025-05-30,0,0,-0.69496397,0.00046030484,0.14695978,-0.0058857988,-0.012990681,-0.011815433,-0.00632754,0,-0,0,-0,0,-0,0,-0,0,-0,-0.0095603357
2025-06-02,0,0,-0.33185759,-0.0003440318,0.15402616,0.0023636006,0.0063309353,0.0047404063,0.0025922622,0,0,0,0,0,0,0,0,0,0,-0.00042089904
2025-06-04,1,1,1.4036238,-0.0031556577,0.15369295,0.014346646,0.027561247,0.028314521,0.012010615,1.9519438,0.026426204,2,0.027061247,2,0.027061247,1,0.013846646,2,0.023621231,0.028099823
2025-06-05,0,0,0.91946784,-0.00012099105,0.1774683,0.009645344,0.020272073,0.019142873,0.01024898,0,0,0,0,0,0,0,0,0,0,0.017502184
2025-06-09,1,0,1.2273642,0.0022945955,0.18362364,0.001717532,0.0010136847,0.0033832141,0.0045639344,0,0,0,0,0,0,0,0,2,0.0087278689,0.017308466
2025-06-10,0,0,0.68493503,0.00021844756,0.18766576,-0.00089082191,-0.0020005001,-0.0017697273,-0.0015827711,0,-0,0,-0,0,-0,0,-0,0,-0,0.0058823529
2025-06-11,0,0,0.37194335,-0.00012945507,0.18649544,0.0067059806,0.015857284,0.01334545,0.0068970862,0,0,0,0,0,0,0,0,0,0,0.011748354
2025-06-12,0,0,0.21307913,-0.00022709618,0.18439176,0.0011656219,0.0051294577,0.0023297352,0.0013073236,0,0,0,0,0,0,0,0,0,0,0.0018143646
2025-06-13,0,0,0.32803769,-0.0014727883,0.18375366,-0.012191664,-0.025108643,-0.024291914,-0.013374092,0,-0,0,-0,0,-0,0,-0,0,-0,-0.0084603244
2025-06-16,1,1,1.0906838,-0.00039289587,0.18845853,0.014717354,0.026238352,0.029332504,0.014046823,1.5918621,0.021036197,2,0.025738352,2,0.025738352,1,0.014217354,2,0.027693645,0.018265317
2025-06-17,0,0,-0.1034228,-0.00025127032,0.18775184,-0.0010212418,-0.0014234875,-0.002035002,-0.0016168966,0,-0,0,-0,0,-0,0,-0,0,-0,0.0026650267
2025-06-18,0,0,-0.36222281,-0.0001567155,0.18798445,0.015492704,0.033542471,0.031203027,0.015841483,0,0,0,0,0,0,0,0,0,0,0.0084594153
2025-06-19,0,0,0.8338217,-0.00062898403,0.17690074,-0.0048595025,-0.0092250923,-0.0096565181,-0.0058015039,0,-0,0,-0,0,-0,0,-0,0,-0,0.0016219367
2025-06-20,0,0,0.3841417,0.00064080614,0.17699845,0.0097765011,0.019404019,0.019472535,0.011555068,0,0,0,0,0,0,0,0,0,0,0.013966551
2025-06-23,0,0,-1.3352146,0.0005942728,0.1792515,0.0084128863,0.016628176,0.016985786,0.0086566047,0,0,0,0,0,0,0,0,0,0,-0.00099812851
2025-06-24,1,1,1.5668324,-0.0017613662,0.16654289,0.017366919,0.031641397,0.034214544,0.015410043,1.8013377,0.028305598,2,0.031141397,2,0.031141397,1,0.016866919,2,0.030420087,0.033046085
2025-06-25,0,0,0.43096896,-0.0023571852,0.18680513,-0.0036505116,-0.0088087248,-0.0072522544,-0.0050752994,0,-0,0,-0,0,-0,0,-0,0,-0,0.0030949272
2025-06-26,0,0,0.0024294085,-0.0014504375,0.18375059,-0.0090391939,-0.017175573,-0.018078388,-0.0096967098,0,-0,0,-0,0,-0,0,-0,0,-0,-0.0090391939
2025-06-27,0,0,-0.64134124,0.00084361887,0.19073399,-0.006250608,-0.01164546,-0.012499696,-0.0063559322,0,-0,0,-0,0,-0,0,-0,0,-0,-0.0061297463
2025-06-30,0,0,0.40970577,-3.4984264e-05,0.19704622,0.0002432439,-0.001077354,0.00048352392,-0.0016374494,0,0,0,0,0,0,0,0,0,-0,0.0064122959
2025-07-01,0,0,0.39142971,0.00034849149,0.19254438,-0.0016703786,-0.0038461538,-0.0033257019,-0.0020378317,0,-0,0,-0,0,-0,0,-0,0,-0,0.00286958
2025-07-02,0,0,-0.2515432,0.00050278328,0.18315442,-0.0015554745,-0.0040921818,-0.0031180726,-0.0023350987,0,-0,0,-0,0,-0,0,-0,0,-0,-0.0038313247
2025-07-03,0,0,0.84111432,-0.0017894949,0.1862495,0.0084606459,0.017068487,0.016804705,0.0062872033,0,0,0,0,0,0,0,0,0,0,0.015505952
2025-07-04,0,0,-0.17321499,0.00088763504,0.17198966,-0.023159202,-0.046826223,-0.046135553,-0.022499053,0,-0,0,-0,0,-0,0,-0,0,-0,-0.019272257
2025-07-07,0,0,-0.69001638,-0.00010481562,0.18948142,0.0066820616,0.01480663,0.013432762,0.0056733789,0,0,0,0,0,0,0,0,0,0,0.0015642567
2025-07-08,0,0,0.96955047,-0.00025991717,0.18405142,0.015350557,0.031601732,0.030605811,0.01550182,0,0,0,0,0,0,0,0,0,0,0.018522134
2025-07-09,0,0,0.13916256,-0.0013072527,0.19264495,0.0025867644,0.0023027004,0.0051717946,0.00066391616,0,0,0,0,0,0,0,0,0,0,0.0029230659
2025-07-10,0,0,-0.010195195,0.00012683407,0.19024567,0.010100288,0.021811383,0.020142996,0.011784711,0,0,0,0,0,0,0,0,0,0,0.01299601
2025-07-11,0,0,-0.057670177,-0.00098314777,0.1940906,-0.0013886601,-0.0038430421,-0.00277184,-0.0022376058,0,-0,0,-0,0,-0,0,-0,0,-0,0.00058958093
2025-07-14,0,0,0.17507739,-0.0012702142,0.18901073,0.010215155,0.025337148,0.020449608,0.0099950959,0,0,0,0,0,0,0,0,0,0,0.009262751
2025-07-15,0,0,-0.58512414,-2.3985413e-05,0.1842228,0.0092252219,0.018655968,0.018498955,0.0086766889,0,0,0,0,0,0,0,0,0,0,0.0065855538
2025-07-16,0,0,-0.12379872,0.00037316838,0.18405887,-0.0072077937,-0.012688343,-0.014447163,-0.0060170136,0,-0,0,-0,0,-0,0,-0,0,-0,-0.0093728975
2025-07-17,0,0,0.19570921,-0.00029152943,0.18897023,-0.0014005275,-0.0027888446,-0.0027918014,-0.0024958403,0,-0,0,-0,0,-0,0,-0,0,-0,0.0019204197
2025-07-18,0,0,-0.044154992,-0.00076824159,0.18896313,-0.0030327066,-0.0059713376,-0.0060534097,-0.0039969503,0,-0,0,-0,0,-0,0,-0,0,-0,-0.0010518688
2025-07-21,0,0,0.089245752,-0.0014746693,0.18506099,0.0086388538,0.017265609,0.017286611,0.006858202,0,0,0,0,0,0,0,0,0,0,0.0081196181
2025-07-22,0,0,-0.19619712,-0.00025844837,0.1845829,-0.013030451,-0.026850938,-0.026079074,-0.014640547,0,-0,0,-0,0,-0,0,-0,0,-0,-0.013717708
2025-07-23,0,0,0.69272504,0.0020511446,0.15985283,-0.0033188426,-0.003611557,-0.0065923863,-0.0015787519,0,-0,0,-0,0,-0,0,-0,0,-0,0.0035771439
2025-07-24,0,0,0.51388697,-0.0021844558,0.1599727,-0.0069004103,-0.016289233,-0.013720219,-0.0082791384,0,-0,0,-0,0,-0,0,-0,0,-0,-0.0010317981
2025-07-25,0,0,-0.27138817,-0.0017476786,0.15526021,0.0047757964,0.01056052,0.0095727624,0.0030035624,0,0,0,0,0,0,0,0,0,0,0.0025586854
2025-07-28,0,0,0.94499781,-0.00065753254,0.15173187,-0.0039904415,-0.0076983814,-0.0079085914,-0.0038387275,0,-0,0,-0,0,-0,0,-0,0,-0,0.0051979676
2025-07-29,0,0,-0.85245403,0.00100613,0.15212117,0.011017286,0.021050521,0.02212774,0.011769622,0,0,0,0,0,0,0,0,0,0,0.0067783187
2025-07-30,0,0,0.27426133,-0.0012531714,0.1524976,0.0088169953,0.017078916,0.017638072,0.0078139322,0,0,0,0,0,0,0,0,0,0,0.0085835917
2025-07-31,0,0,0.78890828,0.0016264775,0.1521141,-0.010151591,-0.019783146,-0.02014681,-0.0088807538,0,-0,0,-0,0,-0,0,-0,0,-0,-0.0024086436
2025-08-01,0,0,-1.5743539,-0.0010333559,0.1456681,-0.026551563,-0.055544456,-0.053892783,-0.02779896,0,-0,0,-0,0,-0,0,-0,0,-0,-0.040608904
2025-08-04,0,0,0.74936576,0.0010894748,0.19776597,0.011771193,0.02931181,0.023548031,0.010851201,0,0,0,0,0,0,0,0,0,0,0.01152869
2025-08-05,0,0,0.77039553,-0.00062693558,0.20011598,0.0022963189,0.0052525253,0.0045421891,0.0014630068,0,0,0,0,0,0,0,0,0,0,0.013553539
2025-08-06,0,0,-0.48406848,-0.0012514529,0.19507484,0.0063559322,0.012645319,0.012800759,0.0041501516,0,0,0,0,0,0,0,0,0,0,-0.00058445354
2025-08-07,0,0,0.27790261,0.0017372192,0.19526766,0.0012771985,0.0037795902,0.0025359646,0.0044993078,0,0,0,0,0,0,0,0,0,0,0.0086081871
2025-08-08,0,0,-0.30794203,0.0015441033,0.19170576,-0.0033365772,-0.0075128509,-0.0066669753,-0.0022327594,0,-0,0,-0,0,-0,0,-0,0,-0,-0.0024119857
2025-08-11,0,0,-0.12446346,-0.0019918023,0.19251633,-0.00116082,-0.0051525961,-0.0023184642,-0.0037707217,0,-0,0,-0,0,-0,0,-0,0,-0,0.0002092342
2025-08-12,0,0,0.30998131,-0.00022075068,0.1891379,-0.0042490945,-0.0079507056,-0.0084893188,-0.0057128378,0,-0,0,-0,0,-0,0,-0,0,-0,-0.0032075866
2025-08-13,0,0,0.79071041,-0.0016011102,0.18862583,0.00057735387,0.0021623747,0.0011437198,-2.2886961e-05,0,0,0,0,0,0,0,0,0,-0,0.010283316
2025-08-14,0,0,-0.28345805,0.0017664909,0.19113554,-0.0034074688,-0.0058582308,-0.0067980341,-0.00082393061,0,-0,0,-0,0,-0,0,-0,0,-0,-0.00092323316
2025-08-18,0,0,-0.97926492,0.0022002829,0.1912059,-0.010008592,-0.019677996,-0.020121382,-0.0088219672,0,-0,0,-0,0,-0,0,-0,0,-0,-0.015108811
2025-08-19,0,0,0.23835707,0.00048846328,0.20107582,-0.0097087379,-0.020568663,-0.019366279,-0.009528679,0,-0,0,-0,0,-0,0,-0,0,-0,-0.0070838807
2025-08-20,0,0,-0.98046675,0.00031751184,0.20005443,0.0030751627,0.0079748164,0.0062066975,0.0034343099,0,0,0,0,0,0,0,0,0,0,-0.0059532247
2025-08-21,0,0,0.60499137,-0.0010665159,0.1940879,0.00011854521,-0.00041450777,0.00023652964,-0.0016701167,0,0,0,0,0,0,0,0,0,-0,0.0024953657
2025-08-22,1,1,1.4492752,-0.0013127664,0.19335377,0.0018372394,0.004091653,0.0036510871,0.0011682243,1.5515602,0.0025806842,2,0.003591653,2,0.003591653,1,0.0013372394,2,0.0019364486,0.0082971813
2025-08-25,0,0,-0.077502373,0.00029895769,0.19673839,0.0034494814,0.0072187688,0.0068396608,0.0047471286,0,0,0,0,0,0,0,0,0,0,0.012225801
2025-08-26,0,0,-0.38275666,1.7656835e-05,0.20178281,-0.006360671,-0.012607565,-0.012760885,-0.0062944021,0,-0,0,-0,0,-0,0,-0,0,-0,-0.0094302371
2025-08-27,0,0,-0.24353883,7.2167682e-06,0.20411632,0.00058558981,0.0016194332,0.0011699464,0.0010468525,0,0,0,0,0,0,0,0,0,0,0.0016413816
2025-08-28,0,0,-0.94587693,-0.00041017189,0.20309116,0.010140222,0.018133659,0.020382587,0.0081010412,0,0,0,0,0,0,0,0,0,0,0.0051033546
2025-08-29,0,0,0.32381885,0.00024307828,0.20050513,-0.0068039849,-0.015503876,-0.013567641,-0.0082316862,0,-0,0,-0,0,-0,0,-0,0,-0,-0.0038430185
2025-09-01,0,0,-0.93430709,0.0010829869,0.20069444,-0.0078329598,-0.01501131,-0.015809524,-0.0069902184,0,-0,0,-0,0,-0,0,-0,0,-0,-0.016764087
2025-09-02,0,0,0.49799076,-0.0015149635,0.1473892,0.008208194,0.018098606,0.016377535,0.0074591745,0,0,0,0,0,0,0,0,0,0,0.010605664
2025-09-03,0,0,0.66390798,-0.0021234626,0.1489427,0.0047754593,0.0098079281,0.0095486724,0.0035911667,0,0,0,0,0,0,0,0,0,0,0.0050118826
2025-09-04,0,0,-0.43573307,-0.0015286379,0.13972265,0.0041693994,0.0078947368,0.0083427072,0.004414293,0,0,0,0,0,0,0,0,0,0,0.0036991946
2025-09-05,0,0,-0.18398516,-0.0012513033,0.14056656,0.00090689238,0.00019944156,0.0018081506,-0.0021208908,0,0,0,0,0,0,0,0,0,-0,0.004035456
2025-09-08,0,0,0.52124826,0.0015839147,0.13497044,0.0015993325,0.0047694754,0.003191268,0.0020739717,0,0,0,0,0,0,0,0,0,0,0.0039263063
2025-09-09,0,0,0.21324941,0.00094467797,0.13511838,0.010730109,0.020456334,0.021398988,0.011715615,0,0,0,0,0,0,0,0,0,0,0.013630473
2025-09-10,0,0,0.39133641,-0.0009212968,0.14464916,0.017334334,0.035413476,0.034544507,0.015272514,0,0,0,0,0,0,0,0,0,0,0.021004087
2025-09-11,0,0,0.79341817,-0.0014191691,0.15809838,0.00055569139,0.003107293,0.0011048015,0.0013454201,0,0,0,0,0,0,0,0,0,0,0.0065517318
2025-09-12,1,1,1.0069525,-0.0023734794,0.15560827,0.0086979441,0.016725979,0.017201685,0.0075774071,1.9279181,0.015647303,2,0.016225979,2,0.016225979,1,0.0081979441,2,0.014754814,0.020215933
2025-09-15,0,0,0.75826137,0.0016614773,0.16676046,-0.0013834248,-0.0034542314,-0.0027467811,-0.0013969482,0,-0,0,-0,0,-0,0,-0,0,-0,0.0059663792
2025-09-16,0,0,0.26764203,-0.0011017612,0.14931849,0.014236029,0.027950311,0.028414971,0.012787012,0,0,0,0,0,0,0,0,0,0,0.016277761
2025-09-17,0,0,-0.97231425,0.00051106328,0.1508043,-0.0063849846,-0.014246947,-0.012846489,-0.0060024265,0,-0,0,-0,0,-0,0,-0,0,-0,-0.012268371
2025-09-18,0,0,0.93283154,0.00068533854,0.15871409,0.010428042,0.021746517,0.020711066,0.011318667,0,0,0,0,0,0,0,0,0,0,0.017552939
2025-09-19,0,0,-0.38173917,0.00090893316,0.1646538,-0.0053104834,-0.011425733,-0.010603692,-0.0045207006,0,-0,0,-0,0,-0,0,-0,0,-0,-0.0036873781
2025-09-22,0,0,0.45941328,-0.00025326935,0.1674556,0.003890886,0.0081139261,0.0077366186,0.0040937146,0,0,0,0,0,0,0,0,0,0,0.0097843196
2025-09-23,0,0,0.76313853,-0.00074110272,0.16626463,0.00052267358,0.0019442644,0.0010376027,-0.001120146,0,0,0,0,0,0,0,0,0,-0,0.0080465097
2025-09-24,0,0,0.44341569,0.00062720578,0.15622652,-0.0041332665,-0.0075892136,-0.0082582583,-0.003546982,0,-0,0,-0,0,-0,0,-0,0,-0,-0.0031344032
2025-09-25,0,0,-0.77994054,-8.4674999e-05,0.15842856,0.0060293033,0.011019737,0.012127894,0.0060914343,0,0,0,0,0,0,0,0,0,0,0.00031442586
2025-09-26,0,0,-1.2985035,-0.00055731593,0.15930106,-0.013721255,-0.031343284,-0.027733196,-0.01641308,0,-0,0,-0,0,-0,0,-0,0,-0,-0.023951719
2025-09-29,0,0,0.77700387,0.00013352168,0.19277979,0.0085306035,0.015843587,0.016948434,0.0065874478,0,0,0,0,0,0,0,0,0,0,0.015286187
2025-09-30,0,0,0.043867714,-0.0014632405,0.18108126,-0.0022635921,-0.0063081009,-0.0045291005,-0.0048494773,0,-0,0,-0,0,-0,0,-0,0,-0,-0.0026855572
2025-10-01,0,0,0.58530187,-0.0022018235,0.18216845,0.0060797973,0.012417219,0.01210669,0.0046315701,0,0,0,0,0,0,0,0,0,0,0.010495516
2025-10-02,1,1,3.3621116,-0.0012545966,0.18345104,0.0054081737,0.010742644,0.010565917,0.0043969466,1.6353137,0.0082972355,2,0.010242644,2,0.010242644,1,0.0049081737,2,0.0083938931,0.02981661
2025-10-10,1,1,2.8398113,-0.0033090856,0.20189323,0.0065201304,0.0099303394,0.012804651,0.0054938516,1.4859339,0.0076772666,2,0.0094303394,0,0,1,0.0060201304,2,0.010587703,0.02538764
2025-10-13,0,0,-1.3031449,-0.0019537717,0.21362036,0.011788577,0.015665399,0.024085397,0.010917514,0,0,0,0,0,0,0,0,0,0,-0.0091207154
2025-10-14,0,0,-0.18007605,-0.0027662153,0.22286964,-0.015026041,-0.031527531,-0.029904686,-0.016954853,0,-0,0,-0,0,-0,0,-0,0,-0,-0.010147194
2025-10-15,0,0,0.88043356,-0.0013350442,0.22901468,0.02274056,0.047554142,0.045259399,0.021324691,0,0,0,0,0,0,0,0,0,0,0.027775527
2025-10-16,0,0,0.34488947,-0.0034925935,0.23658353,0.024640334,0.045434939,0.049203199,0.02198102,0,0,0,0,0,0,0,0,0,0,0.026256135
2025-10-17,0,0,-0.32794654,-0.00060272001,0.24780631,0.007137208,0.015555556,0.014335807,0.0063196599,0,0,0,0,0,0,0,0,0,0,0.0028427098
2025-10-20,0,0,0.71542475,0.00037573656,0.24437231,0.0095704683,0.0200215,0.018978405,0.010305387,0,0,0,0,0,0,0,0,0,0,0.018291165
2025-10-21,0,0,0.61266167,-0.0012845811,0.24792163,-0.0068408888,-0.014232113,-0.013559948,-0.01011558,0,-0,0,-0,0,-0,0,-0,0,-0,0.0021630365
2025-10-22,0,0,-0.22774487,-0.0007887137,0.24597926,0.014535048,0.030138797,0.029162338,0.014224831,0,0,0,0,0,0,0,0,0,0,0.011336124
2025-10-23,0,0,-1.9239044,-0.00047755377,0.23688822,0.0042759192,0.0095275903,0.0086821824,0.003029453,0,0,0,0,0,0,0,0,0,0,-0.010578083
2025-10-24,1,1,1.4484084,-6.1969169e-05,0.24288103,0.012848759,0.02583781,0.02536967,0.011698703,1.2351727,0.015403428,2,0.02533781,2,0.02533781,1,0.012348759,2,0.022997406,0.026108975
2025-10-27,1,0,1.686628,0.00064013554,0.24893177,0.011007392,0.022080116,0.021667168,0.011985903,0,0,0,0,0,0,0,0,2,0.023571806,0.027491911
2025-10-28,0,0,-2.4546018,0.0017458743,0.2596766,-0.0022947293,-0.001443175,-0.0046251965,-0.0012138739,0,-0,0,-0,0,-0,0,-0,0,-0,-0.0099446728
2025-10-29,1,1,1.751664,-0.0011947505,0.26872776,0.0085203067,0.018246027,0.016836198,0.0071725645,1.1163714,0.0091521029,2,0.017746027,2,0.017746027,1,0.0080203067,2,0.013945129,0.02091569
2025-10-30,0,0,0.67864719,0.0045208782,0.27021356,-0.0066554001,-0.0123709,-0.013177412,0.00080034798,0,-0,0,-0,0,-0,0,-0,0,0,0.0035025345
2025-10-31,0,0,0.51875178,-5.085558e-05,0.26858949,0.0094633361,0.019924425,0.018876154,0.0076163316,0,0,0,0,0,0,0,0,0,0,0.012172235
2025-11-03,0,0,0.007155595,0.0018592046,0.23417336,0.028246439,0.058165548,0.056357459,0.031369983,0,0,0,0,0,0,0,0,0,0,0.030723111
2025-11-04,0,0,-0.5166198,0.0003788643,0.2476236,-0.027391041,-0.054277536,-0.054791295,-0.026856187,0,-0,0,-0,0,-0,0,-0,0,-0,-0.027554554
2025-11-05,0,0,-1.96214,-0.00088691531,0.28230819,-0.0089169281,-0.022497971,-0.018185412,-0.010517842,0,-0,0,-0,0,-0,0,-0,0,-0,-0.027712947
2025-11-06,1,0,2.9656648,0.0011483093,0.31415501,-0.018178346,-0.036384181,-0.035520423,-0.017985798,0,-0,0,-0,0,-0,0,-0,2,-0.036371596,0.0054943101
2025-11-07,0,0,-1.7828185,-0.00090966198,0.30446679,0,-0.00085168512,0,-0.0013602033,0,0,0,0,0,0,0,0,0,-0,-0.018072822
2025-11-10,1,1,1.2873141,-0.00028045749,0.30751299,0.020254248,0.040076336,0.040108037,0.020017021,0.97556854,0.019271623,2,0.039576336,2,0.039576336,1,0.019754248,2,0.039634041,0.030543699
2025-11-11,0,0,0.79988917,-0.00062646256,0.31537259,-0.0043611667,-0.0082589286,-0.0086052958,-0.0037184276,0,-0,0,-0,0,-0,0,-0,0,-0,0.009366863
2025-11-12,0,0,-0.83245838,0.0017222942,0.30908437,0.011280736,0.026598755,0.022581037,0.013053162,0,0,0,0,0,0,0,0,0,0,0.010405305
2025-11-13,0,0,-0.99511954,-0.0012724134,0.30053393,0.011630114,0.023921306,0.023424738,0.009033563,0,0,0,0,0,0,0,0,0,0,0.0045750514
2025-11-14,0,0,-3.0011238,-0.00013831531,0.29119229,-0.014028303,-0.028980447,-0.02894293,-0.014948075,0,-0,0,-0,0,-0,0,-0,0,-0,-0.043324748
2025-11-17,1,1,2.5617262,-0.0029194069,0.3388638,0.0054941197,0.006947661,0.010820528,0.0038647007,0.88531144,0.0044213513,2,0.006447661,2,0.006447661,1,0.0049941197,2,0.0073294013,0.021324014
2025-11-18,0,0,-1.2358528,-0.0014005281,0.34209403,-0.020723556,-0.042467854,-0.041988356,-0.022691747,0,-0,0,-0,0,-0,0,-0,0,-0,-0.033186111
2025-11-19,0,0,0.75297524,-9.6935198e-05,0.36899974,-0.0092240618,-0.018270999,-0.018406672,-0.0091437177,0,-0,0,-0,0,-0,0,-0,0,-0,-0.00698783
2025-11-20,1,1,3.6210835,-0.00086466033,0.36772104,-0.0075613031,-0.011938534,-0.014704619,-0.0088190858,0.81583584,-0.0065767,2,-0.012438534,2,-0.012438534,1,-0.0080613031,2,-0.018038172,0.02147468
2025-11-21,0,0,-2.4496379,-0.017839798,0.37088547,0.00074378475,0.0051268568,0.0015569655,-0.017652299,0,0,0,0,0,0,0,0,0,-0,-0.04195742
2025-11-24,1,1,1.6241879,-8.7658369e-05,0.39323804,-0.017942213,-0.027470431,-0.035261412,-0.01763787,0.7628967,-0.014069503,2,-0.027970431,2,-0.027970431,1,-0.018442213,2,-0.035675739,-0.00027871198
2025-11-25,1,1,2.5321502,-0.0011553224,0.37805283,-0.020460173,-0.041367352,-0.039824099,-0.021418047,0.79353989,-0.016632734,2,-0.041867352,2,-0.041867352,1,-0.020960173,2,-0.043236094,0.0072671177
2025-11-26,0,0,0.2658731,0.00044289034,0.37779163,0.018164523,0.035623732,0.036018063,0.01866623,0,0,0,0,0,0,0,0,0,0,0.027032014
2025-11-27,0,0,0.47355041,0.00033154922,0.38274526,-0.0020296977,-0.0039692086,-0.0040231508,-0.00155962,0,-0,0,-0,0,-0,0,-0,0,-0,0.0070427596
2025-11-28,0,0,0.062679267,0.0028179781,0.38291835,-0.019213353,-0.037564302,-0.038248082,-0.018357077,0,-0,0,-0,0,-0,0,-0,0,-0,-0.014611432
2025-12-01,1,0,1.0038502,0.00015406363,0.38561192,-0.011292751,-0.021138807,-0.022363026,-0.011791569,0,-0,0,-0,0,-0,0,-0,2,-0.023983139,-0.0013578839
2025-12-02,0,0,0.90521784,0.0017128856,0.36200503,0.013385699,0.027770921,0.026604125,0.015928886,0,0,0,0,0,0,0,0,0,0,0.019797672
2025-12-03,0,0,0.15496202,-0.00068652864,0.3597372,0.0070304061,0.015131657,0.014006492,0.0051066228,0,0,0,0,0,0,0,0,0,0,0.010951111
2025-12-04,0,0,-1.1792646,0.0015345566,0.34639797,0.0025097651,0.0059410646,0.0050451219,0.0042124929,0,0,0,0,0,0,0,0,0,0,-0.002549854
2025-12-05,0,0,-0.55337598,-0.00013768142,0.34607231,0.021452933,0.043808619,0.043006182,0.021815239,0,0,0,0,0,0,0,0,0,0,0.019075827
2025-12-08,0,0,-0.057972196,0.0015078002,0.34501003,0.0096868159,0.014953902,0.019302433,0.012510956,0,0,0,0,0,0,0,0,0,0,0.013424909
2025-12-09,0,0,-0.77990121,0.001375008,0.33134432,-0.0011143494,-0.0034613667,-0.0022382535,0.00078592175,0,-0,0,-0,0,-0,0,-0,0,0,-0.0053602827
2025-12-10,0,0,0.4495613,-0.0022479163,0.3304135,-0.0029104605,-0.0070101257,-0.0058065067,-0.0046070415,0,-0,0,-0,0,-0,0,-0,0,-0,-0.00042907406
2025-12-11,0,0,0.20819163,-0.00063255875,0.32886409,-0.014081142,-0.032899095,-0.027995521,-0.015660259,0,-0,0,-0,0,-0,0,-0,0,-0,-0.0081730769
2025-12-12,0,0,0.027021169,0.0032756982,0.33023112,0.0086474196,0.020493659,0.017209462,0.010692613,0,0,0,0,0,0,0,0,0,0,0.013676338
2025-12-15,0,0,-3.4639494,0.007636558,0.29285095,0.0015752717,0.0040859211,0.0032309018,0.0078595112,0,0,0,0,0,0,0,0,0,0,-0.022731154
2025-12-16,0,0,-0.02453807,-0.0010746393,0.29459487,-0.020387449,-0.040747227,-0.040832063,-0.022661608,0,-0,0,-0,0,-0,0,-0,0,-0,-0.021756986
2025-12-17,0,0,0.72303038,-0.00041780344,0.27780539,0.015194107,0.029418857,0.030265443,0.01422271,0,0,0,0,0,0,0,0,0,0,0.019329022
2025-12-18,0,0,-1.4543862,0.00070566362,0.28434446,0.0043454257,0.0085914811,0.0088338583,0.0041183676,0,0,0,0,0,0,0,0,0,0,-0.011654399
2025-12-19,1,1,1.4556571,-0.0017646057,0.27928625,-0.0092794855,-0.020702489,-0.018294258,-0.011942218,1.0741667,-0.010626692,2,-0.021202489,2,-0.021202489,1,-0.0097794855,2,-0.024284437,0.0052664243
2025-12-22,1,0,1.9614595,0.00034411179,0.22981748,0.0014679723,0.0068485333,0.0028757993,0.0036167611,0,0,0,0,0,0,0,0,2,0.0068335222,0.022860368
2025-12-23,0,0,-0.053458212,-0.001484799,0.24318856,-0.002042042,-0.0020242915,-0.0040640689,-0.0013494355,0,-0,0,-0,0,-0,0,-0,0,-0,0.0028971511
2025-12-24,0,0,0.09058083,-0.00086825484,0.24289984,-0.0052668479,-0.0088238579,-0.010475834,-0.0053799139,0,-0,0,-0,0,-0,0,-0,0,-0,0.00025792696
2025-12-26,0,0,0.40156213,-0.002179189,0.22686709,0.0043999315,0.0082709288,0.0087640028,0.0037251867,0,0,0,0,0,0,0,0,0,0,0.0085265854
2025-12-29,0,0,0.85104264,0.00031815919,0.22792889,0.01811025,0.030789245,0.035901472,0.018565543,0,0,0,0,0,0,0,0,0,0,0.027238482
2025-12-30,0,0,-0.7792522,0.0022191401,0.23147375,0.0072829692,0.009293484,0.014629819,0.0070797048,0,0,0,0,0,0,0,0,0,0,0.0029038414
2026-01-02,0,0,0.83906292,-1.6725685e-05,0.23133538,0.0286305,0.055104167,0.057242063,0.027169799,0,0,0,0,0,0,0,0,0,0,0.02897088
2026-01-05,1,1,2.5403301,-0.0024582752,0.24159111,0.018635991,0.032200019,0.036590089,0.016817918,1.2417675,0.021415332,2,0.031700019,0,0,1,0.018135991,2,0.033235836,0.037979772
2026-01-06,0,0,-1.2884722,0.0018575853,0.2705125,0.021053776,0.04349838,0.042234863,0.021468734,0,0,0,0,0,0,0,0,0,0,0.017985221
2026-01-07,0,0,0.86982791,0.00058026695,0.27080633,-0.0044949563,-0.0084944093,-0.0088824193,-0.0041065915,0,-0,0,-0,0,-0,0,-0,0,-0,0.0077000335
2026-01-08,0,0,-0.71516639,-0.00070861845,0.26712218,0.0052756408,0.011804384,0.010623316,0.0055410888,0,0,0,0,0,0,0,0,0,0,-0.0014950166
2026-01-09,0,0,-1.0836662,0.0017457686,0.26678523,0.012728018,0.028107821,0.025565538,0.013067932,0,0,0,0,0,0,0,0,0,0,0.0084088262
2026-01-12,1,0,1.0013573,0.0010094556,0.26304417,-0.0062642538,-0.012132446,-0.012372943,-0.0060418052,0,-0,0,-0,0,-0,0,-0,2,-0.01248361,0.0063890097
2026-01-13,0,0,0.72895103,0.00057313462,0.26168562,0.0046274394,0.0090604027,0.0091819822,0.0034938232,0,0,0,0,0,0,0,0,0,0,0.012667094
2026-01-14,0,0,-0.33076752,0.0010732249,0.25487632,0.0075353172,0.015786836,0.015101588,0.0095692371,0,0,0,0,0,0,0,0,0,0,0.005474372
2026-01-15,0,0,-0.4095802,0.0002883132,0.25412607,0.020635667,0.041404439,0.041416717,0.020321749,0,0,0,0,0,0,0,0,0,0,0.017065496
2026-01-16,0,0,0.22943838,-0.0013907969,0.22776204,0.0072577059,0.0097346522,0.014468097,0.0070457761,0,0,0,0,0,0,0,0,0,0,0.010562519
2026-01-19,0,0,-0.58654011,0.00014260829,0.19306613,0.017146855,0.03493655,0.034383544,0.016703929,0,0,0,0,0,0,0,0,0,0,0.014496262
2026-01-20,0,0,-0.32158089,-0.0010706795,0.19072658,-0.006132812,-0.010941418,-0.012291558,-0.0066459157,0,-0,0,-0,0,-0,0,-0,0,-0,-0.0082253695
2026-01-21,0,0,-0.77008703,-0.0018162312,0.18397964,0.026536172,0.052032779,0.05406993,0.025871346,0,0,0,0,0,0,0,0,0,0,0.0079397653
2026-01-22,1,1,1.328186,-0.00053266757,0.18259355,-0.0082796054,-0.018529284,-0.016252468,-0.0081430317,1.6429935,-0.015370081,2,-0.019029284,2,-0.019029284,1,-0.0087796054,2,-0.016686063,0.010797832
2026-01-23,0,0,0.20194209,0.00032456603,0.17537643,0.00027601816,0.0020506811,0.00054846362,0.00067418822,0,0,0,0,0,0,0,0,0,0,0.0068345674
2026-01-26,0,0,0.00084104246,-0.00015038236,0.17376313,-0.011419834,-0.021399357,-0.022803857,-0.011599336,0,-0,0,-0,0,-0,0,-0,0,-0,-0.0098649264
2026-01-27,0,0,-1.0335917,0.00050813343,0.18479685,0.037522193,0.078571429,0.075289629,0.038711386,0,0,0,0,0,0,0,0,0,0,0.034153615
2026-01-28,1,1,1.0274248,-0.0007299228,0.20384787,0.0069388951,0.0085621093,0.01371901,0.0062866389,1.4716857,0.007204542,2,0.0080621093,0,0,1,0.0064388951,2,0.012173278,0.018729367
2026-01-29,1,1,1.924286,-0.0021992676,0.19802304,-0.0020730658,-0.010365059,-0.0040878765,-0.0074288233,1.5149752,-0.0068432367,2,-0.010865059,2,-0.010865059,1,-0.0025730658,2,-0.015257647,0.01235368
2026-01-30,0,0,-0.37927788,-0.001714795,0.19405013,0.010711372,0.019350103,0.021577489,0.0059434197,0,0,0,0,0,0,0,0,0,0,0.0035145481
2026-02-02,0,0,-2.5956779,0.003165842,0.1835414,-0.039378666,-0.074686236,-0.080486015,-0.035369518,0,-0,0,-0,0,-0,0,-0,0,-0,-0.059577127
2026-02-03,1,0,3.9155694,0.00047518873,0.274074,0.037644234,0.07549121,0.072640222,0.036705056,0,0,0,0,0,0,0,0,2,0.073010113,0.076904973
2026-02-04,0,0,-0.52850086,-0.0006129997,0.36622693,0.022557853,0.04641433,0.045500307,0.021849304,0,0,0,0,0,0,0,0,0,0,0.013986913
2026-02-05,0,0,-3.0577424,-0.0019325822,0.36667207,-0.014780703,-0.032364597,-0.030443486,-0.01644989,0,-0,0,-0,0,-0,0,-0,0,-0,-0.042522979
2026-02-06,0,0,-2.9334674,-0.0012115329,0.4086102,0.020976823,0.050311698,0.043342604,0.018904416,0,0,0,0,0,0,0,0,0,0,-0.010725494
2026-02-09,1,1,3.6683434,-0.0022510244,0.41390231,-0.00032108501,-0.0014781491,-0.00061720013,-0.0014065777,0.72480871,-0.00059512957,2,-0.0019781491,2,-0.0019781491,1,-0.00082108501,2,-0.0032131553,0.041827843
2026-02-10,0,0,0.64183764,0.0010536732,0.43527475,-0.010902399,-0.019793243,-0.021543941,-0.010142502,0,-0,0,-0,0,-0,0,-0,0,-0,0.0012205149
2026-02-11,0,0,-0.30422013,0.00074006987,0.43593251,0.011373871,0.023288912,0.022809077,0.013491809,0,0,0,0,0,0,0,0,0,0,0.0086615083
2026-02-12,1,1,1.5036856,-0.0010285699,0.43606261,0.021304342,0.040618481,0.042006626,0.02015872,0.6879746,0.014312859,2,0.040118481,2,0.040118481,1,0.020804342,2,0.03991744,0.036155001
2026-02-13,0,0,0.92205137,-0.0019433517,0.44617818,0.00092297469,0.0033795802,0.0018502529,-0.0016912386,0,0,0,0,0,0,0,0,0,-0,-0.001399666
2026-02-19,1,1,2.3298925,-0.00067896282,0.44746343,0.0057214139,0.008988764,0.011169914,0.0049275224,0.67044586,0.0035006753,2,0.008488764,2,0.008488764,1,0.0052214139,2,0.0094550447,0.030909583
2026-02-20,0,0,0.33122275,-0.00057716848,0.45511113,0.020397234,0.040349809,0.040705821,0.02021221,0,0,0,0,0,0,0,0,0,0,0.022624272
2026-02-23,1,0,1.3418525,0.0018188825,0.45362752,-0.012325776,-0.025040967,-0.024177722,-0.010789435,0,-0,0,-0,0,-0,0,-0,2,-0.021978869,0.0074173421
2026-02-24,0,0,0.67514548,2.8774552e-05,0.45376278,0.023674319,0.046679575,0.047302684,0.023590785,0,0,0,0,0,0,0,0,0,0,0.024669777
2026-02-25,0,0,0.34972798,-0.00087675973,0.45676932,0.011469277,0.023756825,0.022742415,0.0094373339,0,0,0,0,0,0,0,0,0,0,0.020268438
2026-02-26,0,0,0.089312047,0.00081088423,0.45747645,0.037904272,0.077039848,0.07526248,0.036553095,0,0,0,0,0,0,0,0,0,0,0.045489779
2026-02-27,0,0,-2.1856169,0.0012288985,0.4646325,0.012143777,0.020730141,0.0248307,0.0094636542,0,0,0,0,0,0,0,0,0,0,-0.0095218929
2026-03-03,0,0,-1.3541164,-0.0068061551,0.46610587,-0.05791586,-0.12410714,-0.11851719,-0.067349641,0,-0,0,-0,0,-0,0,-0,0,-0,-0.078789499
2026-03-04,0,0,-3.7688075,-0.00015127852,0.5657851,-0.088610655,-0.17195208,-0.18482248,-0.085405941,0,-0,0,-0,0,-0,0,-0,0,-0,-0.12461258
2026-03-05,1,0,2.0130666,0.073059767,0.72147775,-0.0052950619,-0.0015953675,-0.0096574026,0.071394507,0,-0,0,-0,0,-0,0,-0,2,0.14238901,0.10104493
2026-03-06,0,0,-1.909727,-0.0035068804,0.80100003,0.022073397,0.048623681,0.045148944,0.016919415,0,0,0,0,0,0,0,0,0,0,-0.00012043549
2026-03-09,0,0,-6.0976865,-0.0099653526,0.76885556,0.0078055105,0.017387054,0.016903465,-0.0030347062,0,0,0,0,0,0,0,0,0,-0,-0.063778276
2026-03-10,1,0,4.9737634,0.00023688911,0.76730924,0.0024218674,0.013021476,0.0045953654,0.0035483045,0,0,0,0,0,0,0,0,2,0.006696609,0.059696116
2026-03-11,1,0,2.2142909,0.001381035,0.79613197,-0.013245818,-0.025295892,-0.025867355,-0.009688795,0,-0,0,-0,0,-0,0,-0,2,-0.01977759,0.011157381
2026-03-12,0,0,-0.98035,-0.0020730199,0.77822068,0.0016357688,0.0057212416,0.003301783,0.0013916453,0,0,0,0,0,0,0,0,0,0,-0.0074562351
2026-03-13,0,0,-2.3370038,-0.0065410338,0.77717698,0.018096136,0.03538961,0.037654442,0.015730814,0,0,0,0,0,0,0,0,0,0,-0.01996008
2026-03-16,0,0,0.78272789,-0.0028576431,0.76825086,0.012513355,0.022683368,0.024898902,0.011400472,0,0,0,0,0,0,0,0,0,0,0.017737456
2026-03-17,1,1,2.1891173,-0.00081282292,0.76970136,-0.012437022,-0.021919533,-0.024110375,-0.014659011,0.38976156,-0.0050423539,2,-0.022419533,2,-0.022419533,1,-0.012937022,2,-0.029718022,0.019866104
2026-03-18,1,0,1.9541697,0.00067299151,0.77080148,0.031516095,0.063599308,0.061605886,0.031445884,0,0,0,0,0,0,0,0,2,0.062491768,0.055963848
2026-03-19,0,0,-2.1613386,-0.0036505336,0.78599453,0.0055062996,0.0051094891,0.011422487,0.0013236882,0,0,0,0,0,0,0,0,0,0,-0.029325645
2026-03-20,0,0,0.80272859,-0.0014890964,0.79543778,-0.0076755523,-0.014834832,-0.015249697,-0.0081418616,0,-0,0,-0,0,-0,0,-0,0,-0,-0.0010325784
2026-03-23,0,0,-2.6937799,-0.0037328711,0.78886296,-0.025741256,-0.054893331,-0.053741299,-0.030242421,0,-0,0,-0,0,-0,0,-0,0,-0,-0.065038384
2026-03-24,1,0,3.2070547,0.00049819847,0.82165825,-0.014526666,-0.026552336,-0.027834359,-0.016961231,0,-0,0,-0,0,-0,0,-0,2,-0.034322463,0.030607555
2026-03-25,1,0,2.2153994,0.00059275127,0.82821958,-0.0092741174,-0.016091418,-0.01816564,-0.010336771,0,-0,0,-0,0,-0,0,-0,2,-0.021073542,0.012040932
2026-03-26,0,0,-1.4620918,0.0010175584,0.82453253,-0.02392189,-0.047792334,-0.048370213,-0.024963838,0,-0,0,-0,0,-0,0,-0,0,-0,-0.034430603
2026-03-27,0,0,-1.8174658,-0.0006717913,0.82923661,0.029663936,0.063882232,0.061442106,0.027801534,0,0,0,0,0,0,0,0,0,0,-0.0045883441
2026-03-30,0,0,-3.4442418,0.0013032777,0.80907778,0.017519654,0.040019974,0.03690047,0.019319948,0,0,0,0,0,0,0,0,0,0,-0.031337125
2026-03-31,0,0,-2.3775549,-0.0018602817,0.81353933,-0.011201414,-0.027844771,-0.023129103,-0.017224994,0,-0,0,-0,0,-0,0,-0,0,-0,-0.041305293
2026-04-01,1,0,2.9457882,0.00385552,0.78261259,0.027952305,0.079123888,0.052922035,0.031025527,0,0,0,0,0,0,0,0,2,0.061651055,0.08934552
2026-04-02,0,0,0.5932869,-0.00074747071,0.7361751,-0.060389453,-0.12206718,-0.11927997,-0.061645993,0,-0,0,-0,0,-0,0,-0,0,-0,-0.048431548
2026-04-03,1,1,2.2110501,-0.0033893241,0.66952747,0.0045423746,0.0072963384,0.0088615806,0.0012290867,0.44807721,0.0018112959,2,0.0067963384,2,0.0067963384,1,0.0040423746,2,0.0020581734,0.030494162
2026-04-06,0,0,0.72288993,-6.4802915e-05,0.67985257,0.0041663061,0.010327472,0.0082478768,0.0065088831,0,0,0,0,0,0,0,0,0,0,0.014589787
2026-04-07,1,1,1.3872934,-0.0025622427,0.63912068,-0.0093836202,-0.018541409,-0.018370475,-0.010603687,0.46939492,-0.0046393211,2,-0.019041409,2,-0.019041409,1,-0.0098836202,2,-0.021607374,0.012483995
2026-04-08,1,1,4.7606359,-0.0019767388,0.60198687,0.013095034,0.015330778,0.02475848,0.012245881,0.49834974,0.0062767317,2,0.014830778,2,0.014830778,1,0.012595034,2,0.024091762,0.07526934
2026-04-09,0,0,-2.4766668,0.0016811712,0.65686643,-0.012001094,-0.023470523,-0.024191325,-0.0099943967,0,-0,0,-0,0,-0,0,-0,0,-0,-0.019665717
2026-04-10,0,0,0.95361676,-0.001625677,0.66078351,-0.001575535,-0.0038461538,-0.0030971825,-0.0039895727,0,-0,0,-0,0,-0,0,-0,0,-0,0.016103543
2026-04-13,0,0,-1.9324938,-0.00022980387,0.6573813,0.016366155,0.030624674,0.033582936,0.014954251,0,0,0,0,0,0,0,0,0,0,-0.0087415565
2026-04-14,1,1,1.4459502,-0.00091624756,0.65741028,0.0020520828,0.0039974416,0.0039993479,0.0011384183,0.45633603,0.00070827128,2,0.0034974416,2,0.0034974416,1,0.0015520828,2,0.0018768365,0.029021359
2026-04-15,1,0,1.6036754,0.00043963781,0.66263366,-0.0079306072,-0.01555666,-0.015371602,-0.010258071,0,-0,0,-0,0,-0,0,-0,2,-0.020916143,0.024708121
2026-04-16,0,0,0.043334121,0.0014667481,0.63695729,0.013375117,0.029651076,0.026524576,0.01385871,0,0,0,0,0,0,0,0,0,0,0.022070404
2026-04-17,0,0,-0.3101503,-0.0011520632,0.62948846,-0.0053434383,-0.0077402395,-0.010704424,-0.0070255864,0,-0,0,-0,0,-0,0,-0,0,-0,-0.006971233
2026-04-20,0,0,-0.63986363,0.00075468662,0.63069409,0.00015978184,0.003902439,0.00031809651,0.00078073196,0,0,0,0,0,0,0,0,0,0,0.004794264
2026-04-21,1,1,1.1627339,-0.0019950654,0.57160288,0.012959554,0.029818804,0.025603458,0.013577425,0.5248399,0.0065392711,2,0.029318804,2,0.029318804,1,0.012459554,2,0.02675485,0.025603613
2026-04-22,0,0,0.35766058,-0.001628659,0.57161558,0.0032481684,0.0054983135,0.0064919576,0.0026508103,0,0,0,0,0,0,0,0,0,0,0.0039253559
2026-04-23,0,0,-0.099357213,-0.00066836955,0.57162507,-0.00081797082,-0.0052772809,-0.0016172888,0.00012301384,0,-0,0,-0,0,-0,0,-0,0,0,0.010840445
2026-04-24,0,0,0.43517443,6.956144e-05,0.54843457,-0.0070365083,-0.01497006,-0.014024818,-0.0065421612,0,-0,0,-0,0,-0,0,-0,0,-0,-0.003612251
2026-04-27,0,0,-0.11596145,0.0013166219,0.54818371,0.012679336,0.02351271,0.025108731,0.015280257,0,0,0,0,0,0,0,0,0,0,0.022861251
2026-04-28,0,0,0.18936744,-0.0002907601,0.52817246,-0.0015368188,-0.0028715927,-0.00305501,-0.001678808,0,-0,0,-0,0,-0,0,-0,0,-0,0.0045885377
2026-04-29,0,0,-0.074626221,-0.00053322165,0.48261841,0.012988578,0.024734216,0.026109344,0.012279008,0,0,0,0,0,0,0,0,0,0,0.0078858205
2026-04-30,0,0,0.59352561,-0.0013337072,0.38545931,-0.018178237,-0.032798559,-0.036104755,-0.022685632,0,-0,0,-0,0,-0,0,-0,0,-0,-0.01128498
2026-05-04,1,1,1.1426037,-0.0010048906,0.33154925,0.026963371,0.05733907,0.052580424,0.026652713,0.90484294,0.023945195,2,0.05683907,2,0.05683907,1,0.026463371,2,0.052905425,0.053949691
2026-05-06,1,0,1.5735202,0.031054884,0.36386212,0.016235751,0.022198328,0.030769493,0.049130237,0,0,0,0,0,0,0,0,2,0.097860474,0.075740129
2026-05-07,0,0,-0.0336611,-0.0010222586,0.42568669,0.0027287026,0.0041647537,0.0053627545,-0.00027821732,0,0,0,0,0,0,0,0,0,-0,0.020744502
2026-05-08,0,0,-1.5624653,0.00065180384,0.42518193,0.024864108,0.056613502,0.050908233,0.023307703,0,0,0,0,0,0,0,0,0,0,0.0016466326
2026-05-11,1,1,2.4952692,-0.0011028161,0.36910044,0.009743577,0.025127589,0.018738468,0.0086843573,0.8127869,0.0075130583,2,0.024627589,2,0.024627589,1,0.009243577,2,0.016968715,0.051766355
2026-05-12,1,0,1.1443896,7.523495e-05,0.37195946,-0.040019384,-0.080096742,-0.078607123,-0.040856851,0,-0,0,-0,0,-0,0,-0,2,-0.082113702,-0.022211254
2026-05-13,0,0,-1.6791309,-0.00034524607,0.39862188,0.052962985,0.11746733,0.10835783,0.052896356,0,0,0,0,0,0,0,0,0,0,0.029850244
2026-05-14,0,0,-0.49239382,-0.0020358792,0.39146351,0.016818586,0.029860727,0.033600157,0.015943971,0,0,0,0,0,0,0,0,0,0,0.017940004
2026-05-15,0,0,-1.3234525,0.0015568389,0.38860302,-0.058897364,-0.12211146,-0.1180988,-0.060056928,0,-0,0,-0,0,-0,0,-0,0,-0,-0.061314244
2026-05-18,0,0,0.55695085,-0.00047097464,0.48395458,0.015341978,0.035197368,0.030988421,0.014253057,0,0,0,0,0,0,0,0,0,0,0.0054632195
2026-05-19,0,0,-1.2564531,-3.4953562e-05,0.48248887,-0.015413693,-0.027816959,-0.031295175,-0.018776699,0,-0,0,-0,0,-0,0,-0,0,-0,-0.029914203
2026-05-20,1,1,1.1535765,-0.00047119137,0.50440354,-0.012674138,-0.027415625,-0.025242735,-0.014068344,0.59476189,-0.0078354755,2,-0.027915625,2,-0.027915625,1,-0.013174138,2,-0.028536689,-0.0085287286
2026-05-21,1,1,1.9734351,-0.0020048672,0.50743562,0.045582251,0.093588799,0.087911727,0.046212962,0.591208,0.026652987,2,0.093088799,2,0.093088799,1,0.045082251,2,0.092025924,0.085755711
2026-05-22,0,0,0.15060865,-0.00026190759,0.57700525,-0.00607969,-0.012729681,-0.012057839,-0.0054350912,0,-0,0,-0,0,-0,0,-0,0,-0,0.0023613328
2026-05-26,1,1,1.7924272,-0.0048067959,0.57744043,0.0029652887,0.0060001667,0.0057917151,-0.0013230867,0.51953411,0.0012808016,2,0.0055001667,2,0.0055001667,1,0.0024652887,2,-0.0030461733,0.027603126
2026-05-27,1,1,1.431048,-0.0051964185,0.58000272,0.0065876865,-0.037397271,0.012878582,0.0019671221,0.51723895,0.0031487886,2,-0.037897271,0,0,1,0.0060876865,2,0.0035342441,0.030332016
2026-05-28,0,0,-0.91696465,0.0007703631,0.57914715,0.0035119204,0.0077659574,0.0070820756,0.0041874485,0,0,0,0,0,0,0,0,0,0,-0.0046725028
2026-05-29,1,0,1.3242795,0.00056578462,0.58236202,0.009627723,0.027135678,0.018758133,0.011807256,0,0,0,0,0,0,0,0,2,0.023214512,0.037123828
2026-06-01,0,0,-0.33859498,-0.0011693137,0.58765239,0.047369515,0.10539216,0.09460982,0.041529957,0,0,0,0,0,0,0,0,0,0,0.048801879
2026-06-02,0,0,0.6298204,1.9518745e-05,0.59441943,-0.0078855161,-0.017441733,-0.015628044,-0.0083434926,0,-0,0,-0,0,-0,0,-0,0,-0,0.0012756006
2026-06-04,0,0,-1.3754924,0.00088424817,0.58458359,0.0025634156,0.0063551402,0.0052481765,0.0035061175,0,0,0,0,0,0,0,0,0,0,-0.020093425
2026-06-05,0,0,-3.9457295,0.0027732636,0.57958319,-0.018096354,-0.05085,-0.037685397,-0.019822407,0,-0,0,-0,0,-0,0,-0,0,-0,-0.055507002
2026-06-08,1,1,1.8656717,-0.08101332,0.58824948,0.0045800884,0.013878205,0.010188792,-0.075046188,0.5099877,0.0020807949,2,0.013378205,2,0.013378205,1,0.0040800884,2,-0.15049238,-0.087538045
2026-06-09,1,0,1.8000069,0.013495293,0.67208895,0.042873548,0.087046784,0.082303702,0.058645386,0,0,0,0,0,0,0,0,2,0.11689077,0.08841006
2026-06-10,0,0,-2.012782,-0.0055212358,0.74046652,-0.016838822,-0.048432562,-0.034843894,-0.024887957,0,-0,0,-0,0,-0,0,-0,0,-0,-0.048680198
2026-06-11,0,0,-0.73606632,-0.0070175756,0.74735408,0.039493713,0.061974522,0.082195617,0.034255721,0,0,0,0,0,0,0,0,0,0,0.00044517831
2026-06-12,1,1,3.1970672,-0.0096798643,0.74157523,-0.016991771,-0.045183246,-0.032114287,-0.020079224,0.40454426,-0.0070761954,2,-0.045683246,2,-0.045683246,1,-0.017491771,2,-0.040558448,0.043761782
2026-06-15,1,1,3.224913,-0.0039783935,0.75284737,-0.00022051365,0.01515,-0.00041933996,-5.1458102e-05,0.39848715,-0.00028711543,2,0.01465,0,0,1,-0.00072051365,2,-0.0005029162,0.054305868
2026-06-16,0,0,-0.51280102,0.00053013083,0.77168677,0.00035914638,0.00671109,0.00070213871,0.003837221,0,0,0,0,0,0,0,0,0,0,0.023916304
2026-06-17,0,0,-0.60715773,0.00099245682,0.72683464,0.031474866,0.066554851,0.063797312,0.032679119,0,0,0,0,0,0,0,0,0,0,0.017950872
2026-06-18,1,1,1.349556,-0.0010711438,0.72733035,0.032601272,0.070134664,0.065087967,0.026910816,0.41246732,0.013240725,2,0.069634664,2,0.069634664,1,0.032101272,2,0.053421631,0.034422194
2026-06-19,0,0,0.69440083,-0.0087523322,0.71126993,-0.014028245,-0.049461322,-0.027674775,-0.026565553,0,-0,0,-0,0,-0,0,-0,0,-0,-0.00023866511
2026-06-22,0,0,-1.0475091,0.00058575963,0.70929794,0.02532566,0.05230715,0.051440387,0.024310756,0,0,0,0,0,0,0,0,0,0,0.00983535
2026-06-23,0,0,-0.095493083,0.0040922393,0.65232876,-0.10444423,-0.208452,-0.20895058,-0.10134285,0,-0,0,-0,0,-0,0,-0,0,-0,-0.10471038
2026-06-24,1,1,2.8595391,-0.006792986,0.77056041,0.025994612,0.04072817,0.0512941,0.015292923,0.38932703,0.0099257417,2,0.04022817,2,0.04022817,1,0.025494612,2,0.030185846,0.040089625
2026-06-25,1,0,1.9450532,0.029382747,0.77433559,-0.0010227476,0.0016741194,-0.0019413048,0.032593645,0,0,0,0,0,0,0,0,2,0.064787289,0.055633328
2026-06-26,0,0,-1.2172613,-0.00021080445,0.79548098,-0.045901183,-0.092769007,-0.092991125,-0.046512926,0,-0,0,-0,0,-0,0,-0,0,-0,-0.057944028
2026-06-29,0,0,-0.88726606,0.0045706957,0.82991223,-0.00058728527,0.0085782448,-0.0011822427,0.00034761514,0,0,0,0,0,0,0,0,0,0,-0.0070311588
2026-06-30,0,0,-1.1289324,-5.7248785e-05,0.82087767,0.015947991,0.028718835,0.031898325,0.010222131,0,0,0,0,0,0,0,0,0,0,0.015873366
2026-07-01,0,0,-0.019242972,-0.002914143,0.8080712,-0.036839349,-0.07118157,-0.073108053,-0.038520801,0,-0,0,-0,0,-0,0,-0,0,-0,-0.029262261
2026-07-02,0,0,-3.555789,-0.0027590441,0.81300215,-0.031631948,-0.05863173,-0.066914807,-0.039495342,0,-0,0,-0,0,-0,0,-0,0,-0,-0.081733133
2026-07-03,0,0,0.73821757,-0.0015626791,0.86608211,0.053256535,0.11062235,0.10578531,0.05189443,0,0,0,0,0,0,0,0,0,0,0.060552721
2026-07-06,0,0,0.7458847,0.00012714176,0.87433251,-0.019850105,-0.038617499,-0.039183552,-0.017482943,0,-0,0,-0,0,-0,0,-0,0,-0,-0.0067535527
2026-07-07,0,0,-2.0709638,-0.0063629471,0.81296798,-0.028585142,-0.068501583,-0.058443595,-0.035796612,0,-0,0,-0,0,-0,0,-0,0,-0,-0.049298106
2026-07-08,0,0,-1.7195624,-0.00062396978,0.77276421,-0.025915996,-0.045226131,-0.053497694,-0.027070385,0,-0,0,-0,0,-0,0,-0,0,-0,-0.055329213
2026-07-09,1,0,2.6797714,0.00038930865,0.77592263,-0.029800695,-0.053914183,-0.057492511,-0.026855018,0,-0,0,-0,0,-0,0,-0,2,-0.054110036,0.0071422447
2026-07-10,1,1,1.6260215,-0.001841223,0.77679903,-0.013458575,-0.030900322,-0.025951243,-0.014794263,0.38620028,-0.0053908056,2,-0.031400322,2,-0.031400322,1,-0.013958575,2,-0.029988527,0.024680112
2026-07-13,0,0,-1.2263229,0.0016745225,0.76015018,-0.090360083,-0.18121977,-0.18220511,-0.089660177,0,-0,0,-0,0,-0,0,-0,0,-0,-0.097713564
2026-07-14,0,0,0.24604401,0.0053723093,0.80166769,0.0082688005,0.019889412,0.016537601,0.017921715,0,0,0,0,0,0,0,0,0,0,0.0082688005
2026-07-15,1,0,1.7568649,0.023679767,0.79664496,0.0012892136,0.0025878801,0.0024350452,0.030246165,0,0,0,0,0,0,0,0,2,0.06009233,0.063936657
2026-07-16,0,0,-3.9377283,-0.0017425691,0.83637128,-0.019071923,-0.041978057,-0.040173992,-0.023412218,0,-0,0,-0,0,-0,0,-0,0,-0,-0.066257511
2026-07-20,0,0,-0.50434427,-0.016148948,0.85232761,-0.0014898116,-0.0039138943,-0.0031218844,-0.017816885,0,-0,0,-0,0,-0,0,-0,0,-0,-0.04500786
2026-07-21,0,0,0.44410281,-0.0089939707,0.85744901,0.041758369,0.082023553,0.083750375,0.033148852,0,0,0,0,0,0,0,0,0,0,0.038860278
2026-07-22,1,0,2.1104485,0.0017111098,0.87463886,-0.046267458,-0.083043108,-0.088312563,-0.040111609,0,-0,0,-0,0,-0,0,-0,2,-0.080623217,0.0016215415
2026-07-23,1,1,1.6800877,-0.0046506067,0.80796903,0.018072723,0.0316,0.035225427,0.015525962,0.37130136,0.0065247761,2,0.0311,2,0.0311,1,0.017572723,2,0.030651925,0.045375912
2026-07-24,0,0,0.073125973,-0.0032311165,0.81302945,-0.046305197,-0.094546035,-0.09404423,-0.049557905,0,-0,0,-0,0,-0,0,-0,0,-0,-0.060627246
2026-07-27,1,0,1.0648978,0.0030366142,0.7903031,-0.009835975,-0.020360944,-0.019241336,-0.0069194832,0,-0,0,-0,0,-0,0,-0,2,-0.014238966,0.012830779
2026-07-28,0,0,-3.9137694,-0.00065946583,0.77689859,-0.057898372,-0.1186623,-0.12329415,-0.062457247,0,-0,0,-0,0,-0,0,-0,0,-0,-0.11190275
2026-07-29,0,0,0.43551208,0.0015026234,0.86083989,-0.072547189,-0.14122697,-0.14369646,-0.073381656,0,-0,0,-0,0,-0,0,-0,0,-0,-0.06343604
2026-07-30,1,1,1.5065994,-0.0031697571,0.86779523,-0.018919675,-0.041280913,-0.03788176,-0.020862324,0.34570367,-0.0067134531,2,-0.041780913,2,-0.041780913,1,-0.019419675,2,-0.042124649,-0.020016774
2026-07-31,0,0,-1.0274763,0.10016144,0.86760356,0.11148562,0.21251366,0.20180263,0.18848988,0,0,0,0,0,0,0,0,0,0,0.24174131
2026-08-03,0,0,-3.2577209,0.0063061153,1.1300781,-0.028191802,-0.063346833,-0.06043725,-0.01857967,0,-0,0,-0,0,-0,0,-0,0,-0,-0.089275868
2026-08-04,0,0,-0.40081015,-0.003486964,1.1122027,-0.0038721207,-0.0078572172,-0.0076220257,-0.0027125405,0,-0,0,-0,0,-0,0,-0,0,-0,0.012360628
2026-08-05,0,0,0.8817948,0.0033261326,1.1155317,-0.0071394574,-0.011971154,-0.013664936,-0.0036550269,0,-0,0,-0,0,-0,0,-0,0,-0,0.039569421
2026-08-06,0,0,-1.2708363,-0.00077627106,1.1170313,-0.030962179,-0.066423653,-0.063313965,-0.033443797,0,-0,0,-0,0,-0,0,-0,0,-0,-0.05177373
2026-08-07,0,0,0.73748221,-0.0011168489,1.1163258,-0.017134269,-0.034390971,-0.033962264,-0.02012566,0,-0,0,-0,0,-0,0,-0,0,-0,-0.008190091
2026-08-10,0,0,-0.16956455,0.0013441488,1.1147963,-0.0057671877,-0.0091693047,-0.011448082,-0.0049556838,0,-0,0,-0,0,-0,0,-0,0,-0,0.0017840758
2026-08-11,0,0,-0.72320811,0.003460442,1.1099605,0.017372143,0.032049496,0.034993548,0.020494641,0,0,0,0,0,0,0,0,0,0,0.010176563
2026-08-12,1,1,1.0588161,-0.0023946561,1.0579003,0.026852312,0.055789474,0.053026955,0.026780905,0.2835806,0.0074730045,2,0.055289474,2,0.055289474,1,0.026352312,2,0.053161811,0.040145066
2026-08-13,1,0,1.5707675,0.0015033462,1.0688438,0.002242362,0.0047457312,0.004331739,0.0077137267,0,0,0,0,0,0,0,0,2,0.015027453,0.038934625
2026-08-14,1,1,1.0679258,-0.0057956822,1.0517598,-0.0014516422,-0.0040793052,-0.0028276045,-0.0045323519,0.28523622,-0.00055667903,2,-0.0045793052,0,-0,1,-0.0019516422,2,-0.0094647039,0.026009136
2026-08-18,1,0,1.9352109,0.00090549859,1.0225007,-0.039465534,-0.075606695,-0.076923077,-0.038837366,0,-0,0,-0,0,-0,0,-0,2,-0.078074733,-0.013719789
2026-08-19,0,0,-2.8604329,-0.00039249061,1.0097885,-0.0085253568,-0.012857143,-0.018093466,-0.010833252,0,-0,0,-0,0,-0,0,-0,0,-0,-0.062551819
2026-08-20,1,1,1.7537351,-0.00236794,1.0285142,0.03062634,0.059035558,0.05943248,0.03037813,0.2916829,0.008787338,2,0.058535558,2,0.058535558,1,0.03012634,2,0.06035626,0.063187893
2026-08-21,0,0,-0.21194397,-0.0002055028,1.0568345,0.029437918,0.060468632,0.059632158,0.028164919,0,0,0,0,0,0,0,0,0,0,0.016544967
2026-08-24,0,0,-0.86668004,0.0016318038,1.0470924,-0.03196493,-0.064613309,-0.064214292,-0.032698873,0,-0,0,-0,0,-0,0,-0,0,-0,-0.036233861
2026-08-25,0,0,-1.4909844,0.001338912,1.0309998,0.036492454,0.073972324,0.075143642,0.034153951,0,0,0,0,0,0,0,0,0,0,0.0075475258
2026-08-26,0,0,-0.54731186,0.00015584957,1.0303262,0.012787964,0.023713157,0.025683395,0.012323744,0,0,0,0,0,0,0,0,0,0,0.0085678168
2026-08-27,1,1,1.6141508,-0.00079389553,0.93292134,-0.015915239,-0.028812739,-0.030940486,-0.01372581,0.32157052,-0.0052786569,2,-0.029312739,2,-0.029312739,1,-0.016415239,2,-0.02785162,0.013229969
2026-08-28,0,0,-1.3253001,-0.003018706,0.89606211,-0.0080059235,-0.015183779,-0.016175027,-0.011171526,0,-0,0,-0,0,-0,0,-0,0,-0,-0.017913593
2026-08-31,0,0,-1.5212151,0.0020395385,0.89806892,0.030252262,0.064307723,0.062125233,0.034025353,0,0,0,0,0,0,0,0,0,0,0.004058593
2026-09-01,0,0,-0.20312864,-0.0046575156,0.55823009,0.011769671,0.025464065,0.023758815,0.0093207055,0,0,0,0,0,0,0,0,0,0,0.0025089439
2026-09-02,0,0,-1.4201416,0.00061827227,0.51260595,-0.0098062664,-0.020743601,-0.020263925,-0.0085541555,0,-0,0,-0,0,-0,0,-0,0,-0,-0.040645131
2026-09-03,0,0,0.29575415,-0.00046619708,0.53599179,-0.012485703,-0.024029939,-0.024637954,-0.012760832,0,-0,0,-0,0,-0,0,-0,0,-0,0.0010628019
2026-09-04,0,0,-0.328318,0.001079905,0.51840063,0.0068091996,0.017224361,0.01343985,0.0058542185,0,0,0,0,0,0,0,0,0,0,0.02036483
2026-09-07,1,0,2.2797166,0.00055804488,0.48076288,0.012054795,0.026515323,0.023305085,0.013266466,0,0,0,0,0,0,0,0,2,0.026132932,0.048240636
2026-09-08,0,0,0.26347516,0.0017048952,0.50637685,-0.013633113,-0.026898048,-0.027015058,-0.011626026,0,-0,0,-0,0,-0,0,-0,0,-0,-0.0043764663
2026-09-09,0,0,0.46795129,0.00046021217,0.50786982,0.013195951,0.025736599,0.026319347,0.011085006,0,0,0,0,0,0,0,0,0,0,0.015996737
2026-09-10,0,0,0.20264104,0.0010594539,0.50831889,0.0004471672,0.002004008,0.00089661974,-0.0011675633,0,0,0,0,0,0,0,0,0,-0,-0.0020963426
2026-09-11,0,0,-1.6533252,-0.0019091617,0.49080745,0.016524322,0.033933355,0.034371229,0.015613064,0,0,0,0,0,0,0,0,0,0,-0.021141555
2026-09-14,0,0,-2.8015783,-7.2262448e-05,0.47819371,-0.0031679985,-0.0039512195,-0.0065692715,-0.0019754775,0,-0,0,-0,0,-0,0,-0,0,-0,-0.037351598
2026-09-15,0,0,0.10960474,-0.004422575,0.48706594,-0.0047246349,-0.012872562,-0.0095073466,-0.0050489143,0,-0,0,-0,0,-0,0,-0,0,-0,-0.010767479
2026-09-16,0,0,0.10180289,-0.00088032597,0.48526301,0.019358858,0.039020965,0.038691759,0.019465095,0,0,0,0,0,0,0,0,0,0,0.020043155
2026-09-17,0,0,0.77079638,0.00036802099,0.42825059,-0.010704645,-0.021694947,-0.021199134,-0.011212124,0,-0,0,-0,0,-0,0,-0,0,-0,-0.00079913505
2026-09-18,0,0,0.449273,0.00052020946,0.35303311,0.0012368301,0.0084448546,0.0024102839,0.0027500828,0,0,0,0,0,0,0,0,0,0,0.02827437
2026-09-21,0,0,0.11582271,0.00061185117,0.36641939,0.013749603,0.028308691,0.02727641,0.013117621,0,0,0,0,0,0,0,0,0,0,0.022098184
2026-09-22,0,0,-0.055898824,0.0012116283,0.34306192,-0.021557567,-0.040268456,-0.042140354,-0.021876647,0,-0,0,-0,0,-0,0,-0,0,-0,0.0016114593
