date,open,high,low,close,volume
2006-06-27,7796.0,7929.0,7778.0,7938.0,638962.0
2006-06-28,7597.0,7871.0,7597.0,7880.0,362000.0
2006-06-29,8019.0,8019.0,7988.0,7991.0,388399.0
2006-06-30,8262.0,8262.0,8109.0,8207.0,308831.0
2006-07-03,8279.0,8279.0,8190.0,8262.0,281955.0
2006-07-04,8282.0,8339.0,8211.0,8236.0,328562.0
2006-07-05,8115.0,8300.0,8115.0,8254.0,268446.0
2006-07-06,8279.0,8279.0,8099.0,8197.0,249189.0
2006-07-07,8284.0,8284.0,8235.0,8271.0,221513.0
2006-07-10,8237.0,8385.0,8165.0,8391.0,237389.0
2006-07-11,8348.0,8514.0,8329.0,8518.0,328819.0
2006-07-12,8511.0,8573.0,8423.0,8555.0,367161.0
2006-07-13,8448.0,8570.0,8448.0,8546.0,296021.0
2006-07-14,8538.0,8538.0,8324.0,8425.0,323594.0
2006-07-18,7615.0,8328.0,7615.0,8231.0,426240.0
2006-07-19,8222.0,8281.0,8190.0,8291.0,209119.0
2006-07-20,8457.0,8457.0,8296.0,8387.0,585782.0
2006-07-21,8055.0,8367.0,8055.0,8374.0,128396.0
2006-07-24,8329.0,8367.0,8236.0,8374.0,130812.0
2006-07-25,8422.0,8430.0,8393.0,8434.0,171514.0
2006-07-26,8457.0,8457.0,8403.0,8454.0,317843.0
2006-07-27,8458.0,8509.0,8423.0,8509.0,132668.0
2006-07-28,8613.0,8613.0,8423.0,8501.0,149748.0
2006-07-31,8537.0,8668.0,8537.0,8673.0,171447.0
2006-08-01,8668.0,8737.0,8457.0,8739.0,235804.0
2006-08-02,8684.0,8684.0,8564.0,8686.0,298329.0
2006-08-03,8694.0,8740.0,8630.0,8673.0,257345.0
2006-08-04,8696.0,9062.0,8575.0,8701.0,279460.0
2006-08-07,8786.0,8824.0,8667.0,8682.0,107646.0
2006-08-08,8677.0,8677.0,8596.0,8602.0,107368.0
2006-08-09,9153.0,9153.0,8580.0,8651.0,275855.0
2006-08-10,8643.0,8686.0,8556.0,8691.0,218646.0
2006-08-11,8711.0,9109.0,8622.0,8628.0,92547.0
2006-08-14,8777.0,8777.0,8529.0,8611.0,131012.0
2006-08-16,8694.0,8694.0,8613.0,8691.0,198437.0
2006-08-17,8806.0,8915.0,8750.0,8812.0,173137.0
2006-08-18,8970.0,9005.0,8831.0,9003.0,134085.0
2006-08-21,9152.0,9152.0,8940.0,8977.0,197540.0
2006-08-22,8970.0,9135.0,8878.0,9049.0,108449.0
2006-08-23,8937.0,9142.0,8907.0,9144.0,154068.0
2006-08-24,8968.0,8973.0,8787.0,8904.0,133620.0
2006-08-25,8793.0,9155.0,8793.0,9035.0,106759.0
2006-08-28,9119.0,9129.0,8989.0,9092.0,215001.0
2006-08-29,9026.0,9156.0,9026.0,9159.0,131949.0
2006-08-30,9244.0,9244.0,9150.0,9187.0,127790.0
2006-08-31,9177.0,9402.0,9177.0,9407.0,175701.0
2006-09-01,9519.0,9560.0,9337.0,9568.0,131146.0
2006-09-04,9563.0,9976.0,9486.0,9613.0,153091.0
2006-09-05,9609.0,9609.0,9462.0,9532.0,133902.0
2006-09-06,9555.0,9610.0,9514.0,9559.0,130792.0
2006-09-07,9170.0,9518.0,9170.0,9499.0,133531.0
2006-09-08,9521.0,9732.0,9493.0,9738.0,216432.0
2006-09-11,9728.0,9728.0,9518.0,9618.0,130933.0
2006-09-12,9600.0,9656.0,9473.0,9572.0,133898.0
2006-09-13,9658.0,9732.0,9612.0,9666.0,133336.0
2006-09-14,9650.0,9740.0,9612.0,9711.0,129090.0
2006-09-15,9703.0,10026.0,9695.0,10030.0,131242.0
2006-09-18,10068.0,10251.0,10024.0,10169.0,286969.0
2006-09-19,10171.0,10208.0,10024.0,10186.0,118391.0
2006-09-20,10171.0,10171.0,9843.0,9930.0,31648.0
2006-09-21,10127.0,10127.0,9777.0,9856.0,146087.0
2006-09-22,9785.0,9785.0,9569.0,9575.0,7120.0
2006-09-25,9410.0,9613.0,9410.0,9600.0,141509.0
2006-09-26,9611.0,9755.0,9481.0,9536.0,134694.0
2006-09-27,9522.0,9695.0,9522.0,9692.0,134693.0
2006-09-28,9701.0,9766.0,9701.0,9765.0,112341.0
2006-09-29,9759.0,9819.0,9759.0,9819.0,5820.0
2006-10-02,9970.0,9970.0,9629.0,9846.0,131851.0
2006-10-04,9795.0,9795.0,9612.0,9657.0,4967.0
2006-10-09,9477.0,9642.0,8200.0,9338.0,21138.0
2006-10-10,9243.0,9280.0,9099.0,9196.0,12853.0
2006-10-11,9196.0,9242.0,9133.0,9251.0,131515.0
2006-10-12,9148.0,9289.0,9148.0,9247.0,131165.0
2006-10-13,9242.0,9519.0,9242.0,9527.0,20862.0
2006-10-16,9612.0,9699.0,9547.0,9652.0,60337.0
2006-10-17,9646.0,9664.0,9540.0,9618.0,5278.0
2006-10-18,9444.0,9618.0,9444.0,9618.0,2652.0
2006-10-19,9694.0,9694.0,9526.0,9572.0,12158.0
2006-10-20,9642.0,9642.0,9518.0,9580.0,26704.0
2006-10-23,9611.0,9611.0,9454.0,9472.0,6274.0
2006-10-24,9611.0,9611.0,9387.0,9397.0,14200.0
2006-10-25,8922.0,9375.0,8922.0,9333.0,10155.0
2006-10-26,9311.0,9411.0,9311.0,9411.0,9102.0
2006-10-27,9524.0,9524.0,9251.0,9279.0,6779.0
2006-10-30,9158.0,9190.0,9106.0,9114.0,7994.0
2006-10-31,9109.0,9338.0,9109.0,9342.0,7362.0
2006-11-01,9634.0,9634.0,9338.0,9374.0,4450.0
2006-11-02,9369.0,9406.0,9339.0,9384.0,1397.0
2006-11-03,9383.0,9445.0,9378.0,9426.0,2944.0
2006-11-06,9430.0,9430.0,9297.0,9389.0,7138.0
2006-11-07,9479.0,9479.0,9365.0,9421.0,4984.0
2006-11-08,9454.0,9479.0,9383.0,9411.0,10812.0
2006-11-09,9295.0,9464.0,9295.0,9472.0,4094.0
2006-11-10,9483.0,9492.0,9395.0,9499.0,9807.0
2006-11-13,9492.0,9593.0,9483.0,9600.0,7493.0
2006-11-14,9656.0,9749.0,9656.0,9755.0,40597.0
2006-11-15,9841.0,9841.0,9735.0,9799.0,11098.0
2006-11-16,9796.0,9842.0,9774.0,9804.0,405899.0
2006-11-17,9796.0,9816.0,9746.0,9819.0,9528.0
2006-11-20,9844.0,9844.0,9586.0,9628.0,13058.0
2006-11-21,9757.0,9757.0,9546.0,9572.0,11460.0
2006-11-22,9612.0,9729.0,9612.0,9734.0,6744.0
2006-11-23,9678.0,9703.0,9664.0,9687.0,24762.0
2006-11-24,10069.0,10069.0,9574.0,9671.0,8457.0
2006-11-27,9660.0,9660.0,8217.0,9609.0,9674.0
2006-11-28,9582.0,9582.0,9420.0,9472.0,14251.0
2006-11-29,9501.0,9525.0,9445.0,9512.0,12493.0
2006-11-30,9510.0,9795.0,9510.0,9799.0,18005.0
2006-12-01,9845.0,9845.0,9535.0,9585.0,2999.0
2006-12-04,9571.0,9580.0,9518.0,9536.0,22257.0
2006-12-05,9631.0,9631.0,9508.0,9545.0,2618.0
2006-12-06,9531.0,9531.0,9338.0,9379.0,6283.0
2006-12-07,9395.0,9415.0,9342.0,9350.0,3159.0
2006-12-08,9291.0,9291.0,9136.0,9187.0,7503.0
2006-12-11,9064.0,9216.0,9064.0,9144.0,7196.0
2006-12-12,9154.0,9154.0,9035.0,9039.0,5881.0
2006-12-13,9156.0,9171.0,9017.0,9159.0,2994.0
2006-12-14,9205.0,9357.0,9155.0,9360.0,1447.0
2006-12-15,9356.0,9449.0,9356.0,9402.0,50341.0
2006-12-18,9415.0,9473.0,9338.0,9350.0,7424.0
2006-12-19,9413.0,9430.0,9318.0,9330.0,1946.0
2006-12-20,9338.0,9429.0,9338.0,9402.0,7273.0
2006-12-21,9446.0,9446.0,9384.0,9436.0,3651.0
2006-12-22,9336.0,9370.0,9286.0,9294.0,4210.0
2006-12-26,9244.0,9315.0,9155.0,9187.0,4889.0
2006-12-27,9184.0,9344.0,9184.0,9325.0,14265.0
2006-12-28,9429.0,9429.0,9311.0,9411.0,32037.0
2007-01-02,9428.0,9519.0,9428.0,9486.0,4298.0
2007-01-03,9510.0,9510.0,9365.0,9379.0,3898.0
2007-01-04,9363.0,9363.0,9271.0,9338.0,5368.0
2007-01-05,9472.0,9472.0,9118.0,9219.0,10476.0
2007-01-08,9171.0,9199.0,9080.0,9206.0,9507.0
2007-01-09,9140.0,9199.0,9106.0,9109.0,7889.0
2007-01-10,9108.0,9108.0,8868.0,8933.0,15271.0
2007-01-11,8923.0,9043.0,8923.0,8991.0,6586.0
2007-01-12,9516.0,9516.0,8974.0,9039.0,14680.0
2007-01-15,9045.0,9156.0,9045.0,9159.0,3341.0
2007-01-16,9198.0,9327.0,9150.0,9174.0,6065.0
2007-01-17,9318.0,9318.0,8945.0,8986.0,9404.0
2007-01-18,9011.0,9011.0,8815.0,8831.0,12070.0
2007-01-19,8713.0,8713.0,8518.0,8528.0,20435.0
2007-01-22,8514.0,8548.0,8459.0,8533.0,10379.0
2007-01-23,8512.0,8525.0,8376.0,8417.0,7339.0
2007-01-24,8352.0,8586.0,8352.0,8593.0,4570.0
2007-01-25,8900.0,8900.0,8605.0,8611.0,1553.0
2007-01-26,8605.0,8605.0,8468.0,8533.0,12880.0
2007-01-29,8512.0,8557.0,8358.0,8369.0,4528.0
2007-01-30,8359.0,8359.0,8217.0,8313.0,8877.0
2007-01-31,8307.0,8345.0,8190.0,8197.0,7033.0
2007-02-01,8276.0,8276.0,8172.0,8286.0,1300.0
2007-02-02,8282.0,8548.0,8282.0,8518.0,5558.0
2007-02-05,8590.0,8647.0,8529.0,8643.0,9037.0
2007-02-06,8754.0,8754.0,8595.0,8648.0,1949.0
2007-02-07,8640.0,8721.0,8640.0,8656.0,5317.0
2007-02-08,8731.0,8753.0,8612.0,8663.0,2326.0
2007-02-09,8640.0,8673.0,8586.0,8602.0,2228.0
2007-02-12,8425.0,8485.0,8384.0,8473.0,2881.0
2007-02-13,8472.0,8591.0,8467.0,8597.0,2803.0
2007-02-14,8613.0,8695.0,8595.0,8648.0,11925.0
2007-02-15,8661.0,8743.0,8651.0,8686.0,4234.0
2007-02-16,8691.0,8777.0,8691.0,8775.0,5015.0
2007-02-20,8857.0,8857.0,8768.0,8845.0,1880.0
2007-02-21,8882.0,8955.0,8877.0,8963.0,8158.0
2007-02-22,9096.0,9096.0,9012.0,9082.0,4165.0
2007-02-23,9081.0,9109.0,8979.0,9023.0,5817.0
2007-02-26,9039.0,9039.0,8947.0,9008.0,8165.0
2007-02-27,9000.0,9009.0,8891.0,8933.0,9307.0
2007-02-28,8428.0,8950.0,8428.0,8958.0,14977.0
2007-03-02,8923.0,8923.0,8703.0,8890.0,2250.0
2007-03-05,8822.0,8915.0,8704.0,8734.0,5535.0
2007-03-06,8735.0,8852.0,8735.0,8845.0,5046.0
2007-03-07,8838.0,8968.0,8829.0,8899.0,4349.0
2007-03-08,8890.0,8967.0,8876.0,8967.0,6039.0
2007-03-09,8969.0,9095.0,8961.0,9039.0,7118.0
2007-03-12,9119.0,9182.0,9119.0,9187.0,8179.0
2007-03-13,9180.0,9198.0,9155.0,9174.0,1960.0
2007-03-14,9012.0,9027.0,8952.0,9031.0,5730.0
2007-03-15,9027.0,9096.0,9027.0,9035.0,3521.0
2007-03-16,9035.0,9109.0,9030.0,9068.0,2286.0
2007-03-19,9064.0,9156.0,9055.0,9159.0,2986.0
2007-03-20,9155.0,9226.0,9155.0,9187.0,3975.0
2007-03-21,9070.0,9294.0,9070.0,9206.0,6643.0
2007-03-22,9302.0,9411.0,9302.0,9389.0,5660.0
2007-03-23,9429.0,9429.0,9329.0,9421.0,5260.0
2007-03-26,9420.0,9510.0,9402.0,9407.0,4991.0
2007-03-27,9402.0,9445.0,9383.0,9416.0,1298.0
2007-03-28,9253.0,9420.0,9253.0,9312.0,2207.0
2007-03-29,9301.0,9392.0,9245.0,9397.0,5786.0
2007-03-30,9390.0,9390.0,9310.0,9355.0,2053.0
2007-04-02,9474.0,9474.0,9383.0,9407.0,3127.0
2007-04-03,9406.0,9474.0,9391.0,9477.0,4625.0
2007-04-04,9467.0,9612.0,9467.0,9609.0,7424.0
2007-04-05,9604.0,9686.0,9604.0,9683.0,4891.0
2007-04-06,9674.0,9710.0,9569.0,9575.0,38927.0
2007-04-09,9571.0,9702.0,9571.0,9676.0,8643.0
2007-04-10,9673.0,9795.0,9668.0,9711.0,7850.0
2007-04-11,9701.0,9842.0,9701.0,9842.0,4384.0
2007-04-12,9754.0,9929.0,9754.0,9934.0,32378.0
2007-04-13,9842.0,10066.0,9842.0,10067.0,28155.0
2007-04-16,10061.0,10077.0,10005.0,10072.0,74153.0
2007-04-17,10069.0,10078.0,9895.0,9958.0,71748.0
2007-04-18,9965.0,10068.0,9903.0,9962.0,65901.0
2007-04-19,9986.0,9986.0,9763.0,9851.0,67107.0
2007-04-20,9845.0,9883.0,9840.0,9883.0,65504.0
2007-04-23,9876.0,9963.0,9876.0,9892.0,68305.0
2007-04-24,9847.0,9847.0,9759.0,9804.0,68790.0
2007-04-25,9800.0,9917.0,9750.0,9828.0,68193.0
2007-04-26,9824.0,10042.0,9824.0,9925.0,74835.0
2007-04-27,9923.0,10018.0,9899.0,9925.0,71570.0
2007-04-30,9915.0,9963.0,9849.0,9869.0,69527.0
2007-05-02,9867.0,9928.0,9846.0,9930.0,67720.0
2007-05-03,9920.0,9984.0,9898.0,9910.0,67546.0
2007-05-04,9903.0,9960.0,9872.0,9925.0,79153.0
2007-05-07,9922.0,10272.0,9917.0,10278.0,75165.0
2007-05-08,10285.0,10285.0,10148.0,10155.0,67988.0
2007-05-09,10153.0,10234.0,10143.0,10178.0,68539.0
2007-05-10,10204.0,10366.0,10204.0,10247.0,67071.0
2007-05-11,10177.0,10428.0,10177.0,10431.0,73625.0
2007-05-14,11286.0,11286.0,10367.0,10411.0,65675.0
2007-05-15,10405.0,10434.0,10239.0,10247.0,63899.0
2007-05-16,9931.0,10560.0,9931.0,10238.0,66295.0
2007-05-17,10308.0,10375.0,10294.0,10375.0,65202.0
2007-05-18,11019.0,11019.0,10185.0,10380.0,66807.0
2007-05-21,10372.0,10372.0,10240.0,10330.0,65157.0
2007-05-22,10327.0,10600.0,10327.0,10610.0,68417.0
2007-05-23,10974.0,10974.0,10606.0,10702.0,66781.0
2007-05-25,10697.0,10791.0,10622.0,10793.0,65785.0
2007-05-28,10792.0,10917.0,10772.0,10904.0,71052.0
2007-05-29,11006.0,11089.0,10910.0,11019.0,69397.0
2007-05-30,11017.0,11017.0,10802.0,10848.0,68297.0
2007-05-31,10832.0,10981.0,10828.0,10973.0,68605.0
2007-06-01,10968.0,11377.0,10968.0,11212.0,76772.0
2007-06-04,11368.0,11598.0,11368.0,11594.0,75198.0
2007-06-05,11594.0,11663.0,11481.0,11611.0,70399.0
2007-06-07,11213.0,12904.0,11213.0,12915.0,87206.0
2007-06-08,11755.0,12126.0,11523.0,12129.0,106208.0
2007-06-11,12106.0,12857.0,10460.0,11762.0,117749.0
2007-06-12,11759.0,12128.0,11759.0,12111.0,104227.0
2007-06-13,12107.0,12181.0,11867.0,12186.0,67438.0
2007-06-14,12193.0,12240.0,12067.0,12072.0,23107.0
2007-06-15,12362.0,12362.0,11989.0,12000.0,74699.0
2007-06-18,12007.0,12386.0,12002.0,12333.0,76966.0
2007-06-19,12676.0,12767.0,12261.0,12366.0,85201.0
2007-06-20,12584.0,12584.0,11950.0,12040.0,83733.0
2007-06-21,12032.0,12651.0,12032.0,12609.0,11868.0
2007-06-22,13483.0,13483.0,12610.0,12820.0,119621.0
2007-06-25,12813.0,12813.0,12308.0,12406.0,87661.0
2007-06-26,12458.0,12458.0,11675.0,12093.0,93338.0
2007-06-27,12088.0,12088.0,11578.0,11585.0,17573.0
2007-06-28,11586.0,12063.0,11022.0,12068.0,82938.0
2007-06-29,12058.0,12246.0,11897.0,11905.0,80060.0
2007-07-02,12080.0,12126.0,11849.0,12093.0,67789.0
2007-07-03,11950.0,12412.0,11950.0,12333.0,74733.0
2007-07-04,13043.0,13043.0,12453.0,12525.0,72046.0
2007-07-05,12556.0,13011.0,12556.0,12830.0,95837.0
2007-07-06,13088.0,13961.0,12931.0,13399.0,124979.0
2007-07-09,14221.0,14221.0,13292.0,13303.0,114952.0
2007-07-10,13723.0,13723.0,13041.0,13068.0,91929.0
2007-07-11,13137.0,13264.0,12870.0,13228.0,100832.0
2007-07-12,13227.0,13493.0,13227.0,13354.0,86820.0
2007-07-13,13623.0,13666.0,13146.0,13151.0,98181.0
2007-07-16,13586.0,13625.0,13331.0,13511.0,87382.0
2007-07-18,13624.0,13624.0,13229.0,13233.0,73678.0
2007-07-19,13137.0,13325.0,13085.0,13228.0,70897.0
2007-07-20,13303.0,13523.0,13303.0,13511.0,72262.0
2007-07-23,13248.0,13638.0,13072.0,13452.0,9758.0
2007-07-24,13451.0,13485.0,13198.0,13389.0,77512.0
2007-07-25,13384.0,13384.0,13130.0,13389.0,38226.0
2007-07-26,13549.0,13549.0,13168.0,13174.0,7374.0
2007-07-27,12950.0,13269.0,12667.0,12729.0,19224.0
2007-07-30,12845.0,12860.0,12580.0,12868.0,72241.0
2007-07-31,13204.0,13204.0,12923.0,13005.0,175399.0
2007-08-01,12998.0,13033.0,11949.0,12516.0,155406.0
2007-08-02,12528.0,12885.0,12444.0,12755.0,128348.0
2007-08-03,12603.0,12997.0,12603.0,12959.0,121686.0
2007-08-06,12945.0,12945.0,12782.0,12932.0,172216.0
2007-08-07,12702.0,13163.0,12702.0,13169.0,70350.0
2007-08-08,13180.0,13280.0,13088.0,13095.0,69372.0
2007-08-09,13337.0,13541.0,13333.0,13491.0,72660.0
2007-08-10,13274.0,13487.0,13127.0,13491.0,115092.0
2007-08-13,13486.0,13486.0,13009.0,13228.0,74515.0
2007-08-14,13062.0,13318.0,12812.0,13031.0,43605.0
2007-08-16,12518.0,12839.0,11572.0,11947.0,80760.0
2007-08-17,12353.0,12353.0,11232.0,11487.0,80576.0
2007-08-20,11590.0,12260.0,11590.0,12171.0,78914.0
2007-08-21,12153.0,12399.0,12083.0,12357.0,38204.0
2007-08-22,12444.0,12444.0,12317.0,12376.0,64324.0
2007-08-23,12439.0,12725.0,12439.0,12720.0,69489.0
2007-08-24,12748.0,12748.0,12443.0,12571.0,67695.0
2007-08-27,13025.0,13025.0,12462.0,12490.0,84366.0
2007-08-28,12532.0,12532.0,12330.0,12454.0,70135.0
2007-08-29,12113.0,12591.0,12062.0,12575.0,72787.0
2007-08-30,12671.0,13016.0,12671.0,12991.0,69470.0
2007-08-31,13032.0,13032.0,12873.0,12881.0,82325.0
2007-09-03,13136.0,13136.0,12886.0,13005.0,69691.0
2007-09-04,12998.0,13007.0,12860.0,12932.0,65211.0
2007-09-05,12954.0,13063.0,12741.0,12750.0,68114.0
2007-09-06,12731.0,12858.0,12621.0,12777.0,33041.0
2007-09-07,12766.0,12803.0,12547.0,12741.0,42441.0
2007-09-10,12481.0,12721.0,12481.0,12537.0,3665.0
2007-09-11,12585.0,12666.0,12533.0,12595.0,3354.0
2007-09-12,12509.0,12707.0,12404.0,12490.0,3970.0
2007-09-13,12399.0,12482.0,12156.0,12490.0,3385.0
2007-09-14,12481.0,12546.0,12382.0,12533.0,8385.0
2007-09-17,12518.0,12657.0,12418.0,12426.0,3887.0
2007-09-18,12418.0,12510.0,12340.0,12348.0,1104.0
2007-09-19,12371.0,12676.0,12256.0,12266.0,17232.0
2007-09-20,12444.0,12812.0,12399.0,12622.0,5022.0
2007-09-21,12803.0,12803.0,12636.0,12710.0,9207.0
2007-09-27,12636.0,13273.0,12636.0,13280.0,18269.0
2007-09-28,13314.0,13319.0,13168.0,13280.0,10986.0
2007-10-01,13264.0,13319.0,13141.0,13303.0,13503.0
2007-10-02,13305.0,13415.0,13187.0,13193.0,4050.0
2007-10-04,13195.0,13273.0,13142.0,13147.0,61613.0
2007-10-05,13048.0,13173.0,12870.0,12877.0,9251.0
2007-10-08,13060.0,13209.0,12860.0,12868.0,4027.0
2007-10-09,12915.0,12996.0,12740.0,12825.0,6911.0
2007-10-10,12811.0,12911.0,12731.0,12738.0,9133.0
2007-10-11,12732.0,12965.0,12732.0,12905.0,7740.0
2007-10-12,12950.0,12998.0,12594.0,12655.0,5116.0
2007-10-15,12775.0,12939.0,12762.0,12825.0,3979.0
2007-10-16,12813.0,12813.0,12244.0,12333.0,12157.0
2007-10-17,12329.0,12329.0,11892.0,12003.0,6339.0
2007-10-18,12338.0,12338.0,11842.0,12040.0,2993.0
2007-10-19,11866.0,12026.0,11838.0,11846.0,7054.0
2007-10-22,11755.0,11755.0,11140.0,11315.0,25177.0
2007-10-23,11473.0,11826.0,11473.0,11534.0,16332.0
2007-10-24,11698.0,11792.0,11254.0,11399.0,8483.0
2007-10-25,11387.0,11435.0,11018.0,11102.0,2708.0
2007-10-26,11085.0,11573.0,11021.0,11580.0,17751.0
2007-10-29,11647.0,11743.0,11573.0,11709.0,25719.0
2007-10-30,11590.0,11620.0,11495.0,11594.0,2605.0
2007-10-31,11646.0,11847.0,11646.0,11834.0,6347.0
2007-11-01,11795.0,11911.0,11630.0,11639.0,2896.0
2007-11-02,11635.0,11635.0,11310.0,11361.0,3467.0
2007-11-05,11389.0,11429.0,11032.0,11433.0,4342.0
2007-11-06,11207.0,11386.0,11030.0,11036.0,1973.0
2007-11-07,11316.0,11612.0,11316.0,11468.0,16201.0
2007-11-08,11527.0,11941.0,10861.0,11947.0,16065.0
2007-11-09,11654.0,11663.0,10699.0,10870.0,24428.0
2007-11-12,10811.0,10811.0,10427.0,10509.0,9108.0
2007-11-13,10468.0,10574.0,10220.0,10523.0,3293.0
2007-11-14,10445.0,11020.0,10445.0,11027.0,8360.0
2007-11-15,10912.0,11231.0,10912.0,11217.0,4981.0
2007-11-16,11204.0,11292.0,10911.0,11300.0,1116.0
2007-11-19,10997.0,10997.0,10749.0,10936.0,1532.0
2007-11-20,10925.0,10925.0,10232.0,10356.0,4003.0
2007-11-21,10465.0,10785.0,10299.0,10788.0,6154.0
2007-11-22,10785.0,10785.0,10110.0,10788.0,5713.0
2007-11-23,10396.0,10552.0,10087.0,10230.0,9201.0
2007-11-26,10123.0,10377.0,10123.0,10385.0,3198.0
2007-11-27,10115.0,10306.0,9943.0,10312.0,4069.0
2007-11-28,10313.0,10646.0,10313.0,10393.0,2221.0
2007-11-29,10391.0,10743.0,10391.0,10679.0,2700.0
2007-11-30,10762.0,10987.0,10762.0,10996.0,2103.0
2007-12-03,11150.0,11150.0,10770.0,10825.0,708.0
2007-12-04,10716.0,11030.0,10716.0,11036.0,2297.0
2007-12-05,11196.0,11292.0,11007.0,11300.0,5009.0
2007-12-06,11354.0,11580.0,11354.0,11491.0,2577.0
2007-12-07,11606.0,11606.0,11367.0,11378.0,2646.0
2007-12-10,11258.0,11371.0,11161.0,11341.0,856.0
2007-12-11,11333.0,11333.0,11226.0,11286.0,492.0
2007-12-12,10987.0,11351.0,10987.0,11361.0,4562.0
2007-12-13,11351.0,11391.0,10662.0,10670.0,7478.0
2007-12-14,11027.0,11082.0,10182.0,10793.0,57812.0
2007-12-17,10774.0,10774.0,10497.0,10504.0,16554.0
2007-12-18,10333.0,10469.0,10186.0,10477.0,1677.0
2007-12-20,10519.0,10519.0,10286.0,10325.0,1629.0
2007-12-21,10468.0,10468.0,10138.0,10325.0,1061.0
2007-12-24,10469.0,10538.0,10362.0,10547.0,569.0
2007-12-26,10632.0,10680.0,10538.0,10547.0,2443.0
2007-12-27,10604.0,10682.0,10530.0,10651.0,75676.0
2007-12-28,11012.0,11012.0,10666.0,10928.0,156834.0
2008-01-02,11002.0,11002.0,10392.0,10928.0,5776.0
2008-01-03,10691.0,10821.0,10172.0,10825.0,9594.0
2008-01-04,10718.0,10718.0,10263.0,10416.0,13907.0
2008-01-07,10202.0,10237.0,10100.0,10126.0,2175.0
2008-01-08,10119.0,10133.0,10058.0,10063.0,10509.0
2008-01-09,10058.0,10181.0,9983.0,10170.0,3245.0
2008-01-10,10210.0,10254.0,10064.0,10113.0,14496.0
2008-01-11,10253.0,10253.0,9899.0,9925.0,11588.0
2008-01-14,10064.0,10064.0,9714.0,9879.0,33276.0
2008-01-15,9901.0,10113.0,9708.0,10121.0,2252.0
2008-01-16,9587.0,9781.0,9569.0,9679.0,11846.0
2008-01-17,9733.0,10213.0,9693.0,10220.0,47000.0
2008-01-18,10111.0,10287.0,9894.0,10293.0,10201.0
2008-01-21,10204.0,10281.0,10092.0,10100.0,5189.0
2008-01-22,10090.0,10090.0,9641.0,9896.0,9227.0
2008-01-23,9793.0,10064.0,9793.0,9905.0,1923.0
2008-01-24,9922.0,10212.0,9922.0,10165.0,1458.0
2008-01-25,10193.0,10322.0,10193.0,10259.0,23114.0
2008-01-28,10211.0,10211.0,9862.0,9971.0,4804.0
2008-01-29,10068.0,10548.0,9975.0,10555.0,13588.0
2008-01-30,10512.0,10512.0,9961.0,10174.0,25298.0
2008-01-31,10166.0,10515.0,10008.0,10523.0,9511.0
2008-02-01,10468.0,10468.0,9991.0,10086.0,3731.0
2008-02-04,10278.0,10448.0,10273.0,10455.0,6249.0
2008-02-05,10483.0,10606.0,10469.0,10574.0,2646.0
2008-02-11,10569.0,10569.0,10284.0,10393.0,1539.0
2008-02-12,10423.0,10511.0,10388.0,10426.0,977.0
2008-02-13,10469.0,10506.0,10230.0,10293.0,1139.0
2008-02-14,10464.0,10490.0,10415.0,10479.0,9265.0
2008-02-15,10474.0,10496.0,10397.0,10477.0,7504.0
2008-02-18,10558.0,10558.0,10369.0,10446.0,3589.0
2008-02-19,10439.0,10606.0,10439.0,10579.0,1801.0
2008-02-20,10615.0,10708.0,10497.0,10504.0,5664.0
2008-02-21,10559.0,10650.0,10559.0,10615.0,706.0
2008-02-22,10531.0,10551.0,10451.0,10528.0,1611.0
2008-02-25,10559.0,10618.0,10486.0,10537.0,4282.0
2008-02-26,10556.0,10606.0,10469.0,10477.0,2888.0
2008-02-27,10558.0,10576.0,10474.0,10584.0,726.0
2008-02-28,10572.0,10654.0,10192.0,10642.0,3626.0
2008-02-29,10570.0,10570.0,10492.0,10513.0,5669.0
2008-03-03,10245.0,10245.0,10120.0,10187.0,1073.0
2008-03-04,10238.0,10260.0,10152.0,10238.0,3662.0
2008-03-05,10258.0,10435.0,10258.0,10416.0,3356.0
2008-03-06,10437.0,10655.0,10400.0,10633.0,9639.0
2008-03-07,10412.0,10581.0,10412.0,10584.0,650.0
2008-03-10,10562.0,10611.0,10428.0,10441.0,1752.0
2008-03-11,10113.0,10725.0,10113.0,10733.0,4231.0
2008-03-12,10803.0,10971.0,10803.0,10825.0,5762.0
2008-03-13,10817.0,10817.0,10551.0,10697.0,4390.0
2008-03-14,10762.0,10805.0,10537.0,10688.0,19263.0
2008-03-17,10588.0,10621.0,10375.0,10615.0,11738.0
2008-03-18,10622.0,10646.0,10499.0,10651.0,124749.0
2008-03-19,10763.0,10918.0,10763.0,10885.0,163782.0
2008-03-20,10745.0,11065.0,10745.0,11070.0,196327.0
2008-03-21,11135.0,11214.0,11076.0,11221.0,1871.0
2008-03-24,11211.0,11273.0,11155.0,11271.0,10226.0
2008-03-25,11439.0,12951.0,11222.0,12959.0,13048.0
2008-03-26,11481.0,11754.0,11227.0,11235.0,16002.0
2008-03-27,11231.0,11231.0,11002.0,11120.0,6500.0
2008-03-28,11107.0,11351.0,11107.0,11315.0,271324.0
2008-03-31,11307.0,11528.0,11307.0,11534.0,4184.0
2008-04-01,11674.0,11674.0,11411.0,11538.0,210768.0
2008-04-02,11777.0,11836.0,11630.0,11680.0,5440.0
2008-04-03,11844.0,11844.0,11657.0,11709.0,3551.0
2008-04-04,11703.0,11703.0,11515.0,11525.0,6964.0
2008-04-07,11517.0,11572.0,11478.0,11505.0,2138.0
2008-04-08,11468.0,11500.0,11388.0,11423.0,1278.0
2008-04-10,11416.0,11768.0,11386.0,11594.0,7315.0
2008-04-11,11730.0,11838.0,11722.0,11796.0,673977.0
2008-04-14,11782.0,11782.0,11664.0,11675.0,624972.0
2008-04-15,11665.0,11665.0,11373.0,11419.0,6153.0
2008-04-16,11407.0,11482.0,11407.0,11473.0,544.0
2008-04-17,11558.0,11699.0,11501.0,11505.0,2902.0
2008-04-18,11491.0,11724.0,11491.0,11718.0,1441.0
2008-04-21,11807.0,11841.0,11745.0,11837.0,7206.0
2008-04-22,11821.0,11856.0,11792.0,11841.0,2016.0
2008-04-23,11770.0,11888.0,11760.0,11772.0,2872.0
2008-04-24,11764.0,11949.0,11764.0,11850.0,2513.0
2008-04-25,11621.0,12059.0,11621.0,12050.0,7684.0
2008-04-28,12054.0,12086.0,11973.0,11985.0,5083.0
2008-04-29,12013.0,12083.0,11975.0,12072.0,338373.0
2008-04-30,12070.0,12140.0,12002.0,12144.0,4851.0
2008-05-02,12162.0,12377.0,12162.0,12344.0,467593.0
2008-05-06,12667.0,12667.0,12399.0,12526.0,3953.0
2008-05-07,12519.0,12544.0,12378.0,12482.0,121108.0
2008-05-08,12417.0,12530.0,12373.0,12534.0,3206.0
2008-05-09,12523.0,12533.0,12363.0,12377.0,8990.0
2008-05-13,12359.0,12519.0,12359.0,12510.0,22172.0
2008-05-14,12502.0,12739.0,12502.0,12744.0,14439.0
2008-05-15,12653.0,12971.0,12653.0,12981.0,4807.0
2008-05-16,13037.0,13266.0,12971.0,13113.0,15343.0
2008-05-19,13129.0,13129.0,12878.0,12917.0,6703.0
2008-05-20,13635.0,13635.0,12575.0,12712.0,16378.0
2008-05-21,12599.0,12698.0,12529.0,12606.0,11014.0
2008-05-22,12299.0,12599.0,12299.0,12492.0,8399.0
2008-05-23,12349.0,12524.0,12349.0,12447.0,6486.0
2008-05-26,12391.0,12391.0,12023.0,12098.0,4252.0
2008-05-27,11887.0,12425.0,11887.0,12407.0,17616.0
2008-05-28,12405.0,12622.0,12335.0,12442.0,5115.0
2008-05-29,12421.0,12676.0,12421.0,12675.0,6320.0
2008-05-30,12658.0,13208.0,12628.0,13214.0,4149.0
2008-06-02,12897.0,12902.0,12824.0,12846.0,30717.0
2008-06-03,13081.0,13081.0,12437.0,12510.0,12659.0
2008-06-04,12317.0,12568.0,12317.0,12573.0,1058.0
2008-06-05,12585.0,12595.0,12520.0,12534.0,779.0
2008-06-09,12344.0,12432.0,12299.0,12432.0,2200.0
2008-06-10,12421.0,12421.0,12082.0,12134.0,4086.0
2008-06-11,12143.0,12260.0,12068.0,12243.0,9595.0
2008-06-12,12224.0,12224.0,11958.0,12064.0,2890.0
2008-06-13,12105.0,12124.0,11912.0,12055.0,297832.0
2008-06-16,12180.0,12262.0,12150.0,12163.0,942.0
2008-06-17,12201.0,12201.0,11989.0,12149.0,892.0
2008-06-18,11815.0,11902.0,11792.0,11873.0,9520.0
2008-06-19,11835.0,11835.0,11606.0,11623.0,127259.0
2008-06-20,11692.0,11731.0,11571.0,11652.0,1672.0
2008-06-23,11424.0,11607.0,11390.0,11560.0,774.0
2008-06-24,11607.0,11611.0,11437.0,11490.0,666.0
2008-06-25,11542.0,11542.0,11283.0,11377.0,3681.0
2008-06-26,11374.0,11451.0,11257.0,11303.0,2887.0
2008-06-27,11044.0,11044.0,10911.0,10993.0,2985.0
2008-06-30,10963.0,10963.0,10589.0,10738.0,60761.0
2008-07-01,10592.0,10652.0,10279.0,10479.0,7094.0
2008-07-02,10484.0,10498.0,9927.0,10115.0,8959.0
2008-07-03,10038.0,10359.0,9850.0,10249.0,8570.0
2008-07-04,10241.0,10263.0,9928.0,9969.0,11801.0
2008-07-07,9950.0,10547.0,9615.0,9826.0,91931.0
2008-07-08,9821.0,9821.0,9367.0,9464.0,8044.0
2008-07-09,9681.0,9681.0,9394.0,9681.0,4020.0
2008-07-10,9255.0,9330.0,9075.0,9337.0,270144.0
2008-07-11,9393.0,9598.0,9182.0,9606.0,7913.0
2008-07-14,9440.0,9739.0,9440.0,9610.0,65895.0
2008-07-15,9551.0,9666.0,9220.0,9238.0,5559.0
2008-07-16,9045.0,9304.0,9045.0,9307.0,179669.0
2008-07-17,9622.0,9622.0,9302.0,9541.0,636088.0
2008-07-18,9848.0,9858.0,9437.0,9459.0,3082.0
2008-07-21,9634.0,9816.0,9634.0,9749.0,4473.0
2008-07-22,9666.0,9689.0,9448.0,9601.0,3847.0
2008-07-23,9576.0,9678.0,9545.0,9624.0,5165.0
2008-07-24,9919.0,9919.0,9685.0,9854.0,730.0
2008-07-25,9939.0,9939.0,9598.0,9606.0,1881.0
2008-07-28,9597.0,9597.0,9326.0,9415.0,1017.0
2008-07-29,9375.0,9375.0,9036.0,9134.0,3543.0
2008-07-30,9488.0,9488.0,9037.0,9061.0,3453.0
2008-07-31,9200.0,9200.0,9055.0,9116.0,808.0
2008-08-01,8897.0,9280.0,8897.0,9147.0,21973.0
2008-08-04,9142.0,9142.0,8920.0,9029.0,964.0
2008-08-05,9119.0,9128.0,9007.0,9056.0,1023.0
2008-08-06,9137.0,9261.0,9137.0,9269.0,2120.0
2008-08-07,9303.0,9388.0,9211.0,9238.0,1872.0
2008-08-08,9196.0,9237.0,9159.0,9218.0,935.0
2008-08-11,9530.0,9530.0,9233.0,9509.0,3111.0
2008-08-12,9501.0,9652.0,9501.0,9569.0,1150.0
2008-08-13,9561.0,9561.0,9410.0,9430.0,6952.0
2008-08-14,9577.0,9577.0,9358.0,9410.0,518.0
2008-08-18,9535.0,9535.0,9238.0,9247.0,640.0
2008-08-19,9275.0,9275.0,9101.0,9134.0,904.0
2008-08-20,9044.0,9044.0,8868.0,8934.0,107770.0
2008-08-21,8924.0,8924.0,8712.0,8720.0,2412.0
2008-08-22,8766.0,8766.0,8473.0,8554.0,62382.0
2008-08-25,8701.0,8701.0,8518.0,8614.0,1539.0
2008-08-26,8599.0,8599.0,8382.0,8490.0,873.0
2008-08-27,8518.0,8518.0,8195.0,8320.0,371753.0
2008-08-28,8445.0,8445.0,8143.0,8148.0,2235.0
2008-08-29,8169.0,8213.0,8086.0,8102.0,3455.0
2008-09-01,8105.0,8105.0,7599.0,7605.0,7388.0
2008-09-02,8002.0,8002.0,7371.0,7410.0,386337.0
2008-09-03,7366.0,7679.0,7366.0,7646.0,639.0
2008-09-04,7696.0,7705.0,7597.0,7667.0,1401.0
2008-09-05,7588.0,7641.0,7412.0,7629.0,3001.0
2008-09-08,7523.0,8186.0,7523.0,8193.0,9926.0
2008-09-09,8463.0,8463.0,8011.0,8059.0,2241.0
2008-09-10,8105.0,8228.0,7957.0,8237.0,1300.0
2008-09-11,8242.0,8454.0,8242.0,8447.0,3009.0
2008-09-12,8440.0,8526.0,8440.0,8507.0,1733.0
2008-09-16,7421.0,7932.0,7421.0,7809.0,7401.0
2008-09-17,7919.0,8190.0,7919.0,8115.0,742.0
2008-09-18,8104.0,8104.0,7725.0,7850.0,1109.0
2008-09-19,7909.0,8325.0,7909.0,8333.0,2418.0
2008-09-22,8385.0,8404.0,8133.0,8138.0,2923.0
2008-09-23,8224.0,8382.0,8156.0,8390.0,974.0
2008-09-24,8381.0,8519.0,8353.0,8526.0,1038.0
2008-09-25,8604.0,8604.0,8416.0,8490.0,1513.0
2008-09-26,8676.0,8676.0,8287.0,8320.0,399.0
2008-09-29,8380.0,8398.0,8164.0,8171.0,454.0
2008-09-30,7214.0,8111.0,7214.0,8115.0,1997.0
2008-10-01,8150.0,8207.0,8113.0,8175.0,297.0
2008-10-02,8120.0,8179.0,7944.0,8006.0,877.0
2008-10-06,7826.0,7826.0,7511.0,7646.0,1425.0
2008-10-07,7179.0,7684.0,7179.0,7656.0,15985.0
2008-10-08,7508.0,7508.0,7106.0,7113.0,1841.0
2008-10-09,7042.0,7291.0,6904.0,7054.0,1669.0
2008-10-10,7275.0,7275.0,6540.0,6770.0,1539.0
2008-10-13,7272.0,7272.0,6990.0,7201.0,807.0
2008-10-14,7808.0,7845.0,7593.0,7855.0,1267.0
2008-10-15,7657.0,7816.0,7657.0,7715.0,75904.0
2008-10-16,7473.0,7473.0,7096.0,7103.0,1028.0
2008-10-17,7059.0,7137.0,6820.0,6906.0,2661.0
2008-10-20,6885.0,7091.0,6800.0,7098.0,2565.0
2008-10-21,7274.0,7274.0,6904.0,6960.0,313.0
2008-10-22,6930.0,6995.0,6337.0,6549.0,1969.0
2008-10-23,6534.0,6534.0,5909.0,6056.0,1031.0
2008-10-24,6047.0,6047.0,5246.0,5318.0,6851.0
2008-10-27,5303.0,5438.0,5035.0,5179.0,14177.0
2008-10-28,4885.0,5634.0,4885.0,5639.0,481.0
2008-10-29,5847.0,6098.0,5337.0,5607.0,2727.0
2008-10-30,5798.0,6250.0,5798.0,6175.0,3763.0
2008-10-31,6166.0,6582.0,6158.0,6441.0,4214.0
2008-11-03,6629.0,6695.0,6539.0,6700.0,2142.0
2008-11-04,6625.0,6811.0,6558.0,6787.0,934.0
2008-11-05,6946.0,7179.0,6704.0,6787.0,1406.0
2008-11-06,6352.0,6630.0,6345.0,6351.0,2459.0
2008-11-07,6175.0,6573.0,6170.0,6582.0,515.0
2008-11-10,6768.0,6831.0,6639.0,6645.0,1833.0
2008-11-11,6434.0,6489.0,6306.0,6313.0,530877.0
2008-11-12,6167.0,6501.0,6167.0,6509.0,3308.0
2008-11-13,6148.0,6319.0,6101.0,6285.0,763.0
2008-11-14,6535.0,6611.0,6335.0,6397.0,21030.0
2008-11-17,6289.0,6289.0,6068.0,6080.0,378536.0
2008-11-18,6028.0,6046.0,5881.0,5890.0,1811.0
2008-11-19,5920.0,5920.0,5667.0,5795.0,1110.0
2008-11-20,5011.0,5453.0,5011.0,5341.0,334652.0
2008-11-21,5090.0,5616.0,5090.0,5621.0,953.0
2008-11-24,5605.0,5651.0,5431.0,5438.0,384.0
2008-11-25,5655.0,5725.0,5430.0,5499.0,471.0
2008-11-26,5503.0,5731.0,5503.0,5689.0,42778.0
2008-11-27,5808.0,5926.0,5808.0,5900.0,224.0
2008-11-28,5894.0,6766.0,5894.0,5908.0,7251.0
2008-12-01,5901.0,6029.0,5901.0,5986.0,22.0
2008-12-02,5558.0,5745.0,5558.0,5752.0,311.0
2008-12-03,5768.0,5768.0,5643.0,5649.0,309.0
2008-12-04,5656.0,5673.0,5513.0,5523.0,315.0
2008-12-05,5548.0,5567.0,5476.0,5513.0,182.0
2008-12-08,5667.0,5798.0,5609.0,5800.0,1328.0
2008-12-09,5897.0,5944.0,5747.0,5805.0,1478.0
2008-12-10,5789.0,5921.0,5789.0,5927.0,3868.0
2008-12-11,5918.0,6010.0,5895.0,5965.0,2101.0
2008-12-12,6018.0,6018.0,5661.0,5728.0,1340.0
2008-12-15,5866.0,6353.0,5813.0,5871.0,5503.0
2008-12-16,5799.0,5881.0,5777.0,5890.0,1918.0
2008-12-17,6074.0,6120.0,5847.0,5852.0,4971.0
2008-12-18,5846.0,6047.0,5846.0,6056.0,4711.0
2008-12-19,6166.0,6219.0,6102.0,6162.0,7420.0
2008-12-22,6250.0,6351.0,6185.0,6219.0,2161.0
2008-12-23,6186.0,6186.0,5952.0,5960.0,1682.0
2008-12-24,5982.0,5982.0,5800.0,5871.0,1513.0
2008-12-26,5864.0,5893.0,5813.0,5820.0,1265.0
2008-12-29,5812.0,5847.0,5660.0,5852.0,1514.0
2008-12-30,5886.0,5964.0,5886.0,5895.0,1824.0
2009-01-02,6025.0,6090.0,5873.0,6098.0,120.0
2009-01-05,6089.0,6402.0,6089.0,6254.0,3924.0
2009-01-06,6247.0,6534.0,5848.0,6451.0,2413.0
2009-01-07,6449.0,6629.0,6449.0,6610.0,3826.0
2009-01-08,6356.0,6660.0,6356.0,6535.0,4527.0
2009-01-09,6380.0,6567.0,6380.0,6480.0,14511.0
2009-01-12,6140.0,6393.0,6140.0,6322.0,436.0
2009-01-13,6167.0,6461.0,6167.0,6405.0,4859.0
2009-01-14,6397.0,6534.0,6397.0,6545.0,1468.0
2009-01-15,6533.0,6533.0,6175.0,6184.0,1309.0
2009-01-16,6261.0,6352.0,6261.0,6351.0,52.0
2009-01-19,6536.0,6696.0,6536.0,6627.0,4605.0
2009-01-20,6444.0,6444.0,6353.0,6389.0,674.0
2009-01-21,6657.0,6657.0,6164.0,6332.0,381.0
2009-01-22,6380.0,6380.0,6354.0,6361.0,836.0
2009-01-23,6354.0,6362.0,6168.0,6361.0,286.0
2009-01-28,6719.0,6719.0,6504.0,6545.0,7622.0
2009-01-29,6533.0,6718.0,6529.0,6563.0,2962.0
2009-01-30,6444.0,6649.0,6444.0,6655.0,1786.0
2009-02-02,6648.0,6859.0,6648.0,6676.0,2268.0
2009-02-03,6668.0,6903.0,6668.0,6906.0,1814.0
2009-02-04,6951.0,7179.0,6951.0,7182.0,2296.0
2009-02-05,7169.0,7296.0,7028.0,7050.0,57896.0
2009-02-06,7319.0,7365.0,7265.0,7299.0,2064.0
2009-02-09,7369.0,7457.0,7178.0,7191.0,3422.0
2009-02-10,7178.0,7292.0,6996.0,7294.0,10229.0
2009-02-11,7367.0,7367.0,7090.0,7255.0,2765.0
2009-02-12,7234.0,7248.0,7004.0,7088.0,671.0
2009-02-13,6913.0,7917.0,6913.0,7289.0,3765.0
2009-02-16,7303.0,7462.0,7072.0,7307.0,13726.0
2009-02-17,7274.0,7770.0,7072.0,7078.0,56090.0
2009-02-18,7070.0,7178.0,6962.0,7191.0,2668.0
2009-02-19,7178.0,7414.0,7178.0,7201.0,2870.0
2009-02-20,7274.0,7410.0,7178.0,7280.0,2892.0
2009-02-23,6911.0,7349.0,6842.0,7098.0,3102.0
2009-02-24,7051.0,7051.0,6812.0,6895.0,4352.0
2009-02-25,7127.0,7127.0,6906.0,6973.0,215101.0
2009-02-26,7170.0,7170.0,6754.0,6871.0,2113.0
2009-02-27,6919.0,7067.0,6919.0,7073.0,722.0
2009-03-02,6900.0,6900.0,6749.0,6876.0,5837.0
2009-03-03,6777.0,6880.0,6620.0,6886.0,2203.0
2009-03-04,6905.0,7165.0,6905.0,7135.0,1689.0
2009-03-05,7178.0,7431.0,7178.0,7433.0,2411.0
2009-03-06,7427.0,7628.0,7275.0,7504.0,56581.0
2009-03-09,7496.0,7781.0,7496.0,7789.0,121352.0
2009-03-10,7824.0,7824.0,7490.0,7567.0,11265.0
2009-03-11,7760.0,7760.0,7635.0,7753.0,2387.0
2009-03-12,7744.0,7913.0,7744.0,7846.0,3648.0
2009-03-13,7839.0,7971.0,7829.0,7846.0,7692.0
2009-03-16,7877.0,7994.0,7721.0,7780.0,3481.0
2009-03-17,7838.0,7918.0,7802.0,7928.0,5678.0
2009-03-18,8103.0,8103.0,7926.0,8059.0,8990.0
2009-03-19,8138.0,8143.0,8024.0,8029.0,1146.0
2009-03-20,8086.0,8137.0,8032.0,8097.0,3431.0
2009-03-23,8110.0,8243.0,8110.0,8251.0,7070.0
2009-03-24,8657.0,8657.0,8263.0,8333.0,1646.0
2009-03-25,8322.0,8322.0,8208.0,8315.0,3756.0
2009-03-26,8305.0,8772.0,8305.0,8753.0,181440.0
2009-03-27,9064.0,9211.0,8792.0,8800.0,80846.0
2009-03-30,8788.0,8975.0,8717.0,8817.0,6252.0
2009-03-31,8807.0,9025.0,8803.0,8969.0,29874.0
2009-04-01,8966.0,9072.0,8925.0,9015.0,16131.0
2009-04-02,9035.0,9255.0,9030.0,9208.0,3945.0
2009-04-03,10547.0,10579.0,9046.0,9080.0,9854.0
2009-04-06,9201.0,9440.0,9201.0,9364.0,7026.0
2009-04-07,9359.0,9374.0,9247.0,9364.0,2091.0
2009-04-08,9504.0,9514.0,9071.0,9124.0,15379.0
2009-04-09,9119.0,9414.0,9119.0,9420.0,15859.0
2009-04-10,9486.0,10818.0,9457.0,9753.0,4597.0
2009-04-13,9743.0,10001.0,9743.0,10001.0,9221.0
2009-04-14,10129.0,10129.0,9753.0,9983.0,13258.0
2009-04-15,9948.0,10094.0,9671.0,9891.0,16755.0
2009-04-16,10039.0,10222.0,9864.0,9903.0,6086.0
2009-04-17,10915.0,10915.0,9772.0,9969.0,10692.0
2009-04-20,9984.0,10131.0,9896.0,10024.0,6569.0
2009-04-21,9994.0,10179.0,9901.0,10177.0,4565.0
2009-04-22,10186.0,10613.0,10182.0,10615.0,12338.0
2009-04-23,10637.0,10764.0,10557.0,10565.0,10657.0
2009-04-24,10557.0,10629.0,10136.0,10206.0,12310.0
2009-04-27,10228.0,10270.0,9950.0,10057.0,10363.0
2009-04-28,10034.0,10039.0,9486.0,9634.0,6525.0
2009-04-29,9429.0,9917.0,9429.0,9903.0,3743.0
2009-04-30,9894.0,10125.0,9877.0,9992.0,7351.0
2009-05-04,10131.0,10131.0,10004.0,10047.0,4800.0
2009-05-06,10064.0,10165.0,9974.0,10052.0,8889.0
2009-05-07,10051.0,10170.0,9802.0,9844.0,62888.0
2009-05-08,9978.0,9978.0,9757.0,9898.0,3992.0
2009-05-11,10038.0,10038.0,9855.0,9992.0,4790.0
2009-05-12,9765.0,10077.0,9765.0,10072.0,8268.0
2009-05-13,10042.0,10136.0,10027.0,10057.0,3919.0
2009-05-14,9910.0,10059.0,9896.0,9956.0,2576.0
2009-05-15,10098.0,10267.0,10019.0,10115.0,6044.0
2009-05-18,10245.0,10264.0,10076.0,10140.0,4285.0
2009-05-19,10319.0,10497.0,10281.0,10463.0,10366.0
2009-05-20,10458.0,10733.0,10453.0,10643.0,5633.0
2009-05-21,10633.0,10656.0,10411.0,10494.0,1917.0
2009-05-22,10438.0,10722.0,10411.0,10509.0,1958.0
2009-05-25,10792.0,10792.0,9914.0,10528.0,1858.0
2009-05-26,10329.0,10590.0,10272.0,10421.0,4190.0
2009-05-27,10416.0,10557.0,10171.0,10177.0,1777.0
2009-05-28,10161.0,10317.0,9821.0,10306.0,3167.0
2009-05-29,10353.0,10362.0,10175.0,10306.0,1622.0
2009-06-01,10299.0,10457.0,10299.0,10463.0,3433.0
2009-06-02,10505.0,10614.0,10382.0,10389.0,2087.0
2009-06-03,10410.0,10541.0,10280.0,10389.0,638840.0
2009-06-04,10363.0,10412.0,10133.0,10174.0,3107.0
2009-06-05,10264.0,10348.0,10083.0,10356.0,2118.0
2009-06-08,10346.0,10346.0,10163.0,10258.0,269650.0
2009-06-09,10286.0,10296.0,9890.0,9913.0,3938.0
2009-06-10,10317.0,10317.0,9887.0,10028.0,2889.0
2009-06-11,10026.0,10156.0,10008.0,10095.0,1756.0
2009-06-12,10045.0,10131.0,9975.0,10140.0,3693.0
2009-06-15,10131.0,10141.0,9976.0,10024.0,1959.0
2009-06-16,9997.0,10134.0,9997.0,10112.0,12270.0
2009-06-17,10065.0,10190.0,10012.0,10191.0,5324.0
2009-06-18,10186.0,10201.0,9982.0,10020.0,2100.0
2009-06-19,10042.0,10123.0,10022.0,10062.0,448.0
2009-06-22,10225.0,10327.0,10157.0,10306.0,5477.0
2009-06-23,10224.0,10224.0,10042.0,10052.0,6846.0
2009-06-24,10116.0,10116.0,9860.0,10037.0,1369.0
2009-06-25,10030.0,10286.0,10030.0,10282.0,2772.0
2009-06-26,10377.0,10420.0,10332.0,10385.0,6122.0
2009-06-29,10415.0,10496.0,10270.0,10325.0,2592.0
2009-06-30,10375.0,10380.0,10122.0,10214.0,3844.0
2009-07-01,10078.0,10169.0,10078.0,10159.0,982.0
2009-07-02,10156.0,10242.0,10128.0,10206.0,1301.0
2009-07-03,10082.0,10309.0,10082.0,10316.0,3489.0
2009-07-06,10412.0,10713.0,10412.0,10702.0,7747.0
2009-07-07,10793.0,10928.0,10788.0,10886.0,7385.0
2009-07-08,10824.0,10963.0,10769.0,10961.0,7234.0
2009-07-09,10994.0,11009.0,10898.0,10942.0,7656.0
2009-07-10,10915.0,10963.0,10712.0,10780.0,3145.0
2009-07-13,10774.0,10774.0,10308.0,10320.0,4632.0
2009-07-14,10349.0,10500.0,10237.0,10375.0,3172.0
2009-07-15,10500.0,10684.0,10500.0,10680.0,2935.0
2009-07-16,10869.0,11145.0,10735.0,10766.0,3314.0
2009-07-17,10758.0,10895.0,10758.0,10876.0,10635.0
2009-07-20,11032.0,11218.0,11013.0,11214.0,5110.0
2009-07-21,11331.0,11343.0,11063.0,11150.0,7805.0
2009-07-22,11146.0,11146.0,10988.0,11154.0,4943.0
2009-07-23,11027.0,11182.0,11027.0,11108.0,4177.0
2009-07-24,11099.0,11236.0,11099.0,11154.0,1928.0
2009-07-27,11267.0,11439.0,11221.0,11446.0,9055.0
2009-07-28,11440.0,11440.0,11312.0,11388.0,6183.0
2009-07-29,11352.0,11459.0,11321.0,11377.0,8633.0
2009-07-30,11470.0,11470.0,11252.0,11412.0,4104.0
2009-07-31,11497.0,11520.0,11313.0,11320.0,7914.0
2009-08-03,11408.0,11408.0,11260.0,11385.0,2522.0
2009-08-04,11446.0,11534.0,11299.0,11340.0,7438.0
2009-08-05,11289.0,11413.0,11237.0,11289.0,3159.0
2009-08-06,11201.0,11274.0,11101.0,11191.0,7592.0
2009-08-07,11197.0,11318.0,11197.0,11325.0,4428.0
2009-08-10,11402.0,11402.0,11259.0,11269.0,3150.0
2009-08-11,11257.0,11420.0,11247.0,11426.0,3765.0
2009-08-12,11424.0,11694.0,11395.0,11694.0,6741.0
2009-08-13,12163.0,12163.0,11737.0,12079.0,9329.0
2009-08-14,12174.0,12300.0,12065.0,12202.0,4892.0
2009-08-17,12166.0,12182.0,11790.0,11910.0,5904.0
2009-08-18,11714.0,12039.0,11714.0,11985.0,10708.0
2009-08-19,12081.0,12361.0,12081.0,12257.0,16234.0
2009-08-20,12322.0,12487.0,12119.0,12464.0,10473.0
2009-08-21,12482.0,12506.0,12326.0,12477.0,16166.0
2009-08-24,12687.0,12920.0,12687.0,12930.0,12115.0
2009-08-25,12874.0,13085.0,12822.0,12993.0,11736.0
2009-08-26,12989.0,13148.0,12934.0,12948.0,18171.0
2009-08-27,12935.0,12935.0,12730.0,12762.0,13252.0
2009-08-28,12805.0,13057.0,12805.0,13049.0,23309.0
2009-08-31,13175.0,13175.0,12943.0,13104.0,15368.0
2009-09-01,13096.0,13416.0,12947.0,13418.0,23894.0
2009-09-02,13131.0,13600.0,13131.0,13521.0,24684.0
2009-09-03,13529.0,13533.0,13242.0,13335.0,19276.0
2009-09-04,13415.0,13423.0,12961.0,13063.0,27300.0
2009-09-07,13082.0,13294.0,13032.0,13245.0,8249.0
2009-09-08,13242.0,13511.0,13242.0,13380.0,12749.0
2009-09-09,13570.0,13589.0,13314.0,13389.0,13702.0
2009-09-10,13452.0,13608.0,13452.0,13543.0,3948.0
2009-09-11,13590.0,13708.0,13566.0,13590.0,8767.0
2009-09-14,13584.0,13608.0,13258.0,13275.0,10415.0
2009-09-15,13276.0,13613.0,13276.0,13548.0,10661.0
2009-09-16,13653.0,13818.0,13653.0,13733.0,5664.0
2009-09-17,13872.0,13925.0,13673.0,13767.0,12091.0
2009-09-18,13824.0,13834.0,13589.0,13644.0,12656.0
2009-09-21,13671.0,13914.0,13622.0,13845.0,12619.0
2009-09-22,13887.0,14184.0,13887.0,14128.0,8046.0
2009-09-23,14087.0,14252.0,14041.0,14177.0,6211.0
2009-09-24,14092.0,14092.0,13727.0,13920.0,14462.0
2009-09-25,13903.0,13903.0,13352.0,13723.0,19954.0
2009-09-28,13675.0,13774.0,13635.0,13737.0,6089.0
2009-09-29,13866.0,13938.0,13672.0,13745.0,14501.0
2009-09-30,13636.0,13849.0,13571.0,13580.0,11768.0
2009-10-01,13647.0,13706.0,13195.0,13320.0,8815.0
2009-10-05,13001.0,13153.0,12834.0,12894.0,7376.0
2009-10-06,13114.0,13129.0,12906.0,12940.0,11307.0
2009-10-07,13076.0,13156.0,12427.0,12500.0,8507.0
2009-10-08,12520.0,12769.0,12436.0,12758.0,8713.0
2009-10-09,12898.0,13144.0,12898.0,13137.0,4023.0
2009-10-12,13353.0,13391.0,13247.0,13380.0,6941.0
2009-10-13,13422.0,13618.0,13319.0,13525.0,3410.0
2009-10-14,13729.0,13749.0,13651.0,13708.0,1979.0
2009-10-15,13907.0,13912.0,13552.0,13683.0,8917.0
2009-10-16,13644.0,13657.0,13240.0,13279.0,12300.0
2009-10-19,13172.0,13420.0,13082.0,13404.0,3706.0
2009-10-20,13496.0,13543.0,13327.0,13380.0,2532.0
2009-10-21,13348.0,13470.0,13202.0,13298.0,4647.0
2009-10-22,13246.0,13292.0,13018.0,13067.0,39851.0
2009-10-23,13134.0,13294.0,13119.0,13245.0,3712.0
2009-10-26,13230.0,13382.0,13206.0,13250.0,8098.0
2009-10-27,13313.0,13313.0,13023.0,13245.0,12830.0
2009-10-28,13241.0,13241.0,12807.0,12875.0,16149.0
2009-10-29,12563.0,12826.0,12362.0,12823.0,27936.0
2009-10-30,13031.0,13031.0,12807.0,12814.0,21549.0
2009-11-02,12421.0,12727.0,12421.0,12596.0,10005.0
2009-11-03,12590.0,12761.0,12590.0,12661.0,268876.0
2009-11-04,12701.0,12877.0,12618.0,12884.0,3414.0
2009-11-05,12877.0,12877.0,12668.0,12680.0,2256.0
2009-11-06,12943.0,12943.0,12771.0,12800.0,2472.0
2009-11-09,12929.0,13123.0,12901.0,13109.0,27594.0
2009-11-10,13234.0,13256.0,13009.0,13024.0,4251.0
2009-11-11,13062.0,13193.0,12956.0,13197.0,3803.0
2009-11-12,13248.0,13383.0,13189.0,13227.0,8305.0
2009-11-13,13064.0,13105.0,12811.0,12851.0,5918.0
2009-11-16,12901.0,12990.0,12761.0,12998.0,3346.0
2009-11-17,12966.0,13015.0,12734.0,12748.0,5575.0
2009-11-18,12828.0,12920.0,12774.0,12930.0,10735.0
2009-11-19,12944.0,13232.0,12944.0,13237.0,10157.0
2009-11-20,13101.0,13276.0,13101.0,13222.0,5614.0
2009-11-23,13274.0,13274.0,13133.0,13192.0,3334.0
2009-11-24,13240.0,13266.0,12929.0,12976.0,6202.0
2009-11-25,12895.0,13019.0,12895.0,13024.0,3483.0
2009-11-26,13046.0,13137.0,13019.0,13063.0,2448.0
2009-11-27,12765.0,12883.0,12497.0,12530.0,13817.0
2009-11-30,12682.0,12800.0,12663.0,12717.0,6071.0
2009-12-01,12688.0,12806.0,12550.0,12780.0,2572.0
2009-12-02,12902.0,13192.0,12893.0,13188.0,28032.0
2009-12-03,13252.0,13334.0,13175.0,13335.0,12942.0
2009-12-04,13304.0,13442.0,13280.0,13445.0,9441.0
2009-12-07,13555.0,13657.0,13555.0,13570.0,8171.0
2009-12-08,13588.0,13635.0,13420.0,13452.0,7279.0
2009-12-09,13291.0,13535.0,13291.0,13534.0,9875.0
2009-12-10,13581.0,13727.0,13526.0,13658.0,9490.0
2009-12-11,13703.0,13795.0,13661.0,13737.0,10359.0
2009-12-14,13788.0,13788.0,13545.0,13644.0,5532.0
2009-12-15,13648.0,13648.0,13521.0,13570.0,5139.0
2009-12-16,13539.0,13665.0,13446.0,13662.0,7497.0
2009-12-17,13791.0,13791.0,13580.0,13625.0,3234.0
2009-12-18,13450.0,13812.0,13450.0,13808.0,4602.0
2009-12-21,13870.0,13961.0,13828.0,13971.0,4706.0
2009-12-22,14075.0,14093.0,13768.0,13875.0,45052.0
2009-12-23,13933.0,13986.0,13850.0,13855.0,2753.0
2009-12-24,13929.0,14027.0,13929.0,14027.0,8210.0
2009-12-28,13976.0,14023.0,13840.0,13879.0,20936.0
2009-12-29,13942.0,14031.0,13889.0,13948.0,11056.0
2009-12-30,13986.0,14247.0,13986.0,14251.0,5092.0
2010-01-04,14313.0,14613.0,14313.0,14621.0,8141.0
2010-01-05,14764.0,14795.0,14498.0,14593.0,23081.0
2010-01-06,14698.0,14834.0,14606.0,14840.0,18343.0
2010-01-07,14937.0,14992.0,14651.0,14751.0,11347.0
2010-01-08,14780.0,14780.0,14259.0,14636.0,12599.0
2010-01-11,14626.0,14649.0,14407.0,14427.0,2727.0
2010-01-12,14407.0,14407.0,14193.0,14294.0,4400.0
2010-01-13,14186.0,14418.0,14186.0,14336.0,8326.0
2010-01-14,14478.0,14691.0,14403.0,14636.0,7799.0
2010-01-15,14697.0,14783.0,14584.0,14593.0,5849.0
2010-01-18,14585.0,14668.0,14532.0,14651.0,4313.0
2010-01-19,14697.0,14710.0,14401.0,14471.0,14977.0
2010-01-20,14575.0,14575.0,14291.0,14299.0,8487.0
2010-01-21,14276.0,14616.0,14201.0,14556.0,7961.0
2010-01-22,14448.0,14559.0,14285.0,14468.0,9727.0
2010-01-25,14298.0,14602.0,14285.0,14422.0,5516.0
2010-01-26,14504.0,14504.0,13868.0,13911.0,6194.0
2010-01-27,13819.0,13915.0,13576.0,13585.0,9478.0
2010-01-28,13722.0,13796.0,13497.0,13750.0,10890.0
2010-01-29,13470.0,13470.0,13207.0,13240.0,8523.0
2010-02-01,13133.0,13215.0,12901.0,13201.0,5689.0
2010-02-02,13432.0,13432.0,12956.0,13034.0,6588.0
2010-02-03,13152.0,13152.0,12957.0,13021.0,3487.0
2010-02-04,12923.0,13061.0,12923.0,13024.0,4592.0
2010-02-05,12368.0,12832.0,12368.0,12534.0,7898.0
2010-02-08,12571.0,12632.0,12410.0,12437.0,9954.0
2010-02-09,12379.0,12811.0,12379.0,12766.0,6926.0
2010-02-10,12991.0,12991.0,12730.0,12762.0,9517.0
2010-02-11,12743.0,12815.0,12654.0,12790.0,3359.0
2010-02-12,12778.0,12778.0,12627.0,12722.0,5808.0
2010-02-16,12920.0,12920.0,12655.0,12762.0,4881.0
2010-02-17,12904.0,13062.0,12895.0,13071.0,9558.0
2010-02-18,13134.0,13161.0,13011.0,13017.0,2514.0
2010-02-19,13222.0,13222.0,12807.0,12814.0,3674.0
2010-02-22,12975.0,13283.0,12975.0,13063.0,1649.0
2010-02-23,13036.0,13080.0,12924.0,13080.0,2486.0
2010-02-24,13075.0,13075.0,12933.0,12952.0,1261.0
2010-02-25,13010.0,13010.0,12695.0,12744.0,3596.0
2010-02-26,12758.0,13434.0,12618.0,12810.0,10986.0
2010-03-02,12943.0,13081.0,12910.0,12981.0,1897.0
2010-03-03,12939.0,13221.0,12939.0,13178.0,4564.0
2010-03-04,13261.0,13279.0,13172.0,13178.0,1070.0
2010-03-05,13260.0,13312.0,13246.0,13315.0,8018.0
2010-03-08,13580.0,13580.0,13457.0,13538.0,3891.0
2010-03-09,13538.0,13559.0,13388.0,13467.0,2449.0
2010-03-10,13411.0,13546.0,13411.0,13552.0,2356.0
2010-03-11,13641.0,13641.0,13618.0,13644.0,2402.0
2010-03-12,13680.0,13680.0,13526.0,13644.0,2380.0
2010-03-15,13636.0,13712.0,13485.0,13570.0,1811.0
2010-03-16,13637.0,13661.0,13398.0,13654.0,3895.0
2010-03-17,13667.0,13928.0,13667.0,13920.0,3121.0
2010-03-18,13895.0,14105.0,13895.0,14050.0,6161.0
2010-03-19,14057.0,14140.0,14007.0,14123.0,6310.0
2010-03-22,14129.0,14217.0,14073.0,14223.0,10079.0
2010-03-23,14301.0,14391.0,14279.0,14326.0,8506.0
2010-03-24,14463.0,14506.0,14416.0,14463.0,13145.0
2010-03-25,14387.0,14478.0,14325.0,14458.0,3726.0
2010-03-26,14517.0,14517.0,14419.0,14495.0,4249.0
2010-03-29,14363.0,14593.0,14363.0,14561.0,12169.0
2010-03-30,14644.0,14703.0,14561.0,14570.0,7986.0
2010-03-31,14694.0,14806.0,14631.0,14669.0,14943.0
2010-04-01,14918.0,15167.0,14726.0,15174.0,20844.0
2010-04-02,15294.0,15441.0,15138.0,15336.0,43424.0
2010-04-05,15461.0,15526.0,15180.0,15524.0,10367.0
2010-04-06,15655.0,15655.0,15339.0,15477.0,11099.0
2010-04-07,15443.0,15443.0,15190.0,15257.0,7566.0
2010-04-08,15194.0,15434.0,15194.0,15443.0,7642.0
2010-04-09,15591.0,15605.0,15233.0,15519.0,6434.0
2010-04-12,15512.0,15527.0,15008.0,15014.0,12130.0
2010-04-13,15006.0,15194.0,14881.0,15202.0,8485.0
2010-04-14,15196.0,15360.0,15182.0,15277.0,3479.0
2010-04-15,15429.0,15429.0,15008.0,15272.0,12763.0
2010-04-16,15178.0,15178.0,15026.0,15087.0,5095.0
2010-04-19,14818.0,15078.0,14721.0,14733.0,7767.0
2010-04-20,14772.0,14912.0,14772.0,14915.0,2794.0
2010-04-21,15091.0,15427.0,15078.0,15378.0,9640.0
2010-04-22,15428.0,15428.0,15224.0,15386.0,4950.0
2010-04-23,15378.0,15478.0,15295.0,15355.0,5764.0
2010-04-26,15446.0,15476.0,15368.0,15464.0,4216.0
2010-04-27,15428.0,15460.0,15223.0,15293.0,6566.0
2010-04-28,14973.0,15285.0,14954.0,15288.0,9483.0
2010-04-29,15446.0,15653.0,15283.0,15658.0,5890.0
2010-04-30,15773.0,15985.0,15773.0,15923.0,7560.0
2010-05-03,15877.0,15896.0,15504.0,15658.0,8425.0
2010-05-04,15771.0,15771.0,15433.0,15557.0,7863.0
2010-05-06,15111.0,15273.0,15060.0,15169.0,5840.0
2010-05-07,14644.0,15162.0,14644.0,14993.0,13820.0
2010-05-10,15154.0,15495.0,15149.0,15434.0,5799.0
2010-05-11,15697.0,15697.0,15411.0,15488.0,4758.0
2010-05-12,15549.0,15569.0,15327.0,15525.0,2402.0
2010-05-13,15701.0,16087.0,15701.0,16093.0,12710.0
2010-05-14,16040.0,16404.0,16018.0,16309.0,16499.0
2010-05-17,16242.0,16355.0,16060.0,16146.0,12536.0
2010-05-18,16266.0,16309.0,15335.0,15474.0,18951.0
2010-05-19,15407.0,15628.0,15028.0,15622.0,14315.0
2010-05-20,15408.0,15605.0,14692.0,14826.0,16146.0
2010-05-24,14711.0,14987.0,14664.0,14910.0,14496.0
2010-05-25,14688.0,14904.0,13986.0,14470.0,277236.0
2010-05-26,14667.0,15096.0,14544.0,14983.0,7472.0
2010-05-27,14923.0,15476.0,14923.0,15406.0,226076.0
2010-05-28,15643.0,15684.0,15398.0,15498.0,12479.0
2010-05-31,15521.0,15567.0,15428.0,15465.0,4591.0
2010-06-01,15458.0,15533.0,15168.0,15286.0,3651.0
2010-06-03,15447.0,15570.0,15362.0,15439.0,5781.0
2010-06-04,15446.0,15705.0,15415.0,15705.0,7898.0
2010-06-07,15148.0,15578.0,15148.0,15579.0,5640.0
2010-06-08,15522.0,15798.0,15517.0,15557.0,5374.0
2010-06-09,15681.0,15681.0,15239.0,15277.0,4995.0
2010-06-10,15419.0,15465.0,15279.0,15373.0,2291.0
2010-06-11,15685.0,15703.0,15399.0,15430.0,2526.0
2010-06-14,15512.0,15568.0,15444.0,15456.0,214537.0
2010-06-15,15597.0,15734.0,15577.0,15715.0,217848.0
2010-06-16,16134.0,16134.0,15707.0,16076.0,7230.0
2010-06-17,16151.0,16290.0,16151.0,16230.0,4926.0
2010-06-18,16399.0,16408.0,16305.0,16371.0,2807.0
2010-06-21,16551.0,16551.0,16267.0,16380.0,5405.0
2010-06-22,16308.0,16308.0,16008.0,16084.0,7928.0
2010-06-23,15985.0,16143.0,15958.0,16014.0,4060.0
2010-06-24,16135.0,16243.0,16033.0,16213.0,2845.0
2010-06-25,16074.0,16206.0,16069.0,16093.0,5675.0
2010-06-28,16134.0,16178.0,16091.0,16141.0,4281.0
2010-06-29,16217.0,16311.0,15770.0,15775.0,5970.0
2010-06-30,15315.0,15705.0,15315.0,15697.0,11897.0
2010-07-01,15737.0,15795.0,15467.0,15775.0,3358.0
2010-07-02,15680.0,15782.0,15325.0,15391.0,18154.0
2010-07-05,15456.0,15456.0,15245.0,15331.0,2239.0
2010-07-06,15331.0,15568.0,15078.0,15566.0,163795.0
2010-07-07,15664.0,15706.0,15425.0,15498.0,3852.0
2010-07-08,15749.0,15799.0,15607.0,15612.0,3825.0
2010-07-09,15777.0,15892.0,15607.0,15849.0,7117.0
2010-07-12,15912.0,16052.0,15898.0,16057.0,3075.0
2010-07-13,16054.0,16133.0,15939.0,15956.0,8723.0
2010-07-14,16182.0,16325.0,16182.0,16314.0,22468.0
2010-07-15,16355.0,16406.0,16216.0,16414.0,5492.0
2010-07-16,16354.0,16378.0,16059.0,16093.0,2622.0
2010-07-19,15938.0,16225.0,15928.0,16167.0,2294.0
2010-07-20,16159.0,16159.0,15928.0,16093.0,5489.0
2010-07-21,16309.0,16336.0,16115.0,16205.0,2581.0
2010-07-22,16354.0,16354.0,15429.0,15612.0,7801.0
2010-07-23,15754.0,16032.0,15356.0,15530.0,8907.0
2010-07-26,15523.0,15892.0,15523.0,15826.0,5482.0
2010-07-27,15864.0,15938.0,15711.0,15742.0,6864.0
2010-07-28,15749.0,15814.0,15555.0,15637.0,10492.0
2010-07-29,15628.0,15633.0,15170.0,15202.0,22903.0
2010-07-30,15195.0,15431.0,15087.0,15439.0,4506.0
2010-08-02,15283.0,15488.0,15283.0,15483.0,3341.0
2010-08-03,15577.0,15677.0,15521.0,15592.0,6002.0
2010-08-04,15644.0,15644.0,15245.0,15378.0,4666.0
2010-08-05,15456.0,15615.0,15059.0,15331.0,5866.0
2010-08-06,15219.0,15297.0,15041.0,15302.0,1881.0
2010-08-09,15419.0,15419.0,15154.0,15243.0,2060.0
2010-08-10,15385.0,15385.0,15274.0,15317.0,1719.0
2010-08-11,15313.0,15313.0,14757.0,14779.0,219812.0
2010-08-12,14644.0,14710.0,14410.0,14614.0,4766.0
2010-08-13,14630.0,14988.0,14630.0,14993.0,8667.0
2010-08-16,14987.0,15040.0,14783.0,15039.0,4304.0
2010-08-17,15016.0,15036.0,14868.0,15025.0,3995.0
2010-08-18,15065.0,15087.0,14902.0,15003.0,2610.0
2010-08-19,15116.0,15217.0,15101.0,15215.0,4799.0
2010-08-20,15208.0,15291.0,14397.0,15108.0,8110.0
2010-08-23,15101.0,15273.0,14978.0,14983.0,3944.0
2010-08-24,15145.0,15145.0,14801.0,15016.0,2423.0
2010-08-25,14996.0,14996.0,14760.0,14835.0,2731.0
2010-08-26,14844.0,14940.0,14732.0,14764.0,5896.0
2010-08-27,14754.0,14769.0,14606.0,14698.0,107718.0
2010-08-30,15060.0,15060.0,14765.0,14809.0,5930.0
2010-08-31,14874.0,14874.0,14300.0,14308.0,7228.0
2010-09-01,14460.0,14496.0,14301.0,14381.0,215783.0
2010-09-02,14617.0,14752.0,14526.0,14759.0,221578.0
2010-09-03,14783.0,14983.0,14783.0,14988.0,5086.0
2010-09-06,15106.0,15279.0,14877.0,14882.0,13469.0
2010-09-07,15154.0,15205.0,15062.0,15136.0,8032.0
2010-09-08,15279.0,15279.0,14844.0,14882.0,11139.0
2010-09-09,14987.0,15015.0,14703.0,14910.0,33404.0
2010-09-10,14932.0,14959.0,14784.0,14914.0,3192.0
2010-09-13,14968.0,14968.0,14785.0,14801.0,6560.0
2010-09-14,14734.0,15006.0,14699.0,14708.0,12036.0
2010-09-15,14823.0,14823.0,14461.0,14728.0,79719.0
2010-09-16,14714.0,14782.0,14654.0,14708.0,6572.0
2010-09-17,14779.0,15102.0,14754.0,15108.0,13685.0
2010-09-20,15105.0,15244.0,14967.0,15086.0,6702.0
2010-09-24,15280.0,15280.0,14686.0,14801.0,9412.0
2010-09-27,14996.0,15059.0,14808.0,14941.0,17558.0
2010-09-28,14941.0,15009.0,14835.0,15013.0,4735.0
2010-09-29,14949.0,15170.0,14949.0,15160.0,13574.0
2010-09-30,14932.0,15263.0,14932.0,15108.0,7317.0
2010-10-01,15018.0,15217.0,15018.0,15197.0,21146.0
2010-10-04,15290.0,15318.0,15069.0,15076.0,12819.0
2010-10-05,15154.0,15154.0,14770.0,14910.0,11774.0
2010-10-06,14923.0,15166.0,14923.0,15160.0,8620.0
2010-10-07,15197.0,15197.0,14967.0,14974.0,4820.0
2010-10-08,15016.0,15051.0,14933.0,15030.0,4860.0
2010-10-11,15032.0,15130.0,14707.0,14741.0,57379.0
2010-10-12,14732.0,14858.0,14651.0,14779.0,10085.0
2010-10-13,14994.0,15009.0,14830.0,15013.0,16820.0
2010-10-14,15154.0,15169.0,15069.0,15164.0,4060.0
2010-10-15,15163.0,15220.0,15075.0,15225.0,4969.0
2010-10-18,15301.0,15306.0,15186.0,15225.0,8233.0
2010-10-19,15198.0,15244.0,15060.0,15076.0,19790.0
2010-10-20,15181.0,15407.0,14968.0,15391.0,17286.0
2010-10-21,15495.0,15569.0,15386.0,15530.0,18538.0
2010-10-22,15577.0,15798.0,15521.0,15587.0,7365.0
2010-10-25,15581.0,15596.0,15479.0,15557.0,63310.0
2010-10-26,15593.0,15598.0,15312.0,15369.0,42529.0
2010-10-27,15208.0,15385.0,14997.0,15049.0,31446.0
2010-10-28,14959.0,15125.0,14933.0,15016.0,215466.0
2010-10-29,15041.0,15096.0,14788.0,14868.0,8092.0
2010-11-01,14838.0,14905.0,14711.0,14728.0,165337.0
2010-11-02,14754.0,14818.0,14524.0,14573.0,19129.0
2010-11-03,14525.0,14744.0,14525.0,14670.0,11118.0
2010-11-04,14664.0,14987.0,14664.0,14905.0,17356.0
2010-11-05,15240.0,15331.0,15033.0,15049.0,46254.0
2010-11-08,15190.0,15190.0,15020.0,15025.0,14116.0
2010-11-09,14996.0,15059.0,14881.0,14988.0,5906.0
2010-11-10,15037.0,15047.0,14783.0,15053.0,14431.0
2010-11-11,15060.0,15239.0,15060.0,15233.0,15842.0
2010-11-12,15226.0,15226.0,14571.0,14658.0,22827.0
2010-11-15,14654.0,15086.0,14654.0,14983.0,16445.0
2010-11-16,15140.0,15140.0,14850.0,15136.0,9110.0
2010-11-17,15104.0,15104.0,14773.0,14960.0,5986.0
2010-11-18,15101.0,15106.0,14829.0,15049.0,7002.0
2010-11-19,15088.0,15266.0,15088.0,15272.0,9399.0
2010-11-22,15330.0,15744.0,15263.0,15734.0,31454.0
2010-11-23,16074.0,16074.0,15494.0,15687.0,99230.0
2010-11-24,15144.0,15701.0,15144.0,15662.0,38833.0
2010-11-25,15882.0,15882.0,15545.0,15576.0,8475.0
2010-11-26,15635.0,15686.0,15168.0,15277.0,12062.0
2010-11-29,14993.0,15407.0,14993.0,15298.0,9920.0
2010-11-30,15415.0,15415.0,15009.0,15206.0,10246.0
2010-12-01,15186.0,15200.0,15024.0,15156.0,12639.0
2010-12-02,15200.0,15420.0,15149.0,15420.0,6201.0
2010-12-03,15707.0,15707.0,15337.0,15364.0,57297.0
2010-12-06,15494.0,15494.0,15336.0,15447.0,70968.0
2010-12-07,15439.0,15616.0,15351.0,15508.0,23590.0
2010-12-08,15475.0,15550.0,15285.0,15288.0,7828.0
2010-12-09,15429.0,15643.0,15375.0,15637.0,5219.0
2010-12-10,15657.0,15753.0,15634.0,15715.0,7164.0
2010-12-13,15755.0,15971.0,15755.0,15973.0,6738.0
2010-12-14,15944.0,16104.0,15944.0,16033.0,5700.0
2010-12-15,16031.0,16168.0,15749.0,15812.0,15869.0
2010-12-16,15800.0,15920.0,15758.0,15807.0,4944.0
2010-12-17,15799.0,16032.0,15707.0,15783.0,19633.0
2010-12-20,15799.0,15799.0,15375.0,15566.0,19568.0
2010-12-21,15625.0,15783.0,15625.0,15705.0,6338.0
2010-12-22,15715.0,15799.0,15593.0,15597.0,6388.0
2010-12-23,15596.0,15647.0,15438.0,15465.0,5338.0
2010-12-24,15429.0,15545.0,15356.0,15410.0,6759.0
2010-12-27,15331.0,15419.0,15324.0,15381.0,6296.0
2010-12-28,15410.0,15725.0,15410.0,15622.0,10293.0
2010-12-29,15569.0,15883.0,15569.0,15886.0,8178.0
2010-12-30,15879.0,15994.0,15879.0,15960.0,10260.0
2011-01-03,16013.0,16319.0,15958.0,16324.0,11025.0
2011-01-04,16263.0,16418.0,16263.0,16362.0,23005.0
2011-01-05,16515.0,16515.0,16168.0,16305.0,24861.0
2011-01-06,16271.0,16455.0,16226.0,16376.0,27055.0
2011-01-07,16267.0,16417.0,16267.0,16300.0,10418.0
2011-01-10,16355.0,18286.0,16189.0,16339.0,15000.0
2011-01-11,16394.0,16394.0,16095.0,16149.0,8839.0
2011-01-12,16193.0,16336.0,16193.0,16296.0,8191.0
2011-01-13,16493.0,16538.0,16174.0,16352.0,9741.0
2011-01-14,16366.0,16366.0,16152.0,16367.0,7125.0
2011-01-17,16290.0,16441.0,16143.0,16158.0,7408.0
2011-01-18,16083.0,16511.0,16083.0,16329.0,20781.0
2011-01-19,16466.0,16566.0,16370.0,16548.0,29904.0
2011-01-20,16538.0,16585.0,16484.0,16576.0,74935.0
2011-01-21,16594.0,16607.0,16370.0,16450.0,40909.0
2011-01-24,16586.0,16590.0,16401.0,16511.0,7064.0
2011-01-25,16631.0,16631.0,16432.0,16473.0,19784.0
2011-01-26,16401.0,16633.0,16401.0,16641.0,6709.0
2011-01-27,16631.0,16725.0,16611.0,16725.0,56112.0
2011-01-28,16798.0,17048.0,16798.0,17056.0,38583.0
2011-01-31,17052.0,17123.0,16727.0,16954.0,28611.0
2011-02-01,16897.0,17073.0,16852.0,16897.0,24240.0
2011-02-07,17575.0,17575.0,16817.0,16916.0,17200.0
2011-02-08,16917.0,16917.0,16607.0,16738.0,114428.0
2011-02-09,16798.0,16905.0,16392.0,16492.0,435108.0
2011-02-10,16262.0,16483.0,16164.0,16277.0,64350.0
2011-02-11,16271.0,16396.0,15934.0,15973.0,178564.0
2011-02-14,15975.0,16424.0,15975.0,16432.0,59895.0
2011-02-15,16538.0,16538.0,16263.0,16347.0,60100.0
2011-02-16,16308.0,16417.0,16143.0,16149.0,10087.0
2011-02-17,16169.0,16345.0,16033.0,16038.0,6517.0
2011-02-18,16124.0,16417.0,15984.0,16409.0,12111.0
2011-02-21,16538.0,16538.0,16216.0,16270.0,7413.0
2011-02-22,16003.0,16233.0,13819.0,16084.0,39307.0
2011-02-23,16032.0,16032.0,14044.0,15788.0,5302.0
2011-02-24,15702.0,15711.0,15523.0,15571.0,2750.0
2011-02-25,15457.0,15902.0,15457.0,15909.0,4899.0
2011-02-28,15954.0,16069.0,15893.0,15977.0,1796.0
2011-03-02,15924.0,16032.0,15475.0,15761.0,8310.0
2011-03-03,16036.0,16134.0,15829.0,16141.0,34409.0
2011-03-04,16178.0,16335.0,16173.0,16309.0,32498.0
2011-03-07,16305.0,16409.0,16134.0,16209.0,3013.0
2011-03-08,16197.0,16310.0,15891.0,16314.0,30643.0
2011-03-09,16310.0,16310.0,15892.0,15956.0,77111.0
2011-03-10,16096.0,16096.0,15616.0,15756.0,64849.0
2011-03-11,15705.0,15753.0,15429.0,15662.0,29192.0
2011-03-14,16318.0,16355.0,15429.0,16019.0,20327.0
2011-03-15,16032.0,16032.0,14948.0,15498.0,22740.0
2011-03-16,15697.0,15735.0,15475.0,15697.0,11914.0
2011-03-17,15627.0,15627.0,15243.0,15592.0,55961.0
2011-03-18,15587.0,15753.0,15587.0,15715.0,7538.0
2011-03-21,15855.0,15855.0,15731.0,15844.0,8380.0
2011-03-22,15864.0,15965.0,15755.0,15761.0,4079.0
2011-03-23,15939.0,16033.0,15612.0,16038.0,13815.0
2011-03-24,16032.0,16192.0,16032.0,16126.0,15854.0
2011-03-25,16202.0,16381.0,16202.0,16343.0,8958.0
2011-03-28,16390.0,16537.0,16365.0,16380.0,12720.0
2011-03-29,16399.0,16468.0,16310.0,16390.0,10636.0
2011-03-30,16405.0,16712.0,16405.0,16684.0,38053.0
2011-03-31,16726.0,16751.0,16631.0,16752.0,8870.0
2011-04-01,16773.0,17096.0,16742.0,17103.0,22089.0
2011-04-04,17045.0,17098.0,16957.0,17037.0,20273.0
2011-04-05,17034.0,17113.0,17029.0,17061.0,3647.0
2011-04-06,17024.0,17137.0,16846.0,16853.0,14355.0
2011-04-07,16702.0,17015.0,16690.0,16694.0,6795.0
2011-04-08,16679.0,16712.0,16538.0,16576.0,27593.0
2011-04-11,16566.0,16794.0,16415.0,16423.0,10596.0
2011-04-12,16679.0,16679.0,16296.0,16300.0,8482.0
2011-04-13,16365.0,16531.0,16355.0,16539.0,7180.0
2011-04-14,16625.0,16762.0,16625.0,16766.0,61142.0
2011-04-15,16818.0,16853.0,16641.0,16679.0,52869.0
2011-04-18,16680.0,16763.0,16485.0,16558.0,17309.0
2011-04-19,16129.0,16552.0,16129.0,16469.0,11196.0
2011-04-20,16552.0,17076.0,16552.0,17083.0,28490.0
2011-04-21,17335.0,17600.0,17335.0,17471.0,76573.0
2011-04-22,17595.0,17595.0,17228.0,17260.0,57086.0
2011-04-25,17435.0,17435.0,17216.0,17377.0,13731.0
2011-04-26,17371.0,17371.0,16853.0,17010.0,21563.0
2011-04-27,17002.0,17210.0,16908.0,17042.0,16505.0
2011-04-28,17145.0,17197.0,16608.0,16616.0,32577.0
2011-04-29,16639.0,16762.0,16224.0,16766.0,70785.0
2011-05-02,16758.0,16875.0,16603.0,16757.0,31144.0
2011-05-03,16764.0,16862.0,16651.0,16838.0,9231.0
2011-05-04,16863.0,16863.0,16356.0,16366.0,125025.0
2011-05-06,16280.0,16280.0,16022.0,16130.0,24809.0
2011-05-09,16188.0,16234.0,16022.0,16225.0,5251.0
2011-05-11,16235.0,16282.0,16146.0,16285.0,62604.0
2011-05-12,16276.0,16325.0,16058.0,16313.0,9501.0
2011-05-13,16485.0,16656.0,16319.0,16594.0,19547.0
2011-05-16,16755.0,16755.0,16375.0,16408.0,11202.0
2011-05-17,16399.0,16399.0,16142.0,16148.0,4260.0
2011-05-18,16370.0,16370.0,15958.0,16037.0,8256.0
2011-05-19,16049.0,16058.0,15478.0,15610.0,12835.0
2011-05-20,15447.0,15576.0,15401.0,15569.0,114083.0
2011-05-23,15563.0,15563.0,15072.0,15079.0,6605.0
2011-05-24,14848.0,15203.0,14848.0,15144.0,6588.0
2011-05-25,15446.0,15446.0,14793.0,14815.0,116389.0
2011-05-26,14808.0,15244.0,14808.0,15250.0,8971.0
2011-05-27,15354.0,15447.0,15128.0,15320.0,10721.0
2011-05-30,15384.0,15392.0,14852.0,14855.0,4436.0
2011-05-31,15170.0,15216.0,14930.0,15187.0,9451.0
2011-06-01,15151.0,15169.0,14990.0,15106.0,3142.0
2011-06-02,14980.0,14980.0,14566.0,14700.0,25746.0
2011-06-03,15093.0,15093.0,14544.0,14593.0,38793.0
2011-06-07,14549.0,14651.0,14457.0,14589.0,109708.0
2011-06-08,14551.0,14857.0,14551.0,14795.0,22613.0
2011-06-09,14879.0,14924.0,14785.0,14916.0,5202.0
2011-06-10,15065.0,15075.0,14335.0,14349.0,11285.0
2011-06-13,14460.0,14460.0,14016.0,14122.0,4233.0
2011-06-14,14115.0,14359.0,14106.0,14265.0,3442.0
2011-06-15,14460.0,14506.0,14385.0,14510.0,3500.0
2011-06-16,14487.0,14487.0,14227.0,14275.0,2658.0
2011-06-17,14266.0,14289.0,13650.0,13824.0,15153.0
2011-06-20,13652.0,14037.0,13652.0,13881.0,55767.0
2011-06-21,14141.0,14145.0,13829.0,14150.0,151034.0
2011-06-22,14197.0,14500.0,14197.0,14387.0,14670.0
2011-06-23,14642.0,14642.0,14290.0,14426.0,2316.0
2011-06-24,14393.0,14897.0,14393.0,14824.0,4049.0
2011-06-27,14859.0,14859.0,14499.0,14597.0,14448.0
2011-06-28,14662.0,14719.0,14385.0,14495.0,1596.0
2011-06-29,14521.0,14660.0,14335.0,14430.0,37872.0
2011-06-30,14521.0,14521.0,14363.0,14476.0,9408.0
2011-07-01,14892.0,14919.0,14613.0,14850.0,22230.0
2011-07-04,15261.0,15261.0,15049.0,15177.0,77077.0
2011-07-05,15177.0,15447.0,15164.0,15454.0,9413.0
2011-07-06,15442.0,15442.0,15038.0,15093.0,12008.0
2011-07-07,15084.0,15191.0,14938.0,14944.0,6625.0
2011-07-08,14954.0,15093.0,14933.0,14953.0,8994.0
2011-07-11,14947.0,14947.0,14799.0,14807.0,4183.0
2011-07-12,14688.0,14688.0,14303.0,14426.0,60308.0
2011-07-13,14499.0,14499.0,14045.0,14094.0,10894.0
2011-07-14,14071.0,14076.0,13789.0,13968.0,6825.0
2011-07-15,13947.0,14170.0,13938.0,14112.0,7109.0
2011-07-18,14153.0,14218.0,13958.0,14016.0,17433.0
2011-07-19,13873.0,14307.0,13873.0,14315.0,4999.0
2011-07-20,14874.0,14874.0,14522.0,14593.0,14904.0
2011-07-21,14433.0,14574.0,14344.0,14453.0,8273.0
2011-07-22,14786.0,14786.0,14459.0,14518.0,3903.0
2011-07-25,14486.0,14486.0,14336.0,14387.0,5309.0
2011-07-26,14383.0,14453.0,14276.0,14458.0,4362.0
2011-07-27,14426.0,14426.0,14246.0,14290.0,2731.0
2011-07-28,14195.0,14195.0,14014.0,14186.0,2483.0
2011-07-29,14195.0,14382.0,14195.0,14320.0,5815.0
2011-08-01,14449.0,14704.0,14402.0,14672.0,2782.0
2011-08-02,14565.0,14565.0,14244.0,14325.0,5068.0
2011-08-03,14263.0,14263.0,13795.0,13917.0,10324.0
2011-08-04,14169.0,14169.0,13643.0,13719.0,3192.0
2011-08-05,12216.0,13318.0,12216.0,13172.0,13828.0
2011-08-08,13166.0,13166.0,11942.0,12511.0,10795.0
2011-08-09,12455.0,12484.0,11064.0,11626.0,66446.0
2011-08-10,11880.0,12116.0,11720.0,11823.0,7965.0
2011-08-11,11814.0,12245.0,11144.0,12083.0,71542.0
2011-08-12,12197.0,12318.0,11740.0,11747.0,7037.0
2011-08-16,11974.0,12376.0,11974.0,12383.0,4541.0
2011-08-17,12279.0,12481.0,12237.0,12354.0,2377.0
2011-08-18,12643.0,12643.0,11533.0,11540.0,13558.0
2011-08-19,11096.0,11096.0,10633.0,10641.0,558246.0
2011-08-22,10290.0,10892.0,10290.0,10641.0,4674.0
2011-08-23,10645.0,11077.0,10645.0,11083.0,3459.0
2011-08-24,11096.0,11259.0,10725.0,10766.0,8595.0
2011-08-25,10862.0,11208.0,10862.0,11011.0,5229.0
2011-08-26,10965.0,11157.0,10965.0,11164.0,1585.0
2011-08-29,11312.0,11683.0,11312.0,11582.0,5251.0
2011-08-30,11745.0,11857.0,11589.0,11692.0,76315.0
2011-08-31,11835.0,11835.0,11429.0,11747.0,6546.0
2011-09-01,11745.0,12145.0,11440.0,11823.0,206939.0
2011-09-02,11698.0,11908.0,11635.0,11715.0,14624.0
2011-09-05,11440.0,11653.0,11015.0,11038.0,5177.0
2011-09-06,10767.0,11420.0,10632.0,10761.0,3558.0
2011-09-07,10924.0,11743.0,10924.0,11750.0,3534.0
2011-09-08,11790.0,11790.0,11440.0,11613.0,8565.0
2011-09-09,11518.0,11903.0,11479.0,11482.0,4922.0
2011-09-14,11562.0,11929.0,11058.0,11088.0,3054.0
2011-09-15,11883.0,11883.0,11129.0,11290.0,3328.0
2011-09-16,11536.0,11817.0,11453.0,11760.0,11519.0
2011-09-19,11567.0,11853.0,11516.0,11577.0,99674.0
2011-09-20,11372.0,11921.0,11372.0,11913.0,5345.0
2011-09-21,11880.0,12180.0,11875.0,12030.0,12313.0
2011-09-22,11932.0,11932.0,11610.0,11799.0,8168.0
2011-09-23,13548.0,13556.0,11120.0,11132.0,277490.0
2011-09-26,11134.0,11237.0,10616.0,10706.0,268786.0
2011-09-27,10784.0,11208.0,10784.0,11164.0,3895.0
2011-09-28,11234.0,11472.0,11133.0,11142.0,3345.0
2011-09-29,11461.0,11616.0,11006.0,11582.0,427427.0
2011-09-30,11547.0,11652.0,11478.0,11621.0,112722.0
2011-10-04,11336.0,11336.0,10870.0,11265.0,15763.0
2011-10-05,11270.0,11431.0,11034.0,11058.0,3196.0
2011-10-06,11154.0,11783.0,11107.0,11447.0,224741.0
2011-10-07,11559.0,11835.0,11559.0,11621.0,216476.0
2011-10-10,12009.0,12126.0,11847.0,12083.0,68830.0
2011-10-11,12206.0,12419.0,11970.0,11989.0,17778.0
2011-10-12,11980.0,12228.0,11933.0,12234.0,5179.0
2011-10-13,12320.0,12456.0,12260.0,12267.0,12634.0
2011-10-14,12260.0,12303.0,12062.0,12307.0,2717.0
2011-10-17,12392.0,12438.0,12302.0,12383.0,12772.0
2011-10-18,12117.0,12307.0,12117.0,12311.0,6057.0
2011-10-19,12460.0,12460.0,12264.0,12378.0,7691.0
2011-10-20,12206.0,12717.0,12028.0,12035.0,3746.0
2011-10-21,12310.0,12719.0,12163.0,12724.0,4658.0
2011-10-24,12957.0,13244.0,12797.0,13232.0,16787.0
2011-10-25,13228.0,13384.0,13203.0,13232.0,62374.0
2011-10-26,13041.0,13215.0,12951.0,13196.0,5352.0
2011-10-27,13136.0,13320.0,13073.0,13141.0,4897.0
2011-10-28,13226.0,13388.0,13059.0,13084.0,6952.0
2011-10-31,13078.0,13412.0,13078.0,13159.0,8143.0
2011-11-01,13152.0,13457.0,12976.0,13418.0,14494.0
2011-11-02,13272.0,13281.0,12996.0,13255.0,9608.0
2011-11-03,13462.0,13462.0,13135.0,13164.0,3888.0
2011-11-04,13551.0,13791.0,13345.0,13797.0,58968.0
2011-11-07,13657.0,13929.0,13657.0,13789.0,7093.0
2011-11-08,13933.0,13933.0,13518.0,13534.0,5033.0
2011-11-09,13874.0,13874.0,13314.0,13339.0,4651.0
2011-11-10,13218.0,13218.0,12217.0,12729.0,9767.0
2011-11-11,12953.0,13019.0,12690.0,12974.0,6692.0
2011-11-14,12971.0,13365.0,12971.0,13302.0,4204.0
2011-11-15,13290.0,13290.0,13041.0,13098.0,1839.0
2011-11-16,13064.0,13320.0,12884.0,12892.0,4387.0
2011-11-17,12886.0,13262.0,12854.0,13209.0,4304.0
2011-11-18,13023.0,13181.0,12934.0,13187.0,1135.0
2011-11-21,13223.0,13223.0,12949.0,13019.0,886.0
2011-11-22,12756.0,13236.0,12756.0,13131.0,6664.0
2011-11-23,13135.0,13135.0,12648.0,12654.0,5064.0
2011-11-24,12648.0,12827.0,12429.0,12738.0,2150.0
2011-11-25,12754.0,12754.0,12517.0,12598.0,1727.0
2011-11-28,12957.0,13059.0,12805.0,13001.0,52206.0
2011-11-29,13068.0,13301.0,13042.0,13302.0,4794.0
2011-11-30,13068.0,13281.0,13068.0,13214.0,1847.0
2011-12-01,13551.0,13688.0,13527.0,13562.0,11173.0
2011-12-02,13558.0,13689.0,13458.0,13477.0,2246.0
2011-12-05,13472.0,13604.0,13472.0,13534.0,4451.0
2011-12-06,13527.0,13649.0,13366.0,13374.0,3616.0
2011-12-07,13365.0,13487.0,13365.0,13492.0,1099.0
2011-12-08,13486.0,13648.0,13365.0,13558.0,4200.0
2011-12-09,13457.0,13527.0,13237.0,13384.0,5433.0
2011-12-12,13626.0,13660.0,13458.0,13631.0,5373.0
2011-12-13,13624.0,13624.0,13424.0,13566.0,2755.0
2011-12-14,13371.0,13504.0,13312.0,13384.0,2864.0
2011-12-15,13253.0,13253.0,13171.0,13196.0,9917.0
2011-12-16,13234.0,13234.0,12995.0,13209.0,7952.0
2011-12-19,13166.0,13166.0,12345.0,12598.0,7904.0
2011-12-20,12557.0,12721.0,12517.0,12579.0,5260.0
2011-12-21,12755.0,12981.0,12755.0,12987.0,12169.0
2011-12-22,12943.0,12976.0,12857.0,12943.0,3541.0
2011-12-23,12953.0,13222.0,12953.0,13141.0,5194.0
2011-12-26,13093.0,13217.0,13073.0,13141.0,3202.0
2011-12-27,13135.0,13222.0,12774.0,12938.0,15330.0
2011-12-28,12809.0,13062.0,12809.0,13027.0,113349.0
2011-12-29,13047.0,13226.0,12948.0,13227.0,1485.0
2012-01-02,13241.0,13533.0,13119.0,13539.0,11034.0
2012-01-03,13558.0,13794.0,13558.0,13743.0,10205.0
2012-01-04,13842.0,13857.0,13644.0,13663.0,66425.0
2012-01-05,13865.0,13865.0,13609.0,13667.0,2100.0
2012-01-06,13660.0,13680.0,13400.0,13553.0,8787.0
2012-01-09,13545.0,13545.0,13286.0,13380.0,5202.0
2012-01-10,13544.0,13544.0,13379.0,13468.0,3719.0
2012-01-11,13467.0,13486.0,13312.0,13394.0,5061.0
2012-01-12,13350.0,13452.0,13325.0,13418.0,2609.0
2012-01-13,13422.0,13688.0,13422.0,13663.0,7129.0
2012-01-16,13437.0,13603.0,13437.0,13595.0,1957.0
2012-01-17,13661.0,13726.0,13501.0,13507.0,428747.0
2012-01-18,13465.0,13613.0,13452.0,13458.0,4553.0
2012-01-19,13465.0,14003.0,13465.0,13959.0,13783.0
2012-01-20,14004.0,14055.0,13920.0,14060.0,3939.0
2012-01-25,14021.0,14328.0,14021.0,14155.0,7319.0
2012-01-26,14171.0,14226.0,14059.0,14173.0,4828.0
2012-01-27,14150.0,14239.0,14059.0,14065.0,5028.0
2012-01-30,14059.0,14297.0,14037.0,14060.0,14153.0
2012-01-31,14054.0,14349.0,14054.0,14236.0,12511.0
2012-02-01,14232.0,14379.0,14213.0,14290.0,17300.0
2012-02-02,14287.0,14500.0,14287.0,14379.0,6758.0
2012-02-03,14428.0,14428.0,14142.0,14236.0,9022.0
2012-02-06,14281.0,14335.0,14047.0,14052.0,4205.0
2012-02-07,14119.0,14319.0,13958.0,14038.0,16626.0
2012-02-08,14033.0,14281.0,14033.0,14255.0,6434.0
2012-02-09,14153.0,14384.0,14153.0,14376.0,6238.0
2012-02-10,14257.0,14502.0,14257.0,14430.0,13858.0
2012-02-13,14487.0,14539.0,14455.0,14543.0,2312.0
2012-02-14,14499.0,14612.0,14499.0,14606.0,17163.0
2012-02-15,14894.0,15030.0,14550.0,14991.0,40370.0
2012-02-16,14946.0,15000.0,14822.0,14874.0,12946.0
2012-02-17,14990.0,15252.0,14990.0,15172.0,29517.0
2012-02-20,15169.0,15304.0,15105.0,15121.0,11333.0
2012-02-21,15077.0,15289.0,15039.0,15103.0,9230.0
2012-02-22,15217.0,15217.0,15025.0,15218.0,3695.0
2012-02-23,15164.0,15164.0,14990.0,15106.0,6409.0
2012-02-24,15125.0,15152.0,14838.0,15149.0,2003.0
2012-02-27,15103.0,15113.0,14893.0,14944.0,2661.0
2012-02-28,15263.0,15389.0,15254.0,15362.0,51633.0
2012-02-29,15365.0,15559.0,15365.0,15418.0,63162.0
2012-03-02,15413.0,15600.0,15413.0,15468.0,41392.0
2012-03-05,15462.0,15499.0,15223.0,15270.0,9391.0
2012-03-06,15264.0,15513.0,15106.0,15280.0,13183.0
2012-03-07,15085.0,15187.0,15022.0,15177.0,5963.0
2012-03-08,14985.0,15368.0,14985.0,15343.0,7368.0
2012-03-09,15384.0,15618.0,15334.0,15547.0,7027.0
2012-03-12,15564.0,15616.0,15402.0,15441.0,3180.0
2012-03-13,15410.0,15513.0,15381.0,15389.0,10327.0
2012-03-14,15448.0,15629.0,15365.0,15523.0,7292.0
2012-03-15,15497.0,15586.0,15417.0,15590.0,5715.0
2012-03-16,15628.0,15663.0,15536.0,15610.0,4200.0
2012-03-19,15608.0,15641.0,15538.0,15590.0,19717.0
2012-03-20,15562.0,15695.0,15474.0,15481.0,10867.0
2012-03-21,15461.0,15574.0,15393.0,15433.0,2375.0
2012-03-22,15406.0,15548.0,15406.0,15510.0,9873.0
2012-03-23,15502.0,15631.0,15377.0,15585.0,68380.0
2012-03-26,15587.0,15744.0,15582.0,15635.0,17167.0
2012-03-27,15748.0,15748.0,15559.0,15657.0,6991.0
2012-03-28,15624.0,15696.0,15494.0,15523.0,5390.0
2012-03-29,15492.0,15497.0,15289.0,15334.0,14013.0
2012-03-30,15142.0,15308.0,15118.0,15209.0,9024.0
2012-04-02,15182.0,15226.0,15090.0,15167.0,4731.0
2012-04-03,15188.0,15348.0,15188.0,15339.0,13981.0
2012-04-04,15335.0,15335.0,15040.0,15060.0,9445.0
2012-04-05,15049.0,15177.0,14846.0,15177.0,4648.0
2012-04-06,15170.0,15236.0,15120.0,15134.0,5105.0
2012-04-09,15128.0,15128.0,14709.0,14720.0,3691.0
2012-04-10,14613.0,14811.0,14503.0,14565.0,2036.0
2012-04-12,14724.0,14724.0,14263.0,14387.0,21380.0
2012-04-13,14698.0,14760.0,14547.0,14766.0,8569.0
2012-04-16,14638.0,14762.0,14638.0,14743.0,4222.0
2012-04-17,14793.0,14793.0,14596.0,14611.0,1722.0
2012-04-18,14770.0,14861.0,14770.0,14786.0,3230.0
2012-04-19,14870.0,14955.0,14704.0,14944.0,7464.0
2012-04-20,14789.0,14811.0,14638.0,14710.0,4793.0
2012-04-23,14678.0,14808.0,14604.0,14672.0,71266.0
2012-04-24,14631.0,14686.0,14485.0,14589.0,10688.0
2012-04-25,14689.0,14754.0,14606.0,14626.0,2860.0
2012-04-26,14708.0,14821.0,14624.0,14677.0,7193.0
2012-04-27,14818.0,14934.0,14818.0,14921.0,3843.0
2012-04-30,14828.0,15100.0,14828.0,15016.0,4125.0
2012-05-02,15014.0,15054.0,14931.0,15052.0,8976.0
2012-05-03,15031.0,15124.0,15010.0,15016.0,1939.0
2012-05-04,14992.0,15157.0,14910.0,15066.0,24031.0
2012-05-07,15000.0,15000.0,14779.0,14855.0,5565.0
2012-05-08,14858.0,15073.0,14858.0,15019.0,2264.0
2012-05-09,15014.0,15014.0,14881.0,14884.0,2584.0
2012-05-10,14885.0,15063.0,14852.0,15043.0,3704.0
2012-05-11,15044.0,15044.0,14675.0,14690.0,9529.0
2012-05-14,14728.0,14798.0,14558.0,14715.0,7036.0
2012-05-15,14544.0,14589.0,14321.0,14589.0,2336.0
2012-05-16,14810.0,14810.0,13639.0,13643.0,8150.0
2012-05-17,13665.0,13999.0,13571.0,13917.0,14914.0
2012-05-18,13589.0,13668.0,13317.0,13323.0,5658.0
2012-05-21,13357.0,13654.0,13357.0,13614.0,13091.0
2012-05-22,13770.0,13928.0,13770.0,13871.0,15368.0
2012-05-23,13802.0,13802.0,13590.0,13675.0,1257.0
2012-05-24,13930.0,13930.0,13569.0,13707.0,2256.0
2012-05-25,13767.0,13867.0,13663.0,13717.0,2154.0
2012-05-29,13749.0,13980.0,13669.0,13986.0,1534.0
2012-05-30,13967.0,13991.0,13852.0,13995.0,1161.0
2012-05-31,13794.0,13932.0,13692.0,13939.0,2256.0
2012-06-01,13846.0,13988.0,13826.0,13934.0,4119.0
2012-06-04,13436.0,13531.0,13294.0,13347.0,7238.0
2012-06-05,13383.0,13591.0,13383.0,13598.0,5532.0
2012-06-07,13806.0,14002.0,13806.0,13929.0,2881.0
2012-06-08,13896.0,13935.0,13692.0,13697.0,3362.0
2012-06-11,13943.0,14121.0,13943.0,14126.0,3564.0
2012-06-12,13989.0,14173.0,13851.0,14108.0,3717.0
2012-06-13,14193.0,14264.0,14129.0,14264.0,2448.0
2012-06-14,14250.0,14288.0,14222.0,14292.0,3056.0
2012-06-15,14254.0,14254.0,13929.0,14019.0,226522.0
2012-06-18,14082.0,14317.0,14077.0,14172.0,210178.0
2012-06-19,14118.0,14173.0,14026.0,14180.0,208189.0
2012-06-20,14202.0,14425.0,14202.0,14387.0,124081.0
2012-06-21,14360.0,14429.0,14295.0,14362.0,1218.0
2012-06-22,14065.0,14198.0,14056.0,14144.0,21044.0
2012-06-25,14139.0,14139.0,13697.0,13732.0,17291.0
2012-06-26,13705.0,13785.0,13654.0,13707.0,2463.0
2012-06-27,13714.0,13902.0,13604.0,13856.0,5543.0
2012-06-28,13891.0,13987.0,13767.0,13832.0,2739.0
2012-06-29,13789.0,14117.0,13709.0,14098.0,5008.0
2012-07-02,14286.0,14286.0,14050.0,14089.0,8368.0
2012-07-03,14128.0,14216.0,14063.0,14108.0,5246.0
2012-07-04,14170.0,14244.0,14109.0,14190.0,3339.0
2012-07-05,14169.0,14175.0,14081.0,14103.0,1832.0
2012-07-06,14162.0,14232.0,13991.0,13995.0,1002.0
2012-07-09,13857.0,13979.0,13798.0,13866.0,1116.0
2012-07-10,13867.0,13921.0,13752.0,13823.0,2395.0
2012-07-11,13820.0,13820.0,13608.0,13717.0,2285.0
2012-07-12,13709.0,13757.0,13432.0,13461.0,1890.0
2012-07-13,13433.0,13576.0,13112.0,13584.0,4220.0
2012-07-16,13604.0,13623.0,13485.0,13542.0,6070.0
2012-07-17,13437.0,13488.0,13319.0,13392.0,2410.0
2012-07-18,13396.0,13469.0,13007.0,13076.0,1805.0
2012-07-19,13262.0,13334.0,13234.0,13305.0,3179.0
2012-07-20,13402.0,13560.0,13402.0,13444.0,3358.0
2012-07-23,13285.0,13285.0,13036.0,13147.0,4768.0
2012-07-24,13133.0,13205.0,13118.0,13156.0,3557.0
2012-07-25,12977.0,13074.0,12871.0,12957.0,2341.0
2012-07-26,13010.0,13045.0,12890.0,13012.0,4553.0
2012-07-27,13188.0,13411.0,13188.0,13416.0,1338.0
2012-07-30,13595.0,13664.0,13536.0,13547.0,1286.0
2012-07-31,13584.0,13930.0,13584.0,13832.0,3060.0
2012-08-01,13784.0,13907.0,13734.0,13801.0,4384.0
2012-08-02,13768.0,13860.0,13555.0,13579.0,6907.0
2012-08-03,13332.0,13554.0,13332.0,13406.0,5078.0
2012-08-06,13654.0,13834.0,13654.0,13832.0,3903.0
2012-08-07,13828.0,13927.0,13760.0,13908.0,14872.0
2012-08-08,13951.0,14192.0,13951.0,14051.0,5293.0
2012-08-09,14076.0,14252.0,14071.0,14209.0,3990.0
2012-08-10,14182.0,14277.0,14167.0,14240.0,2570.0
2012-08-13,14246.0,14259.0,14126.0,14131.0,2857.0
2012-08-14,14198.0,14361.0,14157.0,14366.0,2979.0
2012-08-16,14377.0,14452.0,14294.0,14343.0,2860.0
2012-08-17,14375.0,14375.0,14092.0,14163.0,8127.0
2012-08-20,14032.0,14042.0,13952.0,14015.0,3455.0
2012-08-21,14019.0,14211.0,14019.0,14108.0,6849.0
2012-08-22,13993.0,14075.0,13902.0,13929.0,4445.0
2012-08-23,13947.0,14022.0,13918.0,13995.0,4545.0
2012-08-24,13896.0,13911.0,13786.0,13846.0,4106.0
2012-08-27,13406.0,13545.0,13309.0,13352.0,14673.0
2012-08-28,13354.0,13498.0,13340.0,13382.0,5444.0
2012-08-29,13432.0,13585.0,13432.0,13593.0,8034.0
2012-08-30,13566.0,13566.0,13344.0,13430.0,1832.0
2012-08-31,13348.0,13571.0,13339.0,13579.0,3731.0
2012-09-03,13560.0,13580.0,13373.0,13537.0,2855.0
2012-09-04,13512.0,13623.0,13441.0,13584.0,6484.0
2012-09-05,13489.0,13591.0,13350.0,13376.0,3189.0
2012-09-06,13397.0,13441.0,13324.0,13397.0,709.0
2012-09-07,13702.0,13821.0,13688.0,13801.0,7806.0
2012-09-10,13821.0,13821.0,13683.0,13727.0,2412.0
2012-09-11,13664.0,13718.0,13585.0,13665.0,2760.0
2012-09-12,13713.0,13829.0,13682.0,13828.0,2391.0
2012-09-13,13839.0,13849.0,13738.0,13809.0,1867.0
2012-09-14,14133.0,14151.0,14036.0,14089.0,10940.0
2012-09-17,14146.0,14169.0,14003.0,14059.0,5287.0
2012-09-18,14020.0,14129.0,13970.0,14037.0,3419.0
2012-09-19,13989.0,14099.0,13960.0,14069.0,2047.0
2012-09-20,14036.0,14174.0,13962.0,14033.0,7036.0
2012-09-21,14049.0,14081.0,13951.0,14046.0,4459.0
2012-09-24,13936.0,14050.0,13873.0,14055.0,4077.0
2012-09-25,13975.0,14051.0,13909.0,13912.0,5875.0
2012-09-26,13816.0,13907.0,13702.0,13745.0,4284.0
2012-09-27,13703.0,13785.0,13620.0,13787.0,3791.0
2012-09-28,13857.0,13907.0,13754.0,13866.0,8184.0
2012-10-02,13821.0,13906.0,13777.0,13846.0,2999.0
2012-10-04,13834.0,13872.0,13757.0,13814.0,11566.0
2012-10-05,13932.0,13988.0,13821.0,13934.0,3505.0
2012-10-08,13949.0,13959.0,13860.0,13934.0,1828.0
2012-10-09,13884.0,13999.0,13884.0,13912.0,2290.0
2012-10-10,13778.0,13778.0,13551.0,13556.0,6850.0
2012-10-11,13487.0,13595.0,13388.0,13480.0,112475.0
2012-10-12,13513.0,13561.0,13364.0,13402.0,75728.0
2012-10-15,13455.0,13497.0,13248.0,13282.0,32621.0
2012-10-16,13382.0,13559.0,13352.0,13560.0,89364.0
2012-10-17,13648.0,13734.0,13610.0,13648.0,2662.0
2012-10-18,13618.0,13663.0,13526.0,13564.0,10561.0
2012-10-19,13559.0,13646.0,13455.0,13461.0,2117.0
2012-10-22,13170.0,13479.0,13165.0,13475.0,2665.0
2012-10-23,13478.0,13534.0,13440.0,13466.0,2208.0
2012-10-24,13368.0,13502.0,13323.0,13495.0,3766.0
2012-10-25,13488.0,13663.0,13488.0,13579.0,4442.0
2012-10-26,13570.0,13570.0,13294.0,13309.0,3751.0
2012-10-29,13366.0,13525.0,13079.0,13193.0,2861.0
2012-10-30,13165.0,13339.0,13156.0,13300.0,3032.0
2012-10-31,13426.0,13505.0,13412.0,13510.0,2060.0
2012-11-01,13490.0,13515.0,13379.0,13520.0,3888.0
2012-11-02,13665.0,13787.0,13665.0,13757.0,2478.0
2012-11-05,13729.0,13811.0,13674.0,13801.0,1258.0
2012-11-06,13849.0,13849.0,13747.0,13809.0,9168.0
2012-11-07,13857.0,13909.0,13750.0,13912.0,6732.0
2012-11-08,13730.0,13899.0,13711.0,13899.0,40154.0
2012-11-09,13767.0,13844.0,13663.0,13818.0,69745.0
2012-11-12,13789.0,13921.0,13748.0,13846.0,84585.0
2012-11-13,13841.0,13901.0,13768.0,13884.0,44183.0
2012-11-14,13877.0,14108.0,13877.0,14069.0,34369.0
2012-11-15,13807.0,13965.0,13749.0,13861.0,2793.0
2012-11-16,13789.0,13830.0,13338.0,13456.0,5350.0
2012-11-19,13441.0,13768.0,13441.0,13745.0,2612.0
2012-11-20,13925.0,13964.0,13782.0,13836.0,2116.0
2012-11-21,13874.0,13917.0,13785.0,13787.0,2026.0
2012-11-22,13859.0,14103.0,13859.0,14093.0,8868.0
2012-11-23,14149.0,14178.0,14033.0,14149.0,4139.0
2012-11-26,14237.0,14304.0,14111.0,14116.0,1944.0
2012-11-27,14057.0,14216.0,13937.0,13944.0,5036.0
2012-11-28,13920.0,14017.0,13850.0,13972.0,4738.0
2012-11-29,14043.0,14132.0,13945.0,13953.0,156579.0
2012-11-30,14030.0,14030.0,13860.0,13949.0,189810.0
2012-12-03,13926.0,13997.0,13896.0,13953.0,9497.0
2012-12-04,13947.0,14153.0,13939.0,14154.0,2173.0
2012-12-05,14157.0,14269.0,14037.0,14274.0,3236.0
2012-12-06,14267.0,14272.0,14026.0,14059.0,29905.0
2012-12-07,14124.0,14434.0,14124.0,14407.0,17166.0
2012-12-10,14407.0,14477.0,14393.0,14480.0,1850.0
2012-12-11,14493.0,14526.0,14266.0,14329.0,3076.0
2012-12-12,14356.0,14425.0,14296.0,14379.0,5997.0
2012-12-13,14435.0,14546.0,14370.0,14505.0,4729.0
2012-12-14,14453.0,14613.0,14453.0,14480.0,4789.0
2012-12-17,14471.0,14599.0,14401.0,14468.0,269615.0
2012-12-18,14449.0,14513.0,14342.0,14422.0,2912.0
2012-12-20,14486.0,14545.0,14207.0,14217.0,31146.0
2012-12-21,14257.0,14257.0,13931.0,13977.0,47606.0
2012-12-24,13932.0,14109.0,13932.0,14046.0,2175.0
2012-12-26,14087.0,14290.0,14072.0,14089.0,6131.0
2012-12-27,14075.0,14479.0,14075.0,14458.0,30530.0
2012-12-28,14455.0,14655.0,14455.0,14660.0,9143.0
2013-01-02,14743.0,14952.0,14713.0,14958.0,14628.0
2013-01-03,15013.0,15031.0,14848.0,14870.0,32218.0
2013-01-04,14875.0,14920.0,14828.0,14916.0,9760.0
2013-01-07,14935.0,14943.0,14829.0,14903.0,956.0
2013-01-08,14921.0,14957.0,14828.0,14865.0,5090.0
2013-01-09,14871.0,14962.0,14871.0,14921.0,11731.0
2013-01-10,14992.0,15139.0,14906.0,15135.0,2902.0
2013-01-11,15227.0,15232.0,15003.0,15150.0,22561.0
2013-01-14,15143.0,15143.0,14943.0,15061.0,21918.0
2013-01-15,15059.0,15059.0,14684.0,14715.0,4484.0
2013-01-16,14643.0,14760.0,14404.0,14407.0,4374.0
2013-01-17,14477.0,14509.0,14259.0,14407.0,2383.0
2013-01-18,14495.0,14614.0,14469.0,14552.0,6842.0
2013-01-21,14561.0,14590.0,14500.0,14547.0,3374.0
2013-01-22,14538.0,14561.0,14459.0,14552.0,2644.0
2013-01-23,14609.0,14656.0,14487.0,14490.0,95702.0
2013-01-24,14544.0,14544.0,14181.0,14221.0,3373.0
2013-01-25,14299.0,14360.0,13985.0,14126.0,4125.0
2013-01-28,13977.0,14070.0,13877.0,13963.0,6934.0
2013-01-29,14080.0,14138.0,13979.0,14079.0,2826.0
2013-01-30,14165.0,14215.0,13988.0,14055.0,4983.0
2013-01-31,14013.0,14086.0,13941.0,14093.0,3360.0
2013-02-01,14055.0,14082.0,13780.0,13995.0,8699.0
2013-02-04,14080.0,14090.0,13806.0,13814.0,14875.0
2013-02-05,13681.0,13844.0,13681.0,13809.0,5670.0
2013-02-06,13859.0,14066.0,13859.0,14055.0,5694.0
2013-02-07,14053.0,14220.0,14053.0,14103.0,4751.0
2013-02-08,14095.0,14192.0,14062.0,14199.0,1184.0
2013-02-12,14256.0,14339.0,14221.0,14235.0,23040.0
2013-02-13,14304.0,14434.0,14291.0,14412.0,8956.0
2013-02-14,14430.0,14534.0,14399.0,14538.0,4453.0
2013-02-15,14558.0,14674.0,14558.0,14672.0,1230.0
2013-02-18,14638.0,14768.0,14638.0,14720.0,1024.0
2013-02-19,14709.0,14951.0,14683.0,14944.0,9123.0
2013-02-20,15079.0,15279.0,15074.0,15276.0,14926.0
2013-02-21,15147.0,15238.0,15143.0,15197.0,3068.0
2013-02-22,15128.0,15161.0,15050.0,15117.0,4212.0
2013-02-25,15174.0,15178.0,15091.0,15104.0,2222.0
2013-02-26,14983.0,15170.0,14964.0,15150.0,2548.0
2013-02-27,15260.0,15307.0,15131.0,15135.0,9804.0
2013-02-28,15179.0,15283.0,15170.0,15242.0,7457.0
2013-03-04,15268.0,15331.0,15165.0,15210.0,2023.0
2013-03-05,15284.0,15515.0,15284.0,15515.0,16760.0
2013-03-06,15666.0,15737.0,15612.0,15742.0,320406.0
2013-03-07,15745.0,15749.0,15617.0,15672.0,3638.0
2013-03-08,15645.0,15645.0,15412.0,15524.0,3090.0
2013-03-11,15519.0,15571.0,15390.0,15576.0,4610.0
2013-03-12,15570.0,15625.0,15560.0,15617.0,3649.0
2013-03-13,15630.0,15805.0,15621.0,15742.0,9326.0
2013-03-14,15781.0,15885.0,15727.0,15891.0,29985.0
2013-03-15,15986.0,15991.0,15751.0,15756.0,2733.0
2013-03-18,15706.0,15706.0,15319.0,15325.0,3154.0
2013-03-19,15380.0,15629.0,15380.0,15583.0,5274.0
2013-03-20,15484.0,15601.0,15380.0,15450.0,127925.0
2013-03-21,15475.0,15584.0,15297.0,15301.0,2009.0
2013-03-22,15296.0,15532.0,15288.0,15502.0,3786.0
2013-03-25,15565.0,15701.0,15565.0,15677.0,25948.0
2013-03-26,15679.0,15693.0,15612.0,15662.0,3746.0
2013-03-27,15759.0,15759.0,15584.0,15702.0,8324.0
2013-03-28,15659.0,15731.0,15654.0,15662.0,47019.0
2013-03-29,15814.0,15833.0,15675.0,15742.0,656084.0
2013-04-01,15721.0,15790.0,15542.0,15548.0,1414.0
2013-04-02,15545.0,15684.0,15490.0,15607.0,4238.0
2013-04-03,15641.0,15854.0,15631.0,15858.0,4924.0
2013-04-04,15754.0,15763.0,15462.0,15729.0,8486.0
2013-04-05,15713.0,15733.0,15392.0,15395.0,10563.0
2013-04-08,15389.0,15537.0,15189.0,15210.0,7935.0
2013-04-09,15067.0,15323.0,15000.0,15205.0,2436.0
2013-04-10,15285.0,15333.0,15233.0,15285.0,350.0
2013-04-11,15412.0,15649.0,15412.0,15627.0,1758.0
2013-04-12,15670.0,15764.0,15500.0,15561.0,2207.0
2013-04-15,15575.0,15684.0,15510.0,15662.0,1055.0
2013-04-16,15506.0,15746.0,15481.0,15725.0,2334.0
2013-04-17,15930.0,15930.0,15727.0,15803.0,13214.0
2013-04-18,15731.0,15731.0,15476.0,15482.0,3660.0
2013-04-19,15325.0,15496.0,15288.0,15429.0,8751.0
2013-04-22,15463.0,15760.0,15463.0,15766.0,11321.0
2013-04-23,15791.0,15861.0,15695.0,15840.0,13399.0
2013-04-24,15907.0,15972.0,15816.0,15905.0,2311.0
2013-04-25,15955.0,16005.0,15821.0,15827.0,3273.0
2013-04-26,15885.0,15977.0,15885.0,15934.0,19895.0
2013-04-29,15955.0,15967.0,15908.0,15943.0,846.0
2013-04-30,15974.0,16064.0,15974.0,16068.0,2273.0
2013-05-02,16016.0,16021.0,15811.0,15817.0,9519.0
2013-05-03,15957.0,16045.0,15786.0,16048.0,2480.0
2013-05-06,16076.0,16146.0,15859.0,15863.0,3023.0
2013-05-07,15875.0,15875.0,15782.0,15854.0,16308.0
2013-05-08,15973.0,15973.0,15831.0,15854.0,423.0
2013-05-09,15853.0,16081.0,15853.0,16058.0,4293.0
2013-05-10,16006.0,16029.0,15796.0,15803.0,6117.0
2013-05-13,15820.0,15922.0,15820.0,15882.0,250.0
2013-05-14,15885.0,16001.0,15791.0,15974.0,1703.0
2013-05-15,15969.0,16063.0,15969.0,16025.0,2583.0
2013-05-16,16094.0,16242.0,16094.0,16207.0,17568.0
2013-05-20,16246.0,16339.0,16182.0,16190.0,4143.0
2013-05-21,16280.0,16385.0,16261.0,16383.0,3652.0
2013-05-22,16433.0,16545.0,16433.0,16551.0,4628.0
2013-05-23,16453.0,16780.0,16453.0,16626.0,8561.0
2013-05-24,16693.0,16745.0,16572.0,16734.0,7411.0
2013-05-27,16732.0,16803.0,16718.0,16763.0,32106.0
2013-05-28,16767.0,16904.0,16746.0,16903.0,2117.0
2013-05-29,16945.0,17026.0,16869.0,16997.0,10811.0
2013-05-30,16945.0,16992.0,16791.0,16854.0,18810.0
2013-05-31,16896.0,16948.0,16708.0,16945.0,17370.0
2013-06-03,16814.0,16945.0,16691.0,16694.0,12894.0
2013-06-04,16770.0,16869.0,16600.0,16844.0,3978.0
2013-06-05,16824.0,16824.0,16490.0,16495.0,4151.0
2013-06-07,16438.0,16448.0,15979.0,15983.0,3788.0
2013-06-10,16116.0,16451.0,16116.0,16397.0,1428.0
2013-06-11,16395.0,16395.0,16158.0,16224.0,1453.0
2013-06-12,16154.0,16350.0,16095.0,16211.0,878.0
2013-06-13,16131.0,16131.0,15876.0,16039.0,679.0
2013-06-14,16102.0,16181.0,15670.0,15808.0,25690.0
2013-06-17,15822.0,15877.0,15292.0,15404.0,4647.0
2013-06-18,15510.0,15876.0,15424.0,15882.0,2657.0
2013-06-19,16035.0,16049.0,15914.0,15920.0,8926.0
2013-06-20,15671.0,15875.0,15589.0,15696.0,1216.0
2013-06-21,15217.0,15571.0,15217.0,15575.0,8459.0
2013-06-24,15602.0,15602.0,15170.0,15176.0,1457.0
2013-06-25,14899.0,15144.0,14477.0,14628.0,2761.0
2013-06-26,14797.0,14897.0,14515.0,14731.0,12014.0
2013-06-27,14984.0,15326.0,14984.0,15305.0,1921.0
2013-06-28,15421.0,15444.0,15236.0,15437.0,1697.0
2013-07-01,15419.0,15569.0,15319.0,15491.0,11011.0
2013-07-02,15533.0,15538.0,14975.0,15018.0,4097.0
2013-07-03,15054.0,15148.0,14831.0,14873.0,31862.0
2013-07-04,14902.0,14902.0,14692.0,14892.0,3093.0
2013-07-05,14915.0,14999.0,14607.0,14674.0,2355.0
2013-07-08,14608.0,14669.0,14243.0,14280.0,3580.0
2013-07-09,14319.0,14574.0,14319.0,14582.0,2022.0
2013-07-10,14602.0,14705.0,14415.0,14428.0,2818.0
2013-07-11,14514.0,14934.0,14514.0,14938.0,3485.0
2013-07-12,14991.0,15040.0,14921.0,15005.0,1874.0
2013-07-15,15022.0,15123.0,14802.0,15064.0,2347.0
2013-07-16,15065.0,15152.0,14947.0,15143.0,2179.0
2013-07-17,15188.0,15305.0,15133.0,15240.0,6056.0
2013-07-18,15296.0,15320.0,15223.0,15260.0,943.0
2013-07-19,15305.0,15365.0,15161.0,15166.0,1398.0
2013-07-22,15156.0,15206.0,14975.0,14980.0,877.0
2013-07-23,14965.0,15094.0,14965.0,15055.0,4014.0
2013-07-24,15090.0,15179.0,15090.0,15181.0,1818.0
2013-07-25,15262.0,15318.0,15202.0,15217.0,3992.0
2013-07-26,15213.0,15227.0,15135.0,15153.0,1207.0
2013-07-29,15141.0,15141.0,14955.0,14961.0,1300.0
2013-07-30,14929.0,15055.0,14929.0,15059.0,1181.0
2013-07-31,15069.0,15154.0,15069.0,15158.0,1014.0
2013-08-01,15143.0,15201.0,15095.0,15166.0,1490.0
2013-08-02,15277.0,15319.0,15184.0,15191.0,1690.0
2013-08-05,15192.0,15205.0,15192.0,15199.0,853.0
2013-08-06,15190.0,15190.0,14950.0,14956.0,1221.0
2013-08-07,14878.0,14964.0,14777.0,14809.0,10285.0
2013-08-08,14700.0,14791.0,14668.0,14702.0,2854.0
2013-08-09,14733.0,14841.0,14714.0,14797.0,29195.0
2013-08-12,14762.0,14911.0,14762.0,14809.0,1409.0
2013-08-13,14815.0,15319.0,14815.0,15324.0,38958.0
2013-08-14,15381.0,15642.0,15376.0,15646.0,12984.0
2013-08-16,15447.0,15626.0,15402.0,15556.0,2051.0
2013-08-19,15523.0,15523.0,15429.0,15477.0,810.0
2013-08-20,15524.0,15703.0,15311.0,15315.0,2864.0
2013-08-21,15386.0,15458.0,15018.0,15148.0,1495.0
2013-08-22,14915.0,15021.0,14757.0,14868.0,4002.0
2013-08-23,14995.0,15275.0,14995.0,15280.0,2934.0
2013-08-26,15290.0,15375.0,15207.0,15240.0,830.0
2013-08-27,15202.0,15248.0,15023.0,15027.0,1618.0
2013-08-28,14641.0,14911.0,14641.0,14897.0,1544.0
2013-08-29,15012.0,15132.0,15012.0,15055.0,32286.0
2013-08-30,15143.0,15236.0,15039.0,15240.0,2695.0
2013-09-02,15237.0,15336.0,15185.0,15260.0,644.0
2013-09-03,15355.0,15401.0,15170.0,15176.0,1553.0
2013-09-04,15203.0,15255.0,15106.0,15260.0,1674.0
2013-09-05,15173.0,15318.0,15173.0,15315.0,457687.0
2013-09-06,15310.0,15355.0,15085.0,15128.0,2110.0
2013-09-09,15202.0,15247.0,15133.0,15217.0,1034.0
2013-09-10,15211.0,15323.0,15211.0,15329.0,1054.0
2013-09-11,15390.0,15430.0,15347.0,15389.0,38978.0
2013-09-12,15429.0,15519.0,15346.0,15418.0,2035.0
2013-09-13,15420.0,15504.0,15420.0,15501.0,37374.0
2013-09-16,15551.0,15578.0,15505.0,15556.0,1808.0
2013-09-17,15555.0,15625.0,15514.0,15596.0,892.0
2013-09-23,15654.0,15676.0,15572.0,15654.0,1865.0
2013-09-24,15529.0,15718.0,15529.0,15725.0,3244.0
2013-09-25,15629.0,15698.0,15500.0,15556.0,1441.0
2013-09-26,15524.0,15764.0,15524.0,15725.0,2176.0
2013-09-27,15811.0,15854.0,15791.0,15858.0,4074.0
2013-09-30,15845.0,15899.0,15751.0,15858.0,2317.0
2013-10-01,15847.0,15936.0,15662.0,15742.0,3829.0
2013-10-02,15973.0,16117.0,15973.0,16081.0,8730.0
2013-10-04,16261.0,16348.0,16153.0,16327.0,2821.0
2013-10-07,16405.0,16437.0,16341.0,16365.0,39722.0
2013-10-08,16219.0,16325.0,16167.0,16276.0,5033.0
2013-10-10,16234.0,16469.0,16234.0,16383.0,3731.0
2013-10-11,16535.0,16656.0,16535.0,16575.0,6795.0
2013-10-14,16703.0,16703.0,16471.0,16551.0,9728.0
2013-10-15,16604.0,16694.0,16559.0,16579.0,2715.0
2013-10-16,16681.0,16752.0,16574.0,16579.0,3603.0
2013-10-17,16702.0,16759.0,16432.0,16532.0,9305.0
2013-10-18,16526.0,16689.0,16526.0,16649.0,16273.0
2013-10-21,16703.0,16804.0,16592.0,16621.0,8883.0
2013-10-22,16577.0,16577.0,16424.0,16435.0,7208.0
2013-10-23,16493.0,16493.0,16163.0,16170.0,9103.0
2013-10-24,16153.0,16291.0,16085.0,16294.0,42974.0
2013-10-25,16318.0,16355.0,16182.0,16355.0,4522.0
2013-10-28,16428.0,16512.0,16428.0,16499.0,9056.0
2013-10-29,16509.0,16535.0,16276.0,16342.0,2260.0
2013-10-30,16433.0,16564.0,16341.0,16570.0,3961.0
2013-10-31,16533.0,16591.0,16382.0,16388.0,6388.0
2013-11-01,16448.0,16656.0,16448.0,16611.0,1400.0
2013-11-04,16652.0,16657.0,16564.0,16593.0,1651.0
2013-11-05,16577.0,16577.0,16215.0,16268.0,1661.0
2013-11-06,16257.0,16296.0,16023.0,16025.0,1198.0
2013-11-07,16103.0,16107.0,15858.0,15965.0,750.0
2013-11-08,15706.0,15917.0,15686.0,15691.0,3701.0
2013-11-11,15695.0,15712.0,15412.0,15418.0,2274.0
2013-11-12,15462.0,15776.0,15462.0,15761.0,1664.0
2013-11-13,15690.0,15698.0,15551.0,15556.0,1329.0
2013-11-14,15810.0,15810.0,15640.0,15696.0,1157.0
2013-11-15,15781.0,16073.0,15781.0,16076.0,1764.0
2013-11-18,16175.0,16180.0,16062.0,16104.0,1198.0
2013-11-19,16067.0,16153.0,15947.0,16039.0,1937.0
2013-11-20,15936.0,15936.0,15686.0,15691.0,2931.0
2013-11-21,15653.0,15689.0,15524.0,15611.0,1087.0
2013-11-22,15691.0,15717.0,15585.0,15646.0,823.0
2013-11-25,15676.0,15924.0,15676.0,15929.0,2260.0
2013-11-26,15923.0,16026.0,15853.0,16029.0,2637.0
2013-11-27,16025.0,16137.0,15963.0,16142.0,1866.0
2013-11-28,16177.0,16355.0,16177.0,16355.0,3068.0
2013-11-29,16387.0,16437.0,16314.0,16430.0,3516.0
2013-12-02,16437.0,16437.0,16225.0,16294.0,942.0
2013-12-03,16257.0,16285.0,15994.0,15997.0,876.0
2013-12-04,15922.0,16030.0,15904.0,15910.0,628.0
2013-12-05,15786.0,15903.0,15781.0,15845.0,22579.0
2013-12-06,15862.0,16021.0,15853.0,15992.0,2099.0
2013-12-09,16062.0,16116.0,16038.0,16104.0,946.0
2013-12-10,16094.0,16153.0,16007.0,16048.0,1000.0
2013-12-11,15973.0,16094.0,15933.0,15939.0,1346.0
2013-12-12,15765.0,15875.0,15765.0,15863.0,725.0
2013-12-13,15764.0,15826.0,15662.0,15832.0,2412.0
2013-12-16,15857.0,15922.0,15816.0,15822.0,945.0
2013-12-17,15941.0,15967.0,15722.0,15729.0,885.0
2013-12-18,15736.0,15780.0,15681.0,15686.0,902.0
2013-12-19,15820.0,15820.0,15551.0,15556.0,1918.0
2013-12-20,15619.0,15659.0,15614.0,15646.0,399.0
2013-12-23,15751.0,15914.0,15751.0,15920.0,1554.0
2013-12-24,15888.0,15888.0,15811.0,15817.0,7221.0
2013-12-26,15786.0,15786.0,15637.0,15641.0,12353.0
2013-12-27,15777.0,15967.0,15777.0,15965.0,4781.0
2013-12-30,16012.0,16055.0,15923.0,16058.0,2187.0
2014-01-02,16037.0,16037.0,15536.0,15586.0,13047.0
2014-01-03,15570.0,15849.0,15570.0,15854.0,6024.0
2014-01-06,15902.0,16103.0,15902.0,16104.0,858.0
2014-01-07,16062.0,16233.0,16062.0,16132.0,52500.0
2014-01-08,16261.0,16322.0,16186.0,16327.0,15898.0
2014-01-09,16336.0,16442.0,16336.0,16412.0,1190.0
2014-01-10,16373.0,16373.0,16177.0,16248.0,1662.0
2014-01-13,16246.0,16386.0,16172.0,16180.0,855.0
2014-01-14,16149.0,16255.0,16089.0,16165.0,474.0
2014-01-15,16274.0,16274.0,16016.0,16104.0,1245.0
2014-01-16,16120.0,16135.0,16016.0,16108.0,46412.0
2014-01-17,16190.0,16190.0,16081.0,16085.0,1232.0
2014-01-20,16108.0,16410.0,16108.0,16417.0,784.0
2014-01-21,16382.0,16413.0,16349.0,16388.0,1772.0
2014-01-22,16380.0,16516.0,16250.0,16522.0,10408.0
2014-01-23,16547.0,16646.0,16382.0,16388.0,2437.0
2014-01-24,16344.0,16438.0,16313.0,16443.0,302.0
2014-01-27,16082.0,16127.0,15969.0,16025.0,2241.0
2014-01-28,15959.0,16245.0,15959.0,16243.0,754.0
2014-01-29,16364.0,16500.0,16350.0,16504.0,1291.0
2014-02-03,16424.0,16531.0,16410.0,16499.0,458.0
2014-02-04,16257.0,16257.0,16050.0,16053.0,3076.0
2014-02-05,16163.0,16163.0,16064.0,16068.0,270.0
2014-02-06,16210.0,16407.0,16210.0,16402.0,1907.0
2014-02-07,16527.0,16543.0,16499.0,16541.0,488.0
2014-02-10,16562.0,16661.0,16535.0,16541.0,580.0
2014-02-11,16590.0,16664.0,16547.0,16656.0,547.0
2014-02-12,16833.0,16833.0,16691.0,16694.0,268.0
2014-02-13,16723.0,16747.0,16618.0,16679.0,1958.0
2014-02-14,16794.0,16846.0,16628.0,16649.0,396.0
2014-02-17,16694.0,16694.0,16550.0,16631.0,536.0
2014-02-18,16628.0,16737.0,16588.0,16689.0,666.0
2014-02-19,16685.0,16818.0,16685.0,16748.0,1188.0
2014-02-20,16773.0,16804.0,16605.0,16611.0,211.0
2014-02-21,16755.0,16878.0,16755.0,16885.0,4772.0
2014-02-24,16895.0,16905.0,16795.0,16801.0,450.0
2014-02-25,16785.0,16785.0,16713.0,16787.0,1179.0
2014-02-26,16833.0,16931.0,16790.0,16931.0,17986.0
2014-02-27,16944.0,16944.0,16747.0,16858.0,2845.0
2014-02-28,16827.0,16873.0,16773.0,16880.0,30359.0
2014-03-03,16762.0,16789.0,16689.0,16753.0,1072.0
2014-03-04,16652.0,16883.0,16652.0,16839.0,666.0
2014-03-05,16991.0,17026.0,16921.0,16931.0,2260.0
2014-03-06,16925.0,16992.0,16869.0,16997.0,410.0
2014-03-07,17042.0,17103.0,17022.0,17052.0,1541.0
2014-03-10,16949.0,17088.0,16819.0,16825.0,6680.0
2014-03-11,16887.0,16990.0,16887.0,16982.0,617.0
2014-03-12,16935.0,16945.0,16691.0,16694.0,361.0
2014-03-13,16736.0,16928.0,16731.0,16898.0,252.0
2014-03-14,16733.0,16851.0,16733.0,16839.0,411.0
2014-03-17,16768.0,16768.0,16471.0,16476.0,675.0
2014-03-18,16588.0,16632.0,16588.0,16621.0,911.0
2014-03-19,16677.0,16713.0,16614.0,16689.0,848.0
2014-03-20,16638.0,16685.0,16613.0,16679.0,296.0
2014-03-21,16751.0,16992.0,16751.0,16997.0,2663.0
2014-03-24,16958.0,16958.0,16809.0,16880.0,5487.0
2014-03-25,16708.0,16708.0,16563.0,16611.0,516.0
2014-03-26,16714.0,16852.0,16671.0,16858.0,373.0
2014-03-27,16627.0,16675.0,16553.0,16601.0,601.0
2014-03-28,16713.0,16803.0,16713.0,16763.0,1957.0
2014-03-31,16833.0,16833.0,16583.0,16722.0,1103.0
2014-04-01,16773.0,16943.0,16773.0,16940.0,3191.0
2014-04-02,17066.0,17104.0,17056.0,17104.0,2089.0
2014-04-03,17148.0,17177.0,17128.0,17129.0,1584.0
2014-04-04,17233.0,17253.0,17196.0,17238.0,3146.0
2014-04-07,17140.0,17175.0,17082.0,17152.0,353.0
2014-04-08,17116.0,17153.0,17068.0,17157.0,1104.0
2014-04-09,17153.0,17153.0,16940.0,16945.0,2281.0
2014-04-10,17042.0,17131.0,17017.0,17129.0,666.0
2014-04-11,16978.0,17055.0,16930.0,16992.0,1055.0
2014-04-14,17000.0,17083.0,16991.0,17057.0,447.0
2014-04-15,17140.0,17177.0,17032.0,17052.0,1094.0
2014-04-16,17108.0,17131.0,17047.0,17120.0,3279.0
2014-04-17,17144.0,17168.0,16974.0,16978.0,187.0
2014-04-18,17172.0,17524.0,17167.0,17498.0,3945.0
2014-04-21,17639.0,17639.0,17503.0,17600.0,565.0
2014-04-22,17597.0,17597.0,17516.0,17600.0,1672.0
2014-04-23,17639.0,17803.0,17639.0,17647.0,1381.0
2014-04-24,17733.0,17733.0,17547.0,17642.0,1092.0
2014-04-25,17635.0,17635.0,17451.0,17456.0,1051.0
2014-04-28,17434.0,17453.0,17300.0,17409.0,220.0
2014-04-29,17390.0,17390.0,17244.0,17290.0,359.0
2014-04-30,17414.0,17529.0,17268.0,17322.0,11934.0
2014-05-02,17397.0,17397.0,17193.0,17220.0,669.0
2014-05-07,17184.0,17286.0,17011.0,17018.0,849.0
2014-05-08,17011.0,17065.0,16813.0,16866.0,987.0
2014-05-09,16907.0,16986.0,16808.0,16930.0,1839.0
2014-05-12,16850.0,17204.0,16850.0,17167.0,1598.0
2014-05-13,17210.0,17501.0,17210.0,17366.0,1164.0
2014-05-14,17395.0,17491.0,17395.0,17412.0,328.0
2014-05-15,17409.0,17418.0,17326.0,17331.0,797.0
2014-05-16,17343.0,17400.0,17190.0,17404.0,21735.0
2014-05-19,17368.0,17368.0,17128.0,17129.0,1604.0
2014-05-20,17272.0,17296.0,17158.0,17238.0,791.0
2014-05-21,17236.0,17350.0,17198.0,17200.0,2709.0
2014-05-22,17361.0,17373.0,17218.0,17220.0,2131.0
2014-05-23,17329.0,17329.0,17273.0,17308.0,1087.0
2014-05-26,17389.0,17441.0,17334.0,17375.0,446.0
2014-05-27,17360.0,17452.0,17288.0,17456.0,1221.0
2014-05-28,17494.0,17579.0,17438.0,17581.0,4927.0
2014-05-29,17628.0,17716.0,17624.0,17700.0,205.0
2014-05-30,17697.0,17725.0,17511.0,17563.0,1282.0
2014-06-02,17545.0,17601.0,17411.0,17572.0,374.0
2014-06-03,17538.0,17668.0,17515.0,17549.0,650.0
2014-06-05,17497.0,17581.0,17358.0,17427.0,3921.0
2014-06-09,17523.0,17613.0,17320.0,17404.0,692.0
2014-06-10,17420.0,17703.0,17420.0,17710.0,1336.0
2014-06-11,17706.0,17716.0,17559.0,17590.0,1001.0
2014-06-12,17715.0,17715.0,17559.0,17563.0,709.0
2014-06-13,17468.0,17468.0,17358.0,17422.0,1216.0
2014-06-16,17492.0,17669.0,17492.0,17675.0,2320.0
2014-06-17,17724.0,17832.0,17724.0,17794.0,5258.0
2014-06-18,17737.0,17857.0,17737.0,17857.0,1319.0
2014-06-19,17856.0,17856.0,17726.0,17748.0,521.0
2014-06-20,17838.0,17838.0,17520.0,17554.0,902.0
2014-06-23,17537.0,17537.0,17287.0,17294.0,1715.0
2014-06-24,17410.0,17611.0,17410.0,17615.0,855.0
2014-06-25,17529.0,17529.0,17419.0,17470.0,643.0
2014-06-26,17422.0,17492.0,17263.0,17271.0,632.0
2014-06-27,17171.0,17214.0,17036.0,17042.0,21160.0
2014-06-30,17083.0,17311.0,17083.0,17317.0,1274.0
2014-07-01,17302.0,17601.0,17302.0,17490.0,682.0
2014-07-02,17693.0,17830.0,17602.0,17745.0,4236.0
2014-07-03,17805.0,17928.0,17800.0,17927.0,3214.0
2014-07-04,17877.0,17877.0,17772.0,17791.0,398.0
2014-07-07,17763.0,17878.0,17736.0,17871.0,2119.0
2014-07-08,17867.0,17997.0,17867.0,17997.0,751.0
2014-07-09,17955.0,17955.0,17754.0,17857.0,52999.0
2014-07-10,17897.0,17897.0,17741.0,17748.0,920.0
2014-07-11,17678.0,17706.0,17494.0,17498.0,2196.0
2014-07-14,17643.0,17714.0,17626.0,17633.0,583.0
2014-07-15,17819.0,17833.0,17706.0,17791.0,523.0
2014-07-16,17812.0,17812.0,17688.0,17814.0,1610.0
2014-07-17,17907.0,18073.0,17907.0,17992.0,11648.0
2014-07-18,17780.0,17916.0,17780.0,17922.0,1467.0
2014-07-21,17966.0,18007.0,17842.0,17898.0,1073.0
2014-07-22,17893.0,17940.0,17791.0,17945.0,4492.0
2014-07-23,17996.0,18034.0,17845.0,17852.0,3253.0
2014-07-24,17844.0,17848.0,17694.0,17705.0,1518.0
2014-07-25,17691.0,17724.0,17528.0,17638.0,2182.0
2014-07-28,17609.0,17609.0,17258.0,17266.0,4856.0
2014-07-29,17166.0,17234.0,16859.0,16939.0,34559.0
2014-07-30,16920.0,17059.0,16883.0,17051.0,2340.0
2014-07-31,16740.0,16753.0,16372.0,16530.0,7950.0
2014-08-01,16170.0,16637.0,16170.0,16582.0,10443.0
2014-08-04,16599.0,16851.0,16599.0,16843.0,3636.0
2014-08-05,16895.0,16895.0,16684.0,16742.0,668.0
2014-08-06,16688.0,16688.0,16284.0,16330.0,16161.0
2014-08-07,16338.0,16412.0,16274.0,16301.0,2031.0
2014-08-08,16244.0,16259.0,15949.0,16092.0,1600.0
2014-08-11,16204.0,16264.0,16199.0,16246.0,520.0
2014-08-12,16246.0,16294.0,16067.0,16070.0,3961.0
2014-08-13,16101.0,16251.0,16101.0,16256.0,1217.0
2014-08-14,16338.0,16394.0,16273.0,16395.0,750.0
2014-08-18,16468.0,16468.0,16274.0,16278.0,256.0
2014-08-19,16398.0,16398.0,16284.0,16301.0,1194.0
2014-08-20,16326.0,16470.0,16326.0,16474.0,1745.0
2014-08-21,16512.0,16586.0,16512.0,16559.0,314.0
2014-08-22,16586.0,16598.0,16539.0,16550.0,1164.0
2014-08-25,16539.0,16681.0,16503.0,16683.0,585.0
2014-08-26,16660.0,16660.0,16534.0,16540.0,27647.0
2014-08-27,16511.0,16520.0,16417.0,16484.0,1064.0
2014-08-28,16580.0,16580.0,16451.0,16525.0,1347.0
2014-08-29,16470.0,16609.0,16470.0,16615.0,1307.0
2014-09-01,16651.0,16651.0,16335.0,16368.0,5956.0
2014-09-02,16390.0,16394.0,16156.0,16201.0,889.0
2014-09-03,16139.0,16139.0,15848.0,15851.0,2509.0
2014-09-04,15925.0,16047.0,15925.0,15986.0,724.0
2014-09-05,15980.0,16096.0,15980.0,16102.0,2669.0
2014-09-11,16362.0,16362.0,16199.0,16241.0,3512.0
2014-09-12,16256.0,16256.0,16112.0,16214.0,731.0
2014-09-15,16200.0,16200.0,15997.0,16005.0,1722.0
2014-09-16,15949.0,16088.0,15944.0,16092.0,952.0
2014-09-17,16101.0,16227.0,16101.0,16178.0,1313.0
2014-09-18,16194.0,16209.0,16043.0,16046.0,833.0
2014-09-19,16184.0,16184.0,16101.0,16125.0,53.0
2014-09-22,16065.0,16065.0,15874.0,15907.0,594.0
2014-09-23,15911.0,15911.0,15689.0,15722.0,1007.0
2014-09-24,15632.0,15758.0,15576.0,15763.0,3133.0
2014-09-25,15835.0,15948.0,15734.0,15832.0,659.0
2014-09-26,15757.0,15874.0,15757.0,15879.0,699.0
2014-09-29,15976.0,16106.0,15852.0,15856.0,1819.0
2014-09-30,15807.0,15869.0,15632.0,15805.0,7203.0
2014-10-01,15782.0,15782.0,15444.0,15465.0,1634.0
2014-10-02,15449.0,15633.0,15436.0,15638.0,590.0
2014-10-06,15688.0,15688.0,15530.0,15618.0,573.0
2014-10-07,15719.0,15828.0,15530.0,15703.0,681.0
2014-10-08,15611.0,15774.0,15597.0,15777.0,12712.0
2014-10-10,15525.0,15623.0,15478.0,15508.0,901.0
2014-10-13,15185.0,15185.0,14913.0,15023.0,1667.0
2014-10-14,15000.0,15352.0,15000.0,15321.0,1608.0
2014-10-15,15313.0,15445.0,15313.0,15321.0,461.0
2014-10-16,15239.0,15293.0,15118.0,15281.0,1674.0
2014-10-17,15223.0,15280.0,14947.0,15001.0,1538.0
2014-10-20,15127.0,15272.0,15127.0,15276.0,1325.0
2014-10-21,15271.0,15377.0,15271.0,15297.0,862.0
2014-10-22,15623.0,15667.0,15492.0,15663.0,599.0
2014-10-23,15714.0,15734.0,15647.0,15693.0,262.0
2014-10-24,15822.0,15822.0,15436.0,15456.0,1584.0
2014-10-27,15453.0,15453.0,15325.0,15372.0,369.0
2014-10-28,15391.0,15529.0,15391.0,15503.0,696.0
2014-10-29,15576.0,15689.0,15497.0,15693.0,1006.0
2014-10-30,15809.0,15949.0,15809.0,15936.0,2644.0
2014-10-31,15928.0,16269.0,15928.0,16274.0,3704.0
2014-11-03,16293.0,16293.0,16079.0,16087.0,28193.0
2014-11-04,16084.0,16106.0,15781.0,15936.0,5835.0
2014-11-05,15921.0,15921.0,15794.0,15860.0,1138.0
2014-11-06,15900.0,15944.0,15725.0,15814.0,1045.0
2014-11-07,15892.0,16020.0,15828.0,16023.0,454.0
2014-11-10,16096.0,16266.0,16096.0,16270.0,18323.0
2014-11-11,16275.0,16275.0,16191.0,16214.0,4757.0
2014-11-12,16279.0,16333.0,16232.0,16325.0,1854.0
2014-11-13,16288.0,16288.0,16185.0,16256.0,354.0
2014-11-14,16269.0,16269.0,16088.0,16210.0,835.0
2014-11-17,15995.0,16060.0,15679.0,15683.0,893.0
2014-11-18,15804.0,15892.0,15772.0,15842.0,164.0
2014-11-19,15995.0,16088.0,15970.0,16092.0,12586.0
2014-11-20,16071.0,16129.0,16071.0,16079.0,249.0
2014-11-21,16169.0,16169.0,16005.0,16023.0,238.0
2014-11-24,16193.0,16203.0,16028.0,16116.0,307.0
2014-11-25,16213.0,16268.0,16213.0,16236.0,393.0
2014-11-26,16213.0,16357.0,16120.0,16315.0,272.0
2014-11-27,16531.0,16644.0,16502.0,16530.0,1684.0
2014-11-28,16655.0,16655.0,16517.0,16605.0,2821.0
2014-12-01,16586.0,16586.0,16517.0,16564.0,112.0
2014-12-02,16446.0,16525.0,16367.0,16530.0,391.0
2014-12-03,16563.0,16598.0,16516.0,16578.0,2361.0
2014-12-04,16651.0,16754.0,16632.0,16725.0,13796.0
2014-12-05,16744.0,16793.0,16741.0,16742.0,35.0
2014-12-08,16799.0,16916.0,16799.0,16853.0,507.0
2014-12-09,16859.0,16978.0,16851.0,16981.0,4127.0
2014-12-10,16910.0,16910.0,16693.0,16697.0,792.0
2014-12-11,16660.0,16660.0,16466.0,16484.0,932.0
2014-12-12,16548.0,16548.0,16313.0,16415.0,246.0
2014-12-15,16256.0,16405.0,16256.0,16410.0,60148.0
2014-12-16,16389.0,16389.0,16228.0,16231.0,142.0
2014-12-17,16230.0,16230.0,16134.0,16158.0,31.0
2014-12-18,16273.0,16316.0,16088.0,16246.0,2004.0
2014-12-19,16398.0,16739.0,16398.0,16728.0,383.0
2014-12-22,16790.0,16834.0,16713.0,16838.0,1346.0
2014-12-23,16797.0,17036.0,16797.0,17042.0,8552.0
2014-12-24,16967.0,17026.0,16967.0,17032.0,1978.0
2014-12-26,17026.0,17088.0,16982.0,16986.0,5901.0
2014-12-29,17238.0,17519.0,17238.0,17409.0,5462.0
2014-12-30,17328.0,17402.0,17266.0,17394.0,483.0
2015-01-02,17456.0,17631.0,17456.0,17581.0,2040.0
2015-01-05,17583.0,17583.0,17507.0,17572.0,3831.0
2015-01-06,17386.0,17442.0,17259.0,17340.0,580.0
2015-01-07,17324.0,17437.0,17248.0,17441.0,294.0
2015-01-08,17510.0,17804.0,17510.0,17767.0,1245.0
2015-01-09,17950.0,18093.0,17907.0,17982.0,4680.0
2015-01-12,17906.0,18003.0,17906.0,17977.0,754.0
2015-01-13,17905.0,17957.0,17720.0,17772.0,1084.0
2015-01-14,17767.0,17862.0,17732.0,17736.0,942.0
2015-01-15,17745.0,17781.0,17675.0,17736.0,2472.0
2015-01-16,17523.0,17595.0,17418.0,17422.0,2530.0
2015-01-19,17600.0,17622.0,17507.0,17590.0,417.0
2015-01-20,17611.0,17611.0,17443.0,17615.0,2372.0
2015-01-21,17749.0,17995.0,17706.0,17972.0,393.0
2015-01-22,18001.0,18089.0,17737.0,17862.0,1433.0
2015-01-23,17949.0,17990.0,17902.0,17949.0,2007.0
2015-01-26,17905.0,17954.0,17901.0,17957.0,984.0
2015-01-27,17983.0,18088.0,17983.0,18071.0,478.0
2015-01-28,17953.0,17970.0,17847.0,17883.0,2329.0
2015-01-29,17948.0,17948.0,17757.0,17762.0,198.0
2015-01-30,17838.0,17838.0,17649.0,17781.0,1420.0
2015-02-02,17765.0,17765.0,17497.0,17544.0,14605.0
2015-02-03,17663.0,17663.0,17533.0,17539.0,242.0
2015-02-04,17752.0,17752.0,17584.0,17600.0,410.0
2015-02-05,17596.0,17596.0,17306.0,17446.0,1450.0
2015-02-06,17511.0,17511.0,17392.0,17485.0,532.0
2015-02-09,17525.0,17525.0,17405.0,17470.0,1241.0
2015-02-10,17465.0,17603.0,17385.0,17539.0,815.0
2015-02-11,17628.0,17850.0,17628.0,17852.0,401.0
2015-02-12,17921.0,17926.0,17737.0,17814.0,1651.0
2015-02-13,17950.0,17950.0,17815.0,17953.0,740.0
2015-02-16,18042.0,18042.0,17950.0,17953.0,84.0
2015-02-17,17943.0,17970.0,17866.0,17898.0,1526.0
2015-02-23,17971.0,18056.0,17933.0,18056.0,2659.0
2015-02-24,18229.0,18256.0,18187.0,18190.0,3029.0
2015-02-25,18204.0,18204.0,18002.0,18046.0,573.0
2015-02-26,18032.0,18042.0,17971.0,18046.0,1463.0
2015-02-27,18136.0,18215.0,18104.0,18209.0,509.0
2015-03-02,18247.0,18470.0,18242.0,18438.0,642.0
2015-03-03,18559.0,18595.0,18358.0,18567.0,2817.0
2015-03-04,18488.0,18618.0,18488.0,18557.0,598.0
2015-03-05,18674.0,18674.0,18558.0,18618.0,1278.0
2015-03-06,18639.0,18845.0,18639.0,18847.0,1097.0
2015-03-09,18775.0,18775.0,18408.0,18515.0,8870.0
2015-03-10,18501.0,18548.0,18205.0,18270.0,197.0
2015-03-11,18140.0,18360.0,18135.0,18365.0,235.0
2015-03-12,18302.0,18388.0,18206.0,18312.0,1639.0
2015-03-13,18240.0,18539.0,18240.0,18453.0,869.0
2015-03-16,18466.0,18543.0,18466.0,18503.0,208.0
2015-03-17,18497.0,18600.0,18493.0,18567.0,1617.0
2015-03-18,18574.0,18691.0,18529.0,18586.0,1288.0
2015-03-19,18751.0,18751.0,18277.0,18292.0,1303.0
2015-03-20,18308.0,18334.0,18178.0,18331.0,1182.0
2015-03-23,18456.0,18641.0,18456.0,18637.0,93268.0
2015-03-24,18532.0,18736.0,18532.0,18659.0,3615.0
2015-03-25,18665.0,18776.0,18665.0,18783.0,6891.0
2015-03-26,18477.0,18498.0,18203.0,18204.0,1466.0
2015-03-27,18228.0,18342.0,18082.0,18163.0,699.0
2015-03-30,18247.0,18428.0,18206.0,18433.0,557.0
2015-03-31,18538.0,18538.0,18282.0,18419.0,4961.0
2015-04-01,18392.0,18392.0,18138.0,18148.0,1943.0
2015-04-02,18202.0,18202.0,17959.0,17997.0,1128.0
2015-04-03,18012.0,18051.0,17882.0,18056.0,1663.0
2015-04-06,18112.0,18305.0,18092.0,18260.0,482.0
2015-04-07,18319.0,18323.0,18047.0,18051.0,1240.0
2015-04-08,18033.0,18033.0,17853.0,17866.0,2115.0
2015-04-09,17835.0,18008.0,17835.0,17997.0,269.0
2015-04-10,18088.0,18315.0,18088.0,18312.0,1667.0
2015-04-13,18350.0,18364.0,18144.0,18209.0,1291.0
2015-04-14,18225.0,18261.0,17926.0,17949.0,2563.0
2015-04-15,17911.0,18013.0,17883.0,17953.0,3769.0
2015-04-16,18056.0,18118.0,17949.0,18121.0,56103.0
2015-04-17,18116.0,18119.0,17961.0,18046.0,43737.0
2015-04-20,17924.0,17948.0,17785.0,17883.0,1652.0
2015-04-21,17935.0,18099.0,17906.0,18102.0,1534.0
2015-04-22,18120.0,18151.0,17729.0,17931.0,945.0
2015-04-23,18207.0,18535.0,18173.0,18476.0,71239.0
2015-04-24,18645.0,18700.0,18286.0,18302.0,4781.0
2015-04-27,18370.0,18370.0,18157.0,18275.0,2994.0
2015-04-28,18235.0,18409.0,18231.0,18327.0,709.0
2015-04-29,18457.0,18560.0,18321.0,18563.0,13528.0
2015-04-30,18583.0,18583.0,18335.0,18433.0,7696.0
2015-05-04,18473.0,18473.0,18119.0,18121.0,910.0
2015-05-06,17914.0,17914.0,17556.0,17622.0,10544.0
2015-05-07,17677.0,17913.0,17429.0,17902.0,1205.0
2015-05-08,17849.0,18189.0,17849.0,18041.0,834.0
2015-05-11,18202.0,18202.0,17987.0,17991.0,328.0
2015-05-12,18096.0,18096.0,17779.0,17794.0,579.0
2015-05-13,17892.0,18127.0,17789.0,18130.0,27956.0
2015-05-14,18193.0,18361.0,18193.0,18361.0,9783.0
2015-05-15,18571.0,18872.0,18556.0,18714.0,3487.0
2015-05-18,18880.0,18880.0,18539.0,18642.0,673.0
2015-05-19,18634.0,18760.0,18593.0,18765.0,1486.0
2015-05-20,18759.0,18907.0,18712.0,18801.0,1718.0
2015-05-21,18830.0,18830.0,18481.0,18605.0,798.0
2015-05-22,18602.0,18741.0,18602.0,18745.0,4021.0
2015-05-26,18861.0,18861.0,18461.0,18550.0,834.0
2015-05-27,18441.0,18559.0,18372.0,18424.0,834.0
2015-05-28,18619.0,18619.0,18499.0,18577.0,4701.0
2015-05-29,18656.0,19001.0,18656.0,18909.0,540.0
2015-06-01,18853.0,18853.0,18544.0,18816.0,428.0
2015-06-02,18887.0,18887.0,18640.0,18710.0,1321.0
2015-06-03,18691.0,18769.0,18464.0,18481.0,1120.0
2015-06-04,18600.0,18684.0,18544.0,18554.0,602.0
2015-06-05,18526.0,18854.0,18526.0,18838.0,1859.0
2015-06-08,18825.0,18825.0,18676.0,18690.0,310.0
2015-06-09,18602.0,18616.0,18485.0,18619.0,1849.0
2015-06-10,18617.0,18644.0,18275.0,18356.0,537.0
2015-06-11,18447.0,18447.0,18197.0,18223.0,107.0
2015-06-12,18358.0,18358.0,18062.0,18171.0,486.0
2015-06-15,18021.0,18086.0,17794.0,17798.0,3819.0
2015-06-16,17803.0,17803.0,17481.0,17552.0,1755.0
2015-06-17,17562.0,17929.0,17562.0,17827.0,1100.0
2015-06-18,17913.0,17913.0,17837.0,17877.0,917.0
2015-06-19,17955.0,17959.0,17899.0,17934.0,20.0
2015-06-22,17999.0,18133.0,17999.0,18130.0,683.0
2015-06-23,18307.0,18307.0,18168.0,18243.0,886.0
2015-06-24,18220.0,18220.0,17963.0,17966.0,825.0
2015-06-25,17861.0,18028.0,17861.0,17971.0,286.0
2015-06-26,17832.0,17832.0,17744.0,17785.0,1436.0
2015-06-29,17389.0,17649.0,17372.0,17588.0,732.0
2015-06-30,17504.0,17639.0,17289.0,17645.0,262.0
2015-07-01,17638.0,17849.0,17638.0,17775.0,431.0
2015-07-02,17653.0,17653.0,17584.0,17653.0,344.0
2015-07-03,17832.0,17913.0,17784.0,17887.0,708.0
2015-07-06,17659.0,17683.0,17354.0,17356.0,1182.0
2015-07-07,17427.0,17518.0,17324.0,17435.0,282.0
2015-07-08,17429.0,17444.0,17295.0,17373.0,56.0
2015-07-09,17174.0,17281.0,16927.0,17287.0,87.0
2015-07-10,17314.0,17427.0,17295.0,17430.0,382.0
2015-07-13,17426.0,17714.0,17426.0,17683.0,316.0
2015-07-14,17804.0,17804.0,17266.0,17364.0,13976.0
2015-07-15,17426.0,17522.0,17426.0,17505.0,102.0
2015-07-16,17524.0,18109.0,17524.0,18111.0,990.0
2015-07-17,18202.0,18233.0,18038.0,18233.0,1184.0
2015-07-20,18267.0,18267.0,17983.0,17986.0,527.0
2015-07-21,18077.0,18077.0,17784.0,17907.0,799.0
2015-07-22,17841.0,17841.0,17621.0,17688.0,740.0
2015-07-23,17808.0,17808.0,17407.0,17411.0,289.0
2015-07-24,17429.0,17429.0,17246.0,17314.0,374.0
2015-07-27,17328.0,17333.0,16952.0,16992.0,660.0
2015-07-28,16779.0,16844.0,16549.0,16849.0,363.0
2015-07-29,17012.0,17055.0,16874.0,16889.0,101.0
2015-07-30,16874.0,16874.0,16261.0,16265.0,844.0
2015-07-31,16294.0,16441.0,16261.0,16424.0,128.0
2015-08-03,16573.0,16573.0,16219.0,16222.0,205.0
2015-08-04,16169.0,16394.0,16169.0,16400.0,101.0
2015-08-05,16563.0,16596.0,16490.0,16493.0,146.0
2015-08-06,16622.0,16622.0,16353.0,16391.0,34308.0
2015-08-07,16316.0,16442.0,16289.0,16446.0,353.0
2015-08-10,16460.0,16460.0,16170.0,16270.0,146.0
2015-08-11,16450.0,16646.0,16368.0,16372.0,646.0
2015-08-12,16241.0,16280.0,15662.0,16009.0,5176.0
2015-08-13,15990.0,16205.0,15975.0,16209.0,418.0
2015-08-17,16318.0,16318.0,15898.0,15901.0,399.0
2015-08-18,16008.0,16008.0,15659.0,15832.0,898.0
2015-08-19,15782.0,15782.0,15289.0,15453.0,540.0
2015-08-20,15368.0,15504.0,15146.0,15205.0,515.0
2015-08-21,14356.0,14723.0,14356.0,14577.0,4843.0
2015-08-24,14328.0,14626.0,13984.0,14058.0,394.0
2015-08-25,14223.0,14916.0,14144.0,14865.0,580.0
2015-08-26,14770.0,15019.0,14685.0,15012.0,3080.0
2015-08-27,15271.0,15329.0,15177.0,15248.0,400.0
2015-08-28,15511.0,15626.0,15501.0,15527.0,377.0
2015-08-31,15522.0,15522.0,15288.0,15457.0,263.0
2015-09-01,15361.0,15394.0,15153.0,15155.0,141.0
2015-09-02,14834.0,15173.0,14834.0,15140.0,60.0
2015-09-03,15355.0,15401.0,15335.0,15383.0,390.0
2015-09-04,15514.0,15514.0,15029.0,15126.0,9176.0
2015-09-07,15108.0,15131.0,14972.0,14977.0,82.0
2015-09-08,15018.0,15018.0,14847.0,14916.0,895.0
2015-09-09,15230.0,15351.0,15147.0,15356.0,353.0
2015-09-10,15211.0,15285.0,15211.0,15233.0,45.0
2015-09-11,15230.0,15485.0,15230.0,15374.0,343.0
2015-09-14,15393.0,15429.0,15169.0,15253.0,119.0
2015-09-15,15171.0,15210.0,15065.0,15168.0,552.0
2015-09-16,15277.0,15513.0,15277.0,15500.0,814.0
2015-09-17,15555.0,15569.0,15486.0,15490.0,797.0
2015-09-18,15579.0,15662.0,15475.0,15666.0,406.0
2015-09-21,15489.0,15489.0,15299.0,15337.0,1671.0
2015-09-22,15341.0,15386.0,15273.0,15388.0,87.0
2015-09-23,15262.0,15262.0,15057.0,15061.0,788.0
2015-09-24,15080.0,15080.0,14906.0,14907.0,532.0
2015-09-25,14871.0,14871.0,14671.0,14674.0,267.0
2015-09-30,14615.0,14761.0,14562.0,14763.0,102.0
2015-10-01,14890.0,14921.0,14823.0,14921.0,266.0
2015-10-02,14889.0,14889.0,14730.0,14810.0,613.0
2015-10-05,14938.0,15074.0,14938.0,14992.0,410.0
2015-10-06,15146.0,15288.0,15146.0,15215.0,18527.0
2015-10-07,15335.0,15757.0,15335.0,15761.0,3903.0
2015-10-08,15806.0,15876.0,15569.0,15705.0,1984.0
2015-10-12,15736.0,15736.0,15560.0,15578.0,1675.0
2015-10-13,15626.0,15626.0,15476.0,15527.0,248.0
2015-10-14,15515.0,15525.0,15407.0,15527.0,337.0
2015-10-15,15466.0,15757.0,15466.0,15761.0,384.0
2015-10-16,15822.0,15822.0,15696.0,15701.0,335.0
2015-10-19,15737.0,15737.0,15599.0,15621.0,296.0
2015-10-20,15619.0,15677.0,15547.0,15641.0,1860.0
2015-10-21,15600.0,15600.0,15311.0,15403.0,117856.0
2015-10-22,15341.0,15417.0,15134.0,15135.0,1509.0
2015-10-23,15289.0,15289.0,15104.0,15107.0,819.0
2015-10-26,15207.0,15207.0,15105.0,15155.0,435.0
2015-10-27,15195.0,15195.0,15052.0,15168.0,969.0
2015-10-28,15192.0,15205.0,15132.0,15205.0,275.0
2015-10-29,15300.0,15537.0,15282.0,15378.0,702.0
2015-10-30,15412.0,15412.0,15370.0,15417.0,887.0
2015-11-02,15452.0,15661.0,15411.0,15636.0,894.0
2015-11-03,15702.0,15722.0,15514.0,15606.0,4688.0
2015-11-04,15681.0,15681.0,15505.0,15551.0,96.0
2015-11-05,15555.0,15618.0,15533.0,15621.0,945.0
2015-11-06,15583.0,15583.0,15267.0,15346.0,402.0
2015-11-09,15329.0,15329.0,15069.0,15210.0,14168.0
2015-11-10,15075.0,15075.0,14730.0,14810.0,1270.0
2015-11-11,14791.0,15020.0,14791.0,15024.0,83.0
2015-11-12,15014.0,15062.0,14917.0,15066.0,48.0
2015-11-13,14876.0,14972.0,14867.0,14907.0,169.0
2015-11-16,14713.0,14718.0,14637.0,14712.0,118.0
2015-11-17,14738.0,14957.0,14738.0,14963.0,92.0
2015-11-18,14936.0,15023.0,14936.0,15019.0,82.0
2015-11-19,15104.0,15157.0,15048.0,15159.0,183.0
2015-11-20,15242.0,15335.0,15234.0,15341.0,2612.0
2015-11-23,15380.0,15380.0,15254.0,15258.0,199.0
2015-11-24,15241.0,15241.0,15196.0,15201.0,165.0
2015-11-25,15320.0,15420.0,15320.0,15403.0,349.0
2015-11-26,15434.0,16003.0,15434.0,15910.0,2276.0
2015-11-27,15999.0,15999.0,15599.0,15601.0,1213.0
2015-11-30,15649.0,15658.0,15304.0,15346.0,262.0
2015-12-01,15380.0,15431.0,15380.0,15436.0,59.0
2015-12-02,15561.0,15561.0,15380.0,15427.0,183.0
2015-12-03,15383.0,15383.0,15210.0,15341.0,112.0
2015-12-04,15169.0,15304.0,15156.0,15294.0,134.0
2015-12-07,15365.0,15365.0,15291.0,15294.0,95.0
2015-12-08,15226.0,15226.0,15063.0,15145.0,371.0
2015-12-09,15105.0,15139.0,15071.0,15140.0,4411.0
2015-12-10,15142.0,15188.0,15122.0,15193.0,230.0
2015-12-11,15221.0,15239.0,15025.0,15029.0,23.0
2015-12-14,14870.0,14870.0,14684.0,14707.0,10306.0
2015-12-15,14729.0,14828.0,14729.0,14832.0,2161.0
2015-12-16,14983.0,15161.0,14983.0,15155.0,30.0
2015-12-17,15251.0,15280.0,15103.0,15201.0,390.0
2015-12-18,15109.0,15386.0,15109.0,15388.0,10005.0
2015-12-21,15374.0,15542.0,15349.0,15546.0,1197.0
2015-12-22,15588.0,15588.0,15457.0,15574.0,111.0
2015-12-23,15718.0,15840.0,15662.0,15808.0,1247.0
2015-12-24,15896.0,15896.0,15627.0,15631.0,691.0
2015-12-28,15661.0,15666.0,15538.0,15541.0,310.0
2015-12-29,15747.0,15895.0,15747.0,15877.0,86.0
2015-12-30,16009.0,16052.0,15985.0,16055.0,773.0
2016-01-04,15969.0,15969.0,15466.0,15471.0,6904.0
2016-01-05,15461.0,15575.0,15461.0,15578.0,56.0
2016-01-06,15575.0,15575.0,15476.0,15522.0,172.0
2016-01-07,15495.0,15495.0,15277.0,15303.0,114.0
2016-01-08,15088.0,15318.0,15088.0,15322.0,97.0
2016-01-11,15229.0,15229.0,14932.0,14935.0,120.0
2016-01-12,14976.0,15001.0,14684.0,14744.0,2202.0
2016-01-13,14866.0,14927.0,14804.0,14930.0,254.0
2016-01-14,14675.0,15008.0,14675.0,14982.0,98.0
2016-01-15,15180.0,15199.0,14915.0,14968.0,203.0
2016-01-18,14613.0,14851.0,14613.0,14836.0,66.0
2016-01-19,14832.0,15070.0,14832.0,15075.0,604.0
2016-01-20,15060.0,15060.0,14627.0,14697.0,385.0
2016-01-21,14527.0,14755.0,14527.0,14628.0,992.0
2016-01-22,14812.0,14812.0,14613.0,14735.0,438.0
2016-01-25,14917.0,14997.0,14828.0,15002.0,1172.0
2016-01-26,14948.0,14948.0,14792.0,14797.0,96.0
2016-01-27,14818.0,14917.0,14818.0,14921.0,3249.0
2016-01-28,14889.0,14889.0,14759.0,14865.0,197.0
2016-01-29,14874.0,14874.0,14627.0,14827.0,266.0
2016-02-01,14934.0,15106.0,14879.0,15099.0,7836.0
2016-02-02,15239.0,15239.0,15105.0,15140.0,857.0
2016-02-03,15006.0,15006.0,14810.0,14889.0,80.0
2016-02-04,14953.0,14953.0,14891.0,14894.0,207.0
2016-02-05,14852.0,14917.0,14838.0,14921.0,85.0
2016-02-11,14293.0,14427.0,14122.0,14143.0,1321.0
2016-02-12,14019.0,14019.0,13798.0,13907.0,1284.0
2016-02-15,14077.0,14270.0,14077.0,14274.0,849.0
2016-02-16,14328.0,14564.0,14328.0,14562.0,83.0
2016-02-17,14695.0,14695.0,14522.0,14643.0,47.0
2016-02-18,14822.0,14994.0,14822.0,14968.0,194.0
2016-02-19,15014.0,15062.0,14890.0,15066.0,76.0
2016-02-22,15075.0,15126.0,15056.0,15112.0,323.0
2016-02-23,15276.0,15276.0,15065.0,15070.0,127.0
2016-02-24,15127.0,15378.0,15127.0,15341.0,1829.0
2016-02-25,15420.0,15532.0,15398.0,15444.0,332.0
2016-02-26,15508.0,15508.0,15387.0,15457.0,173.0
2016-02-29,15474.0,15513.0,15462.0,15471.0,110.0
2016-03-02,15738.0,15849.0,15738.0,15840.0,330.0
2016-03-03,15948.0,15948.0,15696.0,15854.0,507.0
2016-03-04,15851.0,15854.0,15788.0,15854.0,343.0
2016-03-07,15885.0,15885.0,15708.0,15715.0,539.0
2016-03-08,15708.0,15708.0,15457.0,15574.0,255.0
2016-03-09,15509.0,15509.0,15364.0,15480.0,290.0
2016-03-10,15603.0,15757.0,15589.0,15761.0,84.0
2016-03-11,15763.0,15793.0,15700.0,15771.0,118.0
2016-03-14,15964.0,15964.0,15650.0,15666.0,11336.0
2016-03-15,15717.0,15787.0,15608.0,15611.0,43.0
2016-03-16,15639.0,15639.0,15561.0,15564.0,6.0
2016-03-17,15749.0,15842.0,15663.0,15771.0,1071.0
2016-03-18,15854.0,15858.0,15630.0,15696.0,617.0
2016-03-21,15802.0,15802.0,15618.0,15621.0,83.0
2016-03-22,15671.0,15713.0,15671.0,15715.0,16.0
2016-03-23,15792.0,15792.0,15728.0,15751.0,41.0
2016-03-24,15709.0,15709.0,15507.0,15514.0,64.0
2016-03-25,15569.0,15583.0,15522.0,15586.0,24.0
2016-03-28,15583.0,15583.0,15496.0,15500.0,8.0
2016-03-29,15639.0,15661.0,15561.0,15564.0,236.0
2016-03-30,15767.0,15767.0,15647.0,15654.0,192.0
2016-03-31,15738.0,15738.0,15659.0,15742.0,81.0
2016-04-01,15808.0,15808.0,15768.0,15771.0,11.0
2016-04-04,15728.0,15808.0,15728.0,15813.0,387.0
2016-04-05,15792.0,15792.0,15662.0,15666.0,477.0
2016-04-06,15650.0,15662.0,15650.0,15666.0,936.0
2016-04-07,15807.0,15807.0,15662.0,15666.0,38.0
2016-04-08,15649.0,15649.0,15551.0,15636.0,119.0
2016-04-11,15727.0,15727.0,15603.0,15606.0,111.0
2016-04-12,15682.0,15707.0,15682.0,15701.0,511.0
2016-04-14,15859.0,15877.0,15789.0,15799.0,364.0
2016-04-15,15840.0,15840.0,15728.0,15813.0,459.0
2016-04-18,15885.0,15885.0,15808.0,15813.0,6.0
2016-04-19,15793.0,15798.0,15686.0,15803.0,164.0
2016-04-20,15779.0,15837.0,15779.0,15840.0,65.0
2016-04-21,15881.0,15881.0,15837.0,15845.0,74.0
2016-04-22,15849.0,15849.0,15748.0,15766.0,339.0
2016-04-25,15822.0,15822.0,15748.0,15751.0,160.0
2016-04-26,15788.0,15944.0,15788.0,15948.0,609.0
2016-04-27,16013.0,16013.0,15864.0,15877.0,59.0
2016-04-28,15891.0,15891.0,15702.0,15708.0,416.0
2016-04-29,15706.0,15706.0,15611.0,15704.0,99.0
2016-05-02,15702.0,15702.0,15492.0,15571.0,170.0
2016-05-03,15628.0,15642.0,15591.0,15613.0,40.0
2016-05-04,15643.0,15643.0,15492.0,15510.0,128.0
2016-05-09,15441.0,15449.0,15283.0,15285.0,196.0
2016-05-10,15276.0,15380.0,15228.0,15383.0,551.0
2016-05-11,15416.0,15416.0,15262.0,15293.0,24.0
2016-05-12,15203.0,15227.0,15162.0,15165.0,92.0
2016-05-13,15179.0,15193.0,15134.0,15175.0,22.0
2016-05-16,15237.0,15237.0,15171.0,15185.0,14.0
2016-05-17,15171.0,15171.0,15171.0,15175.0,1.0
2016-05-18,15159.0,15159.0,15011.0,15137.0,272.0
2016-05-19,15095.0,15095.0,15016.0,15020.0,35.0
2016-05-20,15089.0,15089.0,14992.0,15076.0,93.0
2016-05-23,15197.0,15197.0,15190.0,15194.0,78.0
2016-05-24,15289.0,15289.0,15225.0,15261.0,596.0
2016-05-25,15354.0,15477.0,15308.0,15481.0,217.0
2016-05-26,15528.0,15528.0,15448.0,15453.0,1608.0
2016-05-27,15447.0,15594.0,15447.0,15584.0,873.0
2016-05-30,15610.0,15706.0,15610.0,15664.0,5760.0
2016-05-31,15676.0,15772.0,15544.0,15775.0,658.0
2016-06-01,15727.0,15978.0,15727.0,15981.0,3814.0
2016-06-02,16015.0,16094.0,15935.0,15986.0,2023.0
2016-06-03,16081.0,16081.0,15982.0,16038.0,418.0
2016-06-07,16123.0,16204.0,16118.0,16208.0,553.0
2016-06-08,16329.0,16329.0,16107.0,16165.0,446.0
2016-06-09,16159.0,16278.0,16128.0,16132.0,1639.0
2016-06-10,16293.0,16293.0,16053.0,16127.0,689.0
2016-06-13,16052.0,16052.0,15823.0,15826.0,1318.0
2016-06-14,15797.0,15972.0,15797.0,15976.0,372.0
2016-06-15,16077.0,16457.0,16077.0,16434.0,10564.0
2016-06-16,16425.0,16425.0,16175.0,16212.0,101.0
2016-06-17,16278.0,16391.0,16184.0,16195.0,2589.0
2016-06-20,16299.0,16410.0,16299.0,16416.0,231.0
2016-06-21,16443.0,16443.0,16261.0,16416.0,446.0
2016-06-22,16392.0,16552.0,16392.0,16557.0,2312.0
2016-06-23,16496.0,16496.0,16430.0,16462.0,411.0
2016-06-24,16680.0,16731.0,15642.0,16113.0,63738.0
2016-06-27,15764.0,16098.0,15764.0,16103.0,1031.0
2016-06-28,15920.0,16108.0,15882.0,16113.0,52.0
2016-06-29,16285.0,16433.0,16285.0,16286.0,798.0
2016-06-30,16364.0,16618.0,16331.0,16623.0,206.0
2016-07-01,16666.0,16872.0,16656.0,16830.0,2894.0
2016-07-04,16781.0,16920.0,16781.0,16923.0,6536.0
2016-07-05,16927.0,16927.0,16837.0,16895.0,3166.0
2016-07-06,16737.0,16737.0,16415.0,16490.0,2405.0
2016-07-07,16581.0,16845.0,16581.0,16850.0,4909.0
2016-07-08,16880.0,16918.0,16755.0,16867.0,2766.0
2016-07-11,17008.0,17236.0,17008.0,17163.0,5427.0
2016-07-12,17211.0,17224.0,17036.0,17041.0,315.0
2016-07-13,17268.0,17278.0,17156.0,17207.0,7166.0
2016-07-14,17203.0,17316.0,17203.0,17320.0,1176.0
2016-07-15,17363.0,17372.0,17263.0,17338.0,364.0
2016-07-18,17339.0,17450.0,17247.0,17369.0,26611.0
2016-07-19,17490.0,17513.0,17360.0,17451.0,14885.0
2016-07-20,17336.0,17487.0,17336.0,17490.0,57.0
2016-07-21,17638.0,17931.0,17638.0,17937.0,16669.0
2016-07-22,17702.0,17864.0,17683.0,17867.0,859.0
2016-07-25,17849.0,17928.0,17737.0,17739.0,5282.0
2016-07-26,17732.0,17837.0,17605.0,17838.0,424.0
2016-07-27,17835.0,17975.0,17835.0,17955.0,296.0
2016-07-28,17918.0,18036.0,17849.0,17929.0,4000.0
2016-07-29,17985.0,18330.0,17985.0,18333.0,3507.0
2016-08-01,18384.0,18700.0,18384.0,18629.0,16496.0
2016-08-02,18626.0,18626.0,18404.0,18451.0,4279.0
2016-08-03,18367.0,18570.0,18217.0,18470.0,10209.0
2016-08-04,18465.0,18465.0,18338.0,18385.0,321.0
2016-08-05,18408.0,18653.0,18408.0,18596.0,1837.0
2016-08-08,18675.0,18784.0,18512.0,18525.0,7795.0
2016-08-09,18592.0,18611.0,18492.0,18535.0,545.0
2016-08-10,18531.0,18531.0,18277.0,18353.0,1548.0
2016-08-11,18331.0,18331.0,17983.0,18163.0,3605.0
2016-08-12,18191.0,18327.0,18183.0,18185.0,5934.0
2016-08-16,18224.0,18252.0,18021.0,18025.0,3079.0
2016-08-17,17940.0,17940.0,17668.0,17791.0,2626.0
2016-08-18,17830.0,18325.0,17830.0,18328.0,30691.0
2016-08-19,18384.0,18672.0,18332.0,18676.0,25159.0
2016-08-22,18686.0,18724.0,18493.0,18591.0,3160.0
2016-08-23,18590.0,18625.0,18513.0,18596.0,6136.0
2016-08-24,18592.0,18592.0,18384.0,18417.0,2003.0
2016-08-25,18274.0,18398.0,18240.0,18398.0,1407.0
2016-08-26,18293.0,18293.0,18134.0,18185.0,939.0
2016-08-29,18040.0,18086.0,18036.0,18040.0,6952.0
2016-08-30,18124.0,18128.0,17949.0,18006.0,12212.0
2016-08-31,17993.0,17993.0,17745.0,17919.0,13793.0
2016-09-01,17795.0,17795.0,17589.0,17761.0,24665.0
2016-09-02,17786.0,17900.0,17786.0,17904.0,6735.0
2016-09-05,17921.0,18086.0,17921.0,18016.0,936.0
2016-09-06,18006.0,18130.0,17975.0,18134.0,25310.0
2016-09-07,18130.0,18167.0,17932.0,17942.0,17057.0
2016-09-08,17935.0,17935.0,17644.0,17791.0,7686.0
2016-09-09,17786.0,17806.0,17663.0,17809.0,277.0
2016-09-12,17319.0,17522.0,17238.0,17273.0,1261.0
2016-09-13,17412.0,17553.0,17385.0,17398.0,3331.0
2016-09-19,17564.0,17939.0,17564.0,17933.0,1179.0
2016-09-20,17991.0,17991.0,17977.0,17994.0,165.0
2016-09-21,18044.0,18044.0,18011.0,18016.0,115.0
2016-09-22,18222.0,18468.0,18155.0,18470.0,1945.0
2016-09-23,18519.0,18519.0,18371.0,18376.0,7223.0
2016-09-26,18304.0,18370.0,18236.0,18314.0,1489.0
2016-09-27,18305.0,18468.0,18232.0,18470.0,1677.0
2016-09-28,18536.0,18720.0,18473.0,18475.0,2187.0
2016-09-29,18512.0,18535.0,18433.0,18498.0,2051.0
2016-09-30,18383.0,18577.0,18383.0,18549.0,15521.0
2016-10-04,18659.0,18742.0,18631.0,18734.0,4885.0
2016-10-05,18729.0,18871.0,18635.0,18873.0,2947.0
2016-10-06,18868.0,18910.0,18704.0,18789.0,8282.0
2016-10-07,18784.0,18784.0,18613.0,18691.0,995.0
2016-10-10,18574.0,18616.0,18371.0,18376.0,1207.0
2016-10-11,18353.0,18536.0,18276.0,18338.0,3395.0
2016-10-12,18209.0,18304.0,18084.0,18210.0,12076.0
2016-10-13,18220.0,18220.0,17857.0,17919.0,3530.0
2016-10-14,17952.0,18121.0,17942.0,18111.0,5284.0
2016-10-17,18154.0,18236.0,17952.0,18116.0,1205.0
2016-10-18,18056.0,18056.0,17965.0,18049.0,16956.0
2016-10-19,18062.0,18062.0,17857.0,17899.0,25359.0
2016-10-20,17914.0,17914.0,17532.0,17717.0,27903.0
2016-10-21,17613.0,17676.0,17584.0,17635.0,5307.0
2016-10-24,17630.0,17630.0,17420.0,17432.0,646.0
2016-10-25,17483.0,17497.0,17290.0,17412.0,599.0
2016-10-26,17387.0,17482.0,17199.0,17486.0,1557.0
2016-10-27,17508.0,18088.0,17508.0,18088.0,4060.0
2016-10-28,18096.0,18152.0,17950.0,18040.0,1376.0
2016-10-31,18038.0,18038.0,17620.0,17693.0,2008.0
2016-11-01,17745.0,17844.0,17732.0,17734.0,809.0
2016-11-02,17649.0,17649.0,17316.0,17334.0,1971.0
2016-11-03,17208.0,17456.0,17208.0,17311.0,2548.0
2016-11-04,17371.0,17422.0,17229.0,17417.0,4751.0
2016-11-07,17496.0,17708.0,17496.0,17713.0,985.0
2016-11-08,17858.0,17858.0,17707.0,17725.0,1075.0
2016-11-09,17796.0,17796.0,16708.0,17183.0,5486.0
2016-11-10,17481.0,17575.0,17316.0,17481.0,7841.0
2016-11-11,17334.0,17334.0,17155.0,17255.0,29778.0
2016-11-14,17272.0,17311.0,17129.0,17197.0,6332.0
2016-11-15,17200.0,17200.0,17053.0,17202.0,3203.0
2016-11-16,17311.0,17477.0,17311.0,17481.0,11712.0
2016-11-17,17576.0,17576.0,17523.0,17578.0,516.0
2016-11-18,17667.0,17667.0,17385.0,17436.0,4771.0
2016-11-21,17405.0,17405.0,17129.0,17130.0,1073.0
2016-11-22,17275.0,17400.0,17275.0,17403.0,3065.0
2016-11-23,17518.0,17518.0,17336.0,17338.0,153.0
2016-11-24,17338.0,17389.0,17145.0,17297.0,4419.0
2016-11-25,17249.0,17372.0,17221.0,17356.0,290.0
2016-11-28,17267.0,17385.0,17262.0,17268.0,699.0
2016-11-29,17183.0,17419.0,17144.0,17422.0,962.0
2016-11-30,17430.0,17480.0,17335.0,17471.0,1137.0
2016-12-01,17378.0,17480.0,17369.0,17461.0,99.0
2016-12-02,17316.0,17334.0,17218.0,17329.0,3136.0
2016-12-05,17248.0,17310.0,17199.0,17226.0,1680.0
2016-12-06,17301.0,17480.0,17301.0,17456.0,1103.0
2016-12-07,17414.0,17456.0,17174.0,17293.0,5013.0
2016-12-08,17444.0,17718.0,17444.0,17721.0,2779.0
2016-12-09,17753.0,17753.0,17610.0,17698.0,4723.0
2016-12-12,17727.0,17858.0,17727.0,17814.0,1300.0
2016-12-13,17812.0,18328.0,17802.0,18244.0,3620.0
2016-12-14,18390.0,18560.0,18354.0,18461.0,4794.0
2016-12-15,18362.0,18779.0,18327.0,18752.0,8094.0
2016-12-16,18843.0,18925.0,18686.0,18868.0,14183.0
2016-12-19,18843.0,18907.0,18682.0,18729.0,10303.0
2016-12-20,18727.0,18760.0,18519.0,18549.0,10373.0
2016-12-21,18579.0,18897.0,18579.0,18808.0,29972.0
2016-12-22,18870.0,19124.0,18870.0,18922.0,2974.0
2016-12-23,18975.0,19106.0,18975.0,19058.0,3616.0
2016-12-26,19053.0,19053.0,18761.0,18803.0,1396.0
2016-12-27,18756.0,18987.0,18756.0,18917.0,922.0
2016-12-28,19077.0,19106.0,19050.0,19053.0,1389.0
2016-12-29,19049.0,19273.0,18988.0,19274.0,3834.0
2017-01-02,19272.0,19590.0,19272.0,19459.0,5455.0
2017-01-03,19517.0,19635.0,19503.0,19639.0,3083.0
2017-01-04,19562.0,19643.0,19204.0,19317.0,22879.0
2017-01-05,19331.0,19363.0,19204.0,19297.0,5654.0
2017-01-06,19332.0,19577.0,19332.0,19469.0,5585.0
2017-01-09,19594.0,19844.0,19580.0,19850.0,5492.0
2017-01-10,19844.0,19868.0,19573.0,19647.0,38870.0
2017-01-11,19815.0,19953.0,19810.0,19928.0,4293.0
2017-01-12,19960.0,19960.0,19644.0,19751.0,15025.0
2017-01-13,19638.0,19766.0,19563.0,19624.0,58417.0
2017-01-16,19681.0,19681.0,19092.0,19191.0,15517.0
2017-01-17,19147.0,19378.0,19147.0,19191.0,4400.0
2017-01-18,19151.0,19359.0,19030.0,19317.0,3229.0
2017-01-19,19493.0,19615.0,19315.0,19351.0,14215.0
2017-01-20,19387.0,19387.0,19128.0,19167.0,2913.0
2017-01-23,19203.0,19361.0,19203.0,19287.0,6299.0
2017-01-24,19384.0,19384.0,19157.0,19351.0,13940.0
2017-01-25,19443.0,19458.0,19373.0,19412.0,2582.0
2017-01-26,19517.0,19739.0,19507.0,19741.0,5664.0
2017-01-31,19742.0,19911.0,19720.0,19907.0,3485.0
2017-02-01,19901.0,20066.0,19840.0,19878.0,7481.0
2017-02-02,19874.0,19874.0,19450.0,19469.0,6232.0
2017-02-03,19464.0,19596.0,19322.0,19596.0,1707.0
2017-02-06,19648.0,19648.0,19332.0,19384.0,4999.0
2017-02-07,19296.0,19338.0,18966.0,19096.0,24420.0
2017-02-08,19091.0,19387.0,18940.0,19374.0,6595.0
2017-02-09,19232.0,19285.0,19156.0,19218.0,1773.0
2017-02-10,19155.0,19155.0,18756.0,18781.0,7443.0
2017-02-13,18746.0,18936.0,18653.0,18940.0,2429.0
2017-02-14,19048.0,19073.0,18612.0,18681.0,3971.0
2017-02-15,18612.0,18713.0,18608.0,18629.0,3076.0
2017-02-16,18719.0,19048.0,18672.0,19048.0,4916.0
2017-02-17,19088.0,19344.0,19088.0,19346.0,10315.0
2017-02-20,19364.0,19459.0,19214.0,19459.0,2906.0
2017-02-21,19478.0,19557.0,19426.0,19525.0,5376.0
2017-02-22,19648.0,19681.0,19489.0,19491.0,2834.0
2017-02-23,19458.0,19458.0,19214.0,19302.0,3270.0
2017-02-24,19259.0,19333.0,18771.0,18836.0,3280.0
2017-02-27,18676.0,18832.0,18611.0,18781.0,5096.0
2017-02-28,18796.0,18917.0,18796.0,18836.0,1233.0
2017-03-02,18911.0,18959.0,18724.0,18868.0,18010.0
2017-03-03,18804.0,18833.0,18589.0,18701.0,3933.0
2017-03-06,18746.0,19223.0,18746.0,19222.0,3960.0
2017-03-07,19181.0,19263.0,19106.0,19264.0,841.0
2017-03-08,19299.0,19299.0,19138.0,19186.0,1056.0
2017-03-09,19181.0,19360.0,19130.0,19135.0,4286.0
2017-03-10,19208.0,19406.0,19024.0,19412.0,6240.0
2017-03-13,19450.0,19707.0,19440.0,19708.0,8624.0
2017-03-14,19784.0,19784.0,19544.0,19553.0,3075.0
2017-03-15,19477.0,19477.0,19280.0,19312.0,2234.0
2017-03-16,19409.0,19409.0,19104.0,19287.0,1800.0
2017-03-17,19148.0,19148.0,18882.0,18979.0,5704.0
2017-03-20,19083.0,19093.0,18887.0,18984.0,3076.0
2017-03-21,19017.0,19133.0,18936.0,18950.0,4706.0
2017-03-22,18842.0,19076.0,18822.0,19034.0,1523.0
2017-03-23,19107.0,19107.0,18937.0,18979.0,1803.0
2017-03-24,19176.0,19225.0,19125.0,19227.0,2705.0
2017-03-27,19299.0,19405.0,19299.0,19359.0,5244.0
2017-03-28,19430.0,19460.0,19238.0,19464.0,2234.0
2017-03-29,19484.0,19724.0,19484.0,19713.0,13237.0
2017-03-30,19672.0,19692.0,19532.0,19694.0,11074.0
2017-03-31,19692.0,19692.0,19582.0,19694.0,2249.0
2017-04-03,19752.0,20152.0,19752.0,20114.0,4939.0
2017-04-04,20109.0,20300.0,20085.0,20217.0,14488.0
2017-04-05,20207.0,20207.0,19950.0,20094.0,7261.0
2017-04-06,20094.0,20094.0,19911.0,19981.0,735.0
2017-04-07,19978.0,20130.0,19926.0,20132.0,983.0
2017-04-10,20152.0,20152.0,19785.0,19788.0,4580.0
2017-04-11,19784.0,19963.0,19653.0,19887.0,6523.0
2017-04-12,19858.0,19972.0,19783.0,19976.0,30200.0
2017-04-13,19972.0,20028.0,19917.0,20009.0,9234.0
2017-04-14,19973.0,20116.0,19909.0,19911.0,1839.0
2017-04-17,19936.0,20157.0,19936.0,20127.0,925.0
2017-04-18,20229.0,20598.0,20229.0,20603.0,3238.0
2017-04-19,20617.0,20655.0,20491.0,20574.0,41105.0
2017-04-20,20571.0,20579.0,20426.0,20562.0,3774.0
2017-04-21,20571.0,20631.0,20518.0,20603.0,1840.0
2017-04-24,20702.0,20702.0,20453.0,20504.0,3010.0
2017-04-25,20510.0,20649.0,20350.0,20651.0,9341.0
2017-04-26,20807.0,21001.0,20807.0,21004.0,14746.0
2017-04-27,21034.0,21034.0,20754.0,20824.0,6890.0
2017-04-28,20821.0,20956.0,20740.0,20891.0,3306.0
2017-05-02,21024.0,21211.0,21024.0,21107.0,11101.0
2017-05-04,21258.0,21390.0,21204.0,21393.0,5805.0
2017-05-08,21513.0,21659.0,21388.0,21662.0,4081.0
2017-05-10,21652.0,21805.0,21369.0,21467.0,16506.0
2017-05-11,21508.0,21940.0,21508.0,21913.0,40983.0
2017-05-12,21908.0,21908.0,21633.0,21732.0,4174.0
2017-05-15,21730.0,21912.0,21716.0,21913.0,3198.0
2017-05-16,22053.0,22099.0,21539.0,21539.0,12786.0
2017-05-17,21683.0,21683.0,21465.0,21525.0,2734.0
2017-05-18,21118.0,21664.0,21118.0,21667.0,7632.0
2017-05-19,21640.0,21644.0,21438.0,21529.0,12120.0
2017-05-22,21603.0,21769.0,21593.0,21771.0,2790.0
2017-05-23,21829.0,21829.0,21697.0,21705.0,6124.0
2017-05-24,21731.0,21878.0,21718.0,21723.0,2352.0
2017-05-25,21750.0,21755.0,21480.0,21549.0,6794.0
2017-05-26,21564.0,21803.0,21564.0,21713.0,4779.0
2017-05-29,21934.0,22171.0,21825.0,21932.0,10417.0
2017-05-30,22013.0,22145.0,21885.0,22140.0,10601.0
2017-05-31,22140.0,22192.0,22032.0,22122.0,10354.0
2017-06-01,22088.0,22112.0,21947.0,22112.0,145849.0
2017-06-02,22171.0,22431.0,22171.0,22434.0,5700.0
2017-06-05,22467.0,22485.0,22165.0,22224.0,8791.0
2017-06-07,22162.0,22473.0,22137.0,22411.0,11542.0
2017-06-08,22490.0,22902.0,22490.0,22865.0,13629.0
2017-06-09,22980.0,23236.0,22883.0,23238.0,19214.0
2017-06-12,22927.0,22984.0,22567.0,22575.0,19930.0
2017-06-13,22616.0,22804.0,22540.0,22799.0,8763.0
2017-06-14,22909.0,23187.0,22833.0,22926.0,25438.0
2017-06-15,22949.0,22949.0,22494.0,22916.0,46150.0
2017-06-16,22913.0,23124.0,22864.0,22944.0,32664.0
2017-06-19,23106.0,23550.0,23058.0,23556.0,42439.0
2017-06-20,23803.0,23870.0,23335.0,23338.0,16600.0
2017-06-21,23224.0,23357.0,22935.0,23200.0,19277.0
2017-06-22,23452.0,23604.0,23217.0,23234.0,22948.0
2017-06-23,23252.0,23549.0,23115.0,23522.0,11132.0
2017-06-26,23661.0,24266.0,23661.0,24269.0,28022.0
2017-06-27,24380.0,24649.0,24180.0,24587.0,39403.0
2017-06-28,24392.0,24740.0,24135.0,24161.0,26541.0
2017-06-29,24370.0,24532.0,24117.0,24355.0,37118.0
2017-06-30,24048.0,24200.0,23942.0,24203.0,30753.0
2017-07-03,24057.0,24129.0,23376.0,23560.0,81579.0
2017-07-04,23433.0,23740.0,23272.0,23300.0,102429.0
2017-07-05,23420.0,23944.0,23395.0,23949.0,61429.0
2017-07-06,24161.0,24161.0,23898.0,24030.0,19695.0
2017-07-07,23911.0,24171.0,23827.0,23887.0,7568.0
2017-07-10,23996.0,24028.0,23716.0,23934.0,7814.0
2017-07-11,23937.0,24159.0,23937.0,24136.0,10162.0
2017-07-12,24126.0,24225.0,24083.0,24085.0,8557.0
2017-07-13,24252.0,24873.0,24252.0,24743.0,43674.0
2017-07-14,24887.0,25104.0,24746.0,24877.0,22080.0
2017-07-17,25037.0,25037.0,24844.0,24999.0,19112.0
2017-07-18,24915.0,25297.0,24915.0,25216.0,9944.0
2017-07-19,25430.0,25681.0,25316.0,25685.0,13576.0
2017-07-20,25715.0,25837.0,25538.0,25785.0,24778.0
2017-07-21,25630.0,25755.0,25458.0,25680.0,22308.0
2017-07-24,25659.0,26074.0,25659.0,25974.0,18058.0
2017-07-25,25972.0,26009.0,25130.0,25137.0,34943.0
2017-07-26,25175.0,25175.0,24371.0,24483.0,32140.0
2017-07-27,24564.0,24976.0,24511.0,24790.0,30327.0
2017-07-28,24540.0,24540.0,23569.0,23706.0,135133.0
2017-07-31,23416.0,23999.0,23416.0,24002.0,42338.0
2017-08-01,23928.0,24063.0,23646.0,23783.0,96375.0
2017-08-02,24144.0,24370.0,24144.0,24332.0,19364.0
2017-08-03,24328.0,24328.0,23306.0,23310.0,23250.0
2017-08-04,23382.0,23642.0,22833.0,23129.0,18006.0
2017-08-07,23125.0,23343.0,23125.0,23229.0,9943.0
2017-08-08,23339.0,23728.0,23319.0,23731.0,20448.0
2017-08-09,23434.0,23517.0,23145.0,23158.0,12754.0
2017-08-10,22960.0,23234.0,22656.0,23062.0,39766.0
2017-08-11,22289.0,22714.0,22269.0,22386.0,27715.0
2017-08-14,22794.0,23063.0,22624.0,22973.0,60171.0
2017-08-16,23513.0,23513.0,23197.0,23248.0,13225.0
2017-08-17,23314.0,23531.0,23242.0,23527.0,5578.0
2017-08-18,23116.0,23749.0,23050.0,23711.0,28940.0
2017-08-21,23792.0,23792.0,23498.0,23655.0,9884.0
2017-08-22,23670.0,23897.0,23670.0,23778.0,7367.0
2017-08-23,24038.0,24063.0,23888.0,23949.0,7737.0
2017-08-24,24024.0,24024.0,23837.0,23949.0,56829.0
2017-08-25,24043.0,24073.0,23861.0,24016.0,10971.0
2017-08-28,24009.0,24009.0,23707.0,23796.0,2959.0
2017-08-29,23671.0,23788.0,23463.0,23692.0,4621.0
2017-08-30,23852.0,23915.0,23827.0,23853.0,5327.0
2017-08-31,23997.0,24086.0,23963.0,24047.0,4384.0
2017-09-01,24175.0,24322.0,24048.0,24283.0,49999.0
2017-09-04,23424.0,23915.0,23424.0,23749.0,11238.0
2017-09-05,23789.0,23883.0,23518.0,23834.0,18826.0
2017-09-06,23801.0,24179.0,23801.0,24141.0,6902.0
2017-09-07,24127.0,24495.0,24127.0,24360.0,14028.0
2017-09-08,24463.0,24611.0,24356.0,24417.0,28427.0
2017-09-11,24607.0,24804.0,24607.0,24771.0,12258.0
2017-09-12,24986.0,25315.0,24967.0,25196.0,58262.0
2017-09-13,25315.0,25684.0,25193.0,25433.0,113461.0
2017-09-14,25553.0,25645.0,25378.0,25646.0,11001.0
2017-09-15,25486.0,25695.0,25410.0,25699.0,6447.0
2017-09-18,25932.0,25937.0,25847.0,25941.0,12482.0
2017-09-19,25936.0,25946.0,25635.0,25690.0,30746.0
2017-09-20,25755.0,25836.0,25515.0,25557.0,28268.0
2017-09-21,25551.0,25551.0,25078.0,25438.0,13050.0
2017-09-22,25403.0,25651.0,25081.0,25114.0,13621.0
2017-09-25,25073.0,25551.0,25073.0,25443.0,23528.0
2017-09-26,25316.0,25430.0,25094.0,25178.0,12262.0
2017-09-27,25345.0,25552.0,25143.0,25327.0,51916.0
2017-09-28,25547.0,25654.0,25365.0,25463.0,9425.0
2017-09-29,25552.0,25606.0,25431.0,25535.0,10097.0
2017-10-10,25928.0,26407.0,25753.0,26250.0,42298.0
2017-10-11,26408.0,26566.0,26312.0,26495.0,17212.0
2017-10-12,26586.0,26586.0,26369.0,26447.0,12834.0
2017-10-13,26444.0,26444.0,25740.0,25862.0,21365.0
2017-10-16,25914.0,25972.0,25233.0,25496.0,19115.0
2017-10-17,25563.0,26017.0,25563.0,25714.0,13309.0
2017-10-18,25709.0,25714.0,25222.0,25443.0,27017.0
2017-10-19,25369.0,25700.0,25369.0,25646.0,8807.0
2017-10-20,25627.0,25771.0,25554.0,25738.0,14180.0
2017-10-23,25994.0,26028.0,25794.0,26030.0,10783.0
2017-10-24,25994.0,26038.0,25848.0,25904.0,7095.0
2017-10-25,25899.0,26170.0,25899.0,26174.0,5585.0
2017-10-26,26107.0,26107.0,25459.0,25463.0,13367.0
2017-10-27,25513.0,25517.0,25361.0,25520.0,9512.0
2017-10-30,25800.0,25928.0,25656.0,25743.0,5433.0
2017-10-31,25856.0,26287.0,25798.0,26262.0,15994.0
2017-11-01,26411.0,26481.0,26127.0,26258.0,37231.0
2017-11-02,26255.0,26255.0,25948.0,25950.0,5502.0
2017-11-03,26061.0,26159.0,25842.0,26159.0,9563.0
2017-11-06,26206.0,26249.0,26104.0,26159.0,5368.0
2017-11-07,26179.0,26407.0,26123.0,26240.0,7372.0
2017-11-08,26206.0,26406.0,26206.0,26337.0,20913.0
2017-11-09,26324.0,26324.0,26023.0,26106.0,13430.0
2017-11-10,26074.0,26348.0,26003.0,26332.0,8756.0
2017-11-13,26444.0,26540.0,26330.0,26544.0,12437.0
2017-11-14,26625.0,27068.0,26562.0,27063.0,16853.0
2017-11-15,27069.0,27154.0,26567.0,26580.0,21706.0
2017-11-16,26580.0,26988.0,26392.0,26993.0,17595.0
2017-11-17,26992.0,27021.0,26895.0,26897.0,8408.0
2017-11-20,27030.0,27035.0,26689.0,26746.0,7413.0
2017-11-21,27040.0,27159.0,26770.0,27025.0,10009.0
2017-11-22,27258.0,27434.0,27159.0,27437.0,11416.0
2017-11-23,27436.0,27441.0,27107.0,27341.0,10763.0
2017-11-24,27338.0,27611.0,27276.0,27550.0,8130.0
2017-11-27,27730.0,27834.0,26974.0,27128.0,21758.0
2017-11-28,27121.0,27178.0,26663.0,26816.0,18847.0
2017-11-29,26822.0,27014.0,26737.0,27002.0,8016.0
2017-11-30,26487.0,26487.0,25958.0,25960.0,44444.0
2017-12-01,26027.0,26202.0,25847.0,26092.0,18749.0
2017-12-04,26144.0,26202.0,25552.0,26111.0,23058.0
2017-12-05,25877.0,26154.0,25720.0,25908.0,5008.0
2017-12-06,25989.0,26065.0,25380.0,25383.0,17308.0
2017-12-07,25554.0,25645.0,24802.0,25014.0,14017.0
2017-12-08,25128.0,25292.0,25000.0,25160.0,11336.0
2017-12-11,25207.0,25557.0,24998.0,25557.0,10072.0
2017-12-12,25625.0,25625.0,25199.0,25317.0,3361.0
2017-12-13,25291.0,25541.0,25265.0,25418.0,18816.0
2017-12-14,25508.0,25696.0,25447.0,25473.0,22976.0
2017-12-15,25543.0,25543.0,25134.0,25373.0,1761.0
2017-12-18,25445.0,25445.0,25074.0,25165.0,10495.0
2017-12-19,25262.0,25640.0,25262.0,25605.0,10621.0
2017-12-20,25673.0,25776.0,25554.0,25605.0,7021.0
2017-12-21,25554.0,25554.0,24713.0,24725.0,18998.0
2017-12-22,24719.0,25451.0,24710.0,25428.0,19369.0
2017-12-26,25424.0,25556.0,25194.0,25196.0,13839.0
2017-12-27,25569.0,25755.0,25504.0,25758.0,10975.0
2017-12-28,25753.0,26005.0,25739.0,26007.0,34205.0
2018-01-02,26022.0,26117.0,25710.0,25771.0,65419.0
2018-01-03,25950.0,26144.0,25756.0,25931.0,19847.0
2018-01-04,26009.0,26116.0,25451.0,25458.0,22631.0
2018-01-05,25625.0,25871.0,25534.0,25685.0,27836.0
2018-01-08,25730.0,25730.0,24948.0,25132.0,51431.0
2018-01-09,25144.0,25267.0,24844.0,25019.0,13453.0
2018-01-10,25022.0,25049.0,24364.0,24480.0,15304.0
2018-01-11,24532.0,25010.0,24523.0,25009.0,11709.0
2018-01-12,25005.0,25005.0,24362.0,24857.0,21288.0
2018-01-15,24756.0,24756.0,24515.0,24730.0,52598.0
2018-01-16,24756.0,25669.0,24756.0,25610.0,67207.0
2018-01-17,25872.0,26075.0,25503.0,25629.0,37708.0
2018-01-18,25984.0,26305.0,25918.0,26021.0,41229.0
2018-01-19,26122.0,26203.0,25686.0,25709.0,14667.0
2018-01-22,25705.0,25705.0,24906.0,24989.0,50100.0
2018-01-23,25190.0,25271.0,24991.0,25273.0,13027.0
2018-01-24,25345.0,25527.0,25212.0,25423.0,53027.0
2018-01-25,25398.0,25923.0,25327.0,25880.0,13670.0
2018-01-26,26104.0,26104.0,25838.0,25918.0,16809.0
2018-01-29,26155.0,26269.0,25838.0,25965.0,36140.0
2018-01-30,25911.0,25911.0,25401.0,25414.0,31096.0
2018-01-31,25267.0,25602.0,25190.0,25368.0,16222.0
2018-02-01,25582.0,25699.0,25457.0,25670.0,136366.0
2018-02-02,25666.0,25666.0,24899.0,25075.0,54678.0
2018-02-05,24464.0,24695.0,24366.0,24408.0,15010.0
2018-02-06,23492.0,24436.0,23281.0,24346.0,22418.0
2018-02-07,25029.0,25271.0,24477.0,24480.0,25959.0
2018-02-08,24736.0,25621.0,24736.0,25363.0,15844.0
2018-02-09,24601.0,25168.0,24601.0,24946.0,11468.0
2018-02-12,25094.0,25274.0,24988.0,25132.0,4650.0
2018-02-13,25370.0,25539.0,25140.0,25142.0,11362.0
2018-02-14,25280.0,25644.0,25223.0,25633.0,10032.0
2018-02-19,25981.0,26028.0,25660.0,25866.0,12224.0
2018-02-20,25912.0,25912.0,25291.0,25423.0,5112.0
2018-02-21,25526.0,25937.0,25504.0,25862.0,6232.0
2018-02-22,25620.0,25752.0,25446.0,25600.0,6026.0
2018-02-23,25630.0,25675.0,25492.0,25665.0,3678.0
2018-02-26,25948.0,25948.0,25509.0,25615.0,3823.0
2018-02-27,25858.0,26029.0,25750.0,25753.0,3986.0
2018-02-28,25604.0,25679.0,25183.0,25409.0,1636.0
2018-03-02,24991.0,25320.0,24904.0,25282.0,177614.0
2018-03-05,25250.0,25255.0,24938.0,24946.0,4401.0
2018-03-06,25266.0,25610.0,25266.0,25585.0,3365.0
2018-03-07,25731.0,25762.0,25342.0,25388.0,47618.0
2018-03-08,25553.0,25553.0,25289.0,25511.0,1696.0
2018-03-09,25616.0,26188.0,25616.0,25847.0,7427.0
2018-03-12,26283.0,26301.0,26089.0,26305.0,9832.0
2018-03-13,26577.0,26938.0,26482.0,26941.0,36407.0
2018-03-14,26864.0,26893.0,26723.0,26830.0,7356.0
2018-03-15,26822.0,26822.0,26518.0,26779.0,4651.0
2018-03-16,26723.0,26723.0,26359.0,26674.0,21161.0
2018-03-19,26750.0,26954.0,26694.0,26697.0,12247.0
2018-03-20,26482.0,26540.0,26293.0,26544.0,41981.0
2018-03-21,26533.0,26662.0,26330.0,26347.0,11680.0
2018-03-22,26406.0,26529.0,26085.0,26106.0,8177.0
2018-03-23,25420.0,25724.0,24532.0,24534.0,12669.0
2018-03-26,24496.0,25240.0,24154.0,25241.0,9041.0
2018-03-27,25356.0,25403.0,24802.0,24999.0,6671.0
2018-03-28,24545.0,24772.0,24512.0,24563.0,5109.0
2018-03-29,24657.0,24805.0,24508.0,24808.0,7136.0
2018-03-30,24925.0,25151.0,24911.0,25009.0,1997.0
2018-04-02,25011.0,25011.0,24552.0,24636.0,81465.0
2018-04-03,24261.0,24546.0,24175.0,24549.0,3403.0
2018-04-04,24664.0,24692.0,24003.0,24114.0,4392.0
2018-04-05,24314.0,24678.0,24314.0,24597.0,3553.0
2018-04-06,24362.0,24362.0,24130.0,24332.0,5311.0
2018-04-09,24204.0,24511.0,24199.0,24435.0,4026.0
2018-04-10,24465.0,24465.0,24136.0,24365.0,2477.0
2018-04-11,24611.0,24813.0,24511.0,24795.0,5939.0
2018-04-12,24791.0,25387.0,24764.0,25302.0,13683.0
2018-04-13,25469.0,25621.0,25370.0,25482.0,5977.0
2018-04-16,25417.0,25504.0,25271.0,25506.0,3410.0
2018-04-17,25558.0,25572.0,25412.0,25492.0,1833.0
2018-04-18,25690.0,25756.0,25508.0,25520.0,4578.0
2018-04-19,25690.0,26074.0,25690.0,26030.0,12499.0
2018-04-20,25743.0,25794.0,25583.0,25585.0,4127.0
2018-04-23,25459.0,25617.0,25216.0,25231.0,4584.0
2018-04-24,25119.0,25119.0,24465.0,24645.0,24147.0
2018-04-25,24417.0,24667.0,24363.0,24515.0,3770.0
2018-04-26,24608.0,25080.0,24603.0,25024.0,14848.0
2018-04-27,25384.0,25384.0,24977.0,25055.0,2765.0
2018-04-30,24958.0,24958.0,24507.0,24648.0,4264.0
2018-05-02,24828.0,24828.0,24382.0,24447.0,2484.0
2018-05-03,24399.0,24408.0,24286.0,24314.0,1896.0
2018-05-04,24305.0,24314.0,24064.0,24066.0,82207.0
2018-05-08,24197.0,24424.0,23761.0,23763.0,5360.0
2018-05-09,23823.0,24146.0,23605.0,24106.0,7606.0
2018-05-10,24378.0,24396.0,24188.0,24362.0,2694.0
2018-05-11,24574.0,24629.0,24420.0,24629.0,2632.0
2018-05-14,24704.0,24704.0,24239.0,24289.0,1862.0
2018-05-15,24330.0,24343.0,24172.0,24343.0,4874.0
2018-05-16,24294.0,24384.0,24139.0,24289.0,3474.0
2018-05-17,24396.0,24459.0,24241.0,24329.0,1801.0
2018-05-18,24401.0,24666.0,24202.0,24653.0,1824.0
2018-05-21,24736.0,24754.0,24445.0,24742.0,3728.0
2018-05-23,24967.0,25666.0,24967.0,25668.0,29094.0
2018-05-24,25694.0,25807.0,25561.0,25593.0,10456.0
2018-05-25,25404.0,25856.0,25380.0,25583.0,18984.0
2018-05-28,25471.0,25618.0,25390.0,25522.0,14788.0
2018-05-29,25518.0,25695.0,25448.0,25508.0,12785.0
2018-05-30,25540.0,25594.0,25151.0,25541.0,12731.0
2018-05-31,25647.0,25647.0,25399.0,25537.0,1724.0
2018-06-01,25260.0,25409.0,25062.0,25346.0,51041.0
2018-06-04,25334.0,25414.0,25121.0,25138.0,4336.0
2018-06-05,25215.0,25581.0,25215.0,25583.0,4579.0
2018-06-07,25840.0,25907.0,25699.0,25822.0,5469.0
2018-06-08,25864.0,25864.0,25346.0,25411.0,4955.0
2018-06-11,25489.0,25637.0,25333.0,25407.0,3783.0
2018-06-12,25499.0,25521.0,25332.0,25430.0,1244.0
2018-06-14,25385.0,25385.0,24905.0,24908.0,5607.0
2018-06-15,25005.0,25084.0,24653.0,24656.0,8254.0
2018-06-18,24583.0,24583.0,23532.0,23696.0,13034.0
2018-06-19,23666.0,24049.0,23386.0,23387.0,6956.0
2018-06-20,23463.0,24105.0,23463.0,24106.0,8338.0
2018-06-21,24107.0,24232.0,23945.0,24025.0,1477.0
2018-06-22,23826.0,24133.0,23511.0,24132.0,7473.0
2018-06-25,24063.0,24063.0,23620.0,23795.0,1232.0
2018-06-26,23456.0,23759.0,23385.0,23686.0,2599.0
2018-06-27,23769.0,23855.0,23502.0,23506.0,3193.0
2018-06-28,23294.0,23316.0,22909.0,22949.0,3740.0
2018-06-29,23061.0,23217.0,22880.0,23178.0,4873.0
2018-07-02,23159.0,23159.0,22366.0,22369.0,59857.0
2018-07-03,22586.0,22856.0,22477.0,22842.0,9428.0
2018-07-04,22878.0,22970.0,22695.0,22855.0,2469.0
2018-07-05,23118.0,23118.0,22789.0,22983.0,1511.0
2018-07-06,23099.0,23369.0,22737.0,23288.0,5291.0
2018-07-09,23316.0,23582.0,23302.0,23582.0,5227.0
2018-07-10,23775.0,23775.0,23575.0,23744.0,21696.0
2018-07-11,23751.0,23842.0,23585.0,23621.0,23028.0
2018-07-12,23527.0,23869.0,23527.0,23815.0,11217.0
2018-07-13,23958.0,24268.0,23958.0,24271.0,2346.0
2018-07-16,24320.0,24320.0,24021.0,24229.0,970.0
2018-07-17,24237.0,24386.0,24208.0,24244.0,3687.0
2018-07-18,24429.0,24573.0,24326.0,24329.0,3217.0
2018-07-19,24568.0,24568.0,24326.0,24329.0,2141.0
2018-07-20,24240.0,24306.0,23746.0,23877.0,494.0
2018-07-23,23877.0,23877.0,22591.0,22598.0,7941.0
2018-07-24,22784.0,23041.0,22784.0,22944.0,8216.0
2018-07-25,22946.0,22946.0,22362.0,22441.0,4088.0
2018-07-26,22677.0,23105.0,22580.0,23107.0,3967.0
2018-07-27,23217.0,23925.0,23217.0,23929.0,12049.0
2018-07-30,23898.0,23964.0,23751.0,23863.0,3565.0
2018-07-31,23732.0,23908.0,23604.0,23911.0,8502.0
2018-08-01,23906.0,24068.0,23721.0,24044.0,9280.0
2018-08-02,23827.0,23929.0,23537.0,23625.0,885.0
2018-08-03,23740.0,23796.0,23635.0,23672.0,941.0
2018-08-06,23721.0,23721.0,23132.0,23134.0,841.0
2018-08-07,23309.0,23331.0,23209.0,23321.0,784.0
2018-08-08,23403.0,23593.0,23290.0,23293.0,2043.0
2018-08-09,23469.0,23469.0,23042.0,23073.0,256.0
2018-08-10,22934.0,22934.0,22530.0,22557.0,15171.0
2018-08-13,22480.0,22480.0,21863.0,21890.0,2701.0
2018-08-14,21906.0,22195.0,21876.0,21947.0,2006.0
2018-08-16,21576.0,21867.0,21292.0,21870.0,4254.0
2018-08-17,21897.0,21897.0,21659.0,21696.0,6778.0
2018-08-20,21742.0,21742.0,21477.0,21504.0,870.0
2018-08-21,21542.0,22244.0,21542.0,22199.0,4353.0
2018-08-22,22286.0,22337.0,22099.0,22114.0,679.0
2018-08-23,22261.0,22261.0,21957.0,22099.0,256.0
2018-08-24,22078.0,22245.0,21912.0,22182.0,4593.0
2018-08-27,22195.0,22527.0,22195.0,22513.0,5256.0
2018-08-28,22780.0,22794.0,22458.0,22460.0,20369.0
2018-08-29,22510.0,22852.0,22458.0,22760.0,54855.0
2018-08-30,22909.0,22994.0,22691.0,22760.0,2851.0
2018-08-31,22637.0,22994.0,22441.0,22996.0,5670.0
2018-09-03,22984.0,23031.0,22775.0,22944.0,1165.0
2018-09-04,22928.0,23017.0,22775.0,22978.0,6120.0
2018-09-05,22952.0,23152.0,22834.0,22837.0,49113.0
2018-09-06,22821.0,22821.0,22528.0,22602.0,12105.0
2018-09-07,22148.0,22148.0,21758.0,22013.0,3415.0
2018-09-10,21967.0,22077.0,21848.0,22080.0,1958.0
2018-09-11,22153.0,22243.0,21992.0,22085.0,1513.0
2018-09-12,22081.0,22081.0,21763.0,21895.0,6513.0
2018-09-13,21847.0,21847.0,21577.0,21705.0,2708.0
2018-09-14,21944.0,22108.0,21871.0,21985.0,3549.0
2018-09-17,21862.0,21862.0,21607.0,21700.0,2276.0
2018-09-18,21581.0,21776.0,21534.0,21723.0,2722.0
2018-09-19,21911.0,21911.0,21674.0,21677.0,8564.0
2018-09-20,21714.0,21714.0,21482.0,21585.0,3966.0
2018-09-21,21502.0,21502.0,21294.0,21391.0,2417.0
2018-09-27,21276.0,21376.0,21220.0,21258.0,8306.0
2018-09-28,21364.0,21364.0,21062.0,21064.0,4562.0
2018-10-01,21083.0,21201.0,20927.0,20949.0,15274.0
2018-10-02,20983.0,21003.0,20513.0,20526.0,33495.0
2018-10-04,20574.0,20579.0,20176.0,20178.0,8215.0
2018-10-05,20075.0,20279.0,19686.0,19842.0,20989.0
2018-10-08,19675.0,20151.0,19675.0,19812.0,7758.0
2018-10-10,19768.0,19805.0,19275.0,19347.0,21736.0
2018-10-11,18649.0,19002.0,18348.0,18349.0,65534.0
2018-10-12,18346.0,18945.0,18346.0,18947.0,54754.0
2018-10-15,18853.0,18853.0,18515.0,18556.0,1877.0
2018-10-16,18643.0,19042.0,18643.0,19037.0,4661.0
2018-10-17,19382.0,19457.0,19220.0,19395.0,2218.0
2018-10-18,19424.0,19424.0,19050.0,19124.0,1591.0
2018-10-19,18904.0,19438.0,18792.0,19441.0,14437.0
2018-10-22,19294.0,19394.0,19085.0,19284.0,1314.0
2018-10-23,19224.0,19224.0,18666.0,18671.0,4853.0
2018-10-24,18949.0,18949.0,18440.0,18444.0,2403.0
2018-10-25,17939.0,18172.0,17762.0,18034.0,18200.0
2018-10-26,18273.0,18273.0,17599.0,17953.0,10428.0
2018-10-29,18044.0,18257.0,17584.0,17668.0,8009.0
2018-10-30,17581.0,18369.0,17581.0,18325.0,8701.0
2018-10-31,18483.0,18483.0,18118.0,18367.0,3624.0
2018-11-01,18473.0,18598.0,18251.0,18253.0,1969.0
2018-11-02,18644.0,19233.0,18540.0,19222.0,92098.0
2018-11-05,19011.0,19011.0,18569.0,18747.0,85431.0
2018-11-06,18835.0,18835.0,18440.0,18595.0,4956.0
2018-11-07,18624.0,18833.0,18168.0,18181.0,9297.0
2018-11-08,18583.0,18681.0,18459.0,18566.0,6969.0
2018-11-09,18565.0,18773.0,18516.0,18706.0,973.0
2018-11-12,18521.0,18930.0,18521.0,18848.0,1866.0
2018-11-13,18455.0,18455.0,17917.0,18329.0,3409.0
2018-11-14,18341.0,18341.0,18016.0,18063.0,971.0
2018-11-15,18058.0,18269.0,17939.0,18272.0,5388.0
2018-11-16,18554.0,18554.0,18217.0,18253.0,454.0
2018-11-19,18273.0,18440.0,18146.0,18240.0,937.0
2018-11-20,17894.0,17921.0,17556.0,17560.0,4576.0
2018-11-21,17353.0,17729.0,17229.0,17730.0,5940.0
2018-11-22,17769.0,17779.0,17605.0,17607.0,3976.0
2018-11-23,17706.0,17757.0,17507.0,17510.0,3397.0
2018-11-26,17544.0,17850.0,17522.0,17806.0,1819.0
2018-11-27,17803.0,17915.0,17665.0,17906.0,909.0
2018-11-28,17965.0,18183.0,17851.0,18129.0,1412.0
2018-11-29,18409.0,18463.0,18040.0,18048.0,5897.0
2018-11-30,18054.0,18054.0,17798.0,17896.0,2472.0
2018-12-03,18169.0,18250.0,18060.0,18235.0,2481.0
2018-12-04,18198.0,18198.0,17917.0,18002.0,1687.0
2018-12-05,17526.0,17812.0,17526.0,17758.0,752.0
2018-12-06,17680.0,17689.0,17138.0,17188.0,39063.0
2018-12-07,17299.0,17380.0,17144.0,17198.0,1016.0
2018-12-10,16880.0,16923.0,16529.0,16576.0,43372.0
2018-12-11,16682.0,16720.0,16553.0,16557.0,1747.0
2018-12-12,16566.0,16893.0,16566.0,16870.0,813.0
2018-12-13,16887.0,17081.0,16887.0,17080.0,8717.0
2018-12-14,17109.0,17109.0,16401.0,16480.0,14926.0
2018-12-17,16464.0,16467.0,16321.0,16466.0,3233.0
2018-12-18,16195.0,16258.0,16120.0,16123.0,9019.0
2018-12-19,16104.0,16305.0,16063.0,16236.0,2337.0
2018-12-20,16100.0,16100.0,15802.0,15848.0,66188.0
2018-12-21,15801.0,16155.0,15801.0,16085.0,2406.0
2018-12-24,16082.0,16268.0,16002.0,16223.0,3869.0
2018-12-26,16011.0,16114.0,15802.0,15948.0,1581.0
2018-12-27,16380.0,16438.0,16243.0,16308.0,1577.0
2018-12-28,16367.0,16550.0,16367.0,16522.0,44248.0
2019-01-02,16613.0,16633.0,16302.0,16323.0,1684.0
2019-01-03,16301.0,16301.0,15668.0,15671.0,5344.0
2019-01-04,15593.0,15613.0,15074.0,15354.0,6330.0
2019-01-07,15608.0,15719.0,15541.0,15634.0,2099.0
2019-01-08,15630.0,15862.0,15621.0,15657.0,9352.0
2019-01-09,15730.0,16585.0,15730.0,16513.0,9510.0
2019-01-10,16613.0,16884.0,16432.0,16779.0,16455.0
2019-01-11,16827.0,17004.0,16724.0,16803.0,7368.0
2019-01-14,16785.0,16785.0,16430.0,16471.0,14628.0
2019-01-15,16470.0,16783.0,16470.0,16726.0,1388.0
2019-01-16,16790.0,16934.0,16691.0,16937.0,4889.0
2019-01-17,17070.0,17328.0,17048.0,17070.0,35018.0
2019-01-18,17151.0,17151.0,16976.0,17154.0,2528.0
2019-01-21,17384.0,17685.0,17313.0,17688.0,9618.0
2019-01-22,17822.0,17822.0,17456.0,17540.0,6347.0
2019-01-23,17275.0,17646.0,17275.0,17607.0,1584.0
2019-01-24,17583.0,18053.0,17583.0,18044.0,10762.0
2019-01-25,18183.0,18640.0,18150.0,18600.0,9915.0
2019-01-28,18638.0,18725.0,18479.0,18552.0,9655.0
2019-01-29,18525.0,18888.0,18459.0,18890.0,5831.0
2019-01-30,18887.0,19401.0,18820.0,19404.0,7376.0
2019-01-31,19487.0,19543.0,19102.0,19134.0,15000.0
2019-02-01,19128.0,19376.0,19128.0,19170.0,9088.0
2019-02-07,19381.0,19808.0,19339.0,19788.0,15870.0
2019-02-08,19589.0,19589.0,19176.0,19284.0,11785.0
2019-02-11,19120.0,19221.0,18964.0,19222.0,8620.0
2019-02-12,19133.0,19633.0,19133.0,19533.0,12969.0
2019-02-13,19711.0,20153.0,19711.0,20155.0,13085.0
2019-02-14,20152.0,20553.0,19981.0,20555.0,7999.0
2019-02-15,20559.0,20559.0,19833.0,19908.0,13791.0
2019-02-18,20013.0,20265.0,20013.0,20145.0,8854.0
2019-02-19,20140.0,20192.0,19927.0,20107.0,8283.0
2019-02-20,20103.0,20501.0,20103.0,20496.0,6025.0
2019-02-21,20496.0,20568.0,20349.0,20467.0,3902.0
2019-02-22,20409.0,20473.0,20332.0,20449.0,3239.0
2019-02-25,20561.0,20926.0,20561.0,20925.0,8423.0
2019-02-26,20913.0,20913.0,20556.0,20679.0,10754.0
2019-02-27,20676.0,20676.0,20485.0,20536.0,3340.0
2019-02-28,20437.0,20437.0,19871.0,19884.0,19751.0
2019-03-04,19837.0,20089.0,19837.0,20006.0,4859.0
2019-03-05,19809.0,19823.0,19677.0,19703.0,5756.0
2019-03-06,19701.0,19763.0,19506.0,19561.0,2853.0
2019-03-07,19505.0,19794.0,19377.0,19385.0,6545.0
2019-03-08,19319.0,19404.0,19157.0,19180.0,3925.0
2019-03-11,19229.0,19563.0,19081.0,19566.0,8780.0
2019-03-12,19700.0,20019.0,19700.0,20021.0,3893.0
2019-03-13,20019.0,20186.0,19963.0,20188.0,3716.0
2019-03-14,20184.0,20816.0,20184.0,20449.0,27892.0
2019-03-15,20432.0,20623.0,20195.0,20284.0,7763.0
2019-03-18,20602.0,20637.0,20256.0,20354.0,1637.0
2019-03-19,20393.0,20459.0,20137.0,20235.0,738.0
2019-03-20,20266.0,20538.0,20100.0,20540.0,2686.0
2019-03-21,20759.0,21215.0,20759.0,20862.0,18408.0
2019-03-22,21178.0,21257.0,20977.0,21067.0,16056.0
2019-03-25,20499.0,20623.0,20276.0,20294.0,20774.0
2019-03-26,20322.0,20437.0,20027.0,20439.0,10301.0
2019-03-27,20389.0,20530.0,20151.0,20459.0,3370.0
2019-03-28,20322.0,20322.0,20029.0,20031.0,3990.0
2019-03-29,20131.0,20341.0,19884.0,20344.0,4382.0
2019-04-01,20436.0,20948.0,20436.0,20862.0,15509.0
2019-04-02,21075.0,21093.0,20796.0,20797.0,7911.0
2019-04-03,20789.0,21368.0,20784.0,21324.0,11232.0
2019-04-04,21367.0,21824.0,21338.0,21499.0,25917.0
2019-04-05,21481.0,21756.0,21481.0,21723.0,7497.0
2019-04-08,21740.0,21794.0,21314.0,21315.0,16011.0
2019-04-09,21317.0,21510.0,21312.0,21471.0,4520.0
2019-04-10,21331.0,21556.0,21217.0,21533.0,7025.0
2019-04-11,21607.0,21825.0,21578.0,21667.0,5079.0
2019-04-12,21578.0,21753.0,21436.0,21667.0,7014.0
2019-04-15,21746.0,21846.0,21662.0,21742.0,10310.0
2019-04-16,21714.0,21714.0,21368.0,21605.0,2489.0
2019-04-17,21624.0,22003.0,21624.0,21993.0,7430.0
2019-04-18,22053.0,22076.0,21531.0,21624.0,10319.0
2019-04-19,21728.0,21980.0,21728.0,21875.0,11069.0
2019-04-22,21872.0,21906.0,21561.0,21691.0,6157.0
2019-04-23,21711.0,21863.0,21711.0,21810.0,1584.0
2019-04-24,21921.0,21948.0,21458.0,21662.0,11634.0
2019-04-25,21658.0,22244.0,21658.0,21961.0,27984.0
2019-04-26,21782.0,21782.0,21297.0,21338.0,5278.0
2019-04-29,21453.0,21849.0,21440.0,21852.0,103428.0
2019-04-30,21841.0,21962.0,21559.0,21912.0,13052.0
2019-05-02,21938.0,22191.0,21899.0,22119.0,48473.0
2019-05-03,22071.0,22235.0,21938.0,22104.0,2805.0
2019-05-07,21757.0,21848.0,21656.0,21708.0,3479.0
2019-05-08,21387.0,21518.0,21272.0,21328.0,4341.0
2019-05-09,21235.0,21293.0,20432.0,20540.0,26676.0
2019-05-10,20560.0,20786.0,20165.0,20573.0,7680.0
2019-05-13,20431.0,20455.0,19950.0,19952.0,2597.0
2019-05-14,19535.0,20214.0,19531.0,20058.0,3115.0
2019-05-15,20112.0,20449.0,20089.0,20447.0,10993.0
2019-05-16,20445.0,20455.0,19785.0,19856.0,6529.0
2019-05-17,19965.0,20412.0,19754.0,19755.0,6476.0
2019-05-20,19789.0,19935.0,19357.0,19456.0,3493.0
2019-05-21,19483.0,19733.0,19349.0,19563.0,3123.0
2019-05-22,19661.0,19661.0,19271.0,19389.0,8017.0
2019-05-23,19382.0,19382.0,18924.0,18984.0,11554.0
2019-05-24,18886.0,18934.0,18525.0,18604.0,4867.0
2019-05-27,18647.0,18740.0,18337.0,18575.0,1550.0
2019-05-28,18578.0,18986.0,18524.0,18893.0,7520.0
2019-05-29,18760.0,18851.0,18672.0,18787.0,5058.0
2019-05-30,18784.0,19058.0,18784.0,18951.0,13738.0
2019-05-31,18915.0,19093.0,18770.0,18975.0,5330.0
2019-06-03,18824.0,19070.0,18751.0,19072.0,4870.0
2019-06-04,19044.0,19087.0,18910.0,18984.0,3839.0
2019-06-05,19280.0,19387.0,19132.0,19135.0,9404.0
2019-06-07,19130.0,19304.0,19053.0,19263.0,3386.0
2019-06-10,19429.0,19527.0,19314.0,19529.0,8023.0
2019-06-11,19543.0,19960.0,19543.0,19961.0,3737.0
2019-06-12,19882.0,19882.0,19497.0,19529.0,7688.0
2019-06-13,19423.0,19442.0,19130.0,19282.0,3381.0
2019-06-14,19317.0,19327.0,19029.0,19032.0,3352.0
2019-06-17,19049.0,19088.0,18834.0,18970.0,13724.0
2019-06-18,19001.0,19064.0,18857.0,18927.0,9860.0
2019-06-19,19375.0,19385.0,19140.0,19291.0,6687.0
2019-06-20,19277.0,19493.0,19277.0,19495.0,2038.0
2019-06-21,19516.0,19516.0,19204.0,19210.0,1999.0
2019-06-24,19279.0,19347.0,19174.0,19268.0,3393.0
2019-06-25,19261.0,19348.0,18987.0,19013.0,5415.0
2019-06-26,19087.0,19361.0,19049.0,19219.0,13982.0
2019-06-27,19352.0,19694.0,19290.0,19480.0,11554.0
2019-06-28,19597.0,19636.0,19203.0,19441.0,5577.0
2019-07-01,19631.0,19689.0,19391.0,19577.0,6322.0
2019-07-02,19578.0,19722.0,19371.0,19644.0,3218.0
2019-07-03,19641.0,19704.0,19448.0,19509.0,4682.0
2019-07-04,19631.0,19829.0,19506.0,19832.0,13108.0
2019-07-05,19867.0,19867.0,19478.0,19563.0,8348.0
2019-07-08,19300.0,19348.0,18468.0,18494.0,47345.0
2019-07-09,18653.0,18848.0,18408.0,18589.0,11761.0
2019-07-10,18881.0,19159.0,18866.0,19062.0,16930.0
2019-07-11,19252.0,19618.0,19247.0,19620.0,22212.0
2019-07-12,19647.0,19828.0,19424.0,19735.0,8687.0
2019-07-15,19808.0,19867.0,19530.0,19870.0,4361.0
2019-07-16,19818.0,20117.0,19818.0,19927.0,7657.0
2019-07-17,19839.0,19839.0,19362.0,19485.0,12610.0
2019-07-18,19554.0,19916.0,19554.0,19750.0,15870.0
2019-07-19,19959.0,20040.0,19877.0,20024.0,8605.0
2019-07-22,20022.0,20286.0,19896.0,20246.0,6617.0
2019-07-23,20349.0,20585.0,20158.0,20169.0,13355.0
2019-07-24,20184.0,20402.0,19881.0,19942.0,12603.0
2019-07-25,20102.0,20122.0,19626.0,19927.0,11702.0
2019-07-26,19752.0,19822.0,19481.0,19817.0,5582.0
2019-07-29,19646.0,19714.0,18954.0,18956.0,7742.0
2019-07-30,19039.0,19338.0,19039.0,19273.0,3683.0
2019-07-31,19174.0,19217.0,18716.0,19215.0,8707.0
2019-08-01,18996.0,19063.0,18712.0,18893.0,7953.0
2019-08-02,18563.0,18908.0,18519.0,18758.0,29629.0
2019-08-05,18779.0,18779.0,17857.0,17939.0,16528.0
2019-08-06,17443.0,17885.0,17154.0,17209.0,7618.0
2019-08-07,17411.0,17806.0,17411.0,17751.0,11351.0
2019-08-08,17950.0,18176.0,17893.0,18131.0,17862.0
2019-08-09,18225.0,18335.0,18148.0,18290.0,4035.0
2019-08-12,18289.0,18347.0,18039.0,18340.0,2930.0
2019-08-13,18189.0,18342.0,18108.0,18340.0,3379.0
2019-08-14,18755.0,18842.0,18583.0,18691.0,7898.0
2019-08-16,18456.0,18597.0,18316.0,18526.0,25371.0
2019-08-19,18639.0,18696.0,18427.0,18526.0,16009.0
2019-08-20,18636.0,18948.0,18529.0,18927.0,16836.0
2019-08-21,18871.0,19169.0,18794.0,19130.0,7585.0
2019-08-22,19125.0,19135.0,18712.0,18768.0,4764.0
2019-08-23,18606.0,18873.0,18606.0,18791.0,1974.0
2019-08-26,18231.0,18346.0,17856.0,17916.0,9204.0
2019-08-27,18186.0,18432.0,18183.0,18185.0,3893.0
2019-08-28,18247.0,18484.0,18113.0,18485.0,2784.0
2019-08-29,18528.0,18587.0,18129.0,18276.0,3379.0
2019-08-30,18596.0,18816.0,18572.0,18791.0,4504.0
2019-09-02,18723.0,19141.0,18703.0,19101.0,8536.0
2019-09-03,19058.0,19130.0,18964.0,19052.0,2002.0
2019-09-04,19045.0,19772.0,19040.0,19775.0,23563.0
2019-09-05,19953.0,20502.0,19953.0,20437.0,16530.0
2019-09-06,20719.0,20719.0,20311.0,20424.0,17025.0
2019-09-09,20536.0,20648.0,20315.0,20375.0,19154.0
2019-09-10,20408.0,20446.0,20233.0,20295.0,8436.0
2019-09-11,20320.0,20423.0,20167.0,20285.0,11451.0
2019-09-16,20313.0,20313.0,20054.0,20226.0,4541.0
2019-09-17,20204.0,20286.0,20114.0,20203.0,4575.0
2019-09-18,20301.0,20473.0,20190.0,20390.0,7876.0
2019-09-19,20427.0,20854.0,20427.0,20689.0,10982.0
2019-09-20,20697.0,20870.0,20669.0,20781.0,9108.0
2019-09-23,20703.0,20707.0,20535.0,20601.0,27039.0
2019-09-24,20662.0,20908.0,20649.0,20650.0,8637.0
2019-09-25,20487.0,20708.0,20407.0,20447.0,10270.0
2019-09-26,20578.0,20717.0,20387.0,20573.0,3388.0
2019-09-27,20343.0,20584.0,20319.0,20520.0,3473.0
2019-09-30,20367.0,20593.0,20265.0,20596.0,11578.0
2019-10-01,20609.0,20667.0,20437.0,20660.0,3914.0
2019-10-02,20509.0,20509.0,20158.0,20159.0,5760.0
2019-10-04,20113.0,20392.0,20050.0,20212.0,4928.0
2019-10-07,20282.0,20428.0,20022.0,20159.0,2103.0
2019-10-08,20151.0,20517.0,19963.0,20520.0,7121.0
2019-10-10,20335.0,20521.0,20242.0,20375.0,6240.0
2019-10-11,20551.0,20594.0,20442.0,20550.0,4115.0
2019-10-14,20798.0,20945.0,20724.0,20881.0,16170.0
2019-10-15,20907.0,21387.0,20902.0,21348.0,11997.0
2019-10-16,21465.0,21634.0,21465.0,21637.0,15710.0
2019-10-17,21657.0,21657.0,21339.0,21463.0,10215.0
2019-10-18,21453.0,21562.0,21089.0,21091.0,10955.0
2019-10-21,21089.0,21244.0,21027.0,21247.0,4325.0
2019-10-22,21355.0,21355.0,21096.0,21276.0,72698.0
2019-10-23,21363.0,21376.0,21031.0,21227.0,13745.0
2019-10-24,21303.0,21424.0,21080.0,21426.0,8145.0
2019-10-25,21610.0,21682.0,21495.0,21681.0,12216.0
2019-10-28,21864.0,21952.0,21720.0,21791.0,24906.0
2019-10-29,21870.0,21986.0,21746.0,21772.0,16722.0
2019-10-30,21726.0,21726.0,21309.0,21392.0,20785.0
2019-10-31,21524.0,22000.0,21519.0,21767.0,32099.0
2019-11-01,21711.0,21805.0,21582.0,21806.0,12380.0
2019-11-04,21957.0,22196.0,21957.0,22114.0,17128.0
2019-11-05,22229.0,22229.0,22085.0,22218.0,12935.0
2019-11-06,22049.0,22155.0,21790.0,21806.0,25967.0
2019-11-07,21869.0,21934.0,21564.0,21651.0,19958.0
2019-11-08,21758.0,21839.0,21320.0,21362.0,13163.0
2019-11-11,21358.0,21358.0,21032.0,21140.0,8235.0
2019-11-12,21177.0,21503.0,21177.0,21478.0,23535.0
2019-11-13,21468.0,21468.0,21320.0,21382.0,5435.0
2019-11-14,21525.0,21735.0,21414.0,21570.0,14727.0
2019-11-15,21632.0,22086.0,21575.0,22089.0,17454.0
2019-11-18,22164.0,22203.0,22060.0,22153.0,24140.0
2019-11-19,22120.0,22187.0,21976.0,22148.0,10011.0
2019-11-20,22083.0,22146.0,21501.0,21556.0,22756.0
2019-11-21,21519.0,21586.0,21053.0,21131.0,18463.0
2019-11-22,21200.0,21469.0,21157.0,21343.0,15678.0
2019-11-25,21465.0,21687.0,21465.0,21671.0,5600.0
2019-11-26,21714.0,21979.0,21714.0,21732.0,17568.0
2019-11-27,21783.0,21831.0,21538.0,21588.0,7125.0
2019-11-28,21625.0,21784.0,21581.0,21651.0,4615.0
2019-11-29,21642.0,21738.0,21162.0,21377.0,32018.0
2019-12-02,21403.0,21569.0,21226.0,21320.0,13662.0
2019-12-03,21006.0,21271.0,20934.0,21072.0,9233.0
2019-12-04,20887.0,21037.0,20753.0,20847.0,18960.0
2019-12-05,21065.0,21357.0,20704.0,21357.0,31942.0
2019-12-06,21465.0,22305.0,21465.0,22306.0,111983.0
2019-12-09,22398.0,22461.0,22139.0,22228.0,27978.0
2019-12-10,21987.0,22067.0,21726.0,21917.0,20122.0
2019-12-11,21889.0,22063.0,21789.0,22012.0,7798.0
2019-12-12,22149.0,22620.0,22149.0,22595.0,37708.0
2019-12-13,23040.0,23387.0,22954.0,23250.0,52677.0
2019-12-16,23242.0,23501.0,23166.0,23477.0,19948.0
2019-12-17,23752.0,24300.0,23679.0,24260.0,55354.0
2019-12-18,24415.0,24503.0,24031.0,24212.0,55809.0
2019-12-19,24421.0,24547.0,23870.0,24021.0,61787.0
2019-12-20,24211.0,24306.0,23955.0,24252.0,29753.0
2019-12-23,24310.0,24355.0,23830.0,24011.0,38439.0
2019-12-24,24103.0,24123.0,23881.0,23933.0,28319.0
2019-12-26,23929.0,24691.0,23929.0,24695.0,24582.0
2019-12-27,25170.0,25508.0,24882.0,25414.0,77973.0
2019-12-30,25385.0,25532.0,25221.0,25532.0,67871.0
2020-01-02,25681.0,25767.0,25461.0,25675.0,71651.0
2020-01-03,25815.0,26119.0,25451.0,25454.0,125353.0
2020-01-06,24986.0,25533.0,24936.0,25344.0,72697.0
2020-01-07,25551.0,25605.0,25152.0,25300.0,50776.0
2020-01-08,25379.0,25654.0,25023.0,25213.0,118988.0
2020-01-09,25846.0,26140.0,25677.0,26142.0,84055.0
2020-01-10,26241.0,26241.0,25807.0,26123.0,84822.0
2020-01-13,26072.0,26072.0,25731.0,26012.0,68295.0
2020-01-14,26163.0,26612.0,26058.0,26090.0,105936.0
2020-01-15,26010.0,26010.0,25631.0,25656.0,107323.0
2020-01-16,25653.0,26135.0,25648.0,26137.0,44829.0
2020-01-17,26363.0,26525.0,26323.0,26388.0,66788.0
2020-01-20,26607.0,26829.0,26391.0,26504.0,68903.0
2020-01-21,26568.0,26568.0,26107.0,26230.0,55286.0
2020-01-22,26130.0,26706.0,26120.0,26700.0,67791.0
2020-01-23,26688.0,26693.0,26391.0,26509.0,52037.0
2020-01-28,25270.0,25798.0,25266.0,25754.0,155129.0
2020-01-29,26087.0,26087.0,25707.0,25806.0,42332.0
2020-01-30,25796.0,25865.0,24980.0,25171.0,97419.0
2020-01-31,25295.0,25638.0,24531.0,24558.0,108508.0
2020-02-03,24046.0,25125.0,23974.0,25007.0,72187.0
2020-02-04,25138.0,25421.0,24929.0,25424.0,87951.0
2020-02-05,25795.0,25990.0,25259.0,25424.0,64648.0
2020-02-06,25683.0,25816.0,25491.0,25724.0,43973.0
2020-02-07,25727.0,25727.0,25356.0,25483.0,48158.0
2020-02-10,25295.0,25554.0,25150.0,25549.0,37811.0
2020-02-11,25827.0,25846.0,25607.0,25763.0,75999.0
2020-02-12,25893.0,26313.0,25855.0,26316.0,63641.0
2020-02-13,26390.0,26809.0,26390.0,26658.0,72010.0
2020-02-14,26617.0,27137.0,26554.0,27139.0,90834.0
2020-02-17,27140.0,27444.0,26957.0,27254.0,56531.0
2020-02-18,27171.0,27171.0,26304.0,26374.0,216965.0
2020-02-19,26472.0,26655.0,25972.0,26590.0,92648.0
2020-02-20,26848.0,27031.0,26337.0,26605.0,85801.0
2020-02-21,26173.0,26529.0,26107.0,26225.0,61021.0
2020-02-24,25472.0,25679.0,25087.0,25243.0,128426.0
2020-02-25,25225.0,25784.0,25005.0,25787.0,89545.0
2020-02-26,25177.0,25403.0,24931.0,25276.0,117283.0
2020-02-27,25284.0,25347.0,24181.0,24232.0,88347.0
2020-02-28,23637.0,23896.0,22939.0,23110.0,104207.0
2020-03-02,23464.0,24241.0,23064.0,24242.0,96578.0
2020-03-03,24998.0,25036.0,23963.0,24057.0,93203.0
2020-03-04,23752.0,24776.0,23752.0,24690.0,55611.0
2020-03-05,25030.0,25079.0,24535.0,25030.0,63899.0
2020-03-06,24666.0,24917.0,24306.0,24486.0,59630.0
2020-03-09,23844.0,24021.0,23174.0,23240.0,76552.0
2020-03-10,23227.0,23845.0,23103.0,23846.0,89862.0
2020-03-11,23915.0,23915.0,22813.0,22870.0,70453.0
2020-03-12,22707.0,22884.0,21301.0,21877.0,104549.0
2020-03-13,20427.0,21677.0,19517.0,21017.0,271892.0
2020-03-16,21317.0,21494.0,19829.0,19832.0,90721.0
2020-03-17,19006.0,20603.0,18962.0,20144.0,116311.0
2020-03-18,20300.0,20455.0,18688.0,18691.0,100157.0
2020-03-19,19539.0,19539.0,16488.0,16986.0,95646.0
2020-03-20,17575.0,18619.0,17095.0,18521.0,95859.0
2020-03-23,17163.0,17809.0,16779.0,17209.0,92417.0
2020-03-24,17999.0,19313.0,17633.0,19273.0,109159.0
2020-03-25,20172.0,20432.0,19493.0,20295.0,165145.0
2020-03-26,20367.0,20578.0,19789.0,19792.0,81602.0
2020-03-27,20694.0,20713.0,19347.0,19880.0,183411.0
2020-03-30,19178.0,20137.0,19058.0,20024.0,79619.0
2020-03-31,20214.0,20373.0,19641.0,20068.0,53488.0
2020-04-01,19803.0,20598.0,19444.0,19446.0,69528.0
2020-04-02,19704.0,20165.0,19357.0,20154.0,45742.0
2020-04-03,20320.0,20503.0,19848.0,20140.0,51967.0
2020-04-06,20373.0,21287.0,20287.0,21280.0,73460.0
2020-04-07,21996.0,22160.0,21394.0,21902.0,113473.0
2020-04-08,21807.0,22279.0,21623.0,21867.0,91843.0
2020-04-09,22246.0,22299.0,21809.0,21892.0,61694.0
2020-04-10,21814.0,21814.0,21081.0,21516.0,73562.0
2020-04-13,21277.0,21277.0,20570.0,20636.0,72636.0
2020-04-14,20872.0,21198.0,20655.0,21081.0,108203.0
2020-04-16,20802.0,21455.0,20752.0,21458.0,58655.0
2020-04-17,21923.0,22284.0,21793.0,21978.0,114128.0
2020-04-20,21976.0,21976.0,21649.0,21671.0,44698.0
2020-04-21,21419.0,21745.0,20937.0,21441.0,59439.0
2020-04-22,21148.0,21833.0,21028.0,21834.0,48667.0
2020-04-23,22150.0,22150.0,21751.0,21907.0,30936.0
2020-04-24,21653.0,21755.0,21360.0,21426.0,27336.0
2020-04-27,21567.0,21878.0,21459.0,21838.0,35006.0
2020-04-28,21961.0,22001.0,21599.0,21950.0,25576.0
2020-04-29,21875.0,22324.0,21875.0,22090.0,31028.0
2020-05-04,21700.0,21869.0,21619.0,21640.0,31761.0
2020-05-06,21880.0,22293.0,21759.0,22293.0,62703.0
2020-05-07,22262.0,22909.0,22141.0,22888.0,42703.0
2020-05-08,23199.0,23624.0,23199.0,23511.0,47235.0
2020-05-11,23552.0,23616.0,23127.0,23381.0,43027.0
2020-05-12,23350.0,23393.0,22812.0,23280.0,45623.0
2020-05-13,22735.0,23147.0,22717.0,23149.0,28044.0
2020-05-14,22827.0,22866.0,22630.0,22753.0,34494.0
2020-05-15,22962.0,23314.0,22924.0,23299.0,57781.0
2020-05-18,23282.0,23436.0,22938.0,23222.0,34874.0
2020-05-19,23611.0,23702.0,23408.0,23637.0,54573.0
2020-05-20,23538.0,24461.0,23538.0,24459.0,73687.0
2020-05-21,24723.0,24772.0,24521.0,24634.0,59751.0
2020-05-22,24594.0,24637.0,23999.0,24257.0,91311.0
2020-05-25,24368.0,24775.0,24195.0,24777.0,79160.0
2020-05-26,24905.0,25074.0,24697.0,25039.0,71103.0
2020-05-27,24966.0,25047.0,24468.0,24498.0,41503.0
2020-05-28,24824.0,24824.0,23528.0,24020.0,100888.0
2020-05-29,23718.0,24036.0,23562.0,23904.0,40041.0
2020-06-01,24036.0,24858.0,23949.0,24840.0,67670.0
2020-06-02,24794.0,25035.0,24747.0,24903.0,65465.0
2020-06-03,25081.0,25700.0,25081.0,25388.0,112849.0
2020-06-04,25619.0,25927.0,25086.0,25228.0,73109.0
2020-06-05,25353.0,25549.0,25071.0,25509.0,56223.0
2020-06-08,25907.0,25907.0,25279.0,25397.0,66374.0
2020-06-09,25602.0,25602.0,25065.0,25208.0,59512.0
2020-06-10,25100.0,25412.0,25100.0,25325.0,48962.0
2020-06-11,25323.0,25323.0,24748.0,24870.0,65783.0
2020-06-12,23566.0,24261.0,23566.0,24178.0,90966.0
2020-06-15,23895.0,24045.0,22514.0,22516.0,89350.0
2020-06-16,23252.0,23711.0,23074.0,23704.0,56316.0
2020-06-17,23495.0,24119.0,23442.0,23947.0,67739.0
2020-06-18,23944.0,24153.0,23718.0,23894.0,28442.0
2020-06-19,24143.0,24167.0,23674.0,24001.0,24260.0
2020-06-22,23838.0,24175.0,23750.0,24134.0,35538.0
2020-06-23,24196.0,24515.0,23896.0,24082.0,35191.0
2020-06-24,24217.0,24941.0,24172.0,24726.0,96726.0
2020-06-25,24186.0,24458.0,24033.0,24035.0,65549.0
2020-06-26,24358.0,24517.0,24087.0,24429.0,47285.0
2020-06-29,24060.0,24361.0,23882.0,23884.0,33664.0
2020-06-30,24395.0,24733.0,24317.0,24402.0,82318.0
2020-07-01,24748.0,24780.0,24216.0,24348.0,31886.0
2020-07-02,24393.0,24562.0,24185.0,24425.0,22023.0
2020-07-03,24557.0,24784.0,24411.0,24787.0,37367.0
2020-07-06,24844.0,25274.0,24844.0,25267.0,77062.0
2020-07-07,25481.0,25519.0,24979.0,25078.0,73665.0
2020-07-08,24966.0,25130.0,24889.0,24991.0,31974.0
2020-07-09,25060.0,25220.0,24940.0,25179.0,54587.0
2020-07-10,25174.0,25414.0,25038.0,25253.0,61857.0
2020-07-13,25417.0,25447.0,25148.0,25330.0,31611.0
2020-07-14,25102.0,25280.0,25038.0,25263.0,35376.0
2020-07-15,25441.0,25659.0,25326.0,25575.0,60652.0
2020-07-16,25700.0,25705.0,24845.0,25011.0,40808.0
2020-07-17,25003.0,25452.0,25003.0,25402.0,40285.0
2020-07-20,25434.0,25459.0,25126.0,25258.0,19470.0
2020-07-21,25530.0,25761.0,25496.0,25687.0,62159.0
2020-07-22,25628.0,25819.0,25530.0,25706.0,27656.0
2020-07-23,25675.0,25850.0,25492.0,25852.0,44592.0
2020-07-24,25548.0,25940.0,25486.0,25672.0,35716.0
2020-07-27,25578.0,26342.0,25578.0,26287.0,63233.0
2020-07-28,26550.0,27164.0,26516.0,26944.0,153260.0
2020-07-29,26860.0,27150.0,26793.0,27060.0,50037.0
2020-07-30,27372.0,27725.0,27367.0,27660.0,112740.0
2020-07-31,27753.0,27841.0,26999.0,27069.0,87925.0
2020-08-03,27193.0,27245.0,26776.0,27248.0,54391.0
2020-08-04,27246.0,27431.0,27112.0,27182.0,71696.0
2020-08-05,27261.0,27454.0,27088.0,27452.0,64641.0
2020-08-06,27449.0,27665.0,27226.0,27379.0,75367.0
2020-08-07,27414.0,27496.0,26998.0,27262.0,57833.0
2020-08-10,27184.0,27213.0,26961.0,27167.0,53507.0
2020-08-11,27241.0,27314.0,26928.0,26954.0,54119.0
2020-08-12,26863.0,26950.0,26327.0,26629.0,76349.0
2020-08-13,27008.0,27207.0,26748.0,26876.0,57711.0
2020-08-14,26873.0,26961.0,26391.0,26548.0,43117.0
2020-08-18,26521.0,26546.0,25294.0,25509.0,72768.0
2020-08-19,25617.0,26042.0,25370.0,25976.0,56281.0
2020-08-20,25897.0,25897.0,24356.0,24459.0,101907.0
2020-08-21,24827.0,25273.0,24319.0,24802.0,94445.0
2020-08-24,24623.0,25386.0,24386.0,25238.0,55795.0
2020-08-25,25385.0,25703.0,25346.0,25682.0,49191.0
2020-08-26,25736.0,25736.0,25132.0,25550.0,38432.0
2020-08-27,25598.0,25680.0,25135.0,25151.0,38916.0
2020-08-28,25178.0,25565.0,25052.0,25243.0,40934.0
2020-08-31,25511.0,25694.0,25134.0,25330.0,59520.0
2020-09-01,25323.0,25588.0,25323.0,25509.0,39622.0
2020-09-02,25752.0,25891.0,25622.0,25818.0,34934.0
2020-09-03,26221.0,26724.0,26221.0,26490.0,147588.0
2020-09-04,25323.0,25888.0,25323.0,25867.0,100765.0
2020-09-07,25912.0,26235.0,25664.0,26088.0,51962.0
2020-09-08,26309.0,26720.0,26300.0,26500.0,65067.0
2020-09-09,25965.0,26540.0,25965.0,26383.0,41398.0
2020-09-10,26850.0,26927.0,26487.0,26736.0,41721.0
2020-09-11,26535.0,26718.0,26361.0,26711.0,35634.0
2020-09-14,26855.0,27018.0,26812.0,27012.0,76918.0
2020-09-15,27338.0,27406.0,26971.0,27114.0,50258.0
2020-09-16,27198.0,27203.0,26589.0,26683.0,51330.0
2020-09-17,26681.0,26859.0,26294.0,26427.0,37949.0
2020-09-18,26563.0,26841.0,26361.0,26842.0,45730.0
2020-09-21,26700.0,26892.0,25956.0,26171.0,55252.0
2020-09-22,26221.0,26236.0,25288.0,25330.0,51153.0
2020-09-23,25598.0,26071.0,24863.0,25996.0,50462.0
2020-09-24,25421.0,25808.0,25171.0,25203.0,52473.0
2020-09-25,25476.0,25649.0,25012.0,25053.0,25532.0
2020-09-28,25278.0,25810.0,25230.0,25813.0,43982.0
2020-09-29,26000.0,26163.0,25864.0,26108.0,45622.0
2020-10-05,25879.0,26153.0,25714.0,26098.0,39482.0
2020-10-06,26216.0,26381.0,25951.0,26132.0,30497.0
2020-10-07,25800.0,26186.0,25800.0,26161.0,12816.0
2020-10-08,26380.0,26468.0,26004.0,26073.0,20171.0
2020-10-12,26088.0,26280.0,26073.0,26244.0,21485.0
2020-10-13,26372.0,26530.0,26148.0,26480.0,40020.0
2020-10-14,26469.0,26536.0,25971.0,25972.0,43161.0
2020-10-15,26053.0,26062.0,25453.0,25629.0,35695.0
2020-10-16,25628.0,25932.0,25066.0,25373.0,54579.0
2020-10-19,25376.0,25599.0,25047.0,25137.0,53996.0
2020-10-20,24894.0,25424.0,24659.0,25142.0,116725.0
2020-10-21,25180.0,25297.0,24893.0,25179.0,35615.0
2020-10-22,25140.0,25140.0,24637.0,24653.0,51284.0
2020-10-23,24650.0,24678.0,24162.0,24387.0,47433.0
2020-10-26,24262.0,24310.0,23441.0,23555.0,60533.0
2020-10-27,23384.0,24012.0,23209.0,23599.0,60781.0
2020-10-28,23492.0,24362.0,23492.0,24363.0,50322.0
2020-10-29,23838.0,24747.0,23834.0,24692.0,68818.0
2020-10-30,24688.0,24789.0,23944.0,24077.0,42413.0
2020-11-02,24079.0,24421.0,23928.0,24163.0,59782.0
2020-11-03,24317.0,24815.0,24317.0,24721.0,53627.0
2020-11-04,25016.0,25562.0,24576.0,25420.0,82244.0
2020-11-05,25559.0,25921.0,25482.0,25828.0,81431.0
2020-11-06,26052.0,26110.0,25520.0,25580.0,69711.0
2020-11-09,25870.0,25913.0,25619.0,25756.0,48344.0
2020-11-10,25833.0,25833.0,25379.0,25560.0,56593.0
2020-11-11,25512.0,25622.0,25318.0,25533.0,52139.0
2020-11-12,25607.0,25776.0,25482.0,25580.0,44634.0
2020-11-13,25408.0,25957.0,25366.0,25958.0,58357.0
2020-11-16,26235.0,27336.0,26235.0,27262.0,250756.0
2020-11-17,27261.0,27367.0,26923.0,27060.0,132151.0
2020-11-18,27068.0,27310.0,26942.0,27099.0,65063.0
2020-11-19,26922.0,27599.0,26778.0,27461.0,75211.0
2020-11-20,27637.0,27715.0,27464.0,27602.0,72326.0
2020-11-23,27462.0,27998.0,27341.0,27871.0,83015.0
2020-11-24,28033.0,28077.0,27763.0,27837.0,98544.0
2020-11-25,28068.0,28204.0,27028.0,27365.0,224611.0
2020-11-26,27370.0,27952.0,27189.0,27900.0,81546.0
2020-11-27,27900.0,28145.0,27793.0,28056.0,92005.0
2020-11-30,28165.0,28195.0,27687.0,27790.0,106756.0
2020-12-01,27903.0,27952.0,27424.0,27766.0,154961.0
2020-12-02,27918.0,28732.0,27918.0,28650.0,183383.0
2020-12-03,28713.0,29016.0,28441.0,28578.0,186874.0
2020-12-04,28866.0,29122.0,28694.0,28821.0,175235.0
2020-12-07,29185.0,29219.0,28718.0,29091.0,156032.0
2020-12-08,29051.0,29369.0,28714.0,28931.0,143637.0
2020-12-09,29074.0,29383.0,28898.0,29385.0,113573.0
2020-12-10,28938.0,29512.0,28938.0,29414.0,98883.0
2020-12-11,29536.0,29589.0,29189.0,29370.0,128024.0
2020-12-14,29366.0,29366.0,29000.0,29153.0,131361.0
2020-12-15,29330.0,29610.0,29199.0,29540.0,128232.0
2020-12-16,29707.0,30025.0,29492.0,29985.0,121235.0
2020-12-17,30061.0,30694.0,30051.0,30638.0,199987.0
2020-12-18,30779.0,30779.0,30161.0,30327.0,199767.0
2020-12-21,30384.0,30384.0,29692.0,30188.0,161792.0
2020-12-22,30108.0,30108.0,29423.0,29424.0,181430.0
2020-12-23,29456.0,29967.0,29040.0,29927.0,159516.0
2020-12-24,29924.0,30857.0,29895.0,30540.0,188077.0
2020-12-28,30674.0,31056.0,30520.0,30880.0,259578.0
2020-12-29,31376.0,31666.0,31135.0,31519.0,186540.0
2020-12-30,31515.0,32602.0,31321.0,32494.0,230468.0
2021-01-04,33008.0,33302.0,32558.0,33214.0,432980.0
2021-01-05,33057.0,33556.0,32868.0,33557.0,316058.0
2021-01-06,34029.0,34517.0,33368.0,33519.0,385425.0
2021-01-07,34153.0,34333.0,33835.0,34055.0,232153.0
2021-01-08,34536.0,34536.0,33811.0,34302.0,466601.0
2021-01-11,34691.0,35174.0,33225.0,34195.0,434331.0
2021-01-12,33849.0,34512.0,33351.0,34128.0,276394.0
2021-01-13,34222.0,34608.0,33937.0,34316.0,150627.0
2021-01-14,34317.0,34414.0,34004.0,34165.0,120634.0
2021-01-15,34525.0,35178.0,34125.0,34170.0,234673.0
2021-01-18,33811.0,34540.0,33507.0,34180.0,180882.0
2021-01-19,34405.0,34962.0,34111.0,34858.0,184707.0
2021-01-20,35421.0,36256.0,35203.0,36255.0,361119.0
2021-01-21,36485.0,36537.0,35923.0,36250.0,304570.0
2021-01-22,36944.0,36959.0,35704.0,35709.0,313979.0
2021-01-25,35852.0,36466.0,35838.0,36463.0,313966.0
2021-01-26,36707.0,36736.0,36015.0,36187.0,314361.0
2021-01-27,36237.0,36493.0,35551.0,35630.0,343800.0
2021-01-28,34639.0,35284.0,34318.0,34640.0,369671.0
2021-01-29,35188.0,35217.0,33056.0,33411.0,380288.0
2021-02-01,33159.0,34363.0,32627.0,34365.0,290486.0
2021-02-02,34810.0,35173.0,34423.0,34775.0,276511.0
2021-02-03,34996.0,35044.0,34473.0,34868.0,299315.0
2021-02-04,34802.0,34802.0,33979.0,34331.0,247623.0
2021-02-05,34395.0,34589.0,34090.0,34403.0,125141.0
2021-02-08,34346.0,34414.0,33956.0,34200.0,115951.0
2021-02-09,34590.0,34966.0,34252.0,34253.0,168123.0
2021-02-10,34242.0,34414.0,33844.0,34389.0,185092.0
2021-02-15,35083.0,36161.0,34948.0,36100.0,451581.0
2021-02-16,36561.0,36813.0,36252.0,36453.0,520301.0
2021-02-17,36552.0,36552.0,35866.0,36255.0,373118.0
2021-02-18,36174.0,36174.0,35188.0,35316.0,361578.0
2021-02-19,35311.0,35862.0,34843.0,35850.0,243179.0
2021-02-22,36204.0,36345.0,35432.0,35433.0,369076.0
2021-02-23,34808.0,35356.0,34508.0,35076.0,226376.0
2021-02-24,35072.0,35642.0,34047.0,34093.0,264855.0
2021-02-25,35010.0,35711.0,34806.0,35655.0,268376.0
2021-02-26,34469.0,34690.0,34087.0,34606.0,369955.0
2021-03-02,35789.0,36080.0,34615.0,35076.0,453383.0
2021-03-03,34801.0,35411.0,34704.0,35413.0,257976.0
2021-03-04,34912.0,35082.0,34366.0,34693.0,207677.0
2021-03-05,33921.0,34463.0,33592.0,34398.0,211040.0
2021-03-08,34733.0,34781.0,33498.0,33499.0,176783.0
2021-03-09,33288.0,33361.0,32225.0,33165.0,369625.0
2021-03-10,33951.0,34100.0,32593.0,32677.0,178059.0
2021-03-11,32829.0,33718.0,32829.0,33552.0,150888.0
2021-03-12,34121.0,34381.0,34053.0,34302.0,169603.0
2021-03-15,34299.0,34361.0,33937.0,34035.0,127858.0
2021-03-16,34461.0,35248.0,34349.0,35227.0,236363.0
2021-03-17,35301.0,35334.0,34908.0,35331.0,98167.0
2021-03-18,35753.0,35996.0,35571.0,35645.0,183214.0
2021-03-19,34977.0,35606.0,34852.0,35467.0,116203.0
2021-03-22,35597.0,35760.0,35287.0,35714.0,109004.0
2021-03-23,35865.0,35992.0,35049.0,35143.0,123737.0
2021-03-24,34781.0,35569.0,34618.0,35544.0,144662.0
2021-03-25,35285.0,35478.0,35038.0,35292.0,105734.0
2021-03-26,35465.0,35532.0,35010.0,35336.0,89028.0
2021-03-29,35475.0,35499.0,34954.0,34959.0,109316.0
2021-03-30,34971.0,35362.0,34931.0,35267.0,79458.0
2021-03-31,35286.0,35402.0,34997.0,35095.0,91083.0
2021-04-01,35678.0,36316.0,35571.0,36318.0,288933.0
2021-04-02,36900.0,37142.0,36751.0,36835.0,333227.0
2021-04-05,37117.0,37655.0,36982.0,37589.0,317030.0
2021-04-06,38065.0,38085.0,37079.0,37492.0,322940.0
2021-04-07,37577.0,37587.0,37161.0,37212.0,185935.0
2021-04-08,37195.0,37509.0,37181.0,37338.0,131724.0
2021-04-09,37368.0,37615.0,37064.0,37172.0,167223.0
2021-04-12,37170.0,37175.0,36778.0,37043.0,156647.0
2021-04-13,36948.0,37645.0,36833.0,37406.0,211139.0
2021-04-14,37519.0,37519.0,37133.0,37212.0,137210.0
2021-04-15,37025.0,37319.0,36947.0,37284.0,114278.0
2021-04-16,37462.0,37683.0,37437.0,37623.0,162368.0
2021-04-19,37798.0,39123.0,37750.0,38990.0,398784.0
2021-04-20,38917.0,39135.0,38586.0,39136.0,244792.0
2021-04-21,38958.0,39027.0,38456.0,38468.0,305239.0
2021-04-22,38950.0,39009.0,38671.0,38798.0,184398.0
2021-04-23,38385.0,38931.0,38080.0,38890.0,214225.0
2021-04-26,39027.0,39104.0,38801.0,38953.0,134824.0
2021-04-27,38980.0,39160.0,38677.0,38915.0,147993.0
2021-04-28,38891.0,38891.0,37170.0,37298.0,454343.0
2021-04-29,37380.0,37606.0,36473.0,36814.0,284690.0
2021-04-30,36819.0,36910.0,36057.0,36476.0,275225.0
2021-05-03,36347.0,37122.0,36207.0,36296.0,210237.0
2021-05-04,36117.0,36548.0,35627.0,36527.0,228024.0
2021-05-06,36317.0,36337.0,35900.0,36135.0,288360.0
2021-05-07,36208.0,36377.0,36032.0,36243.0,175299.0
2021-05-10,36376.0,36594.0,36153.0,36586.0,271782.0
2021-05-11,36035.0,36059.0,35115.0,35277.0,502837.0
2021-05-12,35310.0,35447.0,34559.0,34953.0,255820.0
2021-05-13,34037.0,34682.0,33893.0,34026.0,273965.0
2021-05-14,34639.0,35159.0,34407.0,35161.0,428435.0
2021-05-17,35572.0,35664.0,34497.0,34716.0,225004.0
2021-05-18,34722.0,35328.0,34659.0,35287.0,199419.0
2021-05-20,35227.0,35880.0,35068.0,35797.0,276975.0
2021-05-21,36152.0,36289.0,35737.0,35792.0,281671.0
2021-05-24,35789.0,35794.0,34874.0,34875.0,248055.0
2021-05-25,35256.0,35417.0,35170.0,35235.0,168938.0
2021-05-26,35245.0,35415.0,35077.0,35161.0,125845.0
2021-05-27,35239.0,35659.0,34860.0,35613.0,172889.0
2021-05-28,35624.0,35773.0,35489.0,35665.0,276347.0
2021-05-31,35795.0,35795.0,35379.0,35613.0,171294.0
2021-06-01,35586.0,35979.0,35512.0,35937.0,204844.0
2021-06-02,36028.0,36097.0,35749.0,35841.0,115593.0
2021-06-03,35939.0,36932.0,35876.0,36775.0,368687.0
2021-06-04,36493.0,36541.0,36111.0,36461.0,236600.0
2021-06-07,36846.0,36870.0,36298.0,36417.0,194788.0
2021-06-08,36346.0,36346.0,35943.0,36013.0,190395.0
2021-06-09,35907.0,35941.0,35336.0,35341.0,225789.0
2021-06-10,35328.0,35721.0,35227.0,35514.0,145375.0
2021-06-11,35766.0,35926.0,35607.0,35865.0,161555.0
2021-06-14,35815.0,35897.0,35618.0,35690.0,117517.0
2021-06-15,35921.0,36008.0,35821.0,35846.0,134312.0
2021-06-16,35842.0,36059.0,35726.0,36028.0,122318.0
2021-06-17,35766.0,36294.0,35669.0,36219.0,126546.0
2021-06-18,36424.0,36754.0,36372.0,36373.0,170045.0
2021-06-21,35956.0,36092.0,35744.0,35836.0,179866.0
2021-06-22,36040.0,36161.0,35828.0,35873.0,132585.0
2021-06-23,36067.0,36192.0,35941.0,36092.0,169321.0
2021-06-24,36154.0,36358.0,36018.0,36243.0,256178.0
2021-06-25,36472.0,36724.0,36462.0,36668.0,181258.0
2021-06-28,36759.0,36813.0,36527.0,36611.0,162680.0
2021-06-29,36826.0,37054.0,36745.0,36819.0,211493.0
2021-06-30,37055.0,37394.0,36885.0,37343.0,320263.0
2021-07-01,37360.0,37365.0,37036.0,37047.0,150365.0
2021-07-02,36880.0,37001.0,36643.0,36693.0,178297.0
2021-07-05,36797.0,37160.0,36734.0,37037.0,146995.0
2021-07-06,37069.0,37476.0,37035.0,37202.0,197496.0
2021-07-07,37199.0,37199.0,36777.0,37032.0,123791.0
2021-07-08,36992.0,37142.0,36348.0,36451.0,207650.0
2021-07-09,35955.0,36152.0,35522.0,36058.0,457304.0
2021-07-12,36342.0,36458.0,36172.0,36271.0,285235.0
2021-07-13,36341.0,36709.0,36287.0,36658.0,130777.0
2021-07-14,36484.0,36706.0,36260.0,36640.0,135157.0
2021-07-15,36638.0,37286.0,36638.0,37240.0,235934.0
2021-07-16,37012.0,37012.0,36532.0,36713.0,183574.0
2021-07-19,36347.0,36720.0,36186.0,36678.0,118655.0
2021-07-20,36254.0,36864.0,36254.0,36542.0,165955.0
2021-07-21,36832.0,36832.0,36298.0,36422.0,87644.0
2021-07-22,36792.0,37641.0,36792.0,37348.0,419073.0
2021-07-23,37563.0,37568.0,37225.0,37275.0,113570.0
2021-07-26,37550.0,37589.0,36944.0,37077.0,106730.0
2021-07-27,37170.0,37501.0,36939.0,37028.0,118953.0
2021-07-28,36643.0,36929.0,36076.0,36446.0,283958.0
2021-07-29,36580.0,36744.0,36207.0,36441.0,143064.0
2021-07-30,36357.0,36357.0,35995.0,36000.0,225131.0
2021-08-02,36177.0,36846.0,36177.0,36775.0,277451.0
2021-08-03,36885.0,37651.0,36773.0,37478.0,298480.0
2021-08-04,37806.0,37821.0,37317.0,37576.0,242554.0
2021-08-05,37631.0,37863.0,37583.0,37807.0,202765.0
2021-08-06,37800.0,37903.0,37569.0,37658.0,90721.0
2021-08-09,37674.0,37862.0,37490.0,37856.0,155989.0
2021-08-10,37863.0,37912.0,37117.0,37235.0,143945.0
2021-08-11,36794.0,36794.0,35806.0,35856.0,525351.0
2021-08-12,35519.0,35554.0,35075.0,35226.0,494465.0
2021-08-13,35063.0,35238.0,34050.0,34624.0,498849.0
2021-08-17,34680.0,34971.0,34219.0,34347.0,280103.0
2021-08-18,34176.0,34845.0,33875.0,34798.0,217123.0
2021-08-19,34383.0,34796.0,33720.0,33741.0,255360.0
2021-08-20,34010.0,34218.0,33230.0,33344.0,265035.0
2021-08-23,33792.0,33923.0,33366.0,33708.0,133727.0
2021-08-24,34121.0,34645.0,34059.0,34647.0,209805.0
2021-08-25,35272.0,35316.0,34270.0,34581.0,167506.0
2021-08-26,34947.0,35038.0,34584.0,34604.0,120358.0
2021-08-27,34485.0,34737.0,34175.0,34531.0,82594.0
2021-08-30,34985.0,35068.0,34525.0,34604.0,71887.0
2021-08-31,34568.0,34991.0,34332.0,34992.0,96020.0
2021-09-01,35073.0,35144.0,34781.0,35123.0,104712.0
2021-09-02,35140.0,35204.0,34796.0,34866.0,73469.0
2021-09-03,34869.0,35213.0,34753.0,35065.0,103157.0
2021-09-06,35097.0,35234.0,34856.0,34953.0,55531.0
2021-09-07,34994.0,35018.0,34481.0,34638.0,88949.0
2021-09-08,34544.0,34574.0,34229.0,34503.0,70937.0
2021-09-09,34341.0,34472.0,33803.0,33887.0,141014.0
2021-09-10,33884.0,34159.0,33685.0,34148.0,105899.0
2021-09-13,34025.0,34118.0,33682.0,33848.0,88747.0
2021-09-14,34006.0,34272.0,33860.0,34202.0,85493.0
2021-09-15,34195.0,34195.0,33933.0,34129.0,82945.0
2021-09-16,34263.0,34263.0,33618.0,33678.0,81520.0
2021-09-17,33595.0,34229.0,33256.0,34212.0,124884.0
2021-09-23,33918.0,34064.0,33604.0,33605.0,102112.0
2021-09-24,33744.0,33870.0,33351.0,33421.0,83161.0
2021-09-27,33313.0,33396.0,33149.0,33262.0,107875.0
2021-09-28,33134.0,33260.0,32399.0,32404.0,182948.0
2021-09-29,31437.0,31801.0,31316.0,31769.0,270606.0
2021-09-30,31642.0,31980.0,31491.0,31890.0,169850.0
2021-10-01,31640.0,31838.0,31059.0,31211.0,81396.0
2021-10-05,30594.0,30880.0,30336.0,30688.0,152431.0
2021-10-06,30831.0,30982.0,29726.0,29927.0,190192.0
2021-10-07,30041.0,30681.0,30041.0,30601.0,203017.0
2021-10-08,30759.0,30812.0,30027.0,30092.0,92382.0
2021-10-12,29853.0,29926.0,29461.0,29651.0,134563.0
2021-10-13,29528.0,29935.0,29518.0,29748.0,125168.0
2021-10-14,29852.0,30671.0,29852.0,30552.0,158242.0
2021-10-15,31190.0,31466.0,31074.0,31367.0,233613.0
2021-10-18,31451.0,31602.0,30972.0,31372.0,106811.0
2021-10-19,31645.0,31673.0,31344.0,31458.0,139907.0
2021-10-20,31645.0,31702.0,31315.0,31337.0,71493.0
2021-10-21,31267.0,31451.0,30928.0,30968.0,64037.0
2021-10-22,30850.0,31296.0,30772.0,31182.0,65065.0
2021-10-25,31117.0,31450.0,30816.0,31449.0,85481.0
2021-10-26,31603.0,32035.0,31603.0,32012.0,121244.0
2021-10-27,32082.0,32112.0,31880.0,31905.0,61986.0
2021-10-28,31874.0,33289.0,31778.0,33024.0,402600.0
2021-10-29,33266.0,33276.0,32446.0,32506.0,228539.0
2021-11-01,32539.0,32941.0,32460.0,32666.0,144927.0
2021-11-02,32828.0,33361.0,32828.0,32980.0,127549.0
2021-11-03,33161.0,33244.0,32561.0,32568.0,101549.0
2021-11-04,32950.0,33071.0,32540.0,32627.0,82120.0
2021-11-05,33034.0,33302.0,32764.0,32819.0,110646.0
2021-11-08,32823.0,32872.0,32227.0,32777.0,115916.0
2021-11-09,32732.0,33080.0,32692.0,32748.0,101377.0
2021-11-10,32566.0,32741.0,32072.0,32171.0,84246.0
2021-11-11,31762.0,32080.0,31586.0,32079.0,76623.0
2021-11-12,32314.0,32833.0,32188.0,32782.0,108803.0
2021-11-15,33347.0,34045.0,33328.0,33974.0,272490.0
2021-11-16,34021.0,34312.0,33803.0,33964.0,170200.0
2021-11-17,34166.0,34176.0,33702.0,33873.0,86132.0
2021-11-18,33827.0,33971.0,33565.0,33877.0,104719.0
2021-11-19,34079.0,35087.0,34045.0,35060.0,441501.0
2021-11-22,35789.0,36996.0,35779.0,36625.0,907830.0
2021-11-23,36594.0,36594.0,35959.0,36305.0,252726.0
2021-11-24,36349.0,36688.0,35296.0,35715.0,283869.0
2021-11-25,35813.0,35868.0,35150.0,35157.0,222700.0
2021-11-26,35102.0,35475.0,34447.0,34696.0,149516.0
2021-11-29,33449.0,34729.0,33449.0,34255.0,163266.0
2021-11-30,34916.0,35082.0,33210.0,33421.0,174875.0
2021-12-01,33566.0,34564.0,33042.0,34440.0,202154.0
2021-12-02,34055.0,35703.0,34050.0,35603.0,379204.0
2021-12-03,35573.0,35864.0,35184.0,35729.0,155039.0
2021-12-06,35490.0,36288.0,35387.0,36199.0,278054.0
2021-12-07,36390.0,36827.0,36101.0,36727.0,367453.0
2021-12-08,37433.0,37534.0,36212.0,36252.0,379667.0
2021-12-09,36236.0,36458.0,36090.0,36392.0,124327.0
2021-12-10,36016.0,36187.0,35707.0,35777.0,135872.0
2021-12-13,35979.0,36540.0,35979.0,36150.0,182423.0
2021-12-14,35814.0,36138.0,35678.0,35946.0,85719.0
2021-12-15,35793.0,36196.0,35741.0,36140.0,78034.0
2021-12-16,36764.0,36914.0,36400.0,36504.0,138892.0
2021-12-17,36026.0,36284.0,35698.0,36000.0,132966.0
2021-12-20,35830.0,36300.0,35650.0,35715.0,121230.0
2021-12-21,36132.0,36661.0,35863.0,36625.0,325518.0
2021-12-22,37243.0,37316.0,36831.0,36901.0,136647.0
2021-12-23,37176.0,37773.0,37123.0,37571.0,295001.0
2021-12-24,37903.0,37970.0,37452.0,37512.0,142889.0
2021-12-27,37534.0,37626.0,37297.0,37391.0,179513.0
2021-12-28,37589.0,37920.0,37443.0,37920.0,210741.0
2021-12-29,38120.0,38363.0,37558.0,37870.0,245817.0
2021-12-30,38120.0,38619.0,38028.0,38486.0,288682.0
2022-01-03,38834.0,38888.0,38525.0,38778.0,519189.0
2022-01-04,38997.0,39061.0,38304.0,38481.0,196404.0
2022-01-05,38315.0,38348.0,37074.0,37396.0,265001.0
2022-01-06,36560.0,37233.0,36395.0,36509.0,264144.0
2022-01-07,36851.0,37490.0,36851.0,37318.0,182049.0
2022-01-10,37136.0,37159.0,36352.0,36513.0,122878.0
2022-01-11,36764.0,36968.0,36419.0,36630.0,104838.0
2022-01-12,37127.0,37400.0,36968.0,37401.0,167072.0
2022-01-13,37500.0,37704.0,37297.0,37464.0,135859.0
2022-01-14,36992.0,37694.0,36992.0,37653.0,178405.0
2022-01-17,37801.0,37919.0,37423.0,37707.0,125476.0
2022-01-18,37791.0,38105.0,37287.0,37434.0,126585.0
2022-01-19,36856.0,37354.0,36656.0,36901.0,162328.0
2022-01-20,36782.0,37322.0,36691.0,37323.0,104271.0
2022-01-21,36696.0,36749.0,35547.0,35777.0,355458.0
2022-01-24,35474.0,35958.0,35390.0,35670.0,151535.0
2022-01-25,35897.0,36003.0,35039.0,35356.0,231367.0
2022-01-26,35538.0,35679.0,34721.0,34721.0,140767.0
2022-01-27,35018.0,35121.0,33639.0,33732.0,190391.0
2022-01-28,33882.0,35214.0,33503.0,35201.0,237604.0
2022-02-03,36074.0,36074.0,35197.0,35257.0,176451.0
2022-02-04,35208.0,35809.0,35139.0,35564.0,98552.0
2022-02-07,35556.0,35556.0,34495.0,34788.0,178261.0
2022-02-08,34941.0,35148.0,34102.0,34395.0,95324.0
2022-02-09,34795.0,34974.0,34601.0,34889.0,60099.0
2022-02-10,35408.0,35467.0,34880.0,35211.0,123598.0
2022-02-11,34864.0,35108.0,34623.0,34624.0,102683.0
2022-02-14,33903.0,34210.0,33541.0,33761.0,126863.0
2022-02-15,33913.0,34058.0,33225.0,33334.0,100989.0
2022-02-16,34325.0,34650.0,34209.0,34652.0,150637.0
2022-02-17,34660.0,35242.0,34190.0,34691.0,196023.0
2022-02-18,34112.0,34887.0,34112.0,34817.0,108805.0
2022-02-21,34215.0,34548.0,33963.0,34546.0,94069.0
2022-02-22,33783.0,34287.0,33769.0,33950.0,155350.0
2022-02-23,34307.0,34559.0,33880.0,34367.0,207954.0
2022-02-24,33837.0,33982.0,33295.0,33306.0,253067.0
2022-02-25,34050.0,34199.0,33749.0,34051.0,189675.0
2022-02-28,33890.0,34230.0,33633.0,34231.0,117906.0
2022-03-02,34138.0,34645.0,33962.0,34566.0,118006.0
2022-03-03,35018.0,35310.0,34994.0,35311.0,147995.0
2022-03-04,35082.0,35139.0,34607.0,34754.0,143246.0
2022-03-07,33997.0,34025.0,33561.0,33722.0,156460.0
2022-03-08,32954.0,33633.0,32949.0,33106.0,124560.0
2022-03-10,34059.0,34306.0,33749.0,33950.0,85781.0
2022-03-11,33880.0,33933.0,33420.0,33640.0,91191.0
2022-03-14,33437.0,33442.0,32614.0,32834.0,146014.0
2022-03-15,32547.0,32761.0,32465.0,32535.0,94660.0
2022-03-16,33148.0,33556.0,32877.0,33557.0,139476.0
2022-03-17,34409.0,34709.0,34332.0,34566.0,228169.0
2022-03-18,34645.0,34999.0,34392.0,34948.0,272837.0
2022-03-21,35057.0,35198.0,34815.0,34875.0,196087.0
2022-03-22,34771.0,35329.0,34761.0,35321.0,193965.0
2022-03-23,35537.0,35591.0,35276.0,35438.0,195845.0
2022-03-24,35044.0,35626.0,35029.0,35579.0,151165.0
2022-03-25,36046.0,36090.0,35629.0,35631.0,208910.0
2022-03-28,35620.0,35884.0,35371.0,35655.0,185905.0
2022-03-29,35871.0,35983.0,35687.0,35927.0,169607.0
2022-03-30,36414.0,36520.0,35880.0,36009.0,271516.0
2022-03-31,35678.0,35880.0,35643.0,35782.0,134078.0
2022-04-01,35601.0,35601.0,35179.0,35253.0,167934.0
2022-04-04,35029.0,35346.0,34903.0,35346.0,135713.0
2022-04-05,35495.0,35713.0,35388.0,35482.0,149901.0
2022-04-06,35084.0,35089.0,34556.0,34586.0,219100.0
2022-04-07,34254.0,34602.0,34021.0,34571.0,160270.0
2022-04-08,34645.0,34683.0,34223.0,34657.0,192678.0
2022-04-11,34491.0,34670.0,34118.0,34226.0,125199.0
2022-04-12,33923.0,34330.0,33885.0,34245.0,157837.0
2022-04-13,34320.0,34814.0,34175.0,34812.0,111303.0
2022-04-14,34940.0,34940.0,34494.0,34661.0,93879.0
2022-04-15,34249.0,34393.0,34030.0,34362.0,85356.0
2022-04-18,34190.0,34631.0,34084.0,34541.0,132545.0
2022-04-19,34904.0,35708.0,34812.0,35705.0,213312.0
2022-04-20,35756.0,35878.0,35630.0,35695.0,181356.0
2022-04-21,35780.0,36153.0,35766.0,35991.0,186177.0
2022-04-22,35625.0,35684.0,35370.0,35584.0,188332.0
2022-04-25,34980.0,35169.0,34699.0,34744.0,158812.0
2022-04-26,34994.0,35158.0,34760.0,35035.0,169550.0
2022-04-27,34215.0,34601.0,34185.0,34517.0,150912.0
2022-04-28,34804.0,34828.0,34109.0,34248.0,162052.0
2022-04-29,34511.0,34735.0,34433.0,34703.0,142463.0
2022-05-02,34194.0,34408.0,33954.0,34278.0,146905.0
2022-05-03,34486.0,35028.0,34437.0,34781.0,123517.0
2022-05-04,35029.0,35029.0,34448.0,34503.0,97994.0
2022-05-06,34032.0,34071.0,33651.0,33755.0,422531.0
2022-05-09,33579.0,33686.0,33047.0,33062.0,153513.0
2022-05-10,32438.0,33675.0,32224.0,33491.0,302265.0
2022-05-11,33489.0,34240.0,33244.0,34238.0,264047.0
2022-05-12,33628.0,34013.0,33267.0,33282.0,168816.0
2022-05-13,33418.0,34220.0,33418.0,34220.0,185821.0
2022-05-16,34726.0,34779.0,33886.0,34058.0,150239.0
2022-05-17,33978.0,34472.0,33978.0,34454.0,92000.0
2022-05-18,34788.0,35013.0,34382.0,34663.0,175448.0
2022-05-19,33723.0,34452.0,33656.0,34278.0,163232.0
2022-05-20,34540.0,34574.0,34237.0,34488.0,146197.0
2022-05-23,34623.0,34764.0,34295.0,34644.0,101467.0
2022-05-24,34448.0,34448.0,33369.0,33370.0,143144.0
2022-05-25,33524.0,33817.0,33182.0,33628.0,107980.0
2022-05-26,33670.0,33915.0,32830.0,33003.0,156862.0
2022-05-27,33471.0,33677.0,33155.0,33155.0,92314.0
2022-05-30,33671.0,33764.0,33447.0,33580.0,101593.0
2022-05-31,33544.0,33714.0,33388.0,33687.0,117603.0
2022-06-02,33456.0,33646.0,33422.0,33555.0,69411.0
2022-06-03,33870.0,33949.0,33436.0,33481.0,81374.0
2022-06-07,33315.0,33320.0,32616.0,32686.0,174354.0
2022-06-08,32791.0,33026.0,32640.0,32744.0,123999.0
2022-06-09,32538.0,32664.0,32312.0,32612.0,92381.0
2022-06-10,32195.0,32219.0,31936.0,32075.0,154739.0
2022-06-13,31163.0,31212.0,30544.0,30545.0,204437.0
2022-06-14,29767.0,30470.0,29669.0,30428.0,129985.0
2022-06-15,30241.0,30436.0,29410.0,29798.0,143150.0
2022-06-16,30266.0,30540.0,29519.0,29564.0,159704.0
2022-06-17,28838.0,29112.0,28667.0,29113.0,155990.0
2022-06-20,29361.0,29361.0,27901.0,28127.0,225252.0
2022-06-21,28087.0,28496.0,27856.0,28274.0,186841.0
2022-06-22,28340.0,28399.0,26670.0,28264.0,246278.0
2022-06-23,26627.0,27217.0,26182.0,26281.0,641592.0
2022-06-24,26372.0,27153.0,26372.0,27121.0,316960.0
2022-06-27,27422.0,28037.0,26982.0,27853.0,324195.0
2022-06-28,27761.0,28034.0,27414.0,27781.0,206597.0
2022-06-29,27227.0,27647.0,27041.0,27512.0,150815.0
2022-06-30,27260.0,27260.0,26582.0,26603.0,118274.0
2022-07-01,26694.0,27061.0,25733.0,25822.0,186856.0
2022-07-04,25819.0,25986.0,25228.0,25572.0,182585.0
2022-07-05,25830.0,26582.0,25830.0,26423.0,146569.0
2022-07-06,26383.0,26530.0,25894.0,25964.0,213610.0
2022-07-07,26041.0,26856.0,26041.0,26657.0,176378.0
2022-07-08,27110.0,27184.0,26745.0,26755.0,161258.0
2022-07-11,26752.0,27075.0,26489.0,26725.0,184176.0
2022-07-12,26450.0,26450.0,25449.0,25455.0,189251.0
2022-07-13,25636.0,25953.0,25504.0,25891.0,145283.0
2022-07-14,25581.0,26230.0,25532.0,25944.0,114473.0
2022-07-15,26318.0,26670.0,25903.0,26476.0,298743.0
2022-07-18,26924.0,27309.0,26889.0,27228.0,439678.0
2022-07-19,26954.0,27042.0,26617.0,27009.0,167260.0
2022-07-20,27764.0,27882.0,27217.0,27385.0,261736.0
2022-07-21,27490.0,27760.0,27324.0,27761.0,139434.0
2022-07-22,27834.0,27897.0,27414.0,27424.0,165617.0
2022-07-25,27100.0,27456.0,27100.0,27307.0,123481.0
2022-07-26,27144.0,27467.0,27124.0,27468.0,103054.0
2022-07-27,27398.0,27597.0,27275.0,27487.0,259609.0
2022-07-28,27940.0,28063.0,27466.0,27497.0,145087.0
2022-07-29,27740.0,28131.0,27565.0,27693.0,139169.0
2022-08-01,27838.0,27838.0,27443.0,27561.0,105778.0
2022-08-02,27507.0,27507.0,27082.0,27176.0,113816.0
2022-08-03,27109.0,27230.0,26952.0,27213.0,100874.0
2022-08-04,27418.0,27448.0,27252.0,27395.0,76470.0
2022-08-05,27424.0,27532.0,27252.0,27532.0,111311.0
2022-08-08,27306.0,27311.0,27013.0,27195.0,132194.0
2022-08-09,27032.0,27090.0,26549.0,26779.0,199713.0
2022-08-10,26279.0,26328.0,25825.0,25846.0,222709.0
2022-08-11,26362.0,26728.0,26347.0,26486.0,232503.0
2022-08-12,26407.0,26992.0,26402.0,26911.0,184008.0
2022-08-16,27168.0,27710.0,27041.0,27512.0,210635.0
2022-08-17,27505.0,27550.0,27237.0,27292.0,125184.0
2022-08-18,27076.0,27535.0,26935.0,27434.0,202950.0
2022-08-19,27590.0,27639.0,27186.0,27186.0,124101.0
2022-08-22,26728.0,26787.0,26440.0,26476.0,130074.0
2022-08-23,26152.0,26469.0,26064.0,26100.0,109591.0
2022-08-24,26138.0,26275.0,25900.0,26115.0,111232.0
2022-08-25,26112.0,26707.0,26020.0,26705.0,120898.0
2022-08-26,27080.0,27394.0,26852.0,26936.0,157045.0
2022-08-29,25952.0,26060.0,25826.0,25866.0,272415.0
2022-08-30,25927.0,26450.0,25844.0,26403.0,114855.0
2022-08-31,26182.0,26987.0,26089.0,26916.0,153823.0
2022-09-01,26533.0,26586.0,26206.0,26212.0,142085.0
2022-09-02,26378.0,26393.0,25821.0,25871.0,124903.0
2022-09-05,25805.0,25982.0,25391.0,25514.0,175980.0
2022-09-06,25542.0,25864.0,25420.0,25646.0,112425.0
2022-09-07,25513.0,25513.0,25068.0,25187.0,144531.0
2022-09-08,25356.0,25488.0,25058.0,25079.0,108416.0
2022-09-13,25244.0,25976.0,25244.0,25924.0,200476.0
2022-09-14,24999.0,25448.0,24906.0,25343.0,149119.0
2022-09-15,25449.0,25484.0,25240.0,25275.0,66744.0
2022-09-16,24980.0,25043.0,24839.0,24981.0,105932.0
2022-09-19,24939.0,25243.0,24794.0,24795.0,101905.0
2022-09-20,25025.0,25333.0,24673.0,24718.0,123932.0
2022-09-21,24560.0,24580.0,24229.0,24454.0,224161.0
2022-09-22,24076.0,24106.0,23715.0,24039.0,279219.0
2022-09-23,23863.0,24004.0,23383.0,23438.0,236489.0
2022-09-26,23051.0,23066.0,22421.0,22461.0,525272.0
2022-09-27,22483.0,22724.0,21995.0,22441.0,283813.0
2022-09-28,22357.0,22567.0,21742.0,21904.0,183744.0
2022-09-29,22304.0,22406.0,21523.0,21523.0,146698.0
2022-09-30,21100.0,21833.0,21095.0,21659.0,293772.0
2022-10-04,22254.0,22972.0,22177.0,22959.0,448632.0
2022-10-05,23509.0,23509.0,22845.0,22983.0,178313.0
2022-10-06,23211.0,23817.0,23206.0,23760.0,205125.0
2022-10-07,23486.0,24061.0,23349.0,23706.0,374184.0
2022-10-11,23065.0,23138.0,22743.0,23047.0,127035.0
2022-10-12,23081.0,23534.0,23022.0,23458.0,229782.0
2022-10-13,23240.0,23456.0,23066.0,23086.0,117861.0
2022-10-14,23652.0,23745.0,23476.0,23746.0,177908.0
2022-10-17,23328.0,23719.0,23299.0,23677.0,128809.0
2022-10-18,24126.0,24126.0,23491.0,23814.0,146670.0
2022-10-19,23758.0,23797.0,23250.0,23281.0,120586.0
2022-10-20,23109.0,23183.0,22714.0,22852.0,165129.0
2022-10-21,22715.0,23149.0,22715.0,22833.0,156663.0
2022-10-24,23274.0,23694.0,23274.0,23500.0,197660.0
2022-10-25,23476.0,24179.0,23422.0,23946.0,226002.0
2022-10-26,23998.0,24081.0,23862.0,23887.0,169418.0
2022-10-27,24028.0,24175.0,23657.0,23697.0,215667.0
2022-10-28,23382.0,23471.0,22523.0,22578.0,176371.0
2022-10-31,22902.0,23054.0,22737.0,22885.0,155672.0
2022-11-01,22864.0,23000.0,22649.0,22983.0,155105.0
2022-11-02,22870.0,22919.0,22749.0,22838.0,103463.0
2022-11-03,22459.0,22805.0,22420.0,22661.0,124182.0
2022-11-04,22483.0,22576.0,22102.0,22534.0,104155.0
2022-11-07,22664.0,23251.0,22664.0,23252.0,159427.0
2022-11-08,23407.0,23949.0,23349.0,23853.0,158662.0
2022-11-09,23954.0,24120.0,23812.0,24063.0,182871.0
2022-11-10,23811.0,24016.0,23690.0,23779.0,144396.0
2022-11-11,25136.0,25214.0,24794.0,25128.0,409506.0
2022-11-14,25195.0,25195.0,24619.0,24649.0,169246.0
2022-11-15,24668.0,25406.0,24668.0,25407.0,167695.0
2022-11-16,25604.0,25776.0,25278.0,25597.0,202973.0
2022-11-17,25069.0,25215.0,24912.0,25094.0,199140.0
2022-11-18,25278.0,25673.0,25029.0,25035.0,130523.0
2022-11-21,24926.0,24985.0,24384.0,24434.0,124192.0
2022-11-22,24331.0,24351.0,24000.0,24000.0,97275.0
2022-11-23,24344.0,24471.0,24290.0,24414.0,193465.0
2022-11-24,24638.0,24812.0,24354.0,24790.0,172082.0
2022-11-25,24760.0,24808.0,24423.0,24444.0,128953.0
2022-11-28,24238.0,24243.0,23754.0,23946.0,137152.0
2022-11-29,23744.0,24138.0,23744.0,24131.0,77691.0
2022-11-30,23969.0,24275.0,23812.0,24199.0,81204.0
2022-12-01,24809.0,24893.0,24453.0,24508.0,123500.0
2022-12-02,24365.0,24365.0,23985.0,23985.0,103025.0
2022-12-05,23933.0,24222.0,23861.0,23926.0,98744.0
2022-12-06,23647.0,23711.0,23463.0,23483.0,113534.0
2022-12-07,23318.0,23323.0,22977.0,23144.0,101607.0
2022-12-08,23064.0,23284.0,23016.0,23061.0,55105.0
2022-12-09,23249.0,23606.0,23201.0,23505.0,86391.0
2022-12-12,23299.0,23299.0,23006.0,23115.0,92300.0
2022-12-13,23254.0,23377.0,22972.0,23252.0,87847.0
2022-12-14,23279.0,23641.0,23254.0,23642.0,92405.0
2022-12-15,23349.0,23505.0,23271.0,23306.0,63601.0
2022-12-16,22705.0,22978.0,22705.0,22852.0,251552.0
2022-12-19,22723.0,23133.0,22645.0,22934.0,38407.0
2022-12-20,22742.0,22904.0,22518.0,22568.0,57050.0
2022-12-21,22673.0,22741.0,22435.0,22509.0,74682.0
2022-12-22,22719.0,22939.0,22704.0,22939.0,69576.0
2022-12-23,22527.0,22527.0,22220.0,22226.0,89476.0
2022-12-26,22225.0,22469.0,21985.0,22466.0,41676.0
2022-12-27,22327.0,22688.0,22327.0,22636.0,35587.0
2022-12-28,22533.0,22567.0,22108.0,22212.0,94709.0
2022-12-29,21999.0,22078.0,21526.0,21640.0,81075.0
2023-01-02,21638.0,21863.0,21247.0,21366.0,90310.0
2023-01-03,21258.0,21571.0,20858.0,21533.0,170854.0
2023-01-04,21252.0,22663.0,21252.0,22631.0,175516.0
2023-01-05,22772.0,22772.0,22299.0,22471.0,545842.0
2023-01-06,22278.0,23206.0,22278.0,23110.0,210320.0
2023-01-09,23482.0,23534.0,23315.0,23487.0,172172.0
2023-01-10,23397.0,23832.0,23289.0,23559.0,167591.0
2023-01-11,23685.0,23943.0,23685.0,23789.0,328004.0
2023-01-12,23958.0,23983.0,23553.0,23784.0,146093.0
2023-01-13,23782.0,23973.0,23553.0,23652.0,140054.0
2023-01-16,23651.0,23778.0,23534.0,23721.0,159829.0
2023-01-17,23651.0,23905.0,23554.0,23599.0,170115.0
2023-01-18,23597.0,23597.0,23334.0,23594.0,115663.0
2023-01-19,23348.0,23704.0,23240.0,23701.0,102036.0
2023-01-20,23632.0,24052.0,23632.0,23848.0,140707.0
2023-01-25,24383.0,24777.0,24368.0,24770.0,225570.0
2023-01-26,24784.0,24951.0,24647.0,24952.0,150597.0
2023-01-27,24951.0,25053.0,24770.0,24894.0,317233.0
2023-01-30,24863.0,24980.0,24521.0,24752.0,143071.0
2023-01-31,24555.0,24883.0,24380.0,24508.0,132324.0
2023-02-01,24757.0,24941.0,24585.0,24835.0,126366.0
2023-02-02,25351.0,25498.0,25087.0,25299.0,190730.0
2023-02-03,25287.0,25287.0,24970.0,25040.0,152443.0
2023-02-06,24911.0,24926.0,24629.0,24649.0,150925.0
2023-02-07,24488.0,25245.0,24488.0,25246.0,183754.0
2023-02-08,25512.0,25868.0,25448.0,25851.0,246747.0
2023-02-09,25679.0,25932.0,25503.0,25920.0,173742.0
2023-02-10,25672.0,25844.0,25541.0,25592.0,147383.0
2023-02-13,25459.0,25547.0,25078.0,25348.0,152940.0
2023-02-14,25498.0,25932.0,25498.0,25915.0,182366.0
2023-02-15,26172.0,26181.0,25454.0,25514.0,197460.0
2023-02-16,25688.0,26216.0,25660.0,26174.0,176368.0
2023-02-17,25737.0,25884.0,25641.0,25661.0,130545.0
2023-02-20,25635.0,25966.0,25279.0,25939.0,139300.0
2023-02-21,25838.0,25921.0,25620.0,25694.0,95959.0
2023-02-22,25170.0,25322.0,24946.0,25016.0,207318.0
2023-02-23,25174.0,25741.0,25155.0,25597.0,159404.0
2023-02-24,25874.0,25883.0,25380.0,25450.0,113161.0
2023-02-27,25113.0,25195.0,24873.0,25138.0,120624.0
2023-02-28,25141.0,25433.0,25062.0,25196.0,203520.0
2023-03-02,25248.0,25512.0,25058.0,25074.0,125459.0
2023-03-03,25195.0,25337.0,24996.0,25148.0,87574.0
2023-03-06,25367.0,25673.0,25097.0,25661.0,173213.0
2023-03-07,25560.0,25600.0,25434.0,25484.0,115328.0
2023-03-08,25291.0,25291.0,25043.0,25216.0,138903.0
2023-03-09,25351.0,25595.0,24980.0,25084.0,101821.0
2023-03-10,24712.0,24717.0,24199.0,24254.0,191219.0
2023-03-13,24253.0,24418.0,23910.0,24351.0,108336.0
2023-03-14,24276.0,24276.0,23295.0,23296.0,181475.0
2023-03-15,23690.0,23734.0,23222.0,23296.0,102219.0
2023-03-16,23162.0,23997.0,23050.0,23779.0,169525.0
2023-03-17,24428.0,25121.0,24325.0,25069.0,380464.0
2023-03-20,25123.0,25371.0,24907.0,25153.0,203829.0
2023-03-21,25342.0,25352.0,24874.0,24879.0,117896.0
2023-03-22,25175.0,25390.0,24892.0,25382.0,170469.0
2023-03-23,25205.0,25688.0,25058.0,25494.0,297255.0
2023-03-24,25889.0,26718.0,25859.0,26603.0,625201.0
2023-03-27,26747.0,26972.0,26264.0,26593.0,421582.0
2023-03-28,26557.0,27452.0,26459.0,27453.0,595455.0
2023-03-29,27687.0,27886.0,27295.0,27707.0,433339.0
2023-03-30,28400.0,28898.0,28107.0,28284.0,736222.0
2023-03-31,28820.0,29108.0,28435.0,28460.0,567228.0
2023-04-03,28976.0,28976.0,27823.0,28230.0,552543.0
2023-04-04,28150.0,28199.0,27501.0,27580.0,432334.0
2023-04-05,27490.0,27808.0,27480.0,27614.0,273526.0
2023-04-06,27354.0,27354.0,26969.0,27063.0,308603.0
2023-04-07,27583.0,28273.0,27583.0,28274.0,600448.0
2023-04-10,28445.0,28445.0,27873.0,28172.0,456355.0
2023-04-11,28354.0,28804.0,28242.0,28762.0,702832.0
2023-04-12,28575.0,28623.0,28135.0,28518.0,489571.0
2023-04-13,28332.0,28332.0,28039.0,28157.0,297649.0
2023-04-14,28439.0,28503.0,27941.0,28079.0,242833.0
2023-04-17,28013.0,28013.0,27555.0,27942.0,285474.0
2023-04-18,27990.0,27990.0,27384.0,27527.0,240436.0
2023-04-19,27584.0,27847.0,27369.0,27600.0,244409.0
2023-04-20,27452.0,27452.0,27038.0,27063.0,267534.0
2023-04-21,27140.0,27599.0,27101.0,27532.0,326074.0
2023-04-24,27444.0,27444.0,26877.0,26892.0,256817.0
2023-04-25,26969.0,27140.0,26163.0,26511.0,323497.0
2023-04-26,26353.0,27203.0,26353.0,26814.0,267652.0
2023-04-27,26976.0,27132.0,26517.0,27124.0,182855.0
2023-04-28,27296.0,27453.0,27045.0,27085.0,411723.0
2023-05-02,27261.0,27275.0,26882.0,27129.0,164717.0
2023-05-03,26877.0,27516.0,26877.0,27513.0,143489.0
2023-05-04,27443.0,27468.0,26941.0,27045.0,145490.0
2023-05-08,27335.0,27488.0,27026.0,27169.0,135096.0
2023-05-09,27182.0,27182.0,26592.0,26824.0,161237.0
2023-05-10,26837.0,26965.0,26512.0,26636.0,144065.0
2023-05-11,26759.0,26868.0,26396.0,26396.0,166768.0
2023-05-12,26444.0,26636.0,26277.0,26568.0,185118.0
2023-05-15,26424.0,26429.0,25947.0,26164.0,244871.0
2023-05-16,26581.0,26778.0,26360.0,26479.0,173344.0
2023-05-17,26434.0,26947.0,26360.0,26947.0,131876.0
2023-05-18,27173.0,27551.0,27153.0,27533.0,302590.0
2023-05-19,27960.0,28974.0,27881.0,28946.0,1097982.0
2023-05-22,29053.0,29161.0,28738.0,28911.0,499490.0
2023-05-23,29073.0,29073.0,28660.0,28823.0,361970.0
2023-05-24,28551.0,28782.0,28393.0,28675.0,245386.0
2023-05-25,29481.0,29619.0,28979.0,29142.0,769996.0
2023-05-26,29510.0,30116.0,29505.0,29698.0,1111488.0
2023-05-30,30372.0,30599.0,30136.0,30260.0,609277.0
2023-05-31,30195.0,30308.0,29752.0,30073.0,702735.0
2023-06-01,29663.0,30304.0,29530.0,30304.0,425943.0
2023-06-02,30569.0,30830.0,30038.0,30142.0,553967.0
2023-06-05,30111.0,30170.0,29742.0,29812.0,304492.0
2023-06-07,29836.0,30101.0,29732.0,30009.0,243277.0
2023-06-08,29708.0,30147.0,29516.0,30147.0,339244.0
2023-06-09,30268.0,31042.0,29953.0,31042.0,652175.0
2023-06-12,30997.0,31047.0,30658.0,30846.0,374572.0
2023-06-13,31159.0,31794.0,31159.0,31628.0,851949.0
2023-06-14,31756.0,31761.0,30982.0,31195.0,560713.0
2023-06-15,31386.0,32016.0,31342.0,31958.0,538992.0
2023-06-16,31839.0,32114.0,31637.0,31968.0,371878.0
2023-06-19,31833.0,31912.0,31391.0,31608.0,297668.0
2023-06-20,31455.0,31924.0,31126.0,31924.0,322601.0
2023-06-21,31775.0,32188.0,31264.0,31264.0,428071.0
2023-06-22,31012.0,31543.0,31007.0,31101.0,277761.0
2023-06-23,31174.0,31643.0,31022.0,31161.0,337919.0
2023-06-26,31026.0,31695.0,30913.0,31613.0,324006.0
2023-06-27,31460.0,31510.0,31111.0,31452.0,340750.0
2023-06-28,31780.0,31977.0,31490.0,31727.0,317330.0
2023-06-29,31652.0,32258.0,31622.0,32047.0,458603.0
2023-06-30,32006.0,32046.0,31273.0,31771.0,633056.0
2023-07-03,31942.0,32646.0,31917.0,32396.0,567340.0
2023-07-04,32391.0,32523.0,32209.0,32505.0,307519.0
2023-07-05,32504.0,32647.0,32135.0,32229.0,268090.0
2023-07-06,32031.0,32085.0,31076.0,31121.0,638333.0
2023-07-07,31002.0,31106.0,30510.0,30619.0,488201.0
2023-07-10,30569.0,30569.0,29993.0,30038.0,475021.0
2023-07-11,30362.0,30915.0,30357.0,30915.0,229042.0
2023-07-12,30756.0,31642.0,30756.0,31643.0,408954.0
2023-07-13,31859.0,32371.0,31839.0,32239.0,469494.0
2023-07-14,32720.0,34068.0,32582.0,33390.0,2153304.0
2023-07-17,33016.0,34173.0,32888.0,33775.0,708375.0
2023-07-18,33976.0,34050.0,33454.0,33854.0,587036.0
2023-07-19,34063.0,34157.0,33029.0,33449.0,1242419.0
2023-07-20,33237.0,33896.0,32942.0,33750.0,1024743.0
2023-07-21,33015.0,33168.0,32627.0,33007.0,715410.0
2023-07-24,32882.0,32882.0,32281.0,32770.0,846999.0
2023-07-25,32789.0,33311.0,32523.0,32814.0,587194.0
2023-07-26,33002.0,33071.0,31653.0,31939.0,1607291.0
2023-07-27,31937.0,34162.0,31937.0,34094.0,1720138.0
2023-07-28,34330.0,34723.0,33576.0,34690.0,1104981.0
2023-07-31,35005.0,35005.0,34242.0,34538.0,1132032.0
2023-08-01,34591.0,34902.0,33921.0,34902.0,924071.0
2023-08-02,34429.0,34892.0,33218.0,33342.0,864100.0
2023-08-03,33178.0,33646.0,32582.0,33578.0,827622.0
2023-08-04,33493.0,33808.0,33208.0,33425.0,313928.0
2023-08-07,33128.0,33916.0,33119.0,33405.0,360509.0
2023-08-08,33611.0,33720.0,32662.0,32687.0,488869.0
2023-08-09,32632.0,33070.0,32390.0,32790.0,396257.0
2023-08-10,32375.0,32385.0,31588.0,32273.0,1112590.0
2023-08-11,32257.0,32671.0,32149.0,32189.0,354570.0
2023-08-14,31819.0,32179.0,31588.0,31692.0,341533.0
2023-08-16,31849.0,32341.0,31736.0,31884.0,827260.0
2023-08-17,31564.0,32263.0,31323.0,32077.0,414451.0
2023-08-18,31490.0,33253.0,31372.0,32766.0,518318.0
2023-08-21,32809.0,33696.0,32554.0,32707.0,301212.0
2023-08-22,33331.0,33606.0,32056.0,32204.0,414334.0
2023-08-23,32006.0,32701.0,31957.0,32214.0,265119.0
2023-08-24,33227.0,33587.0,32878.0,33007.0,729581.0
2023-08-25,32184.0,32391.0,31736.0,31914.0,577660.0
2023-08-28,32080.0,32194.0,31795.0,31919.0,179639.0
2023-08-29,32238.0,32518.0,32139.0,32396.0,314204.0
2023-08-30,32980.0,33271.0,32942.0,32972.0,363073.0
2023-08-31,33075.0,33321.0,32981.0,33263.0,497246.0
2023-09-01,33120.0,34148.0,33120.0,33977.0,688174.0
2023-09-04,34208.0,34262.0,33568.0,33854.0,327336.0
2023-09-05,33721.0,34203.0,33582.0,33864.0,249305.0
2023-09-06,33646.0,33932.0,33357.0,33357.0,316589.0
2023-09-07,33046.0,33780.0,33041.0,33362.0,566964.0
2023-09-08,33218.0,33227.0,32219.0,32441.0,480218.0
2023-09-11,32342.0,32426.0,31850.0,32097.0,255920.0
2023-09-12,32218.0,32434.0,31927.0,32243.0,210442.0
2023-09-13,32243.0,33021.0,31859.0,32037.0,341182.0
2023-09-14,32303.0,33193.0,32298.0,33091.0,472304.0
2023-09-15,33109.0,33351.0,32814.0,33076.0,303524.0
2023-09-18,32386.0,32627.0,31987.0,32032.0,366817.0
2023-09-19,32070.0,32365.0,31662.0,31697.0,343439.0
2023-09-20,31663.0,31860.0,31368.0,31452.0,254286.0
2023-09-21,31322.0,31352.0,30555.0,30664.0,527633.0
2023-09-22,30479.0,30963.0,30347.0,30963.0,386890.0
2023-09-25,30545.0,31047.0,30545.0,30856.0,204259.0
2023-09-26,30850.0,31047.0,30353.0,30447.0,245109.0
2023-09-27,30328.0,30766.0,30087.0,30713.0,529940.0
2023-10-04,30126.0,30554.0,30076.0,30353.0,297088.0
2023-10-05,31096.0,31170.0,30436.0,30619.0,323365.0
2023-10-06,30869.0,30908.0,30564.0,30831.0,173016.0
2023-10-10,31095.0,31465.0,30367.0,30368.0,289080.0
2023-10-11,30929.0,31569.0,30929.0,31161.0,305512.0
2023-10-12,31376.0,31924.0,31352.0,31924.0,275848.0
2023-10-13,31583.0,32292.0,31544.0,31924.0,318068.0
2023-10-16,31628.0,31840.0,31101.0,31521.0,280354.0
2023-10-17,31756.0,32597.0,31470.0,32539.0,475941.0
2023-10-18,32243.0,32612.0,31903.0,32485.0,279857.0
2023-10-19,31904.0,32101.0,31353.0,31521.0,392767.0
2023-10-20,31140.0,31534.0,30658.0,31092.0,422037.0
2023-10-23,30987.0,31450.0,30722.0,30757.0,219414.0
2023-10-24,31012.0,31672.0,30706.0,31672.0,386126.0
2023-10-25,31819.0,32090.0,31568.0,31751.0,330435.0
2023-10-26,30579.0,31052.0,30442.0,30521.0,556873.0
2023-10-27,30826.0,30884.0,30058.0,30226.0,638761.0
2023-10-30,30181.0,30476.0,30078.0,30221.0,237529.0
2023-10-31,30401.0,30455.0,29152.0,29162.0,950398.0
2023-11-01,29475.0,29953.0,29416.0,29752.0,400074.0
2023-11-02,30520.0,31496.0,30520.0,31496.0,650246.0
2023-11-03,31779.0,31779.0,31361.0,31554.0,576744.0
2023-11-06,32203.0,32913.0,31677.0,32913.0,1348864.0
2023-11-07,32745.0,33444.0,32484.0,32913.0,1408220.0
2023-11-08,33104.0,33474.0,32297.0,32490.0,635020.0
2023-11-09,32406.0,32888.0,32381.0,32628.0,331333.0
2023-11-10,32263.0,33064.0,32125.0,32982.0,474162.0
2023-11-13,32962.0,33257.0,32208.0,32411.0,548560.0
2023-11-14,32608.0,32671.0,32332.0,32653.0,329676.0
2023-11-15,33443.0,33625.0,33118.0,33400.0,785963.0
2023-11-16,33380.0,33655.0,33060.0,33642.0,416812.0
2023-11-17,33503.0,33941.0,33414.0,33548.0,680829.0
2023-11-20,33336.0,33818.0,33306.0,33711.0,303698.0
2023-11-21,33911.0,34089.0,33671.0,33676.0,485650.0
2023-11-22,33276.0,33891.0,33261.0,33819.0,1011990.0
2023-11-23,33700.0,33829.0,33213.0,33263.0,324395.0
2023-11-24,33212.0,33478.0,33129.0,33184.0,257026.0
2023-11-27,33099.0,33739.0,33089.0,33671.0,342468.0
2023-11-28,33842.0,34102.0,33492.0,34094.0,429946.0
2023-11-29,33913.0,34163.0,33597.0,34002.0,981087.0
2023-11-30,33872.0,34459.0,33872.0,34459.0,1154099.0
2023-12-01,34212.0,34399.0,34079.0,34262.0,1014822.0
2023-12-04,34311.0,34316.0,33715.0,33770.0,325543.0
2023-12-05,33483.0,33735.0,32613.0,32697.0,1120347.0
2023-12-06,32834.0,33143.0,32705.0,33061.0,1096399.0
2023-12-07,32916.0,33108.0,32685.0,32883.0,243730.0
2023-12-08,33479.0,33616.0,33361.0,33519.0,458212.0
2023-12-11,33803.0,33803.0,33336.0,33632.0,222753.0
2023-12-12,33980.0,34310.0,33887.0,34183.0,542724.0
2023-12-13,34109.0,34403.0,34109.0,34183.0,554913.0
2023-12-14,34749.0,34856.0,34369.0,34769.0,1273413.0
2023-12-15,34966.0,35050.0,34489.0,34573.0,560567.0
2023-12-18,34704.0,34960.0,34660.0,34823.0,358293.0
2023-12-19,34832.0,35019.0,34675.0,34794.0,255036.0
2023-12-20,35001.0,35118.0,34828.0,35011.0,281519.0
2023-12-21,34754.0,35034.0,34562.0,35011.0,397434.0
2023-12-22,35443.0,35596.0,35104.0,35119.0,463240.0
2023-12-26,35314.0,35314.0,34808.0,35094.0,382092.0
2023-12-27,35339.0,35683.0,34995.0,35655.0,654324.0
2023-12-28,35591.0,35748.0,35330.0,35715.0,373554.0
2024-01-02,35635.0,36358.0,35433.0,36271.0,916472.0
2024-01-03,35640.0,35837.0,35217.0,35360.0,772102.0
2024-01-04,35098.0,35827.0,35098.0,35261.0,455316.0
2024-01-05,35163.0,35295.0,34912.0,35203.0,491612.0
2024-01-08,35202.0,35423.0,35000.0,35134.0,484946.0
2024-01-09,35826.0,35905.0,34872.0,35025.0,767282.0
2024-01-10,35098.0,35118.0,34237.0,34528.0,526293.0
2024-01-11,34458.0,34797.0,34350.0,34725.0,460746.0
2024-01-12,34630.0,34895.0,34099.0,34173.0,473649.0
2024-01-15,34123.0,34454.0,33858.0,33898.0,347726.0
2024-01-16,33857.0,33995.0,33173.0,33420.0,552582.0
2024-01-17,33671.0,33936.0,33001.0,33135.0,552004.0
2024-01-18,33258.0,33923.0,33041.0,33923.0,393430.0
2024-01-19,34508.0,35138.0,34473.0,35085.0,726490.0
2024-01-22,35838.0,36044.0,35497.0,35838.0,847475.0
2024-01-23,35836.0,35836.0,35334.0,35670.0,372591.0
2024-01-24,35497.0,35669.0,35112.0,35601.0,393681.0
2024-01-25,35837.0,36161.0,35295.0,35429.0,539237.0
2024-01-26,34940.0,35354.0,34872.0,34887.0,380014.0
2024-01-29,34886.0,35319.0,34483.0,34636.0,390533.0
2024-01-30,34754.0,34852.0,34079.0,34563.0,449825.0
2024-01-31,34084.0,34374.0,33725.0,33745.0,324818.0
2024-02-01,33617.0,33966.0,33026.0,33283.0,552803.0
2024-02-02,33473.0,34246.0,33425.0,34070.0,574120.0
2024-02-05,33966.0,33980.0,33370.0,33410.0,387972.0
2024-02-06,33625.0,34211.0,32946.0,34035.0,529318.0
2024-02-07,33847.0,34114.0,33582.0,33760.0,342407.0
2024-02-08,33887.0,34794.0,33858.0,34794.0,681793.0
2024-02-13,35281.0,36220.0,34975.0,36074.0,1401480.0
2024-02-14,35281.0,36201.0,35202.0,36153.0,604350.0
2024-02-15,36561.0,36683.0,35842.0,36000.0,663684.0
2024-02-16,36068.0,36147.0,35433.0,35537.0,460444.0
2024-02-19,35379.0,36063.0,35379.0,35695.0,405667.0
2024-02-20,35605.0,35826.0,35448.0,35670.0,331871.0
2024-02-21,35255.0,36019.0,35255.0,35611.0,410385.0
2024-02-22,36428.0,36565.0,35905.0,36438.0,789493.0
2024-02-23,37324.0,37403.0,36340.0,36424.0,1780119.0
2024-02-26,36083.0,37126.0,36034.0,36404.0,718212.0
2024-02-27,36279.0,36378.0,35688.0,35886.0,521977.0
2024-02-28,35885.0,36865.0,35703.0,36728.0,1217796.0
2024-02-29,36388.0,36880.0,36201.0,36507.0,468333.0
2024-03-04,37363.0,38199.0,37259.0,38087.0,1417553.0
2024-03-05,38056.0,38199.0,37544.0,37806.0,482466.0
2024-03-06,37368.0,38004.0,37339.0,38004.0,425027.0
2024-03-07,38209.0,38583.0,37574.0,37742.0,512920.0
2024-03-08,38387.0,38958.0,38328.0,38491.0,898891.0
2024-03-11,37559.0,38041.0,37318.0,37944.0,686674.0
2024-03-12,37934.0,38323.0,37816.0,38280.0,316018.0
2024-03-13,38795.0,38810.0,37806.0,38132.0,533241.0
2024-03-14,37983.0,38101.0,37446.0,37659.0,360001.0
2024-03-15,37211.0,37717.0,37033.0,37497.0,286620.0
2024-03-18,37318.0,37938.0,37318.0,37925.0,238347.0
2024-03-19,37584.0,37584.0,37151.0,37408.0,334739.0
2024-03-20,37757.0,37943.0,37234.0,37782.0,490869.0
2024-03-21,38809.0,39163.0,38607.0,39086.0,1040322.0
2024-03-22,39189.0,39327.0,38692.0,38860.0,577549.0
2024-03-25,39012.0,39332.0,38634.0,38713.0,383049.0
2024-03-26,39115.0,39789.0,39006.0,39569.0,823821.0
2024-03-27,39317.0,40256.0,39312.0,40243.0,763161.0
2024-03-28,40169.0,41384.0,40070.0,41169.0,1878763.0
2024-03-29,41237.0,42069.0,40957.0,41745.0,802158.0
2024-04-01,42221.0,42778.0,42084.0,42183.0,1059890.0
2024-04-02,42714.0,43226.0,42280.0,42729.0,805619.0
2024-04-03,41990.0,42182.0,41547.0,41809.0,3187927.0
2024-04-04,42521.0,43117.0,42388.0,42946.0,754440.0
2024-04-05,42088.0,42768.0,41925.0,42276.0,762329.0
2024-04-08,42674.0,42724.0,41454.0,41533.0,459764.0
2024-04-09,41547.0,42163.0,41370.0,41607.0,359980.0
2024-04-11,41251.0,42491.0,41078.0,42276.0,435262.0
2024-04-12,42985.0,43246.0,42533.0,42543.0,463047.0
2024-04-15,42000.0,42620.0,41552.0,42587.0,393855.0
2024-04-16,41935.0,42309.0,40794.0,40937.0,762892.0
2024-04-17,41231.0,41842.0,40868.0,40868.0,658278.0
2024-04-18,40676.0,41758.0,40430.0,41745.0,549670.0
2024-04-19,40970.0,40970.0,39134.0,40228.0,1497891.0
2024-04-22,39494.0,39808.0,38597.0,39155.0,1085766.0
2024-04-23,39618.0,39711.0,38851.0,38851.0,536032.0
2024-04-24,39943.0,40710.0,39894.0,40564.0,646521.0
2024-04-25,39701.0,40410.0,39510.0,39510.0,313371.0
2024-04-26,40366.0,40544.0,40012.0,40190.0,380460.0
2024-04-29,40732.0,40880.0,40106.0,40269.0,324141.0
2024-04-30,40372.0,40860.0,40007.0,40037.0,418348.0
2024-05-02,39415.0,40174.0,39390.0,40155.0,225206.0
2024-05-03,40578.0,40766.0,39933.0,39933.0,237913.0
2024-05-07,40934.0,41417.0,40924.0,41255.0,476944.0
2024-05-08,41141.0,41427.0,40929.0,41413.0,268425.0
2024-05-09,41284.0,41466.0,40810.0,40880.0,482886.0
2024-05-10,40880.0,41072.0,40199.0,40333.0,386520.0
2024-05-13,40431.0,40726.0,40071.0,40362.0,177532.0
2024-05-14,40387.0,40737.0,40209.0,40609.0,181694.0
2024-05-16,41545.0,41792.0,41141.0,41319.0,450871.0
2024-05-17,41250.0,41417.0,40777.0,40777.0,249463.0
2024-05-20,40924.0,41057.0,40554.0,40944.0,291866.0
2024-05-21,41260.0,41289.0,40974.0,41196.0,356024.0
2024-05-22,41106.0,41678.0,40766.0,41491.0,308762.0
2024-05-23,42171.0,42231.0,41461.0,41738.0,473880.0
2024-05-24,41160.0,41466.0,40751.0,40786.0,566548.0
2024-05-27,41151.0,41763.0,41048.0,41556.0,579504.0
2024-05-28,41708.0,42339.0,41619.0,42246.0,509897.0
2024-05-29,42621.0,42769.0,41773.0,41916.0,515358.0
2024-05-30,41541.0,41812.0,41161.0,41191.0,287658.0
2024-05-31,41047.0,41190.0,40500.0,40579.0,366503.0
2024-06-03,40529.0,40771.0,40095.0,40717.0,388406.0
2024-06-04,40761.0,40988.0,40431.0,40466.0,207306.0
2024-06-05,40884.0,41368.0,40658.0,41018.0,370931.0
2024-06-07,41417.0,42152.0,41373.0,41975.0,593837.0
2024-06-10,41752.0,42112.0,41570.0,41955.0,375923.0
2024-06-11,42206.0,42275.0,41664.0,41916.0,278104.0
2024-06-12,41915.0,42837.0,41915.0,42764.0,602202.0
2024-06-13,43868.0,44011.0,42896.0,43587.0,1523080.0
2024-06-14,43868.0,44169.0,43104.0,43405.0,485957.0
2024-06-17,43143.0,43976.0,43069.0,43370.0,366233.0
2024-06-18,43714.0,44336.0,43714.0,44267.0,495520.0
2024-06-19,44519.0,45022.0,44100.0,44337.0,650150.0
2024-06-20,44454.0,44843.0,44336.0,44701.0,676084.0
2024-06-21,43838.0,44153.0,43705.0,43927.0,574541.0
2024-06-24,43493.0,43567.0,42817.0,43094.0,458564.0
2024-06-25,42324.0,43088.0,42107.0,43059.0,600255.0
2024-06-26,43276.0,44286.0,43266.0,44129.0,522860.0
2024-06-27,43493.0,44228.0,43291.0,43824.0,321122.0
2024-06-28,43858.0,44242.0,43493.0,44095.0,230702.0
2024-07-01,43764.0,44252.0,43740.0,44026.0,197435.0
2024-07-02,43868.0,44223.0,43193.0,43341.0,314959.0
2024-07-03,43271.0,43281.0,42349.0,43173.0,571238.0
2024-07-04,43819.0,43991.0,43039.0,43607.0,326059.0
2024-07-05,43680.0,44434.0,43512.0,44149.0,544837.0
2024-07-08,44089.0,44523.0,43877.0,44159.0,243467.0
2024-07-09,44474.0,44814.0,44326.0,44627.0,351591.0
2024-07-10,44474.0,44573.0,44094.0,44376.0,333354.0
2024-07-11,44932.0,45332.0,44573.0,44573.0,544050.0
2024-07-12,43532.0,43902.0,43241.0,43567.0,777738.0
2024-07-15,43650.0,43788.0,43241.0,43700.0,316845.0
2024-07-16,43507.0,44306.0,43315.0,44277.0,379437.0
2024-07-17,44006.0,44016.0,42384.0,42384.0,685470.0
2024-07-18,41032.0,41634.0,40869.0,41634.0,1155017.0
2024-07-19,41314.0,41614.0,41003.0,41186.0,364136.0
2024-07-22,40944.0,41043.0,39677.0,39909.0,641913.0
2024-07-23,40550.0,40786.0,39504.0,39781.0,652389.0
2024-07-24,39430.0,40500.0,39223.0,39815.0,368594.0
2024-07-25,38611.0,38656.0,37783.0,37877.0,610331.0
2024-07-26,37907.0,38474.0,37586.0,38139.0,430946.0
2024-07-29,38360.0,38503.0,38103.0,38296.0,206351.0
2024-07-30,37724.0,37788.0,36960.0,37325.0,672758.0
2024-07-31,37241.0,38558.0,36837.0,38558.0,412754.0
2024-08-01,39602.0,39622.0,38439.0,38439.0,512308.0
2024-08-02,36847.0,37039.0,35412.0,35442.0,915975.0
2024-08-05,34430.0,34598.0,30633.0,31408.0,1042353.0
2024-08-06,32897.0,33661.0,32448.0,32897.0,1133090.0
2024-08-07,32640.0,34070.0,32473.0,33563.0,419697.0
2024-08-08,32586.0,33464.0,32522.0,33070.0,464125.0
2024-08-09,34573.0,34661.0,33799.0,34021.0,447918.0
2024-08-12,34302.0,35313.0,34193.0,34899.0,331657.0
2024-08-13,35263.0,35446.0,34795.0,35175.0,305521.0
2024-08-14,36116.0,36343.0,35949.0,36102.0,455549.0
2024-08-16,37368.0,37773.0,37294.0,37719.0,524287.0
2024-08-19,37714.0,37788.0,36757.0,36802.0,402050.0
2024-08-20,37537.0,37808.0,37384.0,37478.0,483778.0
2024-08-21,36895.0,37211.0,36683.0,36950.0,660752.0
2024-08-22,37054.0,37172.0,36191.0,36418.0,248433.0
2024-08-23,35772.0,36137.0,35772.0,35925.0,383771.0
2024-08-26,36245.0,36314.0,35017.0,35067.0,308338.0
2024-08-27,34761.0,34997.0,34430.0,34623.0,319189.0
2024-08-28,34623.0,35490.0,34396.0,35412.0,308696.0
2024-08-29,33829.0,34105.0,33642.0,33874.0,721781.0
2024-08-30,34080.0,34523.0,33912.0,34450.0,340481.0
2024-09-02,34371.0,34376.0,33735.0,34095.0,307689.0
2024-09-03,34065.0,34065.0,33282.0,33282.0,239204.0
2024-09-04,31477.0,31891.0,31220.0,31265.0,683752.0
2024-09-05,31472.0,31975.0,31028.0,31206.0,630222.0
2024-09-06,30954.0,31225.0,30426.0,30555.0,507387.0
2024-09-09,29731.0,30796.0,29598.0,30604.0,392144.0
2024-09-10,30653.0,30924.0,30012.0,30195.0,259715.0
2024-09-11,30239.0,30495.0,29815.0,30052.0,226437.0
2024-09-12,31210.0,31841.0,31180.0,31674.0,443572.0
2024-09-13,31300.0,31310.0,30703.0,30886.0,372975.0
2024-09-19,30407.0,30516.0,29288.0,30171.0,854234.0
2024-09-20,30890.0,31122.0,30387.0,30417.0,545470.0
2024-09-23,30199.0,31156.0,30185.0,30910.0,387558.0
2024-09-24,31063.0,31575.0,30900.0,31571.0,292482.0
2024-09-25,32004.0,32330.0,31556.0,31556.0,777797.0
2024-09-26,32872.0,33380.0,32704.0,33331.0,958648.0
2024-09-27,33430.0,33957.0,33164.0,33164.0,452815.0
2024-09-30,33034.0,33069.0,32241.0,32241.0,353639.0
2024-10-02,31556.0,32389.0,31324.0,31877.0,343201.0
2024-10-04,32069.0,32557.0,32069.0,32168.0,228133.0
2024-10-07,32398.0,33207.0,32117.0,33104.0,314632.0
2024-10-08,32714.0,33163.0,32443.0,32458.0,274860.0
2024-10-10,32828.0,33025.0,32493.0,32503.0,257799.0
2024-10-11,32734.0,33237.0,32630.0,32744.0,337874.0
2024-10-14,32690.0,33725.0,32690.0,33336.0,341274.0
2024-10-15,33828.0,33922.0,33355.0,33607.0,410894.0
2024-10-16,32507.0,33030.0,32315.0,32685.0,350271.0
2024-10-17,33035.0,33252.0,32537.0,33252.0,313622.0
2024-10-18,33272.0,33301.0,31881.0,31941.0,483741.0
2024-10-21,31915.0,32349.0,31654.0,32118.0,848838.0
2024-10-22,32153.0,32295.0,31290.0,31300.0,275256.0
2024-10-23,31300.0,32572.0,31201.0,32444.0,535988.0
2024-10-24,31960.0,32335.0,31714.0,31872.0,428438.0
2024-10-25,32098.0,32335.0,31650.0,31872.0,352251.0
2024-10-28,31832.0,32093.0,31812.0,32079.0,248800.0
2024-10-29,31955.0,31955.0,31299.0,31906.0,231977.0
2024-10-30,31999.0,32330.0,31841.0,31911.0,211945.0
2024-10-31,31397.0,32384.0,31378.0,31891.0,278709.0
2024-11-01,31580.0,31906.0,31506.0,31561.0,206544.0
2024-11-04,31753.0,32365.0,31571.0,32365.0,279186.0
2024-11-05,32162.0,32542.0,31980.0,32059.0,181390.0
2024-11-06,32453.0,32591.0,31487.0,31714.0,334083.0
2024-11-07,31714.0,31798.0,31260.0,31660.0,321092.0
2024-11-08,32000.0,32350.0,31650.0,31729.0,275018.0
2024-11-11,31368.0,31447.0,30254.0,30254.0,591943.0
2024-11-12,29944.0,30013.0,29066.0,29101.0,645136.0
2024-11-13,28888.0,29292.0,28325.0,28326.0,526805.0
2024-11-14,28336.0,28587.0,27552.0,27626.0,494500.0
2024-11-15,27577.0,28726.0,27552.0,28608.0,643298.0
2024-11-18,28794.0,29051.0,28020.0,28203.0,489404.0
2024-11-19,28109.0,28252.0,27922.0,28139.0,268279.0
2024-11-20,28390.0,28390.0,27847.0,28060.0,340362.0
2024-11-21,27902.0,28371.0,27868.0,28090.0,273342.0
2024-11-22,28212.0,28829.0,28198.0,28568.0,412798.0
2024-11-25,28612.0,29139.0,28612.0,29046.0,405955.0
2024-11-26,28947.0,29208.0,28794.0,28977.0,541976.0
2024-11-27,28824.0,28824.0,27809.0,27898.0,619208.0
2024-11-28,27710.0,27784.0,27394.0,27449.0,513401.0
2024-11-29,27389.0,27389.0,26729.0,26951.0,479034.0
2024-12-02,27167.0,27197.0,26467.0,26492.0,519085.0
2024-12-03,26378.0,27138.0,26378.0,27069.0,487914.0
2024-12-04,26453.0,27118.0,26428.0,26966.0,636412.0
2024-12-05,27168.0,27971.0,27163.0,27676.0,610249.0
2024-12-06,27685.0,27695.0,26551.0,27178.0,880846.0
2024-12-09,26704.0,26936.0,26325.0,26325.0,691656.0
2024-12-10,26546.0,26886.0,26546.0,26768.0,450959.0
2024-12-11,26595.0,27478.0,26580.0,27478.0,749441.0
2024-12-12,27917.0,28503.0,27719.0,28351.0,594149.0
2024-12-13,28198.0,28563.0,28124.0,28396.0,340748.0
2024-12-16,28696.0,28893.0,28499.0,28667.0,347121.0
2024-12-17,28933.0,29268.0,28903.0,29155.0,705829.0
2024-12-18,29002.0,29500.0,28987.0,29446.0,527554.0
2024-12-19,28346.0,28696.0,28272.0,28524.0,394774.0
2024-12-20,28524.0,28524.0,27542.0,27755.0,395554.0
2024-12-23,28050.0,28805.0,27917.0,28529.0,385239.0
2024-12-24,28809.0,28878.0,28488.0,28543.0,313408.0
2024-12-26,28755.0,28814.0,28173.0,28233.0,312887.0
2024-12-27,28178.0,28957.0,28178.0,28524.0,569340.0
2024-12-30,28307.0,28652.0,28164.0,28534.0,245949.0
2025-01-02,28227.0,28770.0,28030.0,28706.0,402106.0
2025-01-03,28795.0,30308.0,28795.0,30077.0,970592.0
2025-01-06,30550.0,31773.0,30545.0,31655.0,1334264.0
2025-01-07,32305.0,32399.0,31260.0,31275.0,935227.0
2025-01-08,30856.0,32449.0,30772.0,32380.0,1072649.0
2025-01-09,32626.0,32867.0,32463.0,32557.0,1322726.0
2025-01-10,32675.0,33045.0,32291.0,32365.0,880263.0
2025-01-13,31965.0,32147.0,31299.0,31334.0,598717.0
2025-01-14,31506.0,31639.0,31161.0,31482.0,543775.0
2025-01-15,31624.0,32088.0,31555.0,31605.0,609016.0
2025-01-16,32345.0,32661.0,32217.0,32306.0,661828.0
2025-01-17,32256.0,33153.0,32226.0,33060.0,723272.0
2025-01-20,33330.0,33345.0,32744.0,32897.0,519680.0
2025-01-21,33267.0,33794.0,33084.0,33573.0,757894.0
2025-01-22,33848.0,34583.0,33523.0,34539.0,1069953.0
2025-01-23,34362.0,34362.0,33691.0,33800.0,823844.0
2025-01-24,33893.0,34475.0,33799.0,33928.0,885745.0
2025-01-31,31901.0,32463.0,31782.0,32044.0,1211159.0
2025-02-03,31052.0,31062.0,30150.0,30407.0,1409693.0
2025-02-04,30954.0,31477.0,30698.0,30718.0,605654.0
2025-02-05,31107.0,31555.0,31107.0,31398.0,560424.0
2025-02-06,32009.0,32344.0,31758.0,32335.0,692000.0
2025-02-07,32438.0,32950.0,32270.0,32808.0,750344.0
2025-02-10,32315.0,33331.0,32019.0,33262.0,772903.0
2025-02-11,33597.0,33597.0,33079.0,33287.0,727827.0
2025-02-12,33055.0,33351.0,32833.0,33154.0,446719.0
2025-02-13,33271.0,33789.0,33262.0,33696.0,596336.0
2025-02-14,34114.0,34390.0,33804.0,34026.0,556397.0
2025-02-17,34293.0,34672.0,34238.0,34367.0,533211.0
2025-02-18,34460.0,34613.0,34115.0,34510.0,592696.0
2025-02-19,34899.0,35821.0,34869.0,35703.0,1105486.0
2025-02-20,35796.0,35840.0,34918.0,34973.0,641379.0
2025-02-21,34972.0,34972.0,34405.0,34899.0,593862.0
2025-02-24,34021.0,34184.0,33656.0,34130.0,995916.0
2025-02-25,33631.0,34040.0,33419.0,33814.0,545816.0
2025-02-26,33528.0,33971.0,33434.0,33745.0,572734.0
2025-02-27,34056.0,34145.0,33114.0,33164.0,875289.0
2025-02-28,32177.0,32241.0,31644.0,31758.0,1000342.0
2025-03-04,31221.0,31379.0,30935.0,31379.0,851520.0
2025-03-05,31782.0,31901.0,31329.0,31689.0,538992.0
2025-03-06,31931.0,31960.0,30836.0,30950.0,880828.0
2025-03-07,30599.0,31260.0,30535.0,31083.0,490042.0
2025-03-10,30865.0,31343.0,30757.0,30974.0,498386.0
2025-03-11,30046.0,30820.0,29805.0,30816.0,744366.0
2025-03-12,30924.0,32216.0,30914.0,32182.0,779531.0
2025-03-13,32562.0,32863.0,31738.0,31877.0,607981.0
2025-03-14,31876.0,32719.0,31856.0,32670.0,972970.0
2025-03-17,33030.0,33557.0,32985.0,33336.0,968691.0
2025-03-18,33582.0,33745.0,32907.0,33080.0,757292.0
2025-03-19,32985.0,33853.0,32906.0,33459.0,832556.0
2025-03-20,33794.0,34006.0,33523.0,33977.0,791338.0
2025-03-21,34061.0,34850.0,34061.0,34495.0,1024615.0
2025-03-24,34352.0,34440.0,33962.0,34076.0,600685.0
2025-03-25,34288.0,34312.0,33080.0,33080.0,848948.0
2025-03-26,33099.0,33789.0,33020.0,33558.0,588362.0
2025-03-27,32847.0,33394.0,32827.0,32892.0,470541.0
2025-03-28,32561.0,32561.0,31753.0,31896.0,640288.0
2025-03-31,31200.0,31200.0,30387.0,30471.0,1133933.0
2025-04-01,30821.0,31309.0,30486.0,31162.0,1056865.0
2025-04-02,31359.0,31374.0,30885.0,31024.0,471137.0
2025-04-03,30012.0,30549.0,29893.0,30461.0,966385.0
2025-04-04,29924.0,30550.0,28874.0,29387.0,1297237.0
2025-04-07,27981.0,28035.0,27222.0,27222.0,1104241.0
2025-04-08,28124.0,28267.0,27335.0,27493.0,685908.0
2025-04-09,27217.0,27513.0,26630.0,26956.0,910521.0
2025-04-10,29583.0,29583.0,28597.0,28834.0,905942.0
2025-04-11,28247.0,28952.0,28109.0,28948.0,1702847.0
2025-04-14,29583.0,29593.0,29016.0,29189.0,921338.0
2025-04-15,29165.0,29613.0,29145.0,29382.0,660045.0
2025-04-16,29090.0,29090.0,28331.0,28331.0,760388.0
2025-04-17,28173.0,28873.0,28173.0,28864.0,582052.0
2025-04-18,28902.0,29065.0,28513.0,29036.0,417453.0
2025-04-21,29129.0,29736.0,29041.0,29258.0,513858.0
2025-04-22,28932.0,29139.0,28839.0,28923.0,336926.0
2025-04-23,29583.0,30220.0,29465.0,30220.0,663499.0
2025-04-24,30466.0,30466.0,29820.0,29835.0,572254.0
2025-04-25,30402.0,30668.0,30131.0,30348.0,546318.0
2025-04-28,30323.0,30323.0,29520.0,29535.0,489606.0
2025-04-29,29645.0,30025.0,29550.0,29680.0,326089.0
2025-04-30,29680.0,29690.0,29160.0,29265.0,382907.0
2025-05-02,29295.0,29770.0,29175.0,29700.0,367841.0
2025-05-07,29970.0,30185.0,29730.0,30070.0,444155.0
2025-05-08,30445.0,30735.0,30200.0,30330.0,586030.0
2025-05-09,30380.0,30500.0,29780.0,29935.0,506803.0
2025-05-12,30345.0,31170.0,30255.0,31170.0,743975.0
2025-05-13,31880.0,31965.0,31300.0,31485.0,1106619.0
2025-05-14,32010.0,32280.0,31925.0,32110.0,743576.0
2025-05-15,32095.0,32395.0,31335.0,31465.0,813083.0
2025-05-16,31660.0,31960.0,31410.0,31880.0,833435.0
2025-05-19,31455.0,31455.0,30640.0,30935.0,706552.0
2025-05-20,31250.0,31645.0,30880.0,30965.0,479045.0
2025-05-21,31175.0,31175.0,30870.0,30935.0,324320.0
2025-05-22,30625.0,30755.0,30125.0,30200.0,872908.0
2025-05-23,30350.0,30490.0,30005.0,30025.0,531263.0
2025-05-26,30025.0,30835.0,30000.0,30700.0,540052.0
2025-05-27,30600.0,30655.0,30325.0,30530.0,532022.0
2025-05-28,31100.0,31490.0,30885.0,31175.0,948233.0
2025-05-29,31805.0,31840.0,31215.0,31550.0,770502.0
2025-05-30,31170.0,31485.0,30890.0,30935.0,454004.0
2025-06-02,30950.0,31390.0,30825.0,31220.0,332271.0
2025-06-04,31950.0,32385.0,31905.0,32195.0,721777.0
2025-06-05,32500.0,33645.0,32375.0,33070.0,1599956.0
2025-06-09,33930.0,33930.0,33330.0,33430.0,1051629.0
2025-06-10,33700.0,33710.0,33180.0,33295.0,763753.0
2025-06-11,33650.0,34570.0,33645.0,34505.0,1012668.0
2025-06-12,34510.0,34775.0,34250.0,34395.0,900901.0
2025-06-13,34750.0,34800.0,33475.0,33780.0,1126287.0
2025-06-16,33650.0,34235.0,33445.0,34185.0,653221.0
2025-06-17,34775.0,35685.0,34205.0,34500.0,1703252.0
2025-06-18,34330.0,34885.0,34255.0,34885.0,961046.0
2025-06-19,35160.0,35305.0,34665.0,34835.0,787671.0
2025-06-20,34900.0,35435.0,34730.0,35365.0,848147.0
2025-06-23,34585.0,35045.0,34160.0,34865.0,1291427.0
2025-06-24,35680.0,36620.0,35660.0,36430.0,1675762.0
2025-06-25,37320.0,37730.0,36840.0,37335.0,1564683.0
2025-06-26,38090.0,38325.0,37120.0,37600.0,1867064.0
2025-06-27,37600.0,37750.0,36920.0,37080.0,1381006.0
2025-06-30,37250.0,37540.0,36930.0,37205.0,1019301.0
2025-07-01,37205.0,37520.0,36820.0,36820.0,1066146.0
2025-07-02,36470.0,36660.0,35815.0,36205.0,1047491.0
2025-07-03,36740.0,37405.0,36420.0,37345.0,1199613.0
2025-07-04,37685.0,37690.0,36600.0,36610.0,1248860.0
2025-07-07,36400.0,36555.0,36000.0,36415.0,860239.0
2025-07-08,36275.0,36950.0,36005.0,36815.0,882413.0
2025-07-09,36730.0,36835.0,36330.0,36450.0,876501.0
2025-07-10,36870.0,37245.0,36780.0,37125.0,1131609.0
2025-07-11,37280.0,38145.0,37250.0,37445.0,1583975.0
2025-07-14,37245.0,37620.0,37125.0,37390.0,797453.0
2025-07-15,37150.0,37845.0,36915.0,37845.0,890255.0
2025-07-16,37925.0,38330.0,37585.0,38015.0,802381.0
2025-07-17,37710.0,37775.0,36725.0,37145.0,1289502.0
2025-07-18,37290.0,37385.0,36855.0,37000.0,508030.0
2025-07-21,36815.0,37300.0,36815.0,37155.0,523233.0
2025-07-22,37250.0,37345.0,36270.0,36445.0,647120.0
2025-07-23,36380.0,36395.0,35570.0,36285.0,685638.0
2025-07-24,36790.0,36940.0,36050.0,36050.0,587199.0
2025-07-25,36060.0,36350.0,35785.0,35795.0,349363.0
2025-07-28,36220.0,36870.0,35865.0,36785.0,828347.0
2025-07-29,36800.0,37025.0,36080.0,36725.0,511601.0
2025-07-30,36830.0,37620.0,36770.0,37205.0,938670.0
2025-07-31,37640.0,37875.0,37230.0,37595.0,847259.0
2025-08-01,36915.0,36915.0,35755.0,35780.0,934355.0
2025-08-04,35690.0,36170.0,35475.0,35960.0,508590.0
2025-08-05,36575.0,36860.0,36205.0,36420.0,526404.0
2025-08-06,36005.0,36270.0,35775.0,36235.0,344657.0
2025-08-07,36595.0,36785.0,36070.0,36720.0,525687.0
2025-08-08,36860.0,37620.0,36810.0,37030.0,851386.0
2025-08-11,37250.0,37640.0,37090.0,37530.0,491562.0
2025-08-12,37725.0,38300.0,37460.0,37505.0,801004.0
2025-08-13,38245.0,38650.0,38035.0,38530.0,844008.0
2025-08-14,38400.0,38400.0,38000.0,38380.0,543311.0
2025-08-18,37755.0,37810.0,37240.0,37240.0,556389.0
2025-08-19,37450.0,37550.0,36805.0,36885.0,325244.0
2025-08-20,36275.0,36445.0,35810.0,36215.0,736494.0
2025-08-21,36170.0,36265.0,35715.0,35750.0,535091.0
2025-08-22,35800.0,36205.0,35800.0,36055.0,442675.0
2025-08-25,36725.0,36950.0,36395.0,36915.0,537582.0
2025-08-26,36850.0,37210.0,36725.0,37120.0,426527.0
2025-08-27,37120.0,37300.0,36735.0,37185.0,407861.0
2025-08-28,36760.0,37695.0,36605.0,37450.0,500371.0
2025-08-29,37465.0,37815.0,37465.0,37535.0,440797.0
2025-09-01,36690.0,36740.0,36175.0,36295.0,1120229.0
2025-09-02,36350.0,36665.0,36310.0,36555.0,452033.0
2025-09-03,36400.0,36970.0,36275.0,36875.0,448190.0
2025-09-04,37125.0,37535.0,36940.0,37245.0,390621.0
2025-09-05,37745.0,37930.0,37615.0,37620.0,583434.0
2025-09-08,37825.0,38200.0,37775.0,38180.0,600393.0
2025-09-09,38385.0,39305.0,38325.0,39290.0,1098445.0
2025-09-10,39715.0,40570.0,39685.0,40495.0,1383028.0
2025-09-11,40960.0,41170.0,40350.0,40815.0,1028543.0
2025-09-12,41485.0,42310.0,41485.0,42040.0,1289056.0
2025-09-15,42885.0,43065.0,42025.0,42805.0,1607668.0
2025-09-16,42860.0,44055.0,42860.0,44030.0,1598587.0
2025-09-17,43350.0,43670.0,42970.0,43270.0,1164986.0
2025-09-18,43615.0,45210.0,43380.0,44950.0,1745962.0
2025-09-19,45645.0,45645.0,44625.0,45150.0,1493616.0
2025-09-22,45445.0,46645.0,45375.0,46265.0,2185788.0
2025-09-23,47190.0,47220.0,46250.0,46930.0,2007028.0
2025-09-24,46335.0,47150.0,45820.0,47150.0,2248410.0
2025-09-25,46510.0,47105.0,46150.0,46600.0,1903794.0
2025-09-26,45690.0,45990.0,44635.0,45090.0,2131646.0
2025-09-29,45090.0,46195.0,44965.0,46020.0,1322944.0
2025-09-30,46240.0,46765.0,45920.0,45965.0,854396.0
2025-10-01,46305.0,47140.0,46305.0,47140.0,1764289.0
2025-10-02,49000.0,49585.0,47300.0,49395.0,3016709.0
2025-10-10,52045.0,52415.0,51050.0,51995.0,3789241.0
2025-10-13,49990.0,52240.0,49740.0,52240.0,3286766.0
2025-10-14,53585.0,53605.0,49990.0,50880.0,5555481.0
2025-10-15,51250.0,52950.0,51005.0,52950.0,2568534.0
2025-10-16,52800.0,54270.0,52560.0,54040.0,3123921.0
2025-10-17,53605.0,54920.0,53495.0,53890.0,2679767.0
2025-10-20,54695.0,55250.0,53925.0,55145.0,2033366.0
2025-10-21,56210.0,56350.0,54425.0,54550.0,3673834.0
2025-10-22,54335.0,55045.0,53240.0,55045.0,2688546.0
2025-10-23,53665.0,55260.0,53615.0,54685.0,1986808.0
2025-10-24,55580.0,56430.0,55450.0,56360.0,2728091.0
2025-10-27,57500.0,57670.0,56530.0,57630.0,2529844.0
2025-10-28,56850.0,57145.0,55710.0,56375.0,3364980.0
2025-10-29,56965.0,57890.0,56265.0,57890.0,3751659.0
2025-10-30,57900.0,58755.0,57500.0,58480.0,3266071.0
2025-10-31,58210.0,58740.0,57695.0,58740.0,1948308.0
2025-11-03,58730.0,61050.0,58250.0,61050.0,2666909.0
2025-11-04,61145.0,61675.0,59970.0,60095.0,3054823.0
2025-11-05,58500.0,58740.0,54980.0,58170.0,6843077.0
2025-11-06,59930.0,60165.0,57575.0,58910.0,3717519.0
2025-11-07,57195.0,59000.0,56300.0,57350.0,3405459.0
2025-11-10,57355.0,58880.0,56600.0,58820.0,2164695.0
2025-11-11,59840.0,61150.0,58725.0,59785.0,3629616.0
2025-11-12,59250.0,60075.0,58590.0,59695.0,1770222.0
2025-11-13,59295.0,59845.0,58865.0,59570.0,1264245.0
2025-11-14,57385.0,57385.0,56060.0,56100.0,2901346.0
2025-11-17,57390.0,58695.0,56975.0,58695.0,1946139.0
2025-11-18,57110.0,57765.0,55810.0,56030.0,2335790.0
2025-11-19,55790.0,55990.0,53755.0,55165.0,3167592.0
2025-11-20,57615.0,57625.0,55900.0,56315.0,2278229.0
2025-11-21,52935.0,53500.0,52205.0,52355.0,4479601.0
2025-11-24,53085.0,53765.0,52280.0,52870.0,2593738.0
2025-11-25,54750.0,54910.0,52935.0,53735.0,1794189.0
2025-11-26,53915.0,54910.0,53135.0,54765.0,1115155.0
2025-11-27,55640.0,56350.0,55200.0,55715.0,1462777.0
2025-11-28,56050.0,56160.0,55225.0,55660.0,922352.0
2025-12-01,56390.0,56900.0,55585.0,56145.0,1254123.0
2025-12-02,56510.0,57145.0,56465.0,57050.0,847477.0
2025-12-03,57400.0,57810.0,56865.0,57530.0,823598.0
2025-12-04,57030.0,57030.0,55735.0,56385.0,1703134.0
2025-12-05,55985.0,57295.0,55735.0,57295.0,1073682.0
2025-12-08,57500.0,58310.0,56625.0,58310.0,1398771.0
2025-12-09,57845.0,58200.0,57405.0,57600.0,1203751.0
2025-12-10,57600.0,58695.0,57600.0,58020.0,1184663.0
2025-12-11,58315.0,58710.0,57225.0,57435.0,1029218.0
2025-12-12,57435.0,57640.0,57000.0,57375.0,891170.0
2025-12-15,55450.0,56475.0,55150.0,56095.0,1892047.0
2025-12-16,55610.0,55855.0,54185.0,54205.0,2254278.0
2025-12-17,54500.0,56225.0,54260.0,56205.0,1431047.0
2025-12-18,54910.0,56200.0,54910.0,55590.0,1134532.0
2025-12-19,56450.0,56670.0,55300.0,55300.0,1284363.0
2025-12-22,56950.0,57990.0,56720.0,57990.0,2081585.0
2025-12-23,58280.0,58685.0,57975.0,58295.0,1658265.0
2025-12-24,58685.0,58685.0,57800.0,57800.0,2084301.0
2025-12-26,58250.0,59650.0,58240.0,59525.0,2378510.0
2025-12-29,60690.0,60960.0,60140.0,60755.0,1993467.0
2025-12-30,60735.0,61700.0,60245.0,61300.0,1989357.0
2026-01-02,61355.0,65520.0,61355.0,65480.0,3121543.0
2026-01-05,67660.0,68750.0,67005.0,68600.0,4395229.0
2026-01-06,67735.0,70785.0,66435.0,70785.0,5227713.0
2026-01-07,72440.0,72750.0,69020.0,70300.0,4681759.0
2026-01-08,69690.0,72965.0,69220.0,70160.0,4192293.0
2026-01-09,69770.0,70465.0,68080.0,69305.0,3475134.0
2026-01-12,70330.0,70450.0,68110.0,69120.0,2371023.0
2026-01-13,69950.0,70190.0,68665.0,69400.0,1824862.0
2026-01-14,69380.0,70770.0,69300.0,70550.0,1578952.0
2026-01-15,69605.0,71150.0,69175.0,71150.0,1657298.0
2026-01-16,71930.0,72435.0,71205.0,71675.0,1833306.0
2026-01-19,71275.0,72595.0,71200.0,72310.0,1832650.0
2026-01-20,72035.0,72095.0,69840.0,70500.0,2147511.0
2026-01-21,69000.0,71150.0,68805.0,70705.0,2107019.0
2026-01-22,72800.0,72900.0,71525.0,72025.0,1598295.0
2026-01-23,72050.0,72370.0,71135.0,72200.0,1527427.0
2026-01-26,72200.0,73530.0,72100.0,73445.0,1543965.0
2026-01-27,73190.0,78155.0,73065.0,78105.0,3276521.0
2026-01-28,79680.0,83155.0,79040.0,82950.0,4176306.0
2026-01-29,87005.0,88900.0,80715.0,84845.0,5575681.0
2026-01-30,84450.0,90900.0,84335.0,88200.0,6523636.0
2026-02-02,85600.0,87000.0,81200.0,81250.0,7339805.0
2026-02-03,85705.0,88780.0,85200.0,88780.0,4538084.0
2026-02-04,87050.0,89555.0,86300.0,88800.0,4022917.0
2026-02-05,85370.0,87310.0,84000.0,84000.0,7651692.0
2026-02-06,81720.0,85655.0,79825.0,84420.0,6620964.0
2026-02-09,89000.0,89185.0,87155.0,88570.0,4763351.0
2026-02-10,88605.0,89320.0,86630.0,86705.0,2558936.0
2026-02-11,85840.0,86900.0,84310.0,85825.0,2696638.0
2026-02-12,87550.0,89400.0,87205.0,89400.0,3526801.0
2026-02-13,88300.0,89800.0,88060.0,88745.0,3819770.0
2026-02-19,90600.0,91885.0,89570.0,91585.0,3666997.0
2026-02-20,91585.0,93050.0,90430.0,92945.0,3322481.0
2026-02-23,94820.0,95000.0,91570.0,92385.0,3095128.0
2026-02-24,92040.0,95750.0,91665.0,95695.0,3672786.0
2026-02-25,96815.0,97195.0,95650.0,96215.0,4637406.0
2026-02-26,98145.0,105185.0,97865.0,105185.0,6409597.0
2026-02-27,101370.0,107800.0,100755.0,105400.0,8277460.0
2026-03-03,103000.0,106875.0,97300.0,97715.0,9980963.0
2026-03-04,93885.0,99375.0,84900.0,84900.0,13675647.0
2026-03-05,97270.0,103345.0,96610.0,100585.0,11500122.0
2026-03-06,99755.0,102590.0,96490.0,102335.0,6179900.0
2026-03-09,94870.0,96600.0,90945.0,93250.0,7622129.0
2026-03-10,101000.0,101415.0,97025.0,99220.0,6570154.0
2026-03-11,101185.0,101500.0,97515.0,98400.0,4840398.0
2026-03-12,97645.0,99330.0,96905.0,98100.0,4483521.0
2026-03-13,94945.0,97855.0,94720.0,96935.0,3419640.0
2026-03-16,97120.0,99780.0,96200.0,99470.0,3204780.0
2026-03-17,103300.0,103300.0,99470.0,99470.0,4376426.0
2026-03-18,102080.0,105540.0,101765.0,105100.0,4582503.0
2026-03-19,101870.0,105185.0,101610.0,103420.0,3529811.0
2026-03-20,104105.0,104900.0,103145.0,103865.0,3032471.0
2026-03-23,100060.0,100845.0,97345.0,97505.0,5697135.0
2026-03-24,102005.0,102215.0,97055.0,100125.0,5955462.0
2026-03-25,102215.0,104220.0,101190.0,101690.0,4046155.0
2026-03-26,99705.0,100320.0,95800.0,95990.0,8092744.0
2026-03-27,94685.0,96945.0,91525.0,95450.0,6110247.0
2026-03-30,91055.0,92200.0,89680.0,91440.0,5238295.0
2026-03-31,88290.0,90800.0,86650.0,86900.0,5196088.0
2026-04-01,92600.0,96355.0,91802.0,95925.0,5090978.0
2026-04-02,97260.0,97600.0,88710.0,90105.0,6790590.0
2026-04-03,92920.0,93815.0,91215.0,93160.0,3957849.0
2026-04-06,93885.0,95475.0,92725.0,93330.0,2791787.0
2026-04-07,96485.0,96600.0,93160.0,94930.0,3291506.0
2026-04-08,102125.0,104565.0,100005.0,104350.0,5477062.0
2026-04-09,102230.0,103425.0,100695.0,101725.0,3458484.0
2026-04-10,104270.0,104495.0,103000.0,103000.0,2792626.0
2026-04-13,100525.0,103580.0,100280.0,103055.0,3088014.0
2026-04-14,105955.0,106670.0,105050.0,105605.0,4006846.0
2026-04-15,109470.0,109985.0,107750.0,108650.0,5619227.0
2026-04-16,108695.0,110620.0,107680.0,110620.0,3595731.0
2026-04-17,110500.0,110695.0,109415.0,110400.0,3146610.0
2026-04-20,110400.0,112755.0,109750.0,112400.0,3152294.0
2026-04-21,113445.0,115665.0,113405.0,115665.0,2963398.0
2026-04-22,115500.0,116965.0,113880.0,116965.0,4082785.0
2026-04-23,117720.0,119205.0,113765.0,117545.0,5427931.0
2026-04-24,118125.0,119595.0,117385.0,119595.0,3076577.0
2026-04-27,120390.0,126280.0,120390.0,125360.0,5572872.0
2026-04-28,125655.0,126375.0,123935.0,125600.0,3942339.0
2026-04-29,123015.0,125465.0,122710.0,124750.0,4073370.0
2026-04-30,126005.0,126540.0,123400.0,123850.0,3894606.0
2026-05-04,126585.0,130560.0,126215.0,130460.0,3982921.0
2026-05-06,137950.0,140180.0,133100.0,140020.0,7730407.0
2026-05-07,141965.0,142885.0,136315.0,142100.0,7158285.0
2026-05-08,138000.0,143715.0,137945.0,143715.0,4803281.0
2026-05-11,149685.0,154275.0,149685.0,153085.0,8039836.0
2026-05-12,154625.0,157170.0,142205.0,147995.0,10117267.0
2026-05-13,143450.0,155855.0,142595.0,155855.0,6992947.0
2026-05-14,154600.0,157200.0,153375.0,157200.0,6210790.0
2026-05-15,156990.0,158250.0,142595.0,145885.0,9331811.0
2026-05-18,144305.0,149800.0,137155.0,146250.0,7887199.0
2026-05-19,143175.0,146000.0,138275.0,140375.0,5437212.0
2026-05-20,140780.0,143975.0,137300.0,140995.0,6287151.0
2026-05-21,146035.0,155415.0,145895.0,154805.0,4956542.0
2026-05-22,154850.0,157350.0,153670.0,155500.0,3960015.0
2026-05-26,158875.0,163350.0,157510.0,162660.0,5339206.0
2026-05-27,165000.0,170790.0,163570.0,163570.0,9075794.0
2026-05-28,160290.0,162990.0,153325.0,160810.0,7386655.0
2026-05-29,164200.0,165100.0,158870.0,160980.0,9213595.0
2026-06-01,160980.0,166355.0,160500.0,165410.0,8275411.0
2026-06-02,165775.0,167700.0,159370.0,163875.0,7638884.0
2026-06-04,161600.0,170900.0,161545.0,168300.0,6135809.0
2026-06-05,159000.0,163625.0,154985.0,157180.0,6851355.0
2026-06-08,148605.0,150600.0,141305.0,141910.0,6458033.0
2026-06-09,150000.0,159005.0,147000.0,158600.0,3719547.0
2026-06-10,153105.0,160235.0,147325.0,151495.0,3993160.0
2026-06-11,146950.0,158900.0,145030.0,158000.0,3161033.0
2026-06-12,167200.0,175195.0,166850.0,168740.0,5807882.0
2026-06-15,175445.0,175595.0,171295.0,173050.0,3164843.0
2026-06-16,175445.0,176255.0,169090.0,171815.0,3173875.0
2026-06-17,168565.0,175955.0,168545.0,175955.0,2799026.0
2026-06-18,176610.0,182645.0,175745.0,182500.0,4285627.0
2026-06-19,186055.0,188760.0,175450.0,181015.0,6129278.0
2026-06-22,176980.0,188345.0,176850.0,188345.0,4169818.0
2026-06-23,186930.0,187040.0,165470.0,166780.0,6437426.0
2026-06-24,168000.0,173890.0,161650.0,171440.0,6620116.0
2026-06-25,180995.0,182640.0,175250.0,182185.0,3870432.0
2026-06-26,177515.0,180295.0,166595.0,171695.0,4553563.0
2026-06-29,170505.0,171930.0,164100.0,169105.0,3374371.0
2026-06-30,169150.0,176205.0,166100.0,173450.0,2102343.0
2026-07-01,173470.0,176270.0,166000.0,169545.0,1326095.0
2026-07-02,158340.0,159860.0,147180.0,149255.0,4369304.0
2026-07-03,148630.0,157995.0,140000.0,157225.0,4812407.0
2026-07-06,157515.0,159995.0,148230.0,153510.0,2903735.0
2026-07-07,149500.0,152680.0,138510.0,143560.0,2407748.0
2026-07-08,139000.0,147882.0,134580.0,135380.0,2314286.0
2026-07-09,140165.0,145095.0,134665.0,140600.0,2028780.0
2026-07-10,146920.0,150730.0,141350.0,146380.0,1243977.0
2026-07-13,143945.0,148040.0,130030.0,130340.0,2234576.0
2026-07-14,130005.0,135260.0,121560.0,133200.0,3959639.0
2026-07-15,143505.0,148880.0,141890.0,146100.0,2307140.0
2026-07-16,136425.0,138110.0,131040.0,132230.0,2656887.0
2026-07-20,126000.0,132750.0,123515.0,124505.0,1992829.0
2026-07-21,125000.0,130640.0,122300.0,128025.0,2047377.0
2026-07-22,136015.0,137890.0,126880.0,126930.0,1420240.0
2026-07-23,130545.0,132775.0,127060.0,132000.0,960702.0
2026-07-24,130400.0,130400.0,120530.0,120755.0,1410854.0
2026-07-27,123790.0,124550.0,118900.0,124470.0,967804.0
2026-07-28,115005.0,115525.0,106800.0,107230.0,1889610.0
2026-07-29,108740.0,111085.0,88875.0,98335.0,3875655.0
2026-07-30,95750.0,102560.0,92350.0,93675.0,3085627.0
2026-07-31,111400.0,121050.0,110000.0,120830.0,2896614.0
2026-08-03,114905.0,115350.0,110620.0,111905.0,2052248.0
2026-08-04,114525.0,116005.0,107905.0,114485.0,2013365.0
2026-08-05,121435.0,121435.0,117305.0,119410.0,1427652.0
2026-08-06,115410.0,116770.0,110230.0,111045.0,1884408.0
2026-08-07,112135.0,114300.0,106145.0,107750.0,1824765.0
2026-08-10,108900.0,112845.0,108000.0,111600.0,1385078.0
2026-08-11,109630.0,114640.0,108305.0,114160.0,1960105.0
2026-08-12,115465.0,120790.0,114185.0,118955.0,1736674.0
2026-08-13,123320.0,125580.0,122560.0,123575.0,1622093.0
2026-08-14,127965.0,128425.0,123405.0,126250.0,1534464.0
2026-08-18,129590.0,133925.0,124250.0,125405.0,2553981.0
2026-08-19,117050.0,122350.0,116300.0,118120.0,2186138.0
2026-08-20,122820.0,128140.0,121445.0,127070.0,1692854.0
2026-08-21,124500.0,127930.0,124500.0,127065.0,1575649.0
2026-08-24,126290.0,127495.0,121670.0,122235.0,1617153.0
2026-08-25,118580.0,124930.0,115060.0,124915.0,2207614.0
2026-08-26,123810.0,126705.0,122920.0,124700.0,1194221.0
2026-08-27,128780.0,129690.0,125500.0,127200.0,1153375.0
2026-08-28,125945.0,127760.0,124100.0,124255.0,1444653.0
2026-08-31,119460.0,124795.0,118085.0,124680.0,1321255.0
2026-09-01,123705.0,125950.0,122385.0,124720.0,1275586.0
2026-09-02,120585.0,123345.0,120070.0,121100.0,960671.0
2026-09-03,122540.0,122990.0,117030.0,119330.0,1210025.0
2026-09-04,120820.0,125225.0,120820.0,123750.0,1189560.0
2026-09-07,129165.0,131350.0,129000.0,131200.0,1909850.0
2026-09-08,131785.0,137530.0,131535.0,131535.0,1894526.0
2026-09-09,131775.0,136935.0,131775.0,135600.0,1374134.0
2026-09-10,135585.0,138190.0,132800.0,136920.0,1737811.0
2026-09-11,130100.0,130950.0,128260.0,128900.0,2342563.0
2026-09-14,124200.0,126835.0,123500.0,123500.0,2494146.0
2026-09-15,124100.0,126045.0,122405.0,122695.0,2018627.0
2026-09-16,122695.0,127735.0,121755.0,127700.0,2127642.0
2026-09-17,128750.0,129510.0,126300.0,127655.0,1611227.0
2026-09-18,131020.0,131335.0,129210.0,130545.0,1217705.0
2026-09-21,131655.0,135390.0,131270.0,135250.0,1497074.0
2026-09-22,139285.0,139950.0,135567.0,136695.0,1372461.0
2026-09-23,140010.0,140490.0,137440.0,140400.0,1695607.0
2026-09-28,138905.0,139955.0,136040.0,136275.0,1515889.0
2026-09-29,135505.0,141400.0,135505.0,141160.0,1418270.0
