date,open,high,low,close,volume
2010-10-18,9812.0,9816.0,9760.0,9799.0,936624.0
2010-10-19,9808.0,9845.0,9708.0,9845.0,20266.0
2010-10-20,9845.0,11312.0,9755.0,9784.0,2427.0
2010-10-21,9808.0,9855.0,9803.0,9855.0,2691.0
2010-10-22,11027.0,11027.0,9812.0,9812.0,2045.0
2010-10-25,10095.0,10095.0,9820.0,9864.0,1680.0
2010-10-26,9864.0,9874.0,9845.0,9845.0,1012.0
2010-10-27,9968.0,10047.0,9938.0,10027.0,2643.0
2010-10-28,10027.0,10042.0,9968.0,9968.0,403.0
2010-10-29,9992.0,10017.0,9992.0,10007.0,883.0
2010-11-01,10007.0,10007.0,9915.0,9929.0,1029.0
2010-11-02,9929.0,9938.0,9884.0,9903.0,2073.0
2010-11-03,10056.0,10056.0,9968.0,9997.0,2266.0
2010-11-04,10095.0,10095.0,9953.0,9973.0,2119.0
2010-11-05,9978.0,10130.0,9978.0,10130.0,6127.0
2010-11-08,9983.0,10191.0,9983.0,10154.0,2751.0
2010-11-09,9997.0,10232.0,9997.0,10181.0,1155.0
2010-11-10,10163.0,10163.0,10095.0,10095.0,2255.0
2010-11-11,10002.0,10135.0,10002.0,10051.0,1716.0
2010-11-12,9925.0,10228.0,9925.0,10220.0,2547.0
2010-11-15,10115.0,10120.0,10066.0,10120.0,982.0
2010-11-16,10037.0,10090.0,10012.0,10056.0,769.0
2010-11-17,9874.0,10012.0,9874.0,10002.0,1203.0
2010-11-18,10002.0,10056.0,9978.0,9997.0,6106.0
2010-11-19,10066.0,10105.0,10047.0,10085.0,3182.0
2010-11-22,10085.0,10085.0,10027.0,10032.0,3272.0
2010-11-23,10115.0,10232.0,10115.0,10210.0,29660.0
2010-11-24,9920.0,10228.0,9920.0,10095.0,6080.0
2010-11-25,10100.0,10355.0,10100.0,10281.0,2954.0
2010-11-26,10276.0,10445.0,10271.0,10426.0,876.0
2010-11-29,10474.0,10484.0,10413.0,10413.0,678.0
2010-11-30,10408.0,10408.0,10316.0,10403.0,954.0
2010-12-01,10403.0,10403.0,10232.0,10247.0,4285.0
2010-12-02,10536.0,10536.0,10355.0,10393.0,3518.0
2010-12-03,10464.0,10469.0,10393.0,10393.0,863.0
2010-12-06,10373.0,10408.0,10365.0,10365.0,1571.0
2010-12-07,10398.0,10398.0,10350.0,10360.0,3424.0
2010-12-08,10373.0,10499.0,10373.0,10499.0,4272.0
2010-12-09,10508.0,10508.0,10450.0,10474.0,2762.0
2010-12-10,10474.0,10531.0,10469.0,10531.0,1522.0
2010-12-13,10555.0,10604.0,10555.0,10599.0,1306.0
2010-12-14,10560.0,10560.0,10517.0,10526.0,3081.0
2010-12-15,10536.0,10680.0,10536.0,10680.0,6777.0
2010-12-16,10834.0,10834.0,10608.0,10613.0,7463.0
2010-12-17,10704.0,10718.0,10653.0,10676.0,614.0
2010-12-20,10825.0,10868.0,10737.0,10737.0,1888.0
2010-12-21,10772.0,10772.0,10699.0,10728.0,3720.0
2010-12-22,11488.0,11488.0,10781.0,10786.0,1000.0
2010-12-23,10796.0,10796.0,10742.0,10747.0,924.0
2010-12-24,10752.0,10772.0,10723.0,10737.0,1429.0
2010-12-27,10718.0,10737.0,10718.0,10723.0,179.0
2010-12-28,10723.0,10723.0,10694.0,10714.0,1069.0
2010-12-29,10469.0,10709.0,10469.0,10671.0,2368.0
2010-12-30,10690.0,10690.0,10599.0,10599.0,2204.0
2011-01-03,10733.0,10733.0,10469.0,10479.0,5108.0
2011-01-04,10536.0,10604.0,10536.0,10574.0,2954.0
2011-01-05,10680.0,10680.0,10574.0,10589.0,1676.0
2011-01-06,10513.0,10680.0,10513.0,10653.0,847.0
2011-01-07,10737.0,10737.0,10666.0,10694.0,1199.0
2011-01-10,11017.0,11017.0,10653.0,10690.0,3492.0
2011-01-11,10957.0,10957.0,9983.0,10742.0,1887.0
2011-01-12,10877.0,10877.0,10694.0,10718.0,368.0
2011-01-13,11121.0,11121.0,10694.0,10723.0,2204.0
2011-01-14,10830.0,10830.0,10733.0,10742.0,808.0
2011-01-17,10747.0,10854.0,10747.0,10854.0,515.0
2011-01-18,10550.0,10854.0,10550.0,10825.0,573.0
2011-01-19,11150.0,11150.0,10777.0,10830.0,2680.0
2011-01-20,10772.0,10806.0,10737.0,10791.0,2176.0
2011-01-21,11112.0,11112.0,10699.0,10704.0,753.0
2011-01-24,10834.0,10834.0,10618.0,10643.0,1297.0
2011-01-25,10834.0,10834.0,10733.0,10767.0,1523.0
2011-01-26,10917.0,10917.0,10767.0,10767.0,2171.0
2011-01-27,10917.0,10917.0,10777.0,10811.0,2317.0
2011-01-28,11503.0,11503.0,10849.0,10872.0,2929.0
2011-01-31,10962.0,10962.0,10633.0,10648.0,7893.0
2011-02-01,10921.0,10921.0,10643.0,10661.0,2772.0
2011-02-07,10834.0,10849.0,10791.0,10844.0,4102.0
2011-02-08,11068.0,11068.0,10816.0,10849.0,2467.0
2011-02-09,11022.0,11022.0,10872.0,10921.0,2912.0
2011-02-10,10935.0,11012.0,10935.0,11012.0,808.0
2011-02-11,11027.0,11130.0,11017.0,11130.0,2593.0
2011-02-14,11410.0,11410.0,11155.0,11180.0,6239.0
2011-02-15,11400.0,11400.0,11135.0,11160.0,4297.0
2011-02-16,11170.0,11410.0,11112.0,11155.0,1759.0
2011-02-17,11294.0,11294.0,11160.0,11185.0,7265.0
2011-02-18,11160.0,11160.0,11126.0,11135.0,3348.0
2011-02-21,11308.0,11308.0,11121.0,11175.0,2261.0
2011-02-22,11207.0,11236.0,11112.0,11130.0,2894.0
2011-02-23,10834.0,10957.0,10834.0,10887.0,6405.0
2011-02-24,10864.0,10868.0,10786.0,10868.0,7907.0
2011-02-25,10917.0,10925.0,10892.0,10907.0,4967.0
2011-02-28,10945.0,11088.0,10945.0,11059.0,5355.0
2011-03-02,11027.0,11027.0,10912.0,10912.0,3066.0
2011-03-03,10917.0,10945.0,10907.0,10907.0,11814.0
2011-03-04,11027.0,11180.0,11027.0,11140.0,4943.0
2011-03-07,11140.0,11140.0,11088.0,11130.0,7348.0
2011-03-08,11130.0,11130.0,10877.0,10897.0,5366.0
2011-03-09,10997.0,10997.0,10902.0,10940.0,4910.0
2011-03-10,10940.0,10940.0,10849.0,10917.0,1959.0
2011-03-11,10806.0,10806.0,10737.0,10737.0,1426.0
2011-03-14,10930.0,10930.0,10834.0,10882.0,872.0
2011-03-15,10801.0,10897.0,10777.0,10877.0,6717.0
2011-03-16,10877.0,10877.0,10699.0,10699.0,15068.0
2011-03-17,10685.0,10685.0,10459.0,10469.0,16010.0
2011-03-18,10618.0,10618.0,10489.0,10489.0,18395.0
2011-03-21,10546.0,10546.0,10459.0,10494.0,15130.0
2011-03-22,10690.0,10690.0,10643.0,10648.0,4806.0
2011-03-23,10643.0,10661.0,10623.0,10643.0,2804.0
2011-03-24,10326.0,10709.0,10326.0,10690.0,1189.0
2011-03-25,10786.0,10830.0,10786.0,10806.0,889.0
2011-03-28,10834.0,10834.0,10796.0,10821.0,3743.0
2011-03-29,10811.0,10811.0,10718.0,10718.0,2430.0
2011-03-30,10709.0,10786.0,10709.0,10752.0,4871.0
2011-03-31,10757.0,10781.0,10704.0,10704.0,2394.0
2011-04-01,10484.0,10737.0,10484.0,10680.0,4690.0
2011-04-04,10742.0,10742.0,10618.0,10653.0,1934.0
2011-04-05,10403.0,10643.0,10403.0,10594.0,1705.0
2011-04-06,10594.0,10594.0,10541.0,10565.0,4119.0
2011-04-07,10565.0,10613.0,10565.0,10613.0,3542.0
2011-04-08,10694.0,10694.0,10555.0,10555.0,3881.0
2011-04-11,10643.0,10643.0,10508.0,10526.0,2338.0
2011-04-12,10526.0,10574.0,10526.0,10565.0,3976.0
2011-04-13,10504.0,10513.0,10464.0,10469.0,2858.0
2011-04-14,10643.0,10643.0,10517.0,10531.0,2310.0
2011-04-15,10531.0,10531.0,10499.0,10531.0,2000.0
2011-04-18,10531.0,10536.0,10484.0,10531.0,1419.0
2011-04-19,10594.0,10594.0,10440.0,10474.0,1692.0
2011-04-20,10479.0,10484.0,10426.0,10459.0,1199.0
2011-04-21,10565.0,10638.0,10565.0,10638.0,3944.0
2011-04-22,10704.0,10737.0,10704.0,10718.0,4957.0
2011-04-25,10907.0,10907.0,10718.0,10718.0,1490.0
2011-04-26,10504.0,10806.0,10504.0,10806.0,2906.0
2011-04-27,10830.0,10844.0,10811.0,10816.0,7669.0
2011-04-28,10839.0,10839.0,10796.0,10796.0,1379.0
2011-04-29,10821.0,10830.0,10777.0,10781.0,1420.0
2011-05-02,10671.0,10902.0,10671.0,10699.0,2504.0
2011-05-03,10737.0,10801.0,10737.0,10747.0,2749.0
2011-05-04,10791.0,10791.0,10747.0,10786.0,1998.0
2011-05-06,10796.0,10796.0,10608.0,10777.0,1666.0
2011-05-09,10781.0,10781.0,10767.0,10777.0,302.0
2011-05-11,10825.0,10864.0,10825.0,10864.0,562.0
2011-05-12,10859.0,10859.0,10821.0,10830.0,1404.0
2011-05-13,10897.0,11007.0,10897.0,10972.0,2976.0
2011-05-16,10930.0,10930.0,10864.0,10892.0,1447.0
2011-05-17,10872.0,10872.0,10536.0,10666.0,111.0
2011-05-18,10816.0,10816.0,10676.0,10704.0,3254.0
2011-05-19,10704.0,10834.0,10699.0,10777.0,4510.0
2011-05-20,10517.0,10767.0,10517.0,10718.0,94.0
2011-05-23,10718.0,10781.0,10718.0,10781.0,318.0
2011-05-24,10489.0,10671.0,10489.0,10613.0,444.0
2011-05-25,10925.0,10925.0,10504.0,10613.0,718.0
2011-05-26,10618.0,10618.0,10560.0,10560.0,194.0
2011-05-27,10565.0,10579.0,10546.0,10574.0,276.0
2011-05-30,10455.0,10599.0,10455.0,10599.0,61.0
2011-05-31,10584.0,10589.0,10550.0,10589.0,1554.0
2011-06-01,10680.0,10737.0,10680.0,10694.0,9018.0
2011-06-02,10694.0,10694.0,10484.0,10541.0,334.0
2011-06-03,10676.0,10676.0,10517.0,10517.0,112.0
2011-06-07,10517.0,10517.0,10276.0,10350.0,762.0
2011-06-08,10090.0,10242.0,10090.0,10242.0,231.0
2011-06-09,10517.0,10517.0,10210.0,10261.0,256.0
2011-06-10,10494.0,10494.0,10228.0,10281.0,1872.0
2011-06-13,10150.0,10150.0,10115.0,10145.0,1652.0
2011-06-14,10145.0,10145.0,10120.0,10130.0,3242.0
2011-06-15,10435.0,10445.0,10191.0,10256.0,2148.0
2011-06-16,10256.0,10256.0,10081.0,10125.0,1634.0
2011-06-17,10256.0,10256.0,10017.0,10051.0,1842.0
2011-06-20,10311.0,10311.0,9929.0,9997.0,2331.0
2011-06-21,9988.0,10037.0,9983.0,10002.0,5662.0
2011-06-22,10171.0,10191.0,10167.0,10171.0,877.0
2011-06-23,10125.0,10125.0,10090.0,10120.0,3.0
2011-06-24,10176.0,10225.0,10176.0,10225.0,65.0
2011-06-27,10105.0,10120.0,10085.0,10120.0,314.0
2011-06-28,10200.0,10247.0,10200.0,10215.0,259.0
2011-06-29,10360.0,10360.0,10316.0,10355.0,167.0
2011-06-30,10355.0,10355.0,10271.0,10296.0,238.0
2011-07-01,10413.0,10417.0,10388.0,10417.0,1678.0
2011-07-04,10801.0,10801.0,10508.0,10546.0,1455.0
2011-07-05,10546.0,10570.0,10546.0,10560.0,129.0
2011-07-06,10570.0,10589.0,10546.0,10589.0,874.0
2011-07-07,10584.0,10618.0,10579.0,10618.0,89.0
2011-07-08,10680.0,10733.0,10680.0,10685.0,1852.0
2011-07-11,10714.0,10714.0,10671.0,10671.0,195.0
2011-07-12,10508.0,10574.0,10504.0,10565.0,486.0
2011-07-13,10464.0,10469.0,10430.0,10430.0,642.0
2011-07-14,10643.0,10643.0,10388.0,10408.0,122.0
2011-07-15,10403.0,10403.0,10286.0,10321.0,402.0
2011-07-18,10464.0,10508.0,10455.0,10499.0,949.0
2011-07-19,10421.0,10430.0,10383.0,10421.0,300.0
2011-07-20,10574.0,10633.0,10574.0,10633.0,821.0
2011-07-21,10604.0,10604.0,10521.0,10570.0,924.0
2011-07-22,10690.0,10690.0,10594.0,10623.0,1236.0
2011-07-25,10604.0,10747.0,10604.0,10737.0,911.0
2011-07-26,10733.0,10733.0,10690.0,10699.0,786.0
2011-07-27,10699.0,10699.0,10680.0,10680.0,65.0
2011-07-28,10450.0,10464.0,10413.0,10455.0,521.0
2011-07-29,10455.0,10489.0,10450.0,10459.0,403.0
2011-08-01,10459.0,10517.0,10369.0,10504.0,51582.0
2011-08-02,10355.0,10355.0,10306.0,10350.0,1774.0
2011-08-03,10281.0,10281.0,10100.0,10163.0,231.0
2011-08-04,10210.0,10369.0,10210.0,10369.0,1019.0
2011-08-05,9475.0,9943.0,9475.0,9929.0,2244.0
2011-08-08,9260.0,10474.0,9260.0,9722.0,1989.0
2011-08-09,9429.0,9429.0,9197.0,9420.0,29264.0
2011-08-10,10163.0,10163.0,9211.0,9835.0,338.0
2011-08-11,9562.0,9621.0,9508.0,9621.0,3184.0
2011-08-12,10081.0,10081.0,9727.0,9727.0,1565.0
2011-08-16,9968.0,9968.0,9874.0,9874.0,1147.0
2011-08-17,9779.0,9835.0,9779.0,9835.0,550.0
2011-08-18,9803.0,9803.0,9713.0,9718.0,108.0
2011-08-19,9197.0,9429.0,9197.0,9415.0,71.0
2011-08-22,9415.0,9415.0,9284.0,9308.0,49.0
2011-08-23,9338.0,9401.0,9313.0,9401.0,190.0
2011-08-24,9444.0,9626.0,9444.0,9587.0,1020.0
2011-08-25,9683.0,9713.0,9678.0,9703.0,230.0
2011-08-26,9703.0,9703.0,9654.0,9664.0,465.0
2011-08-29,9845.0,9845.0,9789.0,9835.0,3118.0
2011-08-30,10450.0,10450.0,10007.0,10007.0,95.0
2011-08-31,10095.0,10095.0,10066.0,10095.0,170.0
2011-09-01,10066.0,10066.0,10002.0,10066.0,269.0
2011-09-02,10076.0,10076.0,9840.0,9911.0,85.0
2011-09-05,9698.0,9698.0,9678.0,9678.0,75.0
2011-09-06,9553.0,9577.0,9548.0,9548.0,312.0
2011-09-07,9789.0,9840.0,9789.0,9799.0,231.0
2011-09-08,10022.0,10022.0,10012.0,10012.0,38.0
2011-09-09,10012.0,10027.0,9992.0,10027.0,451.0
2011-09-14,9732.0,10225.0,9732.0,10181.0,395.0
2011-09-15,10066.0,10546.0,10066.0,10536.0,2096.0
2011-09-16,10589.0,10661.0,10565.0,10633.0,600.0
2011-09-19,10685.0,10757.0,10661.0,10757.0,4043.0
2011-09-20,10737.0,11165.0,10737.0,11145.0,8980.0
2011-09-21,10954.0,11126.0,10954.0,11117.0,2405.0
2011-09-22,10643.0,11170.0,10643.0,11135.0,1440.0
2011-09-23,11135.0,11135.0,10967.0,11049.0,1379.0
2011-09-26,11449.0,11449.0,10967.0,10967.0,484.0
2011-09-27,11483.0,11861.0,11073.0,11078.0,503.0
2011-09-28,11780.0,11780.0,11002.0,11022.0,1779.0
2011-09-29,10643.0,11022.0,10643.0,11022.0,3277.0
2011-09-30,11022.0,11022.0,10821.0,10834.0,371.0
2011-10-04,10834.0,10834.0,10007.0,10459.0,833.0
2011-10-05,10709.0,10752.0,10653.0,10671.0,1050.0
2011-10-06,10930.0,11117.0,10811.0,10868.0,451.0
2011-10-07,10872.0,11017.0,10872.0,10997.0,999.0
2011-10-10,10997.0,10997.0,10967.0,10977.0,218.0
2011-10-11,10977.0,11130.0,10977.0,11130.0,1666.0
2011-10-12,10930.0,11265.0,10930.0,11261.0,139.0
2011-10-13,11155.0,11251.0,11155.0,11204.0,489.0
2011-10-14,11044.0,11361.0,11044.0,11361.0,168.0
2011-10-17,11410.0,11498.0,11410.0,11444.0,391.0
2011-10-18,10844.0,11274.0,10844.0,11251.0,489.0
2011-10-19,11175.0,11269.0,11126.0,11145.0,4683.0
2011-10-20,10887.0,11083.0,10887.0,11083.0,2097.0
2011-10-21,11083.0,11083.0,11073.0,11073.0,155.0
2011-10-24,11121.0,11356.0,11121.0,11155.0,940.0
2011-10-25,11032.0,11326.0,11032.0,11256.0,110.0
2011-10-26,10962.0,11140.0,10962.0,11135.0,170.0
2011-10-27,11032.0,11204.0,11032.0,11199.0,414.0
2011-10-28,11032.0,11207.0,11032.0,11170.0,47.0
2011-10-31,10992.0,11103.0,10992.0,11103.0,18.0
2011-11-01,10887.0,11073.0,10887.0,11073.0,355.0
2011-11-02,10921.0,10949.0,10882.0,10882.0,97.0
2011-11-03,10796.0,11063.0,10796.0,11063.0,381.0
2011-11-04,10982.0,11126.0,10982.0,11093.0,147.0
2011-11-07,10921.0,11073.0,10921.0,11027.0,5.0
2011-11-08,11603.0,11603.0,11107.0,11107.0,140.0
2011-11-09,11216.0,11294.0,11216.0,11241.0,10534.0
2011-11-10,10737.0,11027.0,10737.0,11027.0,205.0
2011-11-11,11044.0,11044.0,10992.0,11027.0,5.0
2011-11-14,10940.0,11207.0,10940.0,11199.0,36.0
2011-11-15,11317.0,11317.0,11103.0,11103.0,162.0
2011-11-16,11261.0,11312.0,11246.0,11251.0,791.0
2011-11-17,11160.0,11160.0,11150.0,11150.0,171.0
2011-11-18,10921.0,10930.0,10907.0,10907.0,500.0
2011-11-21,10781.0,10801.0,10737.0,10801.0,359.0
2011-11-22,11027.0,11027.0,10733.0,10737.0,137.0
2011-11-23,10704.0,10704.0,10643.0,10680.0,251.0
2011-11-24,10897.0,10897.0,10594.0,10604.0,860.0
2011-11-25,10604.0,10604.0,10604.0,10604.0,0.0
2011-11-28,10671.0,10699.0,10653.0,10653.0,218.0
2011-11-29,10821.0,10839.0,10811.0,10821.0,422.0
2011-11-30,10671.0,10671.0,10608.0,10628.0,301.0
2011-12-01,11027.0,11027.0,10868.0,10954.0,303.0
2011-12-02,10967.0,11036.0,10967.0,10992.0,110.0
2011-12-05,11027.0,11032.0,11012.0,11012.0,786.0
2011-12-06,11054.0,11078.0,11054.0,11073.0,12.0
2011-12-07,11083.0,11098.0,11083.0,11098.0,4.0
2011-12-08,11088.0,11088.0,11088.0,11088.0,53.0
2011-12-09,10957.0,11012.0,10957.0,11012.0,26.0
2011-12-12,11170.0,11180.0,11170.0,11180.0,23.0
2011-12-13,11212.0,11212.0,11170.0,11199.0,218.0
2011-12-14,11140.0,11140.0,11140.0,11140.0,4.0
2011-12-15,10907.0,10907.0,10907.0,10907.0,167.0
2011-12-16,10912.0,10912.0,10912.0,10912.0,0.0
2011-12-19,10796.0,11054.0,10796.0,11054.0,194.0
2011-12-20,10982.0,11027.0,10982.0,10982.0,109.0
2011-12-21,11170.0,11180.0,11068.0,11068.0,573.0
2011-12-22,10930.0,10949.0,10930.0,10949.0,289.0
2011-12-23,11073.0,11073.0,11073.0,11073.0,4.0
2011-12-26,10930.0,11140.0,10930.0,11140.0,51.0
2011-12-27,11170.0,11170.0,11170.0,11170.0,1.0
2011-12-28,11180.0,11216.0,11180.0,11216.0,29.0
2011-12-29,11059.0,11112.0,11059.0,11063.0,225.0
2012-01-02,10762.0,11093.0,10762.0,11093.0,80.0
2012-01-03,11150.0,11150.0,11112.0,11112.0,2552.0
2012-01-04,11216.0,11265.0,11216.0,11265.0,2551.0
2012-01-05,11284.0,11322.0,11269.0,11274.0,184.0
2012-01-06,11449.0,11503.0,11449.0,11503.0,158.0
2012-01-09,11284.0,11574.0,11284.0,11511.0,1005.0
2012-01-10,11331.0,11540.0,11331.0,11540.0,1282.0
2012-01-11,11464.0,11555.0,11464.0,11511.0,68.0
2012-01-12,11269.0,11623.0,11269.0,11603.0,259.0
2012-01-13,12090.0,12090.0,11579.0,11579.0,148.0
2012-01-16,11269.0,11488.0,11269.0,11459.0,4.0
2012-01-17,11516.0,11550.0,11516.0,11526.0,349.0
2012-01-18,11464.0,11589.0,11464.0,11545.0,231.0
2012-01-19,11633.0,11633.0,11603.0,11603.0,43.0
2012-01-20,11643.0,11718.0,11643.0,11713.0,330.0
2012-01-25,11535.0,11698.0,11535.0,11670.0,260.0
2012-01-26,11660.0,11665.0,11618.0,11618.0,126.0
2012-01-27,11618.0,11648.0,11603.0,11623.0,37.0
2012-01-30,11598.0,11651.0,11594.0,11603.0,640.0
2012-01-31,11718.0,11737.0,11698.0,11732.0,1636.0
2012-02-01,11516.0,11713.0,11516.0,11693.0,5824.0
2012-02-02,13275.0,13275.0,11723.0,11765.0,573.0
2012-02-03,11780.0,11790.0,11765.0,11765.0,161.0
2012-02-06,11851.0,11905.0,11851.0,11891.0,2323.0
2012-02-07,11914.0,11961.0,11914.0,11946.0,197.0
2012-02-08,11917.0,11927.0,11917.0,11927.0,39.0
2012-02-09,11891.0,11941.0,11891.0,11936.0,375.0
2012-02-10,12029.0,12090.0,12029.0,12082.0,294.0
2012-02-13,12082.0,12082.0,12082.0,12082.0,2.0
2012-02-14,12158.0,12158.0,12095.0,12158.0,240.0
2012-02-15,12158.0,12238.0,12158.0,12238.0,2980.0
2012-02-16,12090.0,12090.0,12078.0,12078.0,662.0
2012-02-17,12253.0,12291.0,12253.0,12291.0,202.0
2012-02-20,12001.0,12296.0,12001.0,12296.0,241.0
2012-02-21,12090.0,12271.0,12090.0,12262.0,25.0
2012-02-22,12090.0,12271.0,12090.0,12271.0,4.0
2012-02-23,12129.0,12266.0,12129.0,12266.0,1099.0
2012-02-24,12271.0,12330.0,12271.0,12325.0,147.0
2012-02-27,12228.0,12374.0,12228.0,12369.0,135.0
2012-02-28,12383.0,12383.0,12374.0,12374.0,575.0
2012-02-29,12455.0,12455.0,12422.0,12422.0,38.0
2012-03-02,12422.0,12422.0,12422.0,12422.0,2668.0
2012-03-05,12403.0,12427.0,12345.0,12345.0,1703.0
2012-03-06,12248.0,12281.0,12233.0,12276.0,2695.0
2012-03-07,12271.0,12271.0,12243.0,12271.0,2286.0
2012-03-08,12276.0,12276.0,12276.0,12276.0,25.0
2012-03-09,12369.0,12369.0,12306.0,12345.0,525.0
2012-03-12,12469.0,12469.0,12427.0,12427.0,204.0
2012-03-13,12512.0,12551.0,12465.0,12551.0,4724.0
2012-03-14,12735.0,12735.0,12686.0,12710.0,1553.0
2012-03-15,12886.0,12896.0,12836.0,12886.0,1093.0
2012-03-16,12831.0,12845.0,12831.0,12840.0,399.0
2012-03-19,12769.0,12869.0,12769.0,12840.0,272.0
2012-03-20,12896.0,12920.0,12869.0,12876.0,294.0
2012-03-21,12671.0,13013.0,12671.0,13013.0,452.0
2012-03-22,12983.0,13033.0,12973.0,12973.0,239.0
2012-03-23,13033.0,13043.0,12988.0,13043.0,203.0
2012-03-26,12910.0,13137.0,12910.0,13137.0,263.0
2012-03-27,13225.0,13304.0,13225.0,13280.0,1049.0
2012-03-28,13230.0,13342.0,13230.0,13322.0,574.0
2012-03-29,13164.0,13290.0,13164.0,13290.0,384.0
2012-03-30,13048.0,13216.0,13048.0,13216.0,603.0
2012-04-02,13137.0,13150.0,13081.0,13133.0,298.0
2012-04-03,13159.0,13201.0,13154.0,13164.0,307.0
2012-04-04,13168.0,13173.0,13154.0,13173.0,225.0
2012-04-05,13081.0,13081.0,13061.0,13076.0,1212.0
2012-04-06,13159.0,13196.0,13141.0,13141.0,1282.0
2012-04-09,13086.0,13101.0,13081.0,13081.0,318.0
2012-04-10,13096.0,13154.0,13096.0,13123.0,716.0
2012-04-12,13061.0,13071.0,13023.0,13061.0,193.0
2012-04-13,13076.0,13096.0,13076.0,13096.0,709.0
2012-04-16,13043.0,13043.0,12906.0,12910.0,277.0
2012-04-17,12765.0,12802.0,12755.0,12802.0,1402.0
2012-04-18,13018.0,13081.0,13018.0,13053.0,304.0
2012-04-19,13048.0,13109.0,13048.0,13109.0,352.0
2012-04-20,13013.0,13013.0,12915.0,12915.0,279.0
2012-04-23,12788.0,12860.0,12788.0,12831.0,195.0
2012-04-24,12755.0,12760.0,12745.0,12760.0,2481.0
2012-04-25,12816.0,12869.0,12816.0,12869.0,1482.0
2012-04-26,12993.0,13033.0,12983.0,12983.0,637.0
2012-04-27,13033.0,13033.0,12988.0,12993.0,205.0
2012-04-30,13091.0,13091.0,13043.0,13071.0,550.0
2012-05-02,13048.0,13048.0,12935.0,12968.0,595.0
2012-05-03,12998.0,13043.0,12988.0,13023.0,686.0
2012-05-04,12876.0,12920.0,12873.0,12920.0,420.0
2012-05-07,12565.0,12580.0,12527.0,12570.0,457.0
2012-05-08,12755.0,12755.0,12627.0,12627.0,552.0
2012-05-09,12671.0,12671.0,12605.0,12605.0,62.0
2012-05-10,12605.0,12657.0,12605.0,12617.0,582.0
2012-05-11,12609.0,12622.0,12561.0,12622.0,104.0
2012-05-14,12657.0,12676.0,12637.0,12676.0,44.0
2012-05-15,12632.0,12657.0,12632.0,12637.0,55.0
2012-05-16,12676.0,12705.0,12676.0,12691.0,32.0
2012-05-17,12632.0,12671.0,12632.0,12671.0,7.0
2012-05-18,12432.0,12508.0,12403.0,12403.0,183.0
2012-05-21,12369.0,12369.0,12369.0,12369.0,0.0
2012-05-22,12570.0,12570.0,12570.0,12570.0,96.0
2012-05-23,12570.0,12570.0,12570.0,12570.0,28.0
2012-05-24,12657.0,12657.0,12657.0,12657.0,5.0
2012-05-25,12622.0,12622.0,12622.0,12622.0,986.0
2012-05-29,13347.0,13347.0,12725.0,12725.0,7.0
2012-05-30,12720.0,12735.0,12696.0,12735.0,36.0
2012-05-31,12696.0,12725.0,12662.0,12725.0,8.0
2012-06-01,12600.0,12647.0,12590.0,12590.0,22.0
2012-06-04,12266.0,12266.0,12208.0,12262.0,1065.0
2012-06-05,12450.0,12455.0,12450.0,12455.0,2.0
2012-06-07,13028.0,13028.0,12681.0,12725.0,239.0
2012-06-08,12531.0,12600.0,12531.0,12590.0,115.0
2012-06-11,12774.0,12826.0,12774.0,12797.0,80.0
2012-06-12,12498.0,12498.0,12498.0,12498.0,50.0
2012-06-13,12613.0,12613.0,12575.0,12575.0,72.0
2012-06-14,13225.0,13225.0,13225.0,13225.0,1.0
2012-06-15,12575.0,12575.0,12575.0,12575.0,5.0
2012-06-18,13168.0,13168.0,12691.0,12691.0,1.0
2012-06-19,12792.0,12792.0,12792.0,12792.0,1.0
2012-06-20,12792.0,12797.0,12792.0,12797.0,6.0
2012-06-21,12730.0,12765.0,12730.0,12765.0,11.0
2012-06-22,12580.0,12580.0,12580.0,12580.0,14.0
2012-06-25,12662.0,12691.0,12662.0,12671.0,653.0
2012-06-26,13357.0,13357.0,12455.0,12455.0,2094.0
2012-06-27,12484.0,12536.0,12484.0,12536.0,604.0
2012-06-28,12585.0,12585.0,12585.0,12585.0,33.0
2012-06-29,12427.0,12527.0,12398.0,12517.0,543.0
2012-07-02,12925.0,12925.0,12632.0,12642.0,541.0
2012-07-03,12745.0,12745.0,12662.0,12705.0,571.0
2012-07-04,12750.0,12760.0,12715.0,12760.0,113.0
2012-07-05,12705.0,12720.0,12705.0,12715.0,4.0
2012-07-06,12730.0,12760.0,12730.0,12760.0,209.0
2012-07-09,12637.0,12637.0,12617.0,12617.0,88.0
2012-07-10,12637.0,12637.0,12609.0,12617.0,11.0
2012-07-11,12541.0,12561.0,12541.0,12546.0,105.0
2012-07-12,12460.0,12512.0,12450.0,12512.0,143.0
2012-07-13,13150.0,13150.0,12465.0,12469.0,301.0
2012-07-16,12546.0,12575.0,12541.0,12575.0,180.0
2012-07-17,12527.0,12561.0,12503.0,12561.0,2741.0
2012-07-18,12556.0,12556.0,12494.0,12494.0,1396.0
2012-07-19,12720.0,12792.0,12720.0,12792.0,462.0
2012-07-20,12816.0,12873.0,12816.0,12873.0,202.0
2012-07-23,12715.0,12715.0,12705.0,12715.0,220.0
2012-07-24,12617.0,12657.0,12617.0,12657.0,30.0
2012-07-25,12437.0,12450.0,12408.0,12441.0,882.0
2012-07-26,12403.0,12437.0,12403.0,12437.0,250.0
2012-07-27,12561.0,12570.0,12522.0,12570.0,46.0
2012-07-30,12705.0,12765.0,12705.0,12765.0,168.0
2012-07-31,12745.0,12745.0,12735.0,12735.0,2406.0
2012-08-01,12613.0,12652.0,12613.0,12647.0,903.0
2012-08-02,12657.0,12662.0,12637.0,12662.0,25.0
2012-08-03,12662.0,12662.0,12662.0,12662.0,1.0
2012-08-06,12802.0,12855.0,12779.0,12855.0,432.0
2012-08-07,12910.0,12944.0,12881.0,12944.0,527.0
2012-08-08,12973.0,13003.0,12964.0,12983.0,3291.0
2012-08-09,12993.0,13013.0,12968.0,13013.0,3011.0
2012-08-10,12968.0,12993.0,12968.0,12993.0,98.0
2012-08-13,13652.0,13652.0,12998.0,13013.0,1944.0
2012-08-14,13056.0,13114.0,13038.0,13114.0,862.0
2012-08-16,13159.0,13159.0,13128.0,13154.0,27.0
2012-08-17,13308.0,13308.0,13270.0,13308.0,419.0
2012-08-20,13367.0,13406.0,13367.0,13406.0,225.0
2012-08-21,13397.0,13397.0,13372.0,13372.0,442.0
2012-08-22,13250.0,13294.0,13250.0,13294.0,7.0
2012-08-23,13377.0,13387.0,13377.0,13387.0,2.0
2012-08-24,13250.0,13317.0,13250.0,13317.0,8.0
2012-08-27,13450.0,13450.0,13435.0,13435.0,905.0
2012-08-28,13426.0,13430.0,13377.0,13430.0,240.0
2012-08-29,13377.0,13421.0,13377.0,13421.0,9.0
2012-08-30,13337.0,13377.0,13337.0,13337.0,675.0
2012-08-31,13230.0,13270.0,13211.0,13270.0,126.0
2012-09-03,12944.0,13470.0,12944.0,13304.0,18.0
2012-09-04,13952.0,13952.0,13299.0,13377.0,1095.0
2012-09-05,13322.0,13322.0,13322.0,13322.0,1.0
2012-09-06,13322.0,13322.0,13322.0,13322.0,13.0
2012-09-07,13579.0,13593.0,13545.0,13593.0,587.0
2012-09-10,14230.0,14230.0,13503.0,13503.0,215.0
2012-09-11,13367.0,13367.0,13332.0,13337.0,69.0
2012-09-12,13154.0,13332.0,13154.0,13332.0,1233.0
2012-09-13,13347.0,13347.0,13347.0,13347.0,1.0
2012-09-14,13522.0,13522.0,13455.0,13475.0,976.0
2012-09-17,13455.0,13485.0,13426.0,13475.0,43.0
2012-09-18,13513.0,13545.0,13513.0,13545.0,1.0
2012-09-19,13430.0,13584.0,13430.0,13584.0,69.0
2012-09-20,13435.0,13628.0,13435.0,13628.0,128.0
2012-09-21,13628.0,13633.0,13560.0,13633.0,95.0
2012-09-24,13633.0,13633.0,13550.0,13603.0,63.0
2012-09-25,13475.0,13540.0,13475.0,13540.0,319.0
2012-09-26,13357.0,13372.0,13347.0,13372.0,111.0
2012-09-27,13847.0,13847.0,13255.0,13265.0,150.0
2012-09-28,13312.0,13362.0,13294.0,13332.0,301.0
2012-10-02,13192.0,13206.0,13159.0,13206.0,40.0
2012-10-04,13294.0,13337.0,13294.0,13337.0,50.0
2012-10-05,13327.0,13367.0,13327.0,13367.0,1677.0
2012-10-08,13240.0,13240.0,13240.0,13240.0,2093.0
2012-10-09,13150.0,13173.0,13137.0,13173.0,15.0
2012-10-10,12915.0,12959.0,12915.0,12959.0,5264.0
2012-10-11,12676.0,12925.0,12676.0,12925.0,3226.0
2012-10-12,12876.0,12876.0,12876.0,12876.0,6.0
2012-10-15,12869.0,12869.0,12869.0,12869.0,1.0
2012-10-16,12896.0,12935.0,12896.0,12935.0,31.0
2012-10-17,13056.0,13056.0,13056.0,13056.0,8.0
2012-10-18,13033.0,13033.0,13003.0,13033.0,40.0
2012-10-19,12915.0,12915.0,12915.0,12915.0,12.0
2012-10-22,12585.0,12585.0,12585.0,12585.0,2135.0
2012-10-23,13091.0,13091.0,12605.0,12605.0,2073.0
2012-10-24,12551.0,12551.0,12551.0,12551.0,142.0
2012-10-25,12474.0,12474.0,12465.0,12474.0,12.0
2012-10-26,12398.0,12398.0,12350.0,12393.0,49.0
2012-10-29,12369.0,12378.0,12340.0,12378.0,94.0
2012-10-30,12474.0,12474.0,12291.0,12369.0,249.0
2012-10-31,12369.0,12369.0,12311.0,12369.0,194.0
2012-11-01,12203.0,12253.0,12203.0,12253.0,243.0
2012-11-02,12484.0,12484.0,12441.0,12484.0,208.0
2012-11-05,12335.0,12335.0,12291.0,12335.0,164.0
2012-11-06,12378.0,12388.0,12369.0,12388.0,78.0
2012-11-07,12417.0,12417.0,12374.0,12417.0,25.0
2012-11-08,12039.0,12139.0,12039.0,12139.0,641.0
2012-11-09,11966.0,11966.0,11936.0,11966.0,533.0
2012-11-12,12001.0,12001.0,11966.0,11991.0,25.0
2012-11-13,11922.0,11966.0,11922.0,11966.0,114.0
2012-11-14,11927.0,11927.0,11922.0,11927.0,24.0
2012-11-15,11746.0,11746.0,11703.0,11742.0,353.0
2012-11-16,11703.0,11703.0,11698.0,11698.0,8.0
2012-11-19,12321.0,12321.0,11804.0,11819.0,32137.0
2012-11-20,12296.0,12296.0,12001.0,12015.0,5267.0
2012-11-21,11956.0,11961.0,11914.0,11961.0,3.0
2012-11-22,11961.0,12039.0,11956.0,12039.0,12445.0
2012-11-23,12455.0,12455.0,11996.0,12054.0,37363.0
2012-11-26,12561.0,12561.0,12100.0,12158.0,234.0
2012-11-27,12276.0,12276.0,12233.0,12276.0,84.0
2012-11-28,12816.0,12816.0,12144.0,12183.0,20.0
2012-11-29,12258.0,12301.0,12258.0,12296.0,140.0
2012-11-30,12330.0,12330.0,12291.0,12330.0,4.0
2012-12-03,12359.0,12359.0,12359.0,12359.0,102.0
2012-12-04,12311.0,12311.0,12306.0,12306.0,394.0
2012-12-05,12281.0,12281.0,12276.0,12281.0,175.0
2012-12-06,12158.0,12158.0,12100.0,12158.0,295.0
2012-12-07,12720.0,12720.0,12258.0,12258.0,9.0
2012-12-10,12110.0,12110.0,12110.0,12110.0,2.0
2012-12-11,12465.0,12465.0,12115.0,12115.0,12.0
2012-12-12,12262.0,12262.0,12218.0,12223.0,4.0
2012-12-13,12177.0,12179.0,12173.0,12173.0,11.0
2012-12-14,12124.0,12124.0,12105.0,12105.0,31.0
2012-12-17,12044.0,12044.0,12024.0,12044.0,243.0
2012-12-18,12139.0,12139.0,12139.0,12139.0,0.0
2012-12-20,12082.0,12177.0,12082.0,12177.0,7840.0
2012-12-21,12296.0,12296.0,12139.0,12139.0,29.0
2012-12-24,12177.0,12177.0,12173.0,12177.0,228.0
2012-12-26,12144.0,12168.0,12078.0,12168.0,78.0
2012-12-27,12073.0,12073.0,12073.0,12073.0,146.0
2012-12-28,12465.0,12465.0,12029.0,12029.0,694.0
2013-01-02,12450.0,12450.0,12158.0,12168.0,133.0
2013-01-03,12413.0,12417.0,12364.0,12417.0,95.0
2013-01-04,12311.0,12354.0,12311.0,12354.0,10.0
2013-01-07,12291.0,12291.0,12291.0,12291.0,54.0
2013-01-08,12291.0,12291.0,12243.0,12243.0,581.0
2013-01-09,12291.0,12291.0,12233.0,12281.0,98.0
2013-01-10,12276.0,12276.0,12258.0,12258.0,405.0
2013-01-11,12755.0,12755.0,12281.0,12281.0,417.0
2013-01-14,12301.0,12301.0,12243.0,12243.0,519.0
2013-01-15,12203.0,12262.0,12203.0,12233.0,538.0
2013-01-16,12253.0,12253.0,12248.0,12248.0,187.0
2013-01-17,12271.0,12271.0,12233.0,12233.0,97.0
2013-01-18,12243.0,12248.0,12243.0,12248.0,146.0
2013-01-21,12340.0,12340.0,12301.0,12301.0,71.0
2013-01-22,12369.0,12427.0,12369.0,12369.0,669.0
2013-01-23,12369.0,12427.0,12369.0,12427.0,21.0
2013-01-24,12340.0,12340.0,12335.0,12335.0,73.0
2013-01-25,12657.0,12657.0,12350.0,12350.0,43.0
2013-01-28,12522.0,12580.0,12522.0,12580.0,296.0
2013-01-29,12595.0,12617.0,12595.0,12605.0,76.0
2013-01-30,12575.0,12575.0,12575.0,12575.0,432.0
2013-01-31,12600.0,12657.0,12600.0,12657.0,139.0
2013-02-01,12652.0,12725.0,12600.0,12725.0,686.0
2013-02-04,13230.0,13230.0,12769.0,12769.0,1084.0
2013-02-05,12556.0,12556.0,12503.0,12556.0,4304.0
2013-02-06,12642.0,12701.0,12642.0,12701.0,109.0
2013-02-07,12720.0,12720.0,12715.0,12715.0,7.0
2013-02-08,12715.0,12730.0,12715.0,12730.0,248.0
2013-02-12,12881.0,12881.0,12881.0,12881.0,0.0
2013-02-13,12774.0,12774.0,12765.0,12774.0,19.0
2013-02-14,12769.0,12784.0,12765.0,12784.0,913.0
2013-02-15,12696.0,12755.0,12696.0,12755.0,797.0
2013-02-18,12705.0,12705.0,12657.0,12705.0,35.0
2013-02-19,12715.0,12715.0,12715.0,12715.0,28.0
2013-02-20,12715.0,12774.0,12715.0,12720.0,177.0
2013-02-21,12561.0,12617.0,12561.0,12617.0,193.0
2013-02-22,12575.0,12575.0,12551.0,12551.0,4079.0
2013-02-25,12666.0,12666.0,12609.0,12609.0,3.0
2013-02-26,12522.0,12522.0,12522.0,12522.0,4.0
2013-02-27,12556.0,12556.0,12498.0,12546.0,89.0
2013-02-28,12622.0,12622.0,12622.0,12622.0,7.0
2013-03-04,12652.0,12710.0,12652.0,12652.0,107.0
2013-03-05,12750.0,12750.0,12750.0,12750.0,5.0
2013-03-06,12676.0,12896.0,12676.0,12864.0,793.0
2013-03-07,12864.0,12906.0,12850.0,12850.0,110.0
2013-03-08,12876.0,12935.0,12876.0,12891.0,398.0
2013-03-11,13043.0,13061.0,13018.0,13033.0,204.0
2013-03-12,13071.0,13119.0,13071.0,13114.0,267.0
2013-03-13,13056.0,13071.0,13013.0,13066.0,344.0
2013-03-14,13066.0,13119.0,13066.0,13114.0,121.0
2013-03-15,13211.0,13216.0,13159.0,13211.0,355.0
2013-03-18,13119.0,13119.0,13076.0,13081.0,425.0
2013-03-19,13013.0,13206.0,13013.0,13150.0,231.0
2013-03-20,13154.0,13211.0,13154.0,13211.0,526.0
2013-03-21,13322.0,13327.0,13270.0,13327.0,1746.0
2013-03-22,13183.0,13183.0,13183.0,13183.0,364.0
2013-03-25,13299.0,13357.0,13299.0,13299.0,1037.0
2013-03-26,13221.0,13221.0,13206.0,13206.0,58.0
2013-03-27,13221.0,13221.0,13221.0,13221.0,770.0
2013-03-28,13225.0,13280.0,13225.0,13280.0,2300.0
2013-03-29,13285.0,13377.0,13285.0,13377.0,6651.0
2013-04-01,13317.0,13382.0,13317.0,13382.0,1.0
2013-04-02,13159.0,13250.0,13159.0,13230.0,6.0
2013-04-03,13402.0,13426.0,13402.0,13402.0,154.0
2013-04-04,13290.0,13347.0,13290.0,13347.0,16.0
2013-04-05,13250.0,13377.0,13250.0,13367.0,1803.0
2013-04-08,13372.0,13421.0,13367.0,13421.0,4.0
2013-04-09,13527.0,13579.0,13522.0,13570.0,280.0
2013-04-10,13527.0,13545.0,13527.0,13545.0,184.0
2013-04-11,13714.0,13739.0,13628.0,13719.0,4898.0
2013-04-12,13522.0,13744.0,13522.0,13744.0,1816.0
2013-04-15,13662.0,13662.0,13584.0,13584.0,39.0
2013-04-16,13377.0,13421.0,13377.0,13382.0,386.0
2013-04-17,13421.0,13470.0,13421.0,13470.0,822.0
2013-04-18,13327.0,13377.0,13221.0,13230.0,2188.0
2013-04-19,13071.0,13133.0,13071.0,13091.0,259.0
2013-04-22,13255.0,13357.0,13240.0,13285.0,1146.0
2013-04-23,13240.0,13327.0,13240.0,13327.0,2055.0
2013-04-24,13435.0,13435.0,13435.0,13435.0,504.0
2013-04-25,13426.0,13475.0,13402.0,13445.0,33.0
2013-04-26,13411.0,13435.0,13352.0,13435.0,105.0
2013-04-29,13426.0,13426.0,13392.0,13392.0,44.0
2013-04-30,13294.0,13406.0,13294.0,13406.0,2.0
2013-05-02,13411.0,13480.0,13411.0,13480.0,29.0
2013-05-03,13387.0,13584.0,13387.0,13584.0,139.0
2013-05-06,14143.0,14143.0,13729.0,13729.0,105.0
2013-05-07,13714.0,13748.0,13714.0,13748.0,318.0
2013-05-08,13657.0,13680.0,13598.0,13647.0,4190.0
2013-05-09,13536.0,13734.0,13536.0,13734.0,49.0
2013-05-10,13816.0,13867.0,13816.0,13862.0,34.0
2013-05-13,13862.0,14081.0,13862.0,14076.0,214.0
2013-05-14,14148.0,14153.0,14100.0,14100.0,225.0
2013-05-15,14288.0,14288.0,14143.0,14201.0,1393.0
2013-05-16,14380.0,14380.0,14211.0,14265.0,669.0
2013-05-20,14283.0,14433.0,14283.0,14433.0,762.0
2013-05-21,14623.0,14623.0,14265.0,14323.0,834.0
2013-05-22,14623.0,14623.0,14308.0,14318.0,84.0
2013-05-23,14318.0,14318.0,14278.0,14288.0,577.0
2013-05-24,14308.0,14767.0,14308.0,14361.0,6624.0
2013-05-27,14931.0,14931.0,14346.0,14385.0,392.0
2013-05-28,14480.0,14480.0,14260.0,14318.0,1148.0
2013-05-29,14470.0,14528.0,14452.0,14452.0,1160.0
2013-05-30,14452.0,14452.0,14351.0,14365.0,3657.0
2013-05-31,14438.0,14438.0,14399.0,14399.0,20.0
2013-06-03,14370.0,14370.0,14308.0,14332.0,728.0
2013-06-04,14245.0,14298.0,14245.0,14298.0,10.0
2013-06-05,14245.0,14245.0,14216.0,14216.0,4.0
2013-06-07,14015.0,14015.0,13904.0,13962.0,108.0
2013-06-10,14542.0,14542.0,14255.0,14255.0,3277.0
2013-06-11,14337.0,14346.0,14337.0,14337.0,66.0
2013-06-12,14265.0,14265.0,14206.0,14206.0,1067.0
2013-06-13,14067.0,14124.0,14067.0,14124.0,69.0
2013-06-14,14576.0,14576.0,14201.0,14201.0,2397.0
2013-06-17,14618.0,14618.0,14143.0,14206.0,2059.0
2013-06-18,14250.0,14255.0,14250.0,14250.0,1.0
2013-06-19,14499.0,14499.0,14494.0,14499.0,1214.0
2013-06-20,14337.0,14394.0,14337.0,14394.0,208.0
2013-06-21,13909.0,14245.0,13909.0,14245.0,4837.0
2013-06-24,14201.0,14201.0,14143.0,14201.0,2797.0
2013-06-25,14100.0,14100.0,14048.0,14048.0,258341.0
2013-06-26,14076.0,14076.0,14076.0,14076.0,60.0
2013-06-27,14220.0,14220.0,14163.0,14163.0,19.0
2013-06-28,14191.0,14240.0,14158.0,14240.0,14518.0
2013-07-01,14201.0,14201.0,14038.0,14072.0,13686.0
2013-07-02,14870.0,14870.0,14109.0,14109.0,1796.0
2013-07-03,14168.0,14225.0,14168.0,14225.0,2627.0
2013-07-04,14260.0,14327.0,14260.0,14327.0,1130.0
2013-07-05,14414.0,14414.0,14409.0,14414.0,1058.0
2013-07-08,14303.0,14618.0,14303.0,14618.0,521.0
2013-07-09,14514.0,14528.0,14470.0,14470.0,433.0
2013-07-10,14865.0,14865.0,14499.0,14499.0,2567.0
2013-07-11,15057.0,15057.0,14484.0,14542.0,1248.0
2013-07-12,15047.0,15047.0,14595.0,14595.0,763.0
2013-07-15,15108.0,15108.0,14727.0,14747.0,152.0
2013-07-16,14667.0,14677.0,14667.0,14672.0,115.0
2013-07-17,14605.0,14657.0,14605.0,14657.0,3.0
2013-07-18,14717.0,14717.0,14717.0,14717.0,62.0
2013-07-19,14792.0,14792.0,14727.0,14792.0,336.0
2013-07-22,15100.0,15100.0,14509.0,14571.0,1652.0
2013-07-23,15052.0,15052.0,14571.0,14576.0,246.0
2013-07-24,14509.0,14509.0,14509.0,14509.0,194.0
2013-07-25,14951.0,14951.0,14484.0,14537.0,152.0
2013-07-26,14537.0,14537.0,14537.0,14537.0,1.0
2013-07-29,15052.0,15052.0,14533.0,14533.0,533.0
2013-07-30,14015.0,14600.0,14015.0,14600.0,385.0
2013-07-31,14702.0,14767.0,14702.0,14767.0,87.0
2013-08-01,15047.0,15047.0,14806.0,14865.0,104.0
2013-08-02,15062.0,15066.0,15009.0,15009.0,672.0
2013-08-05,15014.0,15014.0,14956.0,15014.0,148.0
2013-08-06,15014.0,15014.0,14865.0,14865.0,175.0
2013-08-07,14841.0,14841.0,14787.0,14787.0,3.0
2013-08-08,14293.0,14896.0,14293.0,14896.0,427.0
2013-08-09,14856.0,14880.0,14856.0,14880.0,5.0
2013-08-12,14722.0,14841.0,14722.0,14792.0,6038.0
2013-08-13,15108.0,15108.0,14865.0,14921.0,29.0
2013-08-14,15152.0,15152.0,14994.0,15032.0,1.0
2013-08-16,14672.0,14727.0,14672.0,14727.0,1669.0
2013-08-19,15057.0,15057.0,14618.0,14618.0,201.0
2013-08-20,14662.0,14677.0,14662.0,14662.0,660.0
2013-08-21,14662.0,14732.0,14662.0,14732.0,523.0
2013-08-22,14752.0,14752.0,14697.0,14697.0,1429.0
2013-08-23,14702.0,14865.0,14702.0,14846.0,80.0
2013-08-26,14856.0,14856.0,14856.0,14856.0,148.0
2013-08-27,15249.0,15249.0,14806.0,14806.0,630.0
2013-08-28,14816.0,14816.0,14566.0,14642.0,413.0
2013-08-29,14609.0,14609.0,14609.0,14609.0,2265.0
2013-08-30,14647.0,14706.0,14647.0,14706.0,599.0
2013-09-02,14652.0,14652.0,14590.0,14652.0,84.0
2013-09-03,14504.0,14557.0,14504.0,14557.0,271.0
2013-09-04,15103.0,15103.0,14562.0,14562.0,5.0
2013-09-05,14518.0,14576.0,14518.0,14576.0,442.0
2013-09-06,14627.0,14627.0,14627.0,14627.0,25.0
2013-09-09,14480.0,14614.0,14480.0,14609.0,317.0
2013-09-10,14609.0,14677.0,14609.0,14627.0,54.0
2013-09-11,14717.0,14717.0,14682.0,14713.0,295.0
2013-09-12,14542.0,14697.0,14542.0,14697.0,1251.0
2013-09-13,14484.0,14697.0,14484.0,14697.0,28.0
2013-09-16,14632.0,14816.0,14632.0,14777.0,676.0
2013-09-17,14637.0,14637.0,14637.0,14637.0,5.0
2013-09-23,14494.0,14836.0,14494.0,14836.0,457.0
2013-09-24,14742.0,14797.0,14742.0,14797.0,128.0
2013-09-25,14792.0,14792.0,14787.0,14787.0,173.0
2013-09-26,14757.0,14767.0,14757.0,14767.0,159.0
2013-09-27,14856.0,14906.0,14856.0,14906.0,210.0
2013-09-30,14772.0,14772.0,14772.0,14772.0,25.0
2013-10-01,14777.0,14826.0,14772.0,14826.0,318.0
2013-10-02,14836.0,14836.0,14836.0,14836.0,182.0
2013-10-04,14836.0,14836.0,14717.0,14717.0,89.0
2013-10-07,14732.0,14737.0,14732.0,14732.0,13.0
2013-10-08,14717.0,14732.0,14717.0,14732.0,37.0
2013-10-10,15386.0,15386.0,14452.0,14452.0,494.0
2013-10-11,15108.0,15108.0,14642.0,14710.0,190.0
2013-10-14,15290.0,15391.0,15244.0,15244.0,181.0
2013-10-15,15386.0,15386.0,14841.0,14893.0,62.0
2013-10-16,15342.0,15342.0,14851.0,14851.0,61.0
2013-10-17,15391.0,15391.0,14888.0,14888.0,782.0
2013-10-18,14893.0,14951.0,14893.0,14951.0,55.0
2013-10-21,15182.0,15182.0,15138.0,15138.0,42.0
2013-10-22,15197.0,15197.0,15172.0,15172.0,163.0
2013-10-23,15172.0,15172.0,15152.0,15152.0,103.0
2013-10-24,15009.0,15081.0,15009.0,15081.0,2190.0
2013-10-25,15057.0,15225.0,15057.0,15225.0,2295.0
2013-10-28,15346.0,15351.0,15295.0,15295.0,3164.0
2013-10-29,15172.0,15239.0,15172.0,15239.0,16.0
2013-10-30,15351.0,15351.0,15295.0,15295.0,1746.0
2013-10-31,15187.0,15187.0,15128.0,15128.0,255.0
2013-11-01,15328.0,15328.0,15328.0,15328.0,53.0
2013-11-04,15230.0,15958.0,15230.0,15315.0,230.0
2013-11-05,15118.0,15310.0,15118.0,15310.0,37.0
2013-11-06,15167.0,15277.0,15167.0,15277.0,2.0
2013-11-07,15090.0,15268.0,15090.0,15268.0,102.0
2013-11-08,15085.0,15085.0,15027.0,15085.0,593.0
2013-11-11,15268.0,15324.0,15268.0,15324.0,66.0
2013-11-12,15133.0,15386.0,15133.0,15342.0,180.0
2013-11-13,15167.0,15376.0,15167.0,15324.0,2.0
2013-11-14,15977.0,15982.0,15429.0,15489.0,7374.0
2013-11-15,15562.0,15562.0,15517.0,15522.0,37.0
2013-11-18,15342.0,16236.0,15342.0,15512.0,494.0
2013-11-19,15300.0,15300.0,15244.0,15300.0,209.0
2013-11-20,15239.0,15254.0,15225.0,15254.0,1834.0
2013-11-21,15254.0,15254.0,15197.0,15197.0,125.0
2013-11-22,15449.0,15449.0,15396.0,15396.0,50.0
2013-11-25,15272.0,15542.0,15272.0,15484.0,352.0
2013-11-26,15484.0,15484.0,15479.0,15479.0,47.0
2013-11-27,15356.0,15624.0,15356.0,15624.0,408.0
2013-11-28,15775.0,15775.0,15719.0,15775.0,79.0
2013-11-29,15772.0,15815.0,15576.0,15815.0,361.0
2013-12-02,15685.0,15785.0,15685.0,15734.0,444.0
2013-12-03,15739.0,15739.0,15739.0,15739.0,1.0
2013-12-04,15739.0,15739.0,15714.0,15714.0,39.0
2013-12-05,16492.0,16492.0,15768.0,15768.0,145.0
2013-12-06,15680.0,16487.0,15680.0,15714.0,98.0
2013-12-09,15815.0,15815.0,15739.0,15739.0,6410.0
2013-12-10,15763.0,15805.0,15763.0,15805.0,18.0
2013-12-11,15775.0,15775.0,15775.0,15775.0,47.0
2013-12-12,15624.0,15624.0,15567.0,15624.0,1147.0
2013-12-13,15567.0,15567.0,15557.0,15567.0,330.0
2013-12-16,15567.0,15567.0,15503.0,15503.0,1328.0
2013-12-17,15624.0,15624.0,15537.0,15594.0,189.0
2013-12-18,15459.0,15590.0,15459.0,15590.0,54.0
2013-12-19,15795.0,15795.0,15739.0,15795.0,396.0
2013-12-20,15749.0,15863.0,15749.0,15825.0,191.0
2013-12-23,15995.0,16058.0,15995.0,16058.0,1204.0
2013-12-24,16260.0,16260.0,16108.0,16108.0,1925.0
2013-12-26,15936.0,16212.0,15936.0,16143.0,373.0
2013-12-27,16118.0,16173.0,16108.0,16173.0,1813.0
2013-12-30,16076.0,16076.0,16023.0,16076.0,249.0
2014-01-02,16332.0,16332.0,16138.0,16148.0,254830.0
2014-01-03,16005.0,16005.0,15949.0,15949.0,441.0
2014-01-06,16255.0,16255.0,15911.0,15967.0,4558.0
2014-01-07,15854.0,16043.0,15854.0,16043.0,4594.0
2014-01-08,16105.0,16173.0,16105.0,16173.0,1355.0
2014-01-09,16236.0,16236.0,16212.0,16236.0,16.0
2014-01-10,15972.0,16113.0,15972.0,16113.0,1012.0
2014-01-13,15995.0,16068.0,15995.0,16068.0,2014.0
2014-01-14,15845.0,15849.0,15790.0,15805.0,1151.0
2014-01-15,15949.0,16227.0,15949.0,16222.0,2550.0
2014-01-16,16260.0,16410.0,16260.0,16410.0,2814.0
2014-01-17,16222.0,16337.0,16222.0,16337.0,1936.0
2014-01-20,16567.0,16567.0,16212.0,16280.0,4101.0
2014-01-21,16361.0,16361.0,16275.0,16275.0,3701.0
2014-01-22,16303.0,16468.0,16303.0,16410.0,3671.0
2014-01-23,16567.0,16606.0,16526.0,16563.0,670.0
2014-01-24,16400.0,16601.0,16385.0,16601.0,278.0
2014-01-27,16265.0,16371.0,16265.0,16371.0,514.0
2014-01-28,16633.0,16633.0,16000.0,16000.0,1753.0
2014-01-29,16005.0,16105.0,16005.0,16105.0,896.0
2014-02-03,16241.0,16294.0,16236.0,16294.0,1123.0
2014-02-04,16019.0,16019.0,15963.0,16019.0,654.0
2014-02-05,15944.0,15944.0,15888.0,15888.0,536.0
2014-02-06,16207.0,16207.0,15863.0,15868.0,246.0
2014-02-07,15977.0,16023.0,15977.0,16023.0,1235.0
2014-02-10,16183.0,16312.0,16183.0,16299.0,684.0
2014-02-11,16307.0,16400.0,16307.0,16380.0,676.0
2014-02-12,16507.0,16507.0,16405.0,16444.0,1161.0
2014-02-13,16255.0,16429.0,16255.0,16429.0,216.0
2014-02-14,16517.0,16545.0,16512.0,16512.0,937.0
2014-02-17,16554.0,16554.0,16512.0,16554.0,22.0
2014-02-18,16554.0,16577.0,16554.0,16577.0,1009.0
2014-02-19,16629.0,16662.0,16629.0,16648.0,982.0
2014-02-20,16667.0,16667.0,16615.0,16615.0,306.0
2014-02-21,16754.0,16807.0,16754.0,16807.0,391.0
2014-02-24,16881.0,16881.0,16759.0,16803.0,558.0
2014-02-25,17236.0,17236.0,16774.0,16799.0,556.0
2014-02-26,16794.0,16836.0,16794.0,16836.0,1269.0
2014-02-27,16764.0,16774.0,16764.0,16774.0,669.0
2014-02-28,16764.0,16784.0,16764.0,16784.0,34.0
2014-03-03,16881.0,16881.0,16731.0,16784.0,995.0
2014-03-04,16784.0,16784.0,16722.0,16779.0,71.0
2014-03-05,16944.0,16949.0,16895.0,16949.0,412.0
2014-03-06,16895.0,17027.0,16895.0,16978.0,58.0
2014-03-07,16856.0,16856.0,16803.0,16856.0,647.0
2014-03-10,16978.0,16978.0,16672.0,16717.0,427.0
2014-03-11,16978.0,16978.0,16774.0,16779.0,1152.0
2014-03-12,16754.0,16784.0,16754.0,16764.0,1007.0
2014-03-13,16764.0,16895.0,16764.0,16890.0,304.0
2014-03-14,16726.0,16726.0,16658.0,16726.0,299.0
2014-03-17,16687.0,16687.0,16549.0,16549.0,264.0
2014-03-18,16611.0,16658.0,16611.0,16658.0,324.0
2014-03-19,16846.0,16861.0,16846.0,16851.0,176.0
2014-03-20,16672.0,16866.0,16672.0,16836.0,1209.0
2014-03-21,16754.0,17047.0,16754.0,17042.0,3771.0
2014-03-24,16895.0,16898.0,16789.0,16816.0,1560.0
2014-03-25,16638.0,16638.0,16582.0,16638.0,419.0
2014-03-26,16707.0,16707.0,16658.0,16697.0,167.0
2014-03-27,16692.0,16692.0,16449.0,16468.0,454.0
2014-03-28,16582.0,16582.0,16255.0,16270.0,609.0
2014-03-31,16385.0,16385.0,16346.0,16346.0,165.0
2014-04-01,16299.0,16299.0,16250.0,16250.0,454.0
2014-04-02,16400.0,16502.0,16400.0,16454.0,309.0
2014-04-03,16497.0,16545.0,16497.0,16545.0,161.0
2014-04-04,16459.0,16459.0,16400.0,16459.0,381.0
2014-04-07,15883.0,15883.0,15845.0,15868.0,1477.0
2014-04-08,16015.0,16015.0,15825.0,15830.0,1231.0
2014-04-09,16108.0,16108.0,15795.0,15795.0,277.0
2014-04-10,15921.0,15954.0,15921.0,15931.0,935.0
2014-04-11,15474.0,15499.0,15346.0,15494.0,3692.0
2014-04-14,15494.0,15494.0,15282.0,15287.0,2684.0
2014-04-15,15439.0,15449.0,15391.0,15401.0,2186.0
2014-04-16,15537.0,15547.0,15508.0,15547.0,3386.0
2014-04-17,15594.0,15629.0,15590.0,15609.0,1679.0
2014-04-18,15729.0,15810.0,15710.0,15805.0,4661.0
2014-04-21,15714.0,15714.0,15680.0,15700.0,522.0
2014-04-22,15749.0,15763.0,15734.0,15734.0,658.0
2014-04-23,15911.0,15916.0,15858.0,15858.0,1594.0
2014-04-24,15858.0,15954.0,15858.0,15949.0,1468.0
2014-04-25,15911.0,15911.0,15849.0,15911.0,465.0
2014-04-28,15825.0,15825.0,15634.0,15667.0,163.0
2014-04-29,16048.0,16048.0,15658.0,15658.0,1747.0
2014-04-30,15567.0,15672.0,14737.0,15667.0,9704.0
2014-05-02,15835.0,15840.0,15780.0,15780.0,718.0
2014-05-07,15537.0,15586.0,15527.0,15586.0,1804.0
2014-05-08,15503.0,15503.0,15444.0,15503.0,4113.0
2014-05-09,15464.0,15464.0,15406.0,15409.0,3381.0
2014-05-12,15562.0,15619.0,15562.0,15614.0,1266.0
2014-05-13,15780.0,15815.0,15780.0,15815.0,600.0
2014-05-14,15772.0,15772.0,15729.0,15772.0,1334.0
2014-05-15,15995.0,15995.0,15739.0,15744.0,1601.0
2014-05-16,15672.0,15672.0,15624.0,15667.0,920.0
2014-05-19,15643.0,15719.0,15643.0,15710.0,254.0
2014-05-20,15503.0,15780.0,15503.0,15768.0,1826.0
2014-05-21,15775.0,15775.0,15724.0,15744.0,58.0
2014-05-22,15892.0,15949.0,15892.0,15892.0,488.0
2014-05-23,15940.0,15949.0,15940.0,15940.0,1032.0
2014-05-26,15940.0,16118.0,15940.0,16113.0,257.0
2014-05-27,16113.0,16148.0,16090.0,16148.0,2025.0
2014-05-28,16232.0,16289.0,16232.0,16284.0,1020.0
2014-05-29,16227.0,16232.0,16173.0,16232.0,1704.0
2014-05-30,16351.0,16351.0,16217.0,16217.0,144.0
2014-06-02,16260.0,16312.0,16260.0,16312.0,1274.0
2014-06-03,16303.0,16351.0,16303.0,16303.0,52.0
2014-06-05,16351.0,16356.0,16351.0,16351.0,527.0
2014-06-09,16449.0,16545.0,16356.0,16507.0,543.0
2014-06-10,16497.0,16497.0,16497.0,16497.0,81.0
2014-06-11,16463.0,16473.0,16463.0,16468.0,127.0
2014-06-12,16473.0,16530.0,16473.0,16478.0,4.0
2014-06-13,16395.0,16395.0,16337.0,16366.0,686.0
2014-06-16,16366.0,16380.0,16366.0,16380.0,707.0
2014-06-17,16463.0,16522.0,16463.0,16497.0,604.0
2014-06-18,16502.0,16558.0,16502.0,16558.0,476.0
2014-06-19,16591.0,16591.0,16507.0,16507.0,1078.0
2014-06-20,16522.0,16545.0,16522.0,16545.0,375.0
2014-06-23,16968.0,16968.0,16530.0,16554.0,321.0
2014-06-24,16554.0,16563.0,16512.0,16535.0,826.0
2014-06-25,16439.0,16558.0,16303.0,16502.0,690.0
2014-06-26,16502.0,16662.0,16502.0,16606.0,1096.0
2014-06-27,16620.0,16620.0,16563.0,16563.0,319.0
2014-06-30,16563.0,16662.0,16361.0,16611.0,113832.0
2014-07-01,16620.0,16638.0,16620.0,16638.0,756.0
2014-07-02,16638.0,16811.0,16638.0,16779.0,1498.0
2014-07-03,16591.0,16779.0,16591.0,16774.0,578.0
2014-07-04,16831.0,16926.0,16831.0,16861.0,1249.0
2014-07-07,16692.0,17388.0,16692.0,16918.0,216.0
2014-07-08,16918.0,16918.0,16898.0,16908.0,54.0
2014-07-09,17383.0,17383.0,16672.0,16731.0,661.0
2014-07-10,16591.0,16831.0,16591.0,16831.0,65.0
2014-07-11,16596.0,16866.0,16596.0,16836.0,513.0
2014-07-14,16726.0,17052.0,16726.0,17047.0,358.0
2014-07-15,16881.0,19561.0,16881.0,17159.0,1196.0
2014-07-16,16982.0,17226.0,16982.0,17226.0,2970.0
2014-07-17,17231.0,17282.0,17226.0,17282.0,2269.0
2014-07-18,17114.0,17114.0,17052.0,17109.0,414.0
2014-07-21,17109.0,17332.0,17109.0,17274.0,662.0
2014-07-22,17274.0,17274.0,17246.0,17246.0,25.0
2014-07-23,17708.0,17708.0,17255.0,17312.0,128.0
2014-07-24,17481.0,17481.0,17477.0,17477.0,107.0
2014-07-25,17477.0,17518.0,17477.0,17518.0,176.0
2014-07-28,17378.0,17378.0,17378.0,17378.0,415.0
2014-07-29,17364.0,17364.0,17332.0,17341.0,22.0
2014-07-30,17332.0,17388.0,17332.0,17332.0,239.0
2014-07-31,17403.0,17403.0,17398.0,17398.0,2.0
2014-08-01,17226.0,17264.0,17197.0,17264.0,550.0
2014-08-04,17124.0,17124.0,17066.0,17124.0,775.0
2014-08-05,17457.0,17457.0,17216.0,17216.0,475.0
2014-08-06,17144.0,17144.0,17144.0,17144.0,20.0
2014-08-07,17129.0,17129.0,17070.0,17129.0,70.0
2014-08-08,17075.0,17075.0,17022.0,17027.0,372.0
2014-08-11,17124.0,17177.0,17119.0,17177.0,113.0
2014-08-12,17211.0,17236.0,17177.0,17177.0,861.0
2014-08-13,17172.0,17172.0,17172.0,17172.0,0.0
2014-08-14,17346.0,17346.0,17346.0,17346.0,0.0
2014-08-18,17728.0,17728.0,17355.0,17403.0,141.0
2014-08-19,17513.0,17523.0,17467.0,17467.0,56.0
2014-08-20,17561.0,17616.0,17561.0,17566.0,543.0
2014-08-21,17656.0,17695.0,17656.0,17685.0,239.0
2014-08-22,17606.0,17646.0,17606.0,17646.0,106.0
2014-08-25,17646.0,17743.0,17551.0,17743.0,109.0
2014-08-26,17743.0,17743.0,17690.0,17695.0,265.0
2014-08-27,17695.0,17695.0,17636.0,17690.0,1561.0
2014-08-28,17611.0,17671.0,17611.0,17611.0,278.0
2014-08-29,17626.0,17626.0,17626.0,17626.0,5.0
2014-09-01,17666.0,17723.0,17666.0,17671.0,48.0
2014-09-02,17651.0,17695.0,17651.0,17695.0,2262.0
2014-09-03,17810.0,17869.0,17810.0,17840.0,2329.0
2014-09-04,17738.0,17738.0,17728.0,17728.0,108.0
2014-09-05,17752.0,17752.0,17752.0,17752.0,25.0
2014-09-11,18017.0,18058.0,18017.0,18049.0,401.0
2014-09-12,18088.0,18126.0,18088.0,18088.0,1299.0
2014-09-15,17896.0,18012.0,17896.0,17964.0,117.0
2014-09-16,17892.0,17892.0,17840.0,17888.0,109.0
2014-09-17,17964.0,17964.0,17915.0,17964.0,5.0
2014-09-18,18512.0,18512.0,18131.0,18186.0,588.0
2014-09-19,18083.0,18341.0,18083.0,18341.0,3353.0
2014-09-22,18845.0,18845.0,18195.0,18250.0,2902.0
2014-09-23,18063.0,18063.0,18063.0,18063.0,28.0
2014-09-24,18053.0,18053.0,18002.0,18002.0,28.0
2014-09-25,18531.0,18531.0,18195.0,18250.0,1166.0
2014-09-26,17915.0,17915.0,17915.0,17915.0,2981.0
2014-09-29,18103.0,18166.0,18103.0,18108.0,607.0
2014-09-30,18235.0,18287.0,18235.0,18287.0,798.0
2014-10-01,18287.0,18287.0,18282.0,18282.0,93.0
2014-10-02,18088.0,18088.0,18039.0,18088.0,611.0
2014-10-06,18434.0,18493.0,18434.0,18459.0,1558.0
2014-10-07,18217.0,18273.0,18217.0,18273.0,507.0
2014-10-08,18217.0,18217.0,18053.0,18073.0,2455.0
2014-10-10,18221.0,18221.0,18027.0,18073.0,1232.0
2014-10-13,18073.0,18073.0,17616.0,17676.0,247.0
2014-10-14,17368.0,17418.0,17368.0,17418.0,1872.0
2014-10-15,17457.0,17467.0,17457.0,17457.0,340.0
2014-10-16,17022.0,17154.0,17022.0,17154.0,798.0
2014-10-17,17177.0,17177.0,17168.0,17168.0,50.0
2014-10-20,17373.0,17442.0,17373.0,17432.0,537.0
2014-10-21,17501.0,17501.0,17447.0,17447.0,1048.0
2014-10-22,17859.0,17915.0,17859.0,17901.0,409.0
2014-10-23,17762.0,17820.0,17762.0,17820.0,389.0
2014-10-24,18131.0,18186.0,18118.0,18118.0,6272.0
2014-10-27,18278.0,18278.0,18221.0,18278.0,741.0
2014-10-28,18204.0,18204.0,18190.0,18200.0,417.0
2014-10-29,18361.0,18361.0,18250.0,18301.0,86.0
2014-10-30,18376.0,18434.0,18376.0,18399.0,760.0
2014-10-31,18454.0,18503.0,18454.0,18503.0,11968.0
2014-11-03,19082.0,19082.0,19024.0,19063.0,11850.0
2014-11-04,19274.0,19274.0,19210.0,19274.0,679.0
2014-11-05,19181.0,19181.0,19077.0,19142.0,1916.0
2014-11-06,19230.0,19478.0,19181.0,19181.0,2468.0
2014-11-07,19805.0,19805.0,19416.0,19532.0,35.0
2014-11-10,19396.0,19396.0,19299.0,19361.0,93.0
2014-11-11,19566.0,19866.0,19463.0,19463.0,1762.0
2014-11-12,19586.0,19636.0,19586.0,19586.0,968.0
2014-11-13,20206.0,20206.0,19641.0,19704.0,1042.0
2014-11-14,19810.0,19810.0,19742.0,19752.0,3155.0
2014-11-17,19551.0,19891.0,19551.0,19862.0,1971.0
2014-11-18,19685.0,19881.0,19685.0,19881.0,149.0
2014-11-19,20239.0,20239.0,19979.0,20082.0,1060.0
2014-11-20,19886.0,20161.0,19886.0,20107.0,399.0
2014-11-21,20120.0,20196.0,20120.0,20196.0,1714.0
2014-11-24,20239.0,20239.0,20181.0,20234.0,412.0
2014-11-25,20490.0,20490.0,20424.0,20490.0,556.0
2014-11-26,20337.0,20352.0,20292.0,20352.0,301.0
2014-11-27,20372.0,20382.0,20367.0,20382.0,816.0
2014-11-28,20419.0,20419.0,20362.0,20419.0,2242.0
2014-12-01,20092.0,20652.0,20092.0,20582.0,4271.0
2014-12-02,20176.0,20362.0,20176.0,20362.0,2108.0
2014-12-03,20367.0,20612.0,20367.0,20544.0,712.0
2014-12-04,20347.0,20666.0,20347.0,20666.0,1118.0
2014-12-05,20553.0,20553.0,20485.0,20553.0,1114.0
2014-12-08,20652.0,20710.0,20647.0,20647.0,398.0
2014-12-09,20424.0,20424.0,20362.0,20424.0,832.0
2014-12-10,20328.0,20328.0,20269.0,20323.0,374.0
2014-12-11,19876.0,19876.0,19866.0,19876.0,908.0
2014-12-12,20097.0,20097.0,20034.0,20097.0,1655.0
2014-12-15,20097.0,20097.0,19718.0,19777.0,3162.0
2014-12-16,19651.0,19651.0,18706.0,19514.0,3578.0
2014-12-17,18991.0,19009.0,18991.0,19009.0,4331.0
2014-12-18,19333.0,19680.0,19333.0,19680.0,5639.0
2014-12-19,19800.0,20138.0,19800.0,20138.0,3172.0
2014-12-22,20151.0,20176.0,20151.0,20176.0,220.0
2014-12-23,20249.0,20249.0,20201.0,20244.0,603.0
2014-12-24,20259.0,20297.0,20239.0,20279.0,1174.0
2014-12-26,20471.0,20471.0,20211.0,20269.0,935.0
2014-12-29,20725.0,20725.0,20297.0,20297.0,184.0
2014-12-30,20833.0,20833.0,20323.0,20323.0,191.0
2015-01-02,20156.0,20156.0,20130.0,20156.0,1462.0
2015-01-05,20019.0,20130.0,19946.0,20130.0,1530.0
2015-01-06,19781.0,19795.0,19737.0,19737.0,3960.0
2015-01-07,19843.0,19843.0,19328.0,19371.0,1104.0
2015-01-08,19824.0,19824.0,19581.0,19800.0,2555.0
2015-01-09,19828.0,19896.0,19737.0,19800.0,2749.0
2015-01-12,19491.0,19576.0,19483.0,19504.0,659.0
2015-01-13,19376.0,19401.0,19250.0,19401.0,361.0
2015-01-14,19240.0,19299.0,19157.0,19235.0,1045.0
2015-01-15,19304.0,19352.0,19220.0,19352.0,620.0
2015-01-16,18731.0,18739.0,18667.0,18701.0,3672.0
2015-01-19,18940.0,19250.0,18940.0,19102.0,537.0
2015-01-20,19142.0,19328.0,19137.0,19328.0,145.0
2015-01-21,19352.0,19463.0,19352.0,19386.0,1350.0
2015-01-22,19473.0,19547.0,19431.0,19463.0,1102.0
2015-01-23,19670.0,19810.0,19670.0,19805.0,788.0
2015-01-26,19819.0,19819.0,19551.0,19704.0,828.0
2015-01-27,19843.0,19843.0,19727.0,19767.0,239.0
2015-01-28,19361.0,19596.0,19328.0,19581.0,2064.0
2015-01-29,19581.0,19581.0,19230.0,19333.0,1153.0
2015-01-30,19694.0,19752.0,19601.0,19601.0,350.0
2015-02-02,19601.0,19609.0,19500.0,19609.0,431.0
2015-02-03,19757.0,19757.0,19586.0,19623.0,1461.0
2015-02-04,19727.0,19757.0,19614.0,19614.0,625.0
2015-02-05,19656.0,19656.0,19586.0,19632.0,53.0
2015-02-06,19752.0,19843.0,19752.0,19843.0,1085.0
2015-02-09,20034.0,20034.0,19742.0,19747.0,133.0
2015-02-10,19690.0,19747.0,19690.0,19694.0,277.0
2015-02-11,19757.0,20146.0,19757.0,20107.0,1499.0
2015-02-12,20305.0,20372.0,20292.0,20372.0,223.0
2015-02-13,20471.0,20480.0,20444.0,20444.0,212.0
2015-02-16,20514.0,20671.0,20514.0,20671.0,300.0
2015-02-17,20244.0,20691.0,20244.0,20686.0,200.0
2015-02-23,20735.0,21176.0,20735.0,21100.0,540.0
2015-02-24,21142.0,21142.0,21096.0,21138.0,677.0
2015-02-25,21142.0,21142.0,20896.0,20906.0,835.0
2015-02-26,20924.0,20972.0,20891.0,20906.0,1290.0
2015-02-27,20852.0,21043.0,20852.0,20991.0,847.0
2015-03-02,21024.0,21073.0,20952.0,20967.0,918.0
2015-03-03,20972.0,21548.0,20967.0,21058.0,1821.0
2015-03-04,20957.0,20957.0,20866.0,20952.0,185.0
2015-03-05,20861.0,20962.0,20861.0,20962.0,446.0
2015-03-06,20911.0,21019.0,20911.0,20957.0,126.0
2015-03-09,20725.0,20952.0,20725.0,20929.0,2535.0
2015-03-10,21063.0,21195.0,21063.0,21142.0,147.0
2015-03-11,20815.0,21001.0,20815.0,20948.0,4287.0
2015-03-12,20911.0,20957.0,20828.0,20843.0,998.0
2015-03-13,20847.0,21038.0,20847.0,21029.0,447.0
2015-03-16,21279.0,21279.0,20929.0,20972.0,259.0
2015-03-17,21172.0,21181.0,21087.0,21087.0,421.0
2015-03-18,21279.0,21622.0,21100.0,21220.0,518.0
2015-03-19,21225.0,21225.0,21077.0,21195.0,459.0
2015-03-20,21578.0,21578.0,21255.0,21338.0,144.0
2015-03-23,21314.0,21370.0,21255.0,21343.0,1286.0
2015-03-24,21133.0,21147.0,21073.0,21082.0,1037.0
2015-03-25,21029.0,21637.0,20891.0,20929.0,2178.0
2015-03-26,20627.0,20627.0,20399.0,20544.0,1675.0
2015-03-27,20857.0,20857.0,20377.0,20434.0,3103.0
2015-03-30,20434.0,20617.0,20434.0,20612.0,1010.0
2015-03-31,20838.0,20838.0,20781.0,20800.0,791.0
2015-04-01,20524.0,20524.0,20220.0,20337.0,2705.0
2015-04-02,20301.0,20323.0,20201.0,20230.0,1166.0
2015-04-03,20612.0,20612.0,20166.0,20225.0,499.0
2015-04-06,19951.0,19979.0,19911.0,19926.0,976.0
2015-04-07,20313.0,20313.0,20239.0,20297.0,319.0
2015-04-08,20313.0,20382.0,20264.0,20310.0,996.0
2015-04-09,20453.0,20500.0,20404.0,20414.0,45.0
2015-04-10,20637.0,20652.0,20582.0,20632.0,1768.0
2015-04-13,20715.0,20777.0,20715.0,20772.0,331.0
2015-04-14,20725.0,20762.0,20671.0,20715.0,1194.0
2015-04-15,20622.0,20652.0,20622.0,20652.0,399.0
2015-04-16,20686.0,20696.0,20686.0,20686.0,206.0
2015-04-17,20490.0,20563.0,20453.0,20509.0,1066.0
2015-04-20,20357.0,20357.0,20176.0,20176.0,605.0
2015-04-21,20239.0,20572.0,20239.0,20544.0,2576.0
2015-04-22,20767.0,20767.0,20553.0,20553.0,163.0
2015-04-23,20705.0,20705.0,20647.0,20681.0,532.0
2015-04-24,20681.0,20772.0,20681.0,20767.0,485.0
2015-04-27,20597.0,20939.0,20597.0,20871.0,382.0
2015-04-28,20911.0,20911.0,20705.0,20757.0,124.0
2015-04-29,20602.0,20642.0,20572.0,20642.0,80.0
2015-04-30,20549.0,20577.0,20509.0,20544.0,131.0
2015-05-04,20544.0,20705.0,20544.0,20696.0,502.0
2015-05-06,20444.0,20471.0,20389.0,20389.0,492.0
2015-05-07,20254.0,20439.0,20254.0,20439.0,1714.0
2015-05-08,20652.0,20661.0,20524.0,20524.0,96.0
2015-05-11,20747.0,20896.0,20747.0,20896.0,1411.0
2015-05-12,20871.0,20871.0,20800.0,20810.0,922.0
2015-05-13,20730.0,20886.0,20730.0,20838.0,46.0
2015-05-14,20781.0,20781.0,20710.0,20710.0,47.0
2015-05-15,20957.0,21068.0,20916.0,20929.0,203.0
2015-05-18,20920.0,20920.0,20911.0,20911.0,73.0
2015-05-19,21077.0,21157.0,21058.0,21087.0,524.0
2015-05-20,21110.0,21172.0,21100.0,21152.0,157.0
2015-05-21,21123.0,21123.0,21058.0,21058.0,93.0
2015-05-22,21225.0,21230.0,21138.0,21195.0,386.0
2015-05-26,21172.0,21343.0,21162.0,21343.0,849.0
2015-05-27,21245.0,21245.0,20911.0,21205.0,281.0
2015-05-28,21583.0,21647.0,21558.0,21563.0,291.0
2015-05-29,21515.0,21568.0,21495.0,21568.0,159.0
2015-06-01,21100.0,21588.0,21100.0,21524.0,163.0
2015-06-02,21105.0,21690.0,21105.0,21558.0,343.0
2015-06-03,21410.0,21465.0,21338.0,21390.0,281.0
2015-06-04,21410.0,21520.0,21410.0,21500.0,698.0
2015-06-05,21419.0,21433.0,21343.0,21343.0,144.0
2015-06-08,21480.0,21538.0,21438.0,21520.0,1371.0
2015-06-09,21299.0,21299.0,21245.0,21294.0,1031.0
2015-06-10,21299.0,21309.0,21087.0,21087.0,229.0
2015-06-11,21362.0,21424.0,21230.0,21314.0,179.0
2015-06-12,21703.0,21703.0,21294.0,21441.0,649.0
2015-06-15,21123.0,21294.0,21123.0,21294.0,115.0
2015-06-16,21245.0,21245.0,21185.0,21235.0,667.0
2015-06-17,21405.0,21405.0,21338.0,21390.0,89.0
2015-06-18,21366.0,21366.0,21176.0,21181.0,149.0
2015-06-19,21424.0,21485.0,21424.0,21480.0,66.0
2015-06-22,21774.0,21774.0,21260.0,21279.0,399.0
2015-06-23,21533.0,21622.0,21461.0,21622.0,243.0
2015-06-24,21500.0,21642.0,21500.0,21642.0,65.0
2015-06-25,21415.0,21642.0,21415.0,21578.0,252.0
2015-06-26,21558.0,21603.0,21520.0,21553.0,847.0
2015-06-29,21451.0,21451.0,21274.0,21353.0,333.0
2015-06-30,21038.0,21096.0,20987.0,21029.0,404.0
2015-07-01,20957.0,21220.0,20957.0,21133.0,581.0
2015-07-02,21200.0,21385.0,21200.0,21333.0,435.0
2015-07-03,21333.0,21348.0,21220.0,21348.0,508.0
2015-07-06,21328.0,21328.0,21110.0,21176.0,308.0
2015-07-07,21362.0,21485.0,21362.0,21470.0,257.0
2015-07-08,21294.0,21533.0,21294.0,21446.0,572.0
2015-07-09,21185.0,21375.0,21185.0,21348.0,243.0
2015-07-10,21250.0,21338.0,21225.0,21333.0,475.0
2015-07-13,21118.0,21470.0,21118.0,21419.0,13673.0
2015-07-14,21784.0,22046.0,21105.0,22046.0,1122.0
2015-07-15,22139.0,22184.0,22111.0,22184.0,747.0
2015-07-16,22096.0,22341.0,22096.0,22341.0,221.0
2015-07-17,22595.0,22707.0,22595.0,22644.0,1927.0
2015-07-20,22988.0,23084.0,22988.0,23069.0,1094.0
2015-07-21,23190.0,23304.0,23190.0,23304.0,949.0
2015-07-22,23234.0,23234.0,22814.0,22824.0,414.0
2015-07-23,23094.0,23200.0,23044.0,23200.0,124.0
2015-07-24,22958.0,23112.0,22958.0,23108.0,558.0
2015-07-27,22824.0,22948.0,22755.0,22837.0,745.0
2015-07-28,22620.0,22684.0,22605.0,22639.0,1303.0
2015-07-29,22629.0,22662.0,22615.0,22662.0,229.0
2015-07-30,22717.0,22978.0,22717.0,22978.0,391.0
2015-07-31,23059.0,23112.0,23007.0,23099.0,659.0
2015-08-03,23039.0,23039.0,22834.0,22914.0,789.0
2015-08-04,22909.0,22978.0,22909.0,22919.0,195.0
2015-08-05,22819.0,23079.0,22819.0,23049.0,1021.0
2015-08-06,23166.0,23166.0,22958.0,22958.0,1512.0
2015-08-07,22634.0,22731.0,22577.0,22731.0,110.0
2015-08-10,22595.0,22684.0,22595.0,22652.0,403.0
2015-08-11,22795.0,23074.0,22770.0,23069.0,830.0
2015-08-12,22861.0,22978.0,22861.0,22928.0,855.0
2015-08-13,23099.0,23099.0,22750.0,22881.0,430.0
2015-08-17,22896.0,22998.0,22896.0,22998.0,29.0
2015-08-18,23224.0,23254.0,23200.0,23234.0,585.0
2015-08-19,23039.0,23117.0,23034.0,23054.0,71.0
2015-08-20,22834.0,23034.0,22834.0,22968.0,82.0
2015-08-21,22267.0,22416.0,22267.0,22365.0,290.0
2015-08-24,21675.0,21675.0,20642.0,20767.0,9387.0
2015-08-25,20861.0,21185.0,20833.0,20920.0,2829.0
2015-08-26,20671.0,20777.0,20254.0,20752.0,3697.0
2015-08-27,21289.0,21583.0,21289.0,21500.0,5970.0
2015-08-28,22001.0,22001.0,21727.0,21779.0,4077.0
2015-08-31,21832.0,21842.0,21703.0,21837.0,1468.0
2015-09-01,21774.0,21774.0,21087.0,21087.0,4889.0
2015-09-02,20901.0,21195.0,20901.0,21195.0,17825.0
2015-09-03,21538.0,21760.0,21538.0,21717.0,606.0
2015-09-04,21750.0,21750.0,21441.0,21495.0,199.0
2015-09-07,21568.0,21870.0,21568.0,21731.0,772.0
2015-09-08,21870.0,21870.0,21661.0,21661.0,91.0
2015-09-09,22106.0,22214.0,22050.0,22189.0,225.0
2015-09-10,21797.0,21934.0,21784.0,21934.0,164.0
2015-09-11,21934.0,21934.0,21934.0,21934.0,1024.0
2015-09-14,21958.0,22011.0,21944.0,22011.0,576.0
2015-09-15,21953.0,21953.0,21842.0,21901.0,5453.0
2015-09-16,22135.0,22135.0,22016.0,22016.0,2127.0
2015-09-17,22026.0,22026.0,21911.0,21911.0,1214.0
2015-09-18,21996.0,22086.0,21949.0,21949.0,285.0
2015-09-21,21755.0,21774.0,21588.0,21774.0,124.0
2015-09-22,21901.0,21958.0,21817.0,21953.0,249.0
2015-09-23,21699.0,21699.0,21637.0,21661.0,20.0
2015-09-24,21901.0,21982.0,21837.0,21837.0,51.0
2015-09-25,21897.0,21949.0,21897.0,21920.0,603.0
2015-09-30,20972.0,21087.0,20920.0,21005.0,3158.0
2015-10-01,21200.0,21419.0,21200.0,21400.0,626.0
2015-10-02,21299.0,21348.0,21284.0,21299.0,62.0
2015-10-05,21573.0,21666.0,21415.0,21558.0,574.0
2015-10-06,21764.0,21764.0,21642.0,21642.0,13.0
2015-10-07,21622.0,21642.0,21433.0,21603.0,40.0
2015-10-08,21680.0,21680.0,21451.0,21451.0,147.0
2015-10-12,21670.0,21670.0,21495.0,21520.0,31.0
2015-10-13,21622.0,21622.0,21548.0,21598.0,74.0
2015-10-14,21400.0,21533.0,21400.0,21415.0,600.0
2015-10-15,21400.0,21400.0,21294.0,21304.0,120.0
2015-10-16,21385.0,21475.0,21385.0,21470.0,57.0
2015-10-19,21505.0,21505.0,21309.0,21362.0,299.0
2015-10-20,21524.0,22006.0,21269.0,21603.0,21080.0
2015-10-21,21603.0,21675.0,21419.0,21675.0,1039.0
2015-10-22,21510.0,21656.0,21510.0,21533.0,168.0
2015-10-23,21901.0,21911.0,21736.0,21860.0,106.0
2015-10-26,22408.0,22553.0,22365.0,22421.0,1030.0
2015-10-27,22399.0,22451.0,22321.0,22321.0,107.0
2015-10-28,22530.0,22548.0,22525.0,22525.0,41.0
2015-10-29,22615.0,22842.0,22615.0,22755.0,376.0
2015-10-30,22543.0,22886.0,22543.0,22886.0,1807.0
2015-11-02,22543.0,22746.0,22543.0,22610.0,2619.0
2015-11-03,22909.0,22914.0,22775.0,22829.0,205.0
2015-11-04,22426.0,22923.0,22426.0,22891.0,2463.0
2015-11-05,22978.0,23044.0,22978.0,23044.0,238.0
2015-11-06,22746.0,23016.0,22746.0,22958.0,116.0
2015-11-09,22684.0,23462.0,22684.0,23462.0,1363.0
2015-11-10,23020.0,23254.0,23020.0,23224.0,451.0
2015-11-11,23166.0,23166.0,23003.0,23003.0,426.0
2015-11-12,23588.0,23588.0,22983.0,23122.0,100.0
2015-11-13,22421.0,23443.0,22421.0,22909.0,386.0
2015-11-16,22600.0,22634.0,22543.0,22605.0,164.0
2015-11-17,22943.0,23024.0,22943.0,23016.0,1030.0
2015-11-18,23029.0,23069.0,22943.0,22943.0,251.0
2015-11-19,23324.0,23375.0,23254.0,23304.0,192.0
2015-11-20,22993.0,23219.0,22993.0,23132.0,522.0
2015-11-23,23475.0,23475.0,23324.0,23404.0,95.0
2015-11-24,23309.0,23309.0,23190.0,23209.0,881.0
2015-11-25,23049.0,23089.0,22953.0,23020.0,369.0
2015-11-26,23024.0,23112.0,23024.0,23112.0,536.0
2015-11-27,23214.0,23214.0,23166.0,23209.0,718.0
2015-11-30,23268.0,23342.0,23263.0,23309.0,243.0
2015-12-01,23380.0,23404.0,23329.0,23394.0,307.0
2015-12-02,23692.0,23692.0,22876.0,23598.0,1595.0
2015-12-03,23598.0,23625.0,23558.0,23558.0,509.0
2015-12-04,22968.0,23029.0,22933.0,22988.0,2550.0
2015-12-07,23553.0,23672.0,23553.0,23672.0,1886.0
2015-12-08,23692.0,23692.0,23598.0,23692.0,522.0
2015-12-09,23821.0,23902.0,23821.0,23902.0,52.0
2015-12-10,23504.0,23606.0,23443.0,23606.0,32.0
2015-12-11,23606.0,23645.0,23606.0,23645.0,269.0
2015-12-14,23234.0,23258.0,23195.0,23258.0,242.0
2015-12-15,23413.0,23413.0,23291.0,23319.0,1307.0
2015-12-16,23296.0,23366.0,23296.0,23357.0,586.0
2015-12-17,23598.0,23667.0,23578.0,23650.0,74.0
2015-12-18,23462.0,23462.0,23357.0,23385.0,479.0
2015-12-21,22993.0,23029.0,22953.0,23029.0,276.0
2015-12-22,23568.0,23568.0,23059.0,23084.0,690.0
2015-12-23,23588.0,23588.0,23103.0,23171.0,280.0
2015-12-24,23418.0,23418.0,23249.0,23263.0,264.0
2015-12-28,23263.0,23273.0,23195.0,23254.0,859.0
2015-12-29,23214.0,23301.0,23205.0,23301.0,96.0
2015-12-30,23399.0,23700.0,23399.0,23687.0,148.0
2016-01-04,23687.0,23687.0,23146.0,23254.0,13901.0
2016-01-05,23254.0,23254.0,22958.0,23039.0,3256.0
2016-01-06,23003.0,23003.0,22760.0,22938.0,602.0
2016-01-07,22983.0,22983.0,22620.0,22620.0,311.0
2016-01-08,22282.0,22490.0,22174.0,22441.0,1474.0
2016-01-11,22648.0,22648.0,22055.0,22223.0,773.0
2016-01-12,22252.0,22326.0,22218.0,22218.0,1800.0
2016-01-13,22563.0,22707.0,22563.0,22675.0,859.0
2016-01-14,22355.0,22355.0,21740.0,21944.0,1427.0
2016-01-15,22252.0,22252.0,22050.0,22184.0,591.0
2016-01-18,22059.0,22059.0,21583.0,21685.0,2147.0
2016-01-19,21617.0,21745.0,21583.0,21745.0,139.0
2016-01-20,22059.0,22059.0,21250.0,21250.0,1227.0
2016-01-21,21309.0,21760.0,21309.0,21553.0,357.0
2016-01-22,21533.0,21680.0,21485.0,21680.0,460.0
2016-01-25,21774.0,21977.0,21774.0,21870.0,778.0
2016-01-26,22046.0,22046.0,21656.0,21717.0,92.0
2016-01-27,21703.0,21802.0,21685.0,21802.0,211.0
2016-01-28,21583.0,21670.0,21563.0,21637.0,431.0
2016-01-29,21870.0,21934.0,21699.0,21760.0,65.0
2016-02-01,21812.0,22257.0,21812.0,22050.0,1680.0
2016-02-02,22086.0,22086.0,22021.0,22031.0,330.0
2016-02-03,21888.0,21929.0,21717.0,21929.0,516.0
2016-02-04,21656.0,21764.0,21617.0,21722.0,165.0
2016-02-05,21338.0,21500.0,21314.0,21451.0,607.0
2016-02-11,21451.0,21451.0,20239.0,20453.0,1777.0
2016-02-12,20534.0,20786.0,20534.0,20730.0,426.0
2016-02-15,21100.0,21250.0,21063.0,21250.0,214.0
2016-02-16,21314.0,21647.0,21314.0,21647.0,833.0
2016-02-17,21690.0,21703.0,21553.0,21583.0,717.0
2016-02-18,21870.0,22307.0,21870.0,22237.0,891.0
2016-02-19,22247.0,22247.0,22059.0,22159.0,674.0
2016-02-22,22154.0,22287.0,22154.0,22257.0,696.0
2016-02-23,22403.0,22408.0,22312.0,22321.0,315.0
2016-02-24,22154.0,22169.0,22073.0,22106.0,22.0
2016-02-25,22403.0,22441.0,22403.0,22441.0,497.0
2016-02-26,22446.0,22662.0,22446.0,22662.0,349.0
2016-02-29,22824.0,22824.0,22441.0,22441.0,1031.0
2016-03-02,22923.0,23151.0,22901.0,23039.0,692.0
2016-03-03,22866.0,22866.0,22780.0,22805.0,2605.0
2016-03-04,22829.0,22829.0,22471.0,22471.0,1379.0
2016-03-07,22515.0,22515.0,22326.0,22389.0,533.0
2016-03-08,22312.0,22326.0,22252.0,22316.0,932.0
2016-03-09,22262.0,22441.0,22262.0,22436.0,196.0
2016-03-10,22446.0,22446.0,22277.0,22282.0,562.0
2016-03-11,22446.0,22446.0,22214.0,22247.0,547.0
2016-03-14,22697.0,22697.0,22237.0,22316.0,1399.0
2016-03-15,22426.0,22426.0,22292.0,22331.0,425.0
2016-03-16,22490.0,22515.0,22441.0,22476.0,217.0
2016-03-17,22277.0,22426.0,22277.0,22341.0,2183.0
2016-03-18,22446.0,22446.0,21982.0,22069.0,1688.0
2016-03-21,22446.0,22446.0,22021.0,22073.0,502.0
2016-03-22,22204.0,22242.0,21982.0,22031.0,389.0
2016-03-23,22144.0,22199.0,22111.0,22199.0,376.0
2016-03-24,22199.0,22199.0,22101.0,22125.0,92.0
2016-03-25,22130.0,22282.0,22130.0,22282.0,475.0
2016-03-28,22297.0,22345.0,22247.0,22247.0,269.0
2016-03-29,22101.0,22116.0,22055.0,22069.0,2046.0
2016-03-30,22446.0,22446.0,22149.0,22204.0,741.0
2016-03-31,22179.0,22179.0,22106.0,22111.0,1564.0
2016-04-01,22064.0,22194.0,22055.0,22194.0,2415.0
2016-04-04,22341.0,22446.0,22341.0,22441.0,2131.0
2016-04-05,22953.0,22953.0,22408.0,22426.0,494.0
2016-04-06,22446.0,22451.0,22326.0,22389.0,238.0
2016-04-07,22595.0,22639.0,22486.0,22548.0,1023.0
2016-04-08,22421.0,22421.0,22312.0,22321.0,468.0
2016-04-11,22199.0,22204.0,22086.0,22154.0,363.0
2016-04-12,22154.0,22154.0,21953.0,21996.0,684.0
2016-04-14,22610.0,22684.0,22495.0,22684.0,1866.0
2016-04-15,22675.0,22675.0,22553.0,22563.0,234.0
2016-04-18,22495.0,22495.0,22375.0,22403.0,162.0
2016-04-19,22530.0,22581.0,22408.0,22466.0,607.0
2016-04-20,22101.0,22144.0,22016.0,22144.0,1331.0
2016-04-21,22130.0,22247.0,22130.0,22247.0,239.0
2016-04-22,22446.0,22446.0,22262.0,22277.0,25.0
2016-04-25,22421.0,22421.0,22116.0,22164.0,1146.0
2016-04-26,22144.0,22262.0,22144.0,22164.0,26.0
2016-04-27,21870.0,21878.0,21727.0,21842.0,1198.0
2016-04-28,21842.0,21915.0,21647.0,21647.0,3601.0
2016-04-29,21461.0,21553.0,21323.0,21470.0,2202.0
2016-05-02,21390.0,21410.0,21284.0,21294.0,1607.0
2016-05-03,21680.0,21680.0,21390.0,21446.0,1963.0
2016-05-04,21510.0,21603.0,21510.0,21603.0,293.0
2016-05-09,21817.0,21817.0,21675.0,21802.0,841.0
2016-05-10,21929.0,22059.0,21929.0,22041.0,782.0
2016-05-11,22059.0,22204.0,22059.0,22135.0,1907.0
2016-05-12,21958.0,21972.0,21915.0,21929.0,112.0
2016-05-13,22055.0,22055.0,21792.0,21855.0,353.0
2016-05-16,21911.0,21962.0,21911.0,21939.0,171.0
2016-05-17,22059.0,22159.0,22059.0,22130.0,229.0
2016-05-18,22059.0,22081.0,22036.0,22059.0,32.0
2016-05-19,22292.0,22331.0,22257.0,22267.0,307.0
2016-05-20,22267.0,22267.0,22036.0,22267.0,325.0
2016-05-23,22272.0,22321.0,22267.0,22282.0,286.0
2016-05-24,22282.0,22370.0,22282.0,22370.0,578.0
2016-05-25,22775.0,22856.0,22736.0,22765.0,1327.0
2016-05-26,22800.0,22876.0,22760.0,22819.0,1699.0
2016-05-27,22819.0,22881.0,22819.0,22876.0,2809.0
2016-05-30,23020.0,23304.0,23020.0,23291.0,2725.0
2016-05-31,23108.0,23319.0,23108.0,23319.0,3969.0
2016-06-01,23470.0,23470.0,23209.0,23338.0,2081.0
2016-06-02,23249.0,23273.0,23099.0,23099.0,1663.0
2016-06-03,23836.0,23836.0,23156.0,23166.0,1449.0
2016-06-07,23268.0,23268.0,22707.0,22736.0,1772.0
2016-06-08,22563.0,22577.0,22481.0,22530.0,1290.0
2016-06-09,22814.0,22814.0,22486.0,22510.0,2468.0
2016-06-10,22510.0,22644.0,22510.0,22625.0,1933.0
2016-06-13,22505.0,22535.0,22471.0,22520.0,633.0
2016-06-14,22394.0,22394.0,22321.0,22370.0,4248.0
2016-06-15,22399.0,22495.0,22399.0,22421.0,972.0
2016-06-16,22272.0,22272.0,22120.0,22159.0,1351.0
2016-06-17,22375.0,22446.0,22316.0,22412.0,1015.0
2016-06-20,22209.0,22242.0,22159.0,22164.0,1865.0
2016-06-21,22568.0,22568.0,22011.0,22021.0,566.0
2016-06-22,21996.0,21996.0,21934.0,21987.0,342.0
2016-06-23,21987.0,21992.0,21934.0,21967.0,31395.0
2016-06-24,22036.0,22073.0,21495.0,21642.0,3191.0
2016-06-27,21870.0,21870.0,21617.0,21755.0,1629.0
2016-06-28,21588.0,21593.0,21475.0,21515.0,2042.0
2016-06-29,21548.0,21656.0,21548.0,21588.0,1959.0
2016-06-30,21870.0,21870.0,21685.0,21712.0,1634.0
2016-07-01,21870.0,21870.0,21842.0,21842.0,431.0
2016-07-04,21842.0,21996.0,21842.0,21996.0,121.0
2016-07-05,21996.0,22041.0,21996.0,22021.0,265.0
2016-07-06,22021.0,22059.0,21977.0,22059.0,1573.0
2016-07-07,22154.0,22227.0,22135.0,22209.0,203.0
2016-07-08,21920.0,22355.0,21920.0,22272.0,810.0
2016-07-11,22282.0,22495.0,22282.0,22495.0,754.0
2016-07-12,22553.0,22615.0,22515.0,22615.0,389.0
2016-07-13,22639.0,22652.0,22563.0,22644.0,572.0
2016-07-14,22615.0,22615.0,22486.0,22505.0,290.0
2016-07-15,22505.0,22520.0,22403.0,22510.0,86.0
2016-07-18,22515.0,22595.0,22451.0,22490.0,94.0
2016-07-19,22615.0,22707.0,22615.0,22707.0,245.0
2016-07-20,22697.0,22707.0,22639.0,22670.0,480.0
2016-07-21,22886.0,22988.0,22886.0,22896.0,538.0
2016-07-22,22736.0,22837.0,22736.0,22736.0,982.0
2016-07-25,22819.0,23007.0,22819.0,22891.0,789.0
2016-07-26,22365.0,22993.0,22365.0,22938.0,1394.0
2016-07-27,22938.0,23020.0,22928.0,23020.0,1312.0
2016-07-28,23020.0,23020.0,22856.0,22856.0,624.0
2016-07-29,22856.0,22968.0,22755.0,22755.0,1484.0
2016-08-01,22755.0,22824.0,22670.0,22765.0,495.0
2016-08-02,22712.0,22919.0,22712.0,22846.0,232.0
2016-08-03,22707.0,22717.0,22590.0,22670.0,865.0
2016-08-04,22727.0,22727.0,22644.0,22693.0,397.0
2016-08-05,22707.0,22750.0,22707.0,22717.0,836.0
2016-08-08,23029.0,23044.0,22923.0,22938.0,768.0
2016-08-09,22731.0,22923.0,22731.0,22851.0,1052.0
2016-08-10,22953.0,22953.0,22644.0,22702.0,748.0
2016-08-11,22644.0,22800.0,22610.0,22712.0,159.0
2016-08-12,22712.0,22834.0,22712.0,22800.0,852.0
2016-08-16,22800.0,22819.0,22775.0,22780.0,403.0
2016-08-17,22750.0,23003.0,22684.0,22943.0,500.0
2016-08-18,22943.0,23020.0,22866.0,22988.0,919.0
2016-08-19,22834.0,23214.0,22834.0,23205.0,485.0
2016-08-22,23205.0,23329.0,23205.0,23277.0,926.0
2016-08-23,23186.0,23304.0,23186.0,23254.0,472.0
2016-08-24,23181.0,23404.0,23181.0,23286.0,297.0
2016-08-25,23239.0,23239.0,23117.0,23117.0,119.0
2016-08-26,23112.0,23112.0,22938.0,22963.0,237.0
2016-08-29,22963.0,23249.0,22963.0,23249.0,2232.0
2016-08-30,23268.0,23268.0,23094.0,23205.0,394.0
2016-08-31,23137.0,23146.0,23069.0,23079.0,312.0
2016-09-01,23079.0,23229.0,23054.0,23229.0,1721.0
2016-09-02,23229.0,23229.0,23108.0,23156.0,434.0
2016-09-05,23156.0,23156.0,23020.0,23020.0,726.0
2016-09-06,23404.0,23404.0,22905.0,22968.0,190.0
2016-09-07,23214.0,23214.0,22800.0,22805.0,376.0
2016-09-08,22780.0,22886.0,22780.0,22871.0,45.0
2016-09-09,22856.0,22856.0,22760.0,22810.0,833.0
2016-09-12,22810.0,22810.0,22321.0,22379.0,1226.0
2016-09-13,22639.0,23007.0,22639.0,23007.0,1202.0
2016-09-19,23020.0,23385.0,23007.0,23314.0,644.0
2016-09-20,23314.0,23314.0,23151.0,23190.0,56.0
2016-09-21,23186.0,23357.0,23112.0,23357.0,760.0
2016-09-22,23357.0,23404.0,23029.0,23171.0,805.0
2016-09-23,23244.0,23357.0,23244.0,23352.0,583.0
2016-09-26,23836.0,23836.0,23146.0,23209.0,141.0
2016-09-27,23171.0,23176.0,22983.0,23024.0,548.0
2016-09-28,23099.0,23099.0,23012.0,23020.0,1012.0
2016-09-29,23132.0,23214.0,23117.0,23214.0,283.0
2016-09-30,23020.0,23020.0,22876.0,22923.0,341.0
2016-10-04,23214.0,23268.0,23156.0,23200.0,1385.0
2016-10-05,23319.0,23404.0,23319.0,23404.0,812.0
2016-10-06,23404.0,23519.0,23404.0,23457.0,2679.0
2016-10-07,23457.0,23480.0,23352.0,23385.0,176.0
2016-10-10,23404.0,23433.0,23268.0,23296.0,490.0
2016-10-11,23296.0,23655.0,23296.0,23655.0,4136.0
2016-10-12,23692.0,23692.0,23452.0,23485.0,196.0
2016-10-13,23538.0,23538.0,23309.0,23452.0,701.0
2016-10-14,23452.0,23598.0,23361.0,23598.0,391.0
2016-10-17,23655.0,23667.0,23578.0,23645.0,253.0
2016-10-18,23588.0,23621.0,23485.0,23573.0,445.0
2016-10-19,23573.0,23573.0,23418.0,23418.0,654.0
2016-10-20,23563.0,23563.0,23519.0,23519.0,106.0
2016-10-21,23500.0,23692.0,23500.0,23655.0,13840.0
2016-10-24,23754.0,23879.0,23754.0,23789.0,2194.0
2016-10-25,23883.0,24226.0,23883.0,24144.0,2308.0
2016-10-26,23855.0,23883.0,23739.0,23879.0,347.0
2016-10-27,23650.0,23931.0,23650.0,23931.0,183.0
2016-10-28,23979.0,24019.0,23931.0,23931.0,14970.0
2016-10-31,23812.0,23892.0,23667.0,23892.0,44.0
2016-11-01,23892.0,23892.0,23692.0,23784.0,778.0
2016-11-02,23789.0,23789.0,23509.0,23524.0,1374.0
2016-11-03,23394.0,23394.0,23117.0,23117.0,1529.0
2016-11-04,23309.0,23309.0,23127.0,23195.0,44.0
2016-11-07,23334.0,23443.0,23314.0,23428.0,1198.0
2016-11-08,23563.0,23563.0,23413.0,23448.0,2184.0
2016-11-09,23059.0,23598.0,22780.0,22805.0,1771.0
2016-11-10,23598.0,24216.0,23598.0,24216.0,1430.0
2016-11-11,24268.0,24268.0,23696.0,23850.0,1135.0
2016-11-14,23850.0,24259.0,23850.0,24245.0,1278.0
2016-11-15,24245.0,24245.0,23635.0,23865.0,1929.0
2016-11-16,24362.0,24362.0,24042.0,24172.0,1356.0
2016-11-17,24172.0,24460.0,24172.0,24460.0,1606.0
2016-11-18,24555.0,24726.0,24555.0,24691.0,883.0
2016-11-21,24663.0,24711.0,24516.0,24711.0,427.0
2016-11-22,24653.0,24823.0,24653.0,24823.0,287.0
2016-11-23,24833.0,24879.0,24756.0,24879.0,432.0
2016-11-24,24836.0,24869.0,24769.0,24833.0,605.0
2016-11-25,24833.0,24922.0,24751.0,24833.0,375.0
2016-11-28,24706.0,24706.0,24584.0,24701.0,891.0
2016-11-29,24701.0,24701.0,24479.0,24604.0,76.0
2016-11-30,24604.0,24711.0,24580.0,24711.0,2376.0
2016-12-01,24711.0,24711.0,24335.0,24335.0,343.0
2016-12-02,24061.0,24061.0,23779.0,24019.0,3489.0
2016-12-05,24741.0,24741.0,23892.0,24061.0,7653.0
2016-12-06,24172.0,24236.0,24172.0,24211.0,163.0
2016-12-07,24221.0,24340.0,24211.0,24273.0,866.0
2016-12-08,24430.0,24450.0,24273.0,24445.0,343.0
2016-12-09,24406.0,24565.0,24359.0,24565.0,362.0
2016-12-12,24691.0,24879.0,24614.0,24731.0,506.0
2016-12-13,24731.0,24731.0,24479.0,24667.0,486.0
2016-12-14,24672.0,25050.0,24672.0,25050.0,719.0
2016-12-15,25050.0,25251.0,25050.0,25154.0,396.0
2016-12-16,25063.0,25343.0,25063.0,25334.0,749.0
2016-12-19,25309.0,25309.0,25222.0,25265.0,2442.0
2016-12-20,25073.0,25529.0,25073.0,25406.0,291.0
2016-12-21,25406.0,25641.0,25406.0,25589.0,328.0
2016-12-22,25543.0,25689.0,25529.0,25689.0,333.0
2016-12-23,25735.0,25735.0,25634.0,25689.0,690.0
2016-12-26,26435.0,26435.0,25539.0,25685.0,1675.0
2016-12-27,26091.0,26091.0,25651.0,25857.0,673.0
2016-12-28,25857.0,26032.0,25857.0,26022.0,3454.0
2016-12-29,25973.0,25973.0,25699.0,25699.0,808.0
2017-01-02,25717.0,25717.0,25406.0,25579.0,583.0
2017-01-03,25579.0,25646.0,25460.0,25646.0,2007.0
2017-01-04,25694.0,25740.0,25614.0,25721.0,1092.0
2017-01-05,25604.0,25604.0,25426.0,25426.0,917.0
2017-01-06,25406.0,25614.0,25401.0,25557.0,318.0
2017-01-09,25604.0,26190.0,25604.0,26190.0,754.0
2017-01-10,26136.0,26136.0,25895.0,25899.0,1940.0
2017-01-11,25862.0,26205.0,25862.0,26126.0,240.0
2017-01-12,26175.0,26175.0,25806.0,25862.0,1299.0
2017-01-13,25772.0,25802.0,25717.0,25740.0,204.0
2017-01-16,25758.0,25810.0,25758.0,25810.0,127.0
2017-01-17,25810.0,25968.0,25713.0,25713.0,1165.0
2017-01-18,25661.0,25661.0,25441.0,25514.0,887.0
2017-01-19,25552.0,25838.0,25504.0,25758.0,1097.0
2017-01-20,25933.0,25933.0,25624.0,25680.0,1852.0
2017-01-23,25933.0,25933.0,25470.0,25470.0,530.0
2017-01-24,25543.0,25584.0,25519.0,25543.0,604.0
2017-01-25,25763.0,25890.0,25713.0,25810.0,161.0
2017-01-26,25857.0,25963.0,25802.0,25943.0,1126.0
2017-01-31,25943.0,25992.0,25753.0,25763.0,1525.0
2017-02-01,25763.0,25763.0,25629.0,25753.0,440.0
2017-02-02,25717.0,25735.0,25470.0,25514.0,1497.0
2017-02-03,26256.0,26256.0,25013.0,25609.0,2434.0
2017-02-06,25634.0,25634.0,25391.0,25456.0,1698.0
2017-02-07,25456.0,25689.0,25456.0,25656.0,1018.0
2017-02-08,25656.0,25772.0,25656.0,25772.0,159.0
2017-02-09,25852.0,25852.0,25709.0,25792.0,438.0
2017-02-10,25953.0,26042.0,25918.0,26042.0,1862.0
2017-02-13,26091.0,26131.0,25938.0,26131.0,859.0
2017-02-14,26195.0,26195.0,25913.0,25913.0,864.0
2017-02-15,26101.0,26160.0,26022.0,26042.0,2699.0
2017-02-16,26042.0,26256.0,26042.0,26256.0,280.0
2017-02-17,26256.0,26298.0,26228.0,26298.0,2287.0
2017-02-20,26407.0,26553.0,26361.0,26548.0,1597.0
2017-02-21,26548.0,26548.0,26332.0,26500.0,1370.0
2017-02-22,26524.0,26543.0,26455.0,26543.0,270.0
2017-02-23,26495.0,26495.0,26294.0,26389.0,2266.0
2017-02-24,26185.0,26210.0,26047.0,26131.0,1105.0
2017-02-27,26180.0,26298.0,26146.0,26298.0,366.0
2017-02-28,26233.0,26332.0,26210.0,26223.0,1032.0
2017-03-02,26455.0,26765.0,26455.0,26676.0,2601.0
2017-03-03,26628.0,26836.0,26582.0,26836.0,975.0
2017-03-06,26789.0,26934.0,26740.0,26934.0,316.0
2017-03-07,26859.0,26894.0,26695.0,26695.0,1428.0
2017-03-08,26261.0,26651.0,26261.0,26592.0,1450.0
2017-03-09,26638.0,26947.0,26638.0,26947.0,211.0
2017-03-10,26914.0,27078.0,26914.0,26975.0,309.0
2017-03-13,26944.0,26944.0,26750.0,26750.0,700.0
2017-03-14,26894.0,26894.0,26755.0,26846.0,520.0
2017-03-15,26957.0,26957.0,26725.0,26760.0,451.0
2017-03-16,26609.0,26700.0,26582.0,26690.0,598.0
2017-03-17,26690.0,26740.0,26475.0,26599.0,611.0
2017-03-20,26599.0,26599.0,26238.0,26303.0,1346.0
2017-03-21,25918.0,26280.0,25918.0,26280.0,1204.0
2017-03-22,26101.0,26151.0,25857.0,25909.0,1210.0
2017-03-23,26146.0,26156.0,25992.0,26146.0,144.0
2017-03-24,26156.0,26185.0,26141.0,26146.0,83.0
2017-03-27,26661.0,26661.0,25694.0,25694.0,1401.0
2017-03-28,26280.0,26280.0,25943.0,25992.0,234.0
2017-03-29,26346.0,26351.0,26096.0,26205.0,1237.0
2017-03-30,26351.0,26351.0,26205.0,26351.0,1492.0
2017-03-31,26351.0,26407.0,26327.0,26336.0,517171.0
2017-04-03,26407.0,26407.0,26223.0,26384.0,1172.0
2017-04-04,26407.0,26407.0,26223.0,26238.0,412.0
2017-04-05,26412.0,26475.0,26394.0,26475.0,657.0
2017-04-06,26455.0,26572.0,26361.0,26435.0,868.0
2017-04-07,26500.0,26618.0,26495.0,26618.0,539.0
2017-04-10,26618.0,26894.0,26618.0,26889.0,2217.0
2017-04-11,26490.0,26989.0,26490.0,26939.0,1275.0
2017-04-12,26939.0,26939.0,26710.0,26720.0,1393.0
2017-04-13,26500.0,26548.0,26285.0,26394.0,1805.0
2017-04-14,26356.0,26403.0,26285.0,26370.0,357.0
2017-04-17,26765.0,26765.0,26228.0,26380.0,1585.0
2017-04-18,26495.0,26794.0,26495.0,26794.0,983.0
2017-04-19,26577.0,26705.0,26572.0,26705.0,147.0
2017-04-20,26817.0,26817.0,26705.0,26750.0,266.0
2017-04-21,26680.0,26934.0,26680.0,26826.0,1107.0
2017-04-24,26947.0,26947.0,26799.0,26929.0,1362.0
2017-04-25,26957.0,27078.0,26934.0,26971.0,2060.0
2017-04-26,27078.0,27175.0,26947.0,27092.0,1692.0
2017-04-27,27092.0,27218.0,27083.0,27218.0,461.0
2017-04-28,27243.0,27421.0,27175.0,27416.0,2848.0
2017-05-02,27769.0,27769.0,27469.0,27627.0,2489.0
2017-05-04,27579.0,27703.0,27416.0,27632.0,1628.0
2017-05-08,27637.0,27774.0,27637.0,27703.0,808.0
2017-05-10,27703.0,27972.0,27703.0,27972.0,1429.0
2017-05-11,27982.0,27982.0,27778.0,27802.0,1802.0
2017-05-12,27802.0,27802.0,27627.0,27723.0,1808.0
2017-05-15,27814.0,27834.0,27723.0,27778.0,707.0
2017-05-16,27723.0,27723.0,27627.0,27627.0,1745.0
2017-05-17,27651.0,27688.0,27512.0,27565.0,1440.0
2017-05-18,27469.0,27469.0,27146.0,27268.0,3377.0
2017-05-19,27233.0,27612.0,27233.0,27565.0,1919.0
2017-05-22,27769.0,27769.0,27345.0,27522.0,2253.0
2017-05-23,27537.0,27769.0,27532.0,27761.0,761.0
2017-05-24,27814.0,27903.0,27761.0,27889.0,401.0
2017-05-25,27913.0,27913.0,27792.0,27913.0,1287.0
2017-05-26,27913.0,28158.0,27913.0,28158.0,2739.0
2017-05-29,28158.0,28237.0,28070.0,28237.0,1949.0
2017-05-30,28237.0,28288.0,28119.0,28288.0,489.0
2017-05-31,28204.0,28283.0,28153.0,28218.0,1342.0
2017-06-01,28218.0,28251.0,28153.0,28189.0,658.0
2017-06-02,28204.0,28441.0,28204.0,28441.0,3179.0
2017-06-05,28508.0,28575.0,28381.0,28550.0,3124.0
2017-06-07,28555.0,28575.0,28395.0,28575.0,1076.0
2017-06-08,28575.0,28769.0,28575.0,28689.0,1153.0
2017-06-09,28696.0,28711.0,28614.0,28711.0,2292.0
2017-06-12,28488.0,28488.0,27903.0,28006.0,4839.0
2017-06-13,28006.0,28070.0,28006.0,28070.0,3148.0
2017-06-14,28094.0,28204.0,27913.0,28065.0,2141.0
2017-06-15,28065.0,28065.0,27761.0,27859.0,2829.0
2017-06-16,27859.0,28169.0,26247.0,28080.0,2494.0
2017-06-19,28080.0,28080.0,27864.0,28070.0,2637.0
2017-06-20,28283.0,28536.0,28279.0,28484.0,2684.0
2017-06-21,28488.0,28488.0,28241.0,28342.0,3290.0
2017-06-22,28550.0,28664.0,28503.0,28639.0,1293.0
2017-06-23,28639.0,28664.0,28484.0,28609.0,642.0
2017-06-26,28730.0,28730.0,28488.0,28706.0,3621.0
2017-06-27,28730.0,28730.0,28437.0,28455.0,1952.0
2017-06-28,28455.0,28455.0,28015.0,28114.0,2658.0
2017-06-29,28488.0,28498.0,28351.0,28493.0,6492.0
2017-06-30,28437.0,28437.0,27928.0,28030.0,4072.0
2017-07-03,28346.0,28346.0,27933.0,28158.0,957.0
2017-07-04,28158.0,28158.0,27807.0,27933.0,1883.0
2017-07-05,28204.0,28204.0,27792.0,27889.0,1465.0
2017-07-06,28204.0,28371.0,28099.0,28237.0,3501.0
2017-07-07,27962.0,28634.0,27962.0,28124.0,2277.0
2017-07-10,28629.0,28629.0,28208.0,28293.0,1529.0
2017-07-11,28298.0,28419.0,28298.0,28414.0,2194.0
2017-07-12,28414.0,28446.0,28313.0,28346.0,459.0
2017-07-13,28634.0,28659.0,28451.0,28555.0,3665.0
2017-07-14,28555.0,28639.0,28395.0,28488.0,3229.0
2017-07-17,28701.0,28701.0,28488.0,28619.0,1940.0
2017-07-18,28619.0,28619.0,28460.0,28464.0,899.0
2017-07-19,28508.0,28720.0,28479.0,28536.0,1367.0
2017-07-20,28730.0,28946.0,28725.0,28913.0,3097.0
2017-07-21,28923.0,28923.0,28669.0,28689.0,3300.0
2017-07-24,28777.0,28777.0,28565.0,28580.0,2336.0
2017-07-25,28749.0,28797.0,28701.0,28725.0,682.0
2017-07-26,28811.0,28811.0,28720.0,28787.0,630.0
2017-07-27,28787.0,28928.0,28787.0,28904.0,934.0
2017-07-28,28904.0,28904.0,28498.0,28595.0,2962.0
2017-07-31,28684.0,28816.0,28614.0,28674.0,1985.0
2017-08-01,28909.0,28909.0,28446.0,28711.0,855.0
2017-08-02,28711.0,29071.0,28711.0,29019.0,2753.0
2017-08-03,28970.0,28970.0,28806.0,28951.0,2538.0
2017-08-04,28951.0,28951.0,28706.0,28782.0,2084.0
2017-08-07,28869.0,28965.0,28787.0,28951.0,6935.0
2017-08-08,28970.0,29004.0,28855.0,28984.0,1499.0
2017-08-09,28984.0,29014.0,28951.0,29014.0,1045.0
2017-08-10,29086.0,29243.0,29086.0,29161.0,1032.0
2017-08-11,28684.0,28745.0,28619.0,28619.0,2003.0
2017-08-14,29196.0,29196.0,28850.0,29037.0,2007.0
2017-08-16,29037.0,29306.0,29037.0,29191.0,1945.0
2017-08-17,29306.0,29306.0,29076.0,29186.0,408.0
2017-08-18,29186.0,29186.0,28624.0,28820.0,3141.0
2017-08-21,28869.0,28869.0,28536.0,28619.0,2850.0
2017-08-22,28565.0,28684.0,28565.0,28649.0,739.0
2017-08-23,28874.0,28894.0,28740.0,28850.0,1003.0
2017-08-24,28634.0,28689.0,28575.0,28644.0,1113.0
2017-08-25,28865.0,28865.0,28585.0,28595.0,618.0
2017-08-28,28624.0,28624.0,28269.0,28283.0,2372.0
2017-08-29,28269.0,28409.0,28269.0,28356.0,368.0
2017-08-30,28684.0,28684.0,28527.0,28674.0,502.0
2017-08-31,28928.0,29091.0,28715.0,29091.0,7895.0
2017-09-01,29091.0,29258.0,29091.0,29234.0,2061.0
2017-09-04,29081.0,29297.0,29081.0,29181.0,4736.0
2017-09-05,29268.0,29351.0,29238.0,29238.0,5728.0
2017-09-06,29229.0,29293.0,29046.0,29288.0,1511.0
2017-09-07,29288.0,29288.0,29086.0,29171.0,1714.0
2017-09-08,29730.0,29730.0,29046.0,29166.0,920.0
2017-09-11,29166.0,29219.0,28984.0,29219.0,615.0
2017-09-12,29219.0,29391.0,29219.0,29336.0,1355.0
2017-09-13,29508.0,29508.0,29288.0,29326.0,1982.0
2017-09-14,29326.0,29538.0,29326.0,29538.0,838.0
2017-09-15,29538.0,29538.0,29306.0,29346.0,1140.0
2017-09-18,29442.0,29442.0,29346.0,29395.0,4607.0
2017-09-19,29566.0,29566.0,29234.0,29381.0,686.0
2017-09-20,29418.0,29418.0,29283.0,29346.0,1699.0
2017-09-21,29734.0,29734.0,29278.0,29326.0,718.0
2017-09-22,29326.0,29326.0,29024.0,29219.0,1845.0
2017-09-25,29547.0,29547.0,29100.0,29161.0,929.0
2017-09-26,28937.0,29019.0,28874.0,28994.0,3405.0
2017-09-27,28659.0,29124.0,28659.0,29115.0,2267.0
2017-09-28,29371.0,29693.0,29371.0,29679.0,4053.0
2017-09-29,29679.0,29679.0,29480.0,29538.0,1478.0
2017-10-10,29571.0,30047.0,29571.0,29932.0,4947.0
2017-10-11,29932.0,29990.0,29823.0,29927.0,3633.0
2017-10-12,30412.0,30412.0,29869.0,29947.0,7206.0
2017-10-13,29947.0,29947.0,29780.0,29790.0,1884.0
2017-10-16,30314.0,30314.0,29823.0,29899.0,5578.0
2017-10-17,29904.0,30076.0,29904.0,30076.0,1425.0
2017-10-18,30076.0,30100.0,30024.0,30066.0,2696.0
2017-10-19,30066.0,30100.0,30024.0,30047.0,5135.0
2017-10-20,30047.0,30100.0,29851.0,30044.0,2433.0
2017-10-23,30047.0,30129.0,29980.0,30009.0,7800.0
2017-10-24,30009.0,30009.0,29743.0,29753.0,2344.0
2017-10-25,29922.0,29922.0,29758.0,29767.0,962.0
2017-10-26,29585.0,29625.0,29542.0,29580.0,2185.0
2017-10-27,29767.0,29818.0,29664.0,29794.0,51116.0
2017-10-30,30240.0,30412.0,30235.0,30412.0,5860.0
2017-10-31,30372.0,30392.0,30235.0,30294.0,19744.0
2017-11-01,30294.0,30407.0,30264.0,30377.0,16239.0
2017-11-02,29846.0,30215.0,29846.0,30215.0,15517.0
2017-11-03,30235.0,30289.0,30095.0,30289.0,1142.0
2017-11-06,30445.0,30597.0,30339.0,30339.0,1696.0
2017-11-07,30349.0,30635.0,30349.0,30584.0,1870.0
2017-11-08,30584.0,30674.0,30584.0,30635.0,1973.0
2017-11-09,30908.0,30908.0,30645.0,30769.0,2004.0
2017-11-10,30769.0,30769.0,30602.0,30692.0,2045.0
2017-11-13,30692.0,30869.0,30626.0,30779.0,3892.0
2017-11-14,30829.0,30829.0,30697.0,30759.0,1596.0
2017-11-15,30759.0,30764.0,30412.0,30459.0,4120.0
2017-11-16,30459.0,30459.0,29985.0,30144.0,4506.0
2017-11-17,30159.0,30349.0,30144.0,30215.0,2014.0
2017-11-20,29884.0,30235.0,29884.0,30202.0,3571.0
2017-11-21,30304.0,30459.0,30071.0,30124.0,2553.0
2017-11-22,30650.0,30650.0,30264.0,30294.0,2759.0
2017-11-23,30294.0,30294.0,30110.0,30173.0,4045.0
2017-11-24,30260.0,30260.0,30100.0,30173.0,571.0
2017-11-27,30215.0,30344.0,30206.0,30274.0,2655.0
2017-11-28,30402.0,30402.0,30225.0,30255.0,4193.0
2017-11-29,30314.0,30487.0,30269.0,30487.0,1054.0
2017-11-30,30382.0,30382.0,29693.0,29693.0,6992.0
2017-12-01,30119.0,30119.0,29917.0,30061.0,1375.0
2017-12-04,30215.0,30215.0,30056.0,30192.0,4066.0
2017-12-05,30187.0,30187.0,29513.0,29576.0,3845.0
2017-12-06,29762.0,29772.0,29576.0,29698.0,783.0
2017-12-07,29772.0,30014.0,28269.0,30009.0,3385.0
2017-12-08,30024.0,30187.0,30024.0,30187.0,7235.0
2017-12-11,30459.0,30459.0,30039.0,30245.0,2349.0
2017-12-12,30459.0,30459.0,30245.0,30454.0,1952.0
2017-12-13,30459.0,30645.0,30324.0,30554.0,1913.0
2017-12-14,30559.0,30559.0,30240.0,30260.0,5962.0
2017-12-15,30260.0,30309.0,30260.0,30304.0,1511.0
2017-12-18,30344.0,30769.0,30344.0,30764.0,6844.0
2017-12-19,30779.0,30883.0,30715.0,30784.0,5038.0
2017-12-20,30710.0,30710.0,30559.0,30579.0,4564.0
2017-12-21,30735.0,30735.0,30240.0,30464.0,7478.0
2017-12-22,30683.0,30844.0,30377.0,30450.0,5935.0
2017-12-26,30793.0,30793.0,30269.0,30279.0,10479.0
2017-12-27,30279.0,30279.0,30024.0,30115.0,2669.0
2017-12-28,30119.0,30119.0,30019.0,30047.0,1413.0
2018-01-02,30047.0,30119.0,29625.0,29640.0,11442.0
2018-01-03,29932.0,30314.0,29698.0,30192.0,3405.0
2018-01-04,30314.0,30592.0,30314.0,30477.0,3897.0
2018-01-05,30477.0,30526.0,30314.0,30506.0,2869.0
2018-01-08,30655.0,30883.0,30655.0,30815.0,3619.0
2018-01-09,30883.0,31084.0,30883.0,31025.0,5490.0
2018-01-10,31174.0,31174.0,31006.0,31136.0,4698.0
2018-01-11,30903.0,31136.0,30903.0,31118.0,4613.0
2018-01-12,31179.0,31179.0,30943.0,31128.0,3283.0
2018-01-15,31270.0,31360.0,31208.0,31340.0,2986.0
2018-01-16,31340.0,31365.0,31316.0,31350.0,3409.0
2018-01-17,31350.0,31375.0,31132.0,31375.0,3006.0
2018-01-18,31559.0,31695.0,31513.0,31695.0,3782.0
2018-01-19,31753.0,31778.0,31532.0,31603.0,6409.0
2018-01-22,31603.0,31816.0,31588.0,31816.0,3770.0
2018-01-23,31849.0,33958.0,31479.0,32519.0,6973.0
2018-01-24,32900.0,32900.0,32338.0,32396.0,16451.0
2018-01-25,32396.0,32396.0,31559.0,31893.0,11734.0
2018-01-26,31893.0,32088.0,31893.0,32088.0,5558.0
2018-01-29,32568.0,32573.0,32425.0,32529.0,9333.0
2018-01-30,32519.0,32617.0,32231.0,32449.0,6426.0
2018-01-31,32449.0,32449.0,31898.0,32226.0,5560.0
2018-02-01,32617.0,32617.0,32226.0,32496.0,2177.0
2018-02-02,32041.0,32593.0,32041.0,32593.0,4478.0
2018-02-05,31946.0,32036.0,31768.0,31932.0,4639.0
2018-02-06,30215.0,31123.0,30105.0,30784.0,16054.0
2018-02-07,32088.0,32088.0,30986.0,30986.0,8194.0
2018-02-08,30991.0,31236.0,30844.0,31236.0,4472.0
2018-02-09,30986.0,30986.0,28513.0,30047.0,8855.0
2018-02-12,31118.0,31118.0,30159.0,30421.0,4138.0
2018-02-13,31449.0,31449.0,30535.0,30700.0,2035.0
2018-02-14,31633.0,31633.0,30700.0,30749.0,2113.0
2018-02-19,31084.0,31564.0,31084.0,31513.0,2529.0
2018-02-20,31508.0,31554.0,31439.0,31439.0,1859.0
2018-02-21,31705.0,31744.0,31469.0,31744.0,3565.0
2018-02-22,31744.0,32045.0,31469.0,32045.0,2864.0
2018-02-23,32041.0,32045.0,31705.0,31792.0,15142.0
2018-02-26,32036.0,32323.0,32036.0,32251.0,132143.0
2018-02-27,32612.0,32645.0,32381.0,32588.0,6847.0
2018-02-28,32519.0,32553.0,32343.0,32548.0,9861.0
2018-03-02,31903.0,32568.0,31729.0,31773.0,7319.0
2018-03-05,33050.0,33050.0,31849.0,32083.0,19035.0
2018-03-06,32151.0,33050.0,32151.0,32256.0,7349.0
2018-03-07,32803.0,32803.0,31946.0,32165.0,2817.0
2018-03-08,32794.0,32794.0,32078.0,32303.0,3065.0
2018-03-09,32308.0,32478.0,32261.0,32464.0,4523.0
2018-03-12,32756.0,32948.0,32756.0,32948.0,17303.0
2018-03-13,33035.0,33035.0,32900.0,32992.0,11334.0
2018-03-14,32519.0,32789.0,32519.0,32679.0,11921.0
2018-03-15,32679.0,32693.0,32464.0,32679.0,3753.0
2018-03-16,32784.0,32784.0,32649.0,32649.0,3664.0
2018-03-19,32808.0,32808.0,32538.0,32766.0,4232.0
2018-03-20,31988.0,32093.0,31946.0,31961.0,6894.0
2018-03-21,32041.0,32583.0,31970.0,32054.0,2866.0
2018-03-22,31811.0,32088.0,31734.0,32011.0,23785.0
2018-03-23,30800.0,31675.0,30800.0,31308.0,22974.0
2018-03-26,30436.0,31270.0,30119.0,30991.0,82973.0
2018-03-27,31188.0,31768.0,31188.0,31532.0,5634.0
2018-03-28,30839.0,30839.0,30105.0,30372.0,10904.0
2018-03-29,30353.0,30353.0,29932.0,30119.0,12624.0
2018-03-30,29846.0,30710.0,29748.0,30459.0,18247.0
2018-04-02,29851.0,30918.0,29851.0,30584.0,4950.0
2018-04-03,30210.0,30210.0,29361.0,29499.0,15463.0
2018-04-04,29734.0,29734.0,29423.0,29423.0,2901.0
2018-04-05,29767.0,30477.0,29762.0,30304.0,7497.0
2018-04-06,30215.0,30245.0,29985.0,30245.0,3822.0
2018-04-09,30245.0,30245.0,29942.0,30168.0,1618.0
2018-04-10,30110.0,30635.0,29909.0,30635.0,3627.0
2018-04-11,30981.0,30981.0,30535.0,30602.0,5543.0
2018-04-12,30602.0,30683.0,30454.0,30683.0,1668.0
2018-04-13,30991.0,30991.0,30735.0,30788.0,2240.0
2018-04-16,30793.0,31145.0,30793.0,31123.0,4956.0
2018-04-17,31179.0,31179.0,30966.0,31179.0,56261.0
2018-04-18,31335.0,31633.0,31335.0,31588.0,3128.0
2018-04-19,31628.0,31797.0,31583.0,31613.0,6191.0
2018-04-20,31603.0,31603.0,31236.0,31236.0,3382.0
2018-04-23,31274.0,31274.0,30966.0,31084.0,2130.0
2018-04-24,31089.0,31260.0,31064.0,31198.0,1574.0
2018-04-25,31179.0,31179.0,30454.0,30587.0,2730.0
2018-04-26,30697.0,30893.0,30697.0,30754.0,2768.0
2018-04-27,30784.0,31385.0,30784.0,31270.0,50249.0
2018-04-30,30908.0,31123.0,30819.0,31123.0,38235.0
2018-05-02,31298.0,31394.0,31089.0,31385.0,13082.0
2018-05-03,31385.0,31385.0,31099.0,31159.0,2286.0
2018-05-04,31159.0,31159.0,30893.0,30898.0,3195.0
2018-05-08,31559.0,31997.0,31274.0,31997.0,8606.0
2018-05-09,32002.0,32064.0,31859.0,31918.0,1248.0
2018-05-10,32088.0,32415.0,32088.0,32280.0,10649.0
2018-05-11,32294.0,32473.0,32175.0,32175.0,22077.0
2018-05-14,32231.0,32343.0,32088.0,32333.0,11337.0
2018-05-15,32487.0,32487.0,32348.0,32425.0,4566.0
2018-05-16,32185.0,32366.0,32185.0,32241.0,2649.0
2018-05-17,32285.0,32538.0,32285.0,32491.0,2544.0
2018-05-18,32491.0,32603.0,32415.0,32504.0,21373.0
2018-05-21,32504.0,32761.0,32343.0,32683.0,5322.0
2018-05-23,32789.0,32789.0,32097.0,32313.0,8039.0
2018-05-24,32473.0,32649.0,32473.0,32612.0,9811.0
2018-05-25,32751.0,32813.0,32617.0,32732.0,15368.0
2018-05-28,32732.0,32775.0,32524.0,32736.0,8006.0
2018-05-29,32736.0,32736.0,32543.0,32626.0,3672.0
2018-05-30,32543.0,32630.0,32391.0,32553.0,7076.0
2018-05-31,32688.0,32751.0,32558.0,32751.0,5356.0
2018-06-01,32808.0,32808.0,32612.0,32722.0,12984.0
2018-06-04,32881.0,33192.0,32876.0,33192.0,13187.0
2018-06-05,33325.0,33404.0,33103.0,33212.0,6953.0
2018-06-07,33298.0,33615.0,33298.0,33569.0,10953.0
2018-06-08,33145.0,33404.0,33145.0,33374.0,6923.0
2018-06-11,33394.0,33463.0,33192.0,33463.0,6295.0
2018-06-12,33463.0,33605.0,33370.0,33605.0,11676.0
2018-06-14,33632.0,33963.0,33632.0,33853.0,23551.0
2018-06-15,34249.0,34708.0,34249.0,34708.0,77090.0
2018-06-18,34726.0,34842.0,34504.0,34664.0,14200.0
2018-06-19,34745.0,34745.0,34307.0,34480.0,14881.0
2018-06-20,34740.0,34973.0,34689.0,34861.0,14703.0
2018-06-21,34968.0,35508.0,34968.0,35366.0,137191.0
2018-06-22,34794.0,34940.0,34634.0,34837.0,22600.0
2018-06-25,34694.0,34915.0,34694.0,34798.0,11475.0
2018-06-26,34060.0,34225.0,33958.0,33958.0,26264.0
2018-06-27,34153.0,34485.0,34153.0,34297.0,16564.0
2018-06-28,33783.0,34192.0,33769.0,33978.0,31528.0
2018-06-29,34866.0,34866.0,33987.0,34249.0,29577.0
2018-07-02,34249.0,34339.0,34050.0,34118.0,34885.0
2018-07-03,34339.0,34731.0,34339.0,34634.0,11179.0
2018-07-04,34254.0,34254.0,34055.0,34105.0,7669.0
2018-07-05,34100.0,34292.0,34007.0,34201.0,8117.0
2018-07-06,34326.0,34597.0,34326.0,34597.0,8953.0
2018-07-09,34973.0,35142.0,34827.0,34895.0,20788.0
2018-07-10,35212.0,35494.0,35117.0,35490.0,17994.0
2018-07-11,35194.0,35376.0,35112.0,35212.0,16320.0
2018-07-12,35221.0,35845.0,35221.0,35640.0,36783.0
2018-07-13,35850.0,36163.0,35850.0,36163.0,38363.0
2018-07-16,36173.0,36315.0,36163.0,36277.0,33439.0
2018-07-17,36163.0,36210.0,35747.0,35747.0,27805.0
2018-07-18,36290.0,36493.0,36244.0,36493.0,23585.0
2018-07-19,36508.0,36513.0,36286.0,36464.0,59884.0
2018-07-20,36375.0,36545.0,36330.0,36408.0,81040.0
2018-07-23,36398.0,36398.0,35966.0,36105.0,30447.0
2018-07-24,36182.0,36549.0,36182.0,36483.0,37708.0
2018-07-25,36483.0,36483.0,36173.0,36300.0,26126.0
2018-07-26,36268.0,36413.0,36239.0,36263.0,22968.0
2018-07-27,36158.0,36258.0,35840.0,35840.0,19871.0
2018-07-30,35327.0,35427.0,35175.0,35414.0,19033.0
2018-07-31,35194.0,35194.0,34856.0,34968.0,19291.0
2018-08-01,35025.0,35518.0,35025.0,35518.0,38614.0
2018-08-02,35523.0,35571.0,35304.0,35472.0,47513.0
2018-08-03,35821.0,36290.0,35821.0,36229.0,30749.0
2018-08-06,36248.0,36310.0,36015.0,36015.0,27518.0
2018-08-07,36408.0,36563.0,36335.0,36527.0,37575.0
2018-08-08,36582.0,36582.0,36295.0,36360.0,34579.0
2018-08-09,36360.0,36450.0,36239.0,36383.0,15070.0
2018-08-10,36383.0,36592.0,36375.0,36542.0,24669.0
2018-08-13,36350.0,36483.0,36310.0,36450.0,26008.0
2018-08-14,36365.0,36725.0,36365.0,36549.0,31234.0
2018-08-16,36215.0,36408.0,36168.0,36345.0,17028.0
2018-08-17,36345.0,36345.0,36071.0,36163.0,25852.0
2018-08-20,36205.0,36205.0,36053.0,36168.0,15499.0
2018-08-21,35893.0,36119.0,35830.0,35980.0,64692.0
2018-08-22,36081.0,36081.0,35783.0,35980.0,11976.0
2018-08-23,36196.0,36286.0,36192.0,36281.0,13526.0
2018-08-24,36281.0,36403.0,36220.0,36234.0,19023.0
2018-08-27,36290.0,36522.0,36281.0,36483.0,32140.0
2018-08-28,36650.0,36700.0,36545.0,36549.0,20534.0
2018-08-29,36665.0,36744.0,36607.0,36725.0,14342.0
2018-08-30,36817.0,37003.0,36813.0,36936.0,23199.0
2018-08-31,36936.0,37150.0,36936.0,37031.0,37072.0
2018-09-03,37045.0,37279.0,36813.0,37031.0,54773.0
2018-09-04,37050.0,37269.0,36966.0,37243.0,26291.0
2018-09-05,37075.0,37126.0,36941.0,37107.0,16775.0
2018-09-06,36660.0,36817.0,36597.0,36758.0,26848.0
2018-09-07,36577.0,36577.0,36286.0,36431.0,29829.0
2018-09-10,36375.0,36602.0,36375.0,36597.0,17317.0
2018-09-11,36602.0,36739.0,36577.0,36602.0,35842.0
2018-09-12,36887.0,36906.0,36729.0,36902.0,16391.0
2018-09-13,36867.0,36867.0,36408.0,36582.0,19951.0
2018-09-14,37031.0,37031.0,36763.0,36911.0,19963.0
2018-09-17,36700.0,36994.0,36700.0,36776.0,21481.0
2018-09-18,36459.0,36459.0,36360.0,36441.0,22437.0
2018-09-19,36720.0,36720.0,36493.0,36645.0,12326.0
2018-09-20,36744.0,36744.0,36365.0,36567.0,20945.0
2018-09-21,37008.0,37008.0,36734.0,36897.0,18949.0
2018-09-27,36572.0,36882.0,36572.0,36749.0,17588.0
2018-09-28,36786.0,37102.0,36786.0,36926.0,28131.0
2018-10-01,36794.0,37164.0,36794.0,37150.0,42336.0
2018-10-02,37150.0,37150.0,36941.0,37121.0,17128.0
2018-10-04,37284.0,37366.0,37194.0,37284.0,22202.0
2018-10-05,36758.0,36936.0,36758.0,36882.0,34588.0
2018-10-08,36617.0,36617.0,36350.0,36454.0,16949.0
2018-10-10,36350.0,36350.0,36205.0,36330.0,12147.0
2018-10-11,34537.0,34978.0,34368.0,34779.0,36831.0
2018-10-12,34606.0,34803.0,34431.0,34755.0,57283.0
2018-10-15,35401.0,35409.0,34900.0,34900.0,16512.0
2018-10-16,34958.0,34958.0,34669.0,34694.0,43376.0
2018-10-17,35688.0,35688.0,35494.0,35680.0,60206.0
2018-10-18,35879.0,35879.0,35538.0,35558.0,14907.0
2018-10-19,35161.0,35327.0,35112.0,35327.0,22564.0
2018-10-22,35092.0,35097.0,34798.0,35064.0,67925.0
2018-10-23,35289.0,35289.0,34856.0,34891.0,28026.0
2018-10-24,35284.0,35284.0,34856.0,34958.0,26653.0
2018-10-25,33408.0,33862.0,33399.0,33834.0,21154.0
2018-10-26,34426.0,34837.0,34055.0,34201.0,52416.0
2018-10-29,34158.0,34158.0,33930.0,33938.0,4755.0
2018-10-30,33930.0,33930.0,33117.0,33505.0,10495.0
2018-10-31,33803.0,33982.0,33676.0,33968.0,5030.0
2018-11-01,34234.0,34528.0,34234.0,34372.0,19182.0
2018-11-02,34551.0,34769.0,34196.0,34602.0,23322.0
2018-11-05,34158.0,34158.0,33706.0,33886.0,19769.0
2018-11-06,33862.0,33876.0,33667.0,33755.0,19850.0
2018-11-07,33900.0,34441.0,33745.0,34030.0,23226.0
2018-11-08,34717.0,34954.0,34717.0,34900.0,15666.0
2018-11-09,34900.0,34954.0,34703.0,34837.0,19630.0
2018-11-12,34769.0,34910.0,34480.0,34876.0,9860.0
2018-11-13,34025.0,34025.0,33577.0,33803.0,14294.0
2018-11-14,33735.0,33793.0,33586.0,33662.0,9632.0
2018-11-15,33399.0,33520.0,33231.0,33520.0,6059.0
2018-11-16,33925.0,33925.0,33524.0,33605.0,6013.0
2018-11-19,33810.0,33810.0,33404.0,33582.0,9489.0
2018-11-20,32425.0,32798.0,32366.0,32469.0,7640.0
2018-11-21,31758.0,32343.0,31758.0,32338.0,26885.0
2018-11-22,32469.0,32469.0,32151.0,32189.0,8480.0
2018-11-23,32093.0,32251.0,32021.0,32068.0,4070.0
2018-11-26,32068.0,32376.0,32068.0,32323.0,10313.0
2018-11-27,32919.0,32919.0,32645.0,32736.0,3985.0
2018-11-28,33035.0,33045.0,32838.0,32857.0,3004.0
2018-11-29,33769.0,33815.0,33453.0,33483.0,13531.0
2018-11-30,33681.0,33681.0,33345.0,33448.0,13189.0
2018-12-03,33844.0,34504.0,33844.0,34368.0,13029.0
2018-12-04,34620.0,34620.0,33524.0,33524.0,8334.0
2018-12-05,32683.0,33222.0,32683.0,33187.0,5936.0
2018-12-06,33001.0,33001.0,32464.0,32622.0,4506.0
2018-12-07,33384.0,33384.0,33113.0,33131.0,36459.0
2018-12-10,32504.0,32504.0,31927.0,32280.0,10567.0
2018-12-11,32900.0,32900.0,32524.0,32761.0,24754.0
2018-12-12,33278.0,33278.0,32857.0,33145.0,1833.0
2018-12-13,33149.0,33647.0,32857.0,33145.0,4671.0
2018-12-14,33207.0,33207.0,32813.0,32933.0,1856.0
2018-12-17,32563.0,32674.0,32435.0,32630.0,3504.0
2018-12-18,31983.0,31983.0,31527.0,31714.0,4539.0
2018-12-19,31661.0,31898.0,31657.0,31849.0,2206.0
2018-12-20,30888.0,31236.0,30655.0,30793.0,23054.0
2018-12-21,30353.0,30431.0,30168.0,30334.0,113184.0
2018-12-24,29734.0,29846.0,29494.0,29803.0,126975.0
2018-12-26,29034.0,29034.0,28604.0,28820.0,46998.0
2018-12-27,30090.0,30486.0,30090.0,30231.0,14197.0
2018-12-28,30468.0,30689.0,30415.0,30439.0,7458.0
2019-01-02,30540.0,31050.0,30453.0,30559.0,30748.0
2019-01-03,30887.0,30887.0,30281.0,30296.0,13676.0
2019-01-04,30271.0,30385.0,29940.0,30385.0,10716.0
2019-01-07,30842.0,31489.0,30842.0,31369.0,11096.0
2019-01-08,31664.0,31898.0,31630.0,31820.0,10434.0
2019-01-09,31970.0,32230.0,31970.0,32173.0,21247.0
2019-01-10,32245.0,32245.0,31815.0,31864.0,22183.0
2019-01-11,32135.0,32245.0,31989.0,32008.0,27688.0
2019-01-14,32008.0,32008.0,31742.0,31820.0,11751.0
2019-01-15,32085.0,32095.0,31903.0,32095.0,3696.0
2019-01-16,32348.0,32591.0,32348.0,32441.0,16886.0
2019-01-17,32353.0,32480.0,32240.0,32402.0,4647.0
2019-01-18,32466.0,33466.0,32466.0,32917.0,8912.0
2019-01-21,33337.0,33337.0,33028.0,33207.0,10806.0
2019-01-22,33461.0,33461.0,32930.0,32950.0,11180.0
2019-01-23,32882.0,32882.0,32551.0,32610.0,11151.0
2019-01-24,32727.0,32839.0,32489.0,32799.0,2740.0
2019-01-25,32799.0,33116.0,32799.0,33052.0,14726.0
2019-01-28,33144.0,33144.0,32775.0,32882.0,5618.0
2019-01-29,32546.0,32546.0,32280.0,32372.0,21724.0
2019-01-30,32498.0,32498.0,32085.0,32461.0,32219.0
2019-01-31,32985.0,33087.0,32829.0,33038.0,13139.0
2019-02-01,33254.0,33481.0,33241.0,33481.0,7176.0
2019-02-07,33860.0,34134.0,33860.0,34134.0,10199.0
2019-02-08,33870.0,33870.0,33461.0,33481.0,5464.0
2019-02-11,33615.0,33808.0,33586.0,33808.0,5035.0
2019-02-12,34139.0,34139.0,33808.0,34045.0,6265.0
2019-02-13,34246.0,34406.0,34246.0,34386.0,5936.0
2019-02-14,34016.0,34450.0,34016.0,34450.0,4034.0
2019-02-15,34435.0,34450.0,34208.0,34241.0,6326.0
2019-02-18,34519.0,34616.0,34430.0,34480.0,5286.0
2019-02-19,34480.0,34636.0,34480.0,34616.0,2811.0
2019-02-20,34816.0,34816.0,34396.0,34631.0,4212.0
2019-02-21,34616.0,34714.0,34366.0,34584.0,3713.0
2019-02-22,34528.0,34528.0,34319.0,34381.0,5217.0
2019-02-25,34495.0,34767.0,34495.0,34767.0,9937.0
2019-02-26,34763.0,34763.0,34329.0,34386.0,5974.0
2019-02-27,34646.0,34710.0,34485.0,34661.0,8636.0
2019-02-28,34772.0,34772.0,34547.0,34594.0,5293.0
2019-03-04,35036.0,35293.0,34968.0,35254.0,14047.0
2019-03-05,35244.0,35244.0,34870.0,35109.0,9233.0
2019-03-06,34880.0,35173.0,34880.0,35104.0,4428.0
2019-03-07,35018.0,35018.0,34777.0,34925.0,5705.0
2019-03-08,34556.0,34719.0,34490.0,34514.0,22402.0
2019-03-11,34603.0,34651.0,34514.0,34641.0,3000.0
2019-03-12,35099.0,35405.0,35099.0,35298.0,37604.0
2019-03-13,35303.0,35414.0,35298.0,35405.0,10414.0
2019-03-14,35608.0,35760.0,35569.0,35712.0,14994.0
2019-03-15,35721.0,36074.0,35712.0,36007.0,32707.0
2019-03-18,36007.0,36137.0,35929.0,36099.0,29841.0
2019-03-19,36142.0,36172.0,35997.0,36007.0,12373.0
2019-03-20,35982.0,36177.0,35982.0,36127.0,4144.0
2019-03-21,36127.0,36277.0,36108.0,36277.0,4574.0
2019-03-22,36471.0,36879.0,36471.0,36782.0,118623.0
2019-03-25,35992.0,36046.0,35835.0,35924.0,8654.0
2019-03-26,36210.0,36210.0,35987.0,36084.0,4458.0
2019-03-27,36094.0,36410.0,36094.0,36410.0,5142.0
2019-03-28,36137.0,36142.0,36007.0,36094.0,8197.0
2019-03-29,36113.0,36763.0,36094.0,36491.0,53797.0
2019-04-01,36675.0,36844.0,36675.0,36795.0,81366.0
2019-04-02,36874.0,36969.0,36755.0,36763.0,16597.0
2019-04-03,36894.0,37205.0,36894.0,37160.0,16802.0
2019-04-04,37243.0,37305.0,37170.0,37180.0,20852.0
2019-04-05,37180.0,37334.0,37155.0,37220.0,23626.0
2019-04-08,37349.0,37539.0,37339.0,37481.0,53255.0
2019-04-09,37539.0,37707.0,37539.0,37592.0,71017.0
2019-04-10,37587.0,37587.0,37369.0,37389.0,22474.0
2019-04-11,37432.0,37730.0,37432.0,37548.0,25272.0
2019-04-12,37548.0,37687.0,37490.0,37510.0,13343.0
2019-04-15,37582.0,37657.0,37572.0,37622.0,40988.0
2019-04-16,37712.0,37712.0,37505.0,37627.0,15462.0
2019-04-17,37730.0,37855.0,37692.0,37826.0,14191.0
2019-04-18,37850.0,37850.0,37692.0,37745.0,16949.0
2019-04-19,37830.0,38000.0,37797.0,38000.0,26366.0
2019-04-22,38005.0,38150.0,37893.0,38150.0,31241.0
2019-04-23,38165.0,38258.0,38100.0,38243.0,21186.0
2019-04-24,38359.0,38877.0,38359.0,38784.0,91382.0
2019-04-25,38932.0,39281.0,38932.0,39281.0,42591.0
2019-04-26,39245.0,39364.0,39152.0,39364.0,65383.0
2019-04-29,39388.0,39388.0,39201.0,39296.0,41676.0
2019-04-30,39276.0,39556.0,39245.0,39556.0,46305.0
2019-05-02,39374.0,39383.0,39112.0,39316.0,19857.0
2019-05-03,39311.0,39453.0,39206.0,39369.0,18358.0
2019-05-07,39334.0,39383.0,39191.0,39291.0,18591.0
2019-05-08,38784.0,38784.0,38610.0,38715.0,45554.0
2019-05-09,38715.0,38730.0,38544.0,38730.0,71616.0
2019-05-10,39512.0,39512.0,38472.0,38692.0,25720.0
2019-05-13,38692.0,38692.0,38282.0,38605.0,16195.0
2019-05-14,37240.0,37976.0,37240.0,37926.0,60598.0
2019-05-15,39286.0,39286.0,38243.0,38482.0,14489.0
2019-05-16,38564.0,38749.0,38564.0,38697.0,18445.0
2019-05-17,39432.0,39432.0,38947.0,39216.0,13268.0
2019-05-20,38819.0,39206.0,38819.0,39162.0,11437.0
2019-05-21,38995.0,38995.0,38364.0,38579.0,19911.0
2019-05-22,38784.0,38794.0,38579.0,38600.0,6733.0
2019-05-23,38947.0,38947.0,38120.0,38135.0,6406.0
2019-05-24,38019.0,38019.0,37726.0,37956.0,9683.0
2019-05-27,37951.0,37951.0,37495.0,37657.0,9725.0
2019-05-28,37657.0,37936.0,37657.0,37821.0,7064.0
2019-05-29,37677.0,37677.0,37344.0,37481.0,4093.0
2019-05-30,37359.0,37510.0,37296.0,37320.0,11671.0
2019-05-31,37266.0,37291.0,37170.0,37200.0,4712.0
2019-06-03,36476.0,36720.0,36346.0,36452.0,15518.0
2019-06-04,35987.0,36248.0,35821.0,35919.0,26642.0
2019-06-05,36715.0,37007.0,36576.0,36884.0,17457.0
2019-06-07,37150.0,37471.0,37112.0,37252.0,28235.0
2019-06-10,37888.0,38472.0,37888.0,38472.0,37121.0
2019-06-11,38515.0,38715.0,38443.0,38482.0,28151.0
2019-06-12,38477.0,38692.0,38316.0,38330.0,48340.0
2019-06-13,38330.0,38559.0,38267.0,38267.0,35549.0
2019-06-14,38605.0,38605.0,38364.0,38539.0,7970.0
2019-06-17,38544.0,38749.0,38539.0,38735.0,58825.0
2019-06-18,38735.0,38897.0,38735.0,38764.0,15198.0
2019-06-19,39177.0,39453.0,39034.0,39063.0,29707.0
2019-06-20,38907.0,39383.0,38907.0,39167.0,26586.0
2019-06-21,39412.0,39432.0,38853.0,38887.0,29198.0
2019-06-24,38848.0,39191.0,38848.0,39137.0,20289.0
2019-06-25,38853.0,38990.0,38668.0,38799.0,27914.0
2019-06-26,38388.0,38463.0,38302.0,38311.0,17558.0
2019-06-27,38321.0,38720.0,38321.0,38720.0,10774.0
2019-06-28,38720.0,38720.0,38492.0,38510.0,10255.0
2019-07-01,39191.0,39334.0,38799.0,39334.0,19133.0
2019-07-02,39383.0,39580.0,39191.0,39580.0,11995.0
2019-07-03,39575.0,39740.0,39521.0,39672.0,26316.0
2019-07-04,39760.0,40096.0,39760.0,39998.0,45949.0
2019-07-05,40003.0,40323.0,39941.0,40236.0,17914.0
2019-07-08,40274.0,40274.0,39878.0,40013.0,18040.0
2019-07-09,39888.0,39921.0,39721.0,39770.0,12598.0
2019-07-10,40303.0,40328.0,40076.0,40207.0,14703.0
2019-07-11,40382.0,40599.0,40352.0,40352.0,77025.0
2019-07-12,40490.0,40630.0,40377.0,40630.0,19359.0
2019-07-15,40719.0,40828.0,40630.0,40828.0,25071.0
2019-07-16,40843.0,41050.0,40828.0,40882.0,18692.0
2019-07-17,40848.0,40848.0,40589.0,40729.0,10176.0
2019-07-18,40640.0,40640.0,40159.0,40245.0,16233.0
2019-07-19,40451.0,40599.0,40402.0,40475.0,15261.0
2019-07-22,39936.0,40212.0,39902.0,40061.0,71924.0
2019-07-23,40540.0,40540.0,40417.0,40456.0,18757.0
2019-07-24,40920.0,40924.0,40525.0,40645.0,12227.0
2019-07-25,41054.0,41054.0,40924.0,40976.0,15530.0
2019-07-26,40773.0,41059.0,40773.0,41059.0,18257.0
2019-07-29,41093.0,41166.0,41030.0,41093.0,26118.0
2019-07-30,41226.0,41226.0,41035.0,41116.0,20545.0
2019-07-31,41161.0,41161.0,40867.0,40971.0,10073.0
2019-08-01,40838.0,40838.0,40333.0,40545.0,16994.0
2019-08-02,40260.0,40530.0,40105.0,40313.0,22685.0
2019-08-05,40105.0,40298.0,39810.0,40120.0,37840.0
2019-08-06,38799.0,39276.0,37976.0,39258.0,61111.0
2019-08-07,39412.0,39662.0,39412.0,39517.0,16759.0
2019-08-08,39546.0,40052.0,39546.0,39998.0,16275.0
2019-08-09,40187.0,40520.0,40187.0,40412.0,12637.0
2019-08-12,40402.0,40645.0,40236.0,40640.0,17953.0
2019-08-13,39931.0,40231.0,39868.0,40159.0,9402.0
2019-08-14,40719.0,40793.0,40612.0,40704.0,93038.0
2019-08-16,39770.0,39834.0,39436.0,39834.0,20815.0
2019-08-19,40056.0,40417.0,40056.0,40417.0,7640.0
2019-08-20,40607.0,40709.0,40451.0,40584.0,12823.0
2019-08-21,40255.0,40432.0,40135.0,40260.0,9579.0
2019-08-22,40612.0,40612.0,40402.0,40437.0,8650.0
2019-08-23,40768.0,40862.0,40461.0,40798.0,15503.0
2019-08-26,39432.0,39432.0,39098.0,39325.0,41474.0
2019-08-27,39963.0,39963.0,39814.0,39912.0,17029.0
2019-08-28,40022.0,40056.0,39907.0,40056.0,7668.0
2019-08-29,40047.0,40120.0,39755.0,40071.0,13660.0
2019-08-30,40709.0,40709.0,40397.0,40432.0,14159.0
2019-09-02,40412.0,40412.0,40105.0,40192.0,7857.0
2019-09-03,40333.0,40372.0,40192.0,40288.0,8253.0
2019-09-04,39790.0,40412.0,39790.0,40412.0,7303.0
2019-09-05,40422.0,40833.0,40422.0,40758.0,154522.0
2019-09-06,40857.0,41010.0,40773.0,40843.0,57094.0
2019-09-09,40924.0,40924.0,40743.0,40813.0,7114.0
2019-09-10,40729.0,40748.0,40564.0,40617.0,11586.0
2019-09-11,40510.0,40655.0,40338.0,40564.0,5818.0
2019-09-16,40594.0,40743.0,40159.0,40402.0,11322.0
2019-09-17,40402.0,40603.0,40352.0,40402.0,5465.0
2019-09-18,40564.0,40785.0,40564.0,40781.0,12992.0
2019-09-19,40781.0,40915.0,40781.0,40853.0,12365.0
2019-09-20,41131.0,41131.0,40857.0,40887.0,11035.0
2019-09-23,40788.0,40897.0,40694.0,40887.0,8726.0
2019-09-24,40887.0,40887.0,40704.0,40803.0,11192.0
2019-09-25,40303.0,40387.0,40192.0,40241.0,13293.0
2019-09-26,40776.0,40776.0,40530.0,40599.0,7492.0
2019-09-27,40599.0,40599.0,40362.0,40475.0,15284.0
2019-09-30,40192.0,40348.0,40110.0,40115.0,13811.0
2019-10-01,40130.0,40603.0,40130.0,40545.0,31486.0
2019-10-02,40338.0,40437.0,40241.0,40343.0,5294.0
2019-10-04,40061.0,40066.0,39672.0,39765.0,19327.0
2019-10-07,40096.0,40255.0,40018.0,40159.0,8241.0
2019-10-08,40352.0,40352.0,40130.0,40283.0,4028.0
2019-10-10,40008.0,40013.0,39740.0,40013.0,7323.0
2019-10-11,40202.0,40313.0,40027.0,40197.0,5761.0
2019-10-14,40461.0,40579.0,40338.0,40338.0,10456.0
2019-10-15,40402.0,40635.0,40387.0,40635.0,7957.0
2019-10-16,40798.0,40976.0,40798.0,40924.0,8433.0
2019-10-17,40934.0,40934.0,40724.0,40781.0,4012.0
2019-10-18,41025.0,41025.0,40675.0,40748.0,7568.0
2019-10-21,40402.0,40535.0,40255.0,40333.0,11303.0
2019-10-22,40372.0,40694.0,40372.0,40574.0,7966.0
2019-10-23,40303.0,40303.0,39973.0,40125.0,8911.0
2019-10-24,40377.0,40377.0,40159.0,40377.0,5104.0
2019-10-25,40456.0,40813.0,40456.0,40798.0,13689.0
2019-10-28,41079.0,41079.0,40828.0,40943.0,6742.0
2019-10-29,41001.0,41250.0,41001.0,41171.0,11343.0
2019-10-30,41151.0,41151.0,40905.0,40929.0,11067.0
2019-10-31,41074.0,41074.0,40848.0,41006.0,15350.0
2019-11-01,41001.0,41255.0,41001.0,41245.0,9006.0
2019-11-04,41300.0,41440.0,41260.0,41382.0,14337.0
2019-11-05,41474.0,41502.0,41425.0,41502.0,12505.0
2019-11-06,41502.0,41502.0,41285.0,41402.0,5571.0
2019-11-07,41402.0,41502.0,41226.0,41382.0,6634.0
2019-11-08,41397.0,41455.0,41074.0,41270.0,7503.0
2019-11-11,41421.0,41604.0,41421.0,41604.0,15229.0
2019-11-12,41584.0,41849.0,41584.0,41849.0,5009.0
2019-11-13,41849.0,41858.0,41721.0,41809.0,11670.0
2019-11-14,41868.0,42157.0,41868.0,42046.0,16212.0
2019-11-15,42191.0,42191.0,41868.0,42075.0,39686.0
2019-11-18,42089.0,42225.0,42084.0,42084.0,14512.0
2019-11-19,42084.0,42394.0,42056.0,42384.0,12494.0
2019-11-20,42473.0,42473.0,42243.0,42398.0,7249.0
2019-11-21,42379.0,42473.0,42061.0,42473.0,12583.0
2019-11-22,42488.0,42557.0,42210.0,42537.0,7701.0
2019-11-25,42630.0,42639.0,42508.0,42557.0,9444.0
2019-11-26,42659.0,42895.0,42654.0,42890.0,12413.0
2019-11-27,42890.0,43068.0,42890.0,43040.0,13562.0
2019-11-28,43102.0,43314.0,43102.0,43276.0,20077.0
2019-11-29,43295.0,43397.0,43206.0,43305.0,16512.0
2019-12-02,43305.0,43489.0,43246.0,43484.0,11902.0
2019-12-03,43040.0,43048.0,42779.0,42954.0,17718.0
2019-12-04,42571.0,43036.0,42571.0,43031.0,14965.0
2019-12-05,43276.0,43276.0,42823.0,43002.0,12436.0
2019-12-06,43137.0,43266.0,43002.0,43256.0,5479.0
2019-12-09,43606.0,43646.0,43256.0,43436.0,11605.0
2019-12-10,43494.0,43494.0,43271.0,43494.0,7526.0
2019-12-11,43466.0,43499.0,43176.0,43475.0,8222.0
2019-12-12,43475.0,43651.0,43339.0,43446.0,11606.0
2019-12-13,43499.0,43656.0,43276.0,43466.0,23040.0
2019-12-16,43466.0,43606.0,43412.0,43524.0,10665.0
2019-12-17,43691.0,43691.0,43504.0,43611.0,12160.0
2019-12-18,43626.0,43631.0,43514.0,43621.0,8293.0
2019-12-19,43705.0,43705.0,43431.0,43571.0,13449.0
2019-12-20,43571.0,43834.0,43571.0,43691.0,14222.0
2019-12-23,43714.0,44045.0,43714.0,44030.0,31728.0
2019-12-24,44030.0,44100.0,43983.0,44100.0,31002.0
2019-12-26,44189.0,44189.0,44025.0,44095.0,14032.0
2019-12-27,44277.0,44555.0,44277.0,44546.0,21256.0
2019-12-30,44532.0,44532.0,44258.0,44282.0,22784.0
2020-01-02,44253.0,44282.0,43963.0,44258.0,49901.0
2020-01-03,44651.0,44849.0,44462.0,44675.0,24213.0
2020-01-06,44573.0,44578.0,44370.0,44541.0,29089.0
2020-01-07,44675.0,44995.0,44675.0,44976.0,18907.0
2020-01-08,44923.0,44976.0,44497.0,44884.0,26932.0
2020-01-09,45250.0,45259.0,44947.0,45092.0,34589.0
2020-01-10,45195.0,45693.0,45195.0,45649.0,30582.0
2020-01-13,45481.0,45481.0,45225.0,45360.0,56302.0
2020-01-14,45634.0,45797.0,45421.0,45688.0,46014.0
2020-01-15,45688.0,45688.0,45240.0,45491.0,22548.0
2020-01-16,45764.0,45789.0,45545.0,45789.0,17218.0
2020-01-17,46037.0,46149.0,46009.0,46119.0,32751.0
2020-01-20,46168.0,46478.0,46114.0,46301.0,46851.0
2020-01-21,46468.0,46468.0,46287.0,46389.0,22539.0
2020-01-22,46424.0,46845.0,46424.0,46840.0,66038.0
2020-01-23,46806.0,46811.0,46637.0,46704.0,54897.0
2020-01-28,46009.0,46060.0,45639.0,45975.0,67086.0
2020-01-29,46672.0,46845.0,46389.0,46825.0,89861.0
2020-01-30,46850.0,46924.0,46483.0,46672.0,49140.0
2020-01-31,47162.0,47498.0,47157.0,47338.0,91589.0
2020-02-03,46493.0,47338.0,46443.0,47273.0,45859.0
2020-02-04,47493.0,47665.0,47308.0,47645.0,41904.0
2020-02-05,48000.0,48426.0,48000.0,48416.0,68884.0
2020-02-06,48569.0,48903.0,48282.0,48584.0,81440.0
2020-02-07,48672.0,48931.0,48632.0,48854.0,41271.0
2020-02-10,48816.0,48874.0,48534.0,48772.0,50732.0
2020-02-11,49038.0,49457.0,49038.0,49304.0,82872.0
2020-02-12,49300.0,49300.0,48975.0,49129.0,97015.0
2020-02-13,49290.0,49419.0,49129.0,49374.0,56946.0
2020-02-14,49379.0,49735.0,49379.0,49535.0,72412.0
2020-02-17,49740.0,49965.0,49632.0,49950.0,76150.0
2020-02-18,49930.0,49930.0,49573.0,49642.0,79290.0
2020-02-19,50004.0,50234.0,49857.0,50141.0,55611.0
2020-02-20,50408.0,50800.0,50408.0,50795.0,118468.0
2020-02-21,50467.0,50717.0,50199.0,50403.0,86705.0
2020-02-24,48950.0,49389.0,48884.0,49085.0,108314.0
2020-02-25,47849.0,48612.0,47747.0,48612.0,171525.0
2020-02-26,47670.0,47670.0,46919.0,47123.0,151156.0
2020-02-27,47063.0,47063.0,46311.0,46325.0,101956.0
2020-02-28,44263.0,44708.0,43671.0,43671.0,158035.0
2020-03-02,43883.0,45585.0,43719.0,44239.0,261850.0
2020-03-03,46652.0,46657.0,45980.0,46009.0,175071.0
2020-03-04,44762.0,45250.0,44355.0,45170.0,227507.0
2020-03-05,46193.0,46359.0,45664.0,45726.0,100972.0
2020-03-06,44748.0,45175.0,44184.0,44555.0,141702.0
2020-03-09,42666.0,42701.0,42242.0,42311.0,133426.0
2020-03-10,41729.0,43048.0,41686.0,42899.0,157969.0
2020-03-11,42972.0,43017.0,42151.0,42364.0,81503.0
2020-03-12,41391.0,41710.0,39694.0,40263.0,141697.0
2020-03-13,36527.0,39920.0,36392.0,39061.0,162035.0
2020-03-16,39110.0,40272.0,39110.0,39788.0,140532.0
2020-03-17,37943.0,39738.0,37775.0,39724.0,67028.0
2020-03-18,39724.0,39734.0,38235.0,38235.0,68694.0
2020-03-19,39304.0,40133.0,38400.0,39233.0,125150.0
2020-03-20,39415.0,40370.0,39415.0,40185.0,87197.0
2020-03-23,37555.0,38225.0,36779.0,37614.0,93701.0
2020-03-24,38955.0,40167.0,38526.0,40162.0,173159.0
2020-03-25,41729.0,41828.0,39803.0,40370.0,213875.0
2020-03-26,40380.0,40663.0,39748.0,39895.0,139572.0
2020-03-27,41386.0,41700.0,40508.0,41125.0,149552.0
2020-03-30,39689.0,40933.0,39592.0,40638.0,106337.0
2020-03-31,41401.0,42002.0,41331.0,41588.0,122788.0
2020-04-01,41244.0,41322.0,40469.0,40577.0,109987.0
2020-04-02,40469.0,40587.0,39966.0,40306.0,98642.0
2020-04-03,40321.0,40633.0,40301.0,40420.0,64652.0
2020-04-06,40615.0,42069.0,40582.0,41949.0,69059.0
2020-04-07,42711.0,43206.0,42407.0,43152.0,92306.0
2020-04-08,43036.0,43310.0,42609.0,42841.0,77512.0
2020-04-09,43671.0,43671.0,43186.0,43671.0,58167.0
2020-04-10,43686.0,43773.0,43596.0,43671.0,46597.0
2020-04-13,43671.0,43676.0,42919.0,42972.0,44375.0
2020-04-14,43797.0,44834.0,43793.0,44695.0,99263.0
2020-04-16,44704.0,46089.0,44704.0,46089.0,97971.0
2020-04-17,47123.0,47475.0,46972.0,47073.0,157327.0
2020-04-20,47553.0,47553.0,46208.0,46589.0,92699.0
2020-04-21,46232.0,46919.0,46193.0,46574.0,88476.0
2020-04-22,44937.0,45712.0,44937.0,45712.0,70720.0
2020-04-23,46681.0,46686.0,46144.0,46550.0,45503.0
2020-04-24,46384.0,46384.0,45911.0,46213.0,42982.0
2020-04-27,46724.0,47503.0,46709.0,47357.0,75517.0
2020-04-28,47381.0,47391.0,47001.0,47278.0,70601.0
2020-04-29,47068.0,47068.0,46584.0,46743.0,91374.0
2020-05-04,45999.0,46508.0,45615.0,46350.0,48219.0
2020-05-06,47455.0,47684.0,47197.0,47684.0,57425.0
2020-05-07,47713.0,48136.0,47708.0,48112.0,77814.0
2020-05-08,48268.0,48903.0,48263.0,48767.0,68308.0
2020-05-11,49095.0,49174.0,48940.0,49028.0,63283.0
2020-05-12,49184.0,49496.0,49174.0,49281.0,89604.0
2020-05-13,48320.0,48637.0,48136.0,48637.0,85934.0
2020-05-14,48136.0,48248.0,47869.0,47884.0,97378.0
2020-05-15,48514.0,48721.0,48310.0,48632.0,66807.0
2020-05-18,49038.0,49414.0,49038.0,49379.0,75384.0
2020-05-19,50054.0,50073.0,49693.0,49980.0,117554.0
2020-05-20,49891.0,50131.0,49745.0,50092.0,59110.0
2020-05-21,50467.0,50838.0,50467.0,50662.0,84666.0
2020-05-22,50471.0,50647.0,49980.0,50059.0,66913.0
2020-05-25,50920.0,51262.0,50872.0,51262.0,83643.0
2020-05-26,51345.0,51597.0,51330.0,51597.0,107685.0
2020-05-27,51533.0,51533.0,50427.0,50925.0,96792.0
2020-05-28,50925.0,51112.0,50597.0,51043.0,78363.0
2020-05-29,51018.0,51043.0,50592.0,50698.0,65825.0
2020-06-01,50777.0,51514.0,50777.0,51122.0,78344.0
2020-06-02,51145.0,51276.0,50965.0,51276.0,72238.0
2020-06-03,51547.0,51547.0,51154.0,51359.0,111096.0
2020-06-04,51413.0,51490.0,51154.0,51349.0,83323.0
2020-06-05,51286.0,51286.0,50935.0,50980.0,75696.0
2020-06-08,51592.0,51627.0,51466.0,51557.0,95499.0
2020-06-09,51641.0,51651.0,51423.0,51582.0,107354.0
2020-06-10,51679.0,52119.0,51641.0,51820.0,115069.0
2020-06-11,51930.0,52240.0,51905.0,51925.0,92078.0
2020-06-12,49139.0,50925.0,48816.0,50767.0,225992.0
2020-06-15,50467.0,50467.0,49563.0,49671.0,110116.0
2020-06-16,51354.0,52114.0,51315.0,51930.0,100293.0
2020-06-17,52280.0,52709.0,52245.0,52709.0,104476.0
2020-06-18,52699.0,52699.0,52210.0,52423.0,59623.0
2020-06-19,52719.0,52940.0,52635.0,52940.0,54288.0
2020-06-22,52592.0,52940.0,52476.0,52920.0,59718.0
2020-06-23,53190.0,53315.0,52756.0,53300.0,83817.0
2020-06-24,53449.0,53725.0,53434.0,53522.0,92158.0
2020-06-25,52601.0,52794.0,52379.0,52501.0,129925.0
2020-06-26,53185.0,53185.0,52747.0,52818.0,55774.0
2020-06-29,51718.0,51718.0,51222.0,51418.0,100808.0
2020-06-30,52290.0,52290.0,52072.0,52225.0,57015.0
2020-07-01,52699.0,53020.0,52689.0,52975.0,46460.0
2020-07-02,53502.0,53850.0,53473.0,53830.0,57520.0
2020-07-03,53865.0,54156.0,53865.0,54156.0,77368.0
2020-07-06,54142.0,54631.0,54123.0,54506.0,110583.0
2020-07-07,54909.0,55210.0,54864.0,55028.0,131884.0
2020-07-08,54837.0,55058.0,54644.0,54682.0,80407.0
2020-07-09,55338.0,55559.0,55319.0,55492.0,95627.0
2020-07-10,55842.0,56174.0,55808.0,55926.0,152067.0
2020-07-13,56564.0,56993.0,56564.0,56974.0,152050.0
2020-07-14,56290.0,56381.0,55654.0,55994.0,226939.0
2020-07-15,56266.0,56386.0,55941.0,56085.0,102208.0
2020-07-16,55823.0,55823.0,55551.0,55724.0,110663.0
2020-07-17,55724.0,55881.0,55659.0,55804.0,69857.0
2020-07-20,55833.0,55901.0,55417.0,55506.0,70353.0
2020-07-21,56969.0,57514.0,56925.0,57514.0,149545.0
2020-07-22,57224.0,57224.0,56261.0,56411.0,165554.0
2020-07-23,56588.0,56824.0,56490.0,56810.0,71259.0
2020-07-24,55607.0,55607.0,54822.0,54909.0,244336.0
2020-07-27,54788.0,54813.0,54397.0,54677.0,133567.0
2020-07-28,55644.0,55862.0,55437.0,55699.0,79623.0
2020-07-29,55511.0,55511.0,54672.0,54884.0,127271.0
2020-07-30,55333.0,55432.0,55136.0,55362.0,63208.0
2020-07-31,56139.0,56440.0,56094.0,56320.0,104226.0
2020-08-03,56520.0,56834.0,56490.0,56777.0,94299.0
2020-08-04,57122.0,57480.0,57086.0,57470.0,98869.0
2020-08-05,57475.0,57534.0,57258.0,57440.0,104473.0
2020-08-06,57440.0,57455.0,57066.0,57181.0,116624.0
2020-08-07,57615.0,58062.0,57615.0,57829.0,121203.0
2020-08-10,57647.0,57652.0,57293.0,57421.0,110535.0
2020-08-11,57303.0,57426.0,57112.0,57368.0,89387.0
2020-08-12,56978.0,56978.0,56237.0,56485.0,157786.0
2020-08-13,57509.0,57509.0,57156.0,57253.0,100070.0
2020-08-14,57605.0,57871.0,57605.0,57843.0,106184.0
2020-08-18,58135.0,58241.0,58111.0,58169.0,116978.0
2020-08-19,58411.0,58765.0,58411.0,58676.0,151326.0
2020-08-20,58232.0,58260.0,57955.0,58164.0,135025.0
2020-08-21,58949.0,59469.0,58852.0,59469.0,167935.0
2020-08-24,59732.0,60172.0,59732.0,60162.0,137115.0
2020-08-25,60270.0,60348.0,60157.0,60265.0,161919.0
2020-08-26,60485.0,60722.0,60485.0,60678.0,137136.0
2020-08-27,61552.0,62853.0,61552.0,61679.0,204941.0
2020-08-28,61642.0,61900.0,61619.0,61851.0,169826.0
2020-08-31,61918.0,62338.0,61891.0,62309.0,163664.0
2020-09-01,62598.0,62881.0,62570.0,62671.0,190848.0
2020-09-02,63403.0,63992.0,63403.0,63948.0,243034.0
2020-09-03,64177.0,64221.0,63841.0,63962.0,240221.0
2020-09-04,59660.0,60580.0,59536.0,60377.0,577240.0
2020-09-07,60289.0,60289.0,58804.0,58857.0,358239.0
2020-09-08,59522.0,59713.0,59231.0,59560.0,214214.0
2020-09-09,57066.0,57829.0,57031.0,57358.0,366995.0
2020-09-10,58910.0,59002.0,58426.0,58924.0,203563.0
2020-09-11,57881.0,58294.0,57755.0,58294.0,155668.0
2020-09-14,58037.0,58037.0,57552.0,57920.0,279555.0
2020-09-15,58184.0,58232.0,57815.0,58101.0,154951.0
2020-09-16,58521.0,58842.0,58521.0,58721.0,124338.0
2020-09-17,58227.0,58227.0,56371.0,56371.0,299590.0
2020-09-18,56361.0,56411.0,55984.0,56275.0,221034.0
2020-09-21,56204.0,56204.0,54635.0,54837.0,216471.0
2020-09-22,55520.0,55896.0,55319.0,55427.0,125947.0
2020-09-23,56266.0,56559.0,56154.0,56381.0,107515.0
2020-09-24,54516.0,55156.0,54516.0,54934.0,138559.0
2020-09-25,55709.0,55862.0,55592.0,55617.0,92813.0
2020-09-28,56920.0,57258.0,56844.0,57258.0,113725.0
2020-09-29,57940.0,58237.0,57876.0,58057.0,116098.0
2020-10-05,57605.0,57605.0,57171.0,57298.0,134374.0
2020-10-06,57681.0,57950.0,57585.0,57858.0,108220.0
2020-10-07,56959.0,57161.0,56939.0,57046.0,116939.0
2020-10-08,57984.0,58037.0,57755.0,57935.0,94668.0
2020-10-12,58585.0,58896.0,58550.0,58794.0,123822.0
2020-10-13,60033.0,60433.0,60033.0,60406.0,262878.0
2020-10-14,60480.0,60570.0,60319.0,60525.0,128851.0
2020-10-15,59685.0,59782.0,59085.0,59159.0,115813.0
2020-10-16,59256.0,59438.0,58997.0,59197.0,78752.0
2020-10-19,59066.0,59202.0,58959.0,59090.0,87156.0
2020-10-20,58521.0,58521.0,57881.0,58062.0,140074.0
2020-10-21,58062.0,58096.0,57619.0,57785.0,113132.0
2020-10-22,57465.0,57475.0,57258.0,57348.0,73665.0
2020-10-23,57401.0,57652.0,57258.0,57373.0,58584.0
2020-10-26,57199.0,57204.0,56969.0,56969.0,81519.0
2020-10-27,56495.0,56649.0,56381.0,56475.0,125441.0
2020-10-28,56616.0,56910.0,56525.0,56849.0,51414.0
2020-10-29,55233.0,55564.0,55166.0,55564.0,180951.0
2020-10-30,55258.0,55258.0,54402.0,54580.0,158460.0
2020-11-02,54330.0,54668.0,54250.0,54622.0,95742.0
2020-11-03,54686.0,54959.0,54613.0,54736.0,102156.0
2020-11-04,55921.0,58091.0,55397.0,57071.0,332043.0
2020-11-05,58037.0,58944.0,57795.0,58492.0,229660.0
2020-11-06,59031.0,59031.0,58232.0,58264.0,179695.0
2020-11-09,59497.0,60105.0,59453.0,59782.0,207959.0
2020-11-10,57725.0,57800.0,56782.0,56929.0,334458.0
2020-11-11,56346.0,56649.0,56189.0,56420.0,229906.0
2020-11-12,57460.0,57595.0,57176.0,57465.0,115801.0
2020-11-13,57470.0,57623.0,57293.0,57600.0,74038.0
2020-11-16,58067.0,58144.0,57890.0,58067.0,116366.0
2020-11-17,58096.0,58144.0,57745.0,57881.0,108876.0
2020-11-18,57686.0,57740.0,57318.0,57318.0,98605.0
2020-11-19,57253.0,57705.0,57253.0,57705.0,81332.0
2020-11-20,57509.0,58212.0,57509.0,58126.0,76796.0
2020-11-23,57935.0,57935.0,57765.0,57765.0,138263.0
2020-11-24,57910.0,57940.0,57770.0,57885.0,94420.0
2020-11-25,58474.0,58671.0,58323.0,58474.0,141255.0
2020-11-26,58632.0,58804.0,58627.0,58632.0,96657.0
2020-11-27,58555.0,58580.0,58396.0,58565.0,85222.0
2020-11-30,59154.0,59182.0,58731.0,58774.0,125486.0
2020-12-01,59479.0,59742.0,59448.0,59611.0,140291.0
2020-12-02,59891.0,59900.0,59497.0,59606.0,109324.0
2020-12-03,59655.0,59762.0,59541.0,59584.0,105976.0
2020-12-04,59443.0,59460.0,58871.0,58924.0,150901.0
2020-12-07,59046.0,59154.0,58939.0,58988.0,135362.0
2020-12-08,59251.0,59354.0,59202.0,59335.0,134153.0
2020-12-09,59641.0,59777.0,59493.0,59665.0,122933.0
2020-12-10,58590.0,58618.0,58241.0,58411.0,262220.0
2020-12-11,58657.0,58910.0,58570.0,58756.0,158073.0
2020-12-14,58929.0,59002.0,58871.0,58929.0,215949.0
2020-12-15,59295.0,59388.0,59202.0,59290.0,199558.0
2020-12-16,59732.0,60144.0,59675.0,60028.0,269123.0
2020-12-17,60222.0,60475.0,60222.0,60447.0,144699.0
2020-12-18,60653.0,60919.0,60653.0,60892.0,180553.0
2020-12-21,60967.0,61353.0,60915.0,61289.0,235833.0
2020-12-22,61184.0,61309.0,60957.0,60967.0,185904.0
2020-12-23,61259.0,61362.0,61006.0,61254.0,145704.0
2020-12-24,61030.0,61030.0,60776.0,60845.0,221760.0
2020-12-28,61152.0,61171.0,60902.0,61055.0,173539.0
2020-12-29,61209.0,61469.0,61209.0,61324.0,177622.0
2020-12-30,61157.0,61157.0,60919.0,61011.0,263165.0
2021-01-04,60867.0,60877.0,60570.0,60742.0,236464.0
2021-01-05,59947.0,60221.0,59934.0,60191.0,201303.0
2021-01-06,60442.0,60796.0,59588.0,59870.0,257302.0
2021-01-07,59904.0,60414.0,59865.0,60226.0,188513.0
2021-01-08,61166.0,62036.0,61001.0,61599.0,259242.0
2021-01-11,62262.0,62473.0,62247.0,62271.0,251496.0
2021-01-12,61857.0,61948.0,61714.0,61877.0,135720.0
2021-01-13,61577.0,61705.0,61386.0,61657.0,100099.0
2021-01-14,61685.0,62330.0,61685.0,61963.0,111590.0
2021-01-15,61759.0,61764.0,61353.0,61552.0,96420.0
2021-01-18,61249.0,61464.0,61249.0,61425.0,104300.0
2021-01-19,61642.0,62095.0,61614.0,62051.0,96418.0
2021-01-20,62507.0,62547.0,62348.0,62547.0,109186.0
2021-01-21,63301.0,64116.0,63301.0,63906.0,212181.0
2021-01-22,64155.0,64239.0,63959.0,64083.0,120743.0
2021-01-25,64411.0,64704.0,64338.0,64500.0,228026.0
2021-01-26,64655.0,64655.0,64343.0,64602.0,137079.0
2021-01-27,65056.0,65242.0,65021.0,65203.0,112587.0
2021-01-28,62834.0,63577.0,62726.0,63528.0,212331.0
2021-01-29,63891.0,64540.0,63083.0,63291.0,163456.0
2021-02-01,62425.0,63140.0,62320.0,63029.0,162215.0
2021-02-02,64378.0,64869.0,64368.0,64699.0,109726.0
2021-02-03,65402.0,65708.0,65349.0,65708.0,120616.0
2021-02-04,65227.0,65301.0,65021.0,65144.0,101673.0
2021-02-05,65805.0,66649.0,65698.0,66616.0,188639.0
2021-02-08,66408.0,66729.0,66340.0,66674.0,111237.0
2021-02-09,66591.0,66611.0,66350.0,66471.0,147854.0
2021-02-10,66250.0,66471.0,66163.0,66250.0,107214.0
2021-02-15,66466.0,66630.0,66365.0,66388.0,164853.0
2021-02-16,66466.0,66659.0,66403.0,66523.0,103769.0
2021-02-17,66518.0,66518.0,66113.0,66437.0,92887.0
2021-02-18,65966.0,66049.0,65573.0,65854.0,132951.0
2021-02-19,65661.0,65712.0,65339.0,65603.0,103204.0
2021-02-22,65603.0,65603.0,65304.0,65382.0,90602.0
2021-02-23,63945.0,64490.0,63945.0,64353.0,132997.0
2021-02-24,63686.0,64034.0,63155.0,63227.0,160004.0
2021-02-25,64170.0,64465.0,64107.0,64338.0,80130.0
2021-02-26,62352.0,62686.0,61958.0,62396.0,224992.0
2021-03-02,64587.0,64835.0,64587.0,64802.0,115704.0
2021-03-03,63979.0,64278.0,63941.0,64165.0,73255.0
2021-03-04,62164.0,63330.0,61484.0,61837.0,190577.0
2021-03-05,61133.0,61133.0,60693.0,61040.0,138882.0
2021-03-08,62164.0,63135.0,61719.0,61882.0,127488.0
2021-03-09,61386.0,61867.0,61314.0,61547.0,101080.0
2021-03-10,63261.0,63528.0,63169.0,63390.0,99653.0
2021-03-11,63330.0,63600.0,63160.0,63538.0,79812.0
2021-03-12,64421.0,64480.0,64058.0,64136.0,87799.0
2021-03-15,64102.0,64301.0,63862.0,63862.0,68721.0
2021-03-16,64445.0,64782.0,64440.0,64616.0,107290.0
2021-03-17,64738.0,64874.0,64616.0,64772.0,47005.0
2021-03-18,64807.0,64937.0,64555.0,64689.0,80359.0
2021-03-19,62971.0,63261.0,62756.0,62921.0,144589.0
2021-03-22,63390.0,63745.0,63330.0,63562.0,72016.0
2021-03-23,64311.0,64311.0,63921.0,64053.0,51683.0
2021-03-24,64348.0,64545.0,64348.0,64378.0,61851.0
2021-03-25,63614.0,63614.0,63183.0,63330.0,71789.0
2021-03-26,63330.0,63444.0,63207.0,63425.0,39575.0
2021-03-29,63444.0,63726.0,63310.0,63420.0,83053.0
2021-03-30,63994.0,64014.0,63804.0,63804.0,40055.0
2021-03-31,63716.0,63857.0,63474.0,63609.0,57066.0
2021-04-01,64490.0,64903.0,64450.0,64903.0,79064.0
2021-04-02,65641.0,65727.0,65578.0,65578.0,86296.0
2021-04-05,65637.0,65661.0,65467.0,65496.0,80579.0
2021-04-06,66669.0,66729.0,66192.0,66192.0,110092.0
2021-04-07,66245.0,66291.0,65951.0,66094.0,86477.0
2021-04-08,66503.0,66904.0,66471.0,66821.0,99759.0
2021-04-09,67099.0,67247.0,67017.0,67147.0,96602.0
2021-04-12,67398.0,67758.0,67309.0,67678.0,111717.0
2021-04-13,67717.0,67830.0,67643.0,67678.0,80850.0
2021-04-14,68239.0,68401.0,68016.0,68016.0,126951.0
2021-04-15,67294.0,67501.0,67251.0,67491.0,122708.0
2021-04-16,68171.0,68334.0,67933.0,67981.0,76484.0
2021-04-19,68058.0,68574.0,68054.0,68401.0,77119.0
2021-04-20,67758.0,67791.0,67428.0,67506.0,153400.0
2021-04-21,67022.0,67074.0,66734.0,67074.0,83886.0
2021-04-22,67516.0,67875.0,67516.0,67875.0,52773.0
2021-04-23,67147.0,67270.0,66979.0,66994.0,108407.0
2021-04-26,67628.0,67726.0,67461.0,67551.0,63168.0
2021-04-27,67860.0,67991.0,67762.0,67894.0,81293.0
2021-04-28,67781.0,67840.0,67633.0,67722.0,60100.0
2021-04-29,67643.0,67786.0,67491.0,67712.0,65938.0
2021-04-30,67274.0,67457.0,67108.0,67457.0,61193.0
2021-05-03,67496.0,67894.0,67496.0,67894.0,62645.0
2021-05-04,67894.0,67894.0,67171.0,67358.0,78588.0
2021-05-06,66868.0,66893.0,66077.0,66310.0,142855.0
2021-05-07,66329.0,66807.0,66329.0,66590.0,78605.0
2021-05-10,66893.0,66993.0,66502.0,66546.0,64080.0
2021-05-11,64943.0,65010.0,64331.0,64715.0,255578.0
2021-05-12,64851.0,65332.0,64696.0,65112.0,80895.0
2021-05-13,64225.0,64428.0,64098.0,64279.0,116993.0
2021-05-14,64433.0,65028.0,64418.0,64846.0,66255.0
2021-05-17,65779.0,66185.0,64846.0,66181.0,91943.0
2021-05-18,65994.0,66146.0,65813.0,66017.0,52942.0
2021-05-20,65969.0,65994.0,65043.0,65293.0,58659.0
2021-05-21,66382.0,66537.0,66300.0,66359.0,77756.0
2021-05-24,65793.0,66126.0,65696.0,66012.0,120792.0
2021-05-25,66797.0,67204.0,66792.0,67088.0,192875.0
2021-05-26,67059.0,67093.0,66570.0,66663.0,174259.0
2021-05-27,66693.0,66854.0,66561.0,66639.0,62069.0
2021-05-28,66748.0,66821.0,66455.0,66455.0,67585.0
2021-05-31,66455.0,66703.0,66285.0,66354.0,69500.0
2021-06-01,66238.0,66257.0,65920.0,66027.0,84870.0
2021-06-02,65905.0,66210.0,65828.0,66200.0,67973.0
2021-06-03,66257.0,66455.0,66225.0,66382.0,38914.0
2021-06-04,65683.0,65890.0,65679.0,65715.0,71118.0
2021-06-07,66629.0,66678.0,66479.0,66590.0,70141.0
2021-06-08,66873.0,67233.0,66873.0,67151.0,71262.0
2021-06-09,67265.0,67309.0,67103.0,67137.0,33223.0
2021-06-10,67176.0,67242.0,67137.0,67186.0,40023.0
2021-06-11,67673.0,67726.0,67541.0,67614.0,47665.0
2021-06-14,67749.0,68250.0,67726.0,68171.0,84792.0
2021-06-15,68649.0,68921.0,68649.0,68851.0,90393.0
2021-06-16,68449.0,68498.0,68398.0,68417.0,54383.0
2021-06-17,68468.0,68659.0,68250.0,68565.0,66805.0
2021-06-18,69044.0,70135.0,69039.0,70020.0,192845.0
2021-06-21,69518.0,69572.0,69271.0,69572.0,85793.0
2021-06-22,69810.0,69946.0,69742.0,69815.0,65732.0
2021-06-23,70437.0,70894.0,70437.0,70894.0,91048.0
2021-06-24,70720.0,70954.0,70690.0,70822.0,92991.0
2021-06-25,70954.0,70986.0,70554.0,70638.0,98007.0
2021-06-28,70638.0,70799.0,70559.0,70784.0,53539.0
2021-06-29,71352.0,71459.0,71298.0,71322.0,66243.0
2021-06-30,71706.0,71999.0,71566.0,71610.0,101192.0
2021-07-01,71797.0,72043.0,71744.0,71931.0,62839.0
2021-07-02,72008.0,72023.0,71832.0,71921.0,75087.0
2021-07-05,72519.0,72614.0,72412.0,72563.0,85728.0
2021-07-06,72679.0,72773.0,72417.0,72470.0,88874.0
2021-07-07,73115.0,73514.0,73068.0,73390.0,77897.0
2021-07-08,73568.0,73914.0,73559.0,73846.0,108441.0
2021-07-09,73504.0,73743.0,73409.0,73648.0,111943.0
2021-07-12,74052.0,74149.0,73974.0,74144.0,103760.0
2021-07-13,74187.0,74489.0,74169.0,74313.0,123118.0
2021-07-14,74454.0,74701.0,74454.0,74484.0,105789.0
2021-07-15,74515.0,74604.0,74226.0,74357.0,128508.0
2021-07-16,73618.0,73688.0,73434.0,73587.0,135221.0
2021-07-19,72941.0,73404.0,72941.0,73404.0,97116.0
2021-07-20,73261.0,73509.0,73261.0,73444.0,112866.0
2021-07-21,73934.0,74120.0,73768.0,74120.0,87719.0
2021-07-22,74425.0,74653.0,74405.0,74474.0,61796.0
2021-07-23,75105.0,75245.0,74983.0,75245.0,181361.0
2021-07-26,75941.0,76038.0,75820.0,76033.0,117181.0
2021-07-27,76033.0,76043.0,75747.0,75781.0,102311.0
2021-07-28,75163.0,75355.0,75081.0,75285.0,98129.0
2021-07-29,75265.0,75295.0,74721.0,75022.0,129401.0
2021-07-30,74351.0,74506.0,74153.0,74506.0,146379.0
2021-08-02,75305.0,75587.0,75280.0,75513.0,79862.0
2021-08-03,75182.0,75330.0,75081.0,75091.0,110619.0
2021-08-04,75403.0,75403.0,75071.0,75201.0,170853.0
2021-08-05,75325.0,75495.0,75138.0,75216.0,286896.0
2021-08-06,75612.0,75674.0,75470.0,75552.0,258546.0
2021-08-09,75153.0,75245.0,75061.0,75177.0,320927.0
2021-08-10,75617.0,75854.0,75597.0,75835.0,267730.0
2021-08-11,75694.0,75962.0,75661.0,75878.0,244888.0
2021-08-12,75518.0,76044.0,75513.0,75995.0,115338.0
2021-08-13,76460.0,76955.0,76386.0,76920.0,288472.0
2021-08-17,77009.0,77738.0,76970.0,77590.0,245828.0
2021-08-18,77047.0,77047.0,76530.0,76580.0,381368.0
2021-08-19,76071.0,76288.0,75772.0,75772.0,357353.0
2021-08-20,76488.0,76867.0,76386.0,76725.0,239524.0
2021-08-23,77426.0,77590.0,77373.0,77521.0,103247.0
2021-08-24,78113.0,78299.0,77975.0,78034.0,120593.0
2021-08-25,78044.0,78304.0,78010.0,78294.0,87810.0
2021-08-26,78108.0,78368.0,77942.0,78309.0,149092.0
2021-08-27,78131.0,78284.0,78039.0,78185.0,103096.0
2021-08-30,78445.0,78582.0,78324.0,78582.0,145521.0
2021-08-31,79317.0,79391.0,79110.0,79254.0,139093.0
2021-09-01,78914.0,78949.0,78725.0,78949.0,157250.0
2021-09-02,78864.0,79153.0,78815.0,79140.0,93890.0
2021-09-03,78877.0,78944.0,78720.0,78849.0,158440.0
2021-09-06,78874.0,79205.0,78874.0,79181.0,93648.0
2021-09-07,79274.0,79382.0,79172.0,79284.0,73726.0
2021-09-08,79352.0,79748.0,79352.0,79748.0,86347.0
2021-09-09,79504.0,79660.0,79401.0,79436.0,118209.0
2021-09-10,79436.0,79709.0,79342.0,79499.0,89368.0
2021-09-13,79401.0,79401.0,79056.0,79357.0,142500.0
2021-09-14,79130.0,79239.0,78894.0,78914.0,164782.0
2021-09-15,78819.0,78889.0,78582.0,78632.0,116455.0
2021-09-16,79011.0,79172.0,78869.0,79163.0,98000.0
2021-09-17,79357.0,79714.0,79357.0,79598.0,117175.0
2021-09-23,78582.0,78740.0,77975.0,77975.0,334502.0
2021-09-24,78496.0,78685.0,78333.0,78431.0,150746.0
2021-09-27,78431.0,78987.0,78431.0,78963.0,182607.0
2021-09-28,78146.0,78382.0,78093.0,78141.0,130160.0
2021-09-29,76634.0,76847.0,76550.0,76590.0,296198.0
2021-09-30,77635.0,77635.0,76512.0,76802.0,126027.0
2021-10-01,76159.0,76244.0,75509.0,75577.0,244840.0
2021-10-05,75008.0,75221.0,74662.0,75061.0,191720.0
2021-10-06,75810.0,76048.0,75557.0,75757.0,117237.0
2021-10-07,76862.0,77396.0,76857.0,77381.0,958002.0
2021-10-08,77645.0,77761.0,77406.0,77531.0,86874.0
2021-10-12,76773.0,76812.0,76488.0,76610.0,925258.0
2021-10-13,76435.0,76512.0,76125.0,76254.0,140892.0
2021-10-14,76700.0,77038.0,76649.0,76877.0,172480.0
2021-10-15,77951.0,77971.0,77605.0,77850.0,110722.0
2021-10-18,78029.0,78299.0,77990.0,78084.0,321140.0
2021-10-19,78685.0,79302.0,78685.0,78815.0,117674.0
2021-10-20,79148.0,79172.0,78695.0,78829.0,90474.0
2021-10-21,78829.0,78844.0,78525.0,78795.0,86509.0
2021-10-22,78963.0,79337.0,78963.0,79167.0,118895.0
2021-10-25,78780.0,78795.0,78294.0,78343.0,267332.0
2021-10-26,79254.0,79494.0,79110.0,79377.0,135003.0
2021-10-27,79391.0,79563.0,79021.0,79563.0,107848.0
2021-10-28,79888.0,80009.0,79660.0,79802.0,164159.0
2021-10-29,79979.0,80039.0,79728.0,79802.0,124967.0
2021-11-01,80761.0,81621.0,80285.0,81403.0,213133.0
2021-11-02,81530.0,81621.0,81281.0,81438.0,155985.0
2021-11-03,81676.0,82301.0,81671.0,82227.0,128546.0
2021-11-04,83118.0,83420.0,83108.0,83420.0,205384.0
2021-11-05,84455.0,84600.0,84426.0,84561.0,225089.0
2021-11-08,84668.0,84759.0,84145.0,84170.0,291012.0
2021-11-09,84215.0,84215.0,83785.0,83868.0,186569.0
2021-11-10,83314.0,83453.0,83267.0,83453.0,183998.0
2021-11-11,82734.0,83005.0,82640.0,82640.0,226782.0
2021-11-12,83300.0,83300.0,82530.0,82719.0,148061.0
2021-11-15,83415.0,83795.0,83415.0,83498.0,143383.0
2021-11-16,83498.0,83621.0,83197.0,83357.0,141239.0
2021-11-17,84121.0,84352.0,84057.0,84180.0,140705.0
2021-11-18,84190.0,84318.0,84082.0,84289.0,153408.0
2021-11-19,85133.0,85764.0,85005.0,85705.0,234210.0
2021-11-22,86187.0,86305.0,85981.0,85986.0,295871.0
2021-11-23,85217.0,85217.0,84745.0,84789.0,390160.0
2021-11-24,84200.0,84745.0,84200.0,84678.0,298655.0
2021-11-25,84945.0,85306.0,84861.0,85306.0,113834.0
2021-11-26,85098.0,85273.0,84688.0,84817.0,229301.0
2021-11-29,84145.0,84615.0,83853.0,84416.0,286040.0
2021-11-30,85333.0,85377.0,84372.0,84663.0,238447.0
2021-12-01,84639.0,84639.0,83493.0,84392.0,253228.0
2021-12-02,82237.0,82296.0,81896.0,81944.0,512116.0
2021-12-03,82047.0,82525.0,81691.0,82525.0,193429.0
2021-12-06,81398.0,81501.0,81206.0,81398.0,279671.0
2021-12-07,81681.0,82208.0,81676.0,82169.0,212215.0
2021-12-08,84526.0,84526.0,83853.0,84190.0,143606.0
2021-12-09,83981.0,84140.0,83863.0,83937.0,154479.0
2021-12-10,83182.0,83329.0,82967.0,83300.0,164195.0
2021-12-13,84274.0,84416.0,84234.0,84387.0,163928.0
2021-12-14,83300.0,83367.0,83068.0,83142.0,161664.0
2021-12-15,82427.0,82694.0,82291.0,82559.0,157537.0
2021-12-16,84352.0,84634.0,84077.0,84634.0,138981.0
2021-12-17,82803.0,82803.0,81745.0,81765.0,464793.0
2021-12-20,81829.0,81829.0,80979.0,81102.0,285285.0
2021-12-21,81563.0,82276.0,81530.0,82262.0,169698.0
2021-12-22,83147.0,83222.0,82836.0,83098.0,104080.0
2021-12-23,83780.0,84023.0,83743.0,83833.0,112188.0
2021-12-24,84343.0,84493.0,84225.0,84362.0,80665.0
2021-12-27,84470.0,84683.0,84470.0,84600.0,108452.0
2021-12-28,85636.0,85857.0,85522.0,85853.0,131507.0
2021-12-29,85783.0,85833.0,85537.0,85720.0,114279.0
2021-12-30,85291.0,85577.0,85035.0,85537.0,112760.0
2022-01-03,85502.0,85517.0,85197.0,85406.0,257720.0
2022-01-04,85951.0,86241.0,85882.0,86206.0,202350.0
2022-01-05,84905.0,85058.0,84639.0,84649.0,264780.0
2022-01-06,82734.0,82836.0,81916.0,82155.0,433018.0
2022-01-07,83157.0,83780.0,82807.0,82860.0,166245.0
2022-01-10,81611.0,82062.0,81443.0,81948.0,172390.0
2022-01-11,81948.0,81948.0,81359.0,81398.0,189192.0
2022-01-12,82520.0,82598.0,82140.0,82554.0,138572.0
2022-01-13,82466.0,82486.0,82193.0,82486.0,125161.0
2022-01-14,80512.0,80560.0,80043.0,80478.0,319098.0
2022-01-17,80920.0,81206.0,80863.0,81034.0,118580.0
2022-01-18,81069.0,81074.0,80137.0,80315.0,182609.0
2022-01-19,79134.0,79259.0,78312.0,78596.0,374578.0
2022-01-20,78106.0,78749.0,77940.0,78749.0,183082.0
2022-01-21,76947.0,77020.0,76126.0,76625.0,524101.0
2022-01-24,75810.0,76035.0,75704.0,76030.0,495145.0
2022-01-25,75699.0,75747.0,74418.0,74841.0,491704.0
2022-01-26,74262.0,74492.0,73779.0,74448.0,265208.0
2022-01-27,74822.0,74936.0,72796.0,73164.0,448400.0
2022-01-28,73310.0,74622.0,73310.0,74573.0,350953.0
2022-02-03,77636.0,77899.0,77541.0,77861.0,390091.0
2022-02-04,77453.0,77491.0,77109.0,77439.0,263215.0
2022-02-07,77139.0,77139.0,76505.0,77042.0,266433.0
2022-02-08,76568.0,76568.0,76084.0,76271.0,241084.0
2022-02-09,77184.0,77430.0,77051.0,77373.0,190237.0
2022-02-10,78494.0,78498.0,78250.0,78451.0,190827.0
2022-02-11,76766.0,76959.0,76018.0,76182.0,555802.0
2022-02-14,74593.0,74741.0,74339.0,74364.0,315848.0
2022-02-15,74583.0,74832.0,74349.0,74637.0,129028.0
2022-02-16,76013.0,76137.0,75909.0,76093.0,109991.0
2022-02-17,76093.0,76142.0,75351.0,75792.0,231948.0
2022-02-18,74208.0,74632.0,73848.0,74468.0,433464.0
2022-02-21,74097.0,74097.0,72313.0,73266.0,245468.0
2022-02-22,72146.0,72235.0,71170.0,71288.0,392352.0
2022-02-23,72255.0,72831.0,72255.0,72722.0,124595.0
2022-02-24,70450.0,70572.0,68722.0,69076.0,1072808.0
2022-02-25,72109.0,73077.0,72109.0,72687.0,400337.0
2022-02-28,72682.0,73410.0,72473.0,72756.0,373428.0
2022-03-02,73515.0,74127.0,73420.0,73901.0,301914.0
2022-03-03,75022.0,75119.0,74534.0,74881.0,247012.0
2022-03-04,74809.0,74809.0,72732.0,74087.0,539539.0
2022-03-07,72974.0,73144.0,72293.0,72911.0,282518.0
2022-03-08,71170.0,72045.0,71083.0,71083.0,323239.0
2022-03-10,73670.0,74087.0,73405.0,73455.0,194098.0
2022-03-11,73110.0,73115.0,72546.0,73115.0,171285.0
2022-03-14,72284.0,72390.0,71932.0,72322.0,177803.0
2022-03-15,71562.0,71638.0,70815.0,70973.0,324593.0
2022-03-16,72925.0,73410.0,72781.0,73209.0,214856.0
2022-03-17,75404.0,75466.0,73999.0,74132.0,297927.0
2022-03-18,74539.0,74539.0,73606.0,74039.0,206418.0
2022-03-21,75705.0,76276.0,75705.0,76013.0,181716.0
2022-03-22,76276.0,76463.0,76123.0,76222.0,170860.0
2022-03-23,77556.0,77752.0,77430.0,77699.0,140316.0
2022-03-24,77032.0,77368.0,76924.0,77318.0,195874.0
2022-03-25,78475.0,78748.0,78310.0,78703.0,181796.0
2022-03-28,78630.0,78753.0,78485.0,78640.0,139179.0
2022-03-29,79752.0,80053.0,79654.0,79930.0,206850.0
2022-03-30,80527.0,80706.0,80250.0,80459.0,211389.0
2022-03-31,79940.0,80172.0,79792.0,80113.0,130070.0
2022-04-01,79204.0,79258.0,78970.0,79209.0,441467.0
2022-04-04,78947.0,79176.0,78708.0,78947.0,142658.0
2022-04-05,80854.0,80854.0,80073.0,80206.0,159254.0
2022-04-06,78827.0,79014.0,78663.0,78880.0,175575.0
2022-04-07,76959.0,77271.0,76826.0,77271.0,263126.0
2022-04-08,77685.0,78040.0,77473.0,78040.0,104614.0
2022-04-11,76846.0,76896.0,76394.0,76801.0,214914.0
2022-04-12,75311.0,75524.0,75110.0,75356.0,330007.0
2022-04-13,75306.0,75501.0,75042.0,75447.0,252267.0
2022-04-14,76046.0,76379.0,75871.0,76345.0,170396.0
2022-04-15,74736.0,75538.0,74696.0,75505.0,99911.0
2022-04-18,73828.0,74334.0,73828.0,74290.0,196251.0
2022-04-19,75543.0,75618.0,75091.0,75588.0,135822.0
2022-04-20,76142.0,76281.0,75782.0,75861.0,194162.0
2022-04-21,75904.0,76271.0,75904.0,76197.0,367812.0
2022-04-22,74324.0,74398.0,73866.0,74277.0,311279.0
2022-04-25,72565.0,72565.0,72045.0,72341.0,432901.0
2022-04-26,73690.0,73975.0,73569.0,73848.0,108816.0
2022-04-27,71469.0,72450.0,71469.0,72450.0,318799.0
2022-04-28,72916.0,73427.0,72576.0,73427.0,120008.0
2022-04-29,73682.0,73873.0,73352.0,73437.0,191170.0
2022-05-02,71301.0,71749.0,71003.0,71614.0,370895.0
2022-05-03,72279.0,72762.0,72215.0,72489.0,163469.0
2022-05-04,72430.0,72498.0,72123.0,72498.0,116600.0
2022-05-06,71262.0,71637.0,71121.0,71429.0,247130.0
2022-05-09,69999.0,70149.0,69700.0,70028.0,230549.0
2022-05-10,68231.0,69010.0,67549.0,69010.0,419813.0
2022-05-11,69010.0,69553.0,68746.0,69421.0,148592.0
2022-05-12,67957.0,68321.0,66944.0,67292.0,402030.0
2022-05-13,67672.0,68055.0,67612.0,67772.0,387100.0
2022-05-16,69440.0,69548.0,68573.0,68821.0,268057.0
2022-05-17,68573.0,68836.0,68385.0,68690.0,179425.0
2022-05-18,69509.0,69642.0,69262.0,69272.0,161306.0
2022-05-19,65971.0,66498.0,65843.0,66396.0,513690.0
2022-05-20,66396.0,66723.0,66090.0,66575.0,240689.0
2022-05-23,66575.0,66580.0,66154.0,66396.0,267317.0
2022-05-24,66164.0,66164.0,65195.0,65307.0,220221.0
2022-05-25,65307.0,65576.0,65057.0,65352.0,139919.0
2022-05-26,65606.0,66251.0,65606.0,65726.0,155044.0
2022-05-27,67549.0,67712.0,67069.0,67183.0,135676.0
2022-05-30,69116.0,69788.0,69116.0,69637.0,219381.0
2022-05-31,69637.0,69687.0,68618.0,68741.0,163910.0
2022-06-02,68563.0,68781.0,68137.0,68662.0,132819.0
2022-06-03,70277.0,70282.0,69750.0,69939.0,124992.0
2022-06-07,69237.0,69237.0,65307.0,68771.0,153164.0
2022-06-08,69397.0,69667.0,69335.0,69379.0,93721.0
2022-06-09,69135.0,69411.0,68880.0,69049.0,63866.0
2022-06-10,67981.0,68365.0,67744.0,68336.0,111427.0
2022-06-13,65789.0,65897.0,64903.0,64928.0,470499.0
2022-06-14,63921.0,64742.0,63839.0,64698.0,234004.0
2022-06-15,64345.0,64394.0,64044.0,64327.0,159216.0
2022-06-16,65400.0,65711.0,64766.0,64766.0,117502.0
2022-06-17,63068.0,63302.0,62765.0,63043.0,271148.0
2022-06-20,64181.0,64322.0,63550.0,63979.0,160340.0
2022-06-21,64210.0,64600.0,64117.0,64543.0,100336.0
2022-06-22,65017.0,65121.0,64448.0,64523.0,119431.0
2022-06-23,64562.0,65679.0,64562.0,65455.0,121107.0
2022-06-24,66090.0,67094.0,66005.0,66989.0,183591.0
2022-06-27,67840.0,68291.0,67740.0,68026.0,247298.0
2022-06-28,67796.0,67816.0,67114.0,67744.0,123825.0
2022-06-29,65887.0,66154.0,65625.0,66154.0,159967.0
2022-06-30,66070.0,66328.0,65390.0,65390.0,93832.0
2022-07-01,65239.0,65239.0,64365.0,64683.0,206029.0
2022-07-04,65370.0,65499.0,65096.0,65385.0,104888.0
2022-07-05,65981.0,66198.0,65932.0,66193.0,84167.0
2022-07-06,67104.0,67558.0,66894.0,66974.0,127334.0
2022-07-07,67558.0,67736.0,67361.0,67558.0,111284.0
2022-07-08,68360.0,68633.0,68360.0,68419.0,144332.0
2022-07-11,68423.0,68578.0,68112.0,68311.0,110495.0
2022-07-12,67942.0,68064.0,67514.0,67607.0,104027.0
2022-07-13,67451.0,67509.0,67084.0,67268.0,107729.0
2022-07-14,66565.0,67168.0,66474.0,67003.0,93106.0
2022-07-15,68172.0,68457.0,68083.0,68356.0,135072.0
2022-07-18,69300.0,69637.0,69154.0,69519.0,127120.0
2022-07-19,68705.0,68705.0,68147.0,68331.0,105860.0
2022-07-20,70721.0,70721.0,69793.0,70545.0,176998.0
2022-07-21,70917.0,71356.0,70917.0,71052.0,188868.0
2022-07-22,71463.0,71863.0,71463.0,71754.0,198070.0
2022-07-25,71062.0,71121.0,70745.0,71062.0,173362.0
2022-07-26,70493.0,70493.0,70188.0,70257.0,147531.0
2022-07-27,70257.0,70545.0,70115.0,70405.0,94763.0
2022-07-28,71639.0,71820.0,70667.0,71358.0,136032.0
2022-07-29,72701.0,73301.0,72701.0,73194.0,193884.0
2022-08-01,73396.0,73722.0,73396.0,73496.0,158388.0
2022-08-02,73913.0,74026.0,73436.0,73511.0,132938.0
2022-08-03,73878.0,74085.0,73657.0,74026.0,174707.0
2022-08-04,75438.0,75779.0,75433.0,75677.0,221150.0
2022-08-05,75799.0,75962.0,75579.0,75682.0,152152.0
2022-08-08,75003.0,75619.0,74931.0,75619.0,133652.0
2022-08-09,75154.0,75361.0,75071.0,75120.0,95571.0
2022-08-10,74789.0,74789.0,74250.0,74270.0,118569.0
2022-08-11,76382.0,76513.0,75882.0,76431.0,266972.0
2022-08-12,76160.0,76160.0,75648.0,75902.0,285136.0
2022-08-16,77382.0,78378.0,77369.0,77993.0,231290.0
2022-08-17,78027.0,78117.0,77931.0,78072.0,218743.0
2022-08-18,77179.0,77721.0,77114.0,77508.0,143264.0
2022-08-19,78304.0,78358.0,77906.0,77926.0,211720.0
2022-08-22,76851.0,77203.0,76831.0,77008.0,377642.0
2022-08-23,75774.0,76016.0,75357.0,75410.0,292955.0
2022-08-24,75410.0,75594.0,75178.0,75525.0,107135.0
2022-08-25,75712.0,76255.0,75564.0,76135.0,355118.0
2022-08-26,76572.0,76723.0,76255.0,76289.0,170094.0
2022-08-29,72525.0,73642.0,72525.0,73557.0,330070.0
2022-08-30,73712.0,74006.0,73552.0,73873.0,171634.0
2022-08-31,72988.0,73267.0,72786.0,72811.0,279689.0
2022-09-01,71635.0,71983.0,71470.0,71815.0,210987.0
2022-09-02,72844.0,73144.0,72626.0,73144.0,156748.0
2022-09-05,72306.0,72892.0,72103.0,72826.0,347796.0
2022-09-06,72696.0,73291.0,72550.0,73169.0,98871.0
2022-09-07,72378.0,72801.0,72169.0,72706.0,183752.0
2022-09-08,74427.0,74427.0,73767.0,74303.0,177554.0
2022-09-13,76552.0,76801.0,76480.0,76641.0,276864.0
2022-09-14,73416.0,73589.0,73087.0,73589.0,314620.0
2022-09-15,74011.0,74265.0,73883.0,74056.0,115601.0
2022-09-16,72550.0,72550.0,71751.0,72325.0,209670.0
2022-09-19,71890.0,72112.0,71572.0,71795.0,128299.0
2022-09-20,72878.0,72978.0,72597.0,72786.0,91762.0
2022-09-21,72028.0,72378.0,71895.0,72198.0,137394.0
2022-09-22,70692.0,71465.0,70677.0,71465.0,186701.0
2022-09-23,70968.0,71318.0,70556.0,70761.0,141967.0
2022-09-26,70081.0,70625.0,70023.0,70174.0,246290.0
2022-09-27,70551.0,70994.0,70551.0,70938.0,196347.0
2022-09-28,70434.0,70776.0,70046.0,70591.0,195603.0
2022-09-29,71490.0,72179.0,71490.0,71625.0,115685.0
2022-09-30,70144.0,70247.0,69627.0,70154.0,209583.0
2022-10-04,70712.0,71078.0,70702.0,70883.0,121148.0
2022-10-05,71658.0,71733.0,71107.0,71107.0,122511.0
2022-10-06,71983.0,72028.0,71127.0,71214.0,176552.0
2022-10-07,70489.0,70928.0,70444.0,70532.0,77564.0
2022-10-11,68460.0,69295.0,68165.0,68412.0,167865.0
2022-10-12,67808.0,68003.0,67580.0,68003.0,216798.0
2022-10-13,67896.0,67896.0,67289.0,67413.0,99444.0
2022-10-14,68735.0,69378.0,68640.0,69324.0,134766.0
2022-10-17,67496.0,67916.0,67343.0,67733.0,157773.0
2022-10-18,69687.0,70351.0,69582.0,70124.0,130372.0
2022-10-19,70223.0,70312.0,69778.0,69979.0,87281.0
2022-10-20,69324.0,69353.0,68764.0,69072.0,179972.0
2022-10-21,68716.0,69178.0,68551.0,69091.0,92512.0
2022-10-24,71150.0,71616.0,71150.0,71558.0,195684.0
2022-10-25,72149.0,72149.0,71601.0,71790.0,140923.0
2022-10-26,71440.0,71558.0,71224.0,71313.0,134135.0
2022-10-27,70981.0,71279.0,70781.0,70986.0,109105.0
2022-10-28,69924.0,70272.0,68725.0,68818.0,146118.0
2022-10-31,71104.0,71664.0,71104.0,71626.0,150799.0
2022-11-01,71412.0,71525.0,70973.0,71250.0,93146.0
2022-11-02,70046.0,70371.0,70023.0,70247.0,82258.0
2022-11-03,68454.0,68459.0,67831.0,67934.0,294126.0
2022-11-04,66993.0,67426.0,66647.0,66998.0,176291.0
2022-11-07,66993.0,66998.0,66306.0,66389.0,172184.0
2022-11-08,66903.0,67059.0,66384.0,66419.0,132553.0
2022-11-09,66697.0,66858.0,65929.0,66062.0,171992.0
2022-11-10,64982.0,65313.0,64623.0,65313.0,174292.0
2022-11-11,69095.0,69095.0,66993.0,67460.0,275028.0
2022-11-14,67677.0,68401.0,67381.0,68114.0,179666.0
2022-11-15,68017.0,68283.0,67920.0,68164.0,110647.0
2022-11-16,68348.0,69085.0,68348.0,68983.0,106409.0
2022-11-17,68635.0,69105.0,68382.0,69105.0,136056.0
2022-11-18,68878.0,68878.0,68435.0,68473.0,68789.0
2022-11-21,68546.0,69119.0,68473.0,69105.0,82540.0
2022-11-22,68938.0,69047.0,68473.0,68644.0,70185.0
2022-11-23,69289.0,69381.0,69119.0,69255.0,76255.0
2022-11-24,69547.0,69597.0,68808.0,68938.0,71260.0
2022-11-25,69080.0,69381.0,68663.0,68888.0,80471.0
2022-11-28,68683.0,68725.0,68209.0,68397.0,69473.0
2022-11-29,67977.0,68066.0,67376.0,67652.0,121539.0
2022-11-30,66893.0,66893.0,66356.0,66453.0,156227.0
2022-12-01,68468.0,68808.0,68333.0,68449.0,914576.0
2022-12-02,68620.0,68620.0,68154.0,68382.0,85668.0
2022-12-05,68283.0,68283.0,67647.0,67722.0,111292.0
2022-12-06,67244.0,67948.0,67078.0,67948.0,299944.0
2022-12-07,67088.0,67113.0,66536.0,66858.0,99978.0
2022-12-08,66854.0,66854.0,66111.0,66268.0,560702.0
2022-12-09,67002.0,67108.0,66356.0,66492.0,79969.0
2022-12-12,65836.0,66286.0,65826.0,66077.0,135254.0
2022-12-13,66821.0,67031.0,66624.0,66722.0,65502.0
2022-12-14,66796.0,67460.0,66796.0,67277.0,61152.0
2022-12-15,67118.0,67118.0,66747.0,66983.0,49461.0
2022-12-16,65909.0,65909.0,64854.0,64933.0,225729.0
2022-12-19,64839.0,64839.0,63982.0,64219.0,118174.0
2022-12-20,63568.0,63568.0,61997.0,62100.0,265893.0
2022-12-21,62706.0,62962.0,62238.0,62589.0,95221.0
2022-12-22,63099.0,63259.0,62816.0,62962.0,70116.0
2022-12-23,61762.0,62100.0,61338.0,61460.0,142794.0
2022-12-26,61460.0,61485.0,61122.0,61362.0,87154.0
2022-12-27,61659.0,61688.0,61294.0,61539.0,70009.0
2022-12-28,60427.0,60455.0,60018.0,60145.0,121872.0
2022-12-29,59978.0,59978.0,59224.0,59460.0,93536.0
2023-01-02,60495.0,60495.0,59741.0,60158.0,1055081.0
2023-01-03,60849.0,61156.0,60495.0,61059.0,483929.0
2023-01-04,60974.0,60974.0,60436.0,60658.0,82166.0
2023-01-05,60658.0,60849.0,60390.0,60585.0,51003.0
2023-01-06,60048.0,60048.0,59620.0,59840.0,75362.0
2023-01-09,60732.0,60786.0,60242.0,60336.0,82570.0
2023-01-10,60336.0,60604.0,59968.0,60395.0,57320.0
2023-01-11,60874.0,61314.0,60869.0,61102.0,74070.0
2023-01-12,61942.0,62253.0,61811.0,62253.0,89574.0
2023-01-13,62273.0,62293.0,61891.0,62180.0,72414.0
2023-01-16,62398.0,62467.0,62263.0,62345.0,94405.0
2023-01-17,62481.0,62481.0,62145.0,62210.0,89500.0
2023-01-18,62253.0,63147.0,62253.0,62741.0,141834.0
2023-01-19,62100.0,62288.0,61515.0,61534.0,77010.0
2023-01-20,61127.0,61420.0,61034.0,61401.0,77773.0
2023-01-25,63239.0,63664.0,63209.0,63470.0,110332.0
2023-01-26,63841.0,64072.0,63734.0,64062.0,74407.0
2023-01-27,64571.0,64633.0,64408.0,64576.0,92422.0
2023-01-30,65344.0,65437.0,65024.0,65024.0,92873.0
2023-01-31,64590.0,64604.0,63972.0,64111.0,87343.0
2023-02-01,64875.0,65059.0,64855.0,65006.0,84127.0
2023-02-02,66607.0,66794.0,66406.0,66665.0,146144.0
2023-02-03,67399.0,67885.0,67399.0,67820.0,200057.0
2023-02-06,68376.0,68615.0,68208.0,68615.0,153133.0
2023-02-07,68818.0,68818.0,68540.0,68639.0,118066.0
2023-02-08,69653.0,70337.0,69593.0,70308.0,141756.0
2023-02-09,69347.0,69503.0,69027.0,69318.0,139037.0
2023-02-10,68530.0,68673.0,68332.0,68424.0,117538.0
2023-02-13,68148.0,68580.0,67976.0,68580.0,75243.0
2023-02-14,69444.0,69588.0,69157.0,69362.0,60435.0
2023-02-15,69770.0,70411.0,69770.0,70219.0,135850.0
2023-02-16,71370.0,71736.0,71370.0,71532.0,176494.0
2023-02-17,70194.0,70617.0,69990.0,70298.0,101209.0
2023-02-20,70298.0,70298.0,69945.0,70107.0,65086.0
2023-02-21,70087.0,70107.0,69814.0,69925.0,57698.0
2023-02-22,68808.0,69147.0,68803.0,69037.0,106804.0
2023-02-23,69260.0,69429.0,68988.0,69100.0,69929.0
2023-02-24,69080.0,69381.0,68998.0,69377.0,67861.0
2023-02-27,68863.0,69459.0,68863.0,69459.0,81778.0
2023-02-28,69553.0,70087.0,69553.0,69980.0,68938.0
2023-03-02,69405.0,69405.0,68123.0,68439.0,146417.0
2023-03-03,68913.0,69052.0,68332.0,68525.0,60635.0
2023-03-06,70233.0,70233.0,69513.0,69945.0,123482.0
2023-03-07,69945.0,70268.0,69940.0,70189.0,79213.0
2023-03-08,69995.0,70392.0,69950.0,70223.0,102379.0
2023-03-09,70233.0,70647.0,70233.0,70647.0,85077.0
2023-03-10,69593.0,69598.0,69205.0,69260.0,88906.0
2023-03-13,69162.0,69167.0,68525.0,68725.0,161618.0
2023-03-14,68040.0,68649.0,67860.0,68540.0,74345.0
2023-03-15,69578.0,69819.0,69391.0,69819.0,131548.0
2023-03-16,70288.0,70900.0,70288.0,70660.0,132045.0
2023-03-17,71894.0,72092.0,71562.0,71889.0,204197.0
2023-03-20,71908.0,72082.0,71619.0,71667.0,138621.0
2023-03-21,71677.0,72183.0,71677.0,72183.0,68661.0
2023-03-22,72617.0,73126.0,72612.0,73029.0,146869.0
2023-03-23,71707.0,71727.0,70719.0,71071.0,147790.0
2023-03-24,71692.0,72148.0,71624.0,72148.0,116702.0
2023-03-27,72637.0,73155.0,72589.0,73131.0,138132.0
2023-03-28,72333.0,72333.0,71972.0,72266.0,95129.0
2023-03-29,72115.0,72495.0,71760.0,72495.0,67657.0
2023-03-30,73422.0,73492.0,73136.0,73210.0,129656.0
2023-03-31,73517.0,73979.0,73432.0,73885.0,161820.0
2023-04-03,74943.0,75747.0,74943.0,75481.0,262639.0
2023-04-04,75399.0,75663.0,75031.0,75663.0,189788.0
2023-04-05,75535.0,75535.0,75085.0,75261.0,129195.0
2023-04-06,74498.0,74802.0,74494.0,74788.0,147893.0
2023-04-07,75306.0,75510.0,75306.0,75374.0,80061.0
2023-04-10,75217.0,75530.0,75172.0,75187.0,126320.0
2023-04-11,75409.0,75604.0,75291.0,75604.0,102189.0
2023-04-12,75379.0,75379.0,75182.0,75222.0,73542.0
2023-04-13,74361.0,74729.0,73851.0,74008.0,330813.0
2023-04-14,74758.0,74850.0,74380.0,74611.0,83866.0
2023-04-17,74739.0,75321.0,74739.0,75177.0,108519.0
2023-04-18,75379.0,75672.0,75379.0,75614.0,105923.0
2023-04-19,75564.0,75747.0,75356.0,75653.0,305343.0
2023-04-20,75849.0,76156.0,75291.0,75574.0,154943.0
2023-04-21,75237.0,75785.0,75237.0,75634.0,126567.0
2023-04-24,75722.0,75883.0,75515.0,75687.0,106367.0
2023-04-25,75634.0,75864.0,75476.0,75544.0,329013.0
2023-04-26,75476.0,75702.0,75394.0,75429.0,210366.0
2023-04-27,75429.0,75767.0,75360.0,75654.0,139578.0
2023-04-28,76910.0,77212.0,76881.0,77037.0,223264.0
2023-05-02,77462.0,77704.0,77037.0,77685.0,208479.0
2023-05-03,76984.0,77099.0,76751.0,76944.0,93119.0
2023-05-04,76896.0,76896.0,75723.0,75791.0,116824.0
2023-05-08,76395.0,76929.0,76395.0,76689.0,292125.0
2023-05-09,76900.0,77159.0,76826.0,77013.0,74634.0
2023-05-10,76723.0,76801.0,76621.0,76732.0,61923.0
2023-05-11,77069.0,77714.0,77069.0,77714.0,127921.0
2023-05-12,77904.0,78620.0,77871.0,78431.0,196888.0
2023-05-15,78193.0,78298.0,78026.0,78268.0,175837.0
2023-05-16,78441.0,78585.0,78308.0,78560.0,121296.0
2023-05-17,79012.0,79116.0,78813.0,78813.0,159678.0
2023-05-18,79340.0,79620.0,79144.0,79414.0,140786.0
2023-05-19,80444.0,81185.0,80444.0,80533.0,187964.0
2023-05-22,80160.0,80347.0,79684.0,79837.0,124544.0
2023-05-23,80022.0,80091.0,79699.0,79768.0,100826.0
2023-05-24,79233.0,79350.0,78837.0,78953.0,106555.0
2023-05-25,79572.0,80371.0,79572.0,80371.0,142485.0
2023-05-26,81116.0,81175.0,80655.0,80903.0,150403.0
2023-05-30,82588.0,83399.0,82568.0,83360.0,304253.0
2023-05-31,83289.0,83332.0,82890.0,83116.0,147757.0
2023-06-01,82539.0,82734.0,82200.0,82635.0,123896.0
2023-06-02,83336.0,83336.0,82803.0,82870.0,88546.0
2023-06-05,83047.0,83307.0,83018.0,83145.0,96985.0
2023-06-07,83145.0,83195.0,82822.0,83160.0,86769.0
2023-06-08,81929.0,82087.0,81381.0,81460.0,121276.0
2023-06-09,82509.0,82509.0,82002.0,82047.0,62948.0
2023-06-12,82375.0,82654.0,82298.0,82420.0,78716.0
2023-06-13,83279.0,83399.0,82679.0,82865.0,151288.0
2023-06-14,82979.0,83587.0,82930.0,83502.0,136434.0
2023-06-15,83921.0,84441.0,83822.0,84071.0,184005.0
2023-06-16,84686.0,84820.0,84367.0,84710.0,177706.0
2023-06-19,84705.0,84964.0,84471.0,84782.0,105270.0
2023-06-20,84782.0,84870.0,84367.0,84514.0,98067.0
2023-06-21,85052.0,85497.0,85029.0,85245.0,135357.0
2023-06-22,84110.0,84239.0,83936.0,84095.0,101258.0
2023-06-23,85572.0,85798.0,85453.0,85627.0,121767.0
2023-06-26,85627.0,85671.0,85157.0,85346.0,128452.0
2023-06-27,84189.0,84431.0,83831.0,84056.0,113314.0
2023-06-28,84934.0,85414.0,84835.0,85399.0,251062.0
2023-06-29,86199.0,86529.0,85892.0,86460.0,157666.0
2023-06-30,86677.0,86741.0,86382.0,86564.0,102156.0
2023-07-03,87436.0,87558.0,86949.0,87185.0,135837.0
2023-07-04,87073.0,87087.0,86534.0,86706.0,95489.0
2023-07-05,86357.0,87033.0,86357.0,86387.0,74984.0
2023-07-06,86949.0,87063.0,86347.0,86440.0,121314.0
2023-07-07,86450.0,86648.0,86190.0,86244.0,76762.0
2023-07-10,85627.0,85862.0,85532.0,85632.0,94779.0
2023-07-11,85636.0,85882.0,85177.0,85617.0,71294.0
2023-07-12,85646.0,85882.0,85448.0,85577.0,58800.0
2023-07-13,85793.0,86091.0,85734.0,85932.0,94885.0
2023-07-14,86682.0,86802.0,86136.0,86529.0,119961.0
2023-07-17,86460.0,86609.0,86190.0,86416.0,69774.0
2023-07-18,87043.0,87155.0,86509.0,86807.0,100542.0
2023-07-19,87690.0,88035.0,87558.0,87985.0,149898.0
2023-07-20,87540.0,87695.0,87215.0,87695.0,90678.0
2023-07-21,86653.0,87195.0,86465.0,87136.0,144036.0
2023-07-24,86988.0,87239.0,86494.0,86604.0,114741.0
2023-07-25,86778.0,87008.0,86534.0,86534.0,89246.0
2023-07-26,86846.0,87264.0,86846.0,86900.0,160665.0
2023-07-27,86746.0,87456.0,86323.0,87402.0,89047.0
2023-07-28,86988.0,87288.0,86528.0,86934.0,129408.0
2023-07-31,88256.0,88353.0,87457.0,87878.0,99686.0
2023-08-01,88204.0,88659.0,88110.0,88659.0,120988.0
2023-08-02,88306.0,88771.0,88286.0,88713.0,164472.0
2023-08-03,87569.0,87779.0,87362.0,87491.0,193216.0
2023-08-04,87501.0,88746.0,87491.0,88703.0,103903.0
2023-08-07,87739.0,87883.0,87412.0,87794.0,96711.0
2023-08-08,88228.0,88585.0,88155.0,88472.0,140659.0
2023-08-09,88286.0,88625.0,88174.0,88315.0,74478.0
2023-08-10,87377.0,87705.0,87288.0,87574.0,92486.0
2023-08-11,87691.0,87931.0,87642.0,87917.0,75645.0
2023-08-14,87912.0,87991.0,87387.0,87531.0,81756.0
2023-08-16,88482.0,88506.0,88165.0,88228.0,124302.0
2023-08-17,87541.0,87559.0,87244.0,87559.0,118283.0
2023-08-18,86346.0,86351.0,85955.0,86277.0,136503.0
2023-08-21,86395.0,86691.0,86326.0,86473.0,79816.0
2023-08-22,87589.0,87729.0,87452.0,87541.0,236554.0
2023-08-23,87612.0,87981.0,87574.0,87981.0,78773.0
2023-08-24,89042.0,89169.0,88751.0,88865.0,116093.0
2023-08-25,86317.0,86424.0,85870.0,85885.0,180167.0
2023-08-28,86822.0,86934.0,86513.0,86817.0,92225.0
2023-08-29,87328.0,87501.0,87225.0,87427.0,118804.0
2023-08-30,88948.0,89341.0,88938.0,89256.0,142286.0
2023-08-31,89694.0,89889.0,89542.0,89684.0,180978.0
2023-09-01,90039.0,90064.0,89489.0,89596.0,100523.0
2023-09-04,89679.0,89814.0,89479.0,89799.0,58857.0
2023-09-05,89724.0,90278.0,89621.0,90278.0,73584.0
2023-09-06,90589.0,90877.0,90248.0,90412.0,122498.0
2023-09-07,90019.0,90169.0,89641.0,89719.0,81613.0
2023-09-08,89469.0,89537.0,89110.0,89523.0,78996.0
2023-09-11,89528.0,89641.0,89356.0,89641.0,63140.0
2023-09-12,89879.0,90034.0,89714.0,90034.0,59012.0
2023-09-13,89096.0,89183.0,88952.0,89110.0,61763.0
2023-09-14,89509.0,89714.0,89509.0,89709.0,72511.0
2023-09-15,90253.0,90362.0,90160.0,90234.0,68129.0
2023-09-18,88722.0,88771.0,88383.0,88467.0,99873.0
2023-09-19,88467.0,88575.0,88281.0,88575.0,53513.0
2023-09-20,88496.0,88694.0,88344.0,88694.0,45870.0
2023-09-21,87481.0,87813.0,87432.0,87720.0,77002.0
2023-09-22,86326.0,86802.0,86267.0,86802.0,123998.0
2023-09-25,86802.0,86802.0,86018.0,86439.0,68604.0
2023-09-26,86706.0,87111.0,86459.0,86846.0,54525.0
2023-09-27,86667.0,86691.0,86258.0,86459.0,90703.0
2023-10-04,86613.0,87343.0,86400.0,86488.0,101391.0
2023-10-05,87627.0,88021.0,87293.0,87486.0,59303.0
2023-10-06,87392.0,87392.0,86900.0,87190.0,45293.0
2023-10-10,88952.0,89444.0,88732.0,89226.0,360106.0
2023-10-11,89226.0,89474.0,88952.0,89105.0,205560.0
2023-10-12,89699.0,90128.0,89646.0,89889.0,63861.0
2023-10-13,89919.0,90069.0,89829.0,89875.0,64339.0
2023-10-16,89105.0,89439.0,89105.0,89376.0,137765.0
2023-10-17,89799.0,90098.0,89749.0,89964.0,128014.0
2023-10-18,89714.0,89714.0,89256.0,89346.0,50546.0
2023-10-19,88742.0,88928.0,88595.0,88635.0,67940.0
2023-10-20,87971.0,88276.0,87185.0,87293.0,87203.0
2023-10-23,86623.0,86774.0,86498.0,86731.0,72085.0
2023-10-24,86672.0,86672.0,86248.0,86533.0,94632.0
2023-10-25,86822.0,86924.0,86677.0,86875.0,79266.0
2023-10-26,84630.0,84916.0,84625.0,84916.0,133024.0
2023-10-27,84759.0,84759.0,84190.0,84654.0,120178.0
2023-10-30,84775.0,84823.0,84442.0,84546.0,614703.0
2023-10-31,84551.0,84741.0,84334.0,84497.0,69489.0
2023-11-01,85215.0,85793.0,85215.0,85764.0,231550.0
2023-11-02,87007.0,87115.0,86655.0,86730.0,281744.0
2023-11-03,87144.0,87209.0,86065.0,86369.0,289281.0
2023-11-06,86685.0,87125.0,86045.0,86045.0,132553.0
2023-11-07,86305.0,86977.0,86305.0,86801.0,77545.0
2023-11-08,87521.0,87931.0,87219.0,87818.0,129245.0
2023-11-09,87724.0,88121.0,87516.0,87981.0,106661.0
2023-11-10,87632.0,87789.0,87536.0,87734.0,50659.0
2023-11-13,89554.0,89907.0,89536.0,89907.0,173945.0
2023-11-14,89841.0,90490.0,89672.0,90481.0,90835.0
2023-11-15,90906.0,90950.0,90356.0,90611.0,126242.0
2023-11-16,90611.0,90783.0,86725.0,90012.0,106900.0
2023-11-17,89777.0,90203.0,89663.0,90117.0,79087.0
2023-11-20,89997.0,90218.0,89199.0,89554.0,137824.0
2023-11-21,90744.0,90990.0,90500.0,90812.0,138284.0
2023-11-22,90602.0,90788.0,90203.0,90788.0,82832.0
2023-11-23,91417.0,91471.0,91119.0,91306.0,107113.0
2023-11-24,91397.0,91801.0,91266.0,91786.0,96060.0
2023-11-27,91301.0,91364.0,91015.0,91123.0,80436.0
2023-11-28,91099.0,91099.0,90485.0,90724.0,65449.0
2023-11-29,90607.0,90916.0,90441.0,90763.0,95002.0
2023-11-30,90754.0,90970.0,90520.0,90837.0,63501.0
2023-12-01,90896.0,91422.0,90832.0,91335.0,71705.0
2023-12-04,90877.0,91441.0,90778.0,91422.0,105049.0
2023-12-05,91114.0,91247.0,90955.0,90975.0,112069.0
2023-12-06,91728.0,92058.0,91678.0,91980.0,114503.0
2023-12-07,91325.0,92029.0,91266.0,91921.0,81111.0
2023-12-08,92455.0,92500.0,91771.0,91876.0,86129.0
2023-12-11,92864.0,93022.0,92809.0,92912.0,114898.0
2023-12-12,93758.0,93945.0,93733.0,93837.0,97851.0
2023-12-13,94281.0,94925.0,94281.0,94895.0,100088.0
2023-12-14,94900.0,95376.0,94404.0,94835.0,186848.0
2023-12-15,93990.0,94311.0,93768.0,94266.0,139706.0
2023-12-18,94945.0,95154.0,94770.0,94963.0,269408.0
2023-12-19,95573.0,96123.0,95414.0,96024.0,165003.0
2023-12-20,96074.0,96340.0,95917.0,96019.0,123829.0
2023-12-21,94905.0,95414.0,94885.0,95414.0,109859.0
2023-12-22,95381.0,95593.0,95346.0,95563.0,105472.0
2023-12-26,95834.0,95990.0,95454.0,95695.0,114220.0
2023-12-27,96094.0,96187.0,95869.0,96064.0,87899.0
2023-12-28,96074.0,96172.0,95824.0,95985.0,101646.0
2024-01-02,95985.0,96360.0,95735.0,96172.0,345437.0
2024-01-03,95361.0,95361.0,94755.0,94820.0,175244.0
2024-01-04,94345.0,94399.0,94137.0,94320.0,460452.0
2024-01-05,94067.0,94256.0,93866.0,94014.0,99636.0
2024-01-08,94217.0,94385.0,94142.0,94231.0,82016.0
2024-01-09,95917.0,96113.0,95700.0,96113.0,325436.0
2024-01-10,96616.0,96894.0,96571.0,96712.0,126455.0
2024-01-11,97407.0,97567.0,97209.0,97209.0,375450.0
2024-01-12,97072.0,97142.0,96806.0,96997.0,157865.0
2024-01-15,97032.0,97870.0,97032.0,97811.0,105168.0
2024-01-16,97577.0,98022.0,97393.0,97938.0,90207.0
2024-01-17,98582.0,99285.0,98582.0,98725.0,144996.0
2024-01-18,98730.0,98906.0,98391.0,98553.0,108988.0
2024-01-19,99776.0,100169.0,99718.0,100145.0,130995.0
2024-01-22,101512.0,102425.0,101512.0,102386.0,202565.0
2024-01-23,102048.0,102092.0,101570.0,101615.0,165121.0
2024-01-24,102470.0,102889.0,102455.0,102712.0,178423.0
2024-01-25,102609.0,102790.0,102460.0,102732.0,118581.0
2024-01-26,102381.0,102530.0,101950.0,102077.0,183097.0
2024-01-29,102077.0,102386.0,102067.0,102342.0,102746.0
2024-01-30,103255.0,103255.0,102752.0,102752.0,111124.0
2024-01-31,101421.0,101792.0,101329.0,101702.0,141106.0
2024-02-01,100825.0,100845.0,100566.0,100566.0,194629.0
2024-02-02,102122.0,102269.0,101643.0,101792.0,126423.0
2024-02-05,103319.0,103687.0,102911.0,102983.0,129861.0
2024-02-06,103274.0,103274.0,102801.0,102911.0,119479.0
2024-02-07,102402.0,102610.0,102186.0,102412.0,118119.0
2024-02-08,103517.0,103770.0,103404.0,103659.0,238091.0
2024-02-13,104168.0,104339.0,104084.0,104339.0,173039.0
2024-02-14,103765.0,103795.0,103339.0,103429.0,203423.0
2024-02-15,104109.0,104431.0,104109.0,104397.0,143055.0
2024-02-16,104417.0,104857.0,104402.0,104857.0,107926.0
2024-02-19,103855.0,104099.0,103663.0,103994.0,148212.0
2024-02-20,103969.0,104029.0,103551.0,103750.0,143747.0
2024-02-21,102782.0,102826.0,102486.0,102654.0,143106.0
2024-02-22,103448.0,103895.0,103448.0,103620.0,136702.0
2024-02-23,104832.0,105288.0,104832.0,105248.0,133419.0
2024-02-26,105248.0,105248.0,104603.0,104733.0,130496.0
2024-02-27,104738.0,104910.0,104673.0,104673.0,106421.0
2024-02-28,105111.0,105625.0,105039.0,105193.0,86800.0
2024-02-29,104723.0,104885.0,104593.0,104593.0,126222.0
2024-03-04,107034.0,107181.0,106795.0,107158.0,168059.0
2024-03-05,106535.0,106692.0,106440.0,106495.0,146601.0
2024-03-06,105293.0,105520.0,105223.0,105318.0,189651.0
2024-03-07,105778.0,105778.0,104728.0,105161.0,166375.0
2024-03-08,106196.0,106464.0,105983.0,105983.0,135360.0
2024-03-11,104388.0,104436.0,103644.0,103663.0,261375.0
2024-03-12,103825.0,104104.0,103755.0,104089.0,154721.0
2024-03-13,105077.0,105348.0,104837.0,105253.0,113850.0
2024-03-14,104648.0,105121.0,104520.0,105054.0,137175.0
2024-03-15,105004.0,105156.0,104633.0,104984.0,103437.0
2024-03-18,104465.0,105087.0,104280.0,105029.0,97954.0
2024-03-19,105398.0,105812.0,105373.0,105705.0,116014.0
2024-03-20,105938.0,106112.0,105812.0,106053.0,80619.0
2024-03-21,107108.0,107255.0,106815.0,106860.0,146211.0
2024-03-22,107440.0,108024.0,107290.0,107896.0,106071.0
2024-03-25,108220.0,108492.0,107634.0,108014.0,158120.0
2024-03-26,107833.0,107945.0,107485.0,107838.0,130611.0
2024-03-27,107818.0,108398.0,107709.0,108349.0,115334.0
2024-03-28,108349.0,108614.0,107906.0,108121.0,138897.0
2024-03-29,108175.0,108574.0,108136.0,108574.0,59340.0
2024-04-01,108733.0,109018.0,108589.0,108949.0,152890.0
2024-04-02,108708.0,108807.0,108477.0,108664.0,122217.0
2024-04-03,107699.0,107709.0,106984.0,107108.0,183518.0
2024-04-04,107828.0,108171.0,107689.0,107866.0,91437.0
2024-04-05,106142.0,106629.0,106073.0,106580.0,178913.0
2024-04-08,107699.0,107984.0,107590.0,107719.0,80492.0
2024-04-09,107724.0,107994.0,107724.0,107989.0,53549.0
2024-04-11,107921.0,108136.0,107734.0,108136.0,69116.0
2024-04-12,109921.0,110742.0,109921.0,110742.0,137608.0
2024-04-15,109757.0,110033.0,109522.0,110033.0,160740.0
2024-04-16,108230.0,108817.0,108054.0,108324.0,219173.0
2024-04-17,108594.0,108752.0,107358.0,107649.0,182342.0
2024-04-18,106340.0,106405.0,105855.0,106201.0,196521.0
2024-04-19,105293.0,105353.0,104029.0,104693.0,363479.0
2024-04-22,103659.0,104004.0,103477.0,103979.0,183586.0
2024-04-23,104168.0,104241.0,103890.0,104148.0,133402.0
2024-04-24,105933.0,106107.0,105734.0,105988.0,141256.0
2024-04-25,104930.0,105101.0,104417.0,104417.0,118018.0
2024-04-26,106285.0,106865.0,106265.0,106590.0,103417.0
2024-04-29,107432.0,108114.0,107394.0,107671.0,99651.0
2024-04-30,107706.0,108470.0,107384.0,107947.0,77101.0
2024-05-02,105579.0,105895.0,105352.0,105462.0,206923.0
2024-05-03,106147.0,106305.0,105619.0,105624.0,209903.0
2024-05-07,107736.0,107947.0,107611.0,107947.0,158396.0
2024-05-08,108085.0,108627.0,108085.0,108426.0,116329.0
2024-05-09,108362.0,108716.0,108322.0,108657.0,101891.0
2024-05-10,108864.0,109091.0,108795.0,109041.0,102644.0
2024-05-13,109323.0,109595.0,109230.0,109487.0,111631.0
2024-05-14,109412.0,109472.0,109288.0,109467.0,159584.0
2024-05-16,110768.0,110933.0,110158.0,110188.0,174474.0
2024-05-17,110113.0,110858.0,110048.0,110649.0,133479.0
2024-05-20,110649.0,110997.0,110601.0,110803.0,124984.0
2024-05-21,111707.0,112160.0,111697.0,111839.0,144824.0
2024-05-22,112268.0,112457.0,112051.0,112195.0,129605.0
2024-05-23,112859.0,113230.0,112711.0,112993.0,143629.0
2024-05-24,112185.0,112505.0,112085.0,112185.0,185027.0
2024-05-27,112795.0,112938.0,112721.0,112830.0,124615.0
2024-05-28,112800.0,112888.0,112408.0,112608.0,129802.0
2024-05-29,113255.0,113349.0,112716.0,112810.0,121608.0
2024-05-30,112643.0,112908.0,112573.0,112908.0,130533.0
2024-05-31,112016.0,112608.0,111784.0,112583.0,117009.0
2024-06-03,112648.0,112908.0,112388.0,112553.0,135707.0
2024-06-04,112553.0,112563.0,112011.0,112427.0,134721.0
2024-06-05,112785.0,113123.0,112481.0,112840.0,123361.0
2024-06-07,114419.0,114735.0,114195.0,114528.0,136912.0
2024-06-10,115134.0,115392.0,114891.0,114891.0,119531.0
2024-06-11,115184.0,115696.0,115184.0,115696.0,105076.0
2024-06-12,116569.0,116707.0,116381.0,116510.0,147494.0
2024-06-13,117763.0,118577.0,117763.0,118483.0,185307.0
2024-06-14,118636.0,119109.0,118602.0,119104.0,171137.0
2024-06-17,119717.0,119914.0,119273.0,119431.0,176800.0
2024-06-18,120808.0,120949.0,120619.0,120925.0,214072.0
2024-06-19,120949.0,121181.0,120789.0,121181.0,146046.0
2024-06-20,121191.0,122055.0,121191.0,122016.0,169424.0
2024-06-21,121176.0,121335.0,120664.0,120885.0,207955.0
2024-06-24,120885.0,120890.0,120229.0,120569.0,149081.0
2024-06-25,119016.0,119199.0,118690.0,119114.0,190475.0
2024-06-26,120516.0,120734.0,120457.0,120679.0,132646.0
2024-06-27,120634.0,120679.0,120054.0,120142.0,130415.0
2024-06-28,120890.0,121275.0,120342.0,120347.0,141856.0
2024-07-01,119752.0,120122.0,119667.0,119969.0,133093.0
2024-07-02,120624.0,120831.0,120259.0,120729.0,168369.0
2024-07-03,121977.0,122445.0,121843.0,122405.0,189352.0
2024-07-04,123018.0,123018.0,122493.0,122538.0,155683.0
2024-07-05,122420.0,122774.0,122208.0,122774.0,191376.0
2024-07-08,123327.0,123978.0,123327.0,123978.0,205847.0
2024-07-09,124702.0,124921.0,124586.0,124595.0,248762.0
2024-07-10,124615.0,125029.0,124615.0,124732.0,201920.0
2024-07-11,125695.0,125739.0,125217.0,125374.0,205479.0
2024-07-12,122011.0,122676.0,121779.0,122676.0,361759.0
2024-07-15,123441.0,124241.0,123317.0,124177.0,157209.0
2024-07-16,124349.0,124674.0,124349.0,124516.0,175240.0
2024-07-17,124506.0,124506.0,123038.0,123038.0,215116.0
2024-07-18,119840.0,121058.0,119767.0,121038.0,372318.0
2024-07-19,120654.0,120816.0,120372.0,120739.0,250812.0
2024-07-22,119934.0,119934.0,119322.0,119752.0,337495.0
2024-07-23,120644.0,120826.0,120191.0,120337.0,184183.0
2024-07-24,119776.0,119969.0,119079.0,119169.0,168141.0
2024-07-25,115800.0,116604.0,115677.0,116190.0,504298.0
2024-07-26,114945.0,115617.0,114769.0,115372.0,235491.0
2024-07-29,116210.0,116673.0,116210.0,116520.0,305603.0
2024-07-30,115666.0,116165.0,115376.0,116160.0,176949.0
2024-07-31,115172.0,115685.0,114840.0,115401.0,297256.0
2024-08-01,117935.0,118217.0,116748.0,117058.0,251116.0
2024-08-02,113364.0,113695.0,112073.0,112073.0,495269.0
2024-08-05,108542.0,108842.0,102825.0,104767.0,1244678.0
2024-08-06,107065.0,110452.0,107065.0,110213.0,857975.0
2024-08-07,108917.0,111115.0,108532.0,110305.0,307767.0
2024-08-08,107483.0,108828.0,107326.0,108655.0,213026.0
2024-08-09,111862.0,111921.0,109984.0,110592.0,293201.0
2024-08-12,111421.0,112054.0,111066.0,111935.0,178764.0
2024-08-13,111935.0,112168.0,111763.0,112113.0,169667.0
2024-08-14,114267.0,114267.0,113625.0,113972.0,186846.0
2024-08-16,117485.0,117686.0,114327.0,116995.0,216975.0
2024-08-19,116995.0,117034.0,114080.0,114372.0,197398.0
2024-08-20,115789.0,116525.0,115261.0,116165.0,197817.0
2024-08-21,115562.0,116190.0,115117.0,116097.0,184779.0
2024-08-22,116445.0,116867.0,116313.0,116475.0,248624.0
2024-08-23,115454.0,115666.0,115217.0,115493.0,192082.0
2024-08-26,114993.0,115286.0,114624.0,115266.0,154933.0
2024-08-27,115217.0,115246.0,112953.0,114421.0,130110.0
2024-08-28,114282.0,115346.0,114144.0,115346.0,145797.0
2024-08-29,112740.0,113157.0,112572.0,113013.0,239302.0
2024-08-30,113745.0,114207.0,113530.0,114207.0,208930.0
2024-09-02,114820.0,115463.0,114820.0,115083.0,134998.0
2024-09-03,115088.0,115463.0,115018.0,115137.0,105888.0
2024-09-04,111630.0,111902.0,110929.0,111347.0,459368.0
2024-09-05,111115.0,111600.0,110879.0,111017.0,195968.0
2024-09-06,110929.0,110988.0,109901.0,109926.0,225237.0
2024-09-09,108260.0,109481.0,108185.0,109351.0,204026.0
2024-09-10,110522.0,110567.0,109906.0,110068.0,150904.0
2024-09-11,111376.0,111386.0,109998.0,110567.0,159030.0
2024-09-12,113403.0,113863.0,113309.0,113680.0,161213.0
2024-09-13,114322.0,114327.0,113471.0,113705.0,175499.0
2024-09-19,113795.0,115197.0,113795.0,115132.0,175029.0
2024-09-20,115779.0,116097.0,115779.0,115953.0,208188.0
2024-09-23,116318.0,117272.0,116318.0,116842.0,145424.0
2024-09-24,116842.0,116906.0,116333.0,116842.0,117119.0
2024-09-25,116570.0,116713.0,116220.0,116391.0,162212.0
2024-09-26,117835.0,118427.0,117430.0,118187.0,141972.0
2024-09-27,116838.0,117183.0,116298.0,116416.0,254167.0
2024-09-30,115864.0,115864.0,114634.0,114825.0,175090.0
2024-10-02,114825.0,115083.0,114391.0,114540.0,110697.0
2024-10-04,115978.0,116654.0,115859.0,116377.0,108127.0
2024-10-07,118581.0,118922.0,118377.0,118630.0,270319.0
2024-10-08,117530.0,117810.0,117262.0,117579.0,290948.0
2024-10-10,120207.0,120541.0,119821.0,120339.0,202005.0
2024-10-11,120523.0,120566.0,120060.0,120256.0,146842.0
2024-10-14,120508.0,120991.0,120334.0,120903.0,168275.0
2024-10-15,122105.0,122741.0,122075.0,122405.0,396292.0
2024-10-16,121244.0,121473.0,121056.0,121184.0,272395.0
2024-10-17,121189.0,122010.0,120863.0,122010.0,148072.0
2024-10-18,122149.0,122331.0,121778.0,122115.0,195933.0
2024-10-21,122572.0,122865.0,122430.0,122855.0,288387.0
2024-10-22,123443.0,123834.0,123136.0,123260.0,414039.0
2024-10-23,123676.0,124125.0,123621.0,123829.0,258115.0
2024-10-24,122657.0,122875.0,122361.0,122677.0,240906.0
2024-10-25,122835.0,123923.0,122835.0,123893.0,199883.0
2024-10-28,125033.0,125449.0,124811.0,124861.0,264087.0
2024-10-29,124125.0,124446.0,123552.0,124446.0,546656.0
2024-10-30,125625.0,125717.0,125229.0,125362.0,166117.0
2024-10-31,123388.0,123526.0,122932.0,122992.0,292675.0
2024-11-01,120756.0,121542.0,120686.0,121279.0,251299.0
2024-11-04,121314.0,121700.0,120761.0,121444.0,212228.0
2024-11-05,120938.0,121439.0,120776.0,121364.0,147428.0
2024-11-06,122481.0,126414.0,122447.0,126001.0,457020.0
2024-11-07,128099.0,128473.0,127791.0,128144.0,286600.0
2024-11-08,128761.0,129039.0,128528.0,128879.0,209258.0
2024-11-11,130067.0,130354.0,129767.0,130092.0,338361.0
2024-11-12,130092.0,130572.0,130072.0,130424.0,213157.0
2024-11-13,130612.0,130725.0,130037.0,130107.0,202802.0
2024-11-14,130141.0,130503.0,129702.0,129757.0,150227.0
2024-11-15,129054.0,129573.0,127663.0,127663.0,291766.0
2024-11-18,125797.0,126194.0,125406.0,126149.0,511624.0
2024-11-19,126071.0,126242.0,125767.0,126071.0,208906.0
2024-11-20,126876.0,127281.0,126698.0,127039.0,151847.0
2024-11-21,127291.0,127530.0,126479.0,126802.0,176736.0
2024-11-22,127623.0,128054.0,127480.0,127939.0,233309.0
2024-11-25,128561.0,128939.0,128385.0,128939.0,286898.0
2024-11-26,128488.0,128606.0,127875.0,128236.0,175062.0
2024-11-27,128591.0,128889.0,128380.0,128581.0,141569.0
2024-11-28,127276.0,127850.0,127256.0,127786.0,120909.0
2024-11-29,127875.0,128346.0,127633.0,128029.0,148357.0
2024-12-02,128473.0,129265.0,128473.0,128964.0,200626.0
2024-12-03,130803.0,130968.0,130542.0,130798.0,214764.0
2024-12-04,132213.0,132754.0,131839.0,132253.0,183622.0
2024-12-05,133592.0,133897.0,133507.0,133768.0,207716.0
2024-12-06,133651.0,134777.0,133352.0,133962.0,210321.0
2024-12-09,135839.0,136934.0,135719.0,136760.0,294655.0
2024-12-10,135126.0,135203.0,134613.0,134707.0,280310.0
2024-12-11,134926.0,135203.0,134658.0,134991.0,169132.0
2024-12-12,136879.0,137263.0,136658.0,137004.0,259174.0
2024-12-13,137004.0,137168.0,136751.0,137024.0,195274.0
2024-12-16,137069.0,138137.0,137044.0,137712.0,225344.0
2024-12-17,139627.0,139994.0,139547.0,139879.0,252107.0
2024-12-18,139331.0,139371.0,139012.0,139251.0,235079.0
2024-12-19,135535.0,135774.0,135036.0,135460.0,576256.0
2024-12-20,134822.0,134902.0,133743.0,134313.0,366367.0
2024-12-23,136177.0,137282.0,136034.0,137282.0,348086.0
2024-12-24,137502.0,137926.0,137312.0,137876.0,223509.0
2024-12-26,140081.0,141031.0,140042.0,141001.0,348952.0
2024-12-27,141001.0,142397.0,140344.0,140344.0,416189.0
2024-12-30,140201.0,140201.0,138563.0,139409.0,324914.0
2025-01-02,136756.0,137990.0,136311.0,136741.0,505333.0
2025-01-03,135854.0,136137.0,135430.0,136073.0,318907.0
2025-01-06,138239.0,138518.0,137777.0,138147.0,221451.0
2025-01-07,138953.0,139316.0,137381.0,137772.0,312805.0
2025-01-08,137317.0,137351.0,135569.0,136221.0,349282.0
2025-01-09,135965.0,136162.0,135505.0,136014.0,237738.0
2025-01-10,135594.0,136261.0,135006.0,136107.0,230201.0
2025-01-13,135174.0,135470.0,134095.0,134426.0,321282.0
2025-01-14,134599.0,134857.0,134209.0,134682.0,198011.0
2025-01-15,133713.0,133837.0,133492.0,133753.0,177012.0
2025-01-16,136286.0,136481.0,135684.0,136401.0,335275.0
2025-01-17,135371.0,135774.0,134941.0,135774.0,323389.0
2025-01-20,137582.0,137752.0,136575.0,137024.0,204683.0
2025-01-21,136712.0,136830.0,135031.0,136152.0,384401.0
2025-01-22,136795.0,137517.0,136471.0,137361.0,297380.0
2025-01-23,138050.0,138254.0,137911.0,138050.0,202887.0
2025-01-24,138325.0,138524.0,137592.0,137826.0,424257.0
2025-01-31,137238.0,138841.0,137129.0,138435.0,361806.0
2025-02-03,135738.0,136251.0,134975.0,135241.0,482475.0
2025-02-04,137672.0,137811.0,136341.0,136854.0,325261.0
2025-02-05,137637.0,137727.0,136361.0,136361.0,302124.0
2025-02-06,137717.0,138589.0,137702.0,138454.0,249037.0
2025-02-07,138459.0,139023.0,138459.0,138599.0,196916.0
2025-02-10,138415.0,138504.0,137946.0,138050.0,252726.0
2025-02-11,138796.0,139092.0,138733.0,138743.0,194096.0
2025-02-12,138890.0,139187.0,138683.0,138850.0,218319.0
2025-02-13,139450.0,139800.0,139063.0,139152.0,196958.0
2025-02-14,139770.0,140346.0,139707.0,140123.0,266749.0
2025-02-17,140454.0,140945.0,140375.0,140886.0,227241.0
2025-02-18,140722.0,141198.0,140513.0,141068.0,233094.0
2025-02-19,141023.0,141068.0,140603.0,140603.0,261907.0
2025-02-20,140603.0,140638.0,139850.0,139850.0,662348.0
2025-02-21,139445.0,139678.0,139147.0,139386.0,467656.0
2025-02-24,137386.0,137396.0,136187.0,136663.0,681164.0
2025-02-25,136077.0,136077.0,134053.0,134647.0,498638.0
2025-02-26,133475.0,133974.0,133277.0,133920.0,564917.0
2025-02-27,133795.0,135000.0,133217.0,135000.0,971318.0
2025-02-28,131891.0,132702.0,131628.0,132702.0,1143992.0
2025-03-04,131761.0,132231.0,131168.0,132208.0,819662.0
2025-03-05,131628.0,131856.0,130989.0,131425.0,497134.0
2025-03-06,130955.0,131103.0,130401.0,130935.0,442839.0
2025-03-07,128627.0,128692.0,128104.0,128252.0,561891.0
2025-03-10,127668.0,129124.0,127406.0,128558.0,353710.0
2025-03-11,124078.0,125123.0,122841.0,125123.0,1104148.0
2025-03-12,124706.0,124846.0,124163.0,124262.0,431843.0
2025-03-13,125639.0,125886.0,124286.0,124450.0,505186.0
2025-03-14,123782.0,124746.0,123757.0,124202.0,350519.0
2025-03-17,125400.0,125400.0,124736.0,124841.0,362418.0
2025-03-18,126074.0,126434.0,125648.0,126434.0,310516.0
2025-03-19,124683.0,125656.0,124614.0,125043.0,362924.0
2025-03-20,127281.0,127984.0,127147.0,127668.0,325348.0
2025-03-21,127232.0,127746.0,126748.0,126817.0,557979.0
2025-03-24,128376.0,129045.0,128327.0,128945.0,487432.0
2025-03-25,130524.0,130770.0,130450.0,130480.0,463023.0
2025-03-26,131257.0,131518.0,130915.0,130950.0,491766.0
2025-03-27,128662.0,129045.0,128543.0,128847.0,507096.0
2025-03-28,127939.0,128139.0,127643.0,128079.0,422289.0
2025-03-31,123836.0,123836.0,123128.0,123603.0,617344.0
2025-04-01,124683.0,124756.0,124168.0,124706.0,577057.0
2025-04-02,126168.0,126326.0,125243.0,125499.0,444836.0
2025-04-03,121564.0,122866.0,121461.0,122445.0,845816.0
2025-04-04,118628.0,118851.0,116094.0,116956.0,677555.0
2025-04-07,107060.0,109381.0,105881.0,106846.0,1292179.0
2025-04-08,113763.0,115004.0,113628.0,114316.0,657260.0
2025-04-09,110484.0,111515.0,108728.0,110189.0,736503.0
2025-04-10,123291.0,123539.0,121134.0,121875.0,784132.0
2025-04-11,116832.0,119311.0,114733.0,119113.0,495358.0
2025-04-14,119248.0,119658.0,118776.0,119088.0,353362.0
2025-04-15,117634.0,118243.0,117322.0,117989.0,292624.0
2025-04-16,117148.0,117397.0,115445.0,115955.0,280363.0
2025-04-17,114143.0,115628.0,114049.0,115603.0,241144.0
2025-04-18,114920.0,115183.0,114251.0,115183.0,174341.0
2025-04-21,114005.0,114251.0,112965.0,113351.0,346066.0
2025-04-22,111934.0,112786.0,111786.0,112232.0,355494.0
2025-04-23,117317.0,117505.0,116594.0,116757.0,321448.0
2025-04-24,117639.0,118148.0,117322.0,118033.0,241942.0
2025-04-25,121807.0,122608.0,121717.0,122351.0,277808.0
2025-04-28,122752.0,123094.0,122197.0,123094.0,172981.0
2025-04-29,123198.0,123780.0,122925.0,123164.0,254557.0
2025-04-30,123020.0,123020.0,121679.0,121942.0,244005.0
2025-05-02,124365.0,125940.0,122910.0,122910.0,352098.0
2025-05-07,121738.0,123149.0,121416.0,122488.0,309054.0
2025-05-08,122493.0,123864.0,122195.0,123531.0,294453.0
2025-05-09,124072.0,125285.0,123650.0,124037.0,367958.0
2025-05-12,125305.0,126770.0,125065.0,126615.0,329373.0
2025-05-13,129917.0,130200.0,129069.0,129744.0,474833.0
2025-05-14,132494.0,132942.0,131590.0,132942.0,392050.0
2025-05-15,132484.0,132598.0,130662.0,130830.0,359895.0
2025-05-16,131204.0,131490.0,130379.0,130538.0,173148.0
2025-05-19,130830.0,131243.0,130135.0,130339.0,356399.0
2025-05-20,131645.0,131978.0,130741.0,130900.0,211003.0
2025-05-21,130900.0,131044.0,129848.0,129937.0,151943.0
2025-05-22,127801.0,128600.0,127673.0,128496.0,237958.0
2025-05-23,128685.0,128964.0,127460.0,127643.0,173322.0
2025-05-26,127633.0,127826.0,126829.0,127430.0,209230.0
2025-05-27,127559.0,127885.0,127170.0,127850.0,171608.0
2025-05-28,129639.0,130110.0,129231.0,129912.0,162973.0
2025-05-29,132063.0,132803.0,131689.0,131844.0,354044.0
2025-05-30,128775.0,130021.0,128368.0,129699.0,362758.0
2025-06-02,129684.0,129684.0,128184.0,128359.0,213940.0
2025-06-04,131233.0,131490.0,130770.0,130770.0,162392.0
2025-06-05,130474.0,130662.0,129774.0,129976.0,192131.0
2025-06-09,130289.0,130711.0,129704.0,129828.0,227214.0
2025-06-10,130075.0,131625.0,130075.0,131228.0,372066.0
2025-06-11,131938.0,132633.0,131600.0,132633.0,243827.0
2025-06-12,131859.0,131859.0,130220.0,130667.0,325916.0
2025-06-13,129729.0,130449.0,128959.0,130035.0,311216.0
2025-06-16,130578.0,130830.0,130085.0,130608.0,156073.0
2025-06-17,130795.0,131466.0,130711.0,131466.0,207615.0
2025-06-18,131889.0,132113.0,131378.0,131595.0,151131.0
2025-06-19,131714.0,132113.0,131194.0,131605.0,349850.0
2025-06-20,131490.0,131540.0,130682.0,130820.0,262707.0
2025-06-23,130736.0,131729.0,130339.0,131729.0,407938.0
2025-06-24,132980.0,132980.0,132235.0,132917.0,434763.0
2025-06-25,132956.0,133667.0,132688.0,133458.0,356259.0
2025-06-26,133209.0,133563.0,132961.0,133483.0,321819.0
2025-06-27,134348.0,134723.0,134078.0,134693.0,300741.0
2025-06-30,135493.0,135648.0,134609.0,135058.0,239820.0
2025-07-01,135123.0,135658.0,134918.0,135354.0,228728.0
2025-07-02,134514.0,135354.0,134426.0,135162.0,217673.0
2025-07-03,135279.0,136178.0,135229.0,135960.0,192005.0
2025-07-04,137188.0,137718.0,136606.0,136898.0,245433.0
2025-07-07,136988.0,137493.0,136858.0,137203.0,242621.0
2025-07-08,137203.0,137391.0,136788.0,137208.0,298450.0
2025-07-09,137307.0,137648.0,137263.0,137483.0,165178.0
2025-07-10,138533.0,138533.0,137833.0,137833.0,269092.0
2025-07-11,138228.0,138428.0,137450.0,138283.0,428896.0
2025-07-14,137903.0,138116.0,137613.0,138037.0,276012.0
2025-07-15,139153.0,140058.0,139043.0,139783.0,570660.0
2025-07-16,139575.0,140038.0,139477.0,139502.0,239541.0
2025-07-17,140003.0,141075.0,139953.0,141075.0,224568.0
2025-07-18,141715.0,142302.0,141557.0,142118.0,339424.0
2025-07-21,141830.0,141945.0,141592.0,141696.0,225250.0
2025-07-22,141497.0,141915.0,141388.0,141735.0,273806.0
2025-07-23,140763.0,141175.0,140092.0,140618.0,398383.0
2025-07-24,140877.0,141010.0,139908.0,140127.0,302997.0
2025-07-25,140773.0,141572.0,140718.0,141418.0,472612.0
2025-07-28,142351.0,142763.0,142178.0,142763.0,335183.0
2025-07-29,143493.0,143791.0,143375.0,143583.0,334269.0
2025-07-30,143026.0,143066.0,141903.0,142584.0,380032.0
2025-07-31,144563.0,145723.0,144319.0,144787.0,624275.0
2025-08-01,142614.0,143380.0,142281.0,142997.0,628171.0
2025-08-04,139788.0,139968.0,139237.0,139783.0,858741.0
2025-08-05,141728.0,142569.0,141540.0,142425.0,301146.0
2025-08-06,140455.0,141689.0,140450.0,141480.0,322331.0
2025-08-07,142639.0,143166.0,142246.0,142440.0,297002.0
2025-08-08,142782.0,143727.0,142718.0,143643.0,300023.0
2025-08-11,144647.0,144917.0,144563.0,144667.0,279423.0
2025-08-12,144493.0,144677.0,144011.0,144443.0,365227.0
2025-08-13,145593.0,145830.0,145329.0,145378.0,338859.0
2025-08-14,145000.0,145663.0,144972.0,145179.0,294259.0
2025-08-18,145733.0,145761.0,144887.0,144887.0,253169.0
2025-08-19,145229.0,145314.0,144922.0,145204.0,226210.0
2025-08-20,143450.0,143931.0,143355.0,143613.0,383192.0
2025-08-21,143305.0,143628.0,143081.0,143613.0,257194.0
2025-08-22,143190.0,143215.0,141943.0,141977.0,264776.0
2025-08-25,143668.0,143996.0,143503.0,143533.0,225645.0
2025-08-26,143717.0,144191.0,142802.0,144096.0,546135.0
2025-08-27,144787.0,145114.0,144787.0,145065.0,242937.0
2025-08-28,144166.0,144166.0,143792.0,144036.0,264901.0
2025-08-29,144812.0,145224.0,144762.0,145224.0,238820.0
2025-09-01,144001.0,144448.0,143493.0,143573.0,298338.0
2025-09-02,143837.0,144216.0,143340.0,143483.0,219642.0
2025-09-03,143455.0,143543.0,143016.0,143220.0,328933.0
2025-09-04,143479.0,144364.0,143479.0,143996.0,251103.0
2025-09-05,145478.0,145830.0,145314.0,145741.0,412857.0
2025-09-08,145741.0,145890.0,145269.0,145628.0,419271.0
2025-09-09,145493.0,145965.0,145368.0,145880.0,421194.0
2025-09-10,146184.0,146424.0,146055.0,146299.0,337145.0
2025-09-11,146304.0,146706.0,146194.0,146706.0,361978.0
2025-09-12,147292.0,147307.0,146915.0,147085.0,301145.0
2025-09-15,147950.0,148068.0,147591.0,147870.0,392001.0
2025-09-16,148557.0,148646.0,148088.0,148133.0,403314.0
2025-09-17,147821.0,148148.0,147676.0,147895.0,386532.0
2025-09-18,148268.0,149322.0,148253.0,149173.0,368989.0
2025-09-19,150178.0,150774.0,150128.0,150396.0,389166.0
2025-09-22,151848.0,152022.0,151097.0,151127.0,434157.0
2025-09-23,152027.0,152505.0,151898.0,152266.0,355833.0
2025-09-24,151340.0,151933.0,151182.0,151933.0,454650.0
2025-09-25,151933.0,151937.0,151455.0,151480.0,399019.0
2025-09-26,151520.0,152426.0,151515.0,152311.0,449740.0
2025-09-29,152619.0,152619.0,151888.0,151972.0,476205.0
2025-09-30,151977.0,152683.0,151908.0,152491.0,359559.0
2025-10-01,152520.0,152962.0,152002.0,152032.0,248244.0
2025-10-02,153508.0,154046.0,153508.0,153633.0,566070.0
2025-10-10,156146.0,159089.0,156146.0,157747.0,512389.0
2025-10-13,154895.0,155851.0,154654.0,155100.0,726199.0
2025-10-14,155971.0,156802.0,154714.0,155095.0,545904.0
2025-10-15,155160.0,155350.0,154599.0,155120.0,636447.0
2025-10-16,155425.0,155596.0,154797.0,155410.0,560072.0
2025-10-17,153828.0,154399.0,153365.0,153548.0,403858.0
2025-10-20,156016.0,156387.0,155661.0,156254.0,386577.0
2025-10-21,157869.0,158438.0,157682.0,158363.0,657151.0
2025-10-22,158507.0,158970.0,158134.0,158805.0,423459.0
2025-10-23,157015.0,158660.0,156862.0,158473.0,405864.0
2025-10-24,159516.0,160073.0,159234.0,159989.0,381416.0
2025-10-27,162153.0,162271.0,161387.0,162093.0,566832.0
2025-10-28,163555.0,164046.0,163220.0,163951.0,419489.0
2025-10-29,164647.0,166144.0,164375.0,165265.0,453662.0
2025-10-30,164290.0,164802.0,163573.0,164270.0,720860.0
2025-10-31,164270.0,164494.0,163702.0,163797.0,383848.0
2025-11-03,163737.0,164235.0,163268.0,163393.0,399229.0
2025-11-04,163802.0,164459.0,162776.0,162776.0,472829.0
2025-11-05,161566.0,162541.0,160784.0,162541.0,604540.0
2025-11-06,163203.0,163634.0,162696.0,163363.0,463597.0
2025-11-07,161197.0,162263.0,160903.0,162203.0,616695.0
2025-11-10,162163.0,163188.0,161635.0,162526.0,572616.0
2025-11-11,164657.0,165937.0,164657.0,165260.0,517653.0
2025-11-12,165017.0,166211.0,164732.0,166022.0,417846.0
2025-11-13,165320.0,166629.0,165300.0,166186.0,440818.0
2025-11-14,164020.0,164315.0,159728.0,160665.0,699142.0
2025-11-17,161332.0,162377.0,160734.0,162034.0,409872.0
2025-11-18,162024.0,162024.0,158842.0,159280.0,435735.0
2025-11-19,158105.0,159116.0,157607.0,158314.0,524787.0
2025-11-20,162144.0,163030.0,161949.0,162481.0,494306.0
2025-11-21,157248.0,157293.0,155839.0,156781.0,614630.0
2025-11-24,158489.0,159320.0,157995.0,159191.0,527709.0
2025-11-25,162149.0,162238.0,161476.0,161551.0,368768.0
2025-11-26,161819.0,162768.0,161112.0,162651.0,433381.0
2025-11-27,163851.0,163920.0,163045.0,163388.0,355266.0
2025-11-28,163278.0,164320.0,163090.0,164320.0,299164.0
2025-12-01,164727.0,164727.0,163328.0,163682.0,411427.0
2025-12-02,164652.0,165017.0,164025.0,164025.0,302535.0
2025-12-03,165784.0,166426.0,165479.0,166012.0,366797.0
2025-12-04,165789.0,166659.0,165674.0,166649.0,358158.0
2025-12-05,166619.0,167108.0,166461.0,166610.0,314670.0
2025-12-08,167153.0,167238.0,166664.0,166958.0,466607.0
2025-12-09,166704.0,166943.0,166446.0,166624.0,395281.0
2025-12-10,166550.0,166869.0,166186.0,166754.0,456631.0
2025-12-11,166376.0,166451.0,164917.0,165629.0,514766.0
2025-12-12,166794.0,167123.0,166511.0,167123.0,390305.0
2025-12-15,165429.0,165814.0,164020.0,164125.0,502758.0
2025-12-16,162581.0,162651.0,161506.0,162238.0,615858.0
2025-12-17,163253.0,164464.0,163119.0,164454.0,399021.0
2025-12-18,161162.0,161759.0,160988.0,161620.0,571740.0
2025-12-19,163263.0,163860.0,162786.0,163438.0,372142.0
2025-12-22,165878.0,166516.0,165804.0,166336.0,454470.0
2025-12-23,166724.0,167198.0,166560.0,166669.0,346335.0
2025-12-24,167193.0,167351.0,163970.0,164000.0,519121.0
2025-12-26,164005.0,165216.0,162243.0,163328.0,504970.0
2025-12-29,163328.0,163618.0,162178.0,162193.0,407439.0
2025-12-30,161516.0,162352.0,155659.0,162352.0,343060.0
2026-01-02,162352.0,162352.0,161062.0,162183.0,615083.0
2026-01-05,161665.0,162039.0,161432.0,161481.0,694159.0
2026-01-06,162114.0,162871.0,162039.0,162771.0,585915.0
2026-01-07,164140.0,164310.0,163598.0,163598.0,620254.0
2026-01-08,164130.0,164364.0,163323.0,163408.0,627449.0
2026-01-09,163603.0,164449.0,163503.0,164335.0,364522.0
2026-01-12,165947.0,166181.0,164852.0,165669.0,549874.0
2026-01-13,166769.0,167685.0,166769.0,167616.0,539782.0
2026-01-14,167770.0,168258.0,167576.0,167655.0,500648.0
2026-01-15,164682.0,166027.0,164617.0,165858.0,944828.0
2026-01-16,166082.0,167103.0,166077.0,166998.0,393955.0
2026-01-19,166998.0,167003.0,164230.0,164697.0,679267.0
2026-01-20,164399.0,165121.0,164100.0,164374.0,370540.0
2026-01-21,163383.0,163762.0,162521.0,162970.0,827624.0
2026-01-22,164822.0,165355.0,164439.0,164608.0,579585.0
2026-01-23,164777.0,165818.0,164767.0,165639.0,890952.0
2026-01-26,162691.0,163148.0,162109.0,162856.0,1115324.0
2026-01-27,164220.0,165514.0,164220.0,164812.0,381502.0
2026-01-28,164558.0,165146.0,163578.0,164355.0,803182.0
2026-01-29,164375.0,164559.0,163592.0,164460.0,566569.0
2026-01-30,163487.0,164010.0,162734.0,163133.0,820046.0
2026-02-02,162984.0,163945.0,161791.0,162504.0,1149701.0
2026-02-03,165751.0,165796.0,165053.0,165208.0,728514.0
2026-02-04,162151.0,162634.0,162081.0,162440.0,1102245.0
2026-02-05,161548.0,161776.0,160500.0,161677.0,1199031.0
2026-02-06,157588.0,159139.0,157099.0,158984.0,1739981.0
2026-02-09,162899.0,163192.0,161712.0,161712.0,852676.0
2026-02-10,162769.0,162999.0,161801.0,162569.0,450243.0
2026-02-11,162306.0,162400.0,161413.0,161413.0,439120.0
2026-02-12,160954.0,161328.0,160455.0,160755.0,393510.0
2026-02-13,158356.0,158356.0,157050.0,157269.0,883313.0
2026-02-19,159668.0,159927.0,159249.0,159249.0,634206.0
2026-02-20,159054.0,159229.0,158855.0,159049.0,653135.0
2026-02-23,158805.0,158805.0,157613.0,157723.0,717525.0
2026-02-24,157753.0,158672.0,157743.0,157877.0,798082.0
2026-02-25,159074.0,159493.0,157733.0,157817.0,857942.0
2026-02-26,159154.0,159588.0,158321.0,159169.0,1118619.0
2026-02-27,157857.0,158670.0,157628.0,158610.0,1206228.0
2026-03-03,160740.0,161113.0,159867.0,160241.0,1487082.0
2026-03-04,160241.0,161553.0,158610.0,159777.0,1140507.0
2026-03-05,162594.0,162879.0,161508.0,161991.0,694134.0
2026-03-06,163547.0,163865.0,162824.0,163567.0,707195.0
2026-03-09,159558.0,160226.0,158416.0,160226.0,961781.0
2026-03-10,161513.0,162599.0,161183.0,161921.0,566005.0
2026-03-11,162599.0,163147.0,161657.0,162016.0,438825.0
2026-03-12,161976.0,162435.0,161518.0,162076.0,424578.0
2026-03-13,161378.0,162086.0,160954.0,161941.0,413799.0
2026-03-16,161776.0,162341.0,161418.0,162276.0,407175.0
2026-03-17,162331.0,162509.0,161781.0,161906.0,518098.0
2026-03-18,162729.0,163792.0,162719.0,163602.0,584780.0
2026-03-19,162046.0,162251.0,161423.0,161707.0,924569.0
2026-03-20,160790.0,161657.0,160276.0,161398.0,479497.0
2026-03-23,158376.0,159099.0,158012.0,158960.0,1214653.0
2026-03-24,159832.0,159972.0,158735.0,159373.0,824775.0
2026-03-25,159578.0,160435.0,159443.0,159967.0,436108.0
2026-03-26,160126.0,161098.0,160081.0,160361.0,457226.0
2026-03-27,158147.0,158421.0,157309.0,158321.0,429833.0
2026-03-30,153689.0,155300.0,153226.0,155300.0,856295.0
2026-03-31,153654.0,157119.0,153454.0,156521.0,1324173.0
2026-04-01,159129.0,159358.0,158378.0,158930.0,1010709.0
2026-04-02,160460.0,160615.0,158501.0,158685.0,628698.0
2026-04-03,160610.0,160615.0,159702.0,159717.0,243846.0
2026-04-06,159722.0,160705.0,159722.0,160166.0,989708.0
2026-04-07,160904.0,161024.0,159857.0,160072.0,711039.0
2026-04-08,162804.0,163164.0,162136.0,162644.0,1015702.0
2026-04-09,162694.0,163039.0,162385.0,162934.0,459904.0
2026-04-10,163442.0,164613.0,163307.0,164295.0,677535.0
2026-04-13,164110.0,164355.0,163647.0,164225.0,708862.0
2026-04-14,166189.0,166962.0,165990.0,166414.0,696562.0
2026-04-15,168109.0,168603.0,168014.0,168284.0,733224.0
2026-04-16,170926.0,171519.0,170468.0,171519.0,688675.0
2026-04-17,172442.0,172597.0,171884.0,172437.0,426289.0
2026-04-20,173180.0,173300.0,172452.0,173100.0,703250.0
2026-04-21,173300.0,173624.0,173105.0,173380.0,591454.0
2026-04-22,174188.0,174501.0,173738.0,174038.0,564000.0
2026-04-23,176157.0,176157.0,175010.0,175773.0,849090.0
2026-04-24,176501.0,176910.0,176132.0,176705.0,464709.0
2026-04-27,177962.0,178575.0,177633.0,177777.0,565499.0
2026-04-28,178127.0,178411.0,177264.0,177449.0,472396.0
2026-04-29,176620.0,177609.0,176445.0,177449.0,316227.0
2026-04-30,180240.0,180460.0,177419.0,177733.0,906417.0
2026-05-04,180255.0,181174.0,179796.0,179796.0,770447.0
2026-05-06,182776.0,182926.0,181049.0,181573.0,1230227.0
2026-05-07,182916.0,183820.0,182641.0,183820.0,1583453.0
2026-05-08,184064.0,186671.0,184064.0,186671.0,679132.0
2026-05-11,189162.0,190825.0,189162.0,190360.0,960532.0
2026-05-12,191129.0,192143.0,190984.0,191928.0,851627.0
2026-05-13,191424.0,193066.0,191189.0,192592.0,1082172.0
2026-05-14,194449.0,195173.0,194160.0,194639.0,809757.0
2026-05-15,195378.0,196217.0,193980.0,194020.0,1244248.0
2026-05-18,192767.0,193036.0,191319.0,191748.0,755702.0
2026-05-19,191763.0,192722.0,191643.0,192462.0,1003276.0
2026-05-20,192427.0,192942.0,191788.0,192647.0,1644846.0
2026-05-21,192942.0,195273.0,192812.0,194969.0,876912.0
2026-05-22,195902.0,197949.0,195872.0,197705.0,823700.0
2026-05-26,199562.0,199562.0,197770.0,197914.0,1001065.0
2026-05-27,199812.0,200171.0,198903.0,199198.0,844927.0
2026-05-28,199198.0,200006.0,197984.0,198464.0,1375308.0
2026-05-29,199712.0,201654.0,199697.0,201654.0,490272.0
2026-06-01,202837.0,204685.0,202523.0,202877.0,996462.0
2026-06-02,203367.0,204305.0,202323.0,204051.0,1330785.0
2026-06-04,205264.0,206108.0,204355.0,205943.0,705750.0
2026-06-05,204944.0,206377.0,204430.0,205204.0,690025.0
2026-06-08,199417.0,200531.0,196761.0,197555.0,1208500.0
2026-06-09,198603.0,199088.0,196961.0,198049.0,1145209.0
2026-06-10,196117.0,196207.0,194345.0,195143.0,3202620.0
2026-06-11,191394.0,194285.0,190725.0,194250.0,2561306.0
2026-06-12,198374.0,199113.0,197535.0,197605.0,1162144.0
2026-06-15,200536.0,202058.0,200106.0,202004.0,1403290.0
2026-06-16,204585.0,204924.0,203596.0,204091.0,2352945.0
2026-06-17,200815.0,202073.0,200556.0,201879.0,1912291.0
2026-06-18,202283.0,202992.0,201489.0,202867.0,3480925.0
2026-06-19,206312.0,206617.0,203981.0,204036.0,2536725.0
2026-06-22,203801.0,206787.0,203591.0,206787.0,1597069.0
2026-06-23,206392.0,206517.0,202443.0,202498.0,2235541.0
2026-06-24,200006.0,201769.0,199432.0,201399.0,1716433.0
2026-06-25,203347.0,204125.0,202887.0,203436.0,1884994.0
2026-06-26,201559.0,202033.0,197051.0,197440.0,3655083.0
2026-06-29,199267.0,200760.0,198109.0,200760.0,1411042.0
2026-06-30,203137.0,205019.0,203062.0,204755.0,1031487.0
2026-07-01,207575.0,208599.0,206961.0,207481.0,1569213.0
2026-07-02,204650.0,206023.0,203976.0,204300.0,2248461.0
2026-07-03,201864.0,202248.0,199976.0,200815.0,1818408.0
2026-07-06,201569.0,202258.0,199742.0,200286.0,1788263.0
2026-07-07,200426.0,200760.0,197949.0,198928.0,1951458.0
2026-07-08,195847.0,196871.0,193121.0,193121.0,2284528.0
2026-07-09,194819.0,196192.0,194375.0,195997.0,2168621.0
2026-07-10,198149.0,198713.0,196447.0,196636.0,2314091.0
2026-07-13,196826.0,198026.0,195663.0,195812.0,2302955.0
2026-07-14,193735.0,194674.0,191768.0,194250.0,3837045.0
2026-07-15,195378.0,197091.0,195248.0,196217.0,1921215.0
2026-07-16,194045.0,194389.0,193271.0,193331.0,2339291.0
2026-07-20,190605.0,190605.0,187075.0,187090.0,2752750.0
2026-07-21,186750.0,188808.0,186531.0,188638.0,1985147.0
2026-07-22,190820.0,191074.0,189352.0,189352.0,1792897.0
2026-07-23,189317.0,189886.0,187375.0,187774.0,1918120.0
2026-07-24,186191.0,186476.0,183335.0,184089.0,1915676.0
2026-07-27,184279.0,185582.0,183665.0,185522.0,1337035.0
2026-07-28,182092.0,182462.0,179223.0,179601.0,1147947.0
2026-07-29,179855.0,180774.0,175477.0,177025.0,1231743.0
2026-07-30,174795.0,176365.0,173575.0,173865.0,1326023.0
2026-07-31,178390.0,181255.0,178390.0,179850.0,1525285.0
2026-08-03,180885.0,180930.0,179900.0,180335.0,1189881.0
2026-08-04,182930.0,183575.0,180725.0,183570.0,1330643.0
2026-08-05,188095.0,188355.0,187020.0,188030.0,1797009.0
2026-08-06,185310.0,185720.0,183725.0,185245.0,1801558.0
2026-08-07,185515.0,186140.0,184240.0,184660.0,1550051.0
2026-08-10,185385.0,187265.0,185200.0,187010.0,1075567.0
2026-08-11,185785.0,186335.0,185380.0,185825.0,2037776.0
2026-08-12,184705.0,185680.0,184485.0,185440.0,1961242.0
2026-08-13,186150.0,187150.0,185650.0,187150.0,2437395.0
2026-08-14,188565.0,189260.0,187800.0,188575.0,3728215.0
2026-08-18,187890.0,187940.0,185392.0,185900.0,3237201.0
2026-08-19,184130.0,184155.0,181260.0,181745.0,3451777.0
2026-08-20,181615.0,182642.0,181125.0,182185.0,3857820.0
2026-08-21,179725.0,180065.0,178727.0,179715.0,2535824.0
2026-08-24,180050.0,180170.0,177475.0,177885.0,4446929.0
2026-08-25,177265.0,179030.0,176720.0,179030.0,15293019.0
2026-08-26,179030.0,179287.0,177682.0,178630.0,5277615.0
2026-08-27,181140.0,181300.0,179107.0,179590.0,3061443.0
2026-08-28,180550.0,180925.0,179460.0,179490.0,1967211.0
2026-08-31,178480.0,179130.0,177875.0,178540.0,2729257.0
2026-09-01,178420.0,179170.0,177850.0,178785.0,3228816.0
2026-09-02,176830.0,176980.0,175240.0,175475.0,2855610.0
2026-09-03,175475.0,175895.0,174735.0,175270.0,3014275.0
2026-09-04,176740.0,177577.0,176740.0,176990.0,2641213.0
2026-09-07,176335.0,176510.0,174450.0,175920.0,4062875.0
2026-09-08,175710.0,176762.0,175160.0,176020.0,5544265.0
2026-09-09,174820.0,175797.0,174510.0,174985.0,5834038.0
2026-09-10,174865.0,175125.0,173800.0,174540.0,6106749.0
2026-09-11,173580.0,174280.0,172785.0,174005.0,3451409.0
2026-09-14,172590.0,173375.0,172315.0,173050.0,3762610.0
2026-09-15,173850.0,175015.0,173530.0,174930.0,4675504.0
2026-09-16,174965.0,176085.0,174860.0,175970.0,3019233.0
2026-09-17,177850.0,178400.0,177120.0,178260.0,3410021.0
2026-09-18,179770.0,181250.0,179590.0,181225.0,3583747.0
2026-09-21,182620.0,183270.0,182442.0,182540.0,3272182.0
2026-09-22,185830.0,186080.0,182860.0,183340.0,5141550.0
2026-09-23,184130.0,184985.0,183405.0,184985.0,5613942.0
2026-09-28,183695.0,184285.0,182460.0,183140.0,5431497.0
2026-09-29,182555.0,182770.0,180810.0,181700.0,4784496.0
