date,open,high,low,close,volume
2015-12-17,10240.0,10405.0,9970.0,10330.0,946156.0
2015-12-18,10230.0,10710.0,10165.0,10710.0,1841150.0
2015-12-21,10695.0,10825.0,10670.0,10720.0,1274858.0
2015-12-22,10740.0,10750.0,10450.0,10495.0,1374974.0
2015-12-23,10535.0,10635.0,10415.0,10425.0,2532341.0
2015-12-24,10480.0,10525.0,10290.0,10295.0,1536790.0
2015-12-28,10290.0,10460.0,10210.0,10305.0,2172665.0
2015-12-29,10360.0,11305.0,10310.0,11305.0,2660830.0
2015-12-30,11410.0,11665.0,11370.0,11625.0,1997046.0
2016-01-04,11740.0,11790.0,10910.0,11110.0,2897533.0
2016-01-05,10920.0,11490.0,10850.0,11400.0,2806972.0
2016-01-06,11475.0,11670.0,11265.0,11630.0,2442595.0
2016-01-07,11605.0,11725.0,11175.0,11290.0,2530064.0
2016-01-08,10935.0,11555.0,10900.0,11510.0,2416206.0
2016-01-11,11560.0,11695.0,11185.0,11185.0,2909709.0
2016-01-12,11300.0,11455.0,11045.0,11050.0,1587807.0
2016-01-13,11200.0,11570.0,11145.0,11570.0,1750578.0
2016-01-14,11170.0,11490.0,11170.0,11445.0,1795910.0
2016-01-15,11690.0,11710.0,11180.0,11230.0,2078426.0
2016-01-18,11100.0,11575.0,11085.0,11575.0,1900821.0
2016-01-19,11510.0,11680.0,11380.0,11550.0,2014000.0
2016-01-20,11575.0,11675.0,10970.0,11280.0,2597290.0
2016-01-21,11310.0,11515.0,11065.0,11340.0,2540576.0
2016-01-22,11450.0,11530.0,11180.0,11450.0,1703580.0
2016-01-25,11550.0,11750.0,11485.0,11740.0,1909205.0
2016-01-26,11670.0,11750.0,11600.0,11655.0,1471323.0
2016-01-27,11745.0,11830.0,11440.0,11490.0,1292401.0
2016-01-28,11460.0,11690.0,11360.0,11660.0,1087344.0
2016-01-29,11680.0,11700.0,11480.0,11680.0,2094332.0
2016-02-01,11825.0,11965.0,11770.0,11945.0,1900368.0
2016-02-02,11915.0,12035.0,11900.0,11985.0,1091072.0
2016-02-03,11870.0,11950.0,11730.0,11870.0,1198021.0
2016-02-04,11940.0,11960.0,11725.0,11875.0,1816405.0
2016-02-05,11830.0,11915.0,11755.0,11795.0,1017645.0
2016-02-11,11400.0,11425.0,10640.0,10645.0,1942021.0
2016-02-12,10370.0,10500.0,9010.0,9100.0,5260268.0
2016-02-15,9300.0,9465.0,9150.0,9375.0,2653066.0
2016-02-16,9485.0,9830.0,9485.0,9750.0,2851225.0
2016-02-17,9760.0,9885.0,9210.0,9225.0,3048053.0
2016-02-18,9470.0,9745.0,9450.0,9745.0,2454560.0
2016-02-19,9700.0,9895.0,9650.0,9865.0,1943008.0
2016-02-22,9880.0,10050.0,9800.0,10040.0,1868660.0
2016-02-23,10150.0,10210.0,9755.0,9755.0,1901064.0
2016-02-24,9750.0,9915.0,9650.0,9805.0,1851468.0
2016-02-25,9910.0,9970.0,9805.0,9870.0,1696748.0
2016-02-26,9930.0,9985.0,9850.0,9950.0,1458661.0
2016-02-29,9965.0,10025.0,9875.0,9970.0,1451563.0
2016-03-02,10260.0,10545.0,10245.0,10545.0,1875080.0
2016-03-03,10635.0,10805.0,10495.0,10800.0,1778087.0
2016-03-04,10830.0,10895.0,10750.0,10835.0,1515112.0
2016-03-07,10905.0,11000.0,10750.0,10770.0,1439385.0
2016-03-08,10805.0,10905.0,10560.0,10740.0,1537589.0
2016-03-09,10710.0,10965.0,10690.0,10950.0,1551176.0
2016-03-10,11000.0,11120.0,11000.0,11015.0,1354410.0
2016-03-11,11070.0,11175.0,10855.0,10975.0,1353834.0
2016-03-14,11055.0,11090.0,10815.0,10815.0,1347411.0
2016-03-15,10840.0,10945.0,10720.0,10825.0,1265517.0
2016-03-16,10760.0,10880.0,10760.0,10815.0,988064.0
2016-03-17,10905.0,10955.0,10825.0,10840.0,1276956.0
2016-03-18,10890.0,10960.0,10870.0,10930.0,1255615.0
2016-03-21,10990.0,11090.0,10865.0,10895.0,1153214.0
2016-03-22,10920.0,10940.0,10795.0,10870.0,1050792.0
2016-03-23,10870.0,10945.0,10805.0,10850.0,1091797.0
2016-03-24,10810.0,10855.0,10740.0,10790.0,887384.0
2016-03-25,10790.0,10795.0,10675.0,10700.0,951957.0
2016-03-28,10700.0,10745.0,10590.0,10605.0,932592.0
2016-03-29,10610.0,10740.0,10600.0,10740.0,943880.0
2016-03-30,10835.0,10845.0,10780.0,10800.0,931353.0
2016-03-31,10835.0,10860.0,10700.0,10805.0,1022928.0
2016-04-01,10810.0,10935.0,10705.0,10810.0,1152514.0
2016-04-04,10870.0,11075.0,10865.0,11075.0,1041291.0
2016-04-05,11020.0,11085.0,10945.0,11010.0,853823.0
2016-04-06,11015.0,11060.0,10850.0,10910.0,884923.0
2016-04-07,10950.0,11050.0,10925.0,11030.0,1120022.0
2016-04-08,10970.0,11070.0,10960.0,11035.0,756349.0
2016-04-11,11040.0,11095.0,10740.0,10785.0,1077234.0
2016-04-12,10770.0,10810.0,10675.0,10690.0,776688.0
2016-04-14,10780.0,10910.0,10700.0,10760.0,909546.0
2016-04-15,10805.0,10805.0,10700.0,10750.0,737138.0
2016-04-18,10745.0,10760.0,10670.0,10740.0,806018.0
2016-04-19,10740.0,10885.0,10740.0,10875.0,896832.0
2016-04-20,10900.0,10975.0,10830.0,10875.0,784919.0
2016-04-21,10910.0,10930.0,10800.0,10825.0,859133.0
2016-04-22,10820.0,10820.0,10715.0,10740.0,794430.0
2016-04-25,10720.0,10830.0,10720.0,10830.0,939385.0
2016-04-26,10845.0,10920.0,10740.0,10770.0,897885.0
2016-04-27,10780.0,10850.0,10640.0,10710.0,964506.0
2016-04-28,10730.0,11650.0,10595.0,10595.0,1085650.0
2016-04-29,10595.0,10595.0,10365.0,10585.0,910000.0
2016-05-02,10545.0,10560.0,10170.0,10230.0,971452.0
2016-05-03,10280.0,10490.0,10230.0,10475.0,961494.0
2016-05-04,10420.0,10470.0,10320.0,10380.0,909751.0
2016-05-09,10380.0,10430.0,10225.0,10290.0,942225.0
2016-05-10,10285.0,10510.0,10280.0,10500.0,976643.0
2016-05-11,10600.0,10655.0,10535.0,10655.0,1007632.0
2016-05-12,10555.0,10675.0,10520.0,10670.0,962579.0
2016-05-13,10670.0,10680.0,10560.0,10590.0,1099943.0
2016-05-16,10555.0,10635.0,10520.0,10520.0,906346.0
2016-05-17,10590.0,10595.0,10270.0,10340.0,946077.0
2016-05-18,10270.0,10365.0,9990.0,10025.0,978915.0
2016-05-19,10080.0,10085.0,9840.0,9960.0,1018322.0
2016-05-20,9950.0,10175.0,9950.0,10175.0,862618.0
2016-05-23,10235.0,10370.0,10215.0,10350.0,624462.0
2016-05-24,10350.0,10395.0,10240.0,10240.0,494863.0
2016-05-25,10435.0,10435.0,10330.0,10415.0,487617.0
2016-05-26,10450.0,10450.0,10280.0,10325.0,471832.0
2016-05-27,10325.0,10380.0,10295.0,10350.0,440233.0
2016-05-30,10350.0,10550.0,10350.0,10545.0,612575.0
2016-05-31,10545.0,10700.0,10540.0,10690.0,588956.0
2016-06-01,10680.0,10800.0,10680.0,10725.0,428351.0
2016-06-02,10730.0,10760.0,10650.0,10720.0,464892.0
2016-06-03,10735.0,10740.0,10615.0,10715.0,533003.0
2016-06-07,10690.0,10850.0,10690.0,10850.0,600152.0
2016-06-08,10825.0,10990.0,10790.0,10960.0,524085.0
2016-06-09,10975.0,11060.0,10550.0,10640.0,523162.0
2016-06-10,10725.0,10910.0,10690.0,10910.0,538597.0
2016-06-13,10760.0,10765.0,10475.0,10475.0,559987.0
2016-06-14,10405.0,10515.0,10295.0,10445.0,425980.0
2016-06-15,10440.0,10575.0,10360.0,10575.0,429991.0
2016-06-16,10595.0,10615.0,10065.0,10195.0,636207.0
2016-06-17,10305.0,10380.0,10020.0,10065.0,517933.0
2016-06-20,10200.0,10310.0,10180.0,10310.0,530268.0
2016-06-21,10325.0,10325.0,10220.0,10320.0,437116.0
2016-06-22,10325.0,10385.0,10290.0,10340.0,508351.0
2016-06-23,10340.0,10340.0,9985.0,10200.0,866183.0
2016-06-24,10340.0,10390.0,8985.0,9250.0,2570471.0
2016-06-27,8975.0,9360.0,8840.0,9300.0,2054527.0
2016-06-28,9180.0,9570.0,9115.0,9550.0,1456134.0
2016-06-29,9705.0,9815.0,9630.0,9775.0,1616271.0
2016-06-30,9860.0,9915.0,9780.0,9915.0,868832.0
2016-07-01,9960.0,10210.0,9950.0,10185.0,1025495.0
2016-07-04,10270.0,10270.0,10165.0,10270.0,611933.0
2016-07-05,10265.0,10395.0,10180.0,10395.0,917611.0
2016-07-06,10280.0,10345.0,10045.0,10090.0,776607.0
2016-07-07,10220.0,10475.0,10155.0,10460.0,792051.0
2016-07-08,10480.0,10510.0,10195.0,10290.0,744425.0
2016-07-11,10395.0,10525.0,10330.0,10520.0,684826.0
2016-07-12,10510.0,10560.0,10425.0,10425.0,499629.0
2016-07-13,10510.0,10595.0,10465.0,10500.0,544284.0
2016-07-14,10505.0,10505.0,10385.0,10460.0,513498.0
2016-07-15,10550.0,10550.0,10405.0,10405.0,486311.0
2016-07-18,10440.0,10455.0,10370.0,10430.0,341740.0
2016-07-19,10450.0,10500.0,10390.0,10395.0,367491.0
2016-07-20,10415.0,10495.0,10405.0,10495.0,401327.0
2016-07-21,10530.0,10645.0,10530.0,10635.0,448634.0
2016-07-22,10585.0,10655.0,10555.0,10555.0,356375.0
2016-07-25,10600.0,10645.0,10420.0,10485.0,394951.0
2016-07-26,10495.0,10520.0,10415.0,10510.0,329417.0
2016-07-27,10525.0,10540.0,10325.0,10415.0,371702.0
2016-07-28,10430.0,10430.0,10235.0,10325.0,345561.0
2016-07-29,10325.0,10435.0,10325.0,10430.0,368208.0
2016-08-01,10415.0,10470.0,10350.0,10350.0,372314.0
2016-08-02,10405.0,10405.0,10150.0,10150.0,419097.0
2016-08-03,10150.0,10195.0,10030.0,10130.0,369963.0
2016-08-04,10200.0,10270.0,10150.0,10185.0,335569.0
2016-08-05,10250.0,10285.0,10000.0,10055.0,509201.0
2016-08-08,10120.0,10150.0,10015.0,10150.0,436708.0
2016-08-09,10155.0,10415.0,10155.0,10360.0,497560.0
2016-08-10,10375.0,10715.0,10375.0,10670.0,756729.0
2016-08-11,10700.0,10715.0,10465.0,10500.0,552979.0
2016-08-12,10550.0,10605.0,10500.0,10550.0,436249.0
2016-08-16,10610.0,10610.0,10460.0,10460.0,391625.0
2016-08-17,10435.0,10435.0,10105.0,10315.0,577407.0
2016-08-18,10345.0,10400.0,10305.0,10385.0,471116.0
2016-08-19,10390.0,10460.0,10390.0,10425.0,497341.0
2016-08-22,10420.0,10425.0,10170.0,10205.0,489055.0
2016-08-23,10125.0,10300.0,10125.0,10155.0,421506.0
2016-08-24,10235.0,10235.0,10125.0,10165.0,371805.0
2016-08-25,10215.0,10215.0,10055.0,10070.0,443703.0
2016-08-26,10065.0,10070.0,9925.0,10000.0,483655.0
2016-08-29,9980.0,9980.0,9510.0,9540.0,1163751.0
2016-08-30,9700.0,9730.0,9535.0,9625.0,825645.0
2016-08-31,9640.0,9640.0,9315.0,9480.0,1295056.0
2016-09-01,9475.0,9840.0,9460.0,9840.0,1046496.0
2016-09-02,9900.0,9935.0,9780.0,9935.0,964090.0
2016-09-05,10000.0,10080.0,9970.0,9985.0,924084.0
2016-09-06,10000.0,10060.0,9900.0,9915.0,650758.0
2016-09-07,9945.0,10005.0,9745.0,9750.0,731058.0
2016-09-08,9785.0,9900.0,9630.0,9880.0,1047398.0
2016-09-09,9805.0,9825.0,9595.0,9730.0,1034687.0
2016-09-12,9520.0,9625.0,9360.0,9465.0,1136704.0
2016-09-13,9575.0,9575.0,9395.0,9475.0,968912.0
2016-09-19,9475.0,9635.0,9465.0,9635.0,716357.0
2016-09-20,9595.0,9840.0,9580.0,9820.0,915671.0
2016-09-21,9840.0,9945.0,9780.0,9925.0,864817.0
2016-09-22,10015.0,10185.0,10015.0,10105.0,1181649.0
2016-09-23,10185.0,10225.0,10075.0,10180.0,761745.0
2016-09-26,10150.0,10260.0,10085.0,10085.0,798691.0
2016-09-27,10000.0,10175.0,9975.0,10160.0,733515.0
2016-09-28,10230.0,10230.0,10030.0,10040.0,449309.0
2016-09-29,10090.0,10155.0,10075.0,10125.0,524255.0
2016-09-30,10080.0,10080.0,9770.0,9835.0,774412.0
2016-10-04,9850.0,9950.0,9790.0,9890.0,403114.0
2016-10-05,9850.0,9920.0,9840.0,9860.0,363947.0
2016-10-06,9890.0,9950.0,9790.0,9810.0,423412.0
2016-10-07,9820.0,9825.0,9470.0,9495.0,757532.0
2016-10-10,9560.0,9605.0,9450.0,9535.0,541564.0
2016-10-11,9580.0,9620.0,9405.0,9445.0,724028.0
2016-10-12,9430.0,9470.0,9340.0,9395.0,605612.0
2016-10-13,9415.0,9430.0,9200.0,9230.0,655858.0
2016-10-14,9215.0,9315.0,9215.0,9270.0,597491.0
2016-10-17,9300.0,9300.0,9100.0,9150.0,742483.0
2016-10-18,9150.0,9295.0,9120.0,9270.0,625075.0
2016-10-19,9330.0,9400.0,9275.0,9355.0,704427.0
2016-10-20,9400.0,9400.0,9175.0,9200.0,671520.0
2016-10-21,9190.0,9270.0,9050.0,9065.0,1040586.0
2016-10-24,9100.0,9125.0,8910.0,8935.0,753277.0
2016-10-25,8965.0,8990.0,8645.0,8775.0,1956739.0
2016-10-26,8820.0,8840.0,8570.0,8840.0,2455566.0
2016-10-27,8850.0,9195.0,8845.0,9180.0,2422747.0
2016-10-28,9165.0,9180.0,8950.0,8965.0,1795880.0
2016-10-31,8900.0,8900.0,8615.0,8705.0,3673658.0
2016-11-01,8655.0,8835.0,8595.0,8725.0,3176132.0
2016-11-02,8660.0,8690.0,8335.0,8335.0,5206883.0
2016-11-03,8300.0,8500.0,8270.0,8400.0,3343331.0
2016-11-04,8385.0,8420.0,8250.0,8380.0,2466403.0
2016-11-07,8525.0,8650.0,8460.0,8650.0,2560221.0
2016-11-08,8730.0,8735.0,8600.0,8680.0,1933587.0
2016-11-09,8745.0,8750.0,7730.0,8110.0,13637348.0
2016-11-10,8410.0,8685.0,8405.0,8685.0,6200534.0
2016-11-11,8580.0,8650.0,8490.0,8515.0,2369534.0
2016-11-14,8500.0,8525.0,8420.0,8430.0,1347874.0
2016-11-15,8405.0,8435.0,8230.0,8250.0,1814896.0
2016-11-16,8385.0,8540.0,8335.0,8525.0,2103274.0
2016-11-17,8525.0,8530.0,8395.0,8495.0,1563364.0
2016-11-18,8530.0,8555.0,8285.0,8300.0,2022064.0
2016-11-21,8265.0,8265.0,8010.0,8025.0,3003129.0
2016-11-22,8100.0,8180.0,8005.0,8085.0,2495154.0
2016-11-23,8100.0,8115.0,7880.0,7910.0,3533723.0
2016-11-24,7905.0,7970.0,7610.0,7750.0,6011681.0
2016-11-25,7740.0,7850.0,7655.0,7830.0,3197164.0
2016-11-28,7850.0,7865.0,7680.0,7680.0,1997885.0
2016-11-29,7670.0,7775.0,7620.0,7760.0,3394625.0
2016-11-30,7785.0,7785.0,7665.0,7720.0,2530348.0
2016-12-01,7710.0,7740.0,7610.0,7665.0,1580022.0
2016-12-02,7620.0,7635.0,7430.0,7430.0,2476786.0
2016-12-05,7360.0,7430.0,7200.0,7225.0,4027994.0
2016-12-06,7300.0,7380.0,7270.0,7355.0,2760944.0
2016-12-07,7355.0,7420.0,7060.0,7235.0,3985996.0
2016-12-08,7320.0,7470.0,7300.0,7395.0,3604831.0
2016-12-09,7375.0,7655.0,7310.0,7650.0,5282427.0
2016-12-12,7770.0,7855.0,7700.0,7850.0,5385759.0
2016-12-13,7850.0,8035.0,7780.0,8030.0,4793021.0
2016-12-14,8100.0,8150.0,7965.0,8090.0,5610840.0
2016-12-15,7970.0,8200.0,7940.0,8195.0,4792864.0
2016-12-16,8200.0,8280.0,8130.0,8225.0,4247668.0
2016-12-19,8220.0,8260.0,8165.0,8220.0,2423220.0
2016-12-20,8225.0,8250.0,8015.0,8020.0,2533566.0
2016-12-21,8075.0,8095.0,7915.0,7980.0,3196761.0
2016-12-22,7965.0,8005.0,7860.0,7895.0,2818847.0
2016-12-23,7890.0,8055.0,7850.0,8035.0,2404271.0
2016-12-26,8050.0,8075.0,7990.0,8000.0,1663245.0
2016-12-27,8010.0,8105.0,8000.0,8105.0,3179527.0
2016-12-28,8200.0,8450.0,8120.0,8450.0,5542831.0
2016-12-29,8400.0,8545.0,8340.0,8515.0,3484031.0
2017-01-02,8500.0,8590.0,8390.0,8435.0,2631293.0
2017-01-03,8460.0,8530.0,8440.0,8510.0,3315833.0
2017-01-04,8520.0,8640.0,8505.0,8600.0,4354608.0
2017-01-05,8640.0,8725.0,8600.0,8600.0,3868024.0
2017-01-06,8640.0,8665.0,8565.0,8640.0,2871564.0
2017-01-09,8660.0,8680.0,8580.0,8580.0,1924592.0
2017-01-10,8550.0,8560.0,8320.0,8320.0,3278039.0
2017-01-11,8330.0,8515.0,8330.0,8430.0,2454205.0
2017-01-12,8400.0,8435.0,8280.0,8300.0,2015633.0
2017-01-13,8290.0,8510.0,8290.0,8410.0,2458567.0
2017-01-16,8420.0,8455.0,8250.0,8265.0,2265437.0
2017-01-17,8250.0,8365.0,8135.0,8160.0,2160422.0
2017-01-18,8135.0,8255.0,8060.0,8205.0,3862832.0
2017-01-19,8245.0,8310.0,8150.0,8170.0,2290499.0
2017-01-20,8140.0,8215.0,8090.0,8090.0,1639555.0
2017-01-23,8090.0,8145.0,8000.0,8000.0,1764505.0
2017-01-24,7980.0,8035.0,7880.0,7885.0,2208512.0
2017-01-25,7955.0,7975.0,7790.0,7855.0,1748933.0
2017-01-26,7900.0,8040.0,7785.0,8040.0,3248149.0
2017-01-31,7995.0,8080.0,7980.0,8015.0,1533403.0
2017-02-01,8035.0,8210.0,8025.0,8210.0,2633871.0
2017-02-02,8180.0,8295.0,8000.0,8000.0,2801374.0
2017-02-03,8035.0,8130.0,7900.0,7945.0,3011025.0
2017-02-06,7980.0,8105.0,7920.0,8090.0,2109608.0
2017-02-07,8070.0,8120.0,7970.0,8015.0,1689658.0
2017-02-08,8030.0,8040.0,7910.0,8040.0,1743997.0
2017-02-09,8045.0,8065.0,7985.0,8055.0,1733966.0
2017-02-10,8100.0,8170.0,8015.0,8065.0,2109910.0
2017-02-13,8075.0,8120.0,8045.0,8120.0,1377729.0
2017-02-14,8150.0,8150.0,8060.0,8095.0,1304533.0
2017-02-15,8100.0,8250.0,8070.0,8250.0,2612964.0
2017-02-16,8290.0,8310.0,8210.0,8280.0,2360783.0
2017-02-17,8230.0,8350.0,8220.0,8305.0,2110365.0
2017-02-20,8315.0,8345.0,8295.0,8340.0,1457456.0
2017-02-21,8340.0,8415.0,8325.0,8410.0,2677964.0
2017-02-22,8425.0,8450.0,8395.0,8415.0,1832489.0
2017-02-23,8420.0,8440.0,8295.0,8295.0,2189603.0
2017-02-24,8310.0,8375.0,8280.0,8300.0,2186824.0
2017-02-27,8300.0,8330.0,8225.0,8225.0,1144399.0
2017-02-28,8250.0,8270.0,8200.0,8220.0,934091.0
2017-03-02,8275.0,8280.0,8150.0,8160.0,1462232.0
2017-03-03,8100.0,8100.0,7940.0,7955.0,3449282.0
2017-03-06,7900.0,8065.0,7865.0,8055.0,2859303.0
2017-03-07,8035.0,8110.0,7990.0,8085.0,2223632.0
2017-03-08,8060.0,8120.0,8010.0,8035.0,1828825.0
2017-03-09,8045.0,8140.0,7995.0,8035.0,2829827.0
2017-03-10,8035.0,8260.0,7960.0,8260.0,4794420.0
2017-03-13,8270.0,8315.0,8245.0,8265.0,1865376.0
2017-03-14,8305.0,8310.0,8170.0,8185.0,1934122.0
2017-03-15,8180.0,8185.0,7965.0,7965.0,2425377.0
2017-03-16,8035.0,8110.0,8005.0,8095.0,1614990.0
2017-03-17,8090.0,8110.0,8015.0,8040.0,1914212.0
2017-03-20,8040.0,8040.0,7870.0,7965.0,2114240.0
2017-03-21,7960.0,8065.0,7960.0,8045.0,2126279.0
2017-03-22,7960.0,8070.0,7955.0,7995.0,1413976.0
2017-03-23,8005.0,8025.0,7935.0,7980.0,992038.0
2017-03-24,7990.0,8025.0,7955.0,8025.0,1169381.0
2017-03-27,8015.0,8115.0,8010.0,8065.0,1683220.0
2017-03-28,8080.0,8205.0,8065.0,8190.0,2103539.0
2017-03-29,8235.0,8245.0,8175.0,8230.0,1139889.0
2017-03-30,8245.0,8255.0,8200.0,8220.0,1143538.0
2017-03-31,8240.0,8385.0,8220.0,8355.0,3343334.0
2017-04-03,8385.0,8715.0,8370.0,8705.0,5320764.0
2017-04-04,8685.0,8790.0,8595.0,8695.0,3766804.0
2017-04-05,8720.0,8800.0,8615.0,8735.0,4011729.0
2017-04-06,8710.0,8835.0,8605.0,8820.0,3426924.0
2017-04-07,8850.0,8880.0,8785.0,8870.0,3004284.0
2017-04-10,8850.0,8855.0,8450.0,8450.0,5525435.0
2017-04-11,8450.0,8635.0,8350.0,8580.0,4810931.0
2017-04-12,8580.0,8620.0,8500.0,8570.0,1647939.0
2017-04-13,8570.0,8670.0,8545.0,8655.0,2561635.0
2017-04-14,8595.0,8690.0,8505.0,8520.0,2843825.0
2017-04-17,8565.0,8800.0,8565.0,8785.0,2709956.0
2017-04-18,8855.0,8900.0,8775.0,8900.0,3779049.0
2017-04-19,8895.0,8940.0,8820.0,8925.0,2646731.0
2017-04-20,8910.0,9000.0,8900.0,8920.0,2951398.0
2017-04-21,8945.0,8985.0,8820.0,8875.0,1909283.0
2017-04-24,8900.0,8925.0,8715.0,8725.0,1812961.0
2017-04-25,8785.0,8870.0,8775.0,8870.0,1869888.0
2017-04-26,8935.0,8980.0,8915.0,8925.0,1870496.0
2017-04-27,8925.0,8945.0,8805.0,8805.0,1769843.0
2017-04-28,8825.0,8905.0,8695.0,8785.0,3131071.0
2017-05-02,8785.0,8875.0,8740.0,8775.0,1867827.0
2017-05-04,8820.0,9090.0,8805.0,9090.0,2612668.0
2017-05-08,9160.0,9490.0,9160.0,9490.0,3986488.0
2017-05-10,9570.0,9650.0,9330.0,9435.0,4895568.0
2017-05-11,9440.0,9580.0,9415.0,9580.0,2992209.0
2017-05-12,9590.0,9610.0,9360.0,9370.0,3420815.0
2017-05-15,9360.0,9540.0,9355.0,9455.0,2264980.0
2017-05-16,9505.0,9560.0,9250.0,9280.0,3700236.0
2017-05-17,9280.0,9380.0,9240.0,9295.0,3319668.0
2017-05-18,9075.0,9215.0,9060.0,9215.0,2886811.0
2017-05-19,9225.0,9340.0,9210.0,9290.0,1885088.0
2017-05-22,9355.0,9370.0,9265.0,9300.0,1123540.0
2017-05-23,9340.0,9395.0,9305.0,9380.0,2299922.0
2017-05-24,9395.0,9490.0,9385.0,9475.0,1864898.0
2017-05-25,9525.0,9540.0,9410.0,9450.0,2059626.0
2017-05-26,9465.0,9525.0,9425.0,9465.0,2326693.0
2017-05-29,9485.0,9510.0,9325.0,9360.0,1974215.0
2017-05-30,9380.0,9535.0,9370.0,9535.0,2699905.0
2017-05-31,9565.0,9700.0,9535.0,9685.0,2743324.0
2017-06-01,9715.0,9750.0,9625.0,9750.0,2263444.0
2017-06-02,9800.0,9905.0,9785.0,9885.0,2564091.0
2017-06-05,9950.0,10085.0,9905.0,10085.0,2244280.0
2017-06-07,10115.0,10265.0,10025.0,10265.0,3098428.0
2017-06-08,10250.0,10465.0,10250.0,10385.0,2801800.0
2017-06-09,10425.0,10495.0,10380.0,10490.0,2329944.0
2017-06-12,10360.0,10380.0,10060.0,10145.0,3363818.0
2017-06-13,10135.0,10360.0,10135.0,10360.0,2135077.0
2017-06-14,10440.0,10555.0,10350.0,10425.0,2996588.0
2017-06-15,10430.0,10445.0,10180.0,10365.0,2473304.0
2017-06-16,10360.0,10390.0,10250.0,10385.0,1730011.0
2017-06-19,10395.0,10630.0,10390.0,10630.0,2464612.0
2017-06-20,10720.0,10775.0,10555.0,10560.0,2358678.0
2017-06-21,10460.0,10490.0,10350.0,10485.0,2713423.0
2017-06-22,10515.0,10545.0,10365.0,10385.0,1775146.0
2017-06-23,10360.0,10535.0,10360.0,10500.0,1860693.0
2017-06-26,10505.0,10560.0,10450.0,10560.0,1614690.0
2017-06-27,10560.0,10725.0,10560.0,10655.0,2396144.0
2017-06-28,10515.0,10620.0,10395.0,10395.0,2619317.0
2017-06-29,10525.0,10545.0,10425.0,10520.0,1560168.0
2017-06-30,10385.0,10540.0,10380.0,10525.0,2057325.0
2017-07-03,10550.0,10570.0,10260.0,10350.0,2015485.0
2017-07-04,10320.0,10410.0,10150.0,10235.0,2863989.0
2017-07-05,10205.0,10330.0,10200.0,10315.0,1266044.0
2017-07-06,10355.0,10440.0,10355.0,10425.0,1341725.0
2017-07-07,10365.0,10440.0,10330.0,10380.0,970312.0
2017-07-10,10460.0,10495.0,10270.0,10300.0,1097129.0
2017-07-11,10300.0,10345.0,10150.0,10185.0,1391922.0
2017-07-12,10175.0,10225.0,9945.0,9970.0,1596368.0
2017-07-13,10050.0,10130.0,9965.0,10060.0,1879155.0
2017-07-14,10065.0,10125.0,9975.0,10070.0,1078445.0
2017-07-17,10150.0,10370.0,10100.0,10355.0,2111800.0
2017-07-18,10390.0,10450.0,10340.0,10410.0,1845154.0
2017-07-19,10470.0,10695.0,10445.0,10695.0,3681942.0
2017-07-20,10785.0,11010.0,10705.0,10900.0,3963055.0
2017-07-21,10895.0,10915.0,10755.0,10790.0,2766147.0
2017-07-24,10855.0,10940.0,10780.0,10800.0,2420809.0
2017-07-25,10820.0,10890.0,10530.0,10550.0,2688193.0
2017-07-26,10570.0,10645.0,10430.0,10645.0,2238258.0
2017-07-27,10670.0,10775.0,10575.0,10735.0,2300111.0
2017-07-28,10610.0,10620.0,10210.0,10270.0,3747462.0
2017-07-31,10070.0,10220.0,9990.0,10205.0,3277661.0
2017-08-01,10150.0,10315.0,10105.0,10200.0,2124757.0
2017-08-02,10230.0,10345.0,10230.0,10330.0,1730566.0
2017-08-03,10295.0,10320.0,9785.0,9805.0,3783909.0
2017-08-04,9780.0,9945.0,9600.0,9700.0,2886901.0
2017-08-07,9755.0,10045.0,9745.0,10030.0,3032547.0
2017-08-08,10060.0,10135.0,9890.0,10075.0,2200366.0
2017-08-09,9925.0,10035.0,9890.0,9890.0,1752497.0
2017-08-10,9850.0,10000.0,9725.0,9895.0,2799624.0
2017-08-11,9630.0,9765.0,9450.0,9480.0,4466773.0
2017-08-14,9595.0,9635.0,9485.0,9560.0,2331403.0
2017-08-16,9690.0,9850.0,9675.0,9840.0,1736180.0
2017-08-17,9880.0,10110.0,9840.0,10110.0,2286351.0
2017-08-18,9865.0,10170.0,9865.0,10090.0,2465748.0
2017-08-21,10140.0,10150.0,9965.0,9965.0,1153651.0
2017-08-22,10020.0,10175.0,10000.0,10170.0,1691486.0
2017-08-23,10235.0,10250.0,10100.0,10100.0,1198191.0
2017-08-24,10100.0,10240.0,10100.0,10230.0,1794766.0
2017-08-25,10255.0,10315.0,10230.0,10300.0,1621419.0
2017-08-28,10300.0,10485.0,10300.0,10455.0,2200281.0
2017-08-29,10325.0,10525.0,10300.0,10500.0,2911739.0
2017-08-30,10530.0,10635.0,10450.0,10480.0,2160799.0
2017-08-31,10545.0,10615.0,10520.0,10600.0,1439653.0
2017-09-01,10680.0,10840.0,10650.0,10765.0,2799902.0
2017-09-04,10350.0,10620.0,10320.0,10425.0,4299613.0
2017-09-05,10530.0,10625.0,10350.0,10435.0,1993738.0
2017-09-06,10420.0,10670.0,10415.0,10670.0,2208831.0
2017-09-07,10685.0,10905.0,10685.0,10795.0,2860664.0
2017-09-08,10810.0,10880.0,10715.0,10725.0,1320037.0
2017-09-11,10820.0,10945.0,10805.0,10870.0,2180356.0
2017-09-12,10955.0,10985.0,10855.0,10950.0,2454190.0
2017-09-13,11000.0,11015.0,10900.0,10915.0,1605037.0
2017-09-14,10885.0,11285.0,10885.0,11250.0,2470859.0
2017-09-15,11185.0,11725.0,11170.0,11680.0,5221347.0
2017-09-18,11805.0,12070.0,11805.0,11935.0,2575956.0
2017-09-19,11965.0,12000.0,11725.0,11935.0,1970193.0
2017-09-20,11965.0,12190.0,11755.0,11755.0,3522715.0
2017-09-21,11820.0,11925.0,11420.0,11640.0,4277936.0
2017-09-22,11590.0,11650.0,11285.0,11400.0,5243847.0
2017-09-25,11355.0,11595.0,11240.0,11455.0,4383267.0
2017-09-26,11385.0,11590.0,11300.0,11495.0,3313781.0
2017-09-27,11555.0,11715.0,11500.0,11715.0,2712607.0
2017-09-28,11750.0,11795.0,11525.0,11525.0,2460156.0
2017-09-29,11570.0,11670.0,11470.0,11625.0,2194835.0
2017-10-10,11795.0,11860.0,11765.0,11780.0,1801617.0
2017-10-11,11810.0,12020.0,11810.0,12020.0,2114824.0
2017-10-12,12055.0,12280.0,12040.0,12235.0,2463073.0
2017-10-13,12270.0,12850.0,12165.0,12335.0,5924929.0
2017-10-16,12490.0,12650.0,12120.0,12525.0,2769194.0
2017-10-17,12500.0,13320.0,12500.0,13230.0,5015841.0
2017-10-18,13270.0,13770.0,13200.0,13285.0,5046173.0
2017-10-19,13460.0,13485.0,13000.0,13065.0,5286792.0
2017-10-20,13010.0,13350.0,12945.0,13350.0,2189322.0
2017-10-23,13435.0,13610.0,13425.0,13540.0,2431093.0
2017-10-24,13525.0,14250.0,13525.0,14250.0,6945422.0
2017-10-25,14195.0,14310.0,14020.0,14225.0,5254060.0
2017-10-26,14220.0,14260.0,13650.0,13650.0,4804564.0
2017-10-27,13805.0,14205.0,13680.0,14205.0,4943307.0
2017-10-30,14205.0,14325.0,14100.0,14275.0,4403328.0
2017-10-31,14245.0,14420.0,14195.0,14420.0,3329836.0
2017-11-01,14445.0,14510.0,14385.0,14415.0,3229264.0
2017-11-02,14445.0,14645.0,14185.0,14455.0,4641639.0
2017-11-03,14595.0,14955.0,14585.0,14955.0,4630674.0
2017-11-06,14925.0,15120.0,14720.0,15050.0,5276088.0
2017-11-07,15070.0,15080.0,14585.0,14815.0,6364067.0
2017-11-08,14825.0,15325.0,14805.0,15325.0,6150979.0
2017-11-09,15370.0,15460.0,14985.0,15245.0,9726277.0
2017-11-10,15130.0,15750.0,15125.0,15750.0,7071058.0
2017-11-13,15795.0,17140.0,15795.0,17095.0,11593728.0
2017-11-14,17195.0,18390.0,17175.0,18335.0,20417413.0
2017-11-15,18490.0,19775.0,18240.0,19380.0,24652856.0
2017-11-16,19735.0,20125.0,18250.0,20100.0,22164660.0
2017-11-17,19765.0,19885.0,19225.0,19490.0,13387035.0
2017-11-20,19455.0,20375.0,19430.0,20375.0,11904312.0
2017-11-21,20330.0,21020.0,20170.0,20495.0,19563747.0
2017-11-22,20740.0,20780.0,19500.0,19505.0,15867058.0
2017-11-23,19170.0,20660.0,18700.0,20660.0,13092066.0
2017-11-24,20490.0,20800.0,19825.0,19825.0,14358064.0
2017-11-27,19600.0,20180.0,19140.0,19670.0,10527632.0
2017-11-28,19930.0,19985.0,18300.0,18300.0,12109853.0
2017-11-29,18420.0,18880.0,18000.0,18715.0,14874206.0
2017-11-30,18565.0,18805.0,18090.0,18165.0,6657538.0
2017-12-01,18580.0,19355.0,18500.0,19260.0,9166132.0
2017-12-04,19210.0,19350.0,18635.0,18880.0,7047648.0
2017-12-05,18800.0,18880.0,17995.0,17995.0,7671166.0
2017-12-06,18160.0,18575.0,17300.0,17550.0,12271339.0
2017-12-07,17700.0,17785.0,16335.0,16810.0,12937258.0
2017-12-08,16750.0,17150.0,16440.0,16510.0,8480113.0
2017-12-11,16655.0,17595.0,16510.0,17595.0,8777896.0
2017-12-12,17735.0,17870.0,16905.0,17400.0,9028204.0
2017-12-13,17430.0,18010.0,17285.0,17680.0,10726076.0
2017-12-14,17930.0,17965.0,17005.0,17205.0,9082612.0
2017-12-15,17210.0,17745.0,16955.0,17370.0,8872561.0
2017-12-18,17595.0,17680.0,17085.0,17085.0,6354130.0
2017-12-19,17150.0,17185.0,16230.0,17080.0,13842342.0
2017-12-20,16870.0,17065.0,16520.0,16525.0,7332342.0
2017-12-21,16395.0,16760.0,16000.0,16000.0,10408372.0
2017-12-22,16065.0,17305.0,15875.0,17305.0,16069329.0
2017-12-26,17415.0,18440.0,17415.0,17650.0,19357420.0
2017-12-27,18275.0,19500.0,18020.0,19450.0,19543244.0
2017-12-28,19400.0,19800.0,19155.0,19800.0,17392161.0
2018-01-02,19980.0,20590.0,19805.0,20440.0,13075683.0
2018-01-03,20660.0,21290.0,20410.0,21085.0,22555593.0
2018-01-04,21290.0,21300.0,19585.0,19935.0,21006176.0
2018-01-05,20000.0,21495.0,19995.0,21495.0,19304063.0
2018-01-08,21545.0,22675.0,21540.0,22540.0,27623205.0
2018-01-09,22620.0,22985.0,21900.0,22170.0,24604640.0
2018-01-10,22430.0,22685.0,21280.0,22290.0,19763515.0
2018-01-11,22170.0,23960.0,21970.0,23960.0,25779637.0
2018-01-12,24000.0,27945.0,24000.0,26350.0,39223883.0
2018-01-15,26450.0,28000.0,25485.0,27905.0,27098608.0
2018-01-16,27500.0,28770.0,27090.0,28395.0,26436152.0
2018-01-17,28560.0,28920.0,26800.0,26840.0,32304118.0
2018-01-18,27100.0,27725.0,26685.0,27460.0,21161340.0
2018-01-19,27685.0,27830.0,24920.0,25465.0,25832050.0
2018-01-22,24865.0,25425.0,24000.0,24830.0,17427909.0
2018-01-23,25500.0,26565.0,25115.0,26565.0,15985955.0
2018-01-24,27120.0,27280.0,26000.0,26290.0,18038503.0
2018-01-25,26030.0,26290.0,25335.0,26185.0,13516762.0
2018-01-26,26170.0,27085.0,25705.0,27000.0,16320812.0
2018-01-29,26945.0,28480.0,26930.0,28230.0,15988300.0
2018-01-30,28395.0,28725.0,27750.0,27805.0,18655823.0
2018-01-31,26750.0,27645.0,26560.0,27015.0,16248550.0
2018-02-01,27145.0,27510.0,25900.0,26000.0,16430137.0
2018-02-02,26035.0,26300.0,24800.0,25840.0,16757679.0
2018-02-05,24600.0,24955.0,23055.0,23055.0,17896367.0
2018-02-06,21215.0,23545.0,20855.0,23520.0,34115174.0
2018-02-07,24300.0,24380.0,21420.0,21420.0,24200043.0
2018-02-08,21535.0,24000.0,21000.0,23650.0,28408984.0
2018-02-09,21950.0,22745.0,21785.0,22000.0,22219765.0
2018-02-12,22590.0,22735.0,21925.0,21925.0,12627479.0
2018-02-13,22385.0,22520.0,20800.0,20800.0,15225616.0
2018-02-14,21075.0,22070.0,20655.0,22070.0,16242980.0
2018-02-19,22600.0,24015.0,22510.0,23995.0,17818881.0
2018-02-20,23880.0,24000.0,22625.0,22920.0,16683626.0
2018-02-21,23120.0,23995.0,22840.0,23590.0,18193179.0
2018-02-22,23160.0,23460.0,22750.0,23310.0,11904073.0
2018-02-23,23700.0,23780.0,23315.0,23600.0,10625426.0
2018-02-26,24025.0,24415.0,23355.0,23765.0,14926597.0
2018-02-27,24240.0,24360.0,23700.0,23700.0,11924581.0
2018-02-28,23130.0,23335.0,22310.0,22660.0,14806612.0
2018-03-02,21900.0,23010.0,21895.0,22965.0,13130564.0
2018-03-05,22965.0,23085.0,22230.0,22230.0,10070755.0
2018-03-06,22710.0,23195.0,22610.0,23115.0,9495918.0
2018-03-07,22940.0,23430.0,21950.0,21970.0,16601715.0
2018-03-08,22355.0,22885.0,22195.0,22720.0,11770228.0
2018-03-09,22925.0,23540.0,22755.0,23205.0,13534647.0
2018-03-12,23715.0,24570.0,23590.0,24570.0,13941155.0
2018-03-13,24500.0,24640.0,24090.0,24490.0,12581804.0
2018-03-14,24155.0,24550.0,24040.0,24495.0,7900877.0
2018-03-15,24470.0,25045.0,24300.0,24590.0,12467645.0
2018-03-16,24655.0,24855.0,24525.0,24760.0,8998497.0
2018-03-19,24470.0,24760.0,23820.0,23820.0,9025269.0
2018-03-20,23450.0,24765.0,23330.0,24765.0,12385053.0
2018-03-21,24800.0,25170.0,24395.0,24395.0,16112498.0
2018-03-22,24615.0,24895.0,23150.0,23380.0,15702819.0
2018-03-23,22000.0,22480.0,20400.0,20505.0,26973606.0
2018-03-26,20800.0,22110.0,20205.0,22100.0,22997275.0
2018-03-27,22445.0,22500.0,22005.0,22100.0,10772046.0
2018-03-28,21400.0,21795.0,21000.0,21640.0,14679295.0
2018-03-29,21800.0,22790.0,21760.0,22790.0,13697330.0
2018-03-30,22810.0,23035.0,22630.0,22765.0,11230257.0
2018-04-02,22925.0,23040.0,22360.0,22400.0,8285034.0
2018-04-03,21860.0,22795.0,21805.0,22795.0,10833794.0
2018-04-04,22900.0,23030.0,22055.0,22350.0,11297692.0
2018-04-05,22855.0,23095.0,22450.0,22690.0,11389886.0
2018-04-06,22380.0,22745.0,22235.0,22680.0,7864023.0
2018-04-09,22685.0,23125.0,22615.0,23125.0,8122988.0
2018-04-10,23030.0,23195.0,22700.0,23130.0,9018107.0
2018-04-11,23285.0,23385.0,23170.0,23270.0,7665418.0
2018-04-12,23350.0,23400.0,22700.0,22700.0,8509003.0
2018-04-13,22800.0,23290.0,22460.0,23120.0,10943023.0
2018-04-16,23190.0,23370.0,23130.0,23215.0,6469615.0
2018-04-17,23310.0,23310.0,22955.0,23180.0,4387905.0
2018-04-18,23360.0,23385.0,22770.0,22770.0,7269692.0
2018-04-19,22655.0,22715.0,21830.0,22000.0,13028715.0
2018-04-20,22040.0,22370.0,21610.0,22115.0,8200793.0
2018-04-23,21980.0,22150.0,21230.0,21320.0,9509299.0
2018-04-24,21400.0,21625.0,20780.0,20855.0,7375201.0
2018-04-25,20600.0,21060.0,20160.0,20700.0,10222065.0
2018-04-26,20905.0,21280.0,20780.0,21280.0,7630317.0
2018-04-27,21605.0,21870.0,21300.0,21870.0,7119908.0
2018-04-30,21790.0,21820.0,20845.0,21020.0,9510334.0
2018-05-02,20565.0,21280.0,20300.0,20600.0,8437860.0
2018-05-03,20550.0,20840.0,20270.0,20270.0,5739815.0
2018-05-04,20300.0,20375.0,19300.0,19300.0,7180560.0
2018-05-08,19510.0,19860.0,17645.0,17700.0,10650750.0
2018-05-09,17810.0,19145.0,16810.0,18970.0,20986724.0
2018-05-10,18900.0,19140.0,18405.0,18860.0,9443744.0
2018-05-11,18790.0,19635.0,18770.0,19330.0,9195998.0
2018-05-14,19295.0,19380.0,18450.0,18460.0,8183269.0
2018-05-15,18735.0,19060.0,18505.0,18910.0,7202506.0
2018-05-16,18720.0,19240.0,18460.0,18795.0,7666083.0
2018-05-17,18845.0,19160.0,18620.0,19160.0,5935713.0
2018-05-18,19165.0,19815.0,19130.0,19770.0,7083975.0
2018-05-21,19725.0,20125.0,19570.0,19700.0,7431293.0
2018-05-23,19690.0,19835.0,19325.0,19680.0,5834686.0
2018-05-24,19680.0,20205.0,19650.0,20125.0,7536058.0
2018-05-25,19890.0,20570.0,19870.0,20530.0,7428142.0
2018-05-28,20390.0,20725.0,20220.0,20660.0,5834727.0
2018-05-29,20620.0,21025.0,18560.0,19845.0,8984498.0
2018-05-30,20105.0,20360.0,19405.0,20360.0,8493867.0
2018-05-31,20600.0,20640.0,20070.0,20550.0,5517671.0
2018-06-01,20510.0,20920.0,20450.0,20655.0,5132115.0
2018-06-04,20735.0,20735.0,19920.0,20150.0,5150020.0
2018-06-05,20310.0,20460.0,19775.0,20085.0,4401167.0
2018-06-07,20220.0,20670.0,20095.0,20660.0,5059306.0
2018-06-08,20540.0,20585.0,19965.0,20010.0,3799777.0
2018-06-11,20100.0,20325.0,19900.0,20055.0,3139370.0
2018-06-12,20085.0,20540.0,19850.0,20200.0,6210812.0
2018-06-14,20000.0,20270.0,19585.0,19690.0,4542534.0
2018-06-15,19810.0,19865.0,19555.0,19775.0,3238369.0
2018-06-18,19770.0,19825.0,17835.0,18485.0,9902273.0
2018-06-19,18420.0,18740.0,17390.0,17440.0,11844801.0
2018-06-20,17605.0,18680.0,17510.0,18680.0,12197845.0
2018-06-21,18530.0,18620.0,17810.0,17850.0,8093773.0
2018-06-22,17700.0,18300.0,17380.0,18300.0,11112589.0
2018-06-25,18235.0,18630.0,18000.0,18575.0,7998816.0
2018-06-26,18095.0,18595.0,17705.0,18415.0,11325968.0
2018-06-27,18410.0,18850.0,18150.0,18150.0,9128091.0
2018-06-28,17990.0,18160.0,17400.0,17400.0,9967963.0
2018-06-29,17660.0,18020.0,17105.0,17810.0,12112120.0
2018-07-02,17770.0,17895.0,16580.0,16625.0,9798297.0
2018-07-03,16935.0,17250.0,16245.0,16970.0,13863501.0
2018-07-04,16900.0,17265.0,16635.0,17035.0,9611868.0
2018-07-05,16985.0,17135.0,16330.0,17120.0,11348278.0
2018-07-06,17110.0,18050.0,16755.0,17955.0,14620068.0
2018-07-09,17810.0,18270.0,17630.0,17955.0,10836459.0
2018-07-10,18255.0,18255.0,17870.0,17900.0,7494962.0
2018-07-11,17550.0,17605.0,16955.0,17040.0,10095902.0
2018-07-12,17090.0,17755.0,17045.0,17710.0,10577838.0
2018-07-13,17620.0,18105.0,17615.0,18050.0,9317109.0
2018-07-16,18110.0,18210.0,17730.0,17870.0,5720739.0
2018-07-17,17900.0,17930.0,17335.0,17405.0,5903113.0
2018-07-18,17650.0,17855.0,16965.0,17040.0,8460437.0
2018-07-19,17105.0,17180.0,16410.0,16475.0,12769607.0
2018-07-20,16455.0,16640.0,15900.0,16150.0,14702523.0
2018-07-23,16145.0,16170.0,14455.0,14490.0,19976611.0
2018-07-24,14605.0,14965.0,14400.0,14465.0,17860780.0
2018-07-25,14530.0,14610.0,13430.0,13760.0,17743571.0
2018-07-26,14035.0,14535.0,13785.0,14510.0,17737356.0
2018-07-27,14430.0,14680.0,14340.0,14650.0,9757159.0
2018-07-30,14450.0,14595.0,13975.0,14235.0,11147266.0
2018-07-31,14095.0,14685.0,13965.0,14685.0,10042138.0
2018-08-01,14795.0,15560.0,14780.0,15555.0,15451756.0
2018-08-02,15380.0,15425.0,14770.0,14920.0,10992522.0
2018-08-03,15120.0,15380.0,15040.0,15330.0,8486265.0
2018-08-06,15205.0,15440.0,14770.0,14850.0,8671155.0
2018-08-07,14870.0,15140.0,14540.0,15110.0,9657268.0
2018-08-08,15205.0,15380.0,14755.0,15010.0,9906699.0
2018-08-09,14875.0,15380.0,14725.0,15380.0,10876956.0
2018-08-10,15270.0,15515.0,14935.0,15200.0,12501713.0
2018-08-13,14970.0,14975.0,13950.0,14045.0,14363236.0
2018-08-14,14105.0,14390.0,13995.0,14310.0,13014171.0
2018-08-16,13800.0,14385.0,13505.0,14280.0,18351792.0
2018-08-17,14430.0,14990.0,14365.0,14850.0,11704931.0
2018-08-20,14960.0,15200.0,14605.0,14630.0,10155811.0
2018-08-21,14790.0,15810.0,14700.0,15620.0,16120354.0
2018-08-22,15660.0,15895.0,15355.0,15375.0,10823328.0
2018-08-23,15480.0,15685.0,15150.0,15680.0,13084652.0
2018-08-24,15605.0,16240.0,15405.0,16130.0,15279906.0
2018-08-27,16220.0,16540.0,16115.0,16430.0,12884844.0
2018-08-28,16790.0,16795.0,16105.0,16105.0,11479520.0
2018-08-29,16195.0,16425.0,16050.0,16400.0,9770297.0
2018-08-30,16420.0,16685.0,16225.0,16425.0,9884943.0
2018-08-31,16230.0,17345.0,16200.0,17130.0,18236274.0
2018-09-03,17120.0,17300.0,16865.0,17145.0,11077996.0
2018-09-04,17220.0,17875.0,17150.0,17710.0,15284274.0
2018-09-05,17670.0,17830.0,17145.0,17145.0,14126287.0
2018-09-06,17155.0,17355.0,16820.0,16930.0,13570941.0
2018-09-07,16830.0,17215.0,16600.0,16975.0,14157897.0
2018-09-10,16920.0,17100.0,16845.0,16980.0,7162470.0
2018-09-11,16975.0,17355.0,16920.0,17310.0,10758655.0
2018-09-12,17400.0,17900.0,17345.0,17745.0,13806756.0
2018-09-13,17835.0,18015.0,17600.0,17895.0,8964007.0
2018-09-14,18085.0,18470.0,17920.0,18375.0,12222418.0
2018-09-17,18390.0,18480.0,17930.0,18180.0,7723186.0
2018-09-18,17945.0,18485.0,17865.0,18400.0,10756153.0
2018-09-19,18400.0,18445.0,18055.0,18335.0,9018187.0
2018-09-20,18400.0,18840.0,17745.0,17930.0,14579553.0
2018-09-21,18090.0,18170.0,17820.0,18150.0,9468229.0
2018-09-27,18050.0,18535.0,18050.0,18500.0,9530175.0
2018-09-28,18550.0,18630.0,17935.0,18000.0,8103461.0
2018-10-01,18115.0,18120.0,17485.0,17725.0,8856255.0
2018-10-02,17670.0,17790.0,16450.0,16480.0,12968444.0
2018-10-04,16585.0,16750.0,15900.0,16305.0,16770046.0
2018-10-05,16100.0,16475.0,15410.0,15585.0,19672894.0
2018-10-08,15500.0,16145.0,15225.0,15230.0,18109089.0
2018-10-10,15310.0,15480.0,14625.0,14805.0,22969027.0
2018-10-11,13955.0,14760.0,13500.0,13505.0,41402554.0
2018-10-12,13645.0,14590.0,13645.0,14575.0,31809046.0
2018-10-15,14485.0,14550.0,13670.0,13810.0,22148662.0
2018-10-16,14030.0,14410.0,13910.0,14240.0,23561250.0
2018-10-17,14680.0,14815.0,14130.0,14515.0,20675264.0
2018-10-18,14535.0,14540.0,13925.0,14005.0,17989068.0
2018-10-19,13840.0,14595.0,13565.0,14590.0,27571424.0
2018-10-22,14295.0,14840.0,14170.0,14805.0,22031126.0
2018-10-23,14525.0,14630.0,13600.0,13800.0,28084272.0
2018-10-24,14070.0,14235.0,12905.0,13055.0,37909953.0
2018-10-25,12300.0,12995.0,12090.0,12790.0,55896514.0
2018-10-26,12985.0,12985.0,11730.0,11900.0,48089449.0
2018-10-29,12130.0,12550.0,11195.0,11240.0,62308522.0
2018-10-30,11210.0,11765.0,10840.0,11680.0,66515215.0
2018-10-31,11735.0,11795.0,11205.0,11255.0,38576468.0
2018-11-01,11380.0,11800.0,11260.0,11275.0,37858269.0
2018-11-02,11555.0,12610.0,11550.0,12600.0,45703968.0
2018-11-05,12480.0,12780.0,12200.0,12675.0,33674224.0
2018-11-06,12775.0,12825.0,12180.0,12595.0,24437172.0
2018-11-07,12595.0,12890.0,12170.0,12205.0,35859294.0
2018-11-08,12660.0,12740.0,12360.0,12480.0,27435476.0
2018-11-09,12455.0,12500.0,11805.0,12055.0,26503561.0
2018-11-12,11635.0,11740.0,11200.0,11200.0,29033788.0
2018-11-13,10850.0,11375.0,10505.0,11245.0,42849133.0
2018-11-14,11120.0,11750.0,10905.0,11255.0,39182881.0
2018-11-15,11280.0,11860.0,11110.0,11860.0,40088943.0
2018-11-16,11900.0,12320.0,11830.0,12190.0,40597925.0
2018-11-19,12245.0,12820.0,12190.0,12800.0,32151674.0
2018-11-20,12400.0,12525.0,12155.0,12160.0,26777913.0
2018-11-21,11745.0,12435.0,11510.0,12430.0,37335449.0
2018-11-22,12425.0,12575.0,12170.0,12390.0,24992352.0
2018-11-23,12365.0,12530.0,11980.0,12015.0,27223458.0
2018-11-26,12065.0,12705.0,12050.0,12580.0,28637899.0
2018-11-27,12660.0,12875.0,12415.0,12700.0,29964889.0
2018-11-28,12785.0,12840.0,12590.0,12680.0,23684314.0
2018-11-29,13065.0,13195.0,12310.0,12345.0,31960726.0
2018-11-30,12380.0,12565.0,12230.0,12405.0,20660168.0
2018-12-03,12805.0,13250.0,12695.0,13215.0,24666179.0
2018-12-04,13100.0,13210.0,12785.0,13010.0,22334205.0
2018-12-05,12550.0,12815.0,12500.0,12700.0,24043228.0
2018-12-06,12515.0,12580.0,11810.0,11810.0,26724118.0
2018-12-07,12095.0,12310.0,11875.0,12170.0,23980391.0
2018-12-10,11745.0,12055.0,11600.0,11690.0,22301172.0
2018-12-11,11810.0,11840.0,11315.0,11355.0,22648513.0
2018-12-12,11460.0,12065.0,11450.0,11975.0,22517870.0
2018-12-13,11970.0,12100.0,11750.0,11990.0,21108226.0
2018-12-14,11870.0,11890.0,11230.0,11320.0,21114076.0
2018-12-17,11360.0,11430.0,10800.0,11245.0,25703770.0
2018-12-18,10905.0,11380.0,10860.0,11170.0,23818929.0
2018-12-19,11220.0,11885.0,11110.0,11730.0,27035500.0
2018-12-20,11560.0,12030.0,11410.0,11615.0,32881675.0
2018-12-21,11500.0,11945.0,11490.0,11910.0,28169003.0
2018-12-24,11810.0,12015.0,11680.0,11865.0,21483789.0
2018-12-26,11500.0,12085.0,11405.0,12050.0,34305265.0
2018-12-27,12695.0,12695.0,11890.0,11935.0,28624508.0
2018-12-28,11990.0,12105.0,11720.0,11990.0,27250157.0
2019-01-02,12210.0,12225.0,11510.0,11555.0,21720713.0
2019-01-03,11595.0,11700.0,10965.0,10985.0,26432695.0
2019-01-04,10985.0,11320.0,10715.0,11320.0,32960384.0
2019-01-07,11600.0,11775.0,11330.0,11500.0,25012883.0
2019-01-08,11515.0,11560.0,11190.0,11315.0,18068871.0
2019-01-09,11390.0,11725.0,11360.0,11590.0,22125418.0
2019-01-10,11510.0,11890.0,11465.0,11700.0,21959363.0
2019-01-11,11760.0,11845.0,11625.0,11720.0,19035192.0
2019-01-14,11690.0,11710.0,11380.0,11385.0,11040785.0
2019-01-15,11465.0,11755.0,11420.0,11655.0,20174925.0
2019-01-16,11655.0,11685.0,11390.0,11585.0,14012288.0
2019-01-17,11640.0,11710.0,11245.0,11245.0,15856966.0
2019-01-18,11370.0,11650.0,11305.0,11620.0,14996887.0
2019-01-21,11655.0,11675.0,11380.0,11445.0,10143550.0
2019-01-22,11475.0,11555.0,11350.0,11445.0,7330749.0
2019-01-23,11350.0,11480.0,11320.0,11380.0,11212830.0
2019-01-24,11340.0,11790.0,11340.0,11740.0,16189695.0
2019-01-25,11720.0,12135.0,11675.0,11985.0,17913280.0
2019-01-28,12000.0,12360.0,11985.0,12150.0,16775726.0
2019-01-29,12040.0,12205.0,11850.0,12130.0,12815256.0
2019-01-30,12130.0,12475.0,12095.0,12335.0,16780758.0
2019-01-31,12480.0,12715.0,12375.0,12490.0,19406936.0
2019-02-01,12500.0,12620.0,12395.0,12510.0,9684552.0
2019-02-07,12600.0,13055.0,12515.0,13040.0,16265872.0
2019-02-08,12805.0,13090.0,12805.0,12955.0,11944892.0
2019-02-11,13010.0,13285.0,12980.0,13230.0,12955239.0
2019-02-12,13245.0,13320.0,12970.0,13045.0,11908356.0
2019-02-13,13165.0,13530.0,13145.0,13435.0,13860495.0
2019-02-14,13405.0,13535.0,13260.0,13455.0,14564425.0
2019-02-15,13455.0,13510.0,13085.0,13280.0,13176871.0
2019-02-18,13455.0,13735.0,13415.0,13550.0,12559786.0
2019-02-19,13550.0,13790.0,13355.0,13720.0,12680941.0
2019-02-20,13770.0,13955.0,13700.0,13845.0,10313349.0
2019-02-21,13850.0,13910.0,13590.0,13695.0,11721908.0
2019-02-22,13635.0,13690.0,13360.0,13540.0,10241822.0
2019-02-25,13650.0,13865.0,13600.0,13830.0,11326444.0
2019-02-26,13830.0,14000.0,13660.0,13745.0,10644141.0
2019-02-27,13740.0,13960.0,13700.0,13950.0,10142443.0
2019-02-28,13935.0,14350.0,13350.0,13480.0,19279200.0
2019-03-04,13760.0,14290.0,13720.0,14180.0,14382186.0
2019-03-05,14085.0,14435.0,14030.0,14175.0,13858805.0
2019-03-06,14230.0,14230.0,13650.0,13825.0,14821665.0
2019-03-07,13775.0,13940.0,13200.0,13270.0,12517502.0
2019-03-08,13120.0,13430.0,12950.0,13280.0,15071100.0
2019-03-11,13280.0,13630.0,12985.0,13615.0,13238000.0
2019-03-12,13840.0,14425.0,13830.0,14320.0,20527408.0
2019-03-13,14290.0,14560.0,14100.0,14270.0,16971071.0
2019-03-14,14395.0,14630.0,14020.0,14035.0,19169356.0
2019-03-15,14025.0,14035.0,13425.0,13595.0,18964043.0
2019-03-18,13760.0,13975.0,13480.0,13660.0,13172837.0
2019-03-19,13760.0,13875.0,13290.0,13290.0,12828975.0
2019-03-20,13330.0,13355.0,13000.0,13345.0,12122344.0
2019-03-21,13340.0,13545.0,12975.0,13040.0,14212035.0
2019-03-22,13145.0,13200.0,12930.0,13070.0,9980415.0
2019-03-25,12700.0,12850.0,12395.0,12395.0,11080438.0
2019-03-26,12510.0,12820.0,12410.0,12720.0,12578887.0
2019-03-27,12740.0,12770.0,12300.0,12330.0,12192819.0
2019-03-28,12250.0,12365.0,12020.0,12045.0,12945273.0
2019-03-29,12125.0,12560.0,11950.0,12560.0,15496932.0
2019-04-01,12470.0,12815.0,12380.0,12670.0,13544030.0
2019-04-02,12760.0,12785.0,12610.0,12690.0,9133303.0
2019-04-03,12750.0,13150.0,12685.0,13150.0,13456726.0
2019-04-04,13145.0,13270.0,12880.0,13100.0,13000276.0
2019-04-05,13100.0,13220.0,12880.0,12935.0,10161038.0
2019-04-08,12990.0,13140.0,12750.0,12840.0,9811865.0
2019-04-09,12880.0,13050.0,12710.0,12960.0,9810676.0
2019-04-10,12860.0,13145.0,12835.0,13085.0,9132532.0
2019-04-11,13115.0,13395.0,13095.0,13270.0,11938009.0
2019-04-12,13195.0,13395.0,13120.0,13245.0,8029131.0
2019-04-15,13330.0,13350.0,13105.0,13190.0,8271066.0
2019-04-16,13190.0,13245.0,12980.0,13225.0,8354169.0
2019-04-17,13230.0,13300.0,13135.0,13230.0,6306569.0
2019-04-18,13190.0,13195.0,12515.0,12625.0,10839245.0
2019-04-19,12750.0,12990.0,12725.0,12990.0,9596024.0
2019-04-22,13000.0,13200.0,12865.0,13010.0,9202069.0
2019-04-23,13000.0,13080.0,12810.0,12990.0,7312770.0
2019-04-24,13130.0,13145.0,12680.0,12830.0,10033684.0
2019-04-25,12785.0,12800.0,12600.0,12610.0,5940060.0
2019-04-26,12545.0,12600.0,12290.0,12325.0,8779802.0
2019-04-29,12415.0,12690.0,12310.0,12690.0,8293271.0
2019-04-30,12630.0,12780.0,12440.0,12745.0,9317956.0
2019-05-02,12610.0,12900.0,12600.0,12775.0,7596585.0
2019-05-03,12735.0,12910.0,12635.0,12780.0,7484772.0
2019-05-07,12500.0,12670.0,12320.0,12435.0,9670347.0
2019-05-08,12165.0,12385.0,12105.0,12105.0,9469363.0
2019-05-09,12100.0,12155.0,11370.0,11420.0,17049510.0
2019-05-10,11495.0,11725.0,11065.0,11385.0,22963799.0
2019-05-13,11265.0,11385.0,10820.0,10820.0,10908036.0
2019-05-14,10590.0,11060.0,10520.0,10810.0,15858361.0
2019-05-15,10905.0,11410.0,10770.0,11395.0,14616007.0
2019-05-16,11355.0,11470.0,10925.0,10980.0,12786206.0
2019-05-17,11150.0,11350.0,10760.0,10810.0,13747881.0
2019-05-20,10885.0,10965.0,10335.0,10395.0,14149385.0
2019-05-21,10335.0,10615.0,10310.0,10445.0,18090139.0
2019-05-22,10550.0,10605.0,10365.0,10485.0,13524035.0
2019-05-23,10510.0,10510.0,10060.0,10085.0,12996454.0
2019-05-24,10035.0,10145.0,9770.0,9890.0,16087224.0
2019-05-27,9900.0,10070.0,9715.0,9875.0,14582059.0
2019-05-28,9890.0,10305.0,9860.0,10305.0,15845757.0
2019-05-29,10200.0,10225.0,9795.0,9845.0,17356813.0
2019-05-30,9870.0,10040.0,9710.0,9850.0,17496589.0
2019-05-31,9780.0,10270.0,9725.0,10085.0,20403360.0
2019-06-03,9990.0,10230.0,9945.0,10195.0,14911646.0
2019-06-04,10150.0,10325.0,10135.0,10245.0,12030816.0
2019-06-05,10415.0,10465.0,10250.0,10325.0,11687261.0
2019-06-07,10380.0,10515.0,10265.0,10455.0,11599815.0
2019-06-10,10545.0,10595.0,10415.0,10560.0,9506770.0
2019-06-11,10555.0,10840.0,10535.0,10800.0,12357743.0
2019-06-12,10740.0,10775.0,10545.0,10595.0,7792554.0
2019-06-13,10595.0,10790.0,10425.0,10675.0,11155542.0
2019-06-14,10675.0,10695.0,10355.0,10385.0,7190282.0
2019-06-17,10405.0,10445.0,10255.0,10285.0,6495105.0
2019-06-18,10305.0,10385.0,9985.0,10020.0,9339618.0
2019-06-19,10210.0,10300.0,10075.0,10195.0,11292835.0
2019-06-20,10245.0,10535.0,10225.0,10495.0,12253111.0
2019-06-21,10470.0,10530.0,10235.0,10270.0,9286955.0
2019-06-24,10325.0,10325.0,10100.0,10120.0,8037831.0
2019-06-25,10130.0,10175.0,9880.0,9990.0,10794312.0
2019-06-26,9950.0,10165.0,9870.0,9950.0,12671919.0
2019-06-27,9950.0,10085.0,9285.0,9385.0,23000207.0
2019-06-28,9340.0,9385.0,8920.0,8930.0,23664434.0
2019-07-01,9165.0,9440.0,9100.0,9440.0,16479564.0
2019-07-02,9345.0,9490.0,9130.0,9220.0,14201214.0
2019-07-03,9245.0,9330.0,9065.0,9195.0,9961083.0
2019-07-04,9170.0,9230.0,8825.0,9100.0,17006335.0
2019-07-05,9110.0,9285.0,8930.0,9285.0,14804008.0
2019-07-08,9160.0,9190.0,8660.0,8660.0,17774113.0
2019-07-09,8700.0,8815.0,8265.0,8270.0,25394006.0
2019-07-10,8375.0,8625.0,8245.0,8385.0,22227153.0
2019-07-11,8450.0,8700.0,8380.0,8660.0,18944194.0
2019-07-12,8605.0,8840.0,8520.0,8695.0,15011651.0
2019-07-15,8665.0,8705.0,8445.0,8570.0,10600898.0
2019-07-16,8535.0,8785.0,8500.0,8640.0,15301961.0
2019-07-17,8590.0,8615.0,8365.0,8440.0,12236110.0
2019-07-18,8400.0,8545.0,8270.0,8375.0,13842040.0
2019-07-19,8470.0,8730.0,8460.0,8730.0,14679530.0
2019-07-22,8655.0,8775.0,8605.0,8710.0,10465324.0
2019-07-23,8710.0,8835.0,8505.0,8555.0,12764046.0
2019-07-24,8585.0,8705.0,8400.0,8405.0,14449090.0
2019-07-25,8440.0,8475.0,8155.0,8230.0,18185068.0
2019-07-26,8170.0,8230.0,7955.0,8045.0,19403618.0
2019-07-29,8005.0,8020.0,7525.0,7525.0,24494543.0
2019-07-30,7550.0,7780.0,7550.0,7585.0,22884612.0
2019-07-31,7575.0,7735.0,7200.0,7690.0,34936911.0
2019-08-01,7615.0,7785.0,7440.0,7515.0,25577164.0
2019-08-02,7150.0,7245.0,6985.0,6985.0,32595314.0
2019-08-05,6900.0,6905.0,5835.0,5835.0,58800326.0
2019-08-06,5510.0,6165.0,5420.0,5560.0,79196221.0
2019-08-07,5810.0,5980.0,5485.0,5775.0,60176334.0
2019-08-08,5915.0,6165.0,5825.0,6165.0,46046569.0
2019-08-09,6210.0,6290.0,6030.0,6125.0,33181805.0
2019-08-12,6080.0,6190.0,5960.0,6140.0,24743687.0
2019-08-13,6010.0,6040.0,5935.0,5990.0,22322627.0
2019-08-14,6225.0,6245.0,6140.0,6220.0,20562336.0
2019-08-16,6075.0,6210.0,6040.0,6160.0,20230329.0
2019-08-19,6225.0,6265.0,6125.0,6220.0,17884245.0
2019-08-20,6225.0,6575.0,6180.0,6550.0,25973774.0
2019-08-21,6455.0,6830.0,6430.0,6825.0,34433539.0
2019-08-22,6875.0,6895.0,6650.0,6700.0,24889284.0
2019-08-23,6550.0,6740.0,6540.0,6600.0,23232909.0
2019-08-26,6260.0,6325.0,5915.0,5925.0,39643904.0
2019-08-27,6070.0,6205.0,6010.0,6045.0,26130300.0
2019-08-28,6075.0,6535.0,6045.0,6535.0,44416930.0
2019-08-29,6500.0,6660.0,6315.0,6460.0,44181702.0
2019-08-30,6675.0,6780.0,6635.0,6690.0,31149313.0
2019-09-02,6640.0,7030.0,6625.0,6995.0,33319399.0
2019-09-03,6925.0,7120.0,6920.0,6920.0,29139399.0
2019-09-04,6900.0,7160.0,6880.0,7150.0,29086201.0
2019-09-05,7215.0,7350.0,7190.0,7240.0,27998516.0
2019-09-06,7335.0,7350.0,7135.0,7200.0,20048294.0
2019-09-09,7240.0,7300.0,7040.0,7085.0,20375075.0
2019-09-10,7110.0,7165.0,6885.0,6970.0,21829346.0
2019-09-11,7020.0,7255.0,6990.0,7220.0,25817606.0
2019-09-16,7280.0,7495.0,7125.0,7480.0,28112718.0
2019-09-17,7420.0,7740.0,7370.0,7575.0,30107651.0
2019-09-18,7620.0,7695.0,7480.0,7510.0,20586597.0
2019-09-19,7550.0,7730.0,7375.0,7500.0,27007012.0
2019-09-20,7505.0,7625.0,7450.0,7550.0,19455959.0
2019-09-23,7540.0,7555.0,7380.0,7420.0,13941700.0
2019-09-24,7100.0,7275.0,6885.0,6930.0,29042964.0
2019-09-25,6865.0,7040.0,6595.0,6695.0,27688275.0
2019-09-26,6870.0,7045.0,6680.0,6890.0,33769529.0
2019-09-27,6845.0,6870.0,6680.0,6820.0,18978473.0
2019-09-30,6860.0,6890.0,6595.0,6765.0,24096035.0
2019-10-01,6790.0,7205.0,6790.0,7180.0,27326307.0
2019-10-02,7020.0,7150.0,6935.0,6935.0,23650580.0
2019-10-04,6900.0,7125.0,6775.0,6965.0,26968248.0
2019-10-07,7120.0,7550.0,7110.0,7480.0,37213210.0
2019-10-08,7495.0,7680.0,7320.0,7630.0,40659789.0
2019-10-10,7490.0,7625.0,7385.0,7560.0,24963517.0
2019-10-11,7680.0,7730.0,7485.0,7495.0,21478081.0
2019-10-14,7730.0,7910.0,7635.0,7800.0,28478083.0
2019-10-15,7775.0,8020.0,7740.0,7930.0,25540541.0
2019-10-16,8050.0,8130.0,8015.0,8085.0,21702625.0
2019-10-17,8105.0,8150.0,7810.0,7900.0,21435461.0
2019-10-18,7950.0,7975.0,7720.0,7770.0,20453211.0
2019-10-21,7760.0,8070.0,7735.0,8070.0,25151490.0
2019-10-22,8150.0,8735.0,8150.0,8455.0,45567555.0
2019-10-23,8460.0,8985.0,8455.0,8965.0,36836496.0
2019-10-24,9030.0,9080.0,8335.0,8845.0,43038813.0
2019-10-25,8805.0,8805.0,8400.0,8400.0,28753855.0
2019-10-28,8460.0,8585.0,8280.0,8345.0,24142119.0
2019-10-29,8490.0,8650.0,8340.0,8620.0,26503405.0
2019-10-30,8620.0,8695.0,8490.0,8540.0,15614576.0
2019-10-31,8655.0,8815.0,8530.0,8600.0,24018330.0
2019-11-01,8580.0,8755.0,8485.0,8730.0,19368663.0
2019-11-04,8860.0,9000.0,8815.0,8930.0,20033526.0
2019-11-05,8960.0,9115.0,8820.0,9115.0,22644580.0
2019-11-06,9065.0,9115.0,8820.0,8830.0,20095343.0
2019-11-07,8785.0,8830.0,8600.0,8720.0,18470940.0
2019-11-08,8850.0,8870.0,8560.0,8675.0,14028749.0
2019-11-11,8695.0,8705.0,8425.0,8470.0,14300010.0
2019-11-12,8485.0,8685.0,8450.0,8635.0,14589346.0
2019-11-13,8575.0,8590.0,8355.0,8390.0,12645405.0
2019-11-14,8430.0,8565.0,8340.0,8440.0,14009737.0
2019-11-15,8450.0,8740.0,8350.0,8740.0,19068571.0
2019-11-18,8740.0,8825.0,8585.0,8700.0,14557375.0
2019-11-19,8655.0,8660.0,8335.0,8360.0,15289455.0
2019-11-20,8305.0,8390.0,7905.0,7925.0,19717589.0
2019-11-21,7930.0,7945.0,7530.0,7625.0,29503616.0
2019-11-22,7630.0,7740.0,7415.0,7580.0,29055940.0
2019-11-25,7685.0,7990.0,7685.0,7980.0,23026779.0
2019-11-26,8100.0,8210.0,8015.0,8050.0,19436837.0
2019-11-27,8120.0,8140.0,7875.0,7960.0,15502087.0
2019-11-28,7885.0,7965.0,7665.0,7665.0,17924659.0
2019-11-29,7670.0,7760.0,7345.0,7450.0,24164847.0
2019-12-02,7535.0,7695.0,7460.0,7575.0,22938634.0
2019-12-03,7385.0,7485.0,7295.0,7355.0,20313392.0
2019-12-04,7205.0,7365.0,7170.0,7295.0,18910190.0
2019-12-05,7400.0,7415.0,7010.0,7150.0,25989981.0
2019-12-06,7175.0,7420.0,7165.0,7415.0,21896219.0
2019-12-09,7450.0,7485.0,7310.0,7395.0,15882116.0
2019-12-10,7350.0,7370.0,7255.0,7340.0,13477635.0
2019-12-11,7310.0,7435.0,7285.0,7310.0,12920140.0
2019-12-12,7360.0,7735.0,7350.0,7630.0,20605910.0
2019-12-13,7875.0,7935.0,7710.0,7770.0,22485088.0
2019-12-16,7775.0,7820.0,7670.0,7710.0,10440519.0
2019-12-17,7785.0,7965.0,7755.0,7950.0,17374090.0
2019-12-18,7965.0,7980.0,7820.0,7860.0,13951908.0
2019-12-19,7885.0,8060.0,7755.0,7920.0,23401367.0
2019-12-20,8000.0,8045.0,7900.0,8005.0,18920322.0
2019-12-23,8050.0,8215.0,8045.0,8155.0,18636421.0
2019-12-24,8140.0,8155.0,7865.0,7900.0,17922439.0
2019-12-26,7920.0,8300.0,7830.0,8300.0,26539563.0
2019-12-27,8340.0,8685.0,8295.0,8570.0,34559909.0
2019-12-30,8570.0,8885.0,8550.0,8870.0,29503861.0
2020-01-02,8930.0,8945.0,8610.0,8860.0,26466250.0
2020-01-03,8985.0,9060.0,8570.0,8605.0,31447115.0
2020-01-06,8300.0,8385.0,8115.0,8120.0,26035891.0
2020-01-07,8250.0,8485.0,8215.0,8435.0,28870047.0
2020-01-08,8220.0,8245.0,7840.0,7880.0,53509448.0
2020-01-09,8290.0,8545.0,8250.0,8545.0,30136563.0
2020-01-10,8625.0,8715.0,8455.0,8710.0,25929940.0
2020-01-13,8700.0,8860.0,8645.0,8820.0,23496261.0
2020-01-14,8895.0,9105.0,8735.0,8770.0,32851359.0
2020-01-15,8710.0,8830.0,8645.0,8710.0,18193997.0
2020-01-16,8660.0,8945.0,8645.0,8910.0,29179747.0
2020-01-17,9015.0,9070.0,8850.0,8895.0,21964132.0
2020-01-20,8930.0,9020.0,8700.0,8735.0,20547079.0
2020-01-21,8705.0,8800.0,8430.0,8500.0,21132595.0
2020-01-22,8500.0,8875.0,8485.0,8875.0,23735351.0
2020-01-23,8765.0,8815.0,8610.0,8685.0,18167180.0
2020-01-28,8030.0,8195.0,7955.0,8050.0,30728860.0
2020-01-29,8195.0,8310.0,8050.0,8220.0,25483649.0
2020-01-30,8205.0,8280.0,7810.0,7875.0,24642143.0
2020-01-31,7975.0,8160.0,7560.0,7625.0,34360756.0
2020-02-03,7430.0,7870.0,7355.0,7835.0,43853618.0
2020-02-04,7835.0,8125.0,7835.0,8125.0,30713869.0
2020-02-05,8260.0,8335.0,7970.0,8075.0,28805605.0
2020-02-06,8225.0,8475.0,8200.0,8440.0,28441536.0
2020-02-07,8375.0,8490.0,8270.0,8410.0,22135852.0
2020-02-10,8285.0,8565.0,8240.0,8535.0,22822072.0
2020-02-11,8560.0,8760.0,8560.0,8720.0,21528552.0
2020-02-12,8700.0,8835.0,8635.0,8795.0,20232249.0
2020-02-13,8845.0,8930.0,8620.0,8775.0,23573833.0
2020-02-14,8725.0,8900.0,8665.0,8740.0,25028907.0
2020-02-17,8710.0,8875.0,8695.0,8820.0,17869086.0
2020-02-18,8750.0,8785.0,8515.0,8545.0,17958224.0
2020-02-19,8625.0,8675.0,8300.0,8580.0,29667960.0
2020-02-20,8670.0,8695.0,8340.0,8475.0,30318418.0
2020-02-21,8255.0,8390.0,8040.0,8070.0,25319601.0
2020-02-24,7730.0,7845.0,7395.0,7415.0,43608531.0
2020-02-25,7430.0,7935.0,7315.0,7925.0,50739648.0
2020-02-26,7590.0,8040.0,7565.0,7945.0,54223561.0
2020-02-27,7915.0,8170.0,7545.0,7680.0,53818121.0
2020-02-28,7420.0,7545.0,7040.0,7125.0,57046556.0
2020-03-02,7260.0,7535.0,7020.0,7515.0,54048123.0
2020-03-03,7840.0,7895.0,7410.0,7420.0,43248193.0
2020-03-04,7315.0,7715.0,7305.0,7685.0,39434029.0
2020-03-05,7795.0,7930.0,7695.0,7880.0,35482264.0
2020-03-06,7725.0,7805.0,7550.0,7725.0,29232547.0
2020-03-09,7455.0,7520.0,7110.0,7145.0,36394371.0
2020-03-10,7120.0,7385.0,6980.0,7385.0,54054459.0
2020-03-11,7330.0,7400.0,6705.0,6760.0,63115247.0
2020-03-12,6670.0,6760.0,5995.0,6120.0,101349009.0
2020-03-13,5430.0,5970.0,4930.0,5530.0,134052523.0
2020-03-16,5715.0,5880.0,5180.0,5180.0,82682387.0
2020-03-17,4830.0,5610.0,4815.0,5570.0,144277309.0
2020-03-18,5565.0,5800.0,4860.0,4860.0,96446486.0
2020-03-19,5310.0,5320.0,3700.0,3980.0,176492749.0
2020-03-20,4230.0,4650.0,4020.0,4640.0,157676287.0
2020-03-23,4200.0,4510.0,4000.0,4130.0,139881326.0
2020-03-24,4395.0,4935.0,4325.0,4935.0,145198675.0
2020-03-25,5125.0,5320.0,4925.0,5255.0,138295899.0
2020-03-26,5240.0,5760.0,5080.0,5230.0,129788735.0
2020-03-27,5720.0,5740.0,5150.0,5430.0,118781105.0
2020-03-30,5235.0,5775.0,5180.0,5720.0,90544668.0
2020-03-31,5850.0,6355.0,5845.0,6355.0,113802215.0
2020-04-01,6290.0,6630.0,5910.0,5925.0,113239051.0
2020-04-02,6000.0,6340.0,5710.0,6295.0,105068867.0
2020-04-03,6310.0,6470.0,6140.0,6325.0,78998119.0
2020-04-06,6495.0,6885.0,6445.0,6850.0,74190598.0
2020-04-07,7005.0,7100.0,6670.0,6935.0,76805686.0
2020-04-08,6850.0,7065.0,6750.0,6840.0,54161712.0
2020-04-09,7005.0,7050.0,6855.0,6950.0,41679524.0
2020-04-10,6965.0,7000.0,6550.0,6860.0,49728027.0
2020-04-13,6800.0,6860.0,6575.0,6575.0,26054303.0
2020-04-14,6735.0,6990.0,6670.0,6920.0,37525422.0
2020-04-16,6795.0,7295.0,6770.0,7265.0,41589764.0
2020-04-17,7490.0,7545.0,7310.0,7490.0,37880014.0
2020-04-20,7500.0,7635.0,7380.0,7435.0,30955883.0
2020-04-21,7390.0,7565.0,6805.0,7285.0,69043055.0
2020-04-22,7120.0,7510.0,7065.0,7455.0,36449201.0
2020-04-23,7500.0,7650.0,7440.0,7550.0,32261936.0
2020-04-24,7460.0,7620.0,7250.0,7300.0,39839664.0
2020-04-27,7395.0,7670.0,7390.0,7615.0,31670702.0
2020-04-28,7640.0,7725.0,7390.0,7545.0,29618515.0
2020-04-29,7560.0,7600.0,7460.0,7500.0,19285765.0
2020-05-04,7300.0,7595.0,7230.0,7375.0,19171176.0
2020-05-06,7530.0,7830.0,7480.0,7790.0,22526347.0
2020-05-07,7740.0,8035.0,7720.0,7970.0,28634573.0
2020-05-08,8055.0,8460.0,8045.0,8425.0,31212472.0
2020-05-11,8495.0,8695.0,8265.0,8515.0,39458308.0
2020-05-12,8520.0,8575.0,8260.0,8430.0,27663024.0
2020-05-13,8235.0,8685.0,8230.0,8665.0,31473592.0
2020-05-14,8530.0,8740.0,8475.0,8600.0,34653425.0
2020-05-15,8740.0,8775.0,8490.0,8635.0,31827740.0
2020-05-18,8740.0,8760.0,8410.0,8480.0,23127758.0
2020-05-19,8640.0,8685.0,8450.0,8625.0,24976429.0
2020-05-20,8635.0,8950.0,8605.0,8885.0,23403952.0
2020-05-21,9005.0,9105.0,8965.0,9060.0,22378766.0
2020-05-22,9075.0,9100.0,8720.0,8835.0,23552585.0
2020-05-25,8980.0,9105.0,8785.0,9105.0,20628841.0
2020-05-26,9140.0,9385.0,9050.0,9370.0,24837626.0
2020-05-27,9255.0,9415.0,9130.0,9235.0,21313170.0
2020-05-28,9295.0,9310.0,8555.0,8795.0,41383513.0
2020-05-29,8740.0,9055.0,8655.0,8985.0,31314345.0
2020-06-01,9055.0,9850.0,9050.0,9795.0,41755752.0
2020-06-02,9820.0,10200.0,9745.0,10090.0,38976850.0
2020-06-03,10295.0,10470.0,9840.0,10010.0,37745853.0
2020-06-04,10145.0,10270.0,9880.0,10105.0,29591135.0
2020-06-05,10125.0,10420.0,9980.0,10380.0,23747517.0
2020-06-08,10530.0,10645.0,10295.0,10475.0,27849031.0
2020-06-09,10600.0,10610.0,10275.0,10490.0,19522707.0
2020-06-10,10490.0,10805.0,10450.0,10705.0,25344182.0
2020-06-11,10730.0,11115.0,10575.0,10720.0,36143579.0
2020-06-12,10000.0,10565.0,9950.0,10365.0,35752848.0
2020-06-15,10320.0,10415.0,8980.0,8980.0,47945519.0
2020-06-16,9545.0,10325.0,9530.0,10295.0,46626422.0
2020-06-17,10155.0,10490.0,9750.0,10200.0,49762683.0
2020-06-18,10200.0,10340.0,10015.0,10160.0,43499935.0
2020-06-19,10280.0,10325.0,9890.0,10210.0,26614811.0
2020-06-22,10175.0,10700.0,10150.0,10615.0,30216168.0
2020-06-23,10805.0,10970.0,10405.0,10685.0,36651662.0
2020-06-24,10855.0,11055.0,10615.0,10770.0,29621944.0
2020-06-25,10510.0,10760.0,10400.0,10505.0,24561322.0
2020-06-26,10710.0,10740.0,10350.0,10585.0,25813373.0
2020-06-29,10410.0,10520.0,10030.0,10065.0,20375044.0
2020-06-30,10320.0,10350.0,9985.0,10170.0,23410401.0
2020-07-01,10295.0,10310.0,9775.0,9825.0,17597077.0
2020-07-02,9960.0,10280.0,9910.0,10215.0,19690291.0
2020-07-03,10270.0,10525.0,10125.0,10480.0,20739793.0
2020-07-06,10520.0,10715.0,10425.0,10675.0,19193836.0
2020-07-07,10790.0,10950.0,10610.0,10705.0,23119442.0
2020-07-08,10730.0,10910.0,10660.0,10855.0,17911884.0
2020-07-09,10990.0,11135.0,10910.0,10995.0,18035722.0
2020-07-10,11010.0,11145.0,10765.0,11030.0,17604516.0
2020-07-13,11120.0,11235.0,11020.0,11230.0,14033434.0
2020-07-14,11090.0,11280.0,11000.0,11110.0,17878052.0
2020-07-15,11220.0,11255.0,10990.0,11175.0,15101966.0
2020-07-16,11175.0,11180.0,10710.0,10920.0,15793097.0
2020-07-17,10940.0,11235.0,10930.0,11180.0,14678935.0
2020-07-20,11255.0,11280.0,11045.0,11160.0,12627125.0
2020-07-21,11310.0,11600.0,11280.0,11445.0,16181405.0
2020-07-22,11435.0,11625.0,11255.0,11555.0,14788306.0
2020-07-23,11555.0,11945.0,11455.0,11890.0,17107176.0
2020-07-24,11725.0,11975.0,11495.0,11680.0,20024470.0
2020-07-27,11610.0,11995.0,11610.0,11845.0,14436905.0
2020-07-28,12000.0,12260.0,11965.0,12190.0,18014228.0
2020-07-29,12150.0,12235.0,11960.0,12140.0,13634697.0
2020-07-30,12215.0,12250.0,11980.0,12080.0,14384313.0
2020-07-31,12165.0,12240.0,12065.0,12140.0,11481787.0
2020-08-03,12180.0,12585.0,12045.0,12550.0,14727802.0
2020-08-04,12680.0,12820.0,12635.0,12770.0,11557812.0
2020-08-05,12840.0,13380.0,12810.0,13380.0,15559509.0
2020-08-06,13500.0,13735.0,13370.0,13640.0,19660583.0
2020-08-07,13775.0,13825.0,13455.0,13820.0,17795043.0
2020-08-10,13905.0,14050.0,13705.0,13925.0,14083890.0
2020-08-11,13880.0,13995.0,13750.0,13820.0,12152653.0
2020-08-12,13740.0,13770.0,12900.0,13210.0,23745361.0
2020-08-13,13500.0,14050.0,13480.0,13740.0,28575905.0
2020-08-14,13700.0,13725.0,12820.0,12950.0,23073878.0
2020-08-18,12950.0,13005.0,11830.0,12045.0,26032547.0
2020-08-19,12300.0,12585.0,12140.0,12565.0,22995097.0
2020-08-20,12415.0,12590.0,11480.0,11700.0,37248266.0
2020-08-21,11940.0,12100.0,11360.0,11775.0,37831316.0
2020-08-24,11850.0,12535.0,11560.0,12535.0,24875581.0
2020-08-25,12700.0,13095.0,12605.0,13050.0,24118951.0
2020-08-26,13125.0,13215.0,12615.0,13055.0,28188121.0
2020-08-27,13070.0,13095.0,12760.0,12930.0,25089339.0
2020-08-28,13085.0,13580.0,12935.0,13150.0,34333984.0
2020-08-31,13265.0,13540.0,12990.0,13330.0,18728316.0
2020-09-01,13375.0,13540.0,13240.0,13400.0,14529823.0
2020-09-02,13625.0,14070.0,13560.0,13990.0,19861457.0
2020-09-03,14065.0,14170.0,13995.0,14125.0,13488973.0
2020-09-04,13200.0,13705.0,13100.0,13665.0,24445459.0
2020-09-07,13625.0,14085.0,13505.0,14000.0,19765042.0
2020-09-08,14080.0,14470.0,13995.0,14150.0,23211560.0
2020-09-09,13755.0,14055.0,13680.0,13680.0,16134135.0
2020-09-10,13930.0,14010.0,13725.0,13950.0,11168023.0
2020-09-11,13900.0,13985.0,13450.0,13955.0,16950926.0
2020-09-14,14050.0,14165.0,13875.0,14150.0,13276821.0
2020-09-15,14320.0,14540.0,14150.0,14500.0,17248123.0
2020-09-16,14555.0,14810.0,14330.0,14410.0,20485823.0
2020-09-17,14375.0,14470.0,13830.0,13950.0,24311388.0
2020-09-18,14020.0,14305.0,13850.0,14305.0,18543430.0
2020-09-21,14300.0,14520.0,13250.0,13520.0,29528952.0
2020-09-22,13520.0,13665.0,12510.0,12645.0,40325429.0
2020-09-23,12900.0,12940.0,12045.0,12690.0,42306542.0
2020-09-24,12230.0,12300.0,11395.0,11445.0,45379861.0
2020-09-25,11660.0,11830.0,11175.0,11425.0,40922779.0
2020-09-28,11720.0,12380.0,11650.0,12345.0,23812887.0
2020-09-29,12500.0,12675.0,12320.0,12620.0,22810668.0
2020-10-05,12595.0,13020.0,12480.0,12890.0,20481222.0
2020-10-06,13000.0,13090.0,12630.0,12830.0,18483841.0
2020-10-07,12635.0,13050.0,12605.0,13020.0,21612450.0
2020-10-08,13070.0,13145.0,12860.0,12975.0,16453195.0
2020-10-12,13100.0,13125.0,12835.0,13095.0,14365020.0
2020-10-13,13205.0,13235.0,12635.0,12880.0,22179273.0
2020-10-14,12865.0,12950.0,12355.0,12395.0,23025634.0
2020-10-15,12350.0,12400.0,11605.0,11850.0,30697608.0
2020-10-16,11905.0,11975.0,11240.0,11655.0,33736979.0
2020-10-19,11690.0,11990.0,11250.0,11390.0,33844182.0
2020-10-20,11175.0,11585.0,10800.0,11585.0,49370518.0
2020-10-21,11585.0,11820.0,11230.0,11775.0,39210485.0
2020-10-22,11605.0,11620.0,11030.0,11050.0,35793017.0
2020-10-23,11135.0,11205.0,10705.0,10915.0,40141668.0
2020-10-26,10855.0,10920.0,10010.0,10155.0,39613383.0
2020-10-27,10015.0,10735.0,9840.0,10400.0,62526081.0
2020-10-28,10320.0,11050.0,10320.0,11050.0,39760820.0
2020-10-29,10705.0,11485.0,10615.0,11460.0,52987777.0
2020-10-30,11410.0,11440.0,10510.0,10580.0,49599348.0
2020-11-02,10585.0,11090.0,10455.0,10895.0,44654296.0
2020-11-03,11040.0,11540.0,11035.0,11380.0,47111635.0
2020-11-04,11555.0,12005.0,11185.0,11845.0,59739149.0
2020-11-05,12000.0,12370.0,11965.0,12305.0,37251891.0
2020-11-06,12360.0,12415.0,11650.0,11760.0,43017408.0
2020-11-09,12000.0,12275.0,11980.0,12125.0,30699246.0
2020-11-10,11950.0,11975.0,11450.0,11620.0,32028552.0
2020-11-11,11600.0,11900.0,11295.0,11760.0,31343089.0
2020-11-12,11850.0,12065.0,11500.0,11670.0,33464016.0
2020-11-13,11555.0,11760.0,11200.0,11745.0,30808163.0
2020-11-16,11865.0,12165.0,11780.0,12000.0,27528704.0
2020-11-17,11970.0,12020.0,11570.0,11705.0,29704888.0
2020-11-18,11740.0,12160.0,11610.0,12085.0,29340369.0
2020-11-19,12005.0,12450.0,11855.0,12425.0,27612828.0
2020-11-20,12395.0,12845.0,12390.0,12720.0,32128374.0
2020-11-23,12715.0,13050.0,12650.0,12830.0,26586167.0
2020-11-24,12895.0,12915.0,12475.0,12650.0,31541386.0
2020-11-25,12785.0,13105.0,12255.0,12520.0,52123519.0
2020-11-26,12535.0,13020.0,12300.0,12960.0,37960628.0
2020-11-27,12900.0,13490.0,12900.0,13395.0,32898683.0
2020-11-30,13510.0,13695.0,13315.0,13315.0,31637099.0
2020-12-01,13480.0,13645.0,13195.0,13570.0,28564964.0
2020-12-02,13670.0,13930.0,13400.0,13875.0,32665407.0
2020-12-03,13875.0,14335.0,13845.0,14320.0,32778517.0
2020-12-04,14350.0,14940.0,14335.0,14900.0,34147420.0
2020-12-07,15085.0,15930.0,14935.0,15930.0,43623674.0
2020-12-08,15800.0,16245.0,14595.0,14685.0,59836621.0
2020-12-09,14835.0,15140.0,14445.0,14920.0,45902218.0
2020-12-10,14580.0,15420.0,14565.0,15295.0,35268362.0
2020-12-11,15445.0,15690.0,15400.0,15560.0,25677343.0
2020-12-14,15710.0,16125.0,15405.0,15665.0,36020281.0
2020-12-15,15740.0,15850.0,15195.0,15665.0,38332980.0
2020-12-16,15900.0,16090.0,15560.0,15965.0,29386582.0
2020-12-17,15960.0,16420.0,15860.0,16110.0,32539064.0
2020-12-18,16190.0,16275.0,16035.0,16150.0,22202035.0
2020-12-21,16250.0,16775.0,16020.0,16725.0,29906203.0
2020-12-22,16610.0,16805.0,15700.0,15700.0,42223296.0
2020-12-23,15915.0,16120.0,15275.0,15505.0,46109970.0
2020-12-24,15570.0,16065.0,15315.0,15850.0,37180264.0
2020-12-28,16000.0,16280.0,15885.0,16155.0,38189502.0
2020-12-29,16480.0,17200.0,16335.0,17125.0,42568817.0
2020-12-30,17115.0,17455.0,16900.0,17200.0,33686289.0
2021-01-04,17150.0,17160.0,16500.0,16970.0,22638677.0
2021-01-05,16845.0,17230.0,16295.0,17015.0,31484419.0
2021-01-06,17085.0,17260.0,16665.0,16720.0,27166491.0
2021-01-07,16905.0,17245.0,16640.0,16930.0,27893023.0
2021-01-08,17135.0,17200.0,16755.0,17135.0,24680746.0
2021-01-11,17285.0,18030.0,16275.0,17195.0,43165779.0
2021-01-12,17045.0,17400.0,16405.0,17060.0,30124826.0
2021-01-13,17100.0,17345.0,16830.0,17080.0,22711093.0
2021-01-14,16950.0,17025.0,16610.0,16730.0,18858629.0
2021-01-15,16715.0,16835.0,15815.0,15985.0,18883351.0
2021-01-18,15660.0,16200.0,15000.0,15135.0,19977301.0
2021-01-19,15205.0,15925.0,14845.0,15570.0,21544007.0
2021-01-20,15720.0,16585.0,15720.0,16350.0,23779404.0
2021-01-21,16565.0,16630.0,16060.0,16315.0,15378463.0
2021-01-22,16315.0,16445.0,15990.0,16190.0,12777178.0
2021-01-25,16310.0,17320.0,16270.0,17240.0,16417546.0
2021-01-26,17240.0,17700.0,16710.0,16890.0,23193769.0
2021-01-27,16975.0,17105.0,16405.0,16470.0,18337179.0
2021-01-28,15745.0,16350.0,15620.0,15815.0,20696536.0
2021-01-29,15965.0,16050.0,14550.0,14820.0,25087147.0
2021-02-01,14820.0,16100.0,14800.0,16080.0,21094442.0
2021-02-02,16170.0,16505.0,15725.0,16080.0,17107468.0
2021-02-03,16200.0,16250.0,15605.0,16205.0,16539692.0
2021-02-04,16205.0,16205.0,15485.0,15800.0,13962530.0
2021-02-05,15925.0,16120.0,15655.0,15900.0,13211078.0
2021-02-08,15895.0,15995.0,15510.0,15670.0,7991001.0
2021-02-09,15710.0,15810.0,15410.0,15450.0,10450396.0
2021-02-10,15425.0,15665.0,15070.0,15540.0,10040812.0
2021-02-15,15640.0,16200.0,15585.0,16070.0,10982461.0
2021-02-16,16005.0,16265.0,15400.0,15505.0,20680341.0
2021-02-17,15400.0,15440.0,15095.0,15320.0,8809730.0
2021-02-18,15320.0,15420.0,14935.0,14975.0,9172529.0
2021-02-19,14945.0,15050.0,14230.0,15015.0,13900772.0
2021-02-22,15020.0,15100.0,14280.0,14435.0,11392643.0
2021-02-23,14270.0,14320.0,13675.0,13745.0,14571665.0
2021-02-24,13800.0,14215.0,12785.0,12905.0,20772773.0
2021-02-25,13220.0,14135.0,13215.0,14045.0,14330826.0
2021-02-26,13410.0,13550.0,12960.0,13230.0,15355567.0
2021-03-02,13800.0,14265.0,13360.0,13830.0,18230388.0
2021-03-03,13650.0,14175.0,13635.0,14080.0,11996624.0
2021-03-04,13725.0,13990.0,13430.0,13870.0,14384780.0
2021-03-05,13600.0,14000.0,13260.0,13920.0,16662239.0
2021-03-08,14080.0,14150.0,13170.0,13260.0,11056434.0
2021-03-09,13220.0,13295.0,12495.0,13120.0,18071527.0
2021-03-10,13470.0,13565.0,12935.0,13000.0,11574512.0
2021-03-11,13100.0,13630.0,12950.0,13550.0,8666906.0
2021-03-12,13650.0,14145.0,13650.0,14045.0,11774657.0
2021-03-15,14015.0,14070.0,13835.0,13885.0,7394470.0
2021-03-16,14065.0,14605.0,14010.0,14575.0,9965002.0
2021-03-17,14485.0,14660.0,14200.0,14605.0,9253868.0
2021-03-18,14750.0,14990.0,14605.0,14700.0,9041977.0
2021-03-19,14250.0,14795.0,14250.0,14650.0,8594902.0
2021-03-22,14650.0,14885.0,14375.0,14800.0,9717763.0
2021-03-23,14925.0,15160.0,14620.0,14650.0,9716643.0
2021-03-24,14500.0,14985.0,14405.0,14905.0,9688258.0
2021-03-25,14780.0,14945.0,14565.0,14870.0,10572216.0
2021-03-26,14980.0,14980.0,14630.0,14870.0,8632051.0
2021-03-29,14950.0,14960.0,14610.0,14715.0,7630360.0
2021-03-30,14720.0,14910.0,14700.0,14720.0,6446621.0
2021-03-31,14690.0,14885.0,14530.0,14530.0,6459126.0
2021-04-01,14600.0,14870.0,14435.0,14855.0,7361513.0
2021-04-02,15000.0,15010.0,14705.0,14835.0,6704020.0
2021-04-05,14860.0,14900.0,14555.0,14655.0,5663241.0
2021-04-06,14750.0,14790.0,14335.0,14520.0,5479840.0
2021-04-07,14520.0,14635.0,14375.0,14515.0,4393383.0
2021-04-08,14535.0,14960.0,14465.0,14895.0,6751831.0
2021-04-09,14940.0,15225.0,14935.0,15045.0,8280759.0
2021-04-12,15055.0,15345.0,14980.0,15345.0,7175671.0
2021-04-13,15280.0,15895.0,15250.0,15860.0,10849087.0
2021-04-14,15915.0,16115.0,15830.0,15920.0,8293176.0
2021-04-15,15875.0,15975.0,15685.0,15920.0,6731618.0
2021-04-16,15970.0,16205.0,15830.0,16150.0,7218467.0
2021-04-19,16050.0,16700.0,16045.0,16540.0,9032262.0
2021-04-20,16465.0,16590.0,16300.0,16390.0,7083756.0
2021-04-21,16230.0,16300.0,15830.0,15950.0,7490192.0
2021-04-22,16070.0,16190.0,15935.0,16010.0,7350940.0
2021-04-23,15870.0,16205.0,15750.0,16010.0,8871794.0
2021-04-26,16050.0,16115.0,15905.0,16075.0,5601478.0
2021-04-27,16075.0,16080.0,15615.0,15670.0,6792937.0
2021-04-28,15550.0,15625.0,14680.0,14765.0,10057683.0
2021-04-29,14815.0,15010.0,14285.0,14385.0,14828401.0
2021-04-30,14405.0,14495.0,13835.0,14200.0,15629116.0
2021-05-03,14220.0,14345.0,13300.0,13405.0,18439637.0
2021-05-04,13300.0,13685.0,12835.0,13615.0,24980593.0
2021-05-06,13490.0,13605.0,13195.0,13550.0,12396822.0
2021-05-07,13600.0,14030.0,13570.0,13910.0,11435642.0
2021-05-10,14000.0,14515.0,13920.0,14485.0,10042839.0
2021-05-11,14170.0,14260.0,13675.0,13810.0,11798345.0
2021-05-12,13810.0,13910.0,13200.0,13460.0,12525648.0
2021-05-13,13110.0,13490.0,12995.0,13050.0,15213651.0
2021-05-14,13195.0,13660.0,13130.0,13625.0,11990979.0
2021-05-17,13760.0,13900.0,13425.0,13670.0,10942732.0
2021-05-18,13680.0,14065.0,13580.0,14000.0,10380511.0
2021-05-20,13795.0,14090.0,13705.0,14020.0,9459347.0
2021-05-21,14160.0,14390.0,13855.0,13895.0,11322298.0
2021-05-24,13790.0,13820.0,13350.0,13365.0,10253498.0
2021-05-25,13520.0,13930.0,13480.0,13820.0,9693431.0
2021-05-26,13820.0,13955.0,13755.0,13840.0,6911899.0
2021-05-27,13870.0,14075.0,13540.0,14075.0,8710348.0
2021-05-28,14075.0,14200.0,13955.0,14040.0,8219902.0
2021-05-31,14085.0,14240.0,14040.0,14150.0,6349555.0
2021-06-01,14150.0,14215.0,14015.0,14165.0,6345633.0
2021-06-02,14145.0,14200.0,13815.0,13840.0,7028441.0
2021-06-03,13840.0,14285.0,13805.0,14135.0,7733773.0
2021-06-04,14000.0,14060.0,13805.0,13920.0,6539737.0
2021-06-07,14080.0,14145.0,13720.0,13860.0,7690390.0
2021-06-08,13930.0,14095.0,13850.0,13965.0,6058196.0
2021-06-09,13960.0,13995.0,13610.0,13610.0,6577001.0
2021-06-10,13620.0,14265.0,13615.0,14125.0,10172550.0
2021-06-11,14190.0,14300.0,14010.0,14120.0,6088037.0
2021-06-14,14240.0,14500.0,14135.0,14450.0,6762309.0
2021-06-15,14400.0,14485.0,14200.0,14340.0,4912840.0
2021-06-16,14230.0,14385.0,14145.0,14260.0,5453794.0
2021-06-17,14100.0,14455.0,14050.0,14390.0,6700144.0
2021-06-18,14390.0,15115.0,14390.0,15030.0,11680592.0
2021-06-21,14850.0,15035.0,14755.0,14930.0,8073787.0
2021-06-22,15050.0,15110.0,14785.0,14895.0,6295427.0
2021-06-23,14970.0,15345.0,14960.0,15145.0,8028348.0
2021-06-24,15160.0,15225.0,14950.0,14995.0,6547899.0
2021-06-25,15100.0,15175.0,14790.0,14800.0,6200263.0
2021-06-28,14900.0,14995.0,14805.0,14925.0,4624676.0
2021-06-29,14980.0,15245.0,14930.0,15065.0,7531773.0
2021-06-30,15030.0,15450.0,15030.0,15315.0,7067984.0
2021-07-01,15350.0,15590.0,15245.0,15525.0,7058675.0
2021-07-02,15550.0,15685.0,15425.0,15680.0,5315103.0
2021-07-05,15760.0,16230.0,15740.0,16125.0,8078173.0
2021-07-06,16060.0,16145.0,15750.0,15835.0,6043553.0
2021-07-07,15790.0,16070.0,15740.0,15900.0,6370656.0
2021-07-08,15890.0,16020.0,15310.0,15415.0,8672109.0
2021-07-09,15260.0,15390.0,14885.0,15335.0,11361350.0
2021-07-12,15485.0,15545.0,15260.0,15360.0,4907009.0
2021-07-13,15420.0,15800.0,15380.0,15605.0,8253632.0
2021-07-14,15495.0,15675.0,15330.0,15625.0,5212984.0
2021-07-15,15650.0,16200.0,15645.0,16070.0,8295769.0
2021-07-16,15890.0,16065.0,15700.0,15925.0,8673870.0
2021-07-19,15800.0,16040.0,15720.0,15925.0,6889441.0
2021-07-20,15720.0,16030.0,15595.0,15800.0,10133336.0
2021-07-21,15920.0,16000.0,15690.0,15840.0,8614689.0
2021-07-22,15950.0,16220.0,15910.0,16130.0,8256484.0
2021-07-23,16110.0,16515.0,16100.0,16210.0,8624027.0
2021-07-26,16320.0,16380.0,15830.0,15980.0,7005878.0
2021-07-27,16025.0,16180.0,15800.0,15865.0,6789310.0
2021-07-28,15750.0,15880.0,15230.0,15430.0,9634776.0
2021-07-29,15530.0,15700.0,15480.0,15640.0,6712675.0
2021-07-30,15570.0,15575.0,15050.0,15105.0,8578922.0
2021-08-02,15200.0,15580.0,15185.0,15500.0,7620326.0
2021-08-03,15430.0,15695.0,15220.0,15460.0,8197619.0
2021-08-04,15495.0,15870.0,15375.0,15870.0,8228160.0
2021-08-05,15875.0,16190.0,15875.0,16020.0,6492920.0
2021-08-06,16090.0,16250.0,15950.0,16120.0,6431340.0
2021-08-09,15980.0,16245.0,15840.0,16175.0,6173224.0
2021-08-10,16095.0,16270.0,15835.0,15895.0,7126863.0
2021-08-11,15795.0,16160.0,15680.0,16000.0,8436755.0
2021-08-12,16010.0,16120.0,15870.0,15910.0,5862468.0
2021-08-13,15930.0,15930.0,15210.0,15650.0,10695820.0
2021-08-17,15595.0,15645.0,14945.0,14975.0,12247252.0
2021-08-18,14920.0,15515.0,14745.0,15425.0,11829274.0
2021-08-19,15180.0,15420.0,14715.0,14715.0,12282884.0
2021-08-20,14865.0,15085.0,14065.0,14195.0,19448425.0
2021-08-23,14400.0,15025.0,14375.0,14960.0,11833567.0
2021-08-24,15150.0,15565.0,15130.0,15565.0,10990618.0
2021-08-25,15620.0,15680.0,15305.0,15680.0,8496061.0
2021-08-26,15720.0,15900.0,15540.0,15810.0,10326107.0
2021-08-27,15655.0,15975.0,15580.0,15765.0,8573787.0
2021-08-30,15975.0,16285.0,15900.0,16025.0,8506830.0
2021-08-31,15975.0,16300.0,15700.0,16300.0,9087155.0
2021-09-01,16160.0,16530.0,16105.0,16530.0,7339313.0
2021-09-02,16425.0,16555.0,16335.0,16400.0,5783149.0
2021-09-03,16445.0,16700.0,16400.0,16620.0,5947824.0
2021-09-06,16605.0,16845.0,16505.0,16645.0,5979017.0
2021-09-07,16580.0,16765.0,16515.0,16735.0,5086523.0
2021-09-08,16620.0,16660.0,16130.0,16160.0,6831976.0
2021-09-09,16080.0,16245.0,15895.0,16000.0,4824619.0
2021-09-10,16050.0,16300.0,15925.0,16255.0,5198198.0
2021-09-13,16120.0,16145.0,15835.0,15935.0,6301313.0
2021-09-14,15975.0,16450.0,15925.0,16325.0,5889622.0
2021-09-15,16280.0,16725.0,16280.0,16640.0,6069348.0
2021-09-16,16765.0,16815.0,16430.0,16630.0,5031381.0
2021-09-17,16580.0,16825.0,16430.0,16780.0,5989654.0
2021-09-23,16620.0,16995.0,16610.0,16760.0,5441983.0
2021-09-24,16900.0,16940.0,16535.0,16720.0,5268294.0
2021-09-27,16650.0,16740.0,16375.0,16495.0,5897077.0
2021-09-28,16435.0,16435.0,15630.0,15630.0,7719270.0
2021-09-29,15355.0,15425.0,14980.0,15365.0,11030135.0
2021-09-30,15300.0,15625.0,15130.0,15540.0,7200408.0
2021-10-01,15250.0,15345.0,14765.0,14860.0,9670948.0
2021-10-05,14700.0,14755.0,14185.0,14230.0,12351072.0
2021-10-06,14390.0,14540.0,13450.0,13500.0,22532967.0
2021-10-07,13760.0,14200.0,13760.0,14155.0,13801062.0
2021-10-08,14290.0,14325.0,13865.0,14000.0,9838537.0
2021-10-12,13880.0,13880.0,13410.0,13555.0,9213777.0
2021-10-13,13520.0,14075.0,13495.0,13900.0,8079846.0
2021-10-14,14050.0,14805.0,14040.0,14780.0,11067270.0
2021-10-15,14940.0,15000.0,14595.0,14870.0,7664277.0
2021-10-18,14850.0,15130.0,14645.0,14915.0,7508545.0
2021-10-19,15030.0,15410.0,15005.0,15390.0,7513054.0
2021-10-20,15460.0,15530.0,15120.0,15165.0,6724245.0
2021-10-21,15140.0,15285.0,14735.0,14775.0,7715993.0
2021-10-22,14720.0,15240.0,14690.0,14960.0,7657567.0
2021-10-25,14855.0,14995.0,14705.0,14990.0,5855313.0
2021-10-26,15120.0,15595.0,15105.0,15570.0,6146579.0
2021-10-27,15510.0,15585.0,15335.0,15480.0,4550832.0
2021-10-28,15445.0,15525.0,15100.0,15115.0,6672584.0
2021-10-29,15260.0,15265.0,14760.0,14790.0,6803215.0
2021-11-01,14950.0,15350.0,14920.0,15145.0,6649998.0
2021-11-02,15145.0,15635.0,15140.0,15475.0,6561612.0
2021-11-03,15505.0,15770.0,15295.0,15425.0,7057471.0
2021-11-04,15675.0,15965.0,15285.0,15495.0,9259064.0
2021-11-05,15650.0,15800.0,15435.0,15790.0,8246401.0
2021-11-08,15680.0,15860.0,15125.0,15625.0,9690028.0
2021-11-09,15500.0,15990.0,15495.0,15865.0,7843228.0
2021-11-10,15720.0,15765.0,14995.0,15040.0,10160805.0
2021-11-11,14955.0,15360.0,14805.0,15360.0,8942946.0
2021-11-12,15430.0,15910.0,15375.0,15875.0,8058553.0
2021-11-15,16030.0,16670.0,16005.0,16655.0,9710794.0
2021-11-16,16525.0,16845.0,16485.0,16840.0,7252219.0
2021-11-17,16905.0,16975.0,16455.0,16480.0,5393085.0
2021-11-18,16450.0,16675.0,16170.0,16550.0,5090233.0
2021-11-19,16430.0,16925.0,16360.0,16895.0,6567328.0
2021-11-22,16880.0,17135.0,16450.0,16750.0,6936475.0
2021-11-23,16465.0,16500.0,15870.0,15900.0,7933258.0
2021-11-24,15910.0,16190.0,15620.0,16160.0,8266990.0
2021-11-25,16100.0,16265.0,15790.0,15840.0,6012590.0
2021-11-26,15870.0,16075.0,15405.0,15630.0,7238099.0
2021-11-29,15360.0,15840.0,15305.0,15530.0,8804569.0
2021-11-30,15760.0,16025.0,14850.0,15030.0,11923976.0
2021-12-01,15180.0,15375.0,14550.0,15225.0,14428490.0
2021-12-02,15000.0,15115.0,14570.0,15035.0,12745419.0
2021-12-03,15105.0,15810.0,14990.0,15765.0,11526281.0
2021-12-06,15530.0,15550.0,15125.0,15390.0,9408795.0
2021-12-07,15530.0,15695.0,15395.0,15635.0,8064739.0
2021-12-08,15850.0,16235.0,15850.0,16020.0,8944633.0
2021-12-09,16000.0,16420.0,15995.0,16420.0,8366557.0
2021-12-10,16170.0,16230.0,15835.0,15890.0,7609053.0
2021-12-13,16010.0,16080.0,15625.0,15675.0,7866885.0
2021-12-14,15565.0,15755.0,15450.0,15570.0,6167493.0
2021-12-15,15475.0,15865.0,15440.0,15820.0,5138702.0
2021-12-16,16100.0,16330.0,15895.0,15980.0,8532565.0
2021-12-17,15720.0,15785.0,15320.0,15540.0,8060752.0
2021-12-20,15460.0,15750.0,15355.0,15380.0,7372584.0
2021-12-21,15575.0,15710.0,15200.0,15615.0,7783428.0
2021-12-22,15800.0,15840.0,15560.0,15670.0,5356570.0
2021-12-23,15765.0,15945.0,15685.0,15750.0,6062610.0
2021-12-24,15850.0,16050.0,15780.0,15810.0,5853830.0
2021-12-27,15820.0,16220.0,15750.0,16180.0,6653578.0
2021-12-28,16415.0,17070.0,16400.0,17070.0,12908245.0
2021-12-29,17020.0,17200.0,16325.0,16510.0,16407691.0
2021-12-30,16560.0,16635.0,16110.0,16525.0,8834125.0
2022-01-03,16595.0,16645.0,16120.0,16440.0,7276820.0
2022-01-04,16540.0,16540.0,15815.0,16010.0,9509441.0
2022-01-05,15840.0,15875.0,15230.0,15235.0,9926256.0
2022-01-06,15000.0,15030.0,14290.0,14325.0,17343958.0
2022-01-07,14450.0,14670.0,14400.0,14585.0,9255994.0
2022-01-10,14445.0,14465.0,13900.0,13955.0,11901951.0
2022-01-11,14045.0,14195.0,13610.0,13815.0,11445035.0
2022-01-12,14090.0,14580.0,14090.0,14530.0,10775597.0
2022-01-13,14530.0,14570.0,14035.0,14090.0,6601567.0
2022-01-14,13830.0,13835.0,13520.0,13640.0,8640988.0
2022-01-17,13680.0,13685.0,13305.0,13450.0,7776274.0
2022-01-18,13460.0,13790.0,12980.0,13120.0,11811047.0
2022-01-19,12810.0,13015.0,12585.0,12760.0,11585416.0
2022-01-20,12710.0,13450.0,12695.0,13450.0,13930938.0
2022-01-21,13100.0,13310.0,12730.0,12995.0,14056710.0
2022-01-24,12900.0,12910.0,12300.0,12440.0,15467014.0
2022-01-25,12565.0,12615.0,11750.0,11885.0,25486323.0
2022-01-26,11980.0,12120.0,11415.0,11435.0,24419487.0
2022-01-27,11520.0,11525.0,10430.0,10450.0,27702923.0
2022-01-28,10570.0,11105.0,10160.0,11025.0,30659347.0
2022-02-03,11350.0,11580.0,11305.0,11380.0,18154470.0
2022-02-04,11295.0,11595.0,11280.0,11595.0,12982377.0
2022-02-07,11595.0,11600.0,11120.0,11250.0,9663737.0
2022-02-08,11300.0,11555.0,10960.0,11140.0,11944321.0
2022-02-09,11350.0,11615.0,11285.0,11615.0,10087813.0
2022-02-10,11665.0,11705.0,10990.0,11095.0,13396374.0
2022-02-11,10710.0,10895.0,10475.0,10475.0,13800969.0
2022-02-14,10260.0,10400.0,10025.0,10195.0,15344827.0
2022-02-15,10230.0,10410.0,9865.0,9910.0,15462838.0
2022-02-16,10280.0,10900.0,10260.0,10900.0,12514012.0
2022-02-17,10840.0,11140.0,10325.0,10650.0,21909277.0
2022-02-18,10305.0,10870.0,10255.0,10825.0,16186864.0
2022-02-21,10520.0,10865.0,10290.0,10830.0,16443690.0
2022-02-22,10430.0,10680.0,10390.0,10520.0,14391495.0
2022-02-23,10695.0,10855.0,10555.0,10810.0,11826228.0
2022-02-24,10565.0,10575.0,10110.0,10160.0,19447669.0
2022-02-25,10550.0,10915.0,10520.0,10915.0,16496995.0
2022-02-28,10760.0,11020.0,10650.0,11020.0,13761773.0
2022-03-02,10960.0,11485.0,10920.0,11395.0,12039573.0
2022-03-03,11550.0,11955.0,11480.0,11930.0,11336005.0
2022-03-04,11770.0,11800.0,11350.0,11410.0,12475092.0
2022-03-07,11060.0,11245.0,10780.0,10910.0,12116385.0
2022-03-08,10620.0,11010.0,10525.0,10670.0,11438188.0
2022-03-10,11210.0,11420.0,11205.0,11410.0,10267014.0
2022-03-11,11395.0,11555.0,11275.0,11325.0,9339210.0
2022-03-14,11350.0,11420.0,10700.0,10750.0,12274509.0
2022-03-15,10660.0,10840.0,10505.0,10710.0,9076013.0
2022-03-16,11100.0,11365.0,10965.0,11355.0,9953237.0
2022-03-17,11715.0,12120.0,11715.0,11950.0,13075429.0
2022-03-18,11940.0,12200.0,11820.0,12200.0,8724807.0
2022-03-21,12300.0,12305.0,11835.0,11835.0,7760271.0
2022-03-22,11770.0,11975.0,11670.0,11945.0,7749191.0
2022-03-23,12145.0,12290.0,12010.0,12145.0,7289972.0
2022-03-24,11960.0,12145.0,11730.0,12045.0,7230138.0
2022-03-25,12195.0,12225.0,12030.0,12070.0,6509187.0
2022-03-28,12010.0,12010.0,11670.0,11670.0,6237974.0
2022-03-29,11860.0,12130.0,11850.0,12120.0,6972435.0
2022-03-30,12250.0,12330.0,12130.0,12205.0,7222106.0
2022-03-31,12110.0,12395.0,12100.0,12320.0,5709560.0
2022-04-01,12150.0,12220.0,12015.0,12130.0,5052411.0
2022-04-04,12090.0,12330.0,11985.0,12325.0,6055809.0
2022-04-05,12400.0,12600.0,12380.0,12465.0,6447182.0
2022-04-06,12250.0,12265.0,11975.0,12035.0,7166473.0
2022-04-07,11850.0,11905.0,11715.0,11845.0,6131816.0
2022-04-08,11950.0,12075.0,11800.0,12075.0,7303851.0
2022-04-11,11970.0,11980.0,11460.0,11475.0,9633737.0
2022-04-12,11270.0,11380.0,11075.0,11285.0,7623559.0
2022-04-13,11380.0,11765.0,11250.0,11755.0,8573235.0
2022-04-14,11755.0,11900.0,11610.0,11720.0,7806323.0
2022-04-15,11515.0,11575.0,11275.0,11505.0,6671767.0
2022-04-18,11420.0,11440.0,11220.0,11350.0,5275094.0
2022-04-19,11500.0,11880.0,11485.0,11855.0,6603368.0
2022-04-20,11790.0,11835.0,11660.0,11675.0,4451739.0
2022-04-21,11795.0,11940.0,11640.0,11650.0,6363217.0
2022-04-22,11410.0,11440.0,11165.0,11340.0,7459917.0
2022-04-25,11110.0,11110.0,10770.0,10770.0,9089638.0
2022-04-26,10950.0,11200.0,10915.0,11130.0,6523501.0
2022-04-27,10645.0,10800.0,10560.0,10715.0,9661965.0
2022-04-28,10830.0,10840.0,10565.0,10675.0,8056745.0
2022-04-29,10715.0,11150.0,10630.0,11135.0,10419692.0
2022-05-02,10800.0,11005.0,10650.0,10890.0,9568759.0
2022-05-03,10915.0,11255.0,10915.0,11065.0,8027670.0
2022-05-04,11145.0,11240.0,10895.0,10950.0,6744319.0
2022-05-06,10660.0,10725.0,10415.0,10465.0,10652572.0
2022-05-09,10280.0,10325.0,9900.0,9910.0,13453519.0
2022-05-10,9605.0,9920.0,9325.0,9785.0,19201094.0
2022-05-11,9620.0,10300.0,9545.0,10240.0,14295625.0
2022-05-12,9885.0,9965.0,9330.0,9355.0,21645599.0
2022-05-13,9555.0,10095.0,9555.0,10050.0,15455196.0
2022-05-16,10265.0,10390.0,9960.0,9980.0,16149606.0
2022-05-17,10020.0,10385.0,9990.0,10350.0,10091901.0
2022-05-18,10510.0,10695.0,10445.0,10620.0,12672938.0
2022-05-19,9995.0,10520.0,9945.0,10285.0,15161782.0
2022-05-20,10480.0,10965.0,10480.0,10925.0,14585331.0
2022-05-23,11085.0,11090.0,10845.0,11090.0,10567492.0
2022-05-24,10960.0,11005.0,10415.0,10415.0,10928191.0
2022-05-25,10650.0,10970.0,10355.0,10705.0,15472554.0
2022-05-26,10745.0,11080.0,10485.0,10620.0,14540047.0
2022-05-27,10945.0,11010.0,10570.0,10650.0,13697764.0
2022-05-30,10935.0,11005.0,10860.0,10965.0,10224965.0
2022-05-31,10975.0,11135.0,10825.0,11115.0,10053184.0
2022-06-02,11000.0,11070.0,10890.0,10955.0,6825550.0
2022-06-03,11190.0,11210.0,10855.0,10900.0,8486698.0
2022-06-07,10825.0,10850.0,10240.0,10255.0,10629725.0
2022-06-08,10375.0,10505.0,10245.0,10325.0,9217295.0
2022-06-09,10255.0,10490.0,10055.0,10490.0,7357790.0
2022-06-10,10220.0,10385.0,10135.0,10275.0,9764335.0
2022-06-13,9805.0,9835.0,9350.0,9380.0,18605338.0
2022-06-14,9180.0,9440.0,8945.0,9385.0,27848168.0
2022-06-15,9330.0,9480.0,8795.0,8935.0,24368701.0
2022-06-16,9270.0,9400.0,8945.0,9055.0,21813244.0
2022-06-17,8745.0,8945.0,8620.0,8910.0,22828601.0
2022-06-20,9075.0,9100.0,8345.0,8470.0,23302053.0
2022-06-21,8570.0,8775.0,8290.0,8690.0,22812846.0
2022-06-22,8780.0,8795.0,7980.0,7980.0,25235690.0
2022-06-23,7995.0,8270.0,7445.0,7505.0,47841492.0
2022-06-24,7645.0,8355.0,7630.0,8305.0,32541741.0
2022-06-27,8465.0,8720.0,8275.0,8590.0,27181499.0
2022-06-28,8540.0,8645.0,8245.0,8430.0,23264370.0
2022-06-29,8125.0,8200.0,7890.0,8025.0,24082293.0
2022-06-30,8000.0,8040.0,7645.0,7665.0,20628055.0
2022-07-01,7805.0,7935.0,7285.0,7430.0,29280163.0
2022-07-04,7480.0,7545.0,7100.0,7310.0,27362822.0
2022-07-05,7495.0,7980.0,7440.0,7975.0,31984673.0
2022-07-06,7875.0,8175.0,7655.0,7715.0,28706879.0
2022-07-07,7870.0,8115.0,7810.0,8050.0,20373888.0
2022-07-08,8200.0,8380.0,8155.0,8220.0,21604924.0
2022-07-11,8225.0,8450.0,8130.0,8190.0,19820689.0
2022-07-12,8000.0,8055.0,7785.0,7825.0,14850321.0
2022-07-13,7860.0,8310.0,7835.0,8265.0,19778442.0
2022-07-14,8190.0,8405.0,8145.0,8250.0,19610829.0
2022-07-15,8380.0,8390.0,8045.0,8240.0,22787867.0
2022-07-18,8485.0,8540.0,8230.0,8475.0,22405977.0
2022-07-19,8350.0,8580.0,8320.0,8575.0,15463771.0
2022-07-20,8855.0,8965.0,8715.0,8820.0,18081545.0
2022-07-21,8860.0,8890.0,8715.0,8850.0,12249115.0
2022-07-22,8865.0,9015.0,8645.0,8645.0,13634384.0
2022-07-25,8545.0,8765.0,8500.0,8695.0,13780421.0
2022-07-26,8600.0,8765.0,8580.0,8695.0,8869317.0
2022-07-27,8715.0,8840.0,8680.0,8840.0,9430140.0
2022-07-28,9100.0,9165.0,8865.0,8950.0,13136923.0
2022-07-29,9095.0,9230.0,8985.0,9070.0,12257679.0
2022-08-01,9070.0,9170.0,8950.0,9080.0,9108696.0
2022-08-02,9065.0,9105.0,8885.0,9020.0,8540655.0
2022-08-03,9000.0,9335.0,8975.0,9335.0,10572478.0
2022-08-04,9445.0,9750.0,9420.0,9680.0,12693233.0
2022-08-05,9685.0,9990.0,9685.0,9930.0,10271441.0
2022-08-08,9805.0,9915.0,9750.0,9885.0,6610744.0
2022-08-09,9860.0,10050.0,9790.0,10015.0,8940772.0
2022-08-10,9870.0,9910.0,9520.0,9545.0,9746022.0
2022-08-11,9910.0,10015.0,9735.0,9865.0,12546682.0
2022-08-12,9800.0,9865.0,9620.0,9765.0,8500434.0
2022-08-16,9890.0,9920.0,9765.0,9870.0,8451522.0
2022-08-17,9875.0,9895.0,9645.0,9720.0,8330254.0
2022-08-18,9580.0,9695.0,9420.0,9640.0,9262668.0
2022-08-19,9640.0,9670.0,9250.0,9255.0,9657025.0
2022-08-22,9030.0,9165.0,8835.0,8850.0,10889718.0
2022-08-23,8715.0,8785.0,8465.0,8510.0,13332674.0
2022-08-24,8600.0,8760.0,8405.0,8760.0,12143341.0
2022-08-25,8750.0,9165.0,8685.0,9165.0,12469088.0
2022-08-26,9180.0,9295.0,8890.0,8905.0,11110412.0
2022-08-29,8300.0,8450.0,8250.0,8290.0,14628531.0
2022-08-30,8395.0,8790.0,8390.0,8775.0,13612929.0
2022-08-31,8575.0,9085.0,8560.0,8975.0,12716509.0
2022-09-01,8760.0,8785.0,8455.0,8510.0,11654272.0
2022-09-02,8665.0,8705.0,8415.0,8505.0,16814533.0
2022-09-05,8495.0,8540.0,8135.0,8190.0,15133727.0
2022-09-06,8235.0,8440.0,8150.0,8245.0,14513466.0
2022-09-07,8110.0,8120.0,7915.0,8015.0,11899904.0
2022-09-08,8215.0,8460.0,8200.0,8360.0,13038842.0
2022-09-13,8750.0,8915.0,8735.0,8860.0,13214983.0
2022-09-14,8300.0,8430.0,8190.0,8275.0,17446677.0
2022-09-15,8340.0,8355.0,8110.0,8165.0,10738945.0
2022-09-16,8000.0,8115.0,7900.0,7945.0,11364175.0
2022-09-19,7960.0,8005.0,7580.0,7630.0,13567499.0
2022-09-20,7810.0,7900.0,7680.0,7730.0,12703391.0
2022-09-21,7620.0,7705.0,7445.0,7590.0,12957127.0
2022-09-22,7315.0,7530.0,7170.0,7490.0,17184090.0
2022-09-23,7420.0,7455.0,7040.0,7095.0,22991723.0
2022-09-26,6900.0,6905.0,6475.0,6495.0,35603764.0
2022-09-27,6555.0,6720.0,6325.0,6720.0,43002415.0
2022-09-28,6600.0,6710.0,6185.0,6270.0,48018925.0
2022-09-29,6550.0,6665.0,6325.0,6350.0,40621387.0
2022-09-30,6205.0,6415.0,6090.0,6260.0,56602677.0
2022-10-04,6535.0,6720.0,6470.0,6715.0,28074199.0
2022-10-05,6900.0,6900.0,6335.0,6370.0,42094284.0
2022-10-06,6495.0,6790.0,6445.0,6750.0,28938910.0
2022-10-07,6560.0,6775.0,6500.0,6500.0,27133435.0
2022-10-11,6195.0,6205.0,6005.0,6020.0,30071625.0
2022-10-12,6020.0,6175.0,5945.0,6160.0,34091441.0
2022-10-13,6085.0,6095.0,5845.0,5905.0,25111290.0
2022-10-14,6200.0,6440.0,6130.0,6425.0,29108049.0
2022-10-17,6170.0,6400.0,6145.0,6375.0,24043163.0
2022-10-18,6605.0,6720.0,6395.0,6700.0,35320624.0
2022-10-19,6685.0,6895.0,6475.0,6495.0,33448085.0
2022-10-20,6405.0,6500.0,6120.0,6210.0,40713153.0
2022-10-21,6150.0,6310.0,6100.0,6180.0,30147172.0
2022-10-24,6510.0,6650.0,6500.0,6585.0,29816219.0
2022-10-25,6605.0,6715.0,6490.0,6580.0,26002643.0
2022-10-26,6590.0,6660.0,6500.0,6540.0,24428839.0
2022-10-27,6615.0,6800.0,6595.0,6790.0,23862752.0
2022-10-28,6650.0,6815.0,6600.0,6605.0,20230062.0
2022-10-31,6790.0,6810.0,6635.0,6800.0,20663532.0
2022-11-01,6785.0,6850.0,6705.0,6820.0,18832163.0
2022-11-02,6725.0,6755.0,6630.0,6720.0,17811581.0
2022-11-03,6410.0,6620.0,6405.0,6540.0,20979016.0
2022-11-04,6420.0,6515.0,6295.0,6510.0,20589515.0
2022-11-07,6485.0,6655.0,6485.0,6645.0,19033075.0
2022-11-08,6725.0,6990.0,6700.0,6970.0,25728190.0
2022-11-09,6995.0,7030.0,6850.0,6930.0,22322239.0
2022-11-10,6770.0,6865.0,6680.0,6700.0,16177619.0
2022-11-11,7340.0,7495.0,7220.0,7460.0,36145909.0
2022-11-14,7400.0,7450.0,7260.0,7305.0,17613698.0
2022-11-15,7305.0,7770.0,7305.0,7760.0,22991753.0
2022-11-16,7800.0,7825.0,7575.0,7690.0,24077346.0
2022-11-17,7605.0,7685.0,7465.0,7525.0,18420471.0
2022-11-18,7510.0,7645.0,7325.0,7340.0,16974187.0
2022-11-21,7335.0,7380.0,6975.0,7010.0,17027210.0
2022-11-22,6955.0,7040.0,6810.0,6830.0,17738063.0
2022-11-23,6975.0,7175.0,6960.0,7145.0,16018461.0
2022-11-24,7250.0,7470.0,7225.0,7420.0,18335469.0
2022-11-25,7360.0,7370.0,7195.0,7220.0,13982409.0
2022-11-28,7125.0,7125.0,6840.0,6890.0,15060531.0
2022-11-29,6800.0,7185.0,6775.0,7135.0,17523937.0
2022-11-30,7020.0,7160.0,6950.0,7135.0,16552944.0
2022-12-01,7490.0,7620.0,7380.0,7435.0,27359516.0
2022-12-02,7380.0,7380.0,7110.0,7110.0,15813430.0
2022-12-05,7200.0,7325.0,7120.0,7200.0,19289630.0
2022-12-06,7045.0,7075.0,6890.0,6895.0,15630056.0
2022-12-07,6820.0,7025.0,6755.0,6895.0,18552046.0
2022-12-08,6830.0,6970.0,6830.0,6895.0,11386587.0
2022-12-09,6970.0,7055.0,6855.0,7000.0,17791488.0
2022-12-12,6850.0,6925.0,6805.0,6805.0,11366186.0
2022-12-13,6900.0,6935.0,6765.0,6855.0,12359514.0
2022-12-14,6910.0,7180.0,6895.0,7160.0,14924319.0
2022-12-15,7010.0,7145.0,6885.0,6925.0,15212488.0
2022-12-16,6655.0,6815.0,6615.0,6720.0,15512276.0
2022-12-19,6675.0,6880.0,6670.0,6750.0,12641645.0
2022-12-20,6685.0,6745.0,6420.0,6460.0,18563075.0
2022-12-21,6585.0,6645.0,6470.0,6550.0,15339940.0
2022-12-22,6670.0,6875.0,6630.0,6865.0,16158447.0
2022-12-23,6630.0,6635.0,6355.0,6355.0,30700616.0
2022-12-26,6380.0,6570.0,6245.0,6550.0,22012497.0
2022-12-27,6620.0,6780.0,6595.0,6745.0,22666753.0
2022-12-28,6640.0,6645.0,6300.0,6375.0,26752848.0
2022-12-29,6285.0,6370.0,6005.0,6130.0,22172873.0
2023-01-02,6250.0,6335.0,5970.0,6030.0,19335314.0
2023-01-03,6075.0,6120.0,5845.0,6085.0,24847058.0
2023-01-04,5955.0,6175.0,5865.0,6160.0,22415534.0
2023-01-05,6175.0,6235.0,5965.0,6030.0,22058839.0
2023-01-06,5950.0,6320.0,5930.0,6250.0,26193866.0
2023-01-09,6375.0,6535.0,6370.0,6485.0,20897563.0
2023-01-10,6395.0,6515.0,6230.0,6245.0,22157585.0
2023-01-11,6370.0,6590.0,6365.0,6530.0,23797766.0
2023-01-12,6650.0,6655.0,6465.0,6600.0,16712675.0
2023-01-13,6610.0,6695.0,6465.0,6535.0,14291981.0
2023-01-16,6585.0,6700.0,6520.0,6620.0,15713364.0
2023-01-17,6590.0,6645.0,6350.0,6370.0,15890514.0
2023-01-18,6405.0,6460.0,6330.0,6410.0,13869263.0
2023-01-19,6310.0,6445.0,6235.0,6435.0,11719994.0
2023-01-20,6390.0,6525.0,6350.0,6470.0,12978858.0
2023-01-25,6650.0,6780.0,6650.0,6755.0,13591196.0
2023-01-26,6780.0,6980.0,6750.0,6970.0,16366682.0
2023-01-27,7000.0,7030.0,6915.0,6960.0,13605816.0
2023-01-30,7005.0,7110.0,6800.0,6830.0,12070955.0
2023-01-31,6775.0,6875.0,6700.0,6850.0,13075372.0
2023-02-01,6950.0,7230.0,6910.0,7150.0,18114740.0
2023-02-02,7410.0,7525.0,7330.0,7475.0,19554909.0
2023-02-03,7475.0,7600.0,7395.0,7515.0,16323742.0
2023-02-06,7400.0,7535.0,7365.0,7375.0,10337969.0
2023-02-07,7375.0,7760.0,7375.0,7690.0,16860024.0
2023-02-08,7805.0,7885.0,7785.0,7870.0,12487224.0
2023-02-09,7780.0,8085.0,7755.0,8080.0,14184180.0
2023-02-10,7995.0,8075.0,7815.0,7860.0,13702701.0
2023-02-13,7780.0,7950.0,7710.0,7860.0,14676499.0
2023-02-14,7975.0,8095.0,7885.0,8055.0,14882342.0
2023-02-15,8115.0,8235.0,7755.0,7785.0,15106413.0
2023-02-16,8000.0,8460.0,7975.0,8405.0,19365898.0
2023-02-17,8100.0,8290.0,7985.0,8075.0,17352471.0
2023-02-20,8140.0,8585.0,8045.0,8540.0,20977251.0
2023-02-21,8525.0,8650.0,8430.0,8650.0,16017863.0
2023-02-22,8380.0,8500.0,8100.0,8190.0,21767495.0
2023-02-23,8295.0,8380.0,8020.0,8275.0,22042394.0
2023-02-24,8300.0,8310.0,8010.0,8125.0,15025328.0
2023-02-27,7975.0,8210.0,7855.0,8155.0,16313104.0
2023-02-28,8220.0,8575.0,8220.0,8460.0,22461285.0
2023-03-02,8515.0,8715.0,8250.0,8250.0,18258921.0
2023-03-03,8395.0,8750.0,8360.0,8705.0,21982126.0
2023-03-06,8950.0,9145.0,8835.0,9140.0,22015778.0
2023-03-07,9065.0,9300.0,8980.0,9100.0,16447893.0
2023-03-08,8855.0,9180.0,8850.0,9100.0,14202333.0
2023-03-09,9150.0,9175.0,8770.0,8920.0,12594678.0
2023-03-10,8665.0,8690.0,8380.0,8470.0,21450790.0
2023-03-13,8470.0,8720.0,8215.0,8685.0,25163336.0
2023-03-14,8550.0,8670.0,8020.0,8020.0,26371986.0
2023-03-15,8335.0,8600.0,8325.0,8535.0,19702765.0
2023-03-16,8500.0,8630.0,8180.0,8525.0,25502393.0
2023-03-17,8800.0,8800.0,8550.0,8780.0,19636793.0
2023-03-20,8665.0,8905.0,8615.0,8830.0,14365241.0
2023-03-21,8920.0,9055.0,8835.0,8835.0,14720997.0
2023-03-22,9065.0,9170.0,8980.0,9140.0,13315977.0
2023-03-23,9000.0,9490.0,8975.0,9140.0,18278791.0
2023-03-24,9245.0,9340.0,9100.0,9320.0,15517337.0
2023-03-27,9430.0,9445.0,9100.0,9395.0,13903180.0
2023-03-28,9405.0,9425.0,9260.0,9425.0,12818474.0
2023-03-29,9435.0,9750.0,9390.0,9730.0,13219153.0
2023-03-30,9830.0,10070.0,9825.0,9980.0,13849879.0
2023-03-31,9980.0,10120.0,9830.0,10110.0,12050025.0
2023-04-03,10200.0,10320.0,10080.0,10190.0,12693489.0
2023-04-04,10125.0,10300.0,10105.0,10225.0,12258166.0
2023-04-05,10175.0,10710.0,10145.0,10710.0,12931520.0
2023-04-06,10680.0,10760.0,10425.0,10580.0,12748474.0
2023-04-07,10760.0,11225.0,10710.0,11215.0,15825924.0
2023-04-10,11255.0,11950.0,11215.0,11835.0,21511112.0
2023-04-11,11980.0,12370.0,11630.0,12225.0,25860523.0
2023-04-12,12120.0,12210.0,11730.0,11735.0,19108619.0
2023-04-13,11500.0,11860.0,11300.0,11715.0,22688908.0
2023-04-14,11940.0,12210.0,11940.0,12070.0,15187185.0
2023-04-17,12050.0,12150.0,11765.0,12100.0,13186718.0
2023-04-18,12115.0,12130.0,11810.0,12065.0,12704517.0
2023-04-19,12020.0,12075.0,11885.0,11900.0,9093186.0
2023-04-20,11805.0,11805.0,11135.0,11210.0,15638095.0
2023-04-21,11130.0,11210.0,10680.0,10720.0,16132019.0
2023-04-24,10655.0,10750.0,10300.0,10335.0,13790578.0
2023-04-25,10415.0,10455.0,9850.0,10075.0,22177886.0
2023-04-26,10045.0,10385.0,9880.0,10025.0,23235506.0
2023-04-27,9995.0,10795.0,9860.0,10740.0,25481570.0
2023-04-28,11000.0,11200.0,10560.0,10665.0,24608628.0
2023-05-02,10710.0,11055.0,10685.0,10980.0,17738567.0
2023-05-03,10720.0,10725.0,10330.0,10395.0,15566971.0
2023-05-04,10315.0,10670.0,10250.0,10500.0,17281932.0
2023-05-08,10750.0,10845.0,10360.0,10385.0,19096997.0
2023-05-09,10330.0,10365.0,9915.0,10135.0,19189192.0
2023-05-10,10105.0,10195.0,9850.0,9925.0,14354035.0
2023-05-11,10095.0,10225.0,9575.0,9635.0,18618617.0
2023-05-12,9555.0,9830.0,9500.0,9595.0,17016684.0
2023-05-15,9450.0,9500.0,9175.0,9465.0,21798416.0
2023-05-16,9630.0,9760.0,9480.0,9640.0,17914481.0
2023-05-17,9590.0,10230.0,9565.0,10165.0,17891205.0
2023-05-18,10315.0,10370.0,10010.0,10075.0,15011892.0
2023-05-19,10245.0,10270.0,10025.0,10210.0,18152798.0
2023-05-22,10155.0,10585.0,10070.0,10550.0,18445440.0
2023-05-23,10590.0,10940.0,10580.0,10810.0,18827621.0
2023-05-24,10715.0,10755.0,10550.0,10685.0,12505543.0
2023-05-25,10750.0,10790.0,10300.0,10395.0,15159150.0
2023-05-26,10460.0,10645.0,10255.0,10340.0,16390740.0
2023-05-30,10535.0,10645.0,10385.0,10645.0,17134151.0
2023-05-31,10605.0,10980.0,10605.0,10855.0,17498646.0
2023-06-01,10795.0,11100.0,10795.0,11065.0,14592512.0
2023-06-02,11150.0,11195.0,11050.0,11145.0,11397880.0
2023-06-05,11200.0,11240.0,10955.0,11100.0,13394546.0
2023-06-07,11100.0,11485.0,11100.0,11480.0,14759703.0
2023-06-08,11345.0,11435.0,11135.0,11175.0,11496335.0
2023-06-09,11375.0,11700.0,11375.0,11610.0,14470121.0
2023-06-12,11670.0,11695.0,11500.0,11675.0,10488736.0
2023-06-13,11865.0,12210.0,11820.0,12105.0,17149765.0
2023-06-14,12155.0,12295.0,11120.0,11150.0,27877128.0
2023-06-15,11335.0,11565.0,10855.0,11235.0,29527734.0
2023-06-16,11450.0,11610.0,11255.0,11585.0,18015677.0
2023-06-19,11615.0,11660.0,11275.0,11655.0,14242920.0
2023-06-20,11515.0,11740.0,11400.0,11450.0,16098957.0
2023-06-21,11430.0,11610.0,11040.0,11070.0,16070074.0
2023-06-22,10890.0,11295.0,10870.0,11150.0,13220128.0
2023-06-23,11250.0,11315.0,11005.0,11100.0,11579299.0
2023-06-26,11100.0,11355.0,11030.0,11215.0,10503663.0
2023-06-27,11105.0,11150.0,10700.0,10955.0,15059601.0
2023-06-28,11110.0,11150.0,10665.0,10680.0,15333791.0
2023-06-29,10750.0,10870.0,10530.0,10635.0,15731735.0
2023-06-30,10665.0,11035.0,10470.0,10935.0,16684278.0
2023-07-03,11085.0,11800.0,11070.0,11755.0,22564646.0
2023-07-04,11825.0,11950.0,11495.0,11700.0,20168254.0
2023-07-05,11645.0,12025.0,11620.0,11850.0,18606273.0
2023-07-06,11750.0,11820.0,11245.0,11300.0,19398463.0
2023-07-07,11260.0,11325.0,10990.0,11255.0,16245818.0
2023-07-10,11265.0,11335.0,10900.0,10995.0,17154510.0
2023-07-11,11185.0,11650.0,11115.0,11610.0,15312399.0
2023-07-12,11540.0,11620.0,11360.0,11555.0,17062388.0
2023-07-13,11690.0,12020.0,11680.0,11845.0,19022205.0
2023-07-14,12020.0,12150.0,11895.0,12100.0,15508080.0
2023-07-17,12050.0,12225.0,11975.0,12100.0,10431452.0
2023-07-18,12160.0,12975.0,12160.0,12835.0,22031091.0
2023-07-19,13020.0,13550.0,12805.0,13540.0,22186026.0
2023-07-20,13250.0,13865.0,13030.0,13730.0,18690560.0
2023-07-21,13210.0,14220.0,13115.0,14035.0,19264138.0
2023-07-24,14070.0,14395.0,13825.0,14305.0,20954944.0
2023-07-25,14325.0,15510.0,14100.0,15255.0,25445668.0
2023-07-26,15405.0,17170.0,13730.0,13920.0,46298481.0
2023-07-27,13935.0,14300.0,12695.0,12900.0,37395165.0
2023-07-28,12745.0,13925.0,12560.0,13825.0,29292507.0
2023-07-31,14000.0,14965.0,14000.0,14775.0,24318379.0
2023-08-01,15085.0,15445.0,14225.0,14670.0,29975280.0
2023-08-02,14335.0,14625.0,13320.0,13405.0,30829653.0
2023-08-03,13515.0,14115.0,13100.0,14090.0,40147441.0
2023-08-04,14140.0,14190.0,13710.0,13810.0,23445991.0
2023-08-07,13545.0,13595.0,12540.0,12710.0,24666228.0
2023-08-08,12800.0,12935.0,12370.0,12645.0,30944202.0
2023-08-09,12600.0,13480.0,12525.0,13240.0,22886990.0
2023-08-10,13050.0,13505.0,12805.0,13355.0,20310710.0
2023-08-11,13430.0,13445.0,12940.0,13090.0,16830998.0
2023-08-14,12915.0,12955.0,12255.0,12620.0,19178077.0
2023-08-16,12400.0,12535.0,11920.0,11975.0,20218441.0
2023-08-17,11885.0,12580.0,11710.0,12470.0,28655963.0
2023-08-18,12280.0,12420.0,11950.0,12145.0,22411574.0
2023-08-21,12275.0,12880.0,12275.0,12645.0,19291573.0
2023-08-22,12965.0,13100.0,12700.0,12950.0,20148862.0
2023-08-23,12845.0,12880.0,12235.0,12400.0,19512326.0
2023-08-24,12790.0,13065.0,12640.0,12955.0,18269981.0
2023-08-25,12500.0,13030.0,12465.0,12945.0,15225979.0
2023-08-28,13210.0,13260.0,12905.0,13155.0,14606166.0
2023-08-29,13250.0,13400.0,12915.0,13215.0,17917676.0
2023-08-30,13505.0,13560.0,13290.0,13355.0,17395141.0
2023-08-31,13410.0,13560.0,13090.0,13365.0,18598978.0
2023-09-01,13260.0,13340.0,12910.0,12950.0,15081370.0
2023-09-04,12840.0,13030.0,12575.0,12830.0,16182372.0
2023-09-05,12750.0,12805.0,12455.0,12655.0,15907541.0
2023-09-06,12745.0,12930.0,12400.0,12420.0,14840502.0
2023-09-07,12300.0,12555.0,11950.0,12000.0,18138863.0
2023-09-08,12050.0,12285.0,11885.0,12270.0,20201369.0
2023-09-11,12375.0,12400.0,11915.0,12140.0,15661139.0
2023-09-12,12330.0,12390.0,11820.0,11870.0,21234763.0
2023-09-13,11815.0,11905.0,11480.0,11520.0,26981656.0
2023-09-14,11635.0,11980.0,11580.0,11905.0,20491869.0
2023-09-15,11870.0,12020.0,11760.0,11900.0,15360402.0
2023-09-18,11660.0,11925.0,11580.0,11720.0,13240600.0
2023-09-19,11675.0,11880.0,11485.0,11575.0,12227745.0
2023-09-20,11545.0,11750.0,11385.0,11720.0,14176474.0
2023-09-21,11535.0,11670.0,11090.0,11185.0,18256558.0
2023-09-22,10955.0,11175.0,10770.0,11155.0,17946654.0
2023-09-25,11130.0,11200.0,10680.0,10695.0,16619298.0
2023-09-26,10735.0,10795.0,10370.0,10400.0,17647709.0
2023-09-27,10275.0,10740.0,10200.0,10695.0,20036571.0
2023-10-04,10420.0,10420.0,9770.0,9810.0,20068172.0
2023-10-05,10105.0,10300.0,9725.0,9765.0,24517768.0
2023-10-06,9840.0,10115.0,9840.0,10020.0,18876311.0
2023-10-10,10210.0,10260.0,9445.0,9475.0,30976513.0
2023-10-11,9740.0,10225.0,9735.0,10045.0,23945386.0
2023-10-12,10240.0,10620.0,10190.0,10590.0,20852082.0
2023-10-13,10450.0,10550.0,10075.0,10225.0,19746500.0
2023-10-16,9900.0,10125.0,9660.0,10040.0,27626277.0
2023-10-17,10230.0,10425.0,10110.0,10225.0,24537914.0
2023-10-18,10085.0,10220.0,9835.0,9910.0,23087474.0
2023-10-19,9510.0,9575.0,9300.0,9350.0,28369817.0
2023-10-20,9095.0,9285.0,8790.0,8980.0,46231644.0
2023-10-23,8920.0,9140.0,8835.0,8915.0,35144753.0
2023-10-24,9115.0,9480.0,8615.0,9470.0,52550834.0
2023-10-25,9515.0,9530.0,8885.0,8885.0,36162195.0
2023-10-26,8335.0,8550.0,8135.0,8225.0,51184205.0
2023-10-27,8405.0,8695.0,8110.0,8405.0,58241700.0
2023-10-30,8370.0,8695.0,8310.0,8555.0,37693424.0
2023-10-31,8605.0,8620.0,7930.0,7980.0,40129187.0
2023-11-01,8155.0,8315.0,7920.0,7970.0,35626315.0
2023-11-02,8345.0,8880.0,8315.0,8800.0,41013837.0
2023-11-03,9000.0,9015.0,8580.0,8900.0,43119076.0
2023-11-06,9585.0,11330.0,9560.0,11320.0,80612268.0
2023-11-07,11110.0,11315.0,9745.0,10325.0,81963089.0
2023-11-08,10295.0,10590.0,9775.0,9805.0,53144615.0
2023-11-09,9935.0,9970.0,9340.0,9650.0,46042231.0
2023-11-10,9330.0,9390.0,9110.0,9260.0,32344444.0
2023-11-13,9545.0,9570.0,8900.0,8950.0,37504767.0
2023-11-14,9125.0,9530.0,9030.0,9455.0,38647382.0
2023-11-15,10180.0,10200.0,9630.0,9775.0,46411780.0
2023-11-16,9705.0,9940.0,9530.0,9730.0,31978436.0
2023-11-17,9585.0,9625.0,9200.0,9300.0,29126993.0
2023-11-20,9260.0,9880.0,9235.0,9735.0,29217715.0
2023-11-21,9860.0,9895.0,9595.0,9775.0,28331619.0
2023-11-22,9555.0,9730.0,9435.0,9635.0,22842748.0
2023-11-23,9635.0,9760.0,9475.0,9720.0,22949155.0
2023-11-24,9740.0,9750.0,9505.0,9565.0,19429420.0
2023-11-27,9560.0,9665.0,9390.0,9480.0,20060194.0
2023-11-28,9560.0,9795.0,9495.0,9730.0,21872490.0
2023-11-29,9750.0,9965.0,9565.0,9905.0,28512279.0
2023-11-30,9790.0,10170.0,9785.0,10170.0,26551191.0
2023-12-01,9950.0,10185.0,9835.0,10080.0,26940753.0
2023-12-04,10340.0,10430.0,10010.0,10130.0,33455911.0
2023-12-05,9990.0,10130.0,9685.0,9755.0,26256633.0
2023-12-06,9835.0,10090.0,9780.0,9920.0,21611055.0
2023-12-07,9880.0,9920.0,9600.0,9730.0,23932765.0
2023-12-08,9890.0,10350.0,9840.0,10250.0,26856168.0
2023-12-11,10300.0,10525.0,10210.0,10400.0,23932491.0
2023-12-12,10450.0,10690.0,10355.0,10515.0,27115690.0
2023-12-13,10415.0,10500.0,10120.0,10160.0,21663527.0
2023-12-14,10600.0,10765.0,10315.0,10530.0,29218520.0
2023-12-15,10685.0,10845.0,10480.0,10615.0,25730687.0
2023-12-18,10930.0,11200.0,10770.0,10975.0,27482381.0
2023-12-19,10910.0,11380.0,10900.0,11300.0,23036403.0
2023-12-20,11410.0,11515.0,11275.0,11390.0,18731046.0
2023-12-21,11200.0,11595.0,10930.0,11225.0,36573074.0
2023-12-22,11330.0,11385.0,10890.0,10975.0,20842718.0
2023-12-26,10995.0,11080.0,10620.0,10780.0,19232164.0
2023-12-27,10895.0,11240.0,10865.0,11195.0,21359134.0
2023-12-28,11195.0,11370.0,11030.0,11370.0,16739541.0
2024-01-02,11255.0,11735.0,11220.0,11575.0,19921955.0
2024-01-03,11295.0,11345.0,10980.0,11115.0,19195188.0
2024-01-04,10895.0,11195.0,10700.0,10930.0,22653579.0
2024-01-05,10915.0,11420.0,10850.0,11300.0,22205315.0
2024-01-08,11385.0,11440.0,11100.0,11270.0,16536143.0
2024-01-09,11495.0,11725.0,11295.0,11400.0,21320164.0
2024-01-10,11320.0,11390.0,10990.0,11080.0,19245801.0
2024-01-11,11185.0,11520.0,11165.0,11355.0,19947225.0
2024-01-12,11200.0,11350.0,10790.0,10910.0,23451363.0
2024-01-15,10830.0,10930.0,10425.0,10575.0,23787039.0
2024-01-16,10420.0,10700.0,10195.0,10460.0,23862144.0
2024-01-17,10545.0,10590.0,9980.0,9980.0,25525119.0
2024-01-18,10000.0,10440.0,9875.0,10080.0,35043860.0
2024-01-19,10310.0,10490.0,9845.0,9955.0,33555180.0
2024-01-22,10095.0,10120.0,9625.0,9715.0,25261280.0
2024-01-23,9645.0,9985.0,9470.0,9705.0,27505985.0
2024-01-24,9710.0,9730.0,9340.0,9580.0,24584708.0
2024-01-25,9420.0,9485.0,9200.0,9315.0,21772651.0
2024-01-26,9110.0,9890.0,9070.0,9795.0,24714656.0
2024-01-29,9925.0,9990.0,9345.0,9415.0,24282348.0
2024-01-30,9600.0,9710.0,9320.0,9480.0,23184795.0
2024-01-31,9350.0,9525.0,9000.0,9025.0,24000689.0
2024-02-01,8965.0,9150.0,8720.0,9150.0,38219301.0
2024-02-02,9280.0,9650.0,9200.0,9630.0,35145493.0
2024-02-05,9500.0,9510.0,9295.0,9330.0,20217996.0
2024-02-06,9230.0,9290.0,8905.0,9245.0,29519742.0
2024-02-07,9380.0,9775.0,9350.0,9440.0,37549211.0
2024-02-08,9640.0,9940.0,9530.0,9860.0,29081384.0
2024-02-13,9970.0,10395.0,9915.0,10285.0,24893412.0
2024-02-14,9990.0,10545.0,9850.0,10410.0,33568082.0
2024-02-15,10615.0,10650.0,10325.0,10540.0,24434718.0
2024-02-16,10710.0,10790.0,10460.0,10580.0,18398142.0
2024-02-19,10450.0,10800.0,10430.0,10650.0,21251158.0
2024-02-20,10550.0,10890.0,10465.0,10795.0,25283638.0
2024-02-21,10680.0,11060.0,10650.0,10860.0,26064727.0
2024-02-22,11000.0,11095.0,10820.0,10995.0,20977389.0
2024-02-23,11190.0,11395.0,10960.0,11035.0,25433944.0
2024-02-26,11010.0,11300.0,11000.0,11165.0,19474476.0
2024-02-27,11245.0,11265.0,10720.0,10780.0,20138660.0
2024-02-28,10920.0,11300.0,10885.0,11135.0,18880068.0
2024-02-29,11120.0,11345.0,11045.0,11320.0,15151438.0
2024-03-04,11530.0,11800.0,11515.0,11705.0,16725662.0
2024-03-05,11550.0,11725.0,11360.0,11595.0,14643957.0
2024-03-06,11360.0,11780.0,11325.0,11700.0,16955149.0
2024-03-07,11780.0,11800.0,11350.0,11525.0,18789755.0
2024-03-08,11690.0,12000.0,11610.0,12000.0,24223890.0
2024-03-11,11860.0,12150.0,11845.0,12115.0,16203137.0
2024-03-12,12115.0,12715.0,12110.0,12690.0,18129849.0
2024-03-13,12780.0,12800.0,12325.0,12610.0,23116636.0
2024-03-14,12545.0,12745.0,12420.0,12625.0,13380419.0
2024-03-15,12375.0,12450.0,12100.0,12290.0,16195279.0
2024-03-18,12335.0,12845.0,12335.0,12725.0,17669076.0
2024-03-19,12635.0,12755.0,12400.0,12750.0,14858952.0
2024-03-20,12840.0,12965.0,12570.0,12690.0,16857082.0
2024-03-21,12965.0,13350.0,12930.0,13240.0,19682106.0
2024-03-22,13090.0,13360.0,13050.0,13270.0,15359767.0
2024-03-25,13335.0,13890.0,13290.0,13800.0,18151040.0
2024-03-26,13910.0,14350.0,13720.0,13970.0,27073239.0
2024-03-27,13875.0,14105.0,13460.0,13730.0,20158771.0
2024-03-28,13720.0,13865.0,13565.0,13630.0,15471845.0
2024-03-29,13685.0,13735.0,13255.0,13325.0,18869415.0
2024-04-01,13455.0,13820.0,13340.0,13410.0,20704429.0
2024-04-02,13335.0,13365.0,12500.0,12565.0,22710966.0
2024-04-03,12300.0,12320.0,11905.0,12110.0,21309954.0
2024-04-04,12310.0,12500.0,11920.0,12120.0,26844397.0
2024-04-05,11800.0,11995.0,11555.0,11740.0,21628745.0
2024-04-08,11655.0,11690.0,11295.0,11560.0,20330194.0
2024-04-09,11660.0,11955.0,11415.0,11545.0,25638314.0
2024-04-11,11240.0,11580.0,11200.0,11525.0,16935503.0
2024-04-12,11575.0,11755.0,11400.0,11455.0,18062434.0
2024-04-15,11300.0,11510.0,11120.0,11380.0,19870283.0
2024-04-16,11130.0,11250.0,10805.0,10885.0,24815241.0
2024-04-17,11055.0,11150.0,10705.0,10715.0,26664288.0
2024-04-18,10765.0,11380.0,10740.0,11350.0,19047366.0
2024-04-19,11095.0,11125.0,10565.0,11080.0,36327113.0
2024-04-22,11270.0,11595.0,11095.0,11320.0,27188896.0
2024-04-23,11325.0,11500.0,11240.0,11310.0,20356329.0
2024-04-24,11750.0,11870.0,11550.0,11830.0,28736154.0
2024-04-25,11620.0,11850.0,11500.0,11510.0,21346181.0
2024-04-26,11750.0,11935.0,11510.0,11630.0,30000707.0
2024-04-29,11755.0,11975.0,11660.0,11955.0,19973608.0
2024-04-30,12025.0,12100.0,11870.0,11935.0,18339735.0
2024-05-02,11805.0,11990.0,11735.0,11845.0,14534634.0
2024-05-03,11975.0,12100.0,11705.0,11720.0,21647372.0
2024-05-07,12060.0,12165.0,11785.0,11810.0,17678737.0
2024-05-08,11790.0,11900.0,11485.0,11830.0,16476821.0
2024-05-09,11765.0,11880.0,11650.0,11685.0,12230278.0
2024-05-10,11810.0,11850.0,11475.0,11485.0,16477145.0
2024-05-13,11530.0,11570.0,11020.0,11070.0,20544077.0
2024-05-14,11125.0,11445.0,11085.0,11250.0,17508117.0
2024-05-16,11560.0,11725.0,11325.0,11400.0,19039363.0
2024-05-17,11150.0,11150.0,10380.0,10380.0,30539327.0
2024-05-20,10500.0,10570.0,10250.0,10420.0,21588869.0
2024-05-21,10480.0,10515.0,10285.0,10420.0,16901231.0
2024-05-22,10545.0,10550.0,10405.0,10460.0,14070447.0
2024-05-23,10460.0,10600.0,10320.0,10390.0,17614292.0
2024-05-24,10195.0,10390.0,10100.0,10195.0,17197420.0
2024-05-27,10245.0,10560.0,10110.0,10525.0,20613224.0
2024-05-28,10445.0,10600.0,10430.0,10495.0,15739932.0
2024-05-29,10425.0,10445.0,10080.0,10125.0,18219918.0
2024-05-30,9985.0,10230.0,9970.0,9980.0,17973545.0
2024-05-31,10060.0,10210.0,9830.0,10180.0,23960565.0
2024-06-03,10165.0,10380.0,10080.0,10305.0,17453218.0
2024-06-04,10215.0,10660.0,10205.0,10515.0,21489625.0
2024-06-05,10570.0,10890.0,10560.0,10805.0,20676072.0
2024-06-07,10990.0,11365.0,10890.0,11340.0,24330652.0
2024-06-10,11170.0,11245.0,11015.0,11090.0,13753586.0
2024-06-11,11170.0,11500.0,11120.0,11350.0,17521571.0
2024-06-12,11420.0,11530.0,11215.0,11350.0,15327705.0
2024-06-13,11620.0,11640.0,11300.0,11300.0,13789482.0
2024-06-14,11300.0,11370.0,10945.0,10970.0,14509296.0
2024-06-17,10860.0,11135.0,10750.0,10945.0,14217299.0
2024-06-18,11110.0,11195.0,10785.0,10945.0,15857105.0
2024-06-19,10950.0,11140.0,10815.0,10980.0,15754828.0
2024-06-20,10960.0,11125.0,10750.0,10855.0,14889410.0
2024-06-21,10705.0,10885.0,10545.0,10815.0,14558087.0
2024-06-24,10800.0,10815.0,10510.0,10530.0,13761550.0
2024-06-25,10500.0,10700.0,10450.0,10605.0,14989722.0
2024-06-26,10660.0,10705.0,10395.0,10510.0,15581559.0
2024-06-27,10400.0,10605.0,10380.0,10530.0,11714495.0
2024-06-28,10535.0,10615.0,10435.0,10540.0,11893377.0
2024-07-01,10475.0,10910.0,10460.0,10905.0,14866768.0
2024-07-02,10840.0,10880.0,10330.0,10360.0,23032434.0
2024-07-03,10595.0,10870.0,10515.0,10870.0,22177237.0
2024-07-04,10940.0,11135.0,10930.0,11055.0,15666372.0
2024-07-05,11050.0,11500.0,11035.0,11450.0,23249426.0
2024-07-08,11425.0,11750.0,11400.0,11730.0,18197594.0
2024-07-09,11740.0,11885.0,11600.0,11745.0,15406922.0
2024-07-10,11645.0,11815.0,11515.0,11645.0,13042170.0
2024-07-11,11790.0,11840.0,11415.0,11435.0,13734505.0
2024-07-12,11265.0,11560.0,11105.0,11370.0,17662715.0
2024-07-15,11430.0,11470.0,11260.0,11420.0,11043643.0
2024-07-16,11420.0,11420.0,11000.0,11035.0,17447525.0
2024-07-17,11035.0,11130.0,10645.0,10680.0,19436409.0
2024-07-18,10470.0,10650.0,10300.0,10570.0,21727823.0
2024-07-19,10425.0,10775.0,10400.0,10740.0,15638844.0
2024-07-22,10715.0,10725.0,10090.0,10210.0,25376131.0
2024-07-23,10315.0,10500.0,10165.0,10275.0,20878439.0
2024-07-24,10080.0,10490.0,10070.0,10360.0,18236493.0
2024-07-25,10055.0,10145.0,9850.0,9935.0,27670553.0
2024-07-26,10040.0,10080.0,9850.0,9910.0,18867014.0
2024-07-29,9970.0,10205.0,9900.0,10170.0,19044651.0
2024-07-30,9995.0,10190.0,9980.0,10190.0,17569907.0
2024-07-31,10105.0,10205.0,9910.0,10140.0,23781762.0
2024-08-01,10250.0,10450.0,10210.0,10430.0,21164754.0
2024-08-02,10045.0,10085.0,9500.0,9530.0,29153902.0
2024-08-05,9255.0,9255.0,7240.0,7700.0,47202258.0
2024-08-06,8280.0,8630.0,8000.0,8410.0,54358163.0
2024-08-07,8295.0,8925.0,8285.0,8740.0,35205810.0
2024-08-08,8395.0,8805.0,8300.0,8585.0,31110833.0
2024-08-09,8970.0,9230.0,8900.0,9075.0,30441582.0
2024-08-12,9095.0,9310.0,9090.0,9180.0,15511602.0
2024-08-13,9130.0,9250.0,8820.0,9055.0,23539151.0
2024-08-14,9310.0,9365.0,9250.0,9285.0,16664766.0
2024-08-16,9590.0,9680.0,9520.0,9655.0,16534500.0
2024-08-19,9625.0,9695.0,9340.0,9350.0,14870146.0
2024-08-20,9520.0,9600.0,9425.0,9540.0,14422810.0
2024-08-21,9435.0,9545.0,9220.0,9285.0,15641803.0
2024-08-22,9375.0,9395.0,9005.0,9190.0,18463757.0
2024-08-23,8970.0,9330.0,8950.0,9280.0,14998920.0
2024-08-26,9390.0,9445.0,9005.0,9095.0,15488695.0
2024-08-27,9055.0,9065.0,8800.0,8975.0,16101370.0
2024-08-28,8970.0,9015.0,8815.0,8970.0,11975901.0
2024-08-29,8740.0,8900.0,8730.0,8830.0,13262668.0
2024-08-30,8860.0,9185.0,8815.0,9155.0,14300319.0
2024-09-02,9155.0,9265.0,9050.0,9265.0,12864591.0
2024-09-03,9245.0,9340.0,8940.0,8950.0,17051192.0
2024-09-04,8410.0,8505.0,8100.0,8205.0,27658916.0
2024-09-05,8300.0,8360.0,7875.0,8085.0,27662830.0
2024-09-06,8035.0,8055.0,7580.0,7630.0,34444208.0
2024-09-09,7480.0,7850.0,7345.0,7795.0,29491170.0
2024-09-10,7810.0,7870.0,7510.0,7520.0,22436568.0
2024-09-11,7590.0,7840.0,7520.0,7595.0,23764612.0
2024-09-12,7860.0,8250.0,7850.0,8145.0,22583567.0
2024-09-13,8100.0,8190.0,7930.0,8170.0,19454613.0
2024-09-19,8305.0,8450.0,8105.0,8350.0,27554415.0
2024-09-20,8570.0,8700.0,8525.0,8635.0,21364199.0
2024-09-23,8635.0,8960.0,8595.0,8865.0,17980052.0
2024-09-24,8885.0,9270.0,8885.0,9240.0,21333939.0
2024-09-25,9370.0,9380.0,8860.0,8900.0,18881642.0
2024-09-26,9040.0,9420.0,8995.0,9410.0,19073735.0
2024-09-27,9340.0,9420.0,9195.0,9250.0,15328150.0
2024-09-30,9355.0,9375.0,8960.0,9010.0,14960988.0
2024-10-02,8830.0,9270.0,8785.0,9075.0,16898588.0
2024-10-04,9110.0,9530.0,9060.0,9320.0,22759370.0
2024-10-07,9490.0,9640.0,9365.0,9570.0,17243867.0
2024-10-08,9460.0,9685.0,9440.0,9560.0,15205136.0
2024-10-10,9665.0,9770.0,9300.0,9475.0,16837619.0
2024-10-11,9420.0,9590.0,9230.0,9255.0,16310161.0
2024-10-14,9205.0,9275.0,9000.0,9170.0,13365793.0
2024-10-15,9270.0,9420.0,9075.0,9300.0,16465704.0
2024-10-16,9145.0,9150.0,8990.0,9030.0,15222417.0
2024-10-17,9060.0,9170.0,8915.0,9010.0,14055424.0
2024-10-18,9005.0,9015.0,8555.0,8680.0,19692535.0
2024-10-21,8725.0,8990.0,8550.0,8960.0,16544644.0
2024-10-22,8920.0,8930.0,8345.0,8380.0,22335764.0
2024-10-23,8440.0,8745.0,8105.0,8610.0,32960081.0
2024-10-24,8550.0,8560.0,8305.0,8365.0,19307241.0
2024-10-25,8470.0,8495.0,8115.0,8215.0,21029661.0
2024-10-28,8260.0,8630.0,8240.0,8600.0,21823377.0
2024-10-29,8530.0,8765.0,8320.0,8765.0,19276132.0
2024-10-30,8635.0,8760.0,8500.0,8535.0,16259609.0
2024-10-31,8370.0,8690.0,8180.0,8690.0,20676584.0
2024-11-01,8500.0,8535.0,8285.0,8285.0,20675392.0
2024-11-04,8295.0,9160.0,8195.0,9135.0,44918108.0
2024-11-05,9015.0,9180.0,8905.0,8960.0,19448853.0
2024-11-06,9095.0,9270.0,8530.0,8680.0,39942636.0
2024-11-07,8615.0,8655.0,8140.0,8360.0,39311071.0
2024-11-08,8590.0,8735.0,8455.0,8660.0,30477830.0
2024-11-11,8720.0,8755.0,8305.0,8400.0,21004610.0
2024-11-12,8395.0,8445.0,8000.0,8140.0,30581017.0
2024-11-13,8090.0,8250.0,7610.0,7665.0,43555343.0
2024-11-14,7745.0,7985.0,7450.0,7450.0,43689983.0
2024-11-15,7330.0,7685.0,7190.0,7575.0,50080643.0
2024-11-18,7460.0,7945.0,7370.0,7685.0,36754028.0
2024-11-19,7635.0,7665.0,7300.0,7395.0,32263832.0
2024-11-20,7480.0,7540.0,7245.0,7260.0,34057195.0
2024-11-21,7260.0,7410.0,6865.0,7275.0,52571998.0
2024-11-22,7250.0,7445.0,6970.0,6980.0,54915745.0
2024-11-25,7165.0,7635.0,7130.0,7565.0,38369156.0
2024-11-26,7570.0,7580.0,7195.0,7280.0,33074478.0
2024-11-27,7275.0,7365.0,7060.0,7225.0,32956811.0
2024-11-28,7300.0,7385.0,7180.0,7255.0,28025180.0
2024-11-29,7250.0,7265.0,6805.0,6850.0,40245875.0
2024-12-02,6975.0,7080.0,6815.0,6890.0,32213091.0
2024-12-03,6960.0,7350.0,6950.0,7220.0,30744804.0
2024-12-04,6985.0,7220.0,6890.0,7005.0,47882191.0
2024-12-05,7020.0,7080.0,6845.0,6910.0,35110678.0
2024-12-06,6940.0,6940.0,6435.0,6820.0,80441154.0
2024-12-09,6570.0,6575.0,6155.0,6180.0,70432985.0
2024-12-10,6385.0,6790.0,6370.0,6730.0,51369583.0
2024-12-11,6685.0,6945.0,6650.0,6780.0,40656710.0
2024-12-12,6910.0,7045.0,6710.0,6995.0,49501947.0
2024-12-13,6955.0,7200.0,6910.0,7075.0,36203583.0
2024-12-16,7225.0,7270.0,7015.0,7080.0,32021104.0
2024-12-17,7145.0,7145.0,6870.0,6935.0,27796425.0
2024-12-18,6955.0,7075.0,6825.0,7015.0,32489965.0
2024-12-19,6665.0,6780.0,6575.0,6650.0,40347019.0
2024-12-20,6600.0,6675.0,6285.0,6345.0,38264071.0
2024-12-23,6500.0,6690.0,6360.0,6535.0,35383038.0
2024-12-24,6610.0,6665.0,6510.0,6610.0,27817021.0
2024-12-26,6730.0,6730.0,6510.0,6565.0,28834437.0
2024-12-27,6545.0,6640.0,6310.0,6420.0,39401837.0
2024-12-30,6345.0,6730.0,6310.0,6660.0,29155129.0
2025-01-02,6670.0,6835.0,6570.0,6720.0,26994789.0
2025-01-03,6695.0,7245.0,6695.0,7220.0,49701607.0
2025-01-06,7200.0,7500.0,7175.0,7450.0,33802837.0
2025-01-07,7460.0,7600.0,7435.0,7480.0,34339893.0
2025-01-08,7380.0,7545.0,7300.0,7520.0,31278053.0
2025-01-09,7490.0,7600.0,7375.0,7545.0,25306855.0
2025-01-10,7490.0,7575.0,7350.0,7415.0,21263504.0
2025-01-13,7260.0,7420.0,7080.0,7145.0,24025424.0
2025-01-14,7240.0,7450.0,7165.0,7420.0,25412827.0
2025-01-15,7540.0,7550.0,7205.0,7265.0,25234918.0
2025-01-16,7475.0,7650.0,7455.0,7570.0,30477833.0
2025-01-17,7540.0,7600.0,7485.0,7580.0,19550542.0
2025-01-20,7645.0,7730.0,7530.0,7685.0,24956638.0
2025-01-21,7715.0,7895.0,7510.0,7675.0,31364541.0
2025-01-22,7770.0,7895.0,7725.0,7835.0,22034172.0
2025-01-23,7810.0,7810.0,7685.0,7740.0,17271776.0
2025-01-24,7760.0,7930.0,7660.0,7870.0,20766233.0
2025-01-31,7750.0,7890.0,7735.0,7890.0,18818993.0
2025-02-03,7570.0,7600.0,7160.0,7275.0,30634049.0
2025-02-04,7525.0,7860.0,7525.0,7625.0,31439128.0
2025-02-05,7770.0,7930.0,7750.0,7890.0,19324188.0
2025-02-06,8005.0,8115.0,7980.0,8110.0,19492952.0
2025-02-07,8045.0,8260.0,8010.0,8185.0,18422038.0
2025-02-10,8100.0,8310.0,7920.0,8290.0,22428137.0
2025-02-11,8315.0,8405.0,8215.0,8245.0,18831267.0
2025-02-12,8200.0,8230.0,8050.0,8190.0,16651265.0
2025-02-13,8250.0,8370.0,8135.0,8235.0,19568746.0
2025-02-14,8295.0,8565.0,8255.0,8475.0,24070065.0
2025-02-17,8555.0,8750.0,8505.0,8735.0,20653465.0
2025-02-18,8735.0,8830.0,8615.0,8825.0,20755164.0
2025-02-19,8795.0,9025.0,8755.0,8940.0,22871860.0
2025-02-20,8890.0,9070.0,8655.0,8715.0,22249449.0
2025-02-21,8675.0,8935.0,8650.0,8915.0,16686251.0
2025-02-24,8705.0,8965.0,8690.0,8960.0,19437288.0
2025-02-25,8745.0,8980.0,8705.0,8850.0,17380254.0
2025-02-26,8810.0,8985.0,8755.0,8870.0,15983573.0
2025-02-27,8930.0,9110.0,8900.0,8990.0,21402507.0
2025-02-28,8730.0,8745.0,8215.0,8250.0,33821136.0
2025-03-04,8130.0,8180.0,7945.0,8150.0,23039195.0
2025-03-05,8285.0,8445.0,8175.0,8295.0,21814813.0
2025-03-06,8400.0,8415.0,7860.0,7920.0,24794084.0
2025-03-07,7800.0,8015.0,7705.0,7745.0,24764590.0
2025-03-10,7640.0,7870.0,7450.0,7655.0,24317699.0
2025-03-11,7260.0,7525.0,7150.0,7525.0,31600095.0
2025-03-12,7520.0,7765.0,7500.0,7635.0,18348233.0
2025-03-13,7785.0,7820.0,7465.0,7475.0,19945163.0
2025-03-14,7550.0,7815.0,7460.0,7690.0,19290165.0
2025-03-17,7850.0,8075.0,7705.0,8075.0,22650725.0
2025-03-18,8230.0,8240.0,8020.0,8145.0,18188619.0
2025-03-19,8085.0,8235.0,7900.0,7930.0,22019463.0
2025-03-20,8050.0,8075.0,7520.0,7520.0,29586233.0
2025-03-21,7295.0,7435.0,7185.0,7260.0,32569295.0
2025-03-24,7355.0,7545.0,7295.0,7395.0,20838343.0
2025-03-25,7450.0,7495.0,7130.0,7165.0,26299680.0
2025-03-26,7250.0,7315.0,6975.0,7275.0,26408740.0
2025-03-27,7140.0,7315.0,7055.0,7070.0,21460805.0
2025-03-28,7085.0,7100.0,6735.0,6790.0,33769386.0
2025-03-31,6520.0,6695.0,6350.0,6405.0,47800117.0
2025-04-01,6505.0,6900.0,6455.0,6760.0,40366164.0
2025-04-02,6760.0,6820.0,6475.0,6575.0,29951247.0
2025-04-03,6215.0,6560.0,6170.0,6545.0,38820082.0
2025-04-04,6400.0,6960.0,6355.0,6640.0,69650233.0
2025-04-07,6240.0,6270.0,5890.0,5890.0,64622537.0
2025-04-08,6170.0,6265.0,5975.0,6050.0,56136536.0
2025-04-09,5990.0,6035.0,5610.0,5730.0,69055289.0
2025-04-10,6350.0,6500.0,6205.0,6430.0,53399840.0
2025-04-11,6225.0,6685.0,6215.0,6655.0,41288143.0
2025-04-14,6750.0,6945.0,6695.0,6920.0,31440647.0
2025-04-15,6910.0,6965.0,6755.0,6925.0,25898461.0
2025-04-16,6815.0,6865.0,6535.0,6550.0,30041569.0
2025-04-17,6610.0,6895.0,6610.0,6845.0,28833006.0
2025-04-18,6865.0,6985.0,6755.0,6985.0,27928571.0
2025-04-21,6915.0,7082.0,6820.0,6900.0,25210774.0
2025-04-22,6805.0,6960.0,6800.0,6890.0,22697560.0
2025-04-23,7105.0,7200.0,7020.0,7190.0,28117697.0
2025-04-24,7180.0,7255.0,7070.0,7160.0,21624674.0
2025-04-25,7215.0,7295.0,7165.0,7185.0,26818801.0
2025-04-28,7165.0,7240.0,6895.0,6965.0,26356080.0
2025-04-29,7005.0,7175.0,6990.0,7090.0,21885340.0
2025-04-30,7050.0,7125.0,6800.0,6890.0,27490269.0
2025-05-02,6825.0,7125.0,6795.0,7030.0,24532613.0
2025-05-07,7100.0,7105.0,6830.0,6950.0,24637618.0
2025-05-08,6970.0,7115.0,6965.0,7055.0,21615537.0
2025-05-09,7050.0,7085.0,6810.0,6890.0,25703054.0
2025-05-12,6920.0,6930.0,6735.0,6910.0,26828024.0
2025-05-13,7035.0,7185.0,7020.0,7055.0,35160879.0
2025-05-14,7010.0,7170.0,6835.0,7135.0,35659371.0
2025-05-15,7035.0,7145.0,7000.0,7025.0,23992347.0
2025-05-16,7030.0,7042.0,6775.0,6840.0,29002272.0
2025-05-19,6700.0,6760.0,6485.0,6630.0,36999370.0
2025-05-20,6760.0,6830.0,6555.0,6575.0,27038335.0
2025-05-21,6645.0,6850.0,6635.0,6735.0,23605591.0
2025-05-22,6685.0,6735.0,6565.0,6700.0,22445758.0
2025-05-23,6755.0,6770.0,6600.0,6665.0,21747192.0
2025-05-26,6760.0,6970.0,6735.0,6855.0,25918211.0
2025-05-27,6890.0,6970.0,6805.0,6970.0,16845670.0
2025-05-28,7030.0,7155.0,6990.0,7005.0,30021390.0
2025-05-29,7180.0,7200.0,7075.0,7170.0,23964266.0
2025-05-30,7105.0,7240.0,7060.0,7145.0,18891683.0
2025-06-02,7125.0,7345.0,7100.0,7280.0,24024401.0
2025-06-04,7400.0,7525.0,7360.0,7385.0,26121189.0
2025-06-05,7390.0,7690.0,7390.0,7475.0,32888806.0
2025-06-09,7565.0,7700.0,7505.0,7650.0,28213974.0
2025-06-10,7760.0,7920.0,7625.0,7885.0,31289968.0
2025-06-11,7995.0,8335.0,7975.0,8250.0,34485835.0
2025-06-12,8265.0,8500.0,8265.0,8310.0,27326257.0
2025-06-13,8390.0,8405.0,7650.0,7820.0,53345524.0
2025-06-16,7880.0,8025.0,7725.0,7920.0,33331313.0
2025-06-17,7950.0,8165.0,7680.0,7845.0,41716560.0
2025-06-18,7725.0,8035.0,7715.0,7890.0,27284944.0
2025-06-19,7990.0,7995.0,7765.0,7965.0,23899025.0
2025-06-20,7985.0,8245.0,7885.0,8215.0,32148148.0
2025-06-23,7955.0,8020.0,7800.0,8020.0,32398349.0
2025-06-24,8300.0,8480.0,8290.0,8375.0,34582006.0
2025-06-25,8405.0,8445.0,8200.0,8335.0,25647317.0
2025-06-26,8370.0,8392.0,7950.0,8130.0,31068356.0
2025-06-27,8145.0,8195.0,7900.0,8015.0,26085103.0
2025-06-30,8020.0,8100.0,7910.0,7985.0,20433197.0
2025-07-01,7995.0,8130.0,7965.0,7970.0,23894925.0
2025-07-02,7990.0,8105.0,7760.0,8060.0,27966257.0
2025-07-03,8110.0,8390.0,8045.0,8335.0,28542274.0
2025-07-04,8315.0,8350.0,7870.0,7870.0,37157413.0
2025-07-07,7810.0,8030.0,7725.0,7980.0,24596103.0
2025-07-08,7975.0,8100.0,7875.0,8080.0,23562752.0
2025-07-09,8065.0,8210.0,8035.0,8165.0,22687085.0
2025-07-10,8230.0,8440.0,8180.0,8410.0,25988119.0
2025-07-11,8420.0,8625.0,8410.0,8470.0,30522811.0
2025-07-14,8510.0,8595.0,8355.0,8470.0,21904739.0
2025-07-15,8440.0,8880.0,8405.0,8880.0,30502699.0
2025-07-16,8780.0,8965.0,8705.0,8910.0,27490399.0
2025-07-17,8930.0,9210.0,8840.0,9210.0,32448038.0
2025-07-18,9300.0,9460.0,9240.0,9380.0,26684562.0
2025-07-21,9325.0,9450.0,9270.0,9350.0,16605222.0
2025-07-22,9370.0,9560.0,8970.0,9100.0,33971982.0
2025-07-23,9200.0,9220.0,8875.0,9180.0,23457866.0
2025-07-24,9210.0,9380.0,9100.0,9150.0,27825611.0
2025-07-25,9065.0,9160.0,9000.0,9015.0,17782844.0
2025-07-28,9075.0,9150.0,8870.0,9055.0,20152810.0
2025-07-29,8985.0,9070.0,8800.0,8970.0,20471494.0
2025-07-30,8935.0,9135.0,8915.0,8930.0,17808706.0
2025-07-31,9015.0,9060.0,8760.0,8995.0,24527368.0
2025-08-01,8695.0,8700.0,8160.0,8160.0,37468899.0
2025-08-04,8205.0,8530.0,8125.0,8405.0,26658063.0
2025-08-05,8605.0,8890.0,8600.0,8785.0,27164542.0
2025-08-06,8650.0,8925.0,8605.0,8920.0,22852116.0
2025-08-07,8950.0,8960.0,8830.0,8890.0,13056598.0
2025-08-08,8930.0,9070.0,8910.0,8960.0,15085861.0
2025-08-11,8960.0,9120.0,8850.0,9095.0,15703048.0
2025-08-12,9120.0,9295.0,8975.0,8975.0,21841893.0
2025-08-13,9200.0,9285.0,9000.0,9285.0,20798105.0
2025-08-14,9295.0,9335.0,9187.0,9320.0,15615996.0
2025-08-18,9205.0,9335.0,8865.0,8865.0,22659751.0
2025-08-19,8930.0,8945.0,8600.0,8660.0,23030050.0
2025-08-20,8450.0,8535.0,8250.0,8510.0,31098611.0
2025-08-21,8505.0,8660.0,8365.0,8410.0,19494495.0
2025-08-22,8445.0,8620.0,8385.0,8520.0,17200005.0
2025-08-25,8750.0,8900.0,8705.0,8865.0,19152708.0
2025-08-26,8770.0,8985.0,8745.0,8960.0,17365635.0
2025-08-27,8960.0,8995.0,8835.0,8960.0,12969739.0
2025-08-28,8860.0,8920.0,8740.0,8810.0,16679650.0
2025-08-29,8875.0,8975.0,8670.0,8720.0,15456888.0
2025-09-01,8675.0,8780.0,8450.0,8550.0,17138125.0
2025-09-02,8635.0,8735.0,8480.0,8700.0,14972206.0
2025-09-03,8640.0,8740.0,8520.0,8725.0,14682476.0
2025-09-04,8765.0,8950.0,8745.0,8865.0,16509299.0
2025-09-05,9005.0,9080.0,8905.0,9050.0,17096798.0
2025-09-08,9185.0,9245.0,9055.0,9230.0,17009540.0
2025-09-09,9265.0,9350.0,9145.0,9315.0,14311241.0
2025-09-10,9385.0,9495.0,9375.0,9460.0,15977520.0
2025-09-11,9470.0,9605.0,9402.0,9480.0,21106867.0
2025-09-12,9610.0,9855.0,9560.0,9815.0,19176878.0
2025-09-15,9905.0,9980.0,9750.0,9925.0,17257142.0
2025-09-16,9960.0,10000.0,9880.0,9945.0,13593393.0
2025-09-17,9875.0,9920.0,9725.0,9755.0,15942225.0
2025-09-18,9895.0,10000.0,9820.0,9945.0,15500687.0
2025-09-19,9945.0,10135.0,9890.0,10125.0,18643884.0
2025-09-22,10295.0,10600.0,10250.0,10540.0,17257144.0
2025-09-23,10615.0,10640.0,10255.0,10410.0,16205715.0
2025-09-24,10385.0,10430.0,9805.0,10080.0,23371349.0
2025-09-25,9955.0,10085.0,9760.0,9850.0,15307484.0
2025-09-26,9650.0,9680.0,9315.0,9465.0,21872205.0
2025-09-29,9575.0,9755.0,9510.0,9715.0,12300421.0
2025-09-30,9690.0,9745.0,9570.0,9605.0,8518219.0
2025-10-01,9670.0,9810.0,9625.0,9645.0,10373909.0
2025-10-02,9890.0,9955.0,9775.0,9820.0,14797226.0
2025-10-10,9995.0,10000.0,9720.0,9910.0,15624115.0
2025-10-13,9580.0,9980.0,9430.0,9905.0,17664137.0
2025-10-14,9960.0,10220.0,9400.0,9590.0,28875211.0
2025-10-15,9710.0,9895.0,9590.0,9840.0,13638152.0
2025-10-16,9895.0,10020.0,9800.0,9940.0,16281997.0
2025-10-17,9845.0,10435.0,9830.0,10070.0,24324622.0
2025-10-20,10210.0,10665.0,10130.0,10570.0,24208239.0
2025-10-21,10730.0,10820.0,10380.0,10505.0,23128607.0
2025-10-22,10550.0,10735.0,10420.0,10735.0,14756013.0
2025-10-23,10575.0,10750.0,10400.0,10525.0,16141043.0
2025-10-24,10700.0,10925.0,10640.0,10835.0,16789741.0
2025-10-27,11085.0,11645.0,11000.0,11645.0,25596678.0
2025-10-28,11645.0,11715.0,11420.0,11645.0,20425714.0
2025-10-29,11750.0,11775.0,11360.0,11550.0,17749002.0
2025-10-30,11585.0,11725.0,11090.0,11325.0,25766855.0
2025-10-31,11345.0,11685.0,11325.0,11580.0,18699364.0
2025-11-03,11800.0,12100.0,11580.0,12080.0,22441079.0
2025-11-04,12190.0,12920.0,12130.0,12650.0,41467537.0
2025-11-05,12540.0,12550.0,11130.0,11925.0,53110706.0
2025-11-06,12200.0,12430.0,11595.0,11895.0,30926005.0
2025-11-07,11520.0,11755.0,10915.0,11225.0,40285031.0
2025-11-10,11380.0,11470.0,11030.0,11410.0,21735125.0
2025-11-11,11480.0,11800.0,11040.0,11290.0,28146739.0
2025-11-12,11500.0,12090.0,11400.0,12090.0,27746584.0
2025-11-13,12125.0,12570.0,12000.0,12570.0,27163207.0
2025-11-14,12035.0,12345.0,11890.0,11995.0,30300376.0
2025-11-17,12095.0,12230.0,11940.0,12130.0,18325673.0
2025-11-18,12010.0,12165.0,11350.0,11575.0,26088574.0
2025-11-19,11520.0,11640.0,10780.0,11250.0,31162509.0
2025-11-20,11565.0,11985.0,11565.0,11850.0,19653081.0
2025-11-21,11190.0,11250.0,10910.0,11025.0,28270115.0
2025-11-24,11245.0,11330.0,10515.0,10650.0,27485998.0
2025-11-25,10875.0,11005.0,10445.0,10565.0,25059556.0
2025-11-26,10770.0,11170.0,10670.0,11135.0,20045951.0
2025-11-27,11200.0,11305.0,11115.0,11160.0,17424901.0
2025-11-28,11590.0,12185.0,11585.0,12185.0,35843474.0
2025-12-01,12500.0,12970.0,12425.0,12590.0,38930627.0
2025-12-02,12590.0,12640.0,12290.0,12595.0,22069161.0
2025-12-03,12690.0,12775.0,12405.0,12555.0,18769801.0
2025-12-04,12530.0,12740.0,12160.0,12385.0,24376487.0
2025-12-05,12300.0,12400.0,11755.0,11975.0,35431537.0
2025-12-08,12125.0,12255.0,12000.0,12255.0,20595893.0
2025-12-09,12270.0,12405.0,12115.0,12290.0,15420611.0
2025-12-10,12250.0,12485.0,12120.0,12410.0,18437126.0
2025-12-11,12500.0,12520.0,12055.0,12195.0,19267273.0
2025-12-12,12150.0,12310.0,11940.0,12080.0,17575624.0
2025-12-15,11740.0,12050.0,11570.0,12040.0,16591713.0
2025-12-16,11915.0,11940.0,11395.0,11395.0,22166059.0
2025-12-17,11485.0,11540.0,11185.0,11285.0,18626636.0
2025-12-18,10980.0,11125.0,10805.0,10915.0,23408949.0
2025-12-19,11080.0,11555.0,10800.0,11245.0,34904198.0
2025-12-22,11430.0,11590.0,11375.0,11520.0,15427469.0
2025-12-23,11595.0,11610.0,11330.0,11345.0,14716803.0
2025-12-24,11380.0,11400.0,11160.0,11265.0,11055718.0
2025-12-26,11350.0,11507.0,11210.0,11425.0,22138063.0
2025-12-29,11480.0,11725.0,11405.0,11680.0,16585544.0
2025-12-30,11540.0,11630.0,11320.0,11455.0,15137154.0
2026-01-02,11550.0,12030.0,11545.0,12000.0,18831762.0
2026-01-05,12100.0,12345.0,11980.0,12260.0,22713812.0
2026-01-06,12325.0,12460.0,12170.0,12340.0,20109227.0
2026-01-07,12305.0,12375.0,11855.0,12115.0,25310222.0
2026-01-08,12135.0,12245.0,11980.0,12095.0,21981049.0
2026-01-09,12135.0,12140.0,11740.0,12115.0,19272207.0
2026-01-12,12120.0,12380.0,11770.0,12010.0,23961464.0
2026-01-13,12125.0,12150.0,11840.0,12040.0,20441486.0
2026-01-14,12050.0,12065.0,11665.0,11800.0,14831540.0
2026-01-15,11730.0,11990.0,11655.0,11990.0,15437785.0
2026-01-16,11910.0,12240.0,11710.0,12240.0,25205887.0
2026-01-19,12050.0,12470.0,12005.0,12470.0,19240775.0
2026-01-20,12500.0,13000.0,12175.0,12575.0,34952504.0
2026-01-21,12150.0,12220.0,11042.0,11420.0,61485162.0
2026-01-22,11690.0,12075.0,11540.0,12040.0,31419972.0
2026-01-23,12200.0,13115.0,12140.0,13115.0,46924720.0
2026-01-26,13630.0,16125.0,13615.0,16125.0,135751353.0
2026-01-27,15725.0,17300.0,15695.0,16955.0,108833211.0
2026-01-28,17425.0,19580.0,17325.0,19445.0,123644768.0
2026-01-29,20850.0,21355.0,18400.0,20680.0,175225310.0
2026-01-30,20495.0,21620.0,19720.0,19720.0,139481465.0
2026-02-02,18670.0,19810.0,17220.0,17460.0,161447546.0
2026-02-03,18950.0,19000.0,18155.0,18995.0,84351029.0
2026-02-04,18760.0,19585.0,18305.0,18765.0,76777977.0
2026-02-05,18160.0,18665.0,16980.0,17110.0,75322651.0
2026-02-06,15755.0,16600.0,15230.0,16000.0,89579627.0
2026-02-09,17000.0,18045.0,16815.0,17820.0,63158968.0
2026-02-10,17910.0,18360.0,16940.0,16945.0,57110572.0
2026-02-11,17200.0,17520.0,16875.0,16900.0,37909754.0
2026-02-12,17095.0,17485.0,16665.0,17410.0,41117602.0
2026-02-13,16940.0,17180.0,16500.0,16660.0,45613278.0
2026-02-19,17335.0,19340.0,16950.0,19125.0,87692304.0
2026-02-20,19180.0,19320.0,18490.0,18890.0,46963228.0
2026-02-23,19375.0,19640.0,18115.0,18380.0,75370026.0
2026-02-24,18660.0,18945.0,18210.0,18715.0,42952264.0
2026-02-25,19070.0,19075.0,18455.0,18755.0,39125389.0
2026-02-26,19100.0,20345.0,18615.0,20305.0,86765970.0
2026-02-27,19535.0,20950.0,19435.0,20455.0,69119172.0
2026-03-03,19770.0,21750.0,18400.0,18400.0,142507058.0
2026-03-04,17400.0,17980.0,13050.0,13300.0,161200957.0
2026-03-05,15550.0,18585.0,15100.0,16725.0,146929756.0
2026-03-06,16885.0,18520.0,16175.0,18220.0,141083938.0
2026-03-09,16220.0,17285.0,15700.0,16965.0,113150213.0
2026-03-10,18605.0,18710.0,17160.0,17480.0,95409157.0
2026-03-11,18030.0,18175.0,16435.0,16825.0,64679868.0
2026-03-12,16490.0,17125.0,16290.0,16945.0,37847208.0
2026-03-13,16130.0,17410.0,16090.0,17150.0,42826878.0
2026-03-16,17220.0,17420.0,16205.0,16700.0,36418558.0
2026-03-17,17295.0,17560.0,16700.0,16705.0,41980782.0
2026-03-18,17380.0,17740.0,17170.0,17660.0,44545637.0
2026-03-19,16820.0,17290.0,16780.0,16900.0,30833148.0
2026-03-20,17265.0,17720.0,17000.0,17430.0,34080153.0
2026-03-23,16420.0,16505.0,15400.0,15575.0,45946905.0
2026-03-24,16705.0,16710.0,15575.0,16230.0,44723973.0
2026-03-25,16835.0,17495.0,16705.0,17350.0,41414900.0
2026-03-26,17620.0,17940.0,16635.0,16660.0,45666359.0
2026-03-27,16000.0,17000.0,15610.0,16930.0,41968301.0
2026-03-30,15565.0,16070.0,15470.0,15890.0,43035836.0
2026-03-31,15520.0,15665.0,13905.0,14120.0,66221844.0
2026-04-01,15145.0,16080.0,15060.0,15715.0,41715309.0
2026-04-02,16175.0,16190.0,13285.0,13895.0,71114182.0
2026-04-03,14385.0,14495.0,13590.0,13865.0,33997914.0
2026-04-06,13865.0,14350.0,13420.0,13450.0,33345353.0
2026-04-07,13585.0,14280.0,13100.0,13325.0,36017095.0
2026-04-08,14675.0,14980.0,14340.0,14730.0,44915027.0
2026-04-09,14725.0,14845.0,14075.0,14315.0,27288938.0
2026-04-10,14685.0,14745.0,14380.0,14525.0,24056217.0
2026-04-13,14000.0,14610.0,13920.0,14505.0,17260487.0
2026-04-14,15080.0,15130.0,14675.0,14805.0,25584725.0
2026-04-15,15290.0,16010.0,15170.0,15870.0,41955469.0
2026-04-16,16235.0,16335.0,15950.0,16105.0,23855556.0
2026-04-17,16190.0,16205.0,15820.0,16095.0,18846075.0
2026-04-20,16165.0,16780.0,15835.0,16345.0,26405701.0
2026-04-21,16700.0,16750.0,16455.0,16680.0,24122154.0
2026-04-22,16680.0,16680.0,15915.0,16605.0,28744182.0
2026-04-23,16835.0,16885.0,15715.0,16360.0,39800489.0
2026-04-24,16370.0,17335.0,16205.0,17320.0,40848633.0
2026-04-27,17520.0,18140.0,17440.0,17975.0,37251321.0
2026-04-28,17800.0,17915.0,17250.0,17505.0,31107055.0
2026-04-29,17470.0,17835.0,17185.0,17650.0,27119707.0
2026-04-30,17650.0,17670.0,16500.0,16615.0,34371463.0
2026-05-04,17095.0,17445.0,17015.0,17085.0,25913465.0
2026-05-06,17415.0,17420.0,16700.0,17195.0,32542364.0
2026-05-07,17250.0,17800.0,16885.0,16885.0,37908713.0
2026-05-08,16900.0,17305.0,16645.0,17005.0,31945492.0
2026-05-11,17060.0,17090.0,16400.0,16910.0,30670834.0
2026-05-12,17000.0,17645.0,15165.0,15980.0,72478644.0
2026-05-13,16075.0,16275.0,15200.0,16010.0,41633758.0
2026-05-14,16350.0,16560.0,15600.0,16560.0,37704310.0
2026-05-15,16820.0,16885.0,14205.0,14995.0,54008250.0
2026-05-18,14660.0,14750.0,13300.0,14275.0,53118606.0
2026-05-19,14490.0,15000.0,13145.0,13720.0,48902589.0
2026-05-20,13560.0,13610.0,12540.0,12895.0,58598040.0
2026-05-21,13510.0,14720.0,13495.0,14280.0,47442566.0
2026-05-22,14840.0,16605.0,14800.0,16135.0,73910910.0
2026-05-26,17115.0,17800.0,16445.0,16495.0,61848760.0
2026-05-27,16350.0,16970.0,15550.0,15660.0,57690029.0
2026-05-28,15925.0,16000.0,14025.0,15100.0,59140798.0
2026-05-29,15395.0,15395.0,14035.0,14475.0,62118366.0
2026-06-01,14390.0,14980.0,13900.0,14060.0,68987443.0
2026-06-02,13850.0,14300.0,13005.0,13330.0,78442609.0
2026-06-04,13790.0,14640.0,13675.0,14245.0,76273074.0
2026-06-05,14000.0,14020.0,12605.0,12690.0,68946914.0
2026-06-08,11045.0,11450.0,9940.0,10170.0,68462641.0
2026-06-09,10525.0,11967.0,10500.0,11315.0,87368820.0
2026-06-10,11050.0,12120.0,10580.0,11050.0,59573877.0
2026-06-11,10650.0,12570.0,10250.0,12570.0,65715773.0
2026-06-12,13345.0,13860.0,12815.0,13000.0,61522518.0
2026-06-15,13650.0,13980.0,13100.0,13420.0,38455994.0
2026-06-16,13350.0,13400.0,12580.0,12665.0,39468787.0
2026-06-17,12810.0,13485.0,12525.0,13260.0,42266458.0
2026-06-18,13200.0,13300.0,12380.0,12430.0,41933234.0
2026-06-19,12515.0,12560.0,11200.0,11555.0,66865060.0
2026-06-22,11345.0,12180.0,11220.0,12085.0,51987318.0
2026-06-23,11860.0,12195.0,10100.0,10175.0,71679265.0
2026-06-24,10305.0,10955.0,10030.0,10570.0,68577954.0
2026-06-25,10790.0,11165.0,10030.0,10030.0,51353238.0
2026-06-26,9975.0,10285.0,9035.0,9230.0,79994679.0
2026-06-29,9575.0,10945.0,9540.0,10920.0,83325482.0
2026-06-30,10925.0,11290.0,10485.0,10735.0,66691433.0
2026-07-01,10785.0,11800.0,10350.0,10850.0,92996025.0
2026-07-02,10375.0,10375.0,9130.0,9320.0,74866899.0
2026-07-03,9410.0,9480.0,8120.0,9050.0,99463471.0
2026-07-06,9020.0,9185.0,8060.0,8465.0,67615666.0
2026-07-07,8340.0,9080.0,7760.0,8225.0,87720939.0
2026-07-08,7840.0,8015.0,7005.0,7200.0,107345452.0
2026-07-09,7345.0,7950.0,7040.0,7345.0,117140350.0
2026-07-10,7345.0,8280.0,7300.0,7990.0,99592347.0
2026-07-13,8090.0,8725.0,7190.0,7340.0,110156336.0
2026-07-14,7330.0,7450.0,6200.0,6930.0,132875656.0
2026-07-15,7320.0,7900.0,7315.0,7850.0,80664075.0
2026-07-16,7500.0,7550.0,6855.0,6985.0,64923292.0
2026-07-20,6655.0,6920.0,6020.0,6035.0,87182549.0
2026-07-21,6000.0,6215.0,5660.0,6060.0,91726413.0
2026-07-22,6400.0,6720.0,5930.0,5930.0,79482016.0
2026-07-23,6105.0,6740.0,6100.0,6740.0,74574994.0
2026-07-24,6450.0,6465.0,5850.0,5875.0,73067353.0
2026-07-27,6155.0,6520.0,5970.0,6260.0,70243505.0
2026-07-28,5760.0,5785.0,4970.0,5245.0,105562343.0
2026-07-29,5340.0,5435.0,3985.0,4605.0,173309385.0
2026-07-30,4400.0,4800.0,4120.0,4120.0,128764422.0
2026-07-31,4700.0,5445.0,4615.0,5220.0,135559480.0
2026-08-03,4940.0,5955.0,4900.0,5600.0,117655431.0
2026-08-04,5745.0,6400.0,5735.0,6345.0,154657132.0
2026-08-05,6660.0,6700.0,6270.0,6540.0,94509548.0
2026-08-06,6560.0,6965.0,6175.0,6615.0,134732808.0
2026-08-07,6730.0,6985.0,6115.0,6650.0,119896567.0
2026-08-10,6810.0,7780.0,6745.0,7750.0,148869443.0
2026-08-11,7605.0,8200.0,7380.0,7750.0,167101063.0
2026-08-12,7660.0,7775.0,7270.0,7680.0,99825646.0
2026-08-13,7705.0,7980.0,7515.0,7810.0,94588574.0
2026-08-14,7885.0,8225.0,7380.0,7815.0,118304039.0
2026-08-18,7815.0,8080.0,7085.0,7155.0,126880870.0
2026-08-19,6715.0,7460.0,6570.0,7190.0,113279822.0
2026-08-20,7665.0,7775.0,7380.0,7580.0,81592919.0
2026-08-21,7185.0,7190.0,6600.0,6745.0,101180621.0
2026-08-24,6745.0,7185.0,6700.0,7010.0,83955956.0
2026-08-25,6800.0,7220.0,6330.0,7220.0,94501556.0
2026-08-26,7155.0,7310.0,6920.0,7105.0,66915696.0
2026-08-27,7110.0,7440.0,7035.0,7440.0,68467764.0
2026-08-28,7290.0,7490.0,7210.0,7395.0,58355641.0
2026-08-31,7025.0,7280.0,6680.0,7260.0,84456570.0
2026-09-01,7080.0,7260.0,6775.0,6855.0,66044838.0
2026-09-02,6445.0,6875.0,6350.0,6540.0,83270215.0
2026-09-03,6735.0,6800.0,6130.0,6220.0,90950766.0
2026-09-04,6445.0,6780.0,6410.0,6725.0,67624716.0
2026-09-07,6900.0,7015.0,6815.0,6900.0,54488151.0
2026-09-08,6900.0,7020.0,6570.0,6570.0,60025787.0
2026-09-09,6550.0,7000.0,6535.0,6965.0,57974397.0
2026-09-10,6750.0,7230.0,6630.0,7230.0,81918176.0
2026-09-11,6705.0,6870.0,6630.0,6720.0,60604683.0
2026-09-14,6370.0,6590.0,6235.0,6450.0,51777347.0
2026-09-15,6400.0,6800.0,6335.0,6555.0,67105544.0
2026-09-16,6500.0,6625.0,6275.0,6625.0,57574400.0
2026-09-17,6685.0,6750.0,6555.0,6660.0,47338736.0
2026-09-18,6855.0,6870.0,6645.0,6695.0,36650118.0
2026-09-21,6740.0,6945.0,6605.0,6905.0,39839354.0
2026-09-22,7080.0,7110.0,6740.0,6775.0,43038631.0
2026-09-23,6915.0,7025.0,6780.0,6980.0,45069882.0
2026-09-28,7085.0,7310.0,6920.0,6960.0,57454733.0
2026-09-29,6980.0,7130.0,6745.0,7130.0,47445576.0
